Arabic_Lemma,English_Lemma,Chinese_Lemma,POS,CEFR
آخر,other,其他的,DET,B2
آخرون,others,他人,NOUN,B2
آخَرُون,other others,其他,DET,A1
آخِر,last,最后,ADV,B2
آسْيَوِيّ,asian,亚洲的,ADJ,B1
آفة,vermin,害兽,NOUN,B2
آفَة,lesion,病变,NOUN,B2
آفَة,scourge,灾难,NOUN,B2
آكِل,corrosive,腐蚀性的,ADJ,B2
آلية مضادة,counter-mechanism,反机,NOUN,B2
آلية مُغيَّرة,altered mechanism,改机,NOUN,B2
آلَ إِلَى,to fall to,归属于,VERB,B2
آلَاف,thousands,数千,NOUN,B2
آلَة ثَقِيلَة,heavy machine,重机,NOUN,B2
آلِيّ,automatic,自动的,ADJ,B1
آه,oh,哦,INTJ,A2
آه,ouch,哎哟,INTJ,B2
آوَى,to shelter,庇护,VERB,B2
آيس كريم,ice cream,冰淇淋,NOUN,B2
أب,father,父,PART,B2
أباد,to exterminate,消灭,VERB,B2
أبجدي,alphabetical,按字母顺序的,ADJ,B2
أبداً,ever,曾经,ADV,B2
أبداً,to ever,里何尝,VERB,B2
أبدي,eternal,永恒的,ADJ,B2
أبكم,dumb,愚蠢的,ADJ,B2
أبلغ,to notify,通知,VERB,B2
أبهر,to dazzle,使眼花,VERB,B2
أتاح,to enable,使能够,VERB,B2
أثار,to excite,使兴奋,VERB,B2
أثار,to induce,引起,VERB,B2
أثارَ,to arouse,引起,VERB,B2
أثرى,to enrich,使丰富,VERB,B2
أثّر,to influence,影响,VERB,B2
أجبر,to compel,强迫,VERB,B2
أجنبي,alien,外星人,NOUN,B2
أحاط,to circumscribe,限制,VERB,B2
أحاط,to enclose,围住,VERB,B2
أحب,to fall in love,坠入爱河,VERB,B2
أحمق,idiot,白痴,NOUN,B2
أحياناً,occasionally,偶尔,ADV,B2
أخبار سيئة,bad news,坏消息,NOUN,B2
أخبر,to inform,通知,VERB,B2
أخطأ,to err,犯错,VERB,B2
أخطأ,to mistake,弄错,VERB,B2
أخلاق,morality,道德,NOUN,B2
أخلاق,morals,道德,NOUN,B2
أخلاقي,ethical,道德的,ADJ,B2
أخلّ,to derogate,贬损,VERB,B2
أخْلَى,to evacuate,疏散,VERB,B2
أدان,to denounce,谴责,VERB,B2
أدرك,to perceive,察觉,VERB,B2
أدنى,inferior,低等的,ADJ,B2
أرثوذكسي,orthodox,正统的,ADJ,B2
أرجوك,please,请,ADV,B2
أرز مطبوخ,cooked rice,米饭,NOUN,B2
أزال السموم,to detoxify,解毒,VERB,B2
أزعج,to irritate,激怒,VERB,B2
أزعجَ,to trouble,有劳,VERB,B2
أزعَجَ,to upset,使生气,VERB,B2
أساء فهم,to misunderstand,误解,VERB,B2
أساساً,essentially,主要地,ADV,B2
أساسي,essential,必要的,ADJ,B2
أساسي,primary,主要的,ADJ,B2
أسر,capture,捕获,NOUN,B2
أسر,to capture,获取,VERB,B2
أسفل النهر,downstream,下游,NOUN,B2
أسوأ,worse,更糟的,ADJ,B2
أشار,to indicate,表明,VERB,B2
أصالة,originality,独创性,NOUN,B2
أصلح,to mend,修补,VERB,B2
أصلح,to reform,改革,VERB,B2
أصلي,indigenous,本土的,ADJ,B2
أصلي,native,本地的,ADJ,B2
أصلي,original,最初的,ADJ,B2
أصم,deaf,聋的,ADJ,B2
أضعف,to demoralize,使士气低落,VERB,B2
أضلّ,to mislead,误导,VERB,B2
أطعم,to feed,喂养,VERB,B2
أطلق,to emit,发出,VERB,B2
أطلق,to release,释放,VERB,B2
أعاد,to return first,先回,VERB,B2
أعاد إصدار,to reissue,补办,VERB,B2
أعاد النظر,to reconsider,重新考虑,VERB,B2
أعاد بناء,to rebuild,重建,VERB,B2
أعاد بناء,to reconstruct,重建,VERB,B2
أعاد تدوير,to recycle,回收利用,VERB,B2
أعاد رواية,to retell,转述,VERB,B2
أعفى,to exempt,免除,VERB,B2
أغرى,to entice,引诱,VERB,B2
أغضب,to exasperate,激怒,VERB,B2
أفق,prospect,前景,NOUN,B2
أقام,to reside,居住,VERB,B2
أكثر,more,更多,ADV,B2
أكثر,more often,更频繁,ADV,B2
أكثر,most,最,ADV,B2
ألبوم,album,相册,NOUN,B2
ألعاب نارية,fireworks,烟花,NOUN,B2
ألغى,to revoke,撤销,VERB,B2
ألف,to compose,组成,VERB,B2
ألفية,millennium,千年,NOUN,B2
ألم العضلات,muscle pain,肌肉痛,NOUN,B2
ألماني,german,德国的,ADJ,B2
ألوهية,divinity,神性,NOUN,B2
أم,mom,妈妈,NOUN,B2
أم,mother,娘,PART,B2
أمة,nation,国家,NOUN,B2
أمر,to order,命令,VERB,B2
أمر عسكري,military order,军令,NOUN,B2
أمس,yesterday,昨天,ADV,B2
أمطر,to rain,下雨,VERB,B2
أملى,to dictate,口述,VERB,B2
أمير,prince,王子,NOUN,B2
أنار,to enlighten,启发,VERB,B2
أناناس,pineapple,菠萝,NOUN,B2
أنت,you,你,PRON,B2
أنثى,female,女性的,ADJ,B2
أنعش,to refresh,使恢复精神,VERB,B2
أنقذ,to rescue,拯救,VERB,B2
أنهى,to finalize,完成,VERB,B2
أو بالأحرى,or rather,或者,ADV,B2
أودع,to deposit,存放,VERB,B2
أوراق امتحان سابقة,past exam papers,真题,NOUN,B2
أوركسترا,orchestra,管弦乐队,NOUN,B2
أوصى,to recommend,推荐,VERB,B2
أوفق,to reconcile,和解,VERB,B2
أول ظهور,debut,初次登台,NOUN,B2
أولا,first,首先,ADV,B2
أولي,initial,最初的,ADJ,B2
أي,namely,即,ADV,B2
أيد,to endorse,支持,VERB,B2
أيضًا,also,也,ADV,B2
أيقونة,icon,偶像,NOUN,B2
أينما,everywhere,到处,ADV,B2
أَب,dad,爸爸,NOUN,B2
أَبَادَ,to annihilate,歼灭,VERB,C1
أَبَوِيّ,paternal,父亲的,ADJ,B2
أَبْجَدِيَّة,alphabet,字母表,NOUN,B1
أَبْحَرَ,to navigate,导航；航行,VERB,B2
أَبْرَزَ,to accentuate,强调,VERB,B2
أَبْشَمَ,to cloy,使生腻,VERB,B2
أَبْصَرَ,to behold,注视,VERB,C1
أَبْطَلَ,to invalidate,证明无效,VERB,B2
أَبْطَلَ,to undo,撤销,VERB,B2
أَبْطَلَ مَفْعُول,to defuse,拆除引信,VERB,B2
أَبْعَاد,the abmessung,尺寸,NOUN,B2
أَبْعَد,further,进一步的,ADJ,B2
أَبْغَضَ,to abhor,憎恶,VERB,B2
أَبْلَغَ,to impart,传授,VERB,B2
أَبْلَغَ,to report,报告,VERB,B2
أَبْلَى,to wear out,磨损,VERB,B2
أَبْهَجَ,to delight,使高兴,VERB,B2
أَبْهَرَ,to impress,使印象深刻,VERB,B2
أَتَمَّ,to consummate,完成,VERB,B2
أَتْقَنَ,to master,掌握,VERB,B2
أَتْقَنَ,to perfect,使完善,VERB,B2
أَثَاث,furniture,家具,NOUN,B2
أَثَارَ,to agitate,煽动,VERB,B2
أَثَارَ,to thrill,使激动,VERB,B2
أَثَثَ,to furnish,提供,VERB,B2
أَثَر,effect,效果,NOUN,B2
أَثَر,trace,痕迹,NOUN,B2
أَثَر مُقَدَّس,relic,圣物,NOUN,B2
أَثَرُ قَدَم,footprint,脚印,NOUN,C1
أَثَّرَ,to affect,影响,VERB,B2
أَثَّرَ فِي,to move touch,感动,VERB,B1
أَثِيرِيّ,ethereal,飘渺的,ADJ,B2
أَثْبَتَ,to substantiate,证实,VERB,B2
أَثْقَلَ,to make heavier,加重,VERB,B2
أَثْلَجَ,to snow,下雪,VERB,A2
أَثْنَى عَلَى,to extol,颂扬,VERB,B2
أَجَلْ بِالْفِعْلِ,yes indeed,正是,INTJ,C1
أَجَمَة,thicket,灌木丛,NOUN,B2
أَجَّلَ,to defer,推迟,VERB,B2
أَجَّلَ,to delay,延迟,VERB,B2
أَجْلَسَ,to seat,使就座,VERB,B2
أَجْنَبِيّ,foreign,外国,ADJ,C1
أَجْهَضَ,to abort,堕胎,VERB,B2
أَحَاطَ,to surround,包围,VERB,C1
أَحْبَطَ,to dishearten,使灰心,VERB,B2
أَحْبَطَ,to frustrate,挫败,VERB,B2
أَحْبَطَ,to thwart,阻挠,VERB,B2
أَحْرَجَ,to embarrass,使尴尬,VERB,B2
أَحْرَقَ,to incinerate,焚烧,VERB,B2
أَحْرَقَ,to scorch,烧焦,VERB,B2
أَحْزَنَ,to sadden,使悲伤,VERB,B2
أَحْشَاء,entrails,内脏,NOUN,B2
أَحْمَر شِفَاه,lipstick,口红,NOUN,C1
أَحْمَق,foolish,愚蠢的,ADJ,B2
أَحْيَا ذِكْرَى,to commemorate,纪念,VERB,B2
أَحْيَانًا,punctually occasionally,偶尔地,ADV,B2
أَخَافَ,to frighten,使害怕,VERB,B2
أَخَافَ,to scare,惊吓,VERB,B2
أَخَلَّ,to fail to fulfill,未履行,VERB,B2
أَخْبَار زَائِفَة,fake news,假新闻,NOUN,B2
أَخْرَق,ungainly,笨拙的,ADJ,B2
أَخْرَق,bungler,笨拙的人,NOUN,B2
أَخْضَعَ,to subdue,制服,VERB,B2
أَخْلَى مِنَ السُّكَّان,to depopulate,使荒无人烟,VERB,B2
أَدَاة رَبْط,conjunction,连词,NOUN,B2
أَدَارَ,to administer,管理,VERB,B2
أَدَامَ,to perpetuate,使永存,VERB,B2
أَدَانَ,to incriminate,连累,VERB,B2
أَدَبِيّ,literary,文学的,ADJ,B2
أَدَّبَ,to chastise,惩戒,VERB,B2
أَدَّبَ,to discipline,管教,VERB,B2
أَدَّى,to lead to,导致,VERB,B2
أَدَّى,to perform,执行,VERB,C1
أَدْخَلَ,to insert,插入,VERB,B2
أَدْخَلَ الْمُسْتَشْفَى,to hospitalize,送院治疗,VERB,B2
أَدْنَى,lowest,最低的,ADJ,B2
أَدْنَى,minimal,最小的,ADJ,B2
أَدْهَشَ,to amaze,使吃惊,VERB,B2
أَدْهَشَ,to astonish,震惊,VERB,B2
أَذًى جَسَدِيّ,bodily harm,人身伤害,NOUN,B2
أَذَابَ,to dissolve,溶解,VERB,B2
أَذَابَ الجَلِيد,to defrost,解冻,VERB,B2
أَذْعَنَ,to acquiesce,默许,VERB,B2
أَذْكَى,to stoke,添燃料,VERB,B2
أَذْهَلَ,to daze,使发昏,VERB,B2
أَرَّخَ,to date,注明日期,VERB,C1
أَرْبَعَةَ عَشَر,fourteen,十四,NUM,B2
أَرْبَكَ,to confuse,使困惑,VERB,B2
أَرْبَكَ,to disconcert,使不安,VERB,B2
أَرْبَكَ,to fluster,使慌乱,VERB,B2
أَرْسَلَ,to dispatch,派遣,VERB,B2
أَرْسَلَ,to transmit,传输,VERB,B2
أَرْصَادِيّ,meteorological,气象的,ADJ,B2
أَرْض,grounds,论据,NOUN,B2
أَرْض,terrain,地形,NOUN,B2
أَرْض,territory,领土,NOUN,B2
أَرْض رَطْبَة,wetland,湿地,NOUN,B2
أَرْضٌ بَوْر,moor,荒野,NOUN,B2
أَرْضٌ بَوْر,wasteland,荒地,NOUN,B2
أَرْضَى,to gratify,使满足,VERB,B2
أَرْضَى,to satisfy,满足,VERB,C1
أَرْنَبُ بَرِّيّ,hare,野兔,NOUN,A1
أَرْهَقَ,to weary to tire,使厌倦,VERB,B2
أَزَالَ,to remove,移除,VERB,B1
أَزَالَ الشَّعْرَ,to depilate,脱毛,VERB,B2
أَزْعَجَ,to annoy,惹恼,VERB,B2
أَزْعَجَ,to disturb,打扰,VERB,B2
أَزْعَجَ,to harass,骚扰,VERB,B2
أَزْعَجَ,to inconvenience,打扰,VERB,B2
أَزْهَرَ,to bloom,开花,VERB,B2
أَزْهَرَ,to blossom,开花,VERB,B2
أَسَاءَ,to abuse,滥用,VERB,B2
أَسَاءَ مُعَامَلَةَ,to maltreat,虐待,VERB,B2
أَسَاس,basis,基础,NOUN,B2
أَسَاسًا,basically,基本上,ADV,B2
أَسَاسِيّ,basic,基本,ADJ,B2
أَسَاسِيّ,integral,不可或缺的,ADJ,B2
أَسَّسَ,to base,建立基础,VERB,B2
أَسَّسَ,to found,创立,VERB,B2
أَسْتَضَفَ,to accommodate,容纳,VERB,B2
أَسْخَطَ,to displease,使不悦,VERB,B2
أَسْفَل,down,向下,ADV,A1
أَسْلَاف,ancestors,祖先,NOUN,C1
أَسْلَاك كَهْرَبَائِيَّة عُلْوِيَّة,oberleitung,架空电线,NOUN,B2
أَسْوَأُ شَيْء,worst thing,最坏的事,NOUN,B2
أَسْوَد,black,黑色的,ADJ,A1
أَشَادَ,to acclaim,称赞,VERB,B2
أَشَعَّ,to radiate,辐射,VERB,B2
أَشِعَّة سِينِيَّة,x-ray,X射线,NOUN,C1
أَشْبَعَ,to satiate,使饱足,VERB,B2
أَشْبَعَ,to saturate,使饱和,VERB,B2
أَشْرَقَ,to shine,照耀,VERB,B2
أَشْعَرَ بِالْفَخْرِ,to make proud,使骄傲,VERB,B2
أَشْفَقَ,to move to pity,引起同情,VERB,B2
أَشْيَاء,stuff,东西,NOUN,B2
أَصَرَّ,to persist,坚持,VERB,B2
أَصَمَّ,to deafen,震聋,VERB,B2
أَصِيل,authentic,真实的,ADJ,B2
أَصْدَرَ,to promulgate,颁布,VERB,B2
أَصْل,asset,资产,NOUN,B2
أَصْلَحَ,to fix,修理,VERB,A1
أَصْلِي,fundamental,基本的,ADJ,B2
أَضَاءَ,to light,点亮,VERB,B1
أَضَرَّ,to damage,损坏,VERB,B2
أَضَرَّ,to harm,损害,VERB,B2
أَضَلَّ,to disorient,使迷失方向,VERB,B2
أَضَلَّ,to lead astray,引诱入歧途,VERB,B2
أَضْبَط,ambidextrous,双手灵巧的,ADJ,B2
أَضْجَرَ,to make noise,闹得,VERB,B2
أَضْعَفَ,to attenuate,减弱,VERB,B2
أَضْعَفَ,to emasculate,使衰弱,VERB,B2
أَضْعَفَ,to weaken,削弱,VERB,B2
أَطَالَ,to lengthen,加长,VERB,B2
أَطَّرَ,to frame,装框,VERB,B2
أَطْرَى,to praise lavishly,盛赞,VERB,B2
أَطْفَأَ,to switch off,关掉,VERB,B2
أَطْفَأَ,to turn off extinguish,熄灭,VERB,B2
أَطْلَقَ,to launch,发动,VERB,B2
أَطْلَقَ,to unleash,释放,VERB,B2
أَطْلَقَ النَّارَ,to shoot,射击,VERB,A2
أَطْلَقَ الْعِنَانَ,to unbridle,放纵,VERB,B2
أَظْهَرَ,to externalize,使外在化,VERB,B2
أَظْهَرَ,to manifest,表明,VERB,B2
أَعَادَ,to put back,放回,VERB,B2
أَعَادَ إِطْلَاقَ,to relaunch,重新推出,VERB,B2
أَعَادَ اكْتِشَافَ,to rediscover,重新发现,VERB,B2
أَعَادَ بَيْعَ,to resell,转售,VERB,B2
أَعَادَ خَلْقَ,to recreate,再创造,VERB,C1
أَعَادَ شَحْنَ,to recharge,再充电,VERB,B2
أَعَادَ فَتْحَ,to reopen,重新开放,VERB,B2
أَعَادَ وَضْعَ,to put back to reposition,重置,VERB,B2
أَعْجَبَ,to like,喜欢,VERB,B1
أَعْدَمَ بِالْمِقْصَلَة,to guillotine,用断头台处决,VERB,B2
أَعْدَى,to infect,感染,VERB,B2
أَعْزَب,bachelor,单身汉,NOUN,B2
أَعْلَنَ,to advertise,做广告,VERB,B2
أَعْلَنَ,to proclaim,宣布,VERB,B2
أَعْلَى,supreme,最高的,ADJ,B2
أَعْمَال وَرَقِيَّة,paperwork,文书工作,NOUN,C1
أَعْمَى,blind,盲目的,ADJ,B2
أَعْيا,to exhaust,耗尽,VERB,B2
أَغْضَبَ,to anger,激怒,VERB,B2
أَغْضَبَ,to enrage,激怒,VERB,B2
أَغْفَلَ,to overlook,忽视,VERB,B2
أَغْلَقَ,to lock up,关押,VERB,B2
أَغْلَقَ,to lockdown,封城,VERB,B2
أَغْلَقَ,to turn off,关闭,VERB,B2
أَغْوَى,to seduce,引诱,VERB,B2
أَفْرَزَ,to exude,散发,VERB,B2
أَفْرَغَ,to empty,倒空,VERB,C1
أَفْرَغَ حُمُولَة,to unload,卸货,VERB,B2
أَفْزَعَ,to daunt,威吓,VERB,B2
أَفْزَعَ,to dismay,使沮丧,VERB,B2
أَفْسَدَ,to botch,搞砸,VERB,B2
أَفْسَدَ,to deprave,使堕落,VERB,B2
أَفْشَى,to divulge,泄露,VERB,B2
أَفْطَس,flat-nosed,塌鼻子的,ADJ,B2
أَقَارِب الإِمَارة,imperial relatives,皇亲,NOUN,B2
أَقَرَّ,to concede,承认,VERB,B2
أَقْرَب,closer,更近的,ADJ,B2
أَقْسَام مُخْتَلِفَة,various departments,各部,NOUN,B2
أَقْنَعَ,to persuade,说服,VERB,B2
أَكَادِيمِي,academic,学者,NOUN,B2
أَكَادِيمِيَّة,the akademie,学院,NOUN,B2
أَكَّدَ,to affirm,确认,VERB,B2
أَكَّدَ,to assure,保证,VERB,B2
أَكُورْدِيُون,accordion,手风琴,NOUN,B2
أَكْبَر سِنًّا,older,更年长的,ADJ,A2
أَكْثَر,more pl,更多,ADJ,A1
أَكْثَر,more,更多,ADV,B2
أَكْرَهَ,to coerce,强迫,VERB,B2
أَكْل,eating,进食,NOUN,B2
أَكْمَلَ,supplement,补充,NOUN,B2
أَكْمَلَ,to supplement,补充,VERB,B2
أَلَحَّ,to insist,坚持,VERB,B2
أَلَم عَضَلِيّ,muscle ache,肌肉酸痛,NOUN,B2
أَلَّفَ,to familiarize,使熟悉,VERB,B2
أَلَّهَ,to deify,神化,VERB,B2
أَلْبِيّ,alpine,高山的,ADJ,B2
أَلْزَمَ,to oblige,迫使,VERB,B2
أَلْغَى,to annul,废除,VERB,B2
أَلْغَى,to cancel,取消,VERB,B2
أَلْغَى,to eliminate,消除,VERB,B2
أَلْغَى,to repeal,废除,VERB,B2
أَلْفَا,alpha,阿尔法,NOUN,B1
أَلْقَى خِطَابًا,to make a speech,发言,VERB,B2
أَلْمَحَ,to allude,暗指,VERB,B2
أَلْهَبَ,to inflame,使发炎,VERB,B2
أَلْهَمَ,to inspire,鼓舞,VERB,B2
أَلْوَان مَائِيَّة,watercolor,水彩画,NOUN,B2
أَمَام,in front,在前面,ADV,B2
أَمَام,front,前面,NOUN,B2
أَمَرَ,to command,命令,VERB,B2
أَمَرَ,to order,命令,VERB,B2
أَمَّنَ,to insure,保证,VERB,B2
أَمَّنَ,to secure,保护,VERB,B2
أَمِيرَال,admiral,海军上将,NOUN,B2
أَمِيرَة,princess,公主,NOUN,B2
أَمِين الصُّنْدُوق,cashier,出纳员,NOUN,B2
أَمِين مَتْحَف,curator,馆长,NOUN,B2
أَمِينُ مَكْتَبَة,librarian,图书管理员,NOUN,B2
أَمْتِعَة,baggage,行李,NOUN,B2
أَمْثَل,optimal,最佳的,ADJ,B2
أَمْر,command,命令,NOUN,B2
أَمْر,edict,法令,NOUN,B2
أَمْر عَابِر,trans-matter,超物,NOUN,B2
أَمْرٌ,injunction,禁令,NOUN,B2
أَمْرٌ مُعْتَاد,usual thing,常事,NOUN,B2
أَمْرَضَ,to ail,使受苦,VERB,B2
أَمْرِيكِيّ,American,美国的,ADJ,B1
أَمْسَكَ,grip,握法,NOUN,B2
أَمْسَكَ,to apprehend,逮捕,VERB,B2
أَمْسَكَ,to arrest,逮捕,VERB,B2
أَمْسَكَ,to grasp,抓住,VERB,B2
أَمْسَكَ,to grasp firmly,抓紧,VERB,B2
أَمْسَكَ,to grip,紧握,VERB,B2
أَمْسِ,yesterday,昨日,ADV,A1
أَمْسِ اللَّيْلَة,last night,昨晚,ADV,B2
أَمْطَرَ بَرَدًا,to hail,下冰雹,VERB,B2
أَنَّ,to whimper,呜咽,VERB,B2
أَنِيق,dapper,整洁潇洒的,ADJ,B2
أَنِيق,stylish,时尚的,ADJ,B2
أَنْ,infinitive marker,不定式标记,PART,A1
أَنْبَتَ,to germinate,发芽,VERB,B2
أَنْتَ,then you,那你,PRON,B2
أَنْتَجَ,to produce,生产,VERB,B2
أَنْجَبَ,to beget,引起,VERB,B2
أَنْجَبَ,to give birth,分娩,VERB,B2
أَنْجَزَ,to accomplish,完成,VERB,B2
أَنْذَرَ بِ,to forebode,预示,VERB,B2
أَنْسَنَ,to humanize,使人性化,VERB,B2
أَنْشَأَ,to set up,建立,VERB,B2
أَنْعَشَ,to freshen,使新鲜,VERB,B2
أَنْف,snout,口鼻,NOUN,B2
أَنْفَقَ,to expend,花费,VERB,B2
أَنْقَاض,rubble,瓦砾,NOUN,B2
أَنْقَذَ,to save,拯救,VERB,A2
أَنْهَى,to terminate,终止,VERB,B2
أَنْوَرَ,to illuminate,照亮,VERB,B2
أَهَانَ,to offend,冒犯,VERB,B2
أَهَّلَ,to rehabilitate,使康复,VERB,B2
أَهْدَرَ,to waste,浪费,VERB,B2
أَهْدَى,to give as a gift,赠送,VERB,B2
أَهْلَكَ,to amortize,摊销,VERB,B2
أَهْلَى,welcome,受欢迎的,ADJ,B2
أَهْلَى,to welcome,欢迎,VERB,B2
أَهْمَلَ,to neglect,忽视,VERB,B2
أَوضَحَ,to illustrate,说明,VERB,B2
أَوَّلًا,first of all,首先,ADV,B2
أَوْ,either,或者,CCONJ,B2
أَوْحَى,to imply,暗示,VERB,B2
أَوْدَعَ,to consign,委托,VERB,B2
أَوْرَاقُ الشَّجَرِ,foliage,树叶,NOUN,B2
أَوْرَثَ,to bequeath,遗赠,VERB,B2
أَوْصَى,to instruct,指导,VERB,B2
أَوْضَحَ,to elucidate,阐明,VERB,B2
أَوْفَى,to fulfill,履行,VERB,B2
أَوْقَدَ,trigger,触发器,NOUN,B2
أَوْقَدَ,to trigger,触发,VERB,B2
أَوْقَعَ فِي فَخّ,to ensnare,诱捕,VERB,B2
أَوْقَفَ,to discontinue,停止,VERB,B2
أَوْهَنَ,to enervate,使衰弱,VERB,B2
أَيُّ شَخْصٍ,anyone,任何人,PRON,B2
أَيُّ شَيْءٍ,anything,任何东西,PRON,B2
أَيّ,any,任何,DET,B2
أَيّ,which,哪个,DET,B2
أَيّ,which one,哪一个,PRON,B2
أَيْ,that is,即,ADV,B2
أَيْضاً,too,也,ADV,B1
أَيْقَظَ,to awaken,唤醒,VERB,B2
أُجْرَة,fare,车费,NOUN,B2
أُحَادِيُّ الِاسْتِعْمَال,disposable,一次性的,ADJ,B1
أُحَادِيّ الْجَانِب,unilateral,单方面的,ADJ,B2
أُحْفُور,fossil,化石,NOUN,B2
أُخْدُود,furrow,犁沟,NOUN,B2
أُسِّيّ,exponential,指数的,ADJ,B2
أُسْتَاذ,professor,教授,NOUN,B2
أُسْرَة,household,家庭,NOUN,B2
أُسْطُورِيّ,legendary,传奇的,ADJ,B2
أُسْطُورِيّ,mythical,神话的,ADJ,B2
أُسْطُوَانِيّ,cylindrical,圆柱形的,ADJ,B1
أُسْقُف,bishop,主教,NOUN,B2
أُعْجِبَ,to admire,钦佩,VERB,B1
أُفّ,yuck,啐,INTJ,C1
أُكْتُوبَر,october,十月,NOUN,A1
أُمُّ أَرْبَعٍ وَأَرْبَعِينَ,centipede,蜈蚣,NOUN,B2
أُمِّيَّة,the unbildung,缺乏教养,NOUN,B2
أُنْثَوِيّ,feminine,女性的,ADJ,B2
أُولِمْبِيّ,olympic,奥林匹克的,ADJ,B2
إبادة,extermination,灭绝,NOUN,B2
إجازة تعويضية,compensatory leave,调休,NOUN,B2
إحداثي,coordinate,坐标,NOUN,B2
إحسان,great favor,大恩,NOUN,B2
إخلاص,sincerity,真诚,NOUN,B2
إرهو,erhu,二胡,NOUN,B2
إسراع,to gallop,飞奔,VERB,B2
إشارة,indication,指示,NOUN,B2
إشارة مرور,road sign,路标,NOUN,B2
إصبع,finger,手指,NOUN,B2
إعادة,to give back,归还,VERB,B2
إعادة استخدام,reuse,重用,NOUN,B2
إعادة بناء,reconstruction,重建,NOUN,B2
إعادة بيع,resale,转售,NOUN,B2
إعادة تشكيل,reshaping,改形,NOUN,B2
إعادة تعريف,redefinition,改界,NOUN,B2
إعادة تقييم,revaluation,重新评估,NOUN,B2
إعادة كتابة,retype,再型,NOUN,B2
إعادة نظر,reconsideration,重思,NOUN,B2
إعلان,declaration,宣言,NOUN,B2
إقطاعي,feudal,封建,ADJ,B2
إله,divine,神圣的,ADJ,B2
إلى الأسفل,downwards,向下,ADV,B2
إلى جانب,along with,随着,ADP,B2
إمبراطور,emperor,皇帝,NOUN,B2
إمبراطورة,empress,女皇,NOUN,B2
إنجليزي,english,英国的,ADJ,B2
إنجليزي,englishman,英国人,NOUN,B2
إنذار,alarm,警报,NOUN,B2
إنفاق,expenditure,支出,NOUN,B2
إنقاذ,rescue a-fang,救阿方,NOUN,B2
إنْذَارٌ مُبَكِّر,early warning,预警,NOUN,B2
إيثيريوم,ethereum,以太坊,NOUN,B2
إيجاز,brevity,简洁,NOUN,B2
إيطالي,italian,意大利人,NOUN,B2
إِبَاحِيَّة,porn,色情,NOUN,C1
إِبَاحِيَّة,pornography,色情,NOUN,B2
إِبَاحِيّ,promiscuous,滥交的,ADJ,B2
إِبْطَال,quashing,撤销,NOUN,B2
إِبْهَام,thumb,拇指,NOUN,C1
إِثَارَةٌ جِنْسِيَّة,eroticism,色情性,NOUN,B2
إِثْبَات,erweisung,证实表现,NOUN,B2
إِجْرَاء,measure,措施,NOUN,B2
إِجْرَاءٌ إِضَافِيّ,the zuhandlung,附加行动,NOUN,B2
إِجْمَاعِيّ,unanimous,一致的,ADJ,B1
إِحْرَاقٌ عَمْد,arson,纵火,NOUN,B2
إِحْسَاس,sensation,感觉,NOUN,B2
إِحْصَاء السُّكَّان,census,人口普查,NOUN,B2
إِحْصَاءَات مُجْتَمَعِيَّة,social statistics,社会统计,NOUN,B2
إِحْصَائِيَّة,statistic,统计数据,NOUN,B2
إِحْيَاء,revival,复兴,NOUN,B2
إِحْيَاء ذِكْرَى,commemoration,纪念,NOUN,B2
إِخْفَاء مَسْرُوقَات,receiving stolen goods,窝藏赃物,NOUN,B2
إِخْلَاص,fidelity,忠诚,NOUN,B2
إِدْخَال,eingabe,输入,NOUN,B2
إِدْرَاج,inclusion,包含,NOUN,B2
إِدْرَاك,cognition,认知,NOUN,B2
إِذَا جَازَ التَّعْبِير,so to speak,可以说,ADV,B2
إِرْث,legacy,遗产,NOUN,B2
إِرْجَاء,reprieve,暂缓执行,NOUN,B2
إِرْشَادٌ بَعِيدُ الْمَدَى,weitweisung,远见指引,NOUN,B2
إِزَالَة الغَابَات,deforestation,滥伐森林,NOUN,B2
إِسَاءَة مُعَامَلَة,mistreatment,虐待,NOUN,B2
إِسْبَانِيّ,Spanish,西班牙的,ADJ,B2
إِسْتِضَافَة,accommodation,住宿,NOUN,B2
إِسْفَلْت,asphalt,沥青,NOUN,B1
إِسْكَنْدِنَافِيّ,scandinavian,斯堪的纳维亚的,ADJ,B2
إِسْلَامِيّ,islamic,伊斯兰的,ADJ,B2
إِسْنَاد,attribution,归因,NOUN,B2
إِسْنَاد,the zurechnung,归属,NOUN,B2
إِصْبَع قَدَم,toe,脚趾,NOUN,A1
إِصْرَار,persistence,坚持,NOUN,B2
إِصْرَار,relentlessness,坚持不懈,NOUN,B2
إِصْرَار,tenacity,坚韧,NOUN,B2
إِضْعَاف,weakening,削弱,NOUN,B2
إِطْلَاق,triggering,触发,NOUN,B2
إِطْلَاقُ نَار,shooting,枪击,NOUN,C1
إِطْنَاب بِالْعَطْف,polysyndeton,多连词连接,NOUN,B2
إِظْهَار,aufweisung,展示,NOUN,B2
إِعصار,cyclone,气旋,NOUN,B2
إِعَادَة تَنْظِيم,reorganization,重组,NOUN,B2
إِعَادَة تَوْحِيد,reunification,重新统一,NOUN,B2
إِعَادَة تَوْطِين,relocation,重新安置,NOUN,B2
إِعَادَةُ تَأْهِيل,rehabilitation,康复,NOUN,B2
إِعْصَار,tornado,龙卷风,NOUN,B2
إِعْفَاء ضَرِيبِيّ,tax exemption,免税,NOUN,B2
إِعْلَامِيّ,informative,提供有用信息的,ADJ,B2
إِعْلَان,announcement,通告,NOUN,B2
إِعْلَان,the ansage,宣告,NOUN,B2
إِفْرَاج مَشْرُوط,parole,假释,NOUN,B2
إِفْرَاط,binge,放纵,NOUN,B2
إِفْرِيز,cornice,檐口,NOUN,B2
إِفْرِيز,frieze,带状装饰,NOUN,B2
إِفْلَات مِنَ الْعِقَاب,impunity,免受惩罚,NOUN,B2
إِقَامَة,sojourn,逗留,NOUN,B2
إِقْبَال,the andrang,拥挤,NOUN,B2
إِقْلِيمِيّ,provincial,地方的,ADJ,B2
إِكْلِيل,garland,花环,NOUN,B2
إِلَه,deity,神,NOUN,B2
إِلَه الحَرْب,god of war,战神,NOUN,B2
إِلَهَة,goddess,女神,NOUN,B2
إِلَى أَيِّ دَرَجَة,what extent,在何种程度上,ADV,B2
إِلَى الأَمَام,forth,向前,ADV,B2
إِلَى الأَمَام,forward,向前,ADV,B2
إِلَى الَّذِي,to which,向其,PRON,A1
إِلَى الْأَبَدِ,forever,永远,ADV,B2
إِلَى الْأَمَامِ,ahead,向前,ADV,C1
إِلَى الْوَرَاءِ,back,回来,ADV,A2
إِلَّا إِذَا,unless,除非,SCONJ,B2
إِلِكْتُرُونِيَّات,electronics,电子学,NOUN,B1
إِلْغَاء,elimination,消除,NOUN,B2
إِمْكَانِيَّة,potential,潜力,NOUN,B2
إِمْكَانِيَّة الْوُصُول,accessibility,可达性,NOUN,B2
إِنَارَة,illumination,照明,NOUN,B2
إِنْتَاج مُشْتَرَك,coproduction,合拍,NOUN,B2
إِنْتَاجِيّ,productivist,唯生产率的,ADJ,B2
إِنْسَانِيّ,humane,人道的,ADJ,B2
إِنْسَانِيّ,humanitarian,人道主义的,ADJ,B2
إِنْسَانِيّ,humanist,人文主义者,NOUN,B2
إِنْسُولِين,insulin,胰岛素,NOUN,B2
إِنْفِلُوَنْزَا,flu,流感,NOUN,B2
إِنْقَاص,the beminderung,减损,NOUN,B2
إِهَانَة,affront,侮辱,NOUN,B2
إِهَانَة,offense,冒犯,NOUN,B2
إِهْمَال,disuse,废止,NOUN,B2
إِوَزّ,goose,鹅,NOUN,B2
إِيثَارِيّ,altruistic,利他的,ADJ,B2
إِيجَابِيّ,positive,积极的,ADJ,C1
إِيجَاز,conciseness,简洁,NOUN,B2
إِيرَاد,einnahme,收入,NOUN,B2
إِيَّايَ,me,我,PRON,A2
ابتز,to extort,敲诈,VERB,B2
ابتزاز,extortion,勒索,NOUN,B2
ابتكر,to devise,设计,VERB,B2
ابتهج,to exult,狂喜,VERB,B2
ابن عم,cousin,表亲,NOUN,B2
ابْتَعَدَ,to move away,离开,VERB,B2
ابْتِدَائِيّ,elementary,初级的,ADJ,B1
ابْتِهَاج,jubilation,欢腾,NOUN,B2
اتجاه مضاد,counter-trend,反势,NOUN,B2
اتحاد,federation,联邦,NOUN,B2
اتَّصَلَ,to call ring,打电话,VERB,A1
اتَّهَمَ,to accuse,指责,VERB,B2
اجتماع تجاري,business meeting,洽谈会,NOUN,B2
اجتهد,to work hard for sth to strive for success,争气,VERB,B2
اجْتِمَاعِيّ,gregarious,合群的,ADJ,B2
اجْتِهَاد قَضَائِيّ,case law,判例,NOUN,B2
احتج,to protest,抗议,VERB,B2
احتجز,to detain,拘留,VERB,B2
احترم,to respect,尊重,VERB,B2
احتضن,to embrace,拥抱,VERB,B2
احتفظ,to retain,保留,VERB,B2
احتقر,to despise,鄙视,VERB,B2
احتَفَلَ,to celebrate,庆祝,VERB,B2
احْتَشَدَ,to swarm,涌向,VERB,C1
احْتِرَام,deference,顺从,NOUN,B2
احْتِفَالِيّ,festive,节日的,ADJ,B2
احْتِكَار الْقِلَّة,oligopoly,寡头垄断,NOUN,B2
احْتِمَالًا,potentially,潜在地,ADV,B2
احْتِيَال,fraud,欺诈,NOUN,B2
احْمَرَّ,to redden,变红,VERB,B2
اختراق,penetration,渗透,NOUN,B2
اخترق,to penetrate,穿透,VERB,B2
اختلاس,misappropriation,挪用,NOUN,B2
اختلف,to differ,不同,VERB,B2
اختلق,to fabricate,捏造,VERB,B2
اخيرا,recently,最近,ADV,B2
اخْتَارَ,to select,选择,VERB,B2
اخْتِلَالُ النِّظَام,the missordnung,秩序紊乱,NOUN,B2
ادعى,to claim,声称,VERB,B2
ارتداد,reversion,重归,NOUN,B2
ارْتَدَى,to dress,穿衣,VERB,A2
ارْتَدَّ,to apostatize,叛教,VERB,B2
ارْتَكَبَ جَرِيمَة,to commit a crime,犯罪,VERB,B2
ارْتِبَاك,unfassung,惊惶失措,NOUN,B2
ازْدَهَرَ,to prosper,繁荣,VERB,B2
ازْدِوَاجِيَّة,duplicity,口是心非,NOUN,B2
استأنف,resume,简历,NOUN,B2
استأنف,to resume,重新开始,VERB,B2
استبعد,to exclude,排除,VERB,B2
استثناء,exception,例外,NOUN,B2
استثنائي,exceptional,杰出的,ADJ,B2
استجوب,to question,质疑,VERB,B2
استحضر,to evoke,唤起,VERB,B2
استحق,to be worth,值得,VERB,B2
استحق,to deserve,值得,VERB,B2
استحقاق,merit,功绩,NOUN,B2
استحقاق أولي,first merit,首功,NOUN,B2
استخراج,draw out,引出,NOUN,B2
استخرج,to extract,提取,VERB,B2
استراحة,break,休息,NOUN,B2
استراحة ركوب,ride break,骑破,NOUN,B2
استرجاع,retrieve qingming,拿回青冥,NOUN,B2
استرخى,to relax,放松,VERB,B2
استسلام,to give up,放弃,VERB,B2
استشهد,to cite,引用,VERB,B2
استطرد,to digress,离题,VERB,B2
استعجال,hurry,匆忙,NOUN,B2
استعداد,willingness,乐意,NOUN,B2
استفاد,to draw on the experience of,借鉴,VERB,B2
استفز,to provoke,激怒,VERB,B2
استقرأ,to extrapolate,推断,VERB,B2
استلزم,to require,需要,VERB,B2
استلم الأوامر,to receive orders,受命,VERB,B2
استلم البريد,to receive mail,收件,VERB,B2
استمتاع,enjoyment,享受,NOUN,B2
استمد,to derive,源于,VERB,B2
استنشق,to inhale,吸入,VERB,B2
استيقاظ,to get up,起床,VERB,B2
اسْتَأْجَرَ,to hire,雇佣,VERB,B2
اسْتَأْجَرَ,to rent,租用,VERB,B2
اسْتَأْصَلَ,to extirpate,根除,VERB,B2
اسْتَأْنَفَ,to start again,重新开始,VERB,B2
اسْتَحَقَّ,to owe,欠,VERB,B2
اسْتَخَفَّ,to underestimate,低估,VERB,C1
اسْتَخَفَّ بِ,to flout,蔑视,VERB,B2
اسْتَخْدَمَ,to wield,挥舞,VERB,B2
اسْتَخْدَمَ عَصَا,to use crutches,拄拐,VERB,B2
اسْتَخْدَمَ عِصِيّ الأَكْل,to use chopsticks,动筷,VERB,B2
اسْتَرَدَّ,to buy back,赎回,VERB,B2
اسْتَطَاعَ,can,能够,AUX,A1
اسْتَعْبَدَ,to enslave,奴役,VERB,B2
اسْتَعْرَضَ,to parade,游行,VERB,B2
اسْتَغَلَّ,to exploit,剥削,VERB,B2
اسْتَغَلَّ,to utilize,利用,VERB,B2
اسْتَفَادَ,to benefit,受益,VERB,B2
اسْتَهَلَّ,to debut,初次登台,VERB,B1
اسْتِئْصَال,resection,切除术,NOUN,B2
اسْتِئْنَاف,resumption,恢复,NOUN,B2
اسْتِحْضَار,evocation,唤起,NOUN,B2
اسْتِحْوَاذ,benahme,占有命名,NOUN,B2
اسْتِراتيجِيَّة زائِدَة,over-strategy,超策,NOUN,B2
اسْتِشَارِيّ,consultative,咨询的,ADJ,B2
اسْتِشْهَاد,martyrdom,殉难,NOUN,B2
اسْتِصْلَاح,reclamation,开垦,NOUN,B2
اسْتِطْلَاع,scouting locating,侦察,NOUN,B2
اسْتِعَادَة,wiedertreibung,重新驱动,NOUN,B2
اسْتِعْبَاد,enslavement,奴役,NOUN,B2
اسْتِعْمَار,colonization,殖民,NOUN,B2
اسْتِغْلَال,exploitation,利用,NOUN,B2
اسْتِقْرَار مُجْتَمَعِيّ,social stability,社会稳定,NOUN,B2
اسْتِقْلَالِيَّة,autonomy,自主,NOUN,B2
اسْتِكْشَاف,exploration,探索,NOUN,B2
اسْتِلَام,the abholung,提取,NOUN,B2
اسْتِنْبَاط,aussinnung,构想,NOUN,B2
اشترى,to purchase,购买,VERB,B2
اشْتِرَاكِيّ,socialist,社会主义者,NOUN,B2
اصْطَفَّ,to line up,排队,VERB,B2
اضطِراب,unrest,动荡,NOUN,B2
اعتبر,to count as,算,VERB,B2
اعتراف,recognition,认可,NOUN,B2
اعترف,to recognize,认出,VERB,B2
اعتمد,to depend,依赖,VERB,B2
اعتمد,to depend on,依赖,VERB,B2
اعْتَادَ,to use to usually,习惯于,VERB,A1
اعْتَرَضَ,to intercept,拦截,VERB,B2
اعْتَرَفَ,to admit,承认,VERB,B2
اعْتَنَى بِـ,to take care of,照顾,VERB,B2
اعْتِرَاض,einsprache,异议,NOUN,B2
اعْتِرَافِيّ,confessional,忏悔的,ADJ,B2
اعْتِمَاد,dependence,依赖,NOUN,B2
افتتان,fascination,魅力,NOUN,B2
افتراضي,hypothetical,假设的,ADJ,B2
افترى,slander,诽谤,NOUN,B2
افترى,to slander,诽谤,VERB,B2
افْتَقَرَ إِلَى,to lack,缺乏,VERB,B2
اقتبس,to quote,引用,VERB,B2
اقتراح,proposal,提议,NOUN,B2
اقتراح,proposition,主张,NOUN,B2
اقْتَحَمَ,to break into,闯入,VERB,B2
اقْتِحَام,break-in,闯入,NOUN,B2
اكتشف,to find out,找出,VERB,B2
اكْتِسَابٌ بِالتَّحَوُّل,the erwendung,转成获益,NOUN,B2
الأسوأ,worst,最坏的,ADJ,B2
الأَسْمَاء الْكَامِلَة,full name,大名,NOUN,B2
الإسكان,housing,住房,NOUN,B2
الإصلاحية,reformism,改唯,NOUN,B2
الإنسانية,humanity,人类,NOUN,B2
الإِنْجِيل,bible,圣经,NOUN,B2
الاستخبارات العسكرية,military intelligence,军情,NOUN,B2
الاستخدام المفرط,hyper-use,超用,NOUN,B2
البَاحَةُ الدَّاخِلِيَّةُ,inner court,朝内,NOUN,B2
البِكْر,eldest son,长子,NOUN,B2
البِيئَة,ecology,生态学,NOUN,B2
التعرف على الوجه,face recognition,认人,NOUN,B2
التغير المناخي,climate change,气候变化,NOUN,B2
التكرار,recurrence,往复,NOUN,B2
الجانب الآخر,other side,对面,NOUN,B2
الجزء الخلفي,rear part,后部,NOUN,B2
الجميع,everyone,每个人,PRON,B2
الجيش,military,军队,NOUN,B2
الحَرَّاس الإِمَاري,imperial guard,御林,NOUN,B2
الدَّوْلَة الحاضِرَة,current dynasty,当朝,NOUN,B2
الرغبة الحقيقية,really want,真要,NOUN,B2
الرَّبُّ الإِلَه,lord god,上帝,NOUN,B2
الرِّيح,in wind,临风,NOUN,B2
السماح بالإخفاء,allow hiding,许躲,NOUN,B2
السيد,mr.,先生,NOUN,B2
السَّمَاء,in the sky,天上,NOUN,B2
السَّنَة الْمَاضِيَة,last year,去年,NOUN,B2
الطاقة المائية,hydro energy,水能,NOUN,B2
العَائِلَةُ المَالِكَة,royalty,王室,NOUN,B2
الفَجْر,early morning,凌晨,NOUN,B2
القدرة البشرية,human capacity,人会,NOUN,B2
القِصَّةُ الدَّاخِلِيَّةُ,inside story,内幕,NOUN,B2
اللَّعْنَة,damn,该死,INTJ,B1
المقصلة,guillotine,断头台,NOUN,B2
المَدِينَةُ الدَّاخِلِيَّةُ,inside city,城内,NOUN,B2
المَدْعُوّ,so-called,所谓的,ADJ,B2
الَّذِي,whose,谁的,PRON,B2
الْ,the,这,DET,B2
الْبَاقِي,the rest,其余,NOUN,B2
الْجَانِبُ الأَيْسَر,left side,左侧,NOUN,B2
الْجَمِيع,all everyone,大家,PRON,A1
الْعَالَم كُلُّهُ,whole world,全世界,NOUN,B2
الْمِنْطَقَات الْغَرْبِيَّة,western regions,西域,NOUN,B2
الْيَوْمَ,today,今天,ADV,A1
امتثل,to comply with,遵守,VERB,B2
امتحان شهري,monthly exam,月考,NOUN,B2
انتبه,to mind,介意,VERB,B2
انتظار,wait,等待,NOUN,B2
انتظاري,wait for me,等我,NOUN,B2
انتظر طويلا,to wait long,久等,VERB,B2
انتقام,revenge,复仇,NOUN,B2
انتقام,vengeance,报复,NOUN,B2
انتقل للسكن,to move in,搬入,VERB,B2
انتهاء,to get off work,下班,VERB,B2
انتهى,to end up,最终到达,VERB,B2
انجراف,drifting,漂泊,NOUN,B2
انحطاط,decadence,衰落,NOUN,B2
انخرط,to engage,从事,VERB,B2
انخفاض حرارة الجسم,hypothermia,体温过低,NOUN,B2
انخفض,to decline,下降,VERB,B2
انسحاب,retreat,撤退,NOUN,B2
انعكاس,reversal,突变,NOUN,B2
انعكاس,reverse reflection,反影,NOUN,B2
انعكس,to reflect,反映,VERB,B2
انفَجَرَ,to explode,爆炸,VERB,B2
انْبَثَق,to emanate,散发,VERB,B2
انْتَزَعَ,to tear out,拔出,VERB,B2
انْتَقَلَ,to move house,搬家,VERB,B2
انْتَهَى,to cease,停止,VERB,B2
انْتَهَى,to expire,到期,VERB,B2
انْتِحَارِيّ,suicidal,自杀性的,ADJ,B2
انْتِشَار,diffusion,传播,NOUN,B2
انْتِشَار,proliferation,扩散,NOUN,B2
انْتِفَاء,disinterest,公正;不感兴趣,NOUN,B2
انْتِهَاء,cessation,终止,NOUN,B2
انْجَذَبَ,to gravitate,被吸引,VERB,B2
انْزَلَقَ,to slide,滑动,VERB,B2
انْزِعَاج,discomfort,不适,NOUN,B2
انْسِدَادٌ وِعَائِيّ,embolism,栓塞,NOUN,B2
انْشِقَاق,split secession,分裂,NOUN,B2
انْعِدَام الْأَمْن,insecurity,不安全,NOUN,B2
انْعِدَامُ التَّوْصِيل,the unleitung,不导电性,NOUN,B2
انْغِمَاس,immersion,沉浸,NOUN,B2
انْفَصَلَ,to disengage,脱离,VERB,B2
انْفِجار,outburst,迸发,NOUN,B2
اَلأَحَد,sunday,星期日,NOUN,B2
اِئْتَمَنَ,to confide,吐露,VERB,B1
اِبْتَكَرَ,to think up,构思,VERB,B2
اِبْتَلَى,to afflict,折磨,VERB,B2
اِبْن عِرْس,ferret,雪貂,NOUN,B2
اِبْنَةُ الْأَخ,niece,侄女,NOUN,C1
اِبْنُ الأَخ,nephew,侄子,NOUN,C1
اِتَّصَلَ بِالشَّبَكَة,to go online,上网,VERB,B2
اِجْتَاحَ,to infest,大批滋生,VERB,B2
اِجْتَازَ,to go through,经历,VERB,B2
اِحتَقَرَ,to look down upon,看不起,VERB,B2
اِحْتَضَنَ,to cuddle,拥抱,VERB,B2
اِحْتِرار عَالَمِيّ,global warming,气候变暖,NOUN,B2
اِحْتِمَالَات,odds,几率,NOUN,C1
اِحْتِيَاط,precaution,防备,NOUN,B2
اِخْتِصَار,shortcut,捷径,NOUN,B2
اِخْتِنَاق,asphyxia,窒息,NOUN,B2
اِدَّعَى,to allege,宣称,VERB,B2
اِرْتَعَشَ,to quiver,颤抖,VERB,B1
اِرْتِفَاع,altitude,海拔,NOUN,B2
اِرْتِفَاع,upturn,好转,NOUN,B2
اِزْدَهَرَ,to thrive,茁壮成长,VERB,B2
اِزْدِرَاء,scorn,轻蔑,NOUN,B2
اِسْتَبْدَلَ,to replace,替换,VERB,C1
اِسْتَحَمَّ,to bathe,洗澡,VERB,A2
اِسْتَحْضَرَ,to conjure,唤起,VERB,B2
اِسْتَدَارَ,to turn around,转身,VERB,B2
اِسْتَرَدَّ,to redeem,赎回,VERB,B2
اِسْتَسْلَمَ,to capitulate,投降,VERB,B2
اِسْتَسْلَمَ,to surrender,投降,VERB,B2
اِسْتَشَارَ,to consult reference,参考,VERB,B2
اِسْتَشْهَدَ,to adduce,引证,VERB,B2
اِسْتَضَافَ,to host,主办,VERB,B2
اِسْتَطْرَدَ,to abschweifen,离题,VERB,B2
اِسْتَغْرَقَ,to engross,使全神贯注,VERB,B2
اِسْتَقَرَّ,to settle,安顿,VERB,B2
اِسْتَقْطَبَ,to polarize,使两极分化,VERB,B2
اِسْتَنَدَ إِلَى,to be based on,基于,VERB,B2
اِسْتَنْتَجَ,to deduce,得出,VERB,B2
اِسْتَهْلَكَ,to consume,消费,VERB,B2
اِسْتَوْعَبَ,to assimilate,同化,VERB,B2
اِسْتِبْدَاد,autocracy,专制,NOUN,B2
اِسْتِبْدَادِيّ,autocratic,专制的,ADJ,B2
اِسْتِثْنَائِيّ,phenomenal,非凡的,ADJ,B2
اِسْتِعَارَة خَاطِئَة,catachresis,滥用词义,NOUN,B2
اِسْتِعْدَاد,aptitude,天资,NOUN,B2
اِسْتِوَائِيّ,tropical,热带的,ADJ,B2
اِسْتِيَاء,discontent,不满,NOUN,B2
اِسْمٌ أَوَّل,first name,名字,NOUN,C1
اِسْمُ الْعَائِلَة,last name,姓,NOUN,B2
اِشْتَاقَ,to long for,渴望,VERB,B2
اِشْتَاقَ,to yearn,渴望,VERB,B2
اِشْتَبَهَ,to suspect,怀疑,VERB,B2
اِشْتَرَكَ,to subscribe,订阅,VERB,B1
اِصْطَحَبَ,to take along,带走,VERB,B2
اِصْطَدَمَ,to collide,碰撞,VERB,B2
اِصْطَفَّ,to queue,排队,VERB,B2
اِصْطِنَاعِيًّا,artificially,人工地,ADV,B2
اِصْطِنَاعِيّ,synthetic,合成的,ADJ,B2
اِضْطَهَدَ,to persecute,迫害,VERB,B2
اِضْطِرَاب,turmoil,混乱,NOUN,B2
اِعْتَدَى,to assault,袭击,VERB,B2
اِعْتَرَفَ,to acknowledge,承认,VERB,B1
اِعْتَمَدَ,to accredit,认证,VERB,B2
اِعْتِمَاد,reliance,依赖,NOUN,B2
اِغْتَالَ,to assassinate,暗杀,VERB,B2
اِغْتِيَال,assassination,暗杀,NOUN,B2
اِفْتَرَضَ,to postulate,假定,VERB,B2
اِقْتَرَبَ,to approach,靠近,VERB,B2
اِقْتَلَعَ,to uproot,连根拔起,VERB,B2
اِلْتَزَمَ,to adhere,坚持,VERB,B2
اِلْتَمَسَ,to solicit,恳求,VERB,B2
اِلْتَهَمَ,to devour,吞食,VERB,B2
اِلْتِزَام,commitment,承诺,NOUN,B1
اِمْتَثَلَ,to conform,顺应,VERB,B2
اِمْتَصَّ,to absorb,吸收,VERB,B2
اِمْتَلَكَ,to possess,拥有,VERB,B1
اِمْتِنَاع,abstinence,节制,NOUN,B2
اِنتِحَار,suicide,自杀,NOUN,B2
اِنْبِعَاج,dent,凹痕,NOUN,B2
اِنْتَظَرَ,to bide,等待,VERB,B1
اِنْتَقَصَ مِنْ,to detract,贬损,VERB,B2
اِنْتَقَلَ,to relocate,搬迁,VERB,B2
اِنْتَقَمَ,to avenge,复仇,VERB,B2
اِنْتَقَى,to pick out,挑选,VERB,B2
اِنْتَمَى,to belong,属于,VERB,B2
اِنْتَمَى إِلَى,to belong to,属于,VERB,B2
اِنْتِظَام,regularity,规律性,NOUN,B2
اِنْتِقَال,transition,过渡,NOUN,B2
اِنْحَرَفَ,to deviate,偏离,VERB,B2
اِنْدَلَعَ,to break out,爆发,VERB,B2
اِنْدِلَاع,outbreak,爆发,NOUN,C1
اِنْدِمَاج,merger,合并,NOUN,B2
اِنْزَلَقَ,to glide,滑行,VERB,B2
اِنْشِقَاق,schism,分裂,NOUN,B2
اِنْطِوَائِيّ,introverted,内向,ADJ,B2
اِنْفِصَال,breakup,分手,NOUN,B2
اِنْقَلَبَ,to tip over,翻倒,VERB,B2
اِنْقِلَاب,upheaval,剧变,NOUN,B2
اِنْكِمَاش,deflation,通货紧缩,NOUN,B2
اِنْهَارَ,to collapse,倒塌,VERB,C1
اِنْهِيَارٌ جَلِيدِيّ,avalanche,雪崩,NOUN,B2
اِهْتَزَّ,to vibrate,振动,VERB,B2
بئر,a well,井,NOUN,B2
بائد,obsolete,过时的,ADJ,B2
بائس,miserable,痛苦的,ADJ,B2
باب خلفي,back door,后门,NOUN,B2
بارد كالجليد,ice-cold,冰冷的,ADJ,B2
بارِز,outstanding,杰出的,ADJ,B2
بالطبع,of course,理所当然的,ADJ,B2
بالعكس,vice versa,反之亦然,ADV,B2
بالغ,to exaggerate,夸大,VERB,B2
بالكاد,only just,才,ADV,B2
ببساطة,simply,简单地,ADV,B2
بحث,to research,研究,VERB,B2
بدأ,to begin to start,开始,VERB,B2
بدأ,to initiate,发起,VERB,B2
بديل,alternative,替代方案,NOUN,B2
بذل قصارى الجهد,to do one's best,尽力,VERB,B2
براءة اختراع,patent,专利,NOUN,B2
برج,zodiac sign,属相,NOUN,B2
برع,to be good at,擅长,VERB,B2
برقوق,plum,李子,NOUN,B2
برودة,coolness,凉爽,NOUN,B2
برونز,bronze,青铜,NOUN,B2
بريطاني,british,英国的,ADJ,B2
بريطاني,briton,英国人,NOUN,B2
برّد,cool,凉爽的,ADJ,B2
برّد,to cool,冷却,VERB,B2
بسبب,because of,因为,ADP,B2
بسبب,due to,由于,ADP,B2
بسيط,primitive,原始的,ADJ,B2
بسّط,to simplify,简化,VERB,B2
بشأن هذا,regarding this,对此,ADV,B2
بشرة ناعمة,fine skin,细皮,NOUN,B2
بشرط أن,provided that,只要,SCONJ,B2
بطاقة ائتمان,credit card,信用卡,NOUN,B2
بطاقة هوية,id card,身份证,NOUN,B2
بطل,protagonist,主角,NOUN,B2
بعد,yet,还,ADV,B2
بعض,a,一个,DET,B2
بعيد,far,远,ADV,B2
بغيض,detestable,可恶的,ADJ,B2
بكتيريا,bacterium,细菌,NOUN,B2
بلاستيك,plastic,塑料,NOUN,B2
بلدي,municipal,市政的,ADJ,B2
بندقية,gun,枪,NOUN,B2
بندقية,rifle,步枪,NOUN,B2
بنوي,filial,孝顺,ADJ,B2
بواب,doorman,门卫,NOUN,B2
بوضوح,clearly,清楚地,ADV,B2
بيت دعارة,brothel,妓院,NOUN,B2
بيت شعر,couplet,对联,NOUN,B2
بيّن,to demonstrate,证明,VERB,B2
بَائِس,abject,悲惨的,ADJ,B2
بَاب الأَمَام,front door,正门,NOUN,B2
بَاب مَسْقَط,trapdoor,活板门,NOUN,B2
بَابَا,daddy,爸爸,NOUN,B2
بَابَا,pope,教皇,NOUN,C1
بَابَا نُوِيل,santa claus,圣诞老人,NOUN,C1
بَاذِخ,opulent,豪华的,ADJ,B2
بَارَكَ,to bless,保佑,VERB,C1
بَارُونَة,baroness,女男爵,NOUN,B2
بَارِد,frigid,寒冷的,ADJ,B2
بَارِدُ الأَعْصَاب,phlegmatic,冷静的,ADJ,B2
بَارِز,eminent,杰出的,ADJ,B2
بَارِز,prominent,突出的,ADJ,C1
بَارِز,pronounced,显著的,ADJ,B2
بَازِلِيكَا,basilica,大教堂,NOUN,B2
بَاشِق,sparrowhawk,雀鹰,NOUN,B2
بَاضَ,to spawn,产卵,VERB,B2
بَالٍ,worn,破旧的,ADJ,B2
بَالُون,balloon,气球,NOUN,B2
بَالِغ,grown,长大的,ADJ,B2
بَانْتِظَام,regularly,定期地,ADV,C1
بَاهِت,bland,平淡的,ADJ,B2
بَاهِر,splendid,极好的,ADJ,B2
بَتَرَ,to amputate,截肢,VERB,B2
بَثَّ,to broadcast,播出,VERB,B2
بَجَّلَ,to venerate,崇敬,VERB,B2
بَحَثَ,to look for,寻找,VERB,B2
بَحَثَ,to look for to find,找,VERB,B2
بَحَثَ,to search for,寻找,VERB,B2
بَحَّار,sailor,水手,NOUN,C1
بَحْث,search,搜索,NOUN,B2
بَحْثٌ شَامِل,weitsuchung,广泛搜寻,NOUN,B2
بَحْثٌ مُفَصَّلٌ,disquisition,专题论文,NOUN,B2
بَحْرِيّ,marine,海洋的,ADJ,C1
بَخِلَ,to stint,吝啬,VERB,B2
بَخِيل,miserly,吝啬的,ADJ,B2
بَدَا,to seem,似乎,VERB,B2
بَدَعَ,to improvise,即兴创作,VERB,B2
بَدَلًا,instead,代替,ADV,B2
بَدَلًا مِنْ ذَلِكَ,alternatively,或者,ADV,B2
بَدَوِيّ,nomad,游牧民,NOUN,B2
بَدَّدَ,to dispel,驱散,VERB,B2
بَدَّدَ,to dissipate,驱散,VERB,B2
بَدَّلَ,to switch,切换,VERB,B2
بَدَّلَ إِطَار,to change tire,换胎,VERB,B2
بَدِيل,replacement,替代品,NOUN,C1
بَدِيهِيَّة,truism,自明之理,NOUN,B2
بَدِيهِيّ,axiomatic,公理的,ADJ,B2
بَدْء,commencement,开始,NOUN,B2
بَرَاءَةٌ,innocence,无辜,NOUN,B2
بَرَاعَة,dexterity,灵巧,NOUN,B2
بَرَّأَ,to absolve,赦免,VERB,B2
بَرَّأَ,to exculpate,开脱,VERB,B2
بَرَّأَ,to exonerate,使无罪,VERB,B2
بَرَّدَ,to chill,使变冷,VERB,B2
بَرَّدَ,to cool,冷却,VERB,C1
بَرُوتوكُول ثَقِيل,heavy etiquette,礼太重,NOUN,B2
بَرُوفَة,sample rehearsal,样品 / 排练,NOUN,B2
بَرِيء,harmless,无害的,ADJ,B2
بَرِيءٌ,innocent,无辜的,ADJ,B2
بَرِيد إِلِكْتُرُونِيّ,email,电子邮件,NOUN,B2
بَرِيد مُسَجَّل,registered mail,挂号信,NOUN,B2
بَرِّي,wild,野生的,ADJ,B2
بَرِّيَّة,wilderness,荒野,NOUN,C1
بَرْلَمَانِيّ,parliamentary,议会的,ADJ,B2
بَرْمَجَ,to program,编程,VERB,B2
بَرْمَجِيَّات,software,软件,NOUN,B2
بَرْمِيل,barrel,桶,NOUN,C1
بَرْنَامَج,program,节目,NOUN,B2
بَسَطَ,to unfold,展开,VERB,B2
بَسْتَنَة,gardening,园艺,NOUN,B2
بَشَرَة,complexion,肤色,NOUN,B2
بَشَّر,to evangelize,传福音,VERB,B2
بَشِع,hideous,丑陋的,ADJ,B2
بَصَرِيّ,graphic,图形的,ADJ,B2
بَصَقَ,to expectorate,吐痰,VERB,B2
بَصِيرَة,discernment,洞察力,NOUN,B2
بَصْمَة,imprint,印记,NOUN,B2
بَضَاعَة,merchandise,商品,NOUN,B2
بَطَاتِيس مَقْلِيَة,fries,炸薯条,NOUN,B2
بَطَل,champion,冠军,NOUN,B2
بَطَلِي,heroic,英勇的,ADJ,B2
بَعثة,expedition,探险,NOUN,B2
بَعِيد,distant,遥远,ADJ,C1
بَعِيد الْمَنَال,unattainable,难以达到的,ADJ,B2
بَعِيداً,away,离开,ADV,A2
بَعِيدًا,away gone,离开,ADV,A1
بَعْثَرَ,to disarrange,弄乱,VERB,B2
بَعْثَرَ,to dishevel,弄乱,VERB,B2
بَعْدَ الوَفَاة,posthumous,死后的,ADJ,B2
بَعْدَ ذَلِكَ,after that,之后,ADV,B2
بَعْدَ ذَلِكَ,thereafter,此后,ADV,C1
بَعْدَئِذٍ,after which,之后,ADV,B2
بَعْض,some,一些,DET,A1
بَعْضُ بَعْض,each other,互相,PRON,B2
بَقَاء,survival,生存,NOUN,C1
بَقَايَا,remains spoils,残余,NOUN,B2
بَقِيَ,to stay,停留,VERB,A1
بَقِيَ هُنَا,to stay here,留在这里,VERB,B2
بَكَى,to weep,哭泣,VERB,B2
بَلَغَ,to amount to,总计,VERB,B2
بَلَغَ الذِّرْوَة,to culminate,达到顶点,VERB,B2
بَلَّدَ,to make stupid,使变钝,VERB,B2
بَلِيد,stolid,冷漠的,ADJ,B2
بَلْ,rather,宁可,ADV,B2
بَلْ,but rather,而是,CCONJ,B2
بَلْ عَلَى العَكْسِ,instead on the contrary,反而,ADV,B2
بَلْجِيكِيّ,belgian,比利时的,ADJ,B2
بَلْسَم,balm,香脂,NOUN,B2
بَلْطَجِيّ,thug,暴徒,NOUN,B2
بَنَى,to build,建造,VERB,B2
بَنَى,to construct,建造,VERB,B2
بَهَّتَ,to make bland,使平淡,VERB,B2
بَهْجَة,delight,高兴,NOUN,B2
بَهْجَة,elation,欣喜,NOUN,B2
بَوَّاب,gatekeeper,看门人,NOUN,B2
بَيجَامَة,pajamas,睡衣,NOUN,B2
بَيَان,manifesto,宣言,NOUN,B2
بَيَان صَحَفِيّ,press release,新闻稿,NOUN,B2
بَيْت,home,家,NOUN,A2
بَيْت مُنْفَصِل,detached house,独栋房屋,NOUN,B2
بَيْن,in between,在中间,ADV,B2
بَيْنَ,among,当中,ADP,A2
بُرْجُ الْقَوْس,sagittarius,射手座,NOUN,B2
بُرْعُم,bud,芽,NOUN,B2
بُزُوغ,the anbruch,来临,NOUN,B2
بُطُولَة,tournament,锦标赛,NOUN,B2
بُعد,dimension,维度,NOUN,B2
بُعد,grand distance,雄远,NOUN,B2
بُعْد,aloofness,冷漠,NOUN,B2
بُقْعَة,spot,地点,NOUN,B2
بُقْعَة,stain,污渍,NOUN,B2
بُلْغَارِيّ,bulgarian,保加利亚的,ADJ,B2
بُنْدُقِيَّة صَيْد,shotgun,猎枪,NOUN,B2
بُنْيَةٌ تَحْتِيَّة,infrastructure,基础设施,NOUN,B2
بُورْجُوازِيّ,bourgeois,资产阶级的,ADJ,B2
بُولْدُوغ,bulldog,斗牛犬,NOUN,B2
بُوهِيمِيّ,bohemian,波西米亚式的,ADJ,B2
بِأَدَب,politely,礼貌地,ADV,B2
بِإِخْلَاص,sincerely,真诚地,ADV,B2
بِإِيجَاز,summarily,草率地,ADV,B2
بِازْدِرَاء,disdainfully,蔑视地,ADV,B2
بِاسْتِثْنَاءِ,except for,除了,ADP,B2
بِاسْتِقْلَالِيَّة,independently,独立地,ADV,B2
بِالإِضَافَة,in addition,此外,ADV,B2
بِالصُّدْفَة,by chance,偶然地,ADV,B2
بِالطَّبْعِ,of course,当然,ADV,A2
بِالِاشْتِرَاك,jointly,共同地,ADV,B2
بِالْخَطَأ,accidentally,意外地,ADV,B2
بِالْقُرْب,nearby,在附近,ADV,B2
بِالْمُنَاسَبَة,by the way,顺便说一下,ADV,B1
بِالْمِثْل,similarly,同样地,ADV,B2
بِانْتِقَائِيَّة,selectively,有选择性地,ADV,B2
بِبُرُود,coldly,冷淡地,ADV,B2
بِبُطُولَة,heroically,英勇地,ADV,B2
بِتَذَلُّل,obsequiously,谄媚地,ADV,B2
بِثِقَل,heavily,沉重地,ADV,C1
بِجَمَال,beautifully,美丽地,ADV,B2
بِجِدِّيَّةٍ,seriously,认真地,ADV,A2
بِحَرَارَة,warmly,热情地,ADV,B2
بِحُرِّيَّة,freely,自由地,ADV,B2
بِحِكْمَة,wisely,明智地,ADV,B2
بِخُضُوع,servilely,奴性地,ADV,B2
بِخُطُورَة,gravely,严重地,ADV,B2
بِدَايَة,the anbeginn,开端,NOUN,B2
بِدَايَة,to start,开始,NOUN,B2
بِدُون تَمْيِيز,indiscriminately,不加区分地,ADV,B2
بِدِقَّة,meticulously,一丝不苟地,ADV,B2
بِدِقَّة,precisely,精确地,ADV,B2
بِدِقَّةٍ بَالِغَةٍ,scrupulously,严谨地,ADV,B2
بِذَلِكَ,hereby,特此,ADV,B2
بِذَلِكَ,thereby,从而,ADV,C1
بِذَلِكَ,whereby,其中,ADV,B2
بِذَلِكَ,that way,那样,PRON,B2
بِرِقَّة,delicately,精致地,ADV,B2
بِرْكَة,pond,池塘,NOUN,B2
بِرْكَة صَغِيرَة,puddle,水坑,NOUN,B2
بِزَارَة,falconry,放鹰捕猎,NOUN,B2
بِسَبَب,thanks to,多亏,ADP,B2
بِسَخَاء,generously,慷慨地,ADV,C1
بِسُرُور,gladly,乐意地,ADV,B2
بِشَأْن,concerning,关于,ADP,B2
بِشَكْل غَيْر رَسْمِيّ,unofficially,非官方地,ADV,B2
بِشَكْل غَيْر مُبَاشِر,indirectly,间接地,ADV,B2
بِشَكْل قَاطِع,decidedly,断然,ADV,B2
بِشَكْل لَافِت,remarkably,引人注目地,ADV,C1
بِشَكْل مَلْحُوظ,perceptibly,明显地,ADV,B2
بِشَكْل مَنْهَجِيّ,systematically,系统地,ADV,B2
بِشَكْلٍ صَحِيح,properly,正确地,ADV,B1
بِشِدَّة,severely,严重地,ADV,B2
بِصَرَاحَة,bluntly,直率地,ADV,B2
بِصَرَاحَة,frankly,坦白地,ADV,B2
بِصَرَاحَةٍ,explicitly,明确地,ADV,B2
بِصَوْتٍ عَالٍ,aloud,出声地,ADV,B2
بِصِدْقٍ,honestly,诚实地,ADV,B1
بِضَبْط,just right,恰到好处,ADV,B2
بِطَاقَةٌ بَرِيدِيَّة,postcard,明信片,NOUN,A2
بِطَرِيقَةٍ مَا,somehow,不知怎么,ADV,B2
بِعُمْقٍ,deeply,深深地,ADV,A2
بِعِنَايَة,carefully,仔细地,ADV,C1
بِـ,by,由,ADP,A1
بِفَعَالِيَّة,effectively,有效地,ADV,C1
بِقَسْوَة,cruelly,残忍地,ADV,B2
بِكَاد,barely,仅仅,ADV,B2
بِكَثَافَة,massively,大规模地,ADV,B2
بِلَا شَكّ,undoubtedly,毫无疑问地,ADV,B2
بِلَا طَعْم,tasteless,无味的,ADJ,B2
بِلَا مَعْنًى,senseless,无意义的,ADJ,B2
بِلَا هَوَادَة,implacably,无情地,ADV,B2
بِلَّوْرِيّ,crystalline,结晶的,ADJ,B2
بِلُطْف,gently,温柔地,ADV,B2
بِلُطْف,kindly,温和地,ADV,B2
بِلُطْف,nicely nice,极好地,ADV,A1
بِلْيَارْدو,billiards,台球,NOUN,B2
بِمَشَقَّة,painstakingly,煞费苦心地,ADV,B2
بِمَوَدَّة,cordially,真诚地,ADV,B2
بِنَاء,masonry,砌体工程,NOUN,B2
بِنَائِيّ,constructive,建设性的,ADJ,B2
بِنْطَال,trousers,裤子,NOUN,B2
بِهُدُوء,calmly,平静地,ADV,B2
بِهِ,with it,在其中,ADV,B2
بِوُضُوح,patently,明显地,ADV,B2
بِيانْتشونغ,bianzhong,编钟,NOUN,B2
بِيَانُو,piano,钢琴,NOUN,B2
بِيَزَنْطِيّ,byzantine,拜占庭式的,ADJ,B2
تأثير معدّل,modified effect,改效,NOUN,B2
تأكيد,emphasis,强调,NOUN,B2
تأمين سيارة,car insurance,车险,NOUN,B2
تأمّل,to gaze,凝视,VERB,B2
تأنق,to dress up,盛装打扮,VERB,B2
تأوّه,moan,呻吟,NOUN,B2
تأوّه,to moan,呻吟,VERB,B2
تاجر,dealer,经销商,NOUN,B2
تبرع,to donate,捐赠,VERB,B2
تبريد,cooling,冷却,NOUN,B2
تبقى,to be left over,剩余,VERB,B2
تبول,to pee,小便,VERB,B2
تتويج,coronation,加冕,NOUN,B2
تتويج,enthronement,登基,NOUN,B2
تجاري,business,商业的,ADJ,B2
تجريبي,empirical,经验的,ADJ,B2
تجزئة,retail,零售,NOUN,B2
تجسيد,epitome,化身,NOUN,B2
تجعد,wrinkle,皱纹,NOUN,B2
تجمّع,to gather,聚集,VERB,B2
تحالف أبدي,eternal alliance,永结,NOUN,B2
تحت,down,顺...而下,ADP,B2
تحدث,to converse,交谈,VERB,B2
تحدي الخداع,deception dare,你敢骗我,NOUN,B2
تحديد,to identify,识别,VERB,B2
تحسين,to optimize,优化,VERB,B2
تحمل,to be responsible for,负责,VERB,B2
تحيز,prejudice,偏见,NOUN,B2
تخلّص,to get rid of,摆脱,VERB,B2
تخمر,to ferment,发酵,VERB,B2
تخمين,guess,猜测,NOUN,B2
تخيل,to envision,展望,VERB,B2
تدرّب,to rehearse,排练,VERB,B2
تدفق عكسي,backflow,倒流,NOUN,B2
تدهور,to deteriorate,恶化,VERB,B2
تذبذب,to oscillate,振荡,VERB,B2
تذهيب,to gild,镀金,VERB,B2
تراجع,to regress,倒退,VERB,B2
ترقيم,punctuation,标点符号,NOUN,B2
تزلج,to skate,滑冰,VERB,B2
تزلج على الجليد,to ski,滑雪,VERB,B2
تزيين,to garnish,装饰,VERB,B2
تساهل,compromise,妥协,NOUN,B2
تساهل,to compromise,危及,VERB,B2
تسجيل,recording,录音,NOUN,B2
تسجيل فيديو,video recording,录像,NOUN,B2
تسجيل مركبة,vehicle registration,行驶证,NOUN,B2
تسريحة شعر,hairstyle,发型,NOUN,B2
تسليم,extradition,引渡,NOUN,B2
تسليم,handover,拿给,NOUN,B2
تسلّل,to infiltrate,渗透,VERB,B2
تسمية,designation,指定,NOUN,B2
تسول,to beg,乞求,VERB,B2
تشابه,similarity,相似,NOUN,B2
تشوانغ هي,zhuang he,庄郃,NOUN,B2
تصحيحات,errata,勘误,NOUN,B2
تصرف,to behave,表现,VERB,B2
تصنيف,categorization,分类,NOUN,B2
تصور,to conceive,构想,VERB,B2
تضمين عكسي,reverse inclusion,反纳,NOUN,B2
تطور,evolution,进化,NOUN,B2
تطور,to evolve,进化,VERB,B2
تعاطف,to empathize,共情,VERB,B2
تعافى,to recover,恢复,VERB,B2
تعافى,to recuperate,恢复,VERB,B2
تعامل مع,to deal with,处理,VERB,B2
تعاون,mutual aid,互助,NOUN,B2
تعاون,to cooperate,合作,VERB,B2
تعبير مجازي,idiom,习语,NOUN,B2
تعجب,exclamation,感叹,NOUN,B2
تعزيز,reinforcement,增援,NOUN,B2
تغليف,wrapping,包装,NOUN,B2
تفادي,to dodge,躲避,VERB,B2
تفاصيله,its details,其详,NOUN,B2
تفسير,exegesis,注释,NOUN,B2
تفضيل,preference,偏好,NOUN,B2
تفضيلاً,preferably,更愿意,ADV,B2
تقارب,to converge,汇聚,VERB,B2
تقاعد,to retire,退休,VERB,B2
تقريبا,nearly,几乎,ADV,B2
تقريبًا,almost,几乎,ADV,B2
تقرير بيئي,environmental report,环境报告,NOUN,B2
تقليدي,conventional,传统的,ADJ,B2
تقنية النانو,nanotechnology,纳米技术,NOUN,B2
تقنية مضادة,counter-technique,反术,NOUN,B2
تقيح,to fester,溃烂,VERB,B2
تقييد متبادل,mutual restriction,相克,NOUN,B2
تلا,to recite,背诵,VERB,B2
تلمس البطيخ,melon groping,摸瓜,NOUN,B2
تلويح,to gesticulate,做手势,VERB,B2
تمارين خط,handwriting practice,练字,NOUN,B2
تماما,completely,完全地,ADV,B2
تماماً,entirely,完全地,ADV,B2
تماماً,quite,非常,ADV,B2
تمايل,to wobble,摇晃,VERB,B2
تمرد,rebel,反叛者,NOUN,B2
تمرد,to rebel,反叛,VERB,B2
تمرن,to work out,成功,VERB,B2
تناول,to ingest,服用,VERB,B2
تنبأ,to prophesy,预言,VERB,B2
تنحى,to move aside,移开,VERB,B2
تنس الريشة,badminton,羽毛球,NOUN,B2
تنظيف,cleansing,清洗,NOUN,B2
تنفيذ,execution,执行,NOUN,B2
تنفيذي,executive,行政主管,NOUN,B2
تنويع,to diversify,使多样化,VERB,B2
تنين,dragon,龙,NOUN,B2
تواصل,to communicate,交流,VERB,B2
توافق,compatibility,兼容性,NOUN,B2
توثيق,to document,记录,VERB,B2
توزيعات أرباح,dividend,红利,NOUN,B2
توصية,recommendation,推荐,NOUN,B2
توصية من الآخرين,recommendation by others,他荐,NOUN,B2
توظيف,employment,就业,NOUN,B2
توظيف,placement,放置,NOUN,B2
توفو مجفف,dried tofu,豆干,NOUN,B2
توقف,pause,暂停,NOUN,B2
توقف,to pause,暂停,VERB,B2
توليد,to generate,产生,VERB,B2
توليد متبادل,mutual generation,相生,NOUN,B2
توهم,pretense,假装,NOUN,B2
تيس,buck,美元,NOUN,B2
تَآخَى,to fraternize,亲善,VERB,B2
تَآكَلَ,to corrode,腐蚀,VERB,B2
تَآكَلَ,to erode,侵蚀,VERB,B2
تَآمَرَ,to plot,密谋,VERB,B2
تَأَثَّرَ,to be moved,受感动,VERB,C1
تَأَرْجَحَ,to swing,荡秋千,VERB,B2
تَأَقْلَمَ,to make do,做,VERB,B2
تَأَلَّفَ,to consist,组成,VERB,B2
تَأَمَّلَ,to contemplate,沉思,VERB,B2
تَأَمَّلَ,to meditate,冥想,VERB,B2
تَأَمَّلَ,to ponder,思索,VERB,B2
تَأَمُّل,brooding,沉思,NOUN,B2
تَأَمُّل,contemplation,沉思,NOUN,B2
تَأَمُّلٌ لَاحِق,nachsinnung,事后沉思,NOUN,B2
تَأْثِير,einwirkung,作用影响,NOUN,B2
تَأْثِير,incidence,发生率,NOUN,B2
تَأْجِيل دُيُون,moratorium,延期偿付,NOUN,B2
تَأْكِيد,assertion,断言,NOUN,B2
تَأْلِيه,apotheosis,神化,NOUN,B2
تَأْلِيهِيّ,apotheotic,神化的,ADJ,B2
تَابُوت,coffin,棺材,NOUN,C1
تَابِل,spice,香料,NOUN,B2
تَارِيخ,history,历史,NOUN,B2
تَارِيخِي,historic,历史性的,ADJ,B2
تَارِيخِيًّا,historically,历史上,ADV,B2
تَارِيخِيَّة,historicity,历史真实性,NOUN,B2
تَاسِع,ninth,第九,ADJ,C1
تَافِه,trifling,微不足道的,ADJ,B2
تَالٍ,next,下一个的,ADJ,A2
تَبَادُلُ إِطْلَاقِ النَّار,shootout,枪战,NOUN,B2
تَبَاطَأَ,to dawdle,磨蹭,VERB,B2
تَبَاطَأَ,to linger,徘徊,VERB,C1
تَبَاطُؤ,slowdown,减速,NOUN,B2
تَبَاعَدَ,to diverge,分叉,VERB,B2
تَبَاعُد,divergence,分歧,NOUN,B2
تَبَاعُد مُجْتَمَعِيّ,social distancing,社交距离,NOUN,B2
تَبَاهٍ,boastfulness,自夸,NOUN,B2
تَبَاهٍ,bragging,吹嘘,NOUN,B2
تَبَايُن,contrast,对比,NOUN,B2
تَبَايُن,discrepancy,差异,NOUN,B2
تَبَايُن,heterogeneity,异质性,NOUN,B2
تَبَجُّح,braggadocio,吹嘘,NOUN,B2
تَبَحُّرٌ فِي الْعِلْمِ,erudition,博学,NOUN,B2
تَبَخَّر,to evaporate,蒸发,VERB,B2
تَبَخْتَرَ,to swagger,大摇大摆,VERB,B2
تَبَرَّجَ,to apply makeup,化妆,VERB,B2
تَبَسَّمَ,to grin,咧嘴笑,VERB,B2
تَبَنٍّ,adoption,收养,NOUN,B2
تَبَنٍّ,the adoption,收养,NOUN,B2
تَبَنَّى,to adopt,收养,VERB,B1
تَبَيَّنَ,to turn out,结果是,VERB,B2
تَبِعَة,repercussion,反响,NOUN,B2
تَبْدِيد,dissipation,消散,NOUN,B2
تَبْذِير,to squander,浪费,VERB,B2
تَبْرِئَة,exculpation,辩解,NOUN,B2
تَبْسِيطٌ نَاجِز,the ervereinfachung,彻底简化,NOUN,B2
تَبْشِير,proselytism,劝诱改宗,NOUN,B2
تَتَبَّعَ,to retrace,追溯,VERB,B2
تَتَبَّعَ,to trace,追踪,VERB,B2
تَثْبِيت,stabilization,稳定,NOUN,B2
تَثْبِيت,to stabilize,使稳定,VERB,B2
تَجاوَز,to overcome,克服,VERB,B2
تَجَانُس,homogeneity,同质性,NOUN,B2
تَجَاهَلَ,to disregard,忽视,VERB,B2
تَجَاهَلَ,to snub,冷落,VERB,B2
تَجَاهُل,preterition,假装略过,NOUN,B2
تَجَاوَزَ,to overstep,逾越,VERB,B2
تَجَاوُز,overtaking exceeding,超车,NOUN,B2
تَجَدُّد,regeneration,再生,NOUN,B2
تَجَسَّسَ,to snoop,窥探,VERB,C1
تَجَسَّسَ,to spy,暗中监视,VERB,B2
تَجَنَّبَ,to avoid,避免,VERB,A1
تَجَوَّلَ,to wander,漫步,VERB,C1
تَجْدِيف,blasphemy,亵渎,NOUN,B2
تَجْرِبَة,experiment,实验,NOUN,B2
تَجْمِيلِيّ,cosmetic,美容的,ADJ,B2
تَجْنِيس,naturalization,入籍,NOUN,B2
تَجْوِيف,cavity,腔,NOUN,B2
تَحَجَّرَ,to fossilize,僵化,VERB,B2
تَحَدٍّ,ausforderung,挑战,NOUN,B2
تَحَدَّثَ,to have an accident,遭遇意外,VERB,B2
تَحَدَّى,to challenge,质疑,VERB,B2
تَحَدَّى,to dare,敢于,VERB,B2
تَحَرُّك مُجْتَمَعِيّ,social mobilization,社会动员,NOUN,B2
تَحَطَّمَ,to crash,碰撞,VERB,C1
تَحَكَّمَ,to control,控制,VERB,B2
تَحَكُّم مُجْتَمَعِيّ,social arbitration,社会仲裁,NOUN,B2
تَحَمَّلَ,to incur,招致,VERB,B2
تَحَمَّلَ,to tolerate,容忍,VERB,B2
تَحَوَّلَ,to shift,转移,VERB,B2
تَحَوُّل,the gewendung,转变,NOUN,B2
تَحَوُّل,the verwandlung,蜕变,NOUN,B2
تَحَوُّلٌ أَصِيل,urwandel,原始转变,NOUN,B2
تَحَوُّلٌ تَدْرِيجِيّ,the zuwandlung,逐步转变,NOUN,B2
تَحَوُّلٌ خَارِجِيّ,auswandel,外向转变,NOUN,B2
تَحَوُّلٌ مُسْبَق,vorwandel,前期转变,NOUN,B2
تَحْتَ,below,在...下面,ADP,B2
تَحْدِيدًا,specifically,具体地,ADV,C1
تَحْرِير,emancipation,解放,NOUN,B2
تَحْسِين,optimization,优化,NOUN,B2
تَحْسِينٌ مُشْتَرَك,the mitverbesserung,共同改进,NOUN,B2
تَحْقِيق,fulfillment,实现,NOUN,B2
تَحْقِيق,hintersucht,深入调查,NOUN,B2
تَحْلِيل,analysis,分析,NOUN,B2
تَحْلِيل نَفْسِيّ,psychoanalysis,精神分析,NOUN,B2
تَحْلِيلِيّ,analytical,分析的,ADJ,B2
تَحْوِيل,conversion,转变,NOUN,B2
تَحْوِيلٌ تَصَاعُدِيّ,the aufwandlung,升华转化,NOUN,B2
تَخَرُّج,graduation,毕业,NOUN,B2
تَخَصَّصَ,to specialize,专攻,VERB,B2
تَخَصُّص,major course,专业课,NOUN,B2
تَخَصُّص,specialty,专业,NOUN,B2
تَخَلَّصَ,to dispose,处理,VERB,B2
تَخَلَّى,to abdicate,退位,VERB,B2
تَخَلُّص,disposal,处置,NOUN,B2
تَخْطِيط,layout,布局,NOUN,B2
تَخْطِيطِيّ,schematic,图解的,ADJ,B2
تَخْفِيض الدُّيُون,deleveraging,去杠杆化,NOUN,B2
تَدَافُع,stampede,惊逃,NOUN,B2
تَدَبَّرَ أَمْرَهُ,to get by,过得去,VERB,B2
تَدَخَّلَ,to interfere,干涉,VERB,B2
تَدَخَّلَ,to meddle,干涉,VERB,B2
تَدَخَّلَ,to step in,介入,VERB,B2
تَدَخُّل,intervention,干预,NOUN,B2
تَدَفَّقَ,to flow,流动,VERB,C1
تَدَفَّقَ,to spout,喷出,VERB,B2
تَدَفُّق,flux,变动,NOUN,B2
تَدَفُّق,influx,流入,NOUN,B2
تَدَفُّق,to gush,涌出,VERB,B2
تَدَهْوَرَ,to degenerate,退化,VERB,B2
تَدَهْوُر,deterioration,恶化,NOUN,B2
تَدْرِيب,internship,实习,NOUN,B2
تَدْرِيب الرُّوح,spirit training,练神,NOUN,B2
تَدْرِيجِيًّا,increasingly,越来越,ADV,B2
تَدْرِيجِيًّا,progressively,逐步地,ADV,B2
تَدْقِيقٌ لُغَوِيّ,proofreading,校对,NOUN,B2
تَدْنِيس,sacrilege,亵渎,NOUN,B2
تَدْوِير,to spin,旋转,VERB,B2
تَدْوِيل دِمَاغِيّ,eeg,脑电图,NOUN,B2
تَذَلُّل,obsequiousness,谄媚,NOUN,B2
تَذَوَّقَ,to savor,品味,VERB,B2
تَذْكِير,reminder,提醒物,NOUN,C1
تَرَأَّسَ,to preside,主持,VERB,B2
تَرَاكَمَ,to accrue,累积,VERB,B2
تَرَجَّلَ,to dismount,下车,VERB,B2
تَرَدَّدَ,frequent,频繁的,ADJ,B2
تَرَدَّدَ,to dither,犹豫不决,VERB,B2
تَرَدَّدَ,to frequent,常去,VERB,B2
تَرَدَّدَ,to hesitate,犹豫,VERB,B2
تَرَدُّد,reluctance,不情愿,NOUN,B2
تَرَدُّد,unwillingness,不甘,NOUN,B2
تَرِاث,heard beile,听说贝勒,NOUN,B2
تَرْبِيط,the gebindung,捆扎结合,NOUN,B2
تَرْبِيَةٌ دَاخِلِيَّة,einerziehung,内部训导,NOUN,B2
تَرْتِيب,anrichtung,布置准备,NOUN,B2
تَرْتِيب زَمَنِيّ,chronology,年表,NOUN,B2
تَرْتِيبٌ عَالٍ,the hochordnung,高阶排列,NOUN,B2
تَرْتِيبٌ مُسْبَق,the vorordnung,预先编排,NOUN,B2
تَرْحِيل,ausweisung,驱逐出境,NOUN,B2
تَرْخِيص,authorization,授权,NOUN,B2
تَرْسِيم الحُدُود,demarcation,划界,NOUN,B2
تَرْفِيه,recreation,娱乐,NOUN,B2
تَرْكِيب أَمَامِيّ,vorderfassung,前部固定,NOUN,B2
تَرْكِيبَة,combination,组合,NOUN,C1
تَرْكِيز,focus,焦点,NOUN,B2
تَزَاحَمَ,to crowd together,挤在一起,VERB,B2
تَزَلُّج,skating,滑冰,NOUN,B2
تَزْوِير,counterfeiting,伪造,NOUN,B2
تَزْيِينِيّ,decorative,装饰性的,ADJ,B1
تَسَاهُل,laxity,松懈,NOUN,B2
تَسَلَّقَ,to climb,攀爬,VERB,B2
تَسَلَّلَ,to sneak,潜行,VERB,B2
تَسَلُّط,bossism,头目统治,NOUN,B2
تَسَلُّقُ الْجِبَال,the alpinismus,登山运动,NOUN,B2
تَسَمَّعَ,to auscultate,听诊,VERB,B2
تَسَمَّى,to be called,被称为,VERB,B1
تَسَوَّقَ,to shop,购物,VERB,B2
تَسَوُّق,shopping,购物,NOUN,B2
تَسْوِيَة,the bewendung,结案了事,NOUN,B2
تَشَابُك,tangle,纠结,NOUN,B2
تَشَاجَرَ,to bicker,争吵,VERB,C1
تَشَمَّمَ,to sniff,嗅,VERB,B2
تَشَوُّه,the missbildung,畸形,NOUN,B2
تَشْرِيح,anatomy,解剖学,NOUN,B2
تَشْرِيح,autopsy,验尸,NOUN,C1
تَشْطِير,to split,分裂,VERB,B2
تَشْكِيلٌ مُشْتَرَك,the mitbildung,共同塑造,NOUN,B2
تَشْكِيلٌ نَمُوذَجِيّ,urgestaltung,原始构型,NOUN,B2
تَصَالُح مُجْتَمَعِيّ,social reconciliation,社会和解,NOUN,B2
تَصَرَّفَ,to act,行动,VERB,B1
تَصَرَّفَ,to have at one's disposal,支配,VERB,B2
تَصَرُّف,act,行为,NOUN,B2
تَصَفَّحَ,to leaf through,翻阅,VERB,B2
تَصَفَّحَ,to skim,略读,VERB,C1
تَصَوُّر,the vorstellung,概念,NOUN,B2
تَصْرِيف,inflection,屈折,NOUN,B2
تَصْنِيع,industrialization,工业化,NOUN,B2
تَصْنِيف,taxonomy,分类学,NOUN,B2
تَصْنِيف نَوْعِيّ,typology,类型学,NOUN,B2
تَصْوِيرِيّ,pictorial,图画的,ADJ,B2
تَضَاءَلَ,to wane,减弱,VERB,B2
تَضَادّ,inconsistency,不一致,NOUN,B2
تَضَخُّم,hypertrophy,肥大,NOUN,B2
تَضَرَّعَ,to supplicate,恳求,VERB,B2
تَضَمَّنَ,to involve,涉及,VERB,B2
تَضْحِيَة,sacrifice,牺牲,NOUN,C1
تَضْيِيق,narrowing,缩小,NOUN,B2
تَطَابَقَ,to coincide,重合,VERB,B2
تَطَابُق,concordance,一致,NOUN,B2
تَطَبُّق مُجْتَمَعِيّ,social stratification,社会分层,NOUN,B2
تَطَلُّع,zusicht,展望期盼,NOUN,B2
تَطْهِير,decontamination,净化,NOUN,B2
تَظَاهَرَ,to feign,假装,VERB,B2
تَعهيد,outsourcing,外包,NOUN,B2
تَعَازٍ,condolences,哀悼,NOUN,B2
تَعَاطَفَ,to sympathize,同情,VERB,B2
تَعَاطُف,commiseration,同情,NOUN,B2
تَعَاطُف,sympathy,同情,NOUN,C1
تَعَافٍ,the aufheilung,痊愈,NOUN,B2
تَعَالٍ,condescension,居高临下,NOUN,B2
تَعَامَلَ,to cope,应付,VERB,B2
تَعَاوَنَ,to collaborate,合作,VERB,B2
تَعَاوُن,collaboration,合作,NOUN,B2
تَعَايَشَ,to coexist,共存,VERB,B2
تَعَب السَّفَر,travel fatigue,车马劳顿,NOUN,B2
تَعَدَّى,to encroach,侵犯,VERB,B2
تَعَدَّى,to transgress,违背,VERB,B2
تَعَرَّفَ,to know to recognize,认识,VERB,B2
تَعَصُّب,intolerance,不容忍,NOUN,B2
تَعَقَّبَ,to stalk,跟踪,VERB,B2
تَعَمَّقَ فِي,to go deep into,深入探讨,VERB,B2
تَعَهَّدَ,to pledge,保证,VERB,B2
تَعَهَّدَ,to undertake,承担,VERB,B2
تَعِيس,unhappy,不幸的,ADJ,B2
تَعْدَاد,enumeration,列举,NOUN,B2
تَعْدِيل,adjustment,调整,NOUN,B2
تَعْزِيز,corroboration,证实,NOUN,B2
تَعْلِيمٌ مِهْنِيّ,the ausbildung,职业培训,NOUN,B2
تَعْلِيمِيّ,didactic,教导的,ADJ,B2
تَعْلِيمِيّ,educational,教育的,ADJ,B2
تَعْوِيض,reparation,赔,NOUN,B2
تَعْوِيضَات,damages,赔偿金,NOUN,B2
تَعْيِين,to specify,具体说明,VERB,B2
تَغَاضَى عَنْ,to condone,宽恕,VERB,B2
تَغَدَّى,to have lunch,吃午餐,VERB,B2
تَغَيُّرٌ وَاسِع,weitwandel,广泛变迁,NOUN,B2
تَفَاعَلَ,to react,反应,VERB,C1
تَفَاعُل مُجْتَمَعِيّ,social interaction,社会互动,NOUN,B2
تَفَاوَضَ,to negotiate,谈判,VERB,B2
تَفَاوُض,the aushandlung,协商,NOUN,B2
تَفَتَّتَ,to disintegrate,瓦解,VERB,B2
تَفَتُّتُ الْبِنْيَة,the zerbildung,结构解体,NOUN,B2
تَفَرَّعَ,to bifurcate,分叉,VERB,B2
تَفَوُّق,superiority,优越性,NOUN,B2
تَفْتِيش,inquisition,宗教裁判,NOUN,B2
تَفْسِير,gloss,光泽,NOUN,B2
تَفْكِيرٌ بَاطِنِيّ,untersinnung,潜层思考,NOUN,B2
تَفْوِيض السُّلْطَة,subsidiarity,辅助性原则,NOUN,B2
تَقاطُع,overlap,重叠,NOUN,B2
تَقَاسَمَ,to share divide,分享,VERB,B2
تَقَاسُم,geteilung,分享分配,NOUN,B2
تَقَاسُم,getheilung,划分,NOUN,B2
تَقَدَّمَ,to go first,先去,VERB,B2
تَقَدَّمَ,to proceed,继续进行,VERB,B2
تَقَدَّمَ,to progress,进步,VERB,B2
تَقَصٍّ,nachsuchung,搜寻调查,NOUN,B2
تَقَلَّبَ,to fluctuate,波动,VERB,B2
تَقَلُّب,vicissitude,变迁,NOUN,B2
تَقَلُّبٌ,instability,不稳定,NOUN,B2
تَقَلُّس,spasm,痉挛,NOUN,B2
تَقَلُّص,cramp,痉挛,NOUN,B2
تَقِيّ,pious,虔诚的,ADJ,B2
تَقْتِير,parsimony,吝啬,NOUN,B2
تَقْدِير,the bemessung,测定评估,NOUN,B2
تَقْرِيبًا,roughly,大致,ADV,B2
تَقْرِيبِيّ,approximate,近似的,ADJ,B2
تَقْرِيع,tirade,长篇抨击,NOUN,B2
تَقْسِيم,einteilung,分类划分,NOUN,B2
تَقْسِيم فَرْعِيّ,hintertheilung,细分,NOUN,B2
تَقْسِيمٌ مُمَيَّز,vortheilung,优惠分配,NOUN,B2
تَقْلِيد,tradition,传统,NOUN,B2
تَقْلِيدِي,imitative,模仿性,ADJ,B2
تَقْلِيدِيًّا,traditionally,传统地,ADV,B2
تَقْلِيصٌ وَاسِع,the weitminderung,广泛缩减,NOUN,B2
تَقْلِيلِيَّة,minimalism,极简主义,NOUN,B2
تَقْيِيد,restriction,限制,NOUN,B2
تَقْيِيد المَرُور,traffic restriction,限行,NOUN,B2
تَقْيِيم العُروض,bid evaluation,评标,NOUN,B2
تَكَاثَرَ,to reproduce,繁殖,VERB,B2
تَكَافُؤ,parity,平等,NOUN,B2
تَكَامُل,complementarity,互补性,NOUN,B2
تَكَبُّر,airs,摆架子,NOUN,B2
تَكَهُّن,prognosis,预后,NOUN,B2
تَكَيَّفَ,to adapt,适应,VERB,B1
تَكْرَار,anaphora,首语渐复,NOUN,B2
تَكْيِيف الهَوَاء,air conditioning,空调,NOUN,B2
تَلَأْلَأَ,to sparkle,闪耀,VERB,B2
تَلَعْثَمَ,to stammer,结巴,VERB,B2
تَلْطِيفِيّ,palliative,缓和的,ADJ,B2
تَلْقِين,indoctrination,灌输,NOUN,B2
تَلْمِيح,hint,暗示,NOUN,B1
تَلْمِيح,insinuation,影射,NOUN,B2
تَمَامًا,totally,完全地,ADV,B2
تَمَسَّكَ,to cling,紧贴,VERB,B2
تَمَسَّكَ,to hold on,抓住,VERB,B2
تَمَلَّصَ مِنْ,to elude,逃避,VERB,B2
تَمَلَّقَ,to flatter,奉承,VERB,C1
تَمَلَّى,to plead,恳求,VERB,B2
تَمَلُّق,fawning flattery,阿谀奉承,NOUN,B2
تَمَوَّطَ,to conspire,密谋,VERB,B2
تَمَيُّز,to stand out,引人注目,VERB,B2
تَمِيمَة,mascot,吉祥物,NOUN,B2
تَمْثِيل ضَوْئِيّ,photosynthesis,光合作用,NOUN,B2
تَمْجِيد,glorification,赞美,NOUN,B2
تَمْهِيدِيّ,preliminary,初步的,ADJ,B2
تَمْوِيل,financing funding,融资,NOUN,B2
تَمْيِيز جِنْسِيّ,sexism,性别歧视,NOUN,B2
تَنَازَلَ,to condescend,屈尊,VERB,B2
تَنَازَلَ,to deign,屈尊,VERB,B2
تَنَازُل,renunciation,放弃,NOUN,B2
تَنَاسُبِيّ,proportional,成比例的,ADJ,B2
تَنَافُسِيّ,competitive,竞争的,ADJ,B2
تَنَاقُضٌ ظَاهِرِيّ,oxymoron,矛盾修辞法,NOUN,B2
تَنَبَّأَ,to augur,预言,VERB,B2
تَنَحْنَحَ,to groan,呻吟,VERB,B2
تَنَظِيم مُجْتَمَعِيّ,social organization,社会组织,NOUN,B2
تَنَفَّسَ الصُّعَدَاء,to breathe again,松口气,VERB,B2
تَنَفُّس,breathing,呼吸,NOUN,B2
تَنَقَّلَ,to commute,通勤,VERB,B2
تَنَقُّل,mobility,流动性,NOUN,B2
تَنَكَّرَ,disguise,伪装,NOUN,B2
تَنَكَّرَ,to disguise,伪装,VERB,B2
تَنَكَّرَ,to renounce to disown,放弃,VERB,B2
تَنَكُّسِيّ,degenerative,退行性的,ADJ,B2
تَنَهُّد,to sigh,叹息,NOUN,B2
تَنَوَّعَ,to vary,改变,VERB,B2
تَنَوُّع,variation,变化,NOUN,B2
تَنَوُّع حَيَوِيّ,biodiversity,生物多样性,NOUN,B2
تَنْجِيم,astrology,占星术,NOUN,B2
تَنْسِيق,format,格式,NOUN,B2
تَنْشِئَةٌ قَرِيبَة,naherziehung,近距离教养,NOUN,B2
تَنْوِيع,diversification,多样化,NOUN,B2
تَهَجَّى,to spell,拼写,VERB,B2
تَهَدَّمَ,to crumble,粉碎,VERB,B2
تَهَكَّمَ,to ironize,讽刺,VERB,B2
تَهَوُّر,temerity,鲁莽,NOUN,B2
تَهْجِئَة,spelling,拼写,NOUN,B2
تَهْذِيب,civility,礼貌,NOUN,B2
تَواطؤ المَزَايَدَة,bid collusion,串标,NOUN,B2
تَوَاصَلَ رُوحِيًّا,to commune,心灵交流,VERB,B2
تَوَاصُل,contact,联系,NOUN,B2
تَوَاصُل مُجْتَمَعِيّ,social compromise,社会妥协,NOUN,B2
تَوَاطَأَ,to collude,勾结,VERB,B2
تَوَاطُؤ,collusion,勾结,NOUN,B2
تَوَافُق مُجْتَمَعِيّ,social harmony,社会和谐,NOUN,B2
تَوَجَّبَ,to have to,必须,VERB,B2
تَوَرَّمَ,to swell,膨胀,VERB,B2
تَوَسَّطَ,to intercede,调解,VERB,B2
تَوَسَّلَ,to implore,恳求,VERB,B2
تَوَسَّلَ,to invoke,祈求,VERB,B2
تَوَفُّر,availability,可用性,NOUN,B2
تَوَقَّعَ,to expect,期待,VERB,B2
تَوَقَّعَ,to foresee,预见,VERB,C1
تَوَقُّف قَصِير,stopover,中途停留,NOUN,B2
تَوَلَّى,to take over,接管,VERB,C1
تَوَّجَ,to crown,加冕,VERB,B2
تَوَّجَ,to enthrone,使登基,VERB,B2
تَوْجِيه,directive,指令,NOUN,B2
تَوْجِيه,einweisung,入学引导,NOUN,B2
تَوْجِيه,guideline,指导方针,NOUN,B2
تَوْجِيه خَلْفِيّ,hinterrichtung,后向对准,NOUN,B2
تَوْجِيهٌ خَاطِئ,unweisung,错误指引,NOUN,B2
تَوْجِيهٌ سَامٍ,hochweisung,崇高指引,NOUN,B2
تَوْجِيهٌ وَتَقْوِيم,gerichtung,对准校正,NOUN,B2
تَوْزِيعُ الْحِصَص,beteilung,配给分摊,NOUN,B2
تَوْسِيع,widening,加宽,NOUN,B2
تَوْسِيعٌ شَامِل,the auserweiterung,全面拓展,NOUN,B2
تَوْسِيعٌ فَرْعِيّ,the untererweiterung,次级扩展,NOUN,B2
تَوْسِيعٌ مُسْبَق,the vorerweiterung,预先扩展,NOUN,B2
تَوْصِيلٌ خَلْفِيّ,hinterleitung,后路传导,NOUN,B2
تَوْصِيلٌ صَاعِد,the aufleitung,向上导通,NOUN,B2
تَوْصِيلٌ عَمِيق,the tiefleitung,深层导管,NOUN,B2
تَوْصِيلٌ لَاحِق,the nachleitung,后续传导,NOUN,B2
تَوْضِيح,illustration,插图,NOUN,B2
تَوْفِير,frugality,节俭,NOUN,B2
تَوْفِير,verschaft,筹办提供,NOUN,B2
تَوْفِيقِيّ,conciliatory,抚慰的,ADJ,B2
تَوْقِيع,autograph,亲笔签名,NOUN,B1
تَوْقِيع,label,标签,NOUN,B2
تَيَّار رَئِيسِي,mainstream,主流,NOUN,B2
تَيَّار مُعَاكِس,countercurrent,逆流,NOUN,B2
تُرْكِيّ,turkish,土耳其的,ADJ,B2
تُوت عُلَّيْق,raspberry,覆盆子,NOUN,B2
تُوُفِّيَ,to pass away,去世,VERB,B2
تِبَاعًا,one after another,接连地,ADV,B2
تِبْغ,tobacco,烟草,NOUN,B2
تِجَارَة,commerce,商业,NOUN,B2
تِراث ثقافي,cultural relic,文物,NOUN,B2
تِرْيَاق,antidote,解毒剂,NOUN,B2
تِسْعَة عَشَرَ,nineteen,十九,NUM,A1
تِقْنِيًّا,technically,技术上地,ADV,B2
تِقْنِيَة,green technology,绿色技术,NOUN,B2
تِقْنِيَّة,technique,技术,NOUN,B2
تِقْنِيَّةٌ حَيَوِيَّة,biotechnology,生物技术,NOUN,B2
تِلَال,hills,丘陵,NOUN,B2
تِلْفَاز,tv,电视,NOUN,C1
تِلْكَ السَّهْم,that arrow,那一箭,NOUN,B2
تِينُور,tenor,男高音,NOUN,B2
ثبّط,to inhibit,抑制,VERB,B2
ثقب,puncture,穿刺,NOUN,B2
ثمين,precious,珍贵的,ADJ,B2
ثوران,eruption,爆发,NOUN,B2
ثوري,revolutionary,革命的,ADJ,B2
ثَابِت,fixed,固定的,ADJ,C1
ثَابِت,immovable,不可移动的,ADJ,B2
ثَابِت,steady,稳定的,ADJ,C1
ثَالِث,third,第三的,ADJ,B1
ثَالِثِيّ,tertiary,第三的,ADJ,B2
ثَامِن,eighth,第八,ADJ,C1
ثَبَات,constancy,恒定,NOUN,B2
ثَبَّتَ,to install,安装,VERB,B2
ثَبَّتَ صَارِيًا,to mast,装桅杆,VERB,B2
ثَدْي,breast,乳房,NOUN,B2
ثَدْيِيّ,mammal,哺乳动物,NOUN,B2
ثَرِيّ,wealthy,富有的,ADJ,B2
ثَرْثَار,talkative,健谈的,ADJ,B2
ثَرْثَرَة,babble,胡言乱语,NOUN,B2
ثَغَا,to bleat,羊叫,VERB,B2
ثَقَّبَ,to riddle,打洞,VERB,B2
ثَلَاثُونَ تَقْرِيبًا,about thirty,大约三十,NOUN,B2
ثَلَّاجَة,fridge,冰箱,NOUN,B2
ثَمَانُونَ,eighty,八十,NUM,A1
ثَمَانِيَة,eight,八,NUM,B2
ثَمَانِيَة عَشَرَ,eighteen,十八,NUM,A1
ثَمَرَة,chandelier,吊灯,NOUN,B2
ثَنَى,to dissuade,劝阻,VERB,B2
ثَوْرَة,revolt,叛乱,NOUN,B2
ثَوْرَةٌ,insurrection,起义,NOUN,B2
ثُمَانِيَّة أَبْيَات,eight-line stanza,八行诗节,NOUN,B2
ثُنَائِيَّة,dichotomy,二分法,NOUN,B2
ثُنَائِيّ,bilateral,双边的,ADJ,B2
ثُنَائِيّ,duet,二重奏,NOUN,B2
ثُنَائِيّ,tandem duo,二人组,NOUN,B2
ثُنَائِيّ الْمَجْلِس,bicameral,两院制的,ADJ,B2
ثِقَة,confidence,信心,NOUN,B2
ثِقَة,self-confidence,自信,NOUN,B2
ثِقَة مُجْتَمَعِيَّة,social trust,社会信任,NOUN,B2
ثِقَلُ التَّوَازُن,ballast,压舱物,NOUN,B2
جانب,facet,方面,NOUN,B2
جبان,coward,懦夫,NOUN,B2
جبن,cowardice,懦弱,NOUN,B2
جدول,brook,小溪,NOUN,B2
جدوى,feasibility,可行性,NOUN,B2
جديد,brand new,崭新的,ADJ,B2
جدير,worthy,值得的,ADJ,B2
جرح,to wound,使受伤,VERB,B2
جرس باب,doorbell,门铃,NOUN,B2
جرعة,dosage,剂量,NOUN,B2
جرف,cliff,悬崖,NOUN,B2
جرو,puppy,小狗,NOUN,B2
جريء,bold,大胆的,ADJ,B2
جزر,carrot,胡萝卜,NOUN,B2
جسد,to embody,体现,VERB,B2
جسر مشاة,pedestrian bridge,天桥,NOUN,B2
جسم,fuselage,机身,NOUN,B2
جلاد,executioner,刽子手,NOUN,B2
جلالتك,your majesty,陛下,NOUN,B2
جلب,to fetch,取来,VERB,B2
جلد,to excoriate,严厉批评,VERB,B2
جلس,to sit down,坐下,VERB,B2
جمع,to compile,编译,VERB,B2
جمع التبرعات,to raise donations,募捐,VERB,B2
جميل,pretty,漂亮的,ADJ,B2
جناح,pavilion,亭子,NOUN,B2
جند,to enlist,征募,VERB,B2
جند,to recruit,招募,VERB,B2
جنس,gender,性别,NOUN,B2
جنية,fairy,仙女,NOUN,B2
جهاز,gadget,小装置,NOUN,B2
جهز,to equip,装备,VERB,B2
جوار,nearby,附近的,ADJ,B2
جوهرة,jewel,宝石,NOUN,B2
جوّال,mobile,移动的,ADJ,B2
جيانغهو,jianghu,江湖,NOUN,B2
جياولونغ,jiaolong,娇龙,NOUN,B2
جيد,fine,好的,ADJ,B2
جين,jin,斤,NOUN,B2
جَائِزَة,prize,奖品,NOUN,B2
جَاحِد,ungrateful,忘恩负义的,ADJ,B2
جَاذِبِيَّة,attractiveness,吸引力,NOUN,B2
جَاذِبِيَّة,gravitation,引力,NOUN,B2
جَارِيَة,concubine,妾,NOUN,B2
جَازَ,be allowed,允许,AUX,B2
جَاعَ,to starve,挨饿,VERB,C1
جَالِس,seated,坐着的,ADJ,B2
جَامِح,unbridled,放纵的,ADJ,B2
جَانِب,aspect,方面,NOUN,B2
جَانِب,flank,侧面,NOUN,B2
جَانِبًا,aside,在旁边,ADV,B2
جَانِبِيّ,collateral,附属的,ADJ,B2
جَانِح,delinquent offender,违法者,NOUN,B2
جَاهِل,ignorant,无知的,ADJ,B2
جَبَان,pusillanimous,胆怯的,ADJ,B2
جَبَان,wimp,懦夫,NOUN,C1
جَبَّرَ,to splint,用夹板固定,VERB,B2
جَبِين,brow,额头,NOUN,B2
جَحْد,disbelief,不信,NOUN,B2
جَدَّة,grandma,奶奶,NOUN,B2
جَدَّة,granny,奶奶,NOUN,B2
جَدَّدَ,to renovate,翻新,VERB,B2
جَدَّفَ,to blaspheme,亵渎,VERB,B2
جَدّ,grandpa,爷爷,NOUN,B2
جَدْوَل,schedule,时间表,NOUN,C1
جَدْوَل,stream,小溪,NOUN,B2
جَذَبَ,to attract,吸引,VERB,C1
جَذَّاب,attractive,有吸引力的,ADJ,B1
جَرَحَ,to injure,使受伤,VERB,B2
جَرَحَ,to wound,伤害,VERB,B2
جَرَى,to take place,举行,VERB,C1
جَرَّبَ,to experiment,实验,VERB,B2
جَرَّدَ,to abstract,提炼,VERB,B2
جَرَّدَ,to divest,剥夺,VERB,B2
جَرَّدَ,to strip,剥去,VERB,C1
جَرَّدَ,to strip bare,剥光,VERB,B2
جَرَّدَ مِنَ السِّلَاح,to demilitarize,使非军事化,VERB,B2
جَرَّدَ مِنْ أَهْلِيَّة,to disqualify,取消资格,VERB,B2
جَرَّدَ مِنْ مُلْكِيَّة,to dispossess,剥夺财产,VERB,B2
جَرِيء,audacious,大胆的,ADJ,B2
جَرِيء,impudent,无礼的,ADJ,B2
جَرِيدَة يَوميَّة,daily newspaper,日报,NOUN,B2
جَرِيمَة,great offense,冒犯大,NOUN,B2
جَرِيمَة قَتْل,homicide,谋杀,NOUN,B2
جَرِيمَة قَتْل,murder,谋杀,NOUN,B2
جَرِيًّا,certainly,当然,ADV,B2
جَزَّأَ,to fraction,分成碎片,VERB,B2
جَزَّازَة عُشْب,lawnmower,割草机,NOUN,B2
جَزْمِيّ,apodictic,确证的,ADJ,B2
جَسَدِيًّا,physically,身体上,ADV,C1
جَسَدِيّ,bodily,身体的,ADJ,B2
جَسَدِيّ,physical,身体的,ADJ,C1
جَعَّدَ,to curl,卷曲,VERB,B2
جَفَاف,aridity,干旱,NOUN,B2
جَفَاف,dehydration,脱水,NOUN,B2
جَفَّفَ,to abtrocken,擦干,VERB,B2
جَلَدَ,to flog,鞭笞,VERB,B2
جَلَدَ,to whip,鞭打,VERB,B2
جَلِيسَة أَطْفَال,babysitter,保姆,NOUN,B2
جَلِيل,majestic,宏伟的,ADJ,B2
جَلِيًّا,manifestly,显然地,ADV,B2
جَلْسَة,session,会议,NOUN,B2
جَمَاعَة دِينِيَّة,congregation,宗教会众,NOUN,C1
جَمَعَ,to assemble,集合,VERB,B2
جَمَعَ,to glean,收集,VERB,B2
جَمَّعَ,to group,分组,VERB,B2
جَمَّلَ,to beautify,美化,VERB,B2
جَمِيل,fine pretty,美丽的,ADJ,A1
جَمْبَرِيّ,shrimp,虾,NOUN,B2
جَنَائِزِيّ,funereal,葬礼的,ADJ,B2
جَنَاح,ward,病房,NOUN,B2
جَنَازَة,funeral,葬礼,NOUN,B2
جَنَّبَ,to set aside,搁置,VERB,B2
جَنُوبِيّ,southern,南方的,ADJ,B2
جَنِين,embryo,胚胎,NOUN,B2
جَهِلَ,to be unaware,不知道,VERB,B2
جَوَازُ سَفَر,passport,护照,NOUN,B2
جَوِّيّ,atmospheric,大气的,ADJ,B2
جَوّ,atmosphere,气氛,NOUN,B2
جَوْقَةُ الْمَلَائِكَة,host of angels,天使群,NOUN,B2
جَوْلَة,cruise,巡航,NOUN,B2
جَوْلَةٌ إِرْشَادِيَّة,guided tour,导游,NOUN,B2
جَوْهَرَة,gem,宝石,NOUN,B2
جَوْهَرِيّ,intrinsic,内在,ADJ,B2
جَيِّد,good well,好的,ADJ,A1
جُرْعَةٌ زَائِدَة,overdose,过量服药,NOUN,C1
جُزْئِيًّا,partially,部分地,ADV,B2
جُزْئِيًّا,partly,部分地,ADV,C1
جُزْئِيّ,partial,部分的,ADJ,B2
جُمُود,standstill,停滞,NOUN,B2
جُمْلَة,wholesale,批发,NOUN,B2
جُنَّ,to go crazy,发疯,VERB,B2
جُنُوح,delinquency,犯罪,NOUN,B2
جُنُود,troops,部队,NOUN,B2
جُنْدِيّ,soldier,士兵,NOUN,B1
جِدًّا,terribly,非常,ADV,A2
جِدَّة,novelty,新奇,NOUN,B2
جِذْع,torso,躯干,NOUN,B1
جِذْع,trunk,树干,NOUN,B1
جِرَاحِيّ,surgical,外科的,ADJ,B2
جِنَائِيّ,forensic,法医的,ADJ,B2
جِنَائِيّ,penal,刑罚的,ADJ,B2
جِنَاس,anagram,变位词,NOUN,B2
جِنَاس,homonymy,同音同形异义,NOUN,B2
جِنْسِيًّا,sexually,性方面地,ADV,C1
جِهَاز,apparatus,装置,NOUN,B2
جِهَاز تَحَكُّم,remote control,遥控器,NOUN,B2
جِهَازُ الرَّدِّ الآلِيّ,answering machine,邮箱,NOUN,B2
جِوَار,beside next to,旁边,NOUN,B2
جِيفَة,carcass,尸体,NOUN,B2
جِيلِيّ,generational,代际的,ADJ,B2
جِين,gin,金酒,NOUN,B2
حاج,pilgrim,朝圣者,NOUN,B2
حادث سيارة,car accident,车祸,NOUN,B2
حارس شخصي,bodyguard,保镖,NOUN,B2
حارس مرافقة,escort guard,镖师,NOUN,B2
حاسم,clear-cut,明确的,ADJ,B2
حاسم,conclusive,决定性的,ADJ,B2
حاسم,decisive,决定性的,ADJ,B2
حاسِم,crucial,至关重要的,ADJ,B2
حاضنة,preschool,幼儿园,NOUN,B2
حاكى,to emulate,效仿,VERB,B2
حاكى,to simulate,模拟,VERB,B2
حالياً,nowadays,如今,ADV,B2
حاليًّا,currently,目前,ADV,B2
حامية,garrison,驻军,NOUN,B2
حانة,pub,酒吧,NOUN,B2
حبيب,boyfriend,男朋友,NOUN,B2
حبيب,darling,亲爱的,NOUN,B2
حتى,even,甚至,ADV,B2
حجز,to reserve,预订,VERB,B2
حجم,size,尺寸,NOUN,B2
حد,boundary,边界,NOUN,B2
حدث,to occur,发生,VERB,B2
حدد,to determine,决定,VERB,B2
حدود,border,边界,NOUN,B2
حديد,iron,铁,NOUN,B2
حديقة خضروات,vegetable garden,果园,NOUN,B2
حذاء,boot,靴子,NOUN,B2
حذر,careful,小心的,ADJ,B2
حرب عالمية,world war,世界大战,NOUN,B2
حركة,move,搬家,NOUN,B2
حزين,melancholy,忧郁,ADJ,B2
حساء صافٍ,clear soup,江瑶清羹,NOUN,B2
حسب,to compute,计算,VERB,B2
حسد,to envy,羡慕,VERB,B2
حسنًا,alright,好的,ADV,B2
حشرة,bug,虫子,NOUN,B2
حصاة,pebble,卵石,NOUN,B2
حصل,to obtain,获得,VERB,B2
حصول,to get,得到,VERB,B2
حضرتك,you polite,您,PRON,B2
حطام,wreck,残骸,NOUN,B2
حظ سيئ,bad luck,倒霉,NOUN,B2
حظر,to ban,禁止,VERB,B2
حظي باهتمام عالمي,to receive worldwide attention,举世瞩目,VERB,B2
حفاضة,diaper,尿布,NOUN,B2
حفر,to excavate,挖掘,VERB,B2
حفرة,pit,坑,NOUN,B2
حفز,to motivate,激励,VERB,B2
حفلة موسيقية,concert,音乐会,NOUN,B2
حق الدائن,creditor's right,债权,NOUN,B2
حق المؤلف,copyright,版权,NOUN,B2
حقا,really,真正地,ADV,B2
حقيبة ظهر,backpack,背包,NOUN,B2
حقيبة يد,handbag,手提包,NOUN,B2
حقيقة,fact,事实,NOUN,B2
حقيقي,genuine,真正的,ADJ,B2
حك,itch,痒,NOUN,B2
حك,to itch,发痒,VERB,B2
حكاية خرافية,fairy tale,童话,NOUN,B2
حكم,judgment,判断,NOUN,B2
حكم,verdict,裁决,NOUN,B2
حكم,to judge,判断,VERB,B2
حكيم,wise,明智的,ADJ,B2
حلبة التزلج,ice rink,溜冰场,NOUN,B2
حلم,to dream,做梦,VERB,B2
حليف,ally,盟友,NOUN,B2
حم,father-in-law,岳父/公公,NOUN,B2
حماس,excitement,兴奋,NOUN,B2
حماية البيئة,environmental protection,环境保护,NOUN,B2
حمل,pregnancy,怀孕,NOUN,B2
حمى,to protect,保护,VERB,B2
حمّس,to enthuse,使热情,VERB,B2
حورية البحر,mermaid,美人鱼,NOUN,B2
حوّل,to convert,转换,VERB,B2
حي,vivid,生动的,ADJ,B2
حياء,decency,体面,NOUN,B2
حياء,modesty,谦虚,NOUN,B2
حير,to puzzle,使困惑,VERB,B2
حينئذ فقط,only then,才,ADV,B2
حيوية,vigor,活力,NOUN,B2
حيّ,alive,活着的,ADJ,B2
حَاجِب,hip,臀部,NOUN,B2
حَادِي عَشَرَة,eleven,十一,NUM,B2
حَادّ,incisive,深刻的,ADJ,B2
حَادّ,shrill,尖锐的,ADJ,B2
حَاذَى,to align,使一致,VERB,B2
حَاذَى,to border,毗邻,VERB,B2
حَارِس,security guard,保安,NOUN,B2
حَارِس,sentinel,哨兵,NOUN,B2
حَارِس,warden,看守人,NOUN,B2
حَاسُوب مَحْمُول,laptop,笔记本电脑,NOUN,B2
حَاسُوبٌ لَوْحِيّ,tablet,平板电脑,NOUN,C1
حَاسِبَة,calculator,计算器,NOUN,B2
حَاشِيَة,annotation,批注,NOUN,B2
حَاصَرَ,to besiege,包围,VERB,B2
حَاضِر,present,在场的,ADJ,B2
حَاضِرٌ فِي كُلِّ مَكَان,omnipresent,无所不在的,ADJ,B2
حَاضِرَة,metropolis,大都市,NOUN,B2
حَافلة البَعد البَعيد,long-distance bus,长途车,NOUN,B2
حَافٍ,barefoot,赤脚的,ADJ,B2
حَافَة,fringe,边缘,NOUN,B2
حَافَظَ,to maintain,维持,VERB,B2
حَافِز,stimulus,刺激,NOUN,B2
حَافِز,the anreiz,激励,NOUN,B2
حَاكَ,to knit,编织,VERB,B2
حَالَفَ,to ally,结盟,VERB,B2
حَالِيًّا,for now,暂时,ADV,B2
حَامِل,gravid,怀孕的,ADJ,B2
حَامِل,holder,持有人,NOUN,B2
حَامِل مِنْحَة,scholarship holder,奖学金获得者,NOUN,B2
حَانَة,bar,酒吧,NOUN,B1
حَانَة,tavern,小酒馆,NOUN,B2
حَانَة صَغِيرَة,bistro,小酒馆,NOUN,B2
حَبَّار,squid,鱿鱼,NOUN,B2
حَبِيب,lover,爱人,NOUN,B2
حَبِيب,sweetheart,恋人,NOUN,B1
حَبِيبِي,sweetie,甜心,NOUN,B2
حَبّ,grain,谷物,NOUN,B2
حَبّ البرق,buckwheat,荞麦,NOUN,B2
حَبْس,confinement,监禁,NOUN,B2
حَبْل,cord,绳索,NOUN,B2
حَتَّى,until,直到,ADP,B2
حَتَّى,up to,为止,ADP,B2
حَتَّى الآن,so far,到目前为止,ADV,B2
حَتْمًا,inexorably,不可阻挡地,ADV,B2
حَثٌّ مُتَوَاصِل,getreibung,持续驱动,NOUN,B2
حَثَّ,to exhort,劝告,VERB,B2
حَثَّ,to goad,唆使,VERB,B2
حَثَّ,to impel,推动,VERB,B2
حَثّ,to spur,激励,VERB,B2
حَجَبَ,to block,阻挡,VERB,C1
حَجَر صَوَّان,flint,打火石,NOUN,B2
حَجَزَ,to sequester,隔离,VERB,B2
حَجْمُ الْمَبِيعَات,turnover,营业额,NOUN,B2
حَدَّثَ,to discourse,论述,VERB,B2
حَدَّثَ,to update,更新,VERB,B2
حَدَّدَ,to limit,限制,VERB,B1
حَدَّدَ,to locate,定位,VERB,B2
حَدَّدَ حُدُود,to demarcate,划界,VERB,B2
حَدَّدَ مَعَالِمَ,to mark out,标出,VERB,B2
حَدَّقَ,to gape,目瞪口呆,VERB,C1
حَدِيث,talk,谈话,NOUN,B2
حَدِيث الوِلَادَة,neonatal,新生儿的,ADJ,B2
حَدِيثًا,freshly,刚刚,ADV,B2
حَدِيقَة حَيَوَان,zoo,动物园,NOUN,B2
حَذَفَ,to delete,删除,VERB,C1
حَذَفَ,to elide,省略,VERB,B2
حَذَفَ,to omit,省略,VERB,B2
حَذِر,cautious,小心的,ADJ,B2
حَذِر,circumspect,谨慎的,ADJ,B2
حَذِر,discreet,谨慎的,ADJ,B2
حَذِر,wary,谨慎的,ADJ,B2
حَذِر وَمُتَحَرٍّ,cautious and conscientious,兢兢业业,ADJ,B2
حَذْف,ellipsis,省略,NOUN,B2
حَرَقَ,burn,烧伤,NOUN,B2
حَرَقَ,to burn,燃烧,VERB,B2
حَرَمَ مِنَ الْمِيرَاث,to disinherit,剥夺继承权,VERB,B2
حَرَّجَ,to afforest,植树造林,VERB,B2
حَرَّر,to edit,编辑,VERB,B2
حَرَّر,to emancipate,解放,VERB,B2
حَرَّرَ,to free,释放,VERB,B2
حَرّك,to mobilize,动员,VERB,B2
حَرْفِيًّا,literally,字面上地,ADV,C1
حَرْفِيّ,literal,字面的,ADJ,B2
حَزَرَ,to guess right,猜中,VERB,B2
حَزَم,to pack,打包,VERB,B2
حَزَمَ,to gird,束紧,VERB,B2
حَزِنَ,to mourn,哀悼,VERB,C1
حَزّ,notch,凹痕,NOUN,B2
حَسَاء,stew,炖菜,NOUN,B2
حَسَبَ,to calculate,计算,VERB,B2
حَسَن الْمَنْظَر,good-looking,好看的,ADJ,B2
حَسَناً,well,好吧,INTJ,C1
حَسَناً إِذَنْ,oh well,算了,INTJ,C1
حَسَنًا,well,好,ADV,B2
حَسَّاس,delicate,精致的,ADJ,B1
حَسَّاس,sensitive,敏感的,ADJ,B2
حَسَّاس,touchy,易怒的,ADJ,B2
حَسَّنَ,to enhance,增强,VERB,B2
حَشَا,to cram,塞满,VERB,B2
حَشَا,to stuff,填满,VERB,B2
حَشَدَ,to rally,集结,VERB,B2
حَشَرَ,to wedge,楔入,VERB,C1
حَشْو,redundancy,冗余,NOUN,B2
حَصَرَ,to confine,限制,VERB,B2
حَصَلَ عَلَى,to procure,获得,VERB,B2
حَصَى,gravel,砾石,NOUN,B2
حَصَّنَ,to fortify,加固,VERB,B2
حَضَانَة,daycare,日托,NOUN,B2
حَضَرَ,to attend,出席,VERB,B2
حَضَنَ,to brood,孵蛋,VERB,B2
حَطَّ,to degrade,降级,VERB,B2
حَطَّ مِنْ قَدْرِ,to debase,贬低,VERB,B2
حَطَّمَ,to shatter,粉碎,VERB,B2
حَطَّمَ,to smash,粉碎,VERB,B2
حَطْم,smashing,砸过,NOUN,B2
حَظِيرَة,barn,谷仓,NOUN,C1
حَظّ,fortune,运气,NOUN,B2
حَظّ سَعِيد,good luck,好运,NOUN,B2
حَظّ سَعِيد,lucky chance,虽侥,NOUN,B2
حَظْر,embargo,禁运,NOUN,B2
حَظْر,prohibition,禁令,NOUN,B2
حَفيد,grandson,孙子,NOUN,B2
حَفيدة,granddaughter,孙女,NOUN,B2
حَفَّارَة,excavator,挖掘机,NOUN,B2
حَفَّزَ,to catalyze,催化,VERB,B2
حَفَّزَ,to galvanize,激励,VERB,B2
حَفَّزَ,to stimulate,激发,VERB,B2
حَفِظَ,to conserve,保存,VERB,B2
حَفْل تَرْحِيب,welcome banquet,欢迎宴,NOUN,B2
حَفْلَة,party,聚会,NOUN,B1
حَفْلَة تَقْدِير,appreciation banquet,答谢宴,NOUN,B2
حَفْلُ كَشْف,unveiling ceremony,揭幕仪式,NOUN,B2
حَقَارَة,unworthy,你不配,NOUN,B2
حَقَنَ,to inject,注射,VERB,B2
حَقَّقَ,to investigate,调查,VERB,B2
حَقِيبَة,suitcase,手提箱,NOUN,B2
حَقّ,prerogative,特权,NOUN,B2
حَقّاً,oh really,真的吗,INTJ,C1
حَكَمَ,to arbitrate,仲裁,VERB,B2
حَكِيم,sensible,明智的,ADJ,C1
حَكّ,rubbing,摩擦,NOUN,B2
حَلَقَة,loop,环,NOUN,B2
حَلِيف,confederate,同盟者,NOUN,B2
حَلْقَة,arena,竞技场,NOUN,B2
حَمَاس,zeal,热情,NOUN,B2
حَمَاقَة,fatuity,愚昧,NOUN,B2
حَمَلَ,to load,装载,VERB,B2
حَمَّام,bathroom,浴室,NOUN,A1
حَمِيم,intimate,亲密的,ADJ,B2
حَمْل,lamb,羔羊,NOUN,B2
حَمْلَة صَلِيبِيَّة,crusade,十字军东征,NOUN,B2
حَنِين,nostalgia,怀旧,NOUN,B2
حَوَّلَ,to shunt,分流,VERB,B2
حَوَّلَ,to transform,改变,VERB,B2
حَوْضُ اِسْتِحْمَام,bathtub,浴缸,NOUN,B1
حَوْضُ بِنَاءِ السُّفُن,shipyard,造船厂,NOUN,B2
حَوْل,around,到处,ADV,B2
حَيَاة خُمُول,sedentary lifestyle,久坐生活方式,NOUN,B2
حَيَاةٌ خَاصَّة,private life,私生活,NOUN,C1
حَيَاةٌ يَوْمِيَّة,everyday life,日常生活,NOUN,B2
حَيَوَان مَنَوِيّ,sperm,精子,NOUN,C1
حَيَوَانٌ أَلِيف,pet,宠物,NOUN,C1
حَيَوِيّ,biological,生物的,ADJ,B2
حَيَوِيّ,lively,活泼的,ADJ,B2
حَيَّدَ,to neutralize,中和,VERB,B2
حَيّ فَقِير,slum,贫民窟,NOUN,B2
حُبُّ الإِنْسَانِيَّةِ,philanthropy,博爱,NOUN,B2
حُبْسَة,aphasia,失语症,NOUN,B2
حُجَّة مُضَادَّة,counterargument,反驳论点,NOUN,B2
حُجَّةُ غِيَاب,alibi,不在场证明,NOUN,B2
حُرَّاس,guards,警卫,NOUN,B2
حُزَيْران,june,六月,NOUN,B2
حُزْمَة,sheaf,捆,NOUN,B2
حُصُول,obtaining,获得,NOUN,B2
حُكم,reign,统治,NOUN,B2
حُكْم الشُّيُوخ,gerontocracy,老人统治,NOUN,B2
حِدَّة,acrimony,尖刻,NOUN,B2
حِذَاء,shoe,鞋子,NOUN,B2
حِرفة,handicraft,工艺品,NOUN,B2
حِزَام,strap,带子,NOUN,B2
حِسَاب,calculation,计算,NOUN,B2
حِسَاب,the berechnung,计算,NOUN,B2
حِسَاب لَاحِق,hinterrechnung,后期核算,NOUN,B2
حِسَابٌ عَنْ بُعْد,fernrechnung,远程计算,NOUN,B2
حِسَابٌ مُسْبَق,the vorrechnung,预先核算,NOUN,B2
حِسِّيّ,sensual,感官的,ADJ,B2
حِصَار,blockade,封锁,NOUN,B2
حِصَّة,anteilung,份额,NOUN,B2
حِصَّة,portion,一部分,NOUN,B2
حِصَّة,ration,口粮,NOUN,B2
حِصْن,fortress,堡垒,NOUN,B2
حِفْظ,conservation,保护,NOUN,B2
حِقْد,malevolence,恶意,NOUN,B2
حِقْد,spite,恶意,NOUN,B2
حِلْيَة,trinket,小饰物,NOUN,B2
حِمَار,ass,驴,NOUN,B1
حِنْثٌ بِاليَمِين,perjury,伪证,NOUN,B2
حِيلَة,artifice,诡计,NOUN,B2
حِيلَة,stratagem,策略,NOUN,B2
خارِج,out,在外面,ADV,B2
خارِج,outside,外部,NOUN,B2
خاسِر,loser,失败者,NOUN,B2
خاطر,to risk,冒险,VERB,B2
خاطر بحياته,to risk life,拼命,VERB,B2
خالف الانضباط,to violate discipline,违纪,VERB,B2
خالق,creator,创造者,NOUN,B2
خامل,sluggish,迟钝的,ADJ,B2
خبز,to bake,烘焙,VERB,B2
خدع,to deceive,欺骗,VERB,B2
خرافة,fable,寓言,NOUN,B2
خزان,reservoir,水库,NOUN,B2
خشي,to dread,畏惧,VERB,B2
خصب,fertile,肥沃的,ADJ,B2
خضار,vegetable,蔬菜,NOUN,B2
خطأ,error,错误,NOUN,B2
خطأ,wrong,错误的事,NOUN,B2
خطيئة,sin,罪,NOUN,B2
خطير,risky,危险的,ADJ,B2
خفض القيمة,to devalue,贬值,VERB,B2
خفّف,to mitigate,减轻,VERB,B2
خلاف,falling out,反目,NOUN,B2
خلف,behind,在后面,ADV,B2
خلفاً,backwards,向后,ADV,B2
خلفي,rear,后面的,ADJ,B2
خلفية,background,背景,NOUN,B2
خلق,creation,创造,NOUN,B2
خنفساء,beetle,甲虫,NOUN,B2
خيار,option,选择,NOUN,B2
خيارات,options,期权,NOUN,B2
خيال,fantasy,幻想,NOUN,B2
خيال,fiction,小说,NOUN,B2
خَائِف,afraid,害怕的,ADJ,A1
خَائِن,disloyal,不忠的,ADJ,B2
خَائِن,unfaithful,不忠的,ADJ,B2
خَابَ,to disappoint,使失望,VERB,B2
خَاتِمَة خِطَاب,peroration,结束语,NOUN,B2
خَادَعَ,to bluff,虚张声势,VERB,C1
خَادِع,specious,似是而非的,ADJ,B2
خَادِمَة,maid,女仆,NOUN,B2
خَادِمَة,maidservant,女仆,NOUN,B2
خَارِج,abroad,国外,NOUN,B2
خَارِجٌ عَنِ القَانُون,outlaw,歹徒,NOUN,B2
خَارِق,supernatural,超自然的,ADJ,B2
خَاشِع,reverent,虔诚的,ADJ,B2
خَاصَّةً,notably,显著地,ADV,B2
خَاصَّتُهُ,its,它的,PRON,A1
خَاصِّيَّة,characteristic,特色,NOUN,B2
خَاصّ,own,自己的,ADJ,B2
خَاصّ,respective,各自的,ADJ,B2
خَاصّ,specific,具体的,ADJ,B2
خَاضِع لِلضَّرِيبَة,taxable,应纳税的,ADJ,B2
خَاضِع لِلْقَانُون,subject to the law,受法律约束的,ADJ,B2
خَاطَبَ,to address,演讲,VERB,C1
خَاطِئ,incorrect,不正确的,ADJ,B2
خَاطِر,sake,份上,NOUN,B2
خَافِت,faint,微弱的,ADJ,B2
خَالَفَ,to contravene,违反,VERB,B2
خَالِد,immortal,不朽的,ADJ,B2
خَالِي الْبَال,carefree,无忧无虑的,ADJ,B2
خَامِل,inert,惰性的,ADJ,B2
خَامِل,lethargic,昏睡的,ADJ,B2
خَانَ,to betray,背叛,VERB,B2
خَبَرَ,to experience,经历,VERB,B2
خَبَرَ,to test,测试,VERB,B2
خَبَرَة,smattering,少量,NOUN,B2
خَبَّطَ,to bungle,搞砸,VERB,B2
خَبِيث,malicious,恶意的,ADJ,B2
خَبِيث,pernicious,有害的,ADJ,B2
خَبِيث,virulent,恶性的,ADJ,B2
خَبِيثٌ,insidious,潜伏的,ADJ,B2
خَبِير,experienced,老练的,ADJ,B2
خَبِير,connoisseur,行家,NOUN,B2
خَتَمَ,to seal,密封,VERB,B2
خَجِلَ,to be ashamed,感到羞愧,VERB,B2
خَجِلَ,to blush,脸红,VERB,B2
خَدَشَ,to scratch,抓,VERB,B2
خَدَعَ,to dupe,欺骗,VERB,B2
خَدَعَ,to trick,欺骗,VERB,B2
خَدَمَ,to serve,服务,VERB,C1
خَدَمَ خَطًّا,to serve a route,运营路线,VERB,B2
خَدَّرَ,to anesthetize,麻醉,VERB,B2
خَدَّرَ,to numb,使麻木,VERB,B2
خَدِرَ,to go numb,发麻,VERB,B2
خَدْش,abrasion,擦伤,NOUN,B2
خَدْش,scratch,抓痕,NOUN,B2
خَرَاء,shit,狗屎,NOUN,B2
خَرَاب,desolation,荒凉,NOUN,B2
خَرَجَ,to come out,出来,VERB,B2
خَرَجَ,to go out,出去,VERB,B2
خَرَف,dementia madness,痴呆,NOUN,B2
خَرَّبَ,to ravage,破坏,VERB,B2
خَرَّفَ,to bullshit,胡说,VERB,B2
خَرِيطَةُ الْمَدِينَة,city map,城市地图,NOUN,B2
خَزْنَة,vault,金库,NOUN,B2
خَسارَة,lose,上丢,NOUN,B2
خَشِن,coarse,粗糙的,ADJ,B2
خَصَّصَ,to allocate,分配,VERB,B2
خَصْخَصَ,to privatize,私有化,VERB,B2
خَصْم الدُّيُون,factoring,保理,NOUN,B2
خَضَعَ,to succumb,屈服,VERB,B2
خَضَعَ,to undergo,经历,VERB,B2
خَطَأ,make mistake,犯错,NOUN,B2
خَطَبَ,to declaim,慷慨激昂地演讲,VERB,B2
خَطَر,peril,凶险,NOUN,B2
خَطَفَ,to snatch,抢夺,VERB,B2
خَطَفَ خِفْيَةً,to spirit away,偷偷带走,VERB,B2
خَطَّاف,hook,钩子,NOUN,C1
خَطَّط,outline,大纲,NOUN,B2
خَطَّط,to outline,勾勒,VERB,B2
خَطَّطَ,to plan,计划,VERB,B2
خَطُّ تَوْصِيلٍ مُقَوًّى,the verstleitung,强化传导线路,NOUN,B2
خَطِير,perilous,危险的,ADJ,B2
خَطّ,calligraphy,书法,NOUN,B2
خَطّ سَيْر,itinerary,行程,NOUN,B2
خَطْف,to kidnap,绑架,VERB,B2
خَفَّضَ,to lower,降低,VERB,B2
خَفَّضَ الضَّغْط,to decompress,解压,VERB,B2
خَفَّضَ قِيمَة,to depreciate,贬值,VERB,B2
خَفَّفَ,to alleviate,缓解,VERB,B2
خَفَّفَ,to dilute,稀释,VERB,B2
خَفَّفَ,to lighten,减轻,VERB,B2
خَفَّفَ,to relieve,缓解,VERB,B2
خَفِير,sentry,卫兵,NOUN,B2
خَفْضُ الْقِيمَة,the abwert,贬值,NOUN,B2
خَفْضُ الْقِيمَةِ,devaluation,贬值,NOUN,B2
خَلَعَ عَنِ العَرْش,to dethrone,废黜,VERB,B2
خَلَعَ مَلاَبِسَهُ,to undress,脱衣,VERB,B2
خَلَف,successor,继任者,NOUN,B2
خَلَّاب,picturesque,优美的,ADJ,B2
خَلَّاط,blender,搅拌机,NOUN,B2
خَلَّدَ,to eternalize,使不朽,VERB,B2
خَلَّصَ,to extricate,解救,VERB,B2
خَلَّفَ,to leave behind,留下,VERB,B2
خَلِيجٌ صَغِير,cove,小海湾,NOUN,B2
خَلِيطٌ وَاسِع,the weitmischung,广泛混合物,NOUN,B2
خَلْط,the gemischung,混合,NOUN,B2
خَلْفِيَّة,backdrop,背景,NOUN,B2
خَمَّنَ,to conjecture,推测,VERB,B2
خَمْسَةَ عَشَرَ,fifteen,十五,NUM,A1
خَنَقَ,to asphyxiate,使窒息,VERB,B2
خَنَقَ,to suffocate,窒息,VERB,B2
خَنْجَر,dagger,匕首,NOUN,B2
خَنْدَق,ditch,沟渠,NOUN,B2
خَوَّلَ,to authorize,授权,VERB,B2
خَوْفٌ مُمِيت,mortal fear,极度恐惧,NOUN,B2
خَيَالِي,imaginary,虚构的,ADJ,B2
خَيَالِيّ,imaginative,富有想象力的,ADJ,B1
خَيَّبَ الأَمَل,to disenchant,使幻灭,VERB,B2
خَيَّمَ,to camp,露营,VERB,B2
خَيْبَةُ أَمَلٍ,disenchantment,醒悟,NOUN,B2
خَيْرِيّ,charitable,慈善的,ADJ,B2
خَيْط,string,线,NOUN,B2
خُرَّاج,abscess,脓肿,NOUN,B2
خُرْدَة,junk,破烂,NOUN,B2
خُرْطُوم,hose,软管,NOUN,B2
خُرْق,clumsiness,笨拙,NOUN,B2
خُصُوصِيَّة,particularity,特性,NOUN,C1
خُطُوبَة,betrothal,订婚,NOUN,B2
خِبْرَة,expertise,专业知识,NOUN,B2
خِدَاع,deceit,欺骗,NOUN,B2
خِدْمَة,service,侍候,NOUN,B2
خِرْقَة,rag,破布,NOUN,B2
خِزَانَة,cabinet,橱柜,NOUN,B2
خِزَانَة,cupboard,橱柜,NOUN,A1
خِزَانَة,wardrobe,衣柜,NOUN,B1
خِزَانَة كُتُب,bookcase,书架,NOUN,B2
خِطَاب تَهَجُّمِيّ,philippic,抨击性演说,NOUN,B2
خِفَّة,lightness,轻盈,NOUN,B2
خِلْسَة,stealth,潜行,NOUN,C1
خِلْقِيّ,congenital,先天的,ADJ,B2
خِنْزِيرَة,sow,母猪,NOUN,B2
خِيار,cucumber,黄瓜,NOUN,B2
خِيَاطَة,sewing,缝纫,NOUN,B2
خِيَانَة,disloyalty,不忠,NOUN,B2
خِيَانَة,infidelity,不忠,NOUN,B2
خِيَانَة,treason,叛国罪,NOUN,B2
دائخ,dizzy,头晕的,ADJ,B2
داخل,within,在……之内,ADP,B2
دار,to circulate,循环,VERB,B2
دار البلدية,city hall,市政厅,NOUN,B2
داعب,to caress,爱抚,VERB,B2
دانْمَيْ,danmei,但没,NOUN,B2
دبلوماسي,diplomatic,外交的,ADJ,B2
دخل المدينة,to enter city,进城,VERB,B2
دراجة نارية,motorcycle,摩托车,NOUN,B2
دراماتيكي,dramatic,戏剧性的,ADJ,B2
درج,drawer,抽屉,NOUN,B2
دزينة,dozen,一打,NOUN,B2
دفاية,radiator,暖气片,NOUN,B2
دفع الحظ,push luck,太得寸,NOUN,B2
دفع جوّال,mobile payment,移动支付,NOUN,B2
دفع ضريبة,to pay tax,纳税,VERB,B2
دفع مبتسماً,to pay smilingly,笑付,VERB,B2
دفن,burial,埋葬,NOUN,B2
دقيق,exact,精确的,ADJ,B2
دقيق,meticulous,一丝不苟的,ADJ,B2
دقيق,nuanced,细微差别的,ADJ,B2
دقيق,punctual,准时的,ADJ,B2
دمج,to merge,合并,VERB,B2
دمر,to destroy,破坏,VERB,B2
دمر,to devastate,摧毁,VERB,B2
دمية,doll,玩偶,NOUN,B2
دمية,puppet,木偶,NOUN,B2
دمية قماشية,plush toy,毛绒玩具,NOUN,B2
دناءة,inferiority,劣势,NOUN,B2
دهن,fat,脂肪,NOUN,B2
دوق,duke,公爵,NOUN,B2
دولة عدوة,enemy state,敌国,NOUN,B2
دوي,bang,巨响,NOUN,B2
ديباج,brocade,锦绣,NOUN,B2
ديسمبر,december,十二月,NOUN,B2
ديمقراطية,democracy,民主,NOUN,B2
ديناصور,dinosaur,恐龙,NOUN,B2
ديناميت,dynamite,炸药,NOUN,B2
ديناميكي,dynamic,动态的,ADJ,B2
دَؤُوب,tireless,不知疲倦的,ADJ,B2
دَاء,malady,弊病,NOUN,B2
دَائِرَة,precinct,管区,NOUN,B2
دَائِم,constant,持续的,ADJ,B2
دَائِم,perpetual,永久的,ADJ,B2
دَائِمًا,constantly,不断地,ADV,B2
دَائِمًا,invariably,总是,ADV,B2
دَاخِلٌ,inside,在里面,ADV,B2
دَاخِلِيٌّ,insider,知情者,NOUN,B2
دَاخِلِيَّة,interior,内部,NOUN,B2
دَار الإِمَارة,imperial court,朝廷,NOUN,B2
دَارَ,cycle,循环,NOUN,B2
دَارَ,to cycle,骑自行车,VERB,B2
دَارُ الْبَلَدِيَّة,town hall,市政厅,NOUN,B2
دَاسَ,to trample,踩踏,VERB,B2
دَاعِم,supportive,支持的,ADJ,B2
دَافَعَ,to advocate,主张,VERB,B2
دَافَعَ,to defend,保卫,VERB,B2
دَافِع ضَرَائِب,taxpayer,纳税人,NOUN,B2
دَامَ,to last a period of time,为期,VERB,B2
دَبَّسَ,to pin,别住,VERB,B2
دَبُّوسُ أَوْرَاق,the aktnadel,文件图钉,NOUN,B2
دَحْرَجَ,to roll,滚动,VERB,B2
دَخَلَ,to come in,进来,VERB,B2
دَخَلَ,to go in,进去,VERB,B2
دَخَّنَ,to fumigate,熏蒸,VERB,B2
دَخْل وَمَخْرَج,income and expense,收支,NOUN,B2
دَرَابْزِين,balustrade,栏杆,NOUN,B2
دَرَجَات,steps,台阶,NOUN,B2
دَرَجَة,grade,等级,NOUN,B2
دَرَجَةُ الْحَرَارَة,temperature,温度,NOUN,C1
دَرَسَ,to study,学习,VERB,A2
دَرَّاج,cyclist,骑车人,NOUN,B2
دَرْدَشَ,to chat,聊天,VERB,B2
دَرْسُ الأَلْمَانِيَّة,german class,德语课,NOUN,B2
دَعَا,to invite,邀请,VERB,C1
دَعَا,to sue,起诉,VERB,B2
دَعَمَ,to subsidize,资助,VERB,B2
دَعْوَة,calling,使命,NOUN,B2
دَعْوَى قَضَائِيَّة,pursuit lawsuit,起诉,NOUN,B2
دَغْدَغَة,tickle,搔痒,NOUN,B2
دَفَعَ,to push to grow,推动,VERB,B2
دَفْتَر شِيكَات,checkbook,支票簿,NOUN,B2
دَفْع إِلِكْتُرُونِيّ,electronic payment,电子支付,NOUN,B2
دَفْعَة,impulse,冲动,NOUN,B2
دَقَّقَ,to nuance,润色,VERB,B2
دَقِيق,accurate,准确的,ADJ,B2
دَقِيق,scrupulous,一丝不苟的,ADJ,B2
دَقِيق,subtle,微妙的,ADJ,B2
دَلَالَة ضِمْنِيَّة,connotation,涵义,NOUN,B2
دَلَّ ضِمْنِيًّا,to connote,暗示,VERB,B2
دَلَّ عَلَى,to denote,指示,VERB,B2
دَلَّلَ,to pamper,纵容,VERB,B2
دَلِيل,clue,线索,NOUN,B2
دَمَجَ,to amalgamate,合并,VERB,B2
دَمَجَ,to combine,结合,VERB,B2
دَمَجَ,to consolidate,巩固,VERB,B2
دَمَجَ,to incorporate,包含,VERB,B2
دَمَجَ,to integrate,整合,VERB,B2
دَمَوِيّ,bloody,血淋淋的,ADJ,C1
دَمْقَرَطَ,to democratize,使民主化,VERB,B2
دَنِيء,sordid,肮脏的,ADJ,B2
دَهَسَ,to run over,碾过,VERB,B2
دَهَنَ,to paint,粉刷,VERB,A1
دَوَاء,medication,药物,NOUN,B2
دَوَّار الشَّمْس,sunflower,向日葵,NOUN,B2
دَوْرِيَّة,patrol,巡逻,NOUN,B2
دَيْر,cloister,修道院,NOUN,B2
دُفْعَة,batch,一批,NOUN,C1
دُهْنِيّ,greasy,油腻的,ADJ,B2
دُوقَة,duchess,公爵夫人,NOUN,B2
دِبْلُوم,diploma,文凭,NOUN,B2
دِرَاسَات,studies,学业,NOUN,C1
دِرَايَة,know-how,诀窍,NOUN,B2
دِرْع,armor,盔甲,NOUN,B2
دِرْعُ زَرَد,chain mail,锁子甲,NOUN,B2
دِعَامَة,buttress,扶壁,NOUN,B2
دِعَايَة,publicity,宣传,NOUN,B2
دِفَاعِيّ,defensive,防御的,ADJ,B2
دِقَّة,accuracy,准确性,NOUN,B2
دِقَّة,subtlety,微妙,NOUN,B2
دِكْتَاتُور,dictator,独裁者,NOUN,B2
دِيك رُومِيّ,turkey,火鸡,NOUN,C1
دِيمُوغْرَافِيّ,demographic,人口统计的,ADJ,B2
دِيمُوقْرَاطِيّ,democrat,民主主义者,NOUN,B1
دِينَامِيكِيَّة,dynamism,活力,NOUN,B2
دِينِيّ,religious,宗教的,ADJ,C1
ذبح,slaughter,屠杀,NOUN,B2
ذرة,corn,玉米,NOUN,B2
ذروة,climax,高潮,NOUN,B2
ذريعة,pretext,借口,NOUN,B2
ذكر,mention,提及,NOUN,B2
ذكر,to mention,提及,VERB,B2
ذكي,witty,机智的,ADJ,B2
ذو صلة,relevant,相关的,ADJ,B2
ذو قيمة,worth,值得的,ADJ,B2
ذَابَ,to thaw,解冻,VERB,B2
ذَاكَ,that yonder,那个,DET,B2
ذَاكَ,that one,那个,PRON,B2
ذَبَحَ,to slaughter shoot down,屠宰,VERB,B2
ذَبُلَ,to wilt,枯萎,VERB,B2
ذَخِيرَةٌ فَنِّيَّة,repertoire,全部曲目,NOUN,B2
ذَقَن,chin,下巴,NOUN,C1
ذَكَر,male,男性的,ADJ,B2
ذَكَّرَ,to remind,提醒,VERB,B2
ذَلِكَ,that,那个,DET,B2
ذَلِكَ,the it,那,DET,B1
ذَلِكَ,it neuter,它,PRON,A1
ذَلِكَ,that,那个,PRON,B2
ذَهَب,gold,金子,NOUN,B2
ذَيْل,tail,尾巴,NOUN,C1
ذُهُول,stupor,昏迷,NOUN,B2
ذُو رَأْسَيْنِ,two-headed,双头的,ADJ,B2
ذُو مَغْزَى,meaningful,有意义的,ADJ,B2
ذِكْرَى الزَّوَاج,wedding anniversary,结婚纪念日,NOUN,C1
رؤية للعالم,worldview,世界观,NOUN,B2
رئيس,boss,老板,NOUN,B2
رئيس الوزراء,premier,总理,NOUN,B2
رئيس الوزراء,prime minister,总理,NOUN,B2
رئيس قسم,department head,厅长,NOUN,B2
رائد أعمال,entrepreneur,企业家,NOUN,B2
رائع,fantastic,极好的,ADJ,B2
راجل,pedestrian,行人,NOUN,B2
راسخ,established,既定的,ADJ,B2
رافَق,escort,护卫,NOUN,B2
رافَق,to escort,护送,VERB,B2
راهبة,nun,修女,NOUN,B2
ربع سنة,quarter of a year,季度,NOUN,B2
رتب,to put in order,收拾,VERB,B2
رتشفة,sip,小口喝,NOUN,B2
رجعي,regressive,退步的,ADJ,B2
رجل,gentleman,绅士,NOUN,B2
رجل,guy,家伙,NOUN,B2
رجل أعمال,businessman,商人,NOUN,B2
رجل وسيم,handsome guy,帅哥,NOUN,B2
رحلة,ride,行程,NOUN,B2
رخصة قيادة,driver's license,驾驶证,NOUN,B2
رد,to respond,回应,VERB,B2
رد على,to respond to,回应,VERB,B2
رسم,fee,费用,NOUN,B2
رسمل,to capitalize,利用,VERB,B2
رشح,to filter,过滤,VERB,B2
رصاصة,bullet,子弹,NOUN,B2
رصيف,quay,码头,NOUN,B2
رعاية,nurturing,养好,NOUN,B2
رعى,to care for,照顾,VERB,B2
رعى,to nurture,养育,VERB,B2
رغبة في الموت,death wish,找死,NOUN,B2
رغم,although,虽然,SCONJ,B2
رفض,to reject,拒绝,VERB,B2
رفض المحكمة,court dismissal,退朝,NOUN,B2
رفض بأدب,to decline politely,婉拒,VERB,B2
رفع,to raise,举起,VERB,B2
رفيق,comrade,同志,NOUN,B2
رفيق,playmate,玩伴,NOUN,B2
رقبة,neck,脖子,NOUN,B2
رقم اثنان,number two,二号,NOUN,B2
رنين مغناطيسي,mri,核磁共振,NOUN,B2
رهن,to mortgage,抵押,VERB,B2
رَأَى,to see,看见,VERB,B2
رَأَى,to see again,再见,VERB,B2
رَأَى,to see corpse,见尸,VERB,B2
رَئِيس,superior,更好的,ADJ,B2
رَئِيس,chairman,主席,NOUN,B2
رَئِيس,chairperson,主席,NOUN,B2
رَئِيسٌ تَنْفِيذِيّ,ceo,首席执行官,NOUN,B2
رَئِيسَة,president female,女总统,NOUN,B2
رَئِيسِي,major,少校,NOUN,B2
رَائِحَة,fragrance,香味,NOUN,B2
رَائِد,leading,领导的,ADJ,C1
رَائِد,pioneer,先驱,NOUN,B2
رَائِدُ فَضَاء,astronaut,宇航员,NOUN,B2
رَائِع,fabulous,极好的,ADJ,B2
رَائِع,gorgeous,华丽的,ADJ,B2
رَائِع,marvelous,绝妙的,ADJ,B2
رَائِع,remarkable,非凡的,ADJ,B2
رَائِع,superb,极好的,ADJ,B2
رَابِطَة,binding,装订,NOUN,B2
رَابِطَة,tie,领带,NOUN,C1
رَابِع,fourth,第四,ADJ,B2
رَاتِبٌ سَنَوِيّ,annual wage,年薪,NOUN,B2
رَاجِح,preponderant,占优势的,ADJ,B2
رَاضٍ,fulfilled,满足的,ADJ,B2
رَاعِي,herder,牧民,NOUN,B2
رَافَقَ,to come along,一起来,VERB,B2
رَاقٍ,exquisite,精致的,ADJ,B2
رَاقَبَ,to supervise,监督,VERB,B2
رَاكَمَ,to amass,积聚,VERB,B2
رَاكِب,passenger,乘客,NOUN,C1
رَاكِد,stagnant,停滞的,ADJ,B2
رَامٍ,shooter,射击手,NOUN,C1
رَاهَنَ,bet,打赌,NOUN,B2
رَاهَنَ,to bet,打赌,VERB,B2
رَبَطَ,to associate,联系,VERB,B2
رَبَطَ,to connect,连接,VERB,B1
رَبَطَ,to fasten,系紧,VERB,C1
رَبَطَ,to relate,联系,VERB,B2
رَبْطٌ عَالٍ,the hochbindung,高度结合,NOUN,B2
رَبْطٌ عَمِيق,the tiefbindung,深度结合,NOUN,B2
رَبْطٌ لَاحِق,the nachbindung,后续结合,NOUN,B2
رَتَّبَ,to arrange,安排,VERB,B2
رَجَعَ,to come back,回来,VERB,B2
رَجَعَ,to go back,回去,VERB,B2
رَحَّلَ,to deport,驱逐出境,VERB,B2
رَحْمَة,clemency,仁慈,NOUN,B2
رَخْو,flaccid,无力的,ADJ,B2
رَدَّ,to bring back,带回,VERB,B2
رَدَّ,to retort,反驳,VERB,B2
رَدِيء,lousy,糟糕的,ADJ,B2
رَدِيء,terrible,可怕的,ADJ,B2
رَدّ,reply,回复,NOUN,C1
رَسَمَ,to delineate,描绘,VERB,B2
رَسَمَ,to sketch,素描,VERB,B2
رَسَّام هَنْدَسِيّ,draftsman,制图员,NOUN,B2
رَسْم,toll,通行费,NOUN,B2
رَسْم إِضَافِيّ,surcharge,附加费,NOUN,B2
رَسْمُ الْخِدْمَة,serve markup,发球/加价,NOUN,B2
رَسْمِيًّا,formally,形式上地,ADV,B2
رَسْمِيًّا,officially,正式地,ADV,B2
رَشَا,to bribe,贿赂,VERB,B2
رَشَا,to suborn,教唆,VERB,B2
رَشَاقَة,agility,敏捷,NOUN,B2
رَشَاقَة,slenderness,苗条,NOUN,B2
رَشِيق,agile,敏捷的,ADJ,B2
رَشِيق,nimble,敏捷的,ADJ,B2
رَصِيفُ المِينَاء,pier,码头,NOUN,B2
رَصِيفُ الْمِينَاءِ,wharf,码头,NOUN,B2
رَضِيع,infant,婴儿,NOUN,B2
رَطَّبَ,to dampen,弄湿,VERB,C1
رَطْب,humid,潮湿的,ADJ,B2
رَعَى,to graze,吃草,VERB,B2
رَعَى,to sponsor,赞助,VERB,B2
رَغْم,to in spite of,不顾,VERB,B2
رَغْوَة,froth,泡沫,NOUN,B2
رَغْوَة,scum,渣滓,NOUN,B2
رَفَاهِيَة,welfare,福利,NOUN,B2
رَفَعَ,to elevate,提升,VERB,B2
رَفَعَ,to upload,上传,VERB,B2
رَفَعَ السِّرِّيَّة عَنْ,to declassify,解密,VERB,B2
رَفِيع,exalted,崇高的,ADJ,B2
رَفِيق,consort,福晋,NOUN,B2
رَفِيقُ الْغُرْفَة,roommate,室友,NOUN,C1
رَفْرَفَ,to flap,拍打,VERB,B2
رَفْض,the abweisung,拒绝,NOUN,B2
رَفْضٌ مُؤَقَّت,temporary refusal,暂不,NOUN,B2
رَفْع الرَّهْن,release of lien,解除留置权,NOUN,B2
رَقَّبَ,to censor,审查,VERB,B2
رَقَّى,to ascend to promote,晋升,VERB,B2
رَقَّى,to promote,晋升,VERB,B2
رَقِيب,sergeant,中士,NOUN,B2
رَقِيقُ الْجُدْرَان,thin-walled,隔音差的,ADJ,B2
رَقْمَنَ,to digitize,数字化,VERB,B2
رَقْمُ الْهَاتِف,telephone number,电话号码,NOUN,B2
رَكَّبَ,to synthesize,合成,VERB,B2
رَكِبَ,to embark,上船,VERB,B2
رَمَادِيّ,grey,灰色的,ADJ,B2
رَمَشَ,to blink,眨眼,VERB,C1
رَمَى,to discard,丢弃,VERB,B2
رَمْزِيّ,emblematic,象征性的,ADJ,B2
رَمْزِيّ,symbolic,象征性的,ADJ,B2
رَنَح,ataxia,共济失调,NOUN,B2
رَنَّ,to resonate,共鸣,VERB,B2
رَنَّان,resonant,共鸣的,ADJ,B2
رَهِيب,horrible,可怕的,ADJ,B2
رَهْبَة الْمَسْرَح,stage fright,怯场,NOUN,B2
رَومانسِيَّة,idyll,田园诗,NOUN,B2
رَوَاج,vogue,流行,NOUN,B2
رَوَى,to irrigate,灌溉,VERB,B2
رَوَّضَ,to tame,驯服,VERB,B2
رَوَّعَ,to appal,使惊恐,VERB,B2
رَوَّعَ,to horrify,使震惊,VERB,B2
رَوْث,droppings,粪便,NOUN,B2
رُؤْيَةٌ أَصْلِيَّة,ursicht,原始视野,NOUN,B2
رُبَّمَا,maybe,也许,ADV,A1
رُخَام,marble,大理石,NOUN,B2
رُسُومُ الْبَرِيدِ,postage,邮资,NOUN,B2
رُكُود,to stagnate,停滞,VERB,B2
رُهَاب الأَجَانِب,xenophobia,仇外,NOUN,B2
رُوح,soul,心灵,NOUN,B1
رُوح,spirit,精神,NOUN,B2
رُوحِيّ,spiritual,精神上的,ADJ,B2
رُوسِيّ,Russian,俄语,NOUN,B2
رُومَانِيّ,roman,罗马人,NOUN,B2
رُومَانِيّ,romanian,罗马尼亚人,NOUN,B2
رِئَاسِيًّا,mainly,主要地,ADV,B2
رِبْح رَأْسْمَالِيّ,capital gain,资本收益,NOUN,B2
رِبْح غَيْر مُتَوَقَّع,windfall,意外之财,NOUN,B2
رِحْلَة,trip,旅行,NOUN,B2
رِحْلَة سَيْر,hike,徒步旅行,NOUN,B2
رِحْلَةٌ قَصِيرَة,nahfahrt,短途出行,NOUN,B2
رِحْلَةٌ مَشْؤُومَة,unfahrt,不吉利的行程,NOUN,B2
رِحْلَةٌ مُنْجَزَة,erfahrt,行程历练,NOUN,B2
رِدَاء,cloak,斗篷,NOUN,B2
رِدْف,buttocks,臀部,NOUN,B2
رِسَالَة,letter,信,NOUN,A1
رِسَالَة نَصِّيَّة,text message,短信,NOUN,B2
رِعَايَة,auspice,赞助,NOUN,B2
رِعَايَةٌ فَرْعِيَّة,unterpflegung,辅助照料,NOUN,B2
رِوَاقِيّ,stoic,坚忍的,ADJ,B2
رِيفِيّ,rustic,乡村的,ADJ,B2
رِيَاضِيَّات,math,数学,NOUN,C1
رِيَاضِيّ,athletic,运动的,ADJ,B2
زئبق,mercury,汞,NOUN,B2
زئير,growl,低吼,NOUN,B2
زائر,visitor,访客,NOUN,B2
زجاج النافذة,window glass,窗玻璃,NOUN,B2
زعمًا,allegedly,据称,ADV,B2
زلابية,dumpling,丸子,NOUN,B2
زلق,slippery,滑的,ADJ,B2
زميل,fellow,家伙,NOUN,B2
زنك,zinc,锌,NOUN,B2
زوج,couple,一对,NOUN,B2
زوج,husband,丈夫,NOUN,B2
زوج,a pair,一对,NUM,B2
زوجان,a married couple,夫妇,NOUN,B2
زوجة الأخ,sister-in-law,嫂子/弟媳/大姑子/小姑子,NOUN,B2
زود,to provide,提供,VERB,B2
زومبي,zombie,僵尸,NOUN,B2
زوّر,to falsify,伪造,VERB,B2
زي,costume,戏服,NOUN,B2
زين,to decorate,装饰,VERB,B2
زينة,decoration,装饰品,NOUN,B2
زينة,ornament,装饰,NOUN,B2
زَأَرَ,to bellow,吼叫,VERB,B2
زَائِد,redundant,多余的,ADJ,B2
زَائِد,superfluous,多余的,ADJ,B2
زَائِف,spurious,虚假的,ADJ,B2
زَاحَ,to dislocate,使脱臼,VERB,B2
زَادَ,to increase steadily,与日俱增,VERB,B2
زَادَ وَزْنُهُ,to gain weight,增重,VERB,B2
زَارَ,to come over,过来探访,VERB,B2
زَاهِد,ascetic,苦行的,ADJ,B2
زَاوِيّ,angular,有角的,ADJ,B2
زَحْزَحَ,to dislodge,逐出,VERB,B2
زَخَّة مَطَر,rain shower,阵雨,NOUN,B2
زَرَعَ,to cultivate,培养,VERB,B2
زَرَعَ,to implant,植入,VERB,B2
زَرَعَ,to plant out,定植,VERB,B2
زَرَقَة,lane,小巷,NOUN,B2
زَعِيمُ قَبِيلَة,chieftain,酋长,NOUN,C1
زَفَرَ,to exhale,呼气,VERB,B2
زَمَنِيّ,temporal,时间的,ADJ,B2
زَمِيل,colleague,同事,NOUN,B2
زَمِيل فَرِيق,teammate,队友,NOUN,B2
زَنْبَق,lily,百合花,NOUN,B2
زَهِيد,derisory paltry,微不足道的,ADJ,B2
زَوْبَعَة,squall,狂风,NOUN,B2
زَوْج,pair,一对,NOUN,B2
زَوْج,spouse,配偶,NOUN,B2
زَوْجَة,wife mrs,妻子,NOUN,A1
زَيَّفَ,to fake,伪造,VERB,C1
زَيَّن,to embellish,装饰,VERB,B2
زَيَّنَ,to adorn,装饰,VERB,B2
زُمُرُّد,emerald,祖母绿,NOUN,B2
زِرَاعَة,cultivation,培养,NOUN,B2
زِنْزَانَة,dungeon,地牢,NOUN,B2
زِيادَة يَوميَّة,daily increase,日渐,NOUN,B2
زِيَادَةٌ قُصْوَى,the erzsteigerung,极大提升,NOUN,B2
زِيّ مُوَحَّد,uniform,制服,NOUN,B2
سؤال بلاغي,rhetorical question,宁非,NOUN,B2
ساء,to worsen,恶化,VERB,B2
سائق مخصّص,designated driver,代驾,NOUN,B2
ساحر,fascinating,迷人的,ADJ,B2
ساحر,wizard,巫师,NOUN,B2
ساحرة,witch,女巫,NOUN,B2
ساخر,ironic,讽刺的,ADJ,B2
ساذج,gullible,易受骗的,ADJ,B2
سار,pleasant,令人愉快的,ADJ,B2
سارق,burglar,窃贼,NOUN,B2
ساطع,bright,明亮的,ADJ,B2
ساعة منبّهة,alarm clock,闹钟,NOUN,B2
ساكن,inhabitant,居民,NOUN,B2
سبب,cause,原因,NOUN,B2
سبب,to cause,引起,VERB,B2
سبب الوفاة,cause of death,死因,NOUN,B2
سترة,vest,背心,NOUN,B2
سجل,record,记录,NOUN,B2
سجل,to enroll,注册,VERB,B2
سجل,to record,记录,VERB,B2
سجن,jail,监狱,NOUN,B2
سجّل,to register,注册,VERB,B2
سحب,to drag,拖,VERB,B2
سحب من الخدمة,decommissioning,退役,NOUN,B2
سحر,to be entranced,出神,VERB,B2
سحر,to enchant,使着迷,VERB,B2
سخيف,ridiculous,荒谬的,ADJ,B2
سرد,to recount,转述,VERB,B2
سرد,to relate to narrate,叙述,VERB,B2
سرق,to be stolen,失窃,VERB,B2
سري,clandestine,秘密的,ADJ,B2
سريع,quick,快的,ADJ,B2
سريع,rapid,迅速的,ADJ,B2
سريع الغضب,irascible,易怒的,ADJ,B2
سعى,to pursue,追求,VERB,B2
سعي,quest,探索,NOUN,B2
سقوط,fall,瀑布,NOUN,B2
سكران,drunk,醉酒的,ADJ,B2
سكن,to inhabit,居住,VERB,B2
سلاح الجريمة,murder weapon,凶器,NOUN,B2
سلالة,breed,品种,NOUN,B2
سلب,to despoil,掠夺,VERB,B2
سلب,to rob,抢劫,VERB,B2
سلسلة الصناعات,industry chain,产业链,NOUN,B2
سلسلة جبال,mountain range,山脉,NOUN,B2
سلك,plug,插头,NOUN,B2
سلك,wire,电线,NOUN,B2
سلم,to be safe,安好,VERB,B2
سلى,to entertain,娱乐,VERB,B2
سلّم,to extradite,引渡,VERB,B2
سماد,compost,堆肥,NOUN,B2
سمان,quail,鹌鹑,NOUN,B2
سمة,feature,特征,NOUN,B2
سنوات,years,数年,NOUN,B2
سهّل,to facilitate,促进,VERB,B2
سوء فهم,misunderstanding,误解,NOUN,B2
سيء السمعة,notorious,臭名昭著的,ADJ,B2
سيئ,bad,坏的,ADJ,B2
سيئاً,badly,坏地,ADV,B2
سيارة دفع رباعي,off-road vehicle,越野车,NOUN,B2
سيد شاب,young master,少庄主,NOUN,B2
سيدة شابة,young lady,小姐,NOUN,B2
سيدي,sir,先生,NOUN,B2
سيّدة,mistress,情妇,NOUN,B2
سَئِم,jaded,厌倦的,ADJ,B2
سَائب,loose,松的,ADJ,B2
سَائِل,fluid,液体,NOUN,B2
سَابِع,seventh,第七,ADJ,C1
سَابِق,former,以前的,ADJ,B2
سَابِق,prior,先前的,ADJ,B2
سَابِقًا,formerly,以前,ADV,B2
سَابِقَة,antecedent,先行词,NOUN,B2
سَاحَ,to hike,徒步旅行,VERB,B2
سَاحِر,charming,迷人的,ADJ,C1
سَاحِر,sorcerer,巫师,NOUN,B2
سَاحِلِيّ,coastal,沿海的,ADJ,B2
سَاخِر,grotesque,怪诞的,ADJ,B2
سَاخِن,heated,激烈的,ADJ,B2
سَادِيّ,sadistic,施虐的,ADJ,B2
سَاعَة,clock,钟,NOUN,A1
سَاعَدَ,to assist,协助,VERB,B2
سَاعَدَ,to help assistance,帮助,VERB,B2
سَاق,leg,腿,NOUN,A1
سَاكِن,motionless,静止的,ADJ,B2
سَالِم,unharmed,未受伤害的,ADJ,B2
سَالِم,unscathed,未受伤害的,ADJ,B2
سَامٍ,sublime,崇高的,ADJ,B2
سَانَدَ,to back up,支持,VERB,A2
سَاهَمَ,to contribute,贡献,VERB,B2
سَاوَى,to equalize,使平等,VERB,B2
سَاوَى بَيْنَ,to equate,使等同,VERB,B2
سَايَرَ,to play along,配合,VERB,B2
سَبَحَ,to swim,游泳,VERB,A1
سَبَقَ,to precede,先于,VERB,B2
سَبَّبَ,to cause,引起,VERB,B2
سَبْعَة عَشَرَ,seventeen,十七,NUM,A1
سَجَنَ,to imprison,监禁,VERB,B2
سَجَّادَة,rug,地毯,NOUN,A1
سَجَّلَ,to enrol,注册,VERB,B2
سَجَّلَ,to record,记录,VERB,B2
سَحب,lottery,彩票,NOUN,B2
سَحَب,to overdraw,透支,VERB,B2
سَحَبَ,to retract,撤回,VERB,B2
سَحَجَ,to plane,刨平,VERB,B2
سَحَرَ,to bewitch,迷住,VERB,B2
سَحَرَ,to captivate,迷住,VERB,B2
سَحَرَ,to enthrall,迷住,VERB,B2
سَحَقَ,to powder,抹粉,VERB,B2
سَحّار,magician,魔术师,NOUN,B2
سَحْب عَلَى الْمَكْشُوف,overdraft,透支,NOUN,B2
سَخَط,outrage,愤怒,NOUN,B2
سَخِيف,absurd,荒谬的,ADJ,B2
سَدَلَ,to drape,悬挂,VERB,B2
سَدَّدَ,to deal,给予（打击）,VERB,B2
سَدَّدَ,to defray,支付,VERB,B2
سَذَاجَة,credulity,轻信,NOUN,B2
سَرَّعَ,to accelerate,加速,VERB,B2
سَرِقة,burglary,入室盗窃罪,NOUN,B2
سَرِيرِيّ,clinical,临床的,ADJ,B2
سَرِيع,expeditious,迅速的,ADJ,B2
سَرِيعُ الزَّوَال,ephemeral,短暂的,ADJ,B2
سَطَّحَ,to flatten,弄平,VERB,B2
سَطَّرَ,to underline,强调,VERB,B2
سَعِيد,glad,高兴的,ADJ,B2
سَفْسَطَة,casuistry,决疑法,NOUN,B2
سَفْسَطَة,sophism,诡辩,NOUN,B2
سَقَطَ,to tumble,跌倒,VERB,B2
سَقْف,roof,屋顶,NOUN,A1
سَكَبَ,to pour out,倾倒,VERB,B2
سَكَبَ,to spill,洒出,VERB,B2
سَكَبَ بِحَذَرٍ,to decant,倾倒,VERB,B2
سَكِيت,sober,清醒的,ADJ,B2
سَكْتَة,apoplexy,中风,NOUN,B2
سَكْتَة دِمَاغِيَّة,stroke,中风,NOUN,B2
سَكْرَة,ecstasy,狂喜,NOUN,B2
سَلَبَ,to take away,拿走,VERB,B2
سَلَخَ,to skin,剥皮,VERB,B2
سَلَطَة,salad,沙拉,NOUN,A2
سَلَف,ancestor,祖先,NOUN,B2
سَلَقَ,to scald,烫伤,VERB,B2
سَلَمُون,salmon,三文鱼,NOUN,C1
سَلَّحَ,to arm,武装,VERB,B1
سَلَّمَ,to deliver,递送,VERB,B2
سَلَّمَ,to disarm,解除武装,VERB,B2
سَلَّمَ,to greet,问候,VERB,B2
سَلَّى,to amuse,逗乐,VERB,C1
سَلِس,seamless,无缝的,ADJ,B2
سَلِسًا,smoothly,顺利,ADV,B2
سَلِيمٌ,intact,完好无损的,ADJ,B2
سَلْبِيّ,passive,被动,ADJ,B2
سَمَاء,heaven,天堂,NOUN,B2
سَمَاوِيّ,sky blue,天蓝色,ADJ,B2
سَمَحَ,to let,让,VERB,B2
سَمَّدَ,to fertilize,施肥,VERB,B2
سَمَّرَ,to nail,钉牢,VERB,B2
سَمَّرَ,to tan,晒黑,VERB,B2
سَمَّمَ,to intoxicate,使中毒,VERB,B2
سَمَّمَ,to poison,毒害,VERB,C1
سَمَّنَ,to fatten,养肥,VERB,B2
سَمَّى,to denominate,命名,VERB,B1
سَمِعَ,to hear a case,审理,VERB,B2
سَمْعِيٌّ بَصَرِيّ,audiovisual,视听,ADJ,B2
سَنَدَ,to prop up,支撑,VERB,B2
سَنَوِيًّا,annually,按年,ADV,B2
سَنَوِيّ,annual,年度的,ADJ,C1
سَنَّ,to sharpen,削尖,VERB,C1
سَهْم,arrow,箭,NOUN,B2
سَهْم,stake,利害关系,NOUN,B2
سَهْو,oversight,疏忽,NOUN,B2
سَوَاء,whether,能否,NOUN,B2
سَوَاء أَمْ,whether or not,是否,SCONJ,B2
سَوَّدَ,to blacken,变黑,VERB,B2
سَوَّقَ,to commercialize,商业化,VERB,B2
سَوَّى,to level,弄平,VERB,C1
سَوْفَ,will shall,将要,AUX,A2
سَيَّارَة,sedan,轿车,NOUN,B2
سَيَّارَة رِيَاضِيَّة,sports car,跑车,NOUN,B2
سَيَّارَةُ أُجْرَة,taxi,出租车,NOUN,B2
سَيَّارَةُ إِسْعَافٍ,ambulance,救护车,NOUN,B1
سَيَّاف,swordsman,剑客,NOUN,B2
سَيِّئُ السُّمْعَة,infamous,声名狼藉的,ADJ,B2
سَيِّدَة,madam,夫人,NOUN,B2
سَيْف,sword,佩剑,NOUN,B2
سَيْقَظَة مُجْتَمَعِيَّة,social awakening,社会觉醒,NOUN,B2
سُتْرَة,sweater,毛衣,NOUN,A1
سُخْرِيَة,cynicism,犬儒主义,NOUN,B2
سُرَّة,navel,肚脐,NOUN,B2
سُرْعَة,celerity,敏捷,NOUN,B2
سُرْعَةُ الانْفِعَالِ,excitability,易兴奋性,NOUN,B2
سُفْلِيّ,lower,较低的,ADJ,C1
سُقُوط الأَهْلِيَّة,foreclosure of rights,丧失权利,NOUN,B2
سُقُوط حَقّ,forfeiture,丧失权利,NOUN,B2
سُلُوكِيّ,behaviorist,行为主义者,NOUN,B2
سُلّ,tuberculosis,肺结核,NOUN,B2
سُلْطَة كَامِلَة,full power,全力,NOUN,B2
سُلْطَوِيّ,authoritarian,专制,ADJ,B2
سُمْعَة سَيِّئَة,disrepute,坏名声,NOUN,B2
سُمْعَة طَيِّبَة,good reputation,清誉,NOUN,B2
سُنْبُكَة,snack,小吃,NOUN,B2
سُهُولَة القَوْل,easy to say,好说,NOUN,B2
سُوءُ التَّسْيِير,misstreibung,不当驱动,NOUN,B2
سُوءُ التَّصَرُّف,malfeasance,渎职,NOUN,B2
سُوءُ التَّغْذِيَة,malnutrition,营养不良,NOUN,B2
سُورِيّ,syrian,叙利亚的,ADJ,B2
سُوقٌ سَوْدَاء,black market,黑市,NOUN,B2
سُوَيْدِيَّة,swedish,瑞典语,NOUN,C1
سُوْق كَبِير,supermarket,超市,NOUN,B2
سِتَّة عَشَرَ,sixteen,十六,NUM,A1
سِتُّون تَقْرِيبًا,about sixty,大约六十,NOUN,B2
سِجَّادَة,carpet rug,地毯,NOUN,B2
سِجِلٌّ طِبِّيّ,medical record,病历,NOUN,B2
سِجِلّ,log,日志,NOUN,B2
سِجِلّ تَارِيخِيّ,chronicle,编年史,NOUN,B2
سِجِلّ عَقَارِيّ,land register,地籍册,NOUN,B2
سِحْر,charm,魅力,NOUN,B2
سِحْر,spell,咒语,NOUN,B2
سِحْلِيَّة,lizard,蜥蜴,NOUN,B2
سِحْنَة,facies,面貌,NOUN,B2
سِرِّيَّة,secrecy,保密,NOUN,B2
سِرِّيّ,surreptitious,秘密的,ADJ,B2
سِرّ,secret,秘密,NOUN,B2
سِرْوَال,pants,裤子,NOUN,A1
سِرْوَالٌ دَاخِلِيّ,underpants,内裤,NOUN,C1
سِلْسِلَة,chain,链条,NOUN,B2
سِلْسِلَة أَفْكَار,train of thought,思路,NOUN,B2
سِلْعَة,commodity,商品,NOUN,B2
سِمَة,characteristic,典型的,ADJ,B2
سِنُّ الرُّشْد,adulthood,成年,NOUN,B2
سِنّ,tooth,牙齿,NOUN,A1
سِنْت,cent,分,NOUN,B2
سِنْتِيمِتْر,centimeter,厘米,NOUN,B2
سِياج,hedge,树篱,NOUN,B2
سِيجَار,cigar,雪茄,NOUN,C1
سِيرَةٌ ذَاتِيَّة,autobiography,自传,NOUN,B2
سِيمَاء,countenance,面容,NOUN,B2
سِيمْفُونِيّ,symphonic,交响乐的,ADJ,B2
سِينِمَائِيّ,cinematographic,电影的,ADJ,B2
سِيَاحَة,hiking,徒步,NOUN,B2
سِيَادِيّ,sovereigntist,主权主义者,NOUN,B2
سِيَاسَة,policy,政策,NOUN,B2
سِيَاسَة مُتَغَيِّرَة,changed policy,改策,NOUN,B2
سِيَاسِيًّا,politically,政治上,ADV,C1
سِيَاسِيّ,politician,政治家,NOUN,B2
سِيَرَة,biography,传记,NOUN,B2
سْكُوتَر,scooter,踏板摩托车,NOUN,B2
شاب,young,年轻的,ADJ,B2
شاب,young man,年轻人,NOUN,B2
شاب,young person,年轻人,NOUN,B2
شابك,to entangle,使纠缠,VERB,B2
شابه,to resemble,像,VERB,B2
شاحِنَة,van,货车,NOUN,B2
شاقّ,laborious,费力的,ADJ,B2
شاهد عيان,eyewitness,目击,NOUN,B2
شبه جزيرة,peninsula,半岛,NOUN,B2
شتات عائلة,family ruin,家破,NOUN,B2
شجار,quarreling,再吵,NOUN,B2
شجع,to encourage,鼓励,VERB,B2
شجيرة,bush,灌木,NOUN,B2
شخص,to diagnose,诊断,VERB,B2
شر,evil,邪,PART,B2
شراب,drink,饮料,NOUN,B2
شراسة,fierceness,凶猛,NOUN,B2
شرس,fierce,凶猛的,ADJ,B2
شرط سابق,prerequisite,前提,NOUN,B2
شرطي,cop,警察,NOUN,B2
شرف,to ennoble,使高贵,VERB,B2
شركة,firm,坚固的,ADJ,B2
شريحة,slice,薄片,NOUN,B2
شعر,poetry,诗歌,NOUN,B2
شفقة,pity,可惜,ADJ,B2
شفقة,compassion,同情,NOUN,B2
شقاء,misfortune,不幸,NOUN,B2
شقّ,to cleave,劈开,VERB,B2
شكر,to be grateful,感激,VERB,B2
شكل,figure,图形,NOUN,B2
شكل مضاد,counter-form,反式,NOUN,B2
شمر,fennel,茴香,NOUN,B2
شمل,to encompass,包含,VERB,B2
شن حرب,to wage war,作战,VERB,B2
شهادة,witness testimony,人证,NOUN,B2
شهرة زائفة,empty fame,虚名,NOUN,B2
شهريّا,monthly,每月的,ADJ,B2
شوى,roast,烤肉,NOUN,B2
شوى,to roast,煎烤,VERB,B2
شوى خروفا,to roast lamb,烤羊,VERB,B2
شيء سيئ,bad thing,坏事,NOUN,B2
شيد,to erect,建立,VERB,B2
شيطان,demon,恶魔,NOUN,B2
شيوع,commonality,共同点,NOUN,B2
شَابَ,to gray,变灰白,VERB,B2
شَابَ,to taint,玷污,VERB,B2
شَاحِب,ashen,灰白的,ADJ,B2
شَاحِب,cadaverous,惨白的,ADJ,B2
شَاحِب,pale,苍白的,ADJ,C1
شَاخَ,to age,衰老,VERB,C1
شَاذّ,abnormal,异常的,ADJ,B2
شَارَ,to point,指向,VERB,B2
شَارَة,badge,徽章,NOUN,B2
شَارَكَ,to implicate,连累,VERB,B2
شَارَكَ,to share,有份,VERB,A2
شَارِع,avenue,大街,NOUN,B1
شَاسِع,vast,巨大的,ADJ,B2
شَاطِئ,shore,岸,NOUN,B2
شَاعِر,bard,吟游诗人,NOUN,B2
شَاقّ,strenuous,费力的,ADJ,B1
شَامِل,extensive,广泛的,ADJ,B2
شَامِل,thorough,彻底的,ADJ,B2
شَانَ,to dishonor,使蒙羞,VERB,B2
شَاي,tea,茶,NOUN,A1
شَبَابِيّ,juvenile,青少年的,ADJ,B2
شَبَكَة,grid,网格,NOUN,B2
شَبَكَة,net,网,NOUN,B2
شَبِق,horny,性欲的,ADJ,C1
شَبِيه,akin,相似的,ADJ,B2
شَتَمَ,damn,该死的,ADJ,B2
شَتَمَ,to damn,诅咒,VERB,B2
شَتَّتَ,to disperse,分散,VERB,B2
شَتَّتَ,to distract,使分心,VERB,C1
شَتْوِيّ,wintry,冬天的,ADJ,B2
شَجَبَ,to decry,谴责,VERB,B2
شَجَرَةُ عِيدِ الْمِيلَاد,christmas tree,圣诞树,NOUN,B2
شَجَّعَ,to embolden,壮胆,VERB,B2
شَحَنَ,to load charge,装载,VERB,B2
شَحَّمَ,to grease,涂油,VERB,B2
شَحِيح,parsimonious,吝啬的,ADJ,B2
شَحِيح,scarce,稀少的,ADJ,B2
شَحْن,freight,货物,NOUN,B2
شَخْصٌ مَا,someone,某人,PRON,A1
شَخْصِيًّا,personally,亲自,ADV,B2
شَخْصِيَّة,character,性格,NOUN,B2
شَخْصِيَّةٌ بَارِزَة,dignitary,显要人物,NOUN,B2
شَدَّ,to tighten,拉紧,VERB,B2
شَدِيد,intense,强烈的,ADJ,C1
شَرَطَ,to condition,制约,VERB,B1
شَرَطَ,to slash,猛砍,VERB,B2
شَرَّحَ,to dissect,解剖,VERB,B2
شَرِكَة,corporation,公司,NOUN,B2
شَرِكَة,firm,公司,NOUN,B2
شَرِكَة تَابِعَة,subsidiary,子公司,NOUN,B2
شَرِكَة مُتَعَدِّدَة الْجِنْسِيَّات,multinational,跨国公司,NOUN,B2
شَرِيحَة لَحْم,steak,牛排,NOUN,C1
شَرِيط,ribbon,丝带,NOUN,B2
شَرِيط,stripe,条纹,NOUN,B2
شَرِيف,honorable,光荣的,ADJ,B2
شَرِيك,accomplice,同谋,NOUN,B2
شَرِيك فِي المِلْكِيَّة,co-owner,共同所有人,NOUN,C1
شَرْشَف,bedsheet,床单,NOUN,B2
شَرْقِيّ,eastern,东方的,ADJ,B2
شَطَفَ,to flush,冲洗,VERB,C1
شَطَفَ,to rinse,冲洗,VERB,B2
شَظِيَّة,fragment,碎片,NOUN,B2
شَعْبَوِيّ,populist,民粹主义者,NOUN,B2
شَعْبِيَّة,popularity,受欢迎程度,NOUN,B2
شَعْبِيّ,popular,流行的,ADJ,C1
شَعْر مُسْتَعَار,wig,假发,NOUN,C1
شَعْوَذَة,witchcraft,巫术,NOUN,B2
شَغَف,ardor,热情,NOUN,B2
شَغَفٌ مُدَمِّر,zersucht,破坏性痴迷,NOUN,B2
شَغَلَ,to worry to preoccupy,担忧,VERB,B2
شَغَّلَ,to turn on,开启,VERB,B2
شَغُوف,avid,热切的,ADJ,B2
شَغُوف,passionate,热情的,ADJ,B2
شَفَقَة,pity,遗憾,NOUN,B2
شَفَى,to heal,治愈,VERB,B2
شَفَّاف,transparent,透明的,ADJ,B2
شَفَّرَ,to encode,编码,VERB,B2
شَفْرَة حِلَاقَة,razor,剃须刀,NOUN,B2
شَقِيق,sibling,兄弟姐妹,NOUN,C1
شَقِيّ,rascal,淘气鬼,NOUN,B2
شَقّ,fissure,裂缝,NOUN,B2
شَقّ,incision,切口,NOUN,B2
شَكَّلَ,to constitute,构成,VERB,B2
شَكَّلَ,to form,形成,VERB,B2
شَكّ,distrust,不信任,NOUN,B2
شَكّ,doubt,怀疑,NOUN,B2
شَكْلٌ أَوَّلِيّ,the anform,初始形状,NOUN,B2
شَلَّ,to paralyze,使瘫痪,VERB,B2
شَمْس غَارِبَة,setting sun,落日,NOUN,B2
شَمْع,wax,蜡,NOUN,B2
شَنْق,hanging,绞刑,NOUN,B2
شَهَادَة تَمِيْز,certificate of merit,奖状,NOUN,B2
شَهَرَ,to brandish,挥舞,VERB,B2
شَهَّدَ,to certify,证明,VERB,B2
شَهَّرَ,to vilify,诽谤,VERB,B2
شَهَّرَ بِ,to defame,诽谤,VERB,B2
شَهِدَ,to attest,证实,VERB,B2
شَهِدَ,to testify,作证,VERB,B2
شَهِير,illustrious,著名的,ADJ,B2
شَهِيَّة,delicacy,佳肴,NOUN,B1
شَهْر عَسَل,honeymoon,蜜月,NOUN,C1
شَهْوَانِيّ,erotic,色情的,ADJ,B2
شَهْوَة,lust,欲望,NOUN,B2
شَوَّقَ,to intrigue,激起兴趣,VERB,B2
شَوَّهَ,to deform,使变形,VERB,B1
شَوَّهَ,to disfigure,毁容,VERB,B2
شَوَّهَ,to distort,曲解,VERB,B2
شَوَّهَ,to warp,扭曲,VERB,B2
شَوَّهَ سُمْعَة,to denigrate,诋毁,VERB,B2
شَوْق,craving,渴求,NOUN,B2
شَوْقٌ لِلْأَمَاكِنِ الْبَعِيدَة,fernsucht,远方之恋,NOUN,B2
شَوْكَة,fork,叉子,NOUN,B2
شَيَّدَ,to build up,建立,VERB,B2
شَيْءٌ مَا,something,某物,PRON,A1
شَيْخُوخَة,aging,衰老,NOUN,B2
شَيْطَانِيّ,devilish,恶魔般的,ADJ,B2
شَيْطَانِيّ,diabolical,恶魔般的,ADJ,B2
شَيْطَنَ,to demonize,妖魔化,VERB,B2
شُبَّاك تَذَاكِر,ticket window,售票窗口,NOUN,B2
شُجَاع,courageous,勇敢的,ADJ,B2
شُجَاع,gallant,英勇的,ADJ,B2
شُجَاع,plucky,勇敢的,ADJ,B2
شُذُوذ,anomaly,异常,NOUN,B2
شُرْطِيّ,constable,警官,NOUN,B2
شُرْطِيّ,police officer,警察,NOUN,C1
شُرْطِيّ,policeman,警察,NOUN,B2
شُرْفَة,terrace,露台,NOUN,B2
شُرْفَةُ حِصْن,battlement,城垛,NOUN,B2
شُعَاع,sunshine,阳光,NOUN,B2
شُعْلَة,torch,火炬,NOUN,B2
شُكْر,thanks,谢谢,INTJ,B2
شُمُولِيّ,holistic,整体的,ADJ,B2
شُمُولِيّ,totalitarian,极权主义的,ADJ,B2
شُوفِينِيَّة,chauvinism,沙文主义,NOUN,B2
شِبَع,satiety,饱足,NOUN,B2
شِجَار,brawl,争吵,NOUN,B2
شِحْنَة,consignment,寄售货物,NOUN,B2
شِحْنَة,shipment,货物,NOUN,B2
شِدَّة,intensity,强度,NOUN,B2
شِرِّير,malefic,有害的,ADJ,B2
شِرِّير,wicked,邪恶的,ADJ,B2
شِرْجِي,illegitimate,非法的,ADJ,B2
شِعَار,emblem,象征,NOUN,B2
شِعَار النَّبَالَة,coat of arms,纹章,NOUN,B2
شِعَار مِلْكِيَّة كِتَاب,bookplate,藏书票,NOUN,B2
شِفَاء,healing,治愈,NOUN,B2
شِفَاءٌ جَذْرِيّ,the urheilung,根源愈合,NOUN,B2
شِفَاءٌ مُصَاحِب,the mitheilung,协同愈合,NOUN,B2
شِيك,check,支票,NOUN,B1
صاغَ,to articulate,清晰表达,VERB,B2
صالة رياضية,gymnasium,体育馆,NOUN,B2
صالح,righteous,正直的,ADJ,B2
صامت,mute,沉默的；哑的,ADJ,B2
صبر,patience,耐心,NOUN,B2
صحح,to rectify,纠正,VERB,B2
صحيفة الصباح,morning newspaper,晨报,NOUN,B2
صخرة,boulder,巨石,NOUN,B2
صد,repulse,击退,NOUN,B2
صدق,to be right,正确,VERB,B2
صديق,buddy,伙伴,NOUN,B2
صديقة,female friend,女性朋友,NOUN,B2
صديقة,girlfriend,女朋友,NOUN,B2
صرف,cash,现金,ADJ,B2
صرف,to cash,兑现,VERB,B2
صرف,to divert,转移,VERB,B2
صف,class,班级,NOUN,B2
صفارة إنذار,siren,汽笛,NOUN,B2
صفة مضادة,counter-quality,反质,NOUN,B2
صفر,zero,零,NUM,B2
صفعة,slap,拍击,NOUN,B2
صفير,beep,吱吱声,NOUN,B2
صفّى,to clear,清理,VERB,B2
صقّل,to refine,提炼,VERB,B2
صلاح,righteousness,亦正,NOUN,B2
صلب,rigid,僵硬的,ADJ,B2
صلة,relevance,相关性,NOUN,B2
صمت,to be silent,沉默,VERB,B2
صمّم,to design,设计,VERB,B2
صندوق,crate,板条箱,NOUN,B2
صنف,to categorize,分类,VERB,B2
صوت معدّل,modified sound,改响,NOUN,B2
صور,film,电影,NOUN,B2
صور,to film,拍摄,VERB,B2
صورة شخصية,id photo,证件照,NOUN,B2
صوّر,to depict,描绘,VERB,B2
صياد,hunter,猎人,NOUN,B2
صيانة,preservation,保护,NOUN,B2
صيد,hunt,狩猎,NOUN,B2
صيد,to hunt,打猎,VERB,B2
صَاحَ,to exclaim,呼喊,VERB,B2
صَاحَ,to rant,咆哮,VERB,B2
صَاخِب,boisterous,喧闹的,ADJ,B2
صَاخِب,loud,大声的,ADJ,B2
صَاخِب,noisy,吵闹的,ADJ,B2
صَاخِب,strident,刺耳的,ADJ,B2
صَادَ,to hunt,打猎,VERB,A2
صَادَ السَّمَك,to fish,钓鱼,VERB,A2
صَادَقَ,to ratify,批准,VERB,B2
صَادَقَ,to validate,验证,VERB,B2
صَادَقَ عَلَى تَوْقِيع,to countersign,副署,VERB,B2
صَادِم,shocking,令人震惊的,ADJ,B1
صَادِم,traumatic,创伤性的,ADJ,B2
صَارُوخ,rocket,火箭,NOUN,C1
صَارِم,austere,简朴,ADJ,B2
صَاغَ,to draw up,起草,VERB,B2
صَاغَ,to formulate,制定,VERB,B2
صَالَة,lounge,休息室,NOUN,B2
صَالِح,usable,可用的,ADJ,B2
صَالِح,valid,有效的,ADJ,B2
صَانِع,maker,制造者,NOUN,B2
صَبَاحَ الْيَوْمِ,this morning,今天早上,ADV,B2
صَبَغَ,to dye,染色,VERB,B2
صَبِيّ,kid,小孩,NOUN,B2
صَحَافَة,journalism,新闻业,NOUN,B2
صَحَّحَ وَهْمَ,to disabuse,使醒悟,VERB,B2
صَحِيح,healthy,健康的,ADJ,B2
صَحِيح,true,真实,ADJ,A2
صَخَبُ الاِحْتِفَالِ,revelry,狂欢,NOUN,B2
صَدَارَة,lead,领先,NOUN,B2
صَدَحَ,to sound,响起,VERB,A2
صَدَمَ,to shock,震惊,VERB,B1
صَدَمَ,to strike to offend,冒犯,VERB,B2
صَدَّ,to repel,击退,VERB,B2
صَدَّرَ,to export,出口,VERB,B2
صَدْمَة,trauma,创伤,NOUN,B2
صَرَخَ,scream,尖叫,NOUN,B2
صَرَخَ,to scream,尖叫,VERB,B2
صَرَعَ,to strike down,击倒,VERB,B2
صَرَّ,to creak,发出吱吱声,VERB,B2
صَرَّحَ,to state,陈述,VERB,B2
صَرَّفَ,to conjugate,变位,VERB,B2
صَرِيح,explicit,明确的,ADJ,B2
صَرِيح,straightforward,直率的,ADJ,B2
صَرْخَة,shout,喊叫,NOUN,B2
صَرْف صِحِّيّ,sanitation,环境卫生,NOUN,B2
صَعَّد,to escalate,升级,VERB,B2
صَعْب الإِرْضَاء,fussy,挑剔的,ADJ,B2
صَعْبُ الاختِيَار,hard to choose,难以抉择,ADJ,B2
صَعْبُ التَّكَلُّم,hard to speak of,难以启齿,ADJ,B2
صَعْبُ التَّمْيِيز,hard to distinguish,难以区分,ADJ,B2
صَعْبُ الصِّيَانَة,hard to maintain,难以维持,ADJ,B2
صَفَّرَ,to whistle,吹口哨,VERB,B2
صَفَّقَ,to applaud,鼓掌,VERB,B2
صَفَّى,to screen,筛选,VERB,B2
صَفْرَاوِيّ,bilious,胆汁质的,ADJ,B2
صَفْقَة,bargain,交易,NOUN,B2
صَقَلَ,to burnish,打磨,VERB,B2
صَقَلَ,to polish,擦亮,VERB,B1
صَلْب,solid,坚硬的,ADJ,B1
صَمَتَ,to fall silent,沉默,VERB,B2
صَنَعَ,to manufacture,制造,VERB,B2
صَنَم,idol,偶像,NOUN,B2
صَنَّفَ,to sort,分类,VERB,B2
صَنْدَل,barge,驳船,NOUN,B2
صَوَّرَ,to portray,描绘,VERB,B2
صَوْتِيّ,acoustic,声学的,ADJ,B2
صَوْمَعَة,chapel,小教堂,NOUN,B2
صَيَّادُ سَمَك,fisherman,渔夫,NOUN,B2
صَيْحَة,craze,狂热,NOUN,B2
صَيْد السَّمَك,fishing,捕鱼,NOUN,B2
صَيْد ثَمِين,lucky find,意外收获,NOUN,B2
صُعُود,ascension,升天,NOUN,B2
صُنْبُور,tap,水龙头,NOUN,B2
صُنْدُوق بَرِيد,mailbox,邮箱,NOUN,B2
صُنْدُوقُ الدَّفْع,checkout,收银台,NOUN,B2
صُورَة,image,形象,NOUN,B2
صُورَة,photo,照片,NOUN,B2
صُورَة فَنِّيَة,artistic portrait,艺术照,NOUN,B2
صُورَة فُوتُوغْرَافِيَّة,photograph,照片,NOUN,B2
صُورَة نَمَطِيَّة,stereotype,刻板印象,NOUN,B2
صُورَةٌ ضَوْئِيَّةٌ,photocopy,复印件,NOUN,B2
صُورَةٌ مُشَوَّهَة,distorted image,扭曲的形象,NOUN,B2
صُوص,chick,小鸡,NOUN,C1
صِحِّيّ,hygienic,卫生的,ADJ,B2
صِدْق,honesty,诚实,NOUN,C1
صِرْفًا,purely,纯粹地,ADV,B2
صِغَر,smallness,小小,NOUN,B2
صِفَاق,peritoneum,腹膜,NOUN,B2
صِفَة,adjective,形容词,NOUN,B2
صِفَة,trait,特征,NOUN,B2
صِفْر,zero,零,NOUN,C1
صِلّ,asp,角蝰,NOUN,B2
صِنَاعِيّ غِذَائِيّ,food-processing,食品加工的,ADJ,B2
صِنْدُوْق,fund,基金,NOUN,B2
صِيغَة,formula,公式,NOUN,B2
صِيغَةُ تَصْغِيرٍ,diminutive,指小词,NOUN,B2
صِينِيّ,Chinese,中国的,ADJ,C1
صِينِيّون مُهاجِرون,overseas chinese,华侨,NOUN,B2
صِيَاغَة,ausgestaltung,完善塑造,NOUN,B2
صِيَاغَة,formulation,配方,NOUN,B2
صِيَاغَة,wording,措辞,NOUN,B2
ضائع,lost,迷失的,ADJ,B2
ضجيج,bustle,喧闹,NOUN,B2
ضجيج,fuss,大惊小怪,NOUN,B2
ضحكتك,your laugh,你笑,NOUN,B2
ضخم,gigantic,巨大的,ADJ,B2
ضخم,huge,巨大的,ADJ,B2
ضرب,beating,跳动,NOUN,B2
ضرب,to be hit,中箭,VERB,B2
ضرب,to beat,打败,VERB,B2
ضرب,to multiply,乘；增加,VERB,B2
ضريبة الكربون,carbon tax,碳税,NOUN,B2
ضغط,to compress,压缩,VERB,B2
ضمن,to ensure,确保,VERB,B2
ضوء الرجوع,backup light,倒车灯,NOUN,B2
ضَئِيل,minuscule,极小的,ADJ,B2
ضَئِيل,negligible,微不足道的,ADJ,B2
ضَئِيل,tiny,微小的,ADJ,B2
ضَارّ,adverse,不利的,ADJ,B2
ضَارّ,damaging,有害的,ADJ,B2
ضَارّ,detrimental,有害的,ADJ,B2
ضَارّ,harmful,有害的,ADJ,B2
ضَاعَفَ عَشَرَ مَرَّات,to multiply tenfold,成十倍增加,VERB,B2
ضَافَ,to treat guests,请客,VERB,B2
ضَبَطَ,to adjust,调整,VERB,B2
ضَجِيج,din,嘈杂声,NOUN,B2
ضَحَّى,to sacrifice,牺牲,VERB,B2
ضَحِك,laughter,笑声,NOUN,C1
ضَحْل,shallow,浅的,ADJ,B2
ضَخَّمَ,to amplify,放大,VERB,B2
ضَخْم,colossal,巨大的,ADJ,B2
ضَخْم,massive,巨大的,ADJ,B2
ضَرَبَ مَثَلًا,to exemplify,例证,VERB,B2
ضَرَر,detriment,损害,NOUN,B2
ضَرْبَة,blow,打击,NOUN,B1
ضَرْبَة زائِدَة,over-stroke,超程,NOUN,B2
ضَعِيف,feeble,虚弱的,ADJ,B2
ضَعِيفُ الْعَقْلِ,feeble-minded,弱智的,ADJ,B2
ضَغَطَ,to pressurize,逼迫,VERB,B2
ضَمَان,assurance,保证,NOUN,B2
ضَمِنَ,to underwrite,承保,VERB,B2
ضَمّ,annexation,吞并,NOUN,B2
ضَيَّقَ,to narrow,变窄,VERB,B2
ضَيِّق,tight,紧,ADJ,B2
ضَيِّقُ الْأُفُق,narrow-minded,狭隘的,ADJ,B2
ضَيْف عَابِر,trans-guest,超客,NOUN,B2
ضُمُور,atrophy,萎缩,NOUN,B2
ضِمْنِيًّا,tacitly,默契地,ADV,B2
ضِمْنِيّ,tacit,心照不宣的,ADJ,B2
طائرة,plane,飞机,NOUN,B2
طائرة بدون طيار,drone,无人机,NOUN,B2
طاعة,obedience,服从,NOUN,B2
طاعون,plague,瘟疫,NOUN,B2
طاقة,energy,能量,NOUN,B2
طاقم,staff,全体员工,NOUN,B2
طبيب أسنان,dentist,牙医,NOUN,B2
طبيب نفسي,psychiatrist,精神科医生,NOUN,B2
طرد,to evict,驱逐,VERB,B2
طرد,to fire,开火,VERB,B2
طريق إقليمي,provincial highway,省道,NOUN,B2
طريق دائري,ring road,绕城,NOUN,B2
طريقة,method,方法,NOUN,B2
طعنة في الظهر,backstab,背刺,NOUN,B2
طغيان متفشي,rampant tyranny,横行,NOUN,B2
طقس,ritual,仪式,NOUN,B2
طلب,request,请求,NOUN,B2
طمأنة الأم,mother's reassurance,娘放心,NOUN,B2
طوال اليوم,all day long,一整天,NOUN,B2
طوعي,voluntary,自愿的,ADJ,B2
طَائِرَة مَائِيَّة,seaplane,水上飞机,NOUN,B2
طَائِرَة نَفَّاثَة,jet,喷气式飞机,NOUN,B2
طَائِش,frivolous,轻浮的,ADJ,B2
طَائِفَة,cult,邪教,NOUN,B2
طَائِفَة,sect,教派,NOUN,B2
طَابَقٌ نِصْفِيّ,mezzanine,夹层,NOUN,B2
طَارَدَ,to chase,追,VERB,B2
طَارِئ,contingency,偶然性,NOUN,B2
طَازَجِيَّة,freshness,新鲜,NOUN,B2
طَافٍ,buoyant,有浮力的,ADJ,B2
طَاقَمُ التَّمْثِيلِ,cast,演员阵容,NOUN,B2
طَالَبَ,to demand,要求,VERB,C1
طَالِب جَامِعِيّ,undergraduate,本科生,NOUN,B2
طَالِبٌ جَامِعِيّ,university student,大学生,NOUN,B2
طَامِع,seeking instant benefit,急功近利,ADJ,B2
طَبَقَة,stratum,地层,NOUN,B2
طَبَّقَ,to apply,应用,VERB,B2
طَبَّقَ,to stratify,分层,VERB,B2
طَبِيب,physician,医生,NOUN,B2
طَبِيب عَامّ,general practitioner,全科医生,NOUN,B2
طَبِيبُ طَوَارِئ,emergency doctor,急诊医生,NOUN,B2
طَبِيعَة خَاصَّة,idiosyncrasy,特质,NOUN,B2
طَبِيعِيًّا,naturally,自然地,ADV,B2
طَبِيعِيّ,normal,正常的,ADJ,B2
طَرَدَ,to eject,驱逐,VERB,B2
طَرَدَ,to expel,开除,VERB,B2
طَرَدَ,to oust,驱逐,VERB,B2
طَرَدَ الأَرْوَاحَ الشِّرِّيرَة,to exorcise,驱邪,VERB,B2
طَرَف,limb,肢体,NOUN,B2
طَرَق,to knock,敲,VERB,B2
طَرِيق سَرِيع,highway,公路,NOUN,B2
طَرِيّ,be tender,温柔的,ADJ,B2
طَرِيّ,tender,嫩的,ADJ,B2
طَرْخُون,tarragon,龙蒿,NOUN,B2
طَعَّمَ,to vaccinate,接种疫苗,VERB,B2
طَعْن,to stab,刺,VERB,B2
طَلَاقَة,fluency,流利,NOUN,B2
طَلَب,request,请求,NOUN,B1
طَلَب,seeking,寻求,NOUN,B2
طَلَب,the antrag,申请,NOUN,B2
طَلَبَ,to seek,寻找,VERB,B2
طَلَبَ,to seek audience,求见,VERB,B2
طَلَبَ,to seek truth from facts,实事求是,VERB,B2
طَلِيعِيّ,avant-garde,前卫,ADJ,B2
طَلْقَةٌ نَارِيَّة,gunshot,枪声,NOUN,B2
طَمَحَ,to aspire,追求,VERB,B2
طَمِعَ,to covet,觊觎,VERB,B2
طَنَّان,grandiloquent,夸张的,ADJ,B2
طَهَّرَ,to purge,清洗,VERB,B2
طَهَّرَ,to purify,净化,VERB,B2
طَويلاً,long time,长时间,ADV,B2
طَوَّبَ,to beatify,宣福,VERB,B2
طَوَّرَ,to upgrade,升级,VERB,B2
طَوَّقَ,to encircle,包围,VERB,B2
طَوِيل,tall,高的,ADJ,B2
طَوِيلُ الأَمَدِ,long-lasting,持久的,ADJ,B2
طَيْش,indiscretion,轻率,NOUN,B2
طَيْطَاء,kite,风筝,NOUN,B2
طُعْمَة,lure,诱惑,NOUN,B2
طُفُولِيّ,childish,幼稚的,ADJ,B1
طُوفَان,deluge flood,大洪水,NOUN,B2
طِبِّيّ,medical,医学的,ADJ,C1
طِبّ التَّوْلِيد,obstetrics,产科学,NOUN,B2
طِبّ الشَّيْخُوخَة,geriatrics,老年病学,NOUN,B2
ظرف,circumstance,情况,NOUN,B2
ظروف,situation circumstances,情形,NOUN,B2
ظروف مواتية,favorable circumstances,顺境,NOUN,B2
ظهر,reverse side,反面,NOUN,B2
ظهر,to emerge,出现,VERB,B2
ظهور,emergence,涌现,NOUN,B2
ظَاهِر,conspicuous,显著的,ADJ,B2
ظَاهِرِيًّا,seemingly,表面上,ADV,B2
ظَبْيَة,doe,母鹿,NOUN,B2
ظَلَّ حَيًّا,to subsist,维持生存,VERB,B2
ظَنَّ,to suppose,假设,VERB,B2
ظُفْر,fingernail,指甲,NOUN,B2
ظُهْر,noon,正午,NOUN,B2
ظِلّ ثَلْج,snow shadow,雪影姐姐,NOUN,B2
عابر,casual,随意的,ADJ,B2
عادة,ordinarily,通常,ADV,B2
عادة,habit,习惯,NOUN,B2
عادة ماضية,habitually in the past,往常,NOUN,B2
عادي,ordinary,普通的,ADJ,B2
عارض,to counter,反击,VERB,B2
عاري,naked,裸体的,ADJ,B2
عازف جيتار,guitarist,吉他手,NOUN,B2
عاطفي,emotional,情绪的,ADJ,B2
عاقب,to punish,惩罚,VERB,B2
عالمي,worldwide,全世界的,ADJ,B2
عالٍ,lofty,崇高的,ADJ,B2
عامة,public,公众,NOUN,B2
عامة الناس,ordinary people,老百姓,NOUN,B2
عامل,factor,因素,NOUN,B2
عامي,commoner,平民,NOUN,B2
عاهرة,prostitute,妓女,NOUN,B2
عبأ,to fill in,填写,VERB,B2
عبد,slave,奴隶,NOUN,B2
عبد,to worship,崇拜,VERB,B2
عدا,except,除了,ADP,B2
عداوة,enmity,敌意,NOUN,B2
عدم استخدام,do not use,别用,NOUN,B2
عدو,enemy,敌人,NOUN,B2
عدو حتمي,enemy must,仇必,NOUN,B2
عديد,numerous,众多的,ADJ,B2
عدّ,to enumerate,列举,VERB,B2
عذر,to excuse,原谅,VERB,B2
عذراء,virgin,处女,NOUN,B2
عرافة,divination,占卜,NOUN,B2
عرض,presentation,展示,NOUN,B2
عرض أول,premiere,首演,NOUN,B2
عرقي,ethnic,种族的,ADJ,B2
عزل,to isolate,隔离,VERB,B2
عزّز,to reinforce,加强,VERB,B2
عزّل,to depose,废黜,VERB,B2
عشيرة,clan,家族,NOUN,B2
عضو,member,成员,NOUN,B2
عطّل,to derail,使脱轨,VERB,B2
عظمي,bony,瘦骨嶙峋的,ADJ,B2
عقار,drug,药物,NOUN,B2
عقد,decade,十年,NOUN,B2
عقد,to complicate,使复杂化,VERB,B2
عقد,to convene,召集,VERB,B2
عقل,wits,心眼,NOUN,B2
عقلي,mental,精神的,ADJ,B2
عقيدة,creed,信条,NOUN,B2
عقيدة,dogma,教条,NOUN,B2
علامة,brand,品牌,NOUN,B2
علاوة على ذلك,moreover,此外,ADV,B2
على امتداد,along,沿着,ADP,B2
عمة,paternal aunt,姑母,NOUN,B2
عمدة القرية,village head,村长,NOUN,B2
عمل,to operate,操作,VERB,B2
عملاق,giant,巨人,NOUN,B2
عمليا,virtually,几乎,ADV,B2
عمود فقري,backbone,脊梁,NOUN,B2
عميل,client,客户,NOUN,B2
عمّد,to baptize,施洗,VERB,B2
عناق,hug,拥抱,NOUN,B2
عوّض,to reimburse,偿还,VERB,B2
عيد الميلاد,christmas,圣诞节,NOUN,B2
عيّن,to designate,指定,VERB,B2
عَائِم,floating,浮动的,ADJ,B2
عَابَ,to disapprove,不赞成,VERB,B2
عَابِر لِلْحُدُود,cross-border,跨境的,ADJ,B2
عَاجِز,helpless,无助的,ADJ,B2
عَادَةً,normally,通常,ADV,B1
عَادَةً,usually,通常,ADV,B2
عَادَى,to antagonize,引起反感,VERB,B2
عَادِيّ,usual,通常的,ADJ,B2
عَار,dishonor,耻辱,NOUN,B2
عَار,infamy,恶名,NOUN,B2
عَارٍ,bare,赤裸的,ADJ,A2
عَازِفُ القِرْبَة,bagpiper,风笛手,NOUN,B2
عَاشِر,tenth,第十,ADJ,C1
عَاصٍ,disobedient,不服从的,ADJ,B2
عَاصِفَة ثَلْجِيَّة,blizzard,暴风雪,NOUN,B2
عَاصِفَة رَعْدِيَّة,thunderstorm,雷阵雨,NOUN,B2
عَاصِفَةٌ رَمْلِيَّة,sandstorm,沙尘暴,NOUN,B2
عَاقَدَ,to contract,收缩,VERB,B2
عَاقِل,sane,神志正常的,ADJ,B2
عَالٍ,high tall,高的,ADJ,A1
عَالَجَ,to process,处理,VERB,B2
عَالَجَ,to remedy,补救,VERB,B2
عَالَجَ,to tackle,处理,VERB,B2
عَالَمِيّ,cosmopolitan,世界性的,ADJ,B2
عَالَمِيّ,universal,普遍的,ADJ,B2
عَالِم,scholar,学者,NOUN,B2
عَالِم,scientist,科学家,NOUN,C1
عَالِم أَحْيَاء,biologist,生物学家,NOUN,B2
عَالِم اجْتِمَاع,sociologist,社会学家,NOUN,B2
عَالِم لَاهُوت,theologian,神学家,NOUN,B2
عَالِمُ فِقْهِ اللُّغَةِ,philologist,语言学家,NOUN,B2
عَامِل حُرّ,self-employed person,自由职业者,NOUN,B2
عَامِّيّ,layperson,外行,NOUN,B2
عَامّ,generic,通用的,ADJ,B2
عَانَى,to suffer from insomnia,失眠,VERB,B2
عَاهِرَة,whore,妓女,NOUN,C1
عَاهِل,monarch,君主,NOUN,B2
عَايَرَ,to calibrate,校准,VERB,B2
عَايَنَ,to hail inspect,视察,VERB,B2
عَبَدَ,to idolize,崇拜,VERB,B2
عَبَسَ,to sulk,生闷气,VERB,B2
عَبَّرَ,to express,表达,VERB,B2
عَبْرَ,through,通过,ADP,A2
عَتَاقَة,archaism,古语,NOUN,B2
عَتِيق,antiquated,过时的,ADJ,B2
عَتِيق,archaic,古老的,ADJ,B2
عَتِيق,vintage,老式,NOUN,B2
عَثَرَ عَلَى,to unearth to track down,发掘,VERB,B2
عَجَلَة,haste,匆忙,NOUN,B2
عَجُوز,old man,老人,NOUN,B2
عَجْز,lame,跛的,ADJ,B2
عَجْز,impairment,左手废,NOUN,B2
عَجْز,impotence,无能,NOUN,B2
عَجْز,inability,无能,NOUN,B2
عَدَاء,antagonism,对抗,NOUN,B2
عَدَاء,hostility,敌意,NOUN,B2
عَدَالَة,equity,公平,NOUN,B2
عَدَالَة,justness,正义,NOUN,B2
عَدَاوَة,animosity,敌意,NOUN,B2
عَدَم انْتِظَام,irregularity,不规则,NOUN,B2
عَدَم كَفَاءَة,inefficiency,低效率,NOUN,B2
عَدَم كِفَايَة,insufficiency,不足,NOUN,B2
عَدَمُ الْقَبُول,unnahme,拒绝接受,NOUN,B2
عَدَمُ تَنَاسُبٍ,disproportion,不成比例,NOUN,B2
عَدَمُ يَقِين,uncertainty,不确定性,NOUN,B2
عَدَّاءُ الْمَسَافَاتِ الطَّوِيلَةِ,long-distance runner,长跑运动员,NOUN,B2
عَدَّلَ,to alter,改变,VERB,B2
عَدَّلَ,to amend,修改,VERB,B2
عَدَّلَ,to modulate,调节,VERB,B2
عَدِمَ,lack,缺乏,NOUN,B2
عَدِمَ,to lack,缺乏,VERB,B2
عَدِيم الرَّحْمَة,ruthless,无情的,ADJ,B2
عَدِيم الضَّمِير,unscrupulous,肆无忌惮的,ADJ,B2
عَدِيم الْإِحْسَاس,insensitive,麻木不仁的,ADJ,B2
عَدِيمُ الشَّكْل,amorphous,无定形的,ADJ,B2
عَدِيمُ الِاحْتِرَام,disrespectful,不敬的,ADJ,B2
عَدِيمُ الِاحْتِكَاكِ,frictionless,无摩擦的,ADJ,B2
عَدِيمُ الْعَيْب,impeccable,无可挑剔的,ADJ,B2
عَدّل,to modify,修改,VERB,B2
عَدْو سَرِيع,gallop,飞驰,NOUN,B2
عَدْوَانِيّ,bellicose,好战的,ADJ,B2
عَذَاب,agony,痛苦,NOUN,B2
عَذَرَ,to excuse,原谅,VERB,A2
عَذَّبَ,to torment,折磨,VERB,C1
عَذْرَاء,maiden,少女,NOUN,B2
عَرَبَة أَطْفَال,stroller,婴儿车,NOUN,B1
عَرَجَ,to limp,跛行,VERB,C1
عَرَضَ,to display,显示,VERB,B2
عَرَضَ,to exhibit,展览,VERB,B2
عَرَضَ,to project,投射,VERB,B2
عَرَضِيًّا,incidentally,顺便地,ADV,B2
عَرَضِيّ,contingent,依情况而定的,ADJ,B2
عَرَّاف,fortune teller,算命者,NOUN,B2
عَرَّاف,oracle,神谕,NOUN,B2
عَرَّضَ,to expose,暴露,VERB,B2
عَرَّفَ,to define,定义,VERB,B1
عَرُوس,gamete,配子,NOUN,B2
عَرِيب,godfather,教父,NOUN,B2
عَرِيش,bower,凉亭,NOUN,B2
عَرِيف,corporal,下士,NOUN,C1
عَرِين,den,兽穴,NOUN,B2
عَرْبَدَة,bacchanal,狂欢,NOUN,B2
عَرْض,bid,出价,NOUN,B2
عَرْض,offer,报价,NOUN,B1
عَرْض,width,宽度,NOUN,B2
عَزَلَ,to segregate,隔离,VERB,B2
عَزَّزَ,to boost,提高,VERB,B2
عَزَّزَ,to corroborate,证实,VERB,B2
عَزَّى,to condole,慰问,VERB,B2
عَزْل,deposition,罢免,NOUN,B2
عَشِقَ,to adore,崇拜,VERB,B2
عَصَا,baton,指挥棒,NOUN,B1
عَصَا,cane,手杖,NOUN,B2
عَصَا,stick,棍子,NOUN,B2
عَصَا السِّتار,curtain rod,窗帘杆,NOUN,B2
عَصَبِيّ,nervous,紧张,ADJ,B1
عَصَرَ,to wring,拧干,VERB,B2
عَصَى,to disobey,违抗,VERB,B2
عَطَّلَ,to disrupt,扰乱,VERB,B2
عَطِر,fragrant,芬芳的,ADJ,B2
عَطْر سَمَاوِيّ,heavenly fragrance,天香,NOUN,B2
عَطْف بِلَا رَابِط,parataxis,并列结构,NOUN,B2
عَظَمَة,grandiosity,宏伟,NOUN,B2
عَظَمَة,highness,殿下,NOUN,B2
عَظِيم,grand,宏伟的,ADJ,B2
عَفْو,amnesty,大赦,NOUN,B2
عَفْوِيّ,fortuitous,偶然的,ADJ,B2
عَقَبَة,hindrance,障碍,NOUN,B2
عَقَّمَ,to disinfect,消毒,VERB,B2
عَقِبُ سِيجَارَة,cigarette butt,烟头,NOUN,B2
عَقِيد,colonel,上校,NOUN,B1
عَقِيم,sterile,无菌的,ADJ,B2
عَقْل,intellect,智力,NOUN,B2
عَقْلَانِيَّة,rationality,理性,NOUN,B2
عَقْلِيًّا,mentally,精神上地,ADV,C1
عَكَسَ,to reverse,颠倒,VERB,B2
عَكْس,contrary,反而,NOUN,B2
عَكْسِيّ النَّتِيجَة,counterproductive,产生反效果的,ADJ,B2
عَلَامَة,mark,标记,NOUN,B2
عَلَامَةُ كَسْر,fraction marker,分之,PART,B2
عَلَى,on upon,在上面,ADP,B2
عَلَى أَمَل,hopefully,希望,ADV,B2
عَلَى أَيِّ حَالٍ,anyway,无论如何,ADV,C1
عَلَى التَّوَالِي,consecutively,连续地,ADV,B2
عَلَى الْأَقَلّ,at least,至少,ADV,B1
عَلَى حِدَة,apart,分开,ADV,C1
عَلَى حِدَة,separately,单独地,ADV,B2
عَلَى مَا يَبْدُو,apparently,显然,ADV,B1
عَلَى نَحْو غَيْر مُتَوَقَّع,unexpectedly,出乎意料地,ADV,B2
عَلَى وَجْهِ الْخُصُوصِ,particularly,特别地,ADV,B2
عَلَيْهِ,on it,在其上,ADV,B2
عَلَّقَ,to annotate,注释,VERB,B2
عَلَّقَ,to hang up,挂断,VERB,B2
عَلَّقَ,to suspend,暂停,VERB,B2
عَلَّمَ,to educate,教育,VERB,B2
عَمَل,action,行动,NOUN,B2
عَمَل زائِد,overtime,加班,NOUN,B2
عَمَل شَاق,heavy work,重功,NOUN,B2
عَمَل عَنْ بُعْد,remote work,远程办公,NOUN,B2
عَمَلٌ بَدِيع,the erzwerk,杰作,NOUN,B2
عَمَلٌ تَأْسِيسِيّ,the anwerk,附属工程,NOUN,B2
عَمَلٌ مَأْجُور,wage labor,雇佣劳动,NOUN,B2
عَمَلٌ مُدَعَّم,the verstwerk,强化工程,NOUN,B2
عَمَلِيًّا,practically,实际上,ADV,B2
عَمَلِيَّة,the aktion,行动,NOUN,B2
عَمَّرَ,to populate,居住,VERB,B2
عَمُود فِقْرِيّ,spine,脊柱,NOUN,B2
عَمِيدَةُ الأُسْرَة,matriarch,女家长,NOUN,B2
عَمِيق,profound,深刻,ADJ,B2
عَمِيَ,to go blind,失明,VERB,B2
عَمْدًا,intentionally,故意地,ADV,B1
عَمْدًا,on purpose,故意,ADV,B2
عَنِيد,intransigent,不妥协的,ADJ,B2
عَنِيف,vehement,激烈的,ADJ,B2
عَنِيَ,to look after,照料,VERB,B2
عَنْهُ,about it,关于它,ADV,B2
عَنْوَنَ,to title,加标题,VERB,B2
عَوَّدَ,to accustom,使习惯,VERB,C1
عَوَّضَ,to make up for,弥补,VERB,B2
عَوْلَمَ,to globalize,全球化,VERB,B2
عَيَّنَ,to appoint,任命,VERB,B2
عَيَّنَ,to assign,分配,VERB,B2
عَيِّنَة,specimen,标本,NOUN,B2
عَيْب,blemish,瑕疵,NOUN,B2
عَيْب,disadvantage,劣势,NOUN,B2
عَيْب,drawback,缺点,NOUN,B2
عَيْب,flaw,缺陷,NOUN,B2
عَيْن,green eye,碧眼,NOUN,B2
عَيْن,green eyes,想碧眼,NOUN,B2
عَيْن,green-eyed,让碧眼,NOUN,B2
عُجَّة,omelet,煎蛋卷,NOUN,B2
عُدْوَان,aggression,侵略,NOUN,B2
عُدْوَانِيّ,aggressive,侵略性的,ADJ,B2
عُرْضَة لِلْخَطَر,vulnerable,脆弱的,ADJ,C1
عُرْضَةٌ لِلْخَطَأِ,fallibility,易出错性,NOUN,B2
عُشّ,nest,鸟巢,NOUN,C1
عُشْب,lawn,草坪,NOUN,B2
عُشْبِيّ,herbaceous,草本的,ADJ,B2
عُطْلَة,holiday,假日,NOUN,B2
عُطْلَة,holidays,假期,NOUN,B2
عُطْلَة رَسْمِيَّة,public holiday,法定假日的,ADJ,B2
عُطْلَةُ نِهَايَةِ الْأُسْبُوعِ,weekend,周末,NOUN,A1
عُقُوبَة,penalty,处罚,NOUN,B2
عُقْدَة,knot,结,NOUN,B2
عُقْدَة ثَقِيلَة,heavy knot,重结,NOUN,B2
عُقْدَة لِمْفَاوِيَّة,lymph node,淋巴结,NOUN,B2
عُلَّيْق,blackberry,黑莓,NOUN,B2
عُلْجُوم,toad,蟾蜍,NOUN,B2
عُمُومِيَّة,generality,概括性,NOUN,B2
عُمْر,age,年龄,NOUN,A1
عُنْصُرِيّ,racist,种族主义者,NOUN,B2
عُنْقُود,cluster,群,NOUN,B2
عُنْوَان,heading,标题,NOUN,B2
عُنْوَان فَرْعِيّ,subtitle,字幕,NOUN,B2
عُنْوَانٌ رَئِيسِيّ,headline,大字标题,NOUN,B2
عِبَارَة,phrase,短语,NOUN,B2
عِدَائِيّ,hostile,敌对的,ADJ,B2
عِرَافَة,fortune telling,算命,NOUN,B2
عِشْ,long live,万岁,INTJ,B2
عِشْب,herb,草药,NOUN,B2
عِصَابِيّ,gangster,歹徒,NOUN,B1
عِصَامِيّ,self-taught,自学的,ADJ,B2
عِطَالَة,entropy,熵,NOUN,B2
عِظَة,homily,布道,NOUN,B2
عِلاج,therapy,治疗,NOUN,B2
عِلاجٌ مُنَاعِي,immunotherapy,免疫治疗,NOUN,B2
عِلَاء عَلَى ذَلِكَ,furthermore,此外,ADV,B2
عِلَاجٌ كَامِل,the erzheilung,彻底治愈,NOUN,B2
عِلَاجِيّ,curative,有疗效的,ADJ,B2
عِلَاجِيّ المَنْشَأ,iatrogenic,医源性的,ADJ,B2
عِلِّيَّة,attic,阁楼,NOUN,B2
عِلّاوةً,besides,此外,ADV,B2
عِلْكَة,chewing gum,口香糖,NOUN,C1
عِلْم,science,科学,NOUN,C1
عِلْم الْأَمْرَاض,pathology,病理学,NOUN,B2
عِلْم الْخَطّ,graphology,笔迹学,NOUN,B2
عِلْم الْعَرُوض,prosody,韵律学,NOUN,B2
عِلْمُ الأَحْيَاء,biology,生物学,NOUN,B2
عِلْمُ الاشْتِقَاقِ,etymology,词源学,NOUN,B2
عِلْمُ الْأَعْرَاض,symptomatology,症状学,NOUN,B2
عِلْمِيًّا,scientifically,科学地,ADV,C1
عِنَب,grape,葡萄,NOUN,B2
عِنَبُ الْبَرِّي,blueberry,蓝莓,NOUN,B2
عِنْدَ,at the,在...时,ADP,B2
عِيد مِيلَاد,birthday,生日,NOUN,B1
غائِم,overcast,阴天的,ADJ,B2
غابة,woodland,林地,NOUN,B2
غابة مطيرة,rainforest,雨林,NOUN,B2
غامض,mysterious,神秘的,ADJ,B2
غاية,ideal,理想的,ADJ,B2
غرانيت,granite,花岗岩,NOUN,B2
غرض,object,物体,NOUN,B2
غرفة العرس,bridal chamber,洞房,NOUN,B2
غرفة انتظار,waiting room,候诊室,NOUN,B2
غرفة مراقبة,monitoring room,监控室,NOUN,B2
غرفة نوم,bedroom,卧室,NOUN,B2
غرق,to drown,溺死,VERB,B2
غريب,peculiar,奇怪的,ADJ,B2
غضب,rage,愤怒,NOUN,B2
غضب,wrath,愤怒,NOUN,B2
غضب,to rage,狂怒,VERB,B2
غضب مقدس,righteous indignation,义愤,NOUN,B2
غطاء أولي,first capping,首加缁布冠,NOUN,B2
غير ذلك,however,然而,CCONJ,B2
غير ذي صلة,irrelevant,不相关的,ADJ,B2
غير رسمي,informal,非正式的,ADJ,B2
غير فعّال,inefficient,低效的,ADJ,B2
غير قابل للتوفيق,irreconcilable,不可调和的,ADJ,B2
غير قابل للعكس,irreversible,不可逆转的,ADJ,B2
غير مبالٍ,indifferent,冷漠的,ADJ,B2
غير مسؤول,irresponsible,不负责任的,ADJ,B2
غير مسموح,not allowed,不准,ADJ,B2
غَائِب,absent,缺席的,ADJ,B2
غَائِط,excrement,排泄物,NOUN,B2
غَابَة,jungle,丛林,NOUN,B2
غَازٍ,invader,侵略者,NOUN,B2
غَازَلَ,to tease,取笑,VERB,C1
غَازِيّ,gaseous,气体的,ADJ,B1
غَاسِلَة أطْباق,dishwasher,洗碗机,NOUN,B2
غَاسِلُ أَدْمِغَة,brainwasher,洗脑者,NOUN,B2
غَاصَ,to dive,潜水,VERB,B2
غَالِيسِيّ,galician,加利西亚的,ADJ,B2
غَامِض,arcane,神秘的,ADJ,B2
غَامِض,diffuse,模糊的,ADJ,B2
غَامِض,enigmatic,神秘的,ADJ,B2
غَامِض,occult,神秘的,ADJ,B2
غَبَّشَ,to blur,使模糊,VERB,B2
غَدْر,perfidy,背信弃义,NOUN,B2
غَرَابَة,strangeness,奇怪,NOUN,B2
غَرَابَةُ الأَطْوَارِ,eccentricity,古怪,NOUN,B2
غَرَتَنَ,to gratinate,焗烤,VERB,B2
غَرَس,to embed,嵌入,VERB,B2
غَرَسَ,to instill,灌输,VERB,B2
غَرِيب,bizarre,古怪的,ADJ,B2
غَرِيب,eccentric,古怪的,ADJ,B2
غَرِيب,exotic,异国情调的,ADJ,B2
غَرِيب,outlandish,古怪的,ADJ,B2
غَرِيب,weird,奇怪的,ADJ,B2
غَرِيب,stranger,陌生人,NOUN,B2
غَرِيب,weirdo,怪人,NOUN,B2
غَرِيب الأَطْوَار,freak,怪人,NOUN,B2
غَرِيبُ الأَطْوَار,oddball,怪人,NOUN,B2
غَرْبِيّ,western,西方的,ADJ,C1
غَزَا,to invade,侵略,VERB,B2
غَزَال,deer,鹿,NOUN,A1
غَزِيرُ الإِنْتَاج,prolific,多产的,ADJ,B2
غَزْل,yarn,纱线,NOUN,B1
غَزْو,conquest,征服,NOUN,B1
غَسَلَ الأَمْوَال,to launder,洗钱,VERB,B2
غَسِيل,washing,洗涤,NOUN,B2
غَسِيل أَمْوَال,laundering,洗钱,NOUN,B2
غَشَّ,to adulterate,掺杂,VERB,B2
غَضَب,fury,狂怒,NOUN,B2
غَضُوب,choleric,易怒的,ADJ,B2
غَضْبَان,furious,愤怒的,ADJ,B2
غَطَّى عَلَى,to overshadow,使黯然失色,VERB,B2
غَلَب,to overwhelm,使不知所措,VERB,B2
غَلْطَة,blunder,大错,NOUN,B2
غَنيمَة,loot,战利品,NOUN,B2
غَنْغَرِينَا,gangrene,坏疽,NOUN,B2
غَوَص,scuba diving,潜水,NOUN,B2
غَيَّرَ طَبِيعَة,to denature,使变性,VERB,B2
غَيْبُوبَة,coma,昏迷,NOUN,C1
غَيْر حَاسِم,indecisive,犹豫不决的,ADJ,B2
غَيْر رَاضٍ,dissatisfied,不满意的,ADJ,C1
غَيْر ضَرُورِيّ,unnecessary,不必要的,ADJ,C1
غَيْر عَادِل,unfair,不公平的,ADJ,B2
غَيْر قَابِل لِلتَّقَادُم,not subject to limitation,不受时效限制的,ADJ,B2
غَيْر لَائِق,improper,不合适的,ADJ,B2
غَيْر لَائِق,inappropriate,不恰当的,ADJ,B2
غَيْر مَتَوَقَّع,unforeseen,未预见到的,ADJ,B2
غَيْر مَحْدُود,unlimited,无限的,ADJ,B2
غَيْر مَرْئِيّ,invisible,看不见的,ADJ,C1
غَيْر مَسْبُوق,unprecedented,史无前例的,ADJ,B2
غَيْر مَشْرُوط,unconditional,无条件的,ADJ,B2
غَيْر مَقْبُول,unacceptable,不可接受的,ADJ,C1
غَيْر مَنْطِقِيّ,illogical,不合逻辑的,ADJ,B2
غَيْر مُؤَكَّد,uncertain,不确定的,ADJ,B2
غَيْر مُتَرَابِط,incoherent,语无伦次的,ADJ,B2
غَيْر مُحَدَّد,indeterminate unspecified,未确定的,ADJ,B2
غَيْر مُفْهَم,incomprehensible,不可理解的,ADJ,B2
غَيْر مُنْتَظِم,irregular,不规则的,ADJ,B2
غَيْر نَمَطِيّ,atypical,非典型的,ADJ,B2
غَيْر وَاضِح,indistinct,模糊的,ADJ,B2
غَيْرُ آمِنٍ,insecure,不安全的,ADJ,B2
غَيْرُ أَخْلَاقِيّ,immoral,不道德的,ADJ,B2
غَيْرُ أَمِين,dishonest,不诚实的,ADJ,B2
غَيْرُ رِبْحِيّ,nonprofit,非营利的,ADJ,B2
غَيْرُ ضَارّ,innocuous,无害的,ADJ,B2
غَيْرُ عَادِيّ,unusual,不寻常的,ADJ,B2
غَيْرُ عَقْلَانِيّ,irrational,非理性的,ADJ,B2
غَيْرُ كَافٍ,inadequate,不足的,ADJ,B2
غَيْرُ كَافٍ,insufficient,不足的,ADJ,B2
غَيْرُ كُفْء,incompetent,不胜任的,ADJ,B2
غَيْرُ مَشْرُوع,illicit,非法的,ADJ,B2
غَيْرُ مَقْبُول,inadmissible,不可接受的,ADJ,B2
غَيْرُ مَلْمُوس,intangible,无形的,ADJ,B2
غَيْرُ مُتَجَاوَزٍ,insurmountable,不可逾越的,ADJ,B2
غَيْرُ مُتَسَاوٍ,unequal,不平等的,ADJ,B2
غَيْرُ مُتَوَقَّع,unpredictable,不可预测的,ADJ,B2
غَيْرُ مُتَوَقَّعٍ,unexpected,意想不到的,ADJ,C1
غَيْرُ مُرِيح,uncomfortable,不舒服的,ADJ,C1
غَيْرُ مُسْتَقِرّ,precarious,不稳定的,ADJ,B2
غَيْرُ مُسْتَقِرّ,unstable,不稳定的,ADJ,B2
غَيْرُ مُعْقُول,unreasonable,不合理的,ADJ,B2
غَيْرُ مُفِيد,useless,无用的,ADJ,B2
غَيْرُ مُنْتَظِم,erratic,不稳定的,ADJ,B2
غَيْرُ مُهِمٍّ,insignificant,微不足道的,ADJ,B2
غَيْرُ مُهِمّ,unimportant,不重要的,ADJ,B2
غَيْرُ مُوَاتٍ,disadvantageous,不利的,ADJ,B2
غَيْرُ نَاضِج,immature,不成熟的,ADJ,B2
غَيْرُ وَاضِحٍ,unclear,不明,ADJ,B2
غَيْرِ مُقَاس,immeasurable,不可估量的,ADJ,B2
غُرفة التَّغيير,locker room,更衣室,NOUN,B2
غُرفة المَعيشة,living room,客厅,NOUN,B2
غُرَاب,raven,渡鸦,NOUN,B2
غُرُور,vanity,虚荣,NOUN,B2
غُرْزَة,stitch,针脚,NOUN,B2
غُرْفَة التَّحَكُّم,control room,控制室,NOUN,B2
غُرْفَةُ الْغَسِيل,laundry room,洗衣房,NOUN,B2
غُرْفَةُ فُنْدُق,hotel room,酒店房间,NOUN,C1
غُضُون,meantime,其间,NOUN,B2
غُمَّيْضَة,hide-and-seek,捉迷藏,NOUN,B2
غِرَاء,glue,胶水,NOUN,B2
غِشَاء الْجَنْب,pleura,胸膜,NOUN,B2
غِطَاء,lid,盖子,NOUN,C1
غِطَاء مُحَرِّك,hood,发动机罩,NOUN,B2
غِنَائِيّ,lyrical,抒情的,ADJ,B2
ـاً,-ly,地,PART,B2
فائز,winner,获胜者,NOUN,B2
فارس,rider,骑手,NOUN,B2
فارغ,empty,空的,ADJ,B2
فاصوليا,bean,豆子,NOUN,B2
فاقم,to exacerbate,加剧,VERB,B2
فبراير,february,二月,NOUN,B2
فتاة حمقاء,silly girl,傻丫头,NOUN,B2
فترة,a while,一会儿,NOUN,B2
فتن,to fascinate,使着迷,VERB,B2
فجر,to detonate,引爆,VERB,B2
فحص,to examine,检查,VERB,B2
فرد عائلة,family member,家庭成员,NOUN,B2
فردي,individual,单独的,ADJ,B2
فردية,individuality,个性,NOUN,B2
فرض,to enforce,执行,VERB,B2
فرضية,premise,前提,NOUN,B2
فرقة,band,乐队,NOUN,B2
فشل,falling though,虽坠,NOUN,B2
فصل,to detach,分离,VERB,B2
فصل دراسي,classroom,教室,NOUN,B2
فصيل,faction,派,NOUN,B2
فطر,mushroom,蘑菇,NOUN,B2
فطر الأذن الخشبية,wood ear mushroom,木耳,NOUN,B2
فعل,to do to make,做,VERB,B2
فقد,to be missing,缺少,VERB,B2
فقط,only,唯一的,ADJ,B2
فقط,merely,仅仅,ADV,B2
فك,jaw,下巴,NOUN,B2
فك شفرة,to decipher,破译,VERB,B2
فكرة سيئة,bad idea,坏水,NOUN,B2
فكرة واحدة,single thought,一念,NOUN,B2
فكك,to deconstruct,解构,VERB,B2
فلاح,peasant,农民,NOUN,B2
فهرس,catalog,目录,NOUN,B2
فوضى,mess,混乱,NOUN,B2
فول سوداني,peanut,花生,NOUN,B2
فوهة,crater,火山口,NOUN,B2
في الأصل,originally,最初,ADV,B2
في البداية,initially,首先,ADV,B2
في الغالب,mostly,主要地,ADV,B2
في النهاية,eventually,最终,ADV,B2
فيلم وثائقي,documentary,纪录片,NOUN,B2
فَأْل,omen,预兆,NOUN,C1
فَائِض,surplus,过剩的,ADJ,B2
فَاتِح,conqueror,征服者,NOUN,B2
فَاتِر,lukewarm,温热的,ADJ,B2
فَاجَأَ,to surprise,使惊讶,VERB,B2
فَاشِل,failed,失败的,ADJ,C1
فَاشِيَّة,fascism,法西斯主义,NOUN,B2
فَاصِلَة,comma,逗号,PUNCT,B2
فَاصِلَة مَنْقُوطَة,semicolon,分号,PUNCT,B2
فَاضَ,to overflow,溢出,VERB,B2
فَاضِح,risque,有伤风化的,ADJ,B2
فَاضِح,scandalous,令人震惊的,ADJ,B2
فَاضِل,virtuous,有德行的,ADJ,B2
فَاعِلُ خَيْر,philanthropist,慈善家,NOUN,B2
فَاقَمَ,to aggravate,加重,VERB,B2
فَاقِدُ الْوَعْي,unconscious,失去知觉的,ADJ,B2
فَاوِرة,bill,账单,NOUN,B2
فَتَحَ,to conquer,征服,VERB,B1
فَتَنَ,to enrapture,使狂喜,VERB,B2
فَتَّحَ,to inaugurate,启用,VERB,B2
فَتْح العُروض,bid opening,开标,NOUN,B2
فَتْرَة,lapse,流逝,NOUN,B2
فَتْرَة تَجْرِبَة,probation,试用期,NOUN,B2
فَجَّرَ,to blow up,炸毁,VERB,B2
فَجّ,uncouth,粗俗的,ADJ,B2
فَجْأِي,abrupt,突然的,ADJ,B2
فَحَصَ,to check,检查,VERB,A2
فَحْص,checkup,体检,NOUN,B2
فَخِيم,sumptuous,奢华的,ADJ,B2
فَخّ,trap,陷阱,NOUN,B2
فَرَاغ,leisure,暇,NOUN,B2
فَرَضَ,to foist,强加,VERB,B2
فَرَضَ,to impose,强加,VERB,B2
فَرَضَ ضَرِيبَة,to tax,征税,VERB,B2
فَرَكَ,to scrub,擦洗,VERB,B2
فَرَنْسِيّ,french,法国的,ADJ,B2
فَرَنْسِيّ,frenchman,法国人,NOUN,B2
فَرَّ,to abscond,潜逃,VERB,B2
فَرَّحَ,to cheer up,使振奋,VERB,B2
فَرَّغَ,to unpack,拆包,VERB,B2
فَرَّقَ,to discriminate,歧视,VERB,B2
فَرَّقَ,to disunite,分裂,VERB,B2
فَرِيسَة,prey,猎物,NOUN,B2
فَرِّيسِيّ,pharisee,法利赛人,NOUN,B2
فَرْط الحَرَارَة,hyperthermia,体温过高,NOUN,B2
فَرْع,affiliate,附属机构,NOUN,B2
فَرْقٌ دَقِيق,nuance,细微差别,NOUN,B2
فَرْقَاطَة,frigate,护卫舰,NOUN,B2
فَرْمَلَ,to brake,刹车,VERB,C1
فَرْو,fur,毛皮,NOUN,B2
فَسَاد,depravity,堕落,NOUN,B2
فَسَّرَ,to gloss,注释,VERB,B2
فَصَحَ,to disclose,揭露,VERB,B2
فَصَلَ,to decouple,脱钩,VERB,B2
فَصَلَ,to disconnect,断开,VERB,B2
فَصَلَ,to disjoin,分离,VERB,B2
فَصَلَ,to dismiss,解雇,VERB,B2
فَصَّل,elaborate,详尽的,ADJ,B2
فَصَّل,to elaborate,制定,VERB,B2
فَصَّلَ,to detail,详细说明,VERB,B2
فَصَّلَ,to expound,阐述,VERB,B2
فَصْل,chapter,章节,NOUN,B2
فَصْل عُنْصُرِيّ,segregation,隔离,NOUN,B2
فَصْلُ الْمَزِيج,the unmischung,混合物分离,NOUN,B2
فَضَائِيّ,extraterrestrial,外星的,ADJ,B2
فَضَّلَ,to prioritize,优先考虑,VERB,B2
فَطِنَ,to see through,看穿,VERB,B2
فَطِيرَة,pancake,薄煎饼,NOUN,C1
فَظَاظَة,rudeness,粗鲁,NOUN,B2
فَظَاعَة,atrocity,暴行,NOUN,B2
فَظَاعَة,flagrancy,公然,NOUN,B2
فَظِيع,awful,糟糕的,ADJ,B2
فَظّ,gruff,粗暴的,ADJ,B2
فَعَّلَ,to activate,激活,VERB,B2
فَقِيه,jurist,法学家,NOUN,B2
فَقِيه قَانُونِيّ,jurisconsult,法学专家,NOUN,B2
فَكَّ,to disentangle,解开,VERB,B2
فَكَّ,to unhook,摘下,VERB,B2
فَكَّ,to unravel,解开,VERB,B2
فَكَّ,to untie,解开,VERB,B2
فَكَّ أَزْرَارَ,to unbutton,解开纽扣,VERB,B2
فَكَّ الشَّفْرَة,to decode,解码,VERB,B2
فَكَّكَ,to dismantle,拆除,VERB,B1
فَلْسَفَة,philosophy,哲学,NOUN,C1
فَلْسَفِيّ,philosophical,哲学的,ADJ,B2
فَنَاس,lantern,灯笼,NOUN,B2
فَنُّ الإِلْقَاءِ,elocution,演说术,NOUN,B2
فَنِّي,artistic,艺术的,ADJ,B2
فَنّ الطَّهْي,gastronomy,美食学,NOUN,B2
فَنْلَنْدِيّ,finnish,芬兰的,ADJ,B2
فَهْد,panther,豹,NOUN,B2
فَوَّار,bubbling,起泡的,ADJ,B2
فَوْج,cohort,群体,NOUN,B2
فَوْرِي,immediate,立即的,ADJ,B2
فَوْرِيّ,instantaneous,瞬间的,ADJ,B2
فَوْضَوِيّ,chaotic,混乱的,ADJ,B2
فَوْضَوِيّ,disorderly,杂乱的,ADJ,B2
فَوْضَوِيّ,anarchist,无政府主义者,NOUN,B2
فَوْضَى,anarchy,无政府状态,NOUN,B2
فَوْضَى,disorder,混乱,NOUN,B2
فَوْضَى,untidiness,杂乱,NOUN,B2
فَوْق,over,在...上方,ADP,B2
فَوْق,above,上面,ADV,B2
فَوْق,up,向上,ADV,B2
فَوْقَ الجَوَاء,super-quality,超质,NOUN,B2
فَوْقَ الدَّرَجَة,super-grade,超级,NOUN,B2
فَوْقَ الشُّمُول,super-comprehensive,超遍,NOUN,B2
فَوْقَ الفِكْر,super-thought,超思,NOUN,B2
فَوْقَ المَبْدَأ,super-principle,超则,NOUN,B2
فَوْقَ النَّظَام,super-system,超制,NOUN,B2
فَيَّاض,exuberant,繁茂的,ADJ,B2
فَيْض,overflow,溢出,NOUN,B2
فَيْلَسُوف,philosopher,哲学家,NOUN,B2
فُتُور,languor,倦怠,NOUN,B2
فُجُور,lubricity,滑溜/淫荡,NOUN,B2
فُرُوسِيَّة,chivalry,骑士精神,NOUN,B2
فُرُوسِيّ,equestrian,马术的,ADJ,B2
فُرْسَان,cavalry,骑兵,NOUN,B2
فُرْسَان,knight,骑士,NOUN,B2
فُرْشَاةُ أَسْنَان,toothbrush,牙刷,NOUN,B2
فُضُولِيّ,inquisitive,好奇的,ADJ,B2
فُضُولِيّ,nosy,爱打听的,ADJ,B2
فُقْمَة,seal,海豹,NOUN,B2
فُكَاهِيّ,humorous,幽默的,ADJ,B2
فُلْفُل حَارّ,chili pepper,辣椒,NOUN,B2
فُلْفُل حَلْو,bell pepper,甜椒,NOUN,B2
فُلْفُلٌ حَارّ,chili,辣椒,NOUN,B1
فُنْدُق,hotel,酒店,NOUN,A1
فُنْدُق طَرِيق,motel,汽车旅馆,NOUN,C1
فُنْدُقِيّ,hotelier,旅馆经营者,NOUN,B2
فِتِيش,fetish,盲目崇拜物,NOUN,B2
فِتْنَة,sedition,煽动叛乱,NOUN,B2
فِدَاء,redemption,赎回,NOUN,B2
فِرَار,desertion,遗弃,NOUN,B2
فِرَاسَة,physiognomy,相貌,NOUN,B2
فِرَاش,mattress,床垫,NOUN,B2
فِرَاش حَيَوَانَات,litter bedding,垫料,NOUN,B2
فِرِيسْك,fresco,湿壁画,NOUN,B2
فِرْعَوْن,pharaoh,法老,NOUN,B2
فِرْقَة,squad,小队,NOUN,B2
فِرْقَة,troop,部队,NOUN,B2
فِسْيُولُوجِيّ,physiological,生理学的,ADJ,B2
فِطْرِيٌّ,innate,天生的,ADJ,B2
فِظَاظَة,brusqueness,唐突,NOUN,B2
فِعْلِيّ,actual,实际的,ADJ,B1
فِقْدَانُ الذَّاكِرَة,amnesia,健忘症,NOUN,B2
فِقْرَة,paragraph,段落,NOUN,B2
فِقْه,jurisprudence,法学,NOUN,B2
فِكْرَة غَامِضَة,inkling,略知,NOUN,A1
فِكْرَةٌ رَئِيسِيَّة,motif,主题,NOUN,B2
فِكْرِيّ,intellectual,智力的,ADJ,B2
فِهْرِس,catalogue,目录,NOUN,B2
فِي أَيِّ وَقْت,at any time,随时,ADV,B2
فِي الأَعْلَى,on top,在上面,ADV,B2
فِي الطَّرِيق,on the way,在路上,ADV,B2
فِي النِّهَايَة,after all,毕竟,ADV,A2
فِي الْحَقِيقَة,admittedly,诚然,ADV,B2
فِي الْخَارِج,abroad,在国外,ADV,C1
فِي الْمَنْزِل,at home,在家,ADV,A2
فِي الْمُتَنَاوَل,reachable,可到达的,ADJ,B2
فِي الْوَاقِعِ,actually,实际上,ADV,A1
فِي حَال,in case,如果,SCONJ,B2
فِي صِحَّتِكَ,cheers,干杯,INTJ,B2
فِي غَيْرِ مَحَلِّهِ,out of place,不合时宜的,ADJ,B2
فِي غُضُونِ ذَلِكَ,meanwhile,与此同时,ADV,B2
فِي مَكَانٍ آخَر,elsewhere,在别处,ADV,B1
فِي مَكَانٍ مَا,somewhere,某处,ADV,B1
فِي نَفْسِ الْوَقْت,at the same time,同时,ADV,B2
فِي نِهَايَةِ الْمَطَافِ,ultimately,最终,ADV,B2
فِي وَقْت,in time,及时地,ADV,B2
فِي وَقْت وَاحِد,simultaneously,同时地,ADV,B1
فِي وَقْتٍ مَّا,sometime,在某个时候,ADV,B2
فِيزْيَاء,physics,物理学,NOUN,C1
فِيلْم تِلْفِزْيُونِيّ,tv movie,电视电影,NOUN,B2
فِيلْم طَوِيل,feature film,故事片,NOUN,B2
فِيلْم قَصِير,short film,短片,NOUN,B2
فِيهِ,in it,在里面,ADV,B2
فْتَرَة,while,一会儿,NOUN,B2
قائد,captain,队长,NOUN,B2
قائمة,menu,菜单,NOUN,B2
قابل للنقاش,debatable,有争议的,ADJ,B2
قاتل,fatal,致命的,ADJ,B2
قاتل,murderer,凶手,NOUN,B2
قاتل,to fight,对抗,VERB,B2
قادر,capable,有能力的,ADJ,B2
قاسِي,cruel,残忍的,ADJ,B2
قاعة,hall,殿,PART,B2
قاعدة بيانات,database,数据库,NOUN,B2
قافلة,caravan,房车,NOUN,B2
قبل,before,之前,ADV,B2
قتل,to murder,谋杀,VERB,B2
قدم احتراماته,to pay respects,参见,VERB,B2
قدم دليلا,to provide evidence,举证,VERB,B2
قدم ملاحظات,to provide feedback,反馈,VERB,B2
قراءة الوجه,face reading,面相,NOUN,B2
قرار,resolution,决心,NOUN,B2
قراصن,pirate,海盗,NOUN,B2
قرب,proximity,邻近,NOUN,B2
قرص فيديو,video disc,影碟,NOUN,B2
قريب,near,在附近,ADP,B2
قريب,relative,亲属,NOUN,B2
قريبات,female relatives,女眷,NOUN,B2
قزم,dwarf,侏儒,NOUN,B2
قس,pastor,牧师,NOUN,B2
قسم,to divide,分开,VERB,B2
قسيمة,voucher,代金券,NOUN,B2
قضيب,my big one,我偌大,NOUN,B2
قطرة,drop,滴,NOUN,B2
قلب متمرد,rebellious heart,反心,NOUN,B2
قلة,few,几下,NOUN,B2
قلعة,castle,城堡,NOUN,B2
قلل,to diminish,减少,VERB,B2
قلم جاف,ballpoint pen,圆珠笔,NOUN,B2
قلم رصاص,pencil,铅笔,NOUN,B2
قليل,a little,一点,ADJ,B2
قليلاً,a bit,一点,ADV,B2
قليلاً,slightly,轻微地,ADV,B2
قماش حريري,silk cloth,丝绸,NOUN,B2
قمة,crest,顶峰,NOUN,B2
قمر الشهر,month moon,月,NOUN,B2
قنبلة,bomb,炸弹,NOUN,B2
قواد,gigolo,面首,NOUN,B2
قوة,might,威力,NOUN,B2
قوة عسكرية,military power,兵权,NOUN,B2
قوس,bow,蝴蝶结,NOUN,B2
قوس قزح,rainbow,彩虹,NOUN,B2
قيد,handcuff,手铐,NOUN,B2
قيد,to restrict,限制,VERB,B2
قيم,caretaker,房屋管理员,NOUN,B2
قَائِد,commander,指挥官,NOUN,C1
قَائِمَة,list,列表,NOUN,B1
قَابَلَ,to collate,校对,VERB,B2
قَابَلَ,to contrast,对比,VERB,B2
قَابِض,clutch,离合器,NOUN,B2
قَابِل لِلتَّطْبِيق,viable,可行的,ADJ,B2
قَابِل لِلتَّمْيِيزِ,recognizable,可辨认的,ADJ,B2
قَابِل لِلطَّعْن,contestable,可质疑的,ADJ,B2
قَابِل لِلَّعِب,playable,可玩的,ADJ,B2
قَابِل لِلِاشْتِعَال,flammable,易燃的,ADJ,B2
قَابِل لِلِاقْتِبَاس,quotable,可引用的,ADJ,B2
قَابِلٌ لِلتَّجَنُّب,avoidable,可避免的,ADJ,B2
قَابِلٌ لِلتَّحَكُّم,controllable,可控的,ADJ,B2
قَابِلٌ لِلتَّحْوِيلِ,convertible,可兑换的,ADJ,B2
قَابِلٌ لِلتَّعْدِيل,amendable,可修正的,ADJ,B2
قَابِلٌ لِلتَّنَازُل,alienable,可转让的,ADJ,B2
قَابِلٌ لِلتَّنَبُّؤ,predictable,可预测的,ADJ,B2
قَابِلٌ لِلْمُقَارَنَةِ,comparable,可比较的,ADJ,B2
قَابِلِيَّة التَّحْوِيل,convertibility,可兑换性,NOUN,B2
قَابِلِيَّة التَّطْبِيق,applicability,适用性,NOUN,B2
قَابِلِيَّة التَّكْرَار,reproducibility,可重复性,NOUN,B2
قَابِلِيَّة الْحُكْم,governability,可治理性,NOUN,B2
قَاتِلٌ مُتَسَلْسِل,serial killer,连环杀手,NOUN,C1
قَاحِل,arid,干旱的,ADJ,B2
قَادَ,to drive lead,驾驶,VERB,B2
قَادِر,able,能够的,ADJ,B2
قَارِئ إِلِكْتُرُونِيّ,e-reader,电子阅读器,NOUN,B2
قَارِض,rodent,啮齿动物,NOUN,B2
قَارِعَة الطَّرِيق,roadway,车行道,NOUN,B2
قَاسٍ,harsh,严厉的,ADJ,B2
قَاسٍ,inclement,恶劣的,ADJ,B2
قَاسَ,to gauge,测量,VERB,B2
قَاسِي,grim,严酷的,ADJ,B2
قَاضٍ,magistrate,地方官,NOUN,B2
قَاضَى,to prosecute,起诉,VERB,C1
قَاطَعَ,to interrupt,打断,VERB,B1
قَاطِع,categorical,明确的,ADJ,B2
قَاطِع,peremptory,专横的,ADJ,B2
قَاعِدَة,rule,规则,NOUN,B1
قَاعِدَةٌ أَسَاسِيَّة,erzregelung,根本规程,NOUN,B2
قَانُونِيًّا,legally,合法地,ADV,C1
قَانُونِيّ,canonical,规范的,ADJ,B2
قَانُونِيّ,lawful,合法,ADJ,B2
قَبِلَ,to accept,接受,VERB,B2
قَبْر,tomb,坟墓,NOUN,B2
قَبْضَة,fist,拳头,NOUN,B2
قَبْضَة,hilt,剑柄,NOUN,B2
قَبْلَ أَنْ,before,在...之前,SCONJ,B2
قَتْل,to kill,杀死,VERB,B2
قَتْلُ الأَخ,fratricide,杀兄,NOUN,B2
قَتْلُ عَطْوَيْنِ بِحَجَرٍ وَاحِد,kill two birds with one stone,一举两得,ADJ,B2
قَديمًا,long ago,早已,ADV,B2
قَدَرِيَّة,fatalism,宿命论,NOUN,B2
قَدَّر,estimate,估计,NOUN,B2
قَدَّر,to estimate,估计,VERB,B2
قَدَّرَ,to appreciate,感激,VERB,B2
قَدَّرَ,to cherish,珍爱,VERB,B2
قَدَّرَ,to estimate,估计,VERB,C1
قَدَّسَ,to consecrate,奉献,VERB,B2
قَدَّسَ,to sanctify,使神圣,VERB,B2
قَدَّمَ,to introduce,介绍,VERB,B2
قَدَّمَ طَعْنًا,to lodge an appeal,提出上诉,VERB,B2
قَذِر,filthy,肮脏的,ADJ,B2
قَذْف,ejection,排出,NOUN,B2
قَرَابَة الدَّم,consanguinity,血亲,NOUN,B2
قَرَار عَابِر,trans-decision,超断,NOUN,B2
قَرَّبَ,to bring closer,拉近,VERB,B2
قَرِيب مِنْ,near,在附近,ADP,A2
قَرِيباً,soon,很快,ADV,A2
قَسَا,to brutalize,使变得残忍,VERB,B2
قَسَّى,to harden,使坚硬,VERB,B2
قَسْوَة,cruelty,残忍,NOUN,B2
قَشَّرَ,to exfoliate,剥落,VERB,B2
قَصَّرَ,to cut short,截断,VERB,B2
قَصَّرَ,to shorten,缩短,VERB,B2
قَصِيرُ الأَجَل,short-term,短期的,ADJ,B2
قَصْر,mansion,豪宅,NOUN,B2
قَضَاءٌ أَوَّلِيّ,urteilung,原始判断,NOUN,B2
قَضَمَ,to gnaw,啃,VERB,B2
قَطَرَ,to drip,滴下,VERB,B2
قَطَعَ,to cut off,切断,VERB,B2
قَطَعَ,to fell,砍倒,VERB,B2
قَطَعَ رَأْسَ,to behead,斩首,VERB,B2
قَطَّرَ,to distill,蒸馏,VERB,B2
قَطَّعَ,to chop,剁碎,VERB,C1
قَطْع,cut,切口,NOUN,B2
قَطْف,picking,采摘,NOUN,B2
قَفَا,nape,后颈,NOUN,B2
قَفَص,cage,笼子,NOUN,C1
قَفَلَ,to lock,锁上,VERB,B2
قَفْزَة,jump,跳跃,NOUN,B2
قَفْزَة,leap,跳跃,NOUN,B2
قَلَنْسُوَة طَقْسِيَّة,ceremonial cap,爵弁,NOUN,B2
قَلَّدَ,to imitate,模仿,VERB,B2
قَلَّصَ,to curtail,缩减,VERB,B2
قَلَّلَ,to minimize,尽量减少,VERB,B2
قَلِق,anxious,焦虑的,ADJ,B2
قَلِق,uneasy,不安的,ADJ,B2
قَلِيلُ الْحَرَكَة,sedentary,久坐的,ADJ,B2
قَمَامَة,trash,垃圾,NOUN,B2
قَمَر صِنَاعِيّ,satellite,人造卫星,NOUN,C1
قَمَعَ,to repress,压抑,VERB,B2
قَمَعَ,to suppress,压制,VERB,B2
قَمْعِيّ,oppressive,压迫的,ADJ,B2
قَمْلَة,louse,虱子,NOUN,B2
قَنَاة,canal,运河,NOUN,B2
قَنَبْلَة,grenade,手榴弹,NOUN,B2
قَنَّاص,sniper,狙击手,NOUN,B2
قَنَّنَ,to codify,编纂,VERB,B2
قَهْقَهَ,to giggle,咯咯笑,VERB,B2
قَهْقَهَة,guffaw,狂笑,NOUN,B2
قَوَّمَ,to straighten,弄直,VERB,B2
قَوِيّ,powerful,强大的,ADJ,C1
قَوْس,arc,弧,NOUN,B2
قَوْس,bracket,括号,NOUN,B2
قَوْمِيّ,nationalist,民族主义者,NOUN,B2
قَوْنَنَ,to formalize,使正式化,VERB,B2
قَيَّدَ,to constrain,限制,VERB,B2
قَيَّدَ,to tie up,绑住,VERB,B2
قَيَّدَ بِالأَصْفَادِ,to handcuff,戴上手铐,VERB,B2
قَيَّدَ بِسَلَاسِل,to chain to link together,上链锁住,VERB,B2
قَيَّمَ,to appraise,评估,VERB,B2
قَيَّمَ,to assess,评估,VERB,B1
قَيْد,constraint,约束,NOUN,B2
قُبَّعَة,hat,帽子,NOUN,B2
قُرَاد,tick,蜱,NOUN,B2
قُرْب,closeness,亲近,NOUN,C1
قُرْص,disc,圆盘,NOUN,B2
قُرْصَان,buccaneer,海盗,NOUN,B2
قُشَعْرِيرَة,shiver,颤抖,NOUN,B2
قُطْبِيّ,polar,极地的,ADJ,B2
قُطْر,diagonal,对角线,NOUN,B2
قُفَّاز,glove,手套,NOUN,B2
قُفَّاز,mitten,连指手套,NOUN,A1
قُلُوب,hearts,心,NOUN,B2
قُمَاش,cloth,布料,NOUN,B2
قُمَاش قِنَّب,canvas,帆布,NOUN,B2
قُوَّة,great power,大国,NOUN,B2
قُوَّة,strength,力量,NOUN,B1
قُوَّة طَرْدِيَّة,centrifugal force,离心力,NOUN,B2
قُوَّةٌ عُظْمَى,the erzkraft,绝顶力量,NOUN,B2
قُوَّةٌ مُتَرَاجِعَة,the abkraft,减退之力,NOUN,B2
قِتَال,combat,战斗,NOUN,B2
قِتَالِيَّة,combativeness,好斗性,NOUN,B2
قِرْش,shark,鲨鱼,NOUN,B2
قِسْط,premium,溢价,NOUN,B2
قِشْرَة,crust,外壳,NOUN,B2
قِصَّة مُصَوَّرَة,comic strip,连环漫画,NOUN,B2
قِطْعَة,bit,一点,NOUN,B2
قِلَادَة,necklace,项链,NOUN,C1
قِلَّة حَيَاء,immodesty,不谦虚,NOUN,B2
قِلَّةُ احْتِرَام,disrespect,不敬,NOUN,B2
قِمَّة,apex,顶点,NOUN,B2
قِمَّة,top,顶部,NOUN,C1
قِمْع,funnel,漏斗,NOUN,B2
قِنَّب,hemp,大麻,NOUN,B2
قِيثَارَة,harp,竖琴,NOUN,B2
قِيمَةٌ مُسْبَقَة,the vorwert,先验值,NOUN,B2
قِيَاس مَنْطِقِيّ,syllogism,三段论,NOUN,B2
كآبَة,the blues,忧郁,NOUN,B2
كأس خمر,wine cup,这酒盏,NOUN,B2
كئيب,melancholic,忧郁的,ADJ,B2
كاتب,clerk,职员,NOUN,B2
كاتدرائية,cathedral,大教堂,NOUN,B2
كاثوليكية,catholicism,天主教,NOUN,B2
كافأ,reward,奖励,NOUN,B2
كافأ,to reward,奖励,VERB,B2
كافي,enough,足够的,ADJ,B2
كامل,complete,完整的,ADJ,B2
كامل,entire,整个的,ADJ,B2
كامل الدفع,payment all,付都,NOUN,B2
كان,to be so,然,VERB,B2
كبت,to depress,使沮丧,VERB,B2
كتيّب,booklet,小册子,NOUN,B2
كثير,much,多,DET,B2
كحول,alcohol,酒精,NOUN,B2
كذلك,also too,也,ADV,B2
كرة,ball,球,NOUN,B2
كرر,to duplicate,复制,VERB,B2
كرمة,vine,藤蔓,NOUN,B2
كريه,nasty,令人不快的,ADJ,B2
كرّر,to reiterate,重申,VERB,B2
كسافا,cassava,木薯,NOUN,B2
كشف,detection,检测,NOUN,B2
كشف,to detect,探测,VERB,B2
كشف,to reveal,揭示,VERB,B2
كشك,booth,摊位,NOUN,B2
كشمير,cashmere,羊绒,NOUN,B2
كعكة القمر,mooncake,月饼,NOUN,B2
كفؤ,competent,胜任的,ADJ,B2
كفالة,bail,保释,NOUN,B2
كفتا,both hands,双手,NOUN,B2
كفتة مطبوخة,cooked meatball,丸子熟,NOUN,B2
كفل,to provide for,供应,VERB,B2
كفى,to be enough,足够,VERB,B2
كفّ,to desist,停止,VERB,B2
كفّر,to excommunicate,开除教籍,VERB,B2
كل,all,全部,ADV,B2
كل,every,每个,DET,B2
كل شيء,everything,一切,PRON,B2
كل يوم,every day,天天,ADV,B2
كلا,both,两者都,CCONJ,B2
كلاسيكي,classic,经典的,ADJ,B2
كلاسيكي,classical,古典的,ADJ,B2
كلمة المرور,password,密码,NOUN,B2
كليشيه,cliche,陈词滥调,NOUN,B2
كلّف,to cost,花费,VERB,B2
كم,sleeve,袖子,NOUN,B2
كم,how many,多少,NUM,B2
كمال,entirety,全部,NOUN,B2
كمثرى,pear,梨,NOUN,B2
كوخ,cottage,小屋,NOUN,B2
كومة,pile,堆,NOUN,B2
كومة,a pile,一堆,NUM,B2
كونتيسة,countess,女伯爵,NOUN,B2
كيان,entity,实体,NOUN,B2
كَأَنَّ,as if,仿佛,ADV,B2
كَأْس,trophy,奖杯,NOUN,B2
كَئِيب,disconsolate,忧郁的,ADJ,B2
كَاتِب سِينَارِيُو,screenwriter,编剧,NOUN,B2
كَاتِب مَقَالَات,pamphleteer,小册子作者,NOUN,B2
كَاتِبٌ مَسْرَحِيّ,playwright,剧作家,NOUN,B2
كَاثُولِيكِيّ,catholic,天主教的,ADJ,B2
كَادَ,hardly,几乎不,ADV,B2
كَارِثِيّ,apocalyptic,启示录的,ADJ,B2
كَارِثِيّ,calamitous,灾难性的,ADJ,B2
كَارِزْمِيّ,charismatic,有魅力的,ADJ,B2
كَارِه,averse,厌恶的,ADJ,B2
كَارِهُ البَشَر,misanthrope,厌世者,NOUN,B2
كَارْدِينَال,cardinal,红衣主教,NOUN,B2
كَاسِرُ الأَوْثَان,iconoclast,反传统者,NOUN,B2
كَافٍ,adequate,足够的,ADJ,B2
كَافَأَ,to reward,奖励,VERB,B1
كَامِن,latent,潜在的,ADJ,B2
كَانَ سَيَـ,would,将要,AUX,A2
كَانَ مَنْطِقِيًّا,to make sense,讲得通,VERB,B2
كَانْسِلَر,chancellor,总理,NOUN,B2
كَبَّرَ,to magnify,放大,VERB,B2
كَبِير,substantial,大量的,ADJ,B2
كَتَمَ,to keep secret,保密,VERB,B2
كَتَّان,linen,亚麻,NOUN,B2
كَتِيبَة,battalion,营,NOUN,B2
كَثير,lot,许多,NOUN,B2
كَثَّفَ,to condense,浓缩,VERB,B2
كَثَّفَ,to intensify,加剧,VERB,B2
كَثِير,so much,这么多,ADV,B2
كَثِيرًا,a lot,很多,ADV,B2
كَثِيرًا,considerably,相当地,ADV,B2
كَثِيرًا,frequently,频繁地,ADV,B2
كَثِيرًا جِدًّا,too much,太多,ADV,B2
كَذَلِكَ,likewise,同样地,ADV,B2
كَذَلِكَ,so,所以,ADV,B2
كَرَاهَة,hate,仇恨,NOUN,B2
كَرَز,cherry,樱桃,NOUN,B2
كَرَم,benevolence,仁慈,NOUN,B2
كَرَّرَ,to repeat,重复,VERB,B2
كَرَّسَ,to dedicate,奉献,VERB,B2
كَرَّمَ,to honor,尊敬,VERB,C1
كَرِهَ,to dislike,不喜欢,VERB,B2
كَرِيم,benevolent,仁慈的,ADJ,B2
كَرِيمُ النَّفْس,magnanimous,宽宏大量的,ADJ,B2
كَرْبُوهِيدْرَات,carbohydrate,碳水化合物,NOUN,B2
كَرْتُون,cardboard,硬纸板,NOUN,B2
كَرْم,cellar,地窖,NOUN,B2
كَرْمَشَ,to crumple,弄皱,VERB,B2
كَسَبَ,to gain,获得,VERB,B2
كَسَفَ,to eclipse,遮蔽,VERB,B2
كَسُول,slothful,懒惰的,ADJ,B2
كَسْر,fraction,分数,NOUN,B2
كَسْرِيّ,fractional,微小的,ADJ,B2
كَشَفَ,to uncover,揭露,VERB,B2
كَشَفَ الْقِنَاعَ عَنْ,to unmask,揭露,VERB,B2
كَشَّاف,scout,童子军,NOUN,B2
كَشْفُ عَلَامَات,report card,成绩单,NOUN,B2
كَعْكَة الشَّعْر,hair bun,发髻,NOUN,B2
كَفَّ,to curb,抑制,VERB,B2
كَفَّارَة,atonement,赎罪,NOUN,B2
كَفَّرَ,to atone,赎罪,VERB,B2
كَفَّنَ,to shroud,覆盖,VERB,B2
كَفّ,palm,手掌,NOUN,B2
كَلام السَّيِّد,lord's words,主说,NOUN,B2
كَلَّا,nope,不,INTJ,C1
كَلِمَة شَخْصِيَّة,character word,字,NOUN,B2
كَلْبَة,bitch,母狗,NOUN,B2
كَما,as,作为,SCONJ,B2
كَمَا فِي الْمَاضِي,just as in the past,一如既往,ADV,B2
كَنَدِيّ,canadian,加拿大的,ADJ,B2
كَنْز,treasure,财宝,NOUN,B2
كَهْرَبَائِيّ,electric,电动的,ADJ,B2
كَوَى,to cauterize,烧灼,VERB,B2
كَوْبُ مَاء,drinking glass,水杯,NOUN,B2
كَوْسَد,constellation,星座,NOUN,B2
كَوْمَة,mound,土堆,NOUN,B2
كَوْن,universe,宇宙,NOUN,B2
كَيْف,how,又怎会,NOUN,B2
كُتَيِّب,brochure,小册子,NOUN,B2
كُتْلَة,block,块,NOUN,B2
كُتْلَوِيّ,monolithic,单一的,ADJ,B2
كُرَة الْقَدَم,soccer,足球,NOUN,B2
كُرَةُ السَّلَّة,basketball,篮球,NOUN,B1
كُرَةُ الْقَدَمِ,football,足球,NOUN,B2
كُرْسِيّ مَيْسَم,armchair,扶手椅,NOUN,B2
كُرْسِيّ مُعَوِّق,wheelchair,轮椅,NOUN,B2
كُشْك,kiosk,亭,NOUN,B2
كُلَّ أَحَدٍ بَعْدَ آخَرَ,every other sunday,每隔一个星期日,NOUN,B2
كُلَّمَا,the more,越...越...,ADV,A2
كُلُّهُ,all of it,全部,PRON,B2
كُلِّيَّة,college,学院,NOUN,B2
كُلّ,all,所有,DET,C1
كُلّ,each,每个,DET,B2
كُوخ,shed,棚屋,NOUN,B2
كُوكَايِين,cocaine,可卡因,NOUN,B2
كُونْغْرِس,congress,国会,NOUN,C1
كِتَاب دِرَاسِيّ,textbook,教科书,NOUN,B2
كِتَابَة,in writing,书面,NOUN,B2
كِذْبَة,lie,谎言,NOUN,B1
كِرِيكِيت,cricket,板球,NOUN,B2
كِشْمِش,currant,醋栗,NOUN,B2
كِمَامَة,muzzle,口套,NOUN,B2
كِيس,cyst,囊肿,NOUN,B2
كِيس,sack,麻袋,NOUN,C1
كِيسُ قُمَامَة,trash bag,垃圾袋,NOUN,B2
كِيمْيَاء,chemistry,化学,NOUN,C1
لأن,because,因为,CCONJ,B2
لؤلؤ,pearl,珍珠,NOUN,B2
لا,do not,莫,ADV,B2
لا أستحق مدحك,i don't deserve your praise,不敢当,INTJ,B2
لا تشوبه شائبة,irreproachable,无可指责的,ADJ,B2
لا شيء,nothing,没有什么,PRON,B2
لا عقلانية,irrationality,非理性,NOUN,B2
لا غنى عنه,indispensable,不可或缺的,ADJ,B2
لا مكان,nowhere,无处,ADV,B2
لا نهائي,endless,无尽的,ADJ,B2
لا يأتي,to not come,不来,VERB,B2
لا يحصى,countless,无数的,ADJ,B2
لا يسمح,not allow,不许,AUX,B2
لا يصلح,won't do,不行,ADJ,B2
لا يصلح,to won't do,不成,VERB,B2
لا يعوض,irreplaceable,不可替代的,ADJ,B2
لا يقاوم,irresistible,不可抗拒的,ADJ,B2
لا يقبل الجدل,irrefutable,无可辩驳的,ADJ,B2
لا يمكنك العيش,you cannot live,你也活不,NOUN,B2
لا يملك,to not have,没,VERB,B2
لا يوصف,indescribable,难以形容的,ADJ,B2
لا يُمحى,indelible,不可磨灭的,ADJ,B2
لائحة اتهام,indictment,起诉,NOUN,B2
لائق,decent,体面的,ADJ,B2
لاحظ,note,笔记,NOUN,B2
لاحظ,to note,记录,VERB,B2
لاحظ,to notice,注意到,VERB,B2
لافتة,banner,横幅,NOUN,B2
لامع,brilliant,杰出的,ADJ,B2
لاَحَظَ,to note,记录,VERB,B2
لبس,dress,连衣裙,NOUN,B2
لبس,to dress,给...穿衣,VERB,B2
لبس,to put on,穿上,VERB,B2
لحاف,quilt,被子,NOUN,B2
لحظة,point in time,时间点,NOUN,B2
لحم خروف,mutton,羊肉,NOUN,B2
لحم مقدد,bacon,培根,NOUN,B2
لحم مقدد,ham,火腿,NOUN,B2
لزم,to entail,牵涉,VERB,B2
لص,bandit,强盗,NOUN,B2
لغز,mystery,谜,NOUN,B2
لف,to wind,缠绕,VERB,B2
لف,to wrap,包裹,VERB,B2
لقمة,mouthful,一口,NOUN,B2
للغاية,extremely,极其,ADV,B2
لم شمل,reunion,重聚,NOUN,B2
لوحة القيادة,dashboard,仪表盘,NOUN,B2
لوز,almond,杏仁,NOUN,B2
لياقة,propriety,分寸,NOUN,B2
ليس فقط,not only,不光,CCONJ,B2
ليل ونهار,day and night,昼夜,NOUN,B2
لَئِيم,impolite,不礼貌的,ADJ,B2
لَا,not,不,PART,A1
لَا أَحَدَ,nobody,没有人,PRON,B2
لَا إِرَادِيّ,involuntary,非自愿的,ADJ,B2
لَا إِنْسَانِيّ,inhuman,不人道的,ADJ,B2
لَا تَنَاظُرِيّ,asymmetrical,不对称,ADJ,B2
لَا دَمَوِيّ,bloodless,不流血的,ADJ,B2
لَا مُبَالٍ,apathetic,冷漠的,ADJ,B2
لَا مُبَالَاة,apathy,冷漠,NOUN,B2
لَا وَاقِعِيَّة,unreality,不真实性,NOUN,B2
لَا يَرْحَم,relentless,无情的,ADJ,B2
لَا يَسْتَطِيعُ,cannot,不能,AUX,B2
لَا يَشْبَع,insatiable,贪得无厌的,ADJ,B2
لَا يُتَصَوَّر,inconceivable,不可思议的,ADJ,B2
لَا يُتَصَوَّر,unimaginable,难以想象的,ADJ,B2
لَا يُصَدَّق,incredible,难以置信的,ADJ,B2
لَا يُصَدَّق,unbelievable,难以置信的,ADJ,B2
لَا يُطَاق,unbearable,难以忍受的,ADJ,B2
لَا يُعْقَل,unthinkable,不可思议的,ADJ,B2
لَا يُغْتَفَر,unforgivable,不可原谅的,ADJ,B2
لَا يُقْهَر,invincible,无敌的,ADJ,B2
لَا يُمَسّ,untouchable,不可触碰的,ADJ,B2
لَا يُمْكِن السَّيْطَرَةُ عَلَيْهِ,uncontrollable,无法控制的,ADJ,B2
لَا يُنْسَى,memorable,难忘的,ADJ,B2
لَا يُنْكَر,undeniable,不可否认的,ADJ,B2
لَاتِينِيّ,latin,拉丁的,ADJ,B2
لَاذِع,acerbic,尖刻的,ADJ,B2
لَاطَفَ,to coax,哄劝,VERB,B2
لَاعِب جُمْبَاز,gymnast,体操运动员,NOUN,B2
لَامَرْكَزَ,to decentralize,分散,VERB,B2
لَاهُوتِيّ,theological,神学的,ADJ,B2
لَاوَعْي,subconscious,潜意识,NOUN,B2
لَحَمَ,to solder,焊接,VERB,B2
لَحْم,flesh,肉,NOUN,B2
لَحْمُ الفَخِذ,tenderloin,里脊,NOUN,B2
لَحْن,solecism,语法错误,NOUN,B2
لَدَغَ,to sting,叮,VERB,B2
لَذِيذ,delicious,美味的,ADJ,B2
لَطِيف,nice,好的,ADJ,B1
لَعَنَ,to curse,诅咒,VERB,B2
لَعَنَ,to execrate,诅咒,VERB,B2
لَعْنَة,anathema,深恶痛绝之物,NOUN,B2
لَفَّ كُبَّةً,to skein,卷成绞,VERB,B2
لَفَّقَ,to concoct,捏造,VERB,B2
لَقَب,nickname,昵称,NOUN,C1
لَقَب,surname,姓氏,NOUN,B2
لَقَطَات,footage,镜头片段,NOUN,B2
لَقَّبَ,to nickname,起绰号,VERB,B2
لَقَّنَ,to indoctrinate,灌输,VERB,B2
لَقْنِيّ,laconic,简洁的,ADJ,B2
لَكَ,your,你的,PRON,B2
لَكُمْ,your plural,你们的,DET,A1
لَمَحَ,to catch sight of,瞥见,VERB,B2
لَمَحَ,to espy,窥见,VERB,B2
لَمَحَ,to spot,发现,VERB,B2
لَمَسَ,to touch,触摸,VERB,B2
لَمَّحَ,to insinuate,暗示,VERB,B2
لَمْحَة,glance,一瞥,NOUN,B2
لَمْحَة,glimpse,瞥见,NOUN,B2
لَهَثَ,to pant,喘气,VERB,B2
لَهُ,his her its their,他的,DET,A1
لَهُمْ,their,他们的,PRON,B2
لَوَّثَ,to contaminate,污染,VERB,B2
لَوَّثَ,to dirty to tarnish,弄脏,VERB,B2
لَوْحَة اتِّجَاه,direction sign,指示牌,NOUN,B2
لَوْحَة مَفَاتِيح,keyboard,键盘,NOUN,B2
لَوْحَةُ السَّيَّارَة,license plate,车牌,NOUN,B2
لَيْلًا,overnight,一夜之间,ADV,B2
لُجُوء,recourse,求助,NOUN,B2
لُعَاب,drool,口水,NOUN,B2
لُعْبَة,toy,玩具,NOUN,C1
لُغَة عَامِّيَّة,slang,俚语,NOUN,B2
لُغَوِيّ,linguistic,语言的,ADJ,B2
لُفَافَةُ خُبْز,bread roll,小圆面包,NOUN,B2
لُوجِسْتِيّات,logistics,后勤,NOUN,B2
لُورد يُو,lord yu,玉大人,NOUN,B2
لِأَجْلِهِ,for it,为此,ADV,B2
لِبَاس,attire,身着,NOUN,B2
لِتْر,litre,升,NOUN,C1
لِجَام,bridle,缰绳,NOUN,B2
لِحَاف,duvet,羽绒被,NOUN,B2
لِحُسْنِ الحَظّ,fortunately,幸运地,ADV,B2
لِسَنَوَات,for years,多年,ADV,B2
لِصّ,robber,强盗,NOUN,B2
لِصّ,thief,小偷,NOUN,B2
لِقَاء,secret meeting,密会,NOUN,B2
لِقَاحِيّ,vaccine-related,疫苗相关的,ADJ,B2
لِكَيْ,in order to,以期,SCONJ,B2
لِكَيْ,so that,以便,SCONJ,B2
لِكُلِّ,per,每,ADP,B2
لِلْأَسَفِ,unfortunately,不幸地,ADV,A2
لِمَاذَا,for what,为何,ADV,B2
لِمْفَاوِيّ,lymphatic,淋巴的,ADJ,B2
لِيبِرَالِيّ,liberal,自由的,ADJ,B2
لِيَاقَة,decorum,端庄,NOUN,B2
مأثرة,feat,功绩,NOUN,B2
مأزق,predicament,困境,NOUN,B2
مأساوي,pitiful,可怜的,ADJ,B2
مألوف,familiar,熟悉的,ADJ,B2
مؤتمر صحفي,press conference,新闻发布会,NOUN,B2
مؤسسة,establishment,机构,NOUN,B2
مادة مضادة,counter-matter,反物,NOUN,B2
مارس,to exercise,锻炼,VERB,B2
ماس,diamond,钻石,NOUN,B2
ماشية,cattle,牛,NOUN,B2
ماضٍ,past,过去的,ADJ,B2
مالية,finances,财政,NOUN,B2
مبارزة,fencing,击剑,NOUN,B2
مبالغ,exaggerated,夸张的,ADJ,B2
مبتدئ,beginner,初学者,NOUN,B2
مبتذل,vulgar,粗俗的,ADJ,B2
مبتهج,joyful,快乐的,ADJ,B2
مبدع,creative,有创造力的,ADJ,B2
مبدع,ingenious,灵巧的,ADJ,B2
متأصل,inherent,固有的,ADJ,B2
متبادلا,mutually,相互地,ADV,B2
متجر متعدد الأقسام,department store,百货商店,NOUN,B2
متحمس,excited,兴奋的,ADJ,B2
متخذ القرار,decision-maker,决策者,NOUN,B2
متزامن,simultaneous,同时的,ADJ,B2
متطرف,extreme,极端,ADJ,B2
متطلب,requirement,要求,NOUN,B2
متعجرف,bombastic,夸大的,ADJ,B2
متقدم,developed,发达的,ADJ,B2
متمدن,civilized,文明的,ADJ,B2
متوافق,compliant,符合的,ADJ,B2
متوسط,mediocre,平庸的,ADJ,B2
مثل,proverb,谚语,NOUN,B2
مثير للشفقة,pathetic,可悲的,ADJ,B2
مجاملة,compliment,称赞,NOUN,B2
مجتمع,community,社区,NOUN,B2
مجلة فصلية,quarterly magazine,季刊,NOUN,B2
محاولة فاشلة,failed bid,流标,NOUN,B2
محتمل,bearable,可忍受的,ADJ,B2
محدد بوضوح,clearly demarcated,分明,ADJ,B2
محرك,motor,发动机,NOUN,B2
محطة,gas station,加油站,NOUN,B2
محقق,detective,侦探,NOUN,B2
محلي,domestic,国内的,ADJ,B2
محنة,plight,处境,NOUN,B2
مخاطرة بالموت,risking death,冒死,NOUN,B2
مخالف للعقل,preposterous,荒谬的,ADJ,B2
مخضرم,veteran,老手,NOUN,B2
مخطئ,wrong mistake,错误,ADJ,B2
مخطط,diagram,图表,NOUN,B2
مخلب,claw,爪子,NOUN,B2
مخلب,paw,爪子,NOUN,B2
مخلص,devoted,忠诚的,ADJ,B2
مخلص,sincere,真诚的,ADJ,B2
مدة,duration,持续时间,NOUN,B2
مدرك,perceptive,敏锐的,ADJ,B2
مدع,prosecutor,检察官,NOUN,B2
مدفأة,fireplace,壁炉,NOUN,B2
مدمج,compact,紧凑的,ADJ,B2
مدني,civilian,平民,NOUN,B2
مدى,extent,程度,NOUN,B2
مذكرة,memorandum,备忘录,NOUN,B2
مذنب,guilty,有罪的,ADJ,B2
مراسلة,correspondence,通信,NOUN,B2
مراقبة,monitoring,监控,NOUN,B2
مرتاح,relaxed,放松的,ADJ,B2
مرتب,neat,整洁的,ADJ,B2
مرتبط,related,相关的,ADJ,B2
مرحلة نهائية,final stage,末期,NOUN,B2
مرسوم شفوي,oral decree,口谕,NOUN,B2
مركب,compound,复合性,ADJ,B2
مركز ترفيهي,entertainment center,娱乐中心,NOUN,B2
مريح,cozy,舒适的,ADJ,B2
مريض,patient,病人,NOUN,B2
مزح,to joke,开玩笑,VERB,B2
مزدهر,prosperous,繁荣的,ADJ,B2
مزدوج,double,两倍的,ADJ,B2
مزرعة,plantation,人工林,NOUN,B2
مزيف,counterfeit,假冒,ADJ,B2
مسار مضاد,counter-route,反途,NOUN,B2
مسبقا,beforehand,事先,ADV,B2
مستبعد,excluded,排除在外的,ADJ,B2
مستحق,due,到期的,ADJ,B2
مستعد,willing,乐意的,ADJ,B2
مستقبلي,future,未来的,ADJ,B2
مستقل,independent,独立的,ADJ,B2
مستلم,recipient,接受者,NOUN,B2
مستند أصلي,original document,原件,NOUN,B2
مسح,to wipe,擦,VERB,B2
مسرح الجريمة,crime scene,犯罪现场,NOUN,B2
مسرحية,play,剧本,NOUN,B2
مسكن,dwelling,住宅,NOUN,B2
مسكن,my residence,我府,NOUN,B2
مسودة أولى,first draft,初稿,NOUN,B2
مشاغب,naughty,淘气的,ADJ,B2
مشترك,joint,平等的,ADJ,B2
مشغل أسطوانات,record player,唱机,NOUN,B2
مشغول,engaged,订婚的,ADJ,B2
مشغول,occupied,被占用的,ADJ,B2
مشكلة صعبة,difficult problem,难题,NOUN,B2
مشكوك فيه,questionable,可疑的,ADJ,B2
مشوش,muddled,混乱的,ADJ,B2
مصرفي,banker,银行家,NOUN,B2
مصعد,escalator,自动扶梯,NOUN,B2
مصلحة عامة,public welfare,公益性,NOUN,B2
مصمم,determined,下定决心的,ADJ,B2
مصنع بيرة,brewery,啤酒厂,NOUN,B2
مصنوعات اليشم,jade ware,玉器,NOUN,B2
مصير,destiny,命运,NOUN,B2
مطابق,identical,完全相同的,ADJ,B2
مطر معتدل,moderate rain,中雨,NOUN,B2
مطلوب,required,必需的,ADJ,B2
مطنب,verbose,冗长的,ADJ,B2
مطيع,obedient,顺从的,ADJ,B2
معتدل,mild,温和的,ADJ,B2
معتدل,moderate,适度的,ADJ,B2
معتمد,dependent,依赖的,ADJ,B2
معدات أساسية,essential equipment,要置,NOUN,B2
معرض,fair,交易会,NOUN,B2
معرض,gallery,画廊,NOUN,B2
معرفة واضحة,clear knowledge,明知,NOUN,B2
معطف مطر,raincoat,雨衣,NOUN,B2
معطى,given,给定,NOUN,B2
معلم,milestone,里程碑,NOUN,B2
معلومة,piece of information,信息,NOUN,B2
معنى مُغيَّر,altered meaning,改义,NOUN,B2
مغسلة,sink,水槽,NOUN,B2
مفاوَضة,haggling,计较,NOUN,B2
مفترس,predator,捕食者,NOUN,B2
مفرط,excessive,过度的,ADJ,B2
مفرقع ناري,firecracker,鞭炮,NOUN,B2
مفصل,detailed,详细的,ADJ,B2
مفضل,favorite,最喜欢的,ADJ,B2
مفقود,missing,失踪的,ADJ,B2
مفلس,bankrupt,破产的,ADJ,B2
مقابل,opposite,相反的,ADJ,B2
مقاتل,fighter,战士,NOUN,B2
مقاطعة,county,县,NOUN,B2
مقامرة,gamble,赌博,NOUN,B2
مقاوم للتجعد,wrinkle-resistant,防皱,ADJ,B2
مقاوم للرياح,windproof,挡风的,ADJ,B2
مقاوم للنار,fireproof,防火的,ADJ,B2
مقبض باب,door handle,门把手,NOUN,B2
مقت,to detest,厌恶,VERB,B2
مقدم رعاية,caregiver,护理人员,NOUN,B2
مقدمة,preface,序言,NOUN,B2
مقرر فرعي,minor course,辅修课,NOUN,B2
مقصورة,compartment,隔间,NOUN,B2
مقعد خلفي,back seat,后座,NOUN,B2
مكان,my place,我处,NOUN,B2
مكان,venue,场地,NOUN,B2
مكان العمل,workplace,工作场所,NOUN,B2
مكتئب,depressed,沮丧的,ADJ,B2
مكتب,bureau,局,NOUN,B2
مكتب,desk,书桌,NOUN,B2
مكسيكي,mexican,墨西哥的,ADJ,B2
مكون,component,组成部分,NOUN,B2
مكوّن,ingredient,成分,NOUN,B2
ملاحظة مضادة,counter-observation,反察,NOUN,B2
ملحن,composer,作曲家,NOUN,B2
ملخص,brief,近点说,NOUN,B2
ملك,your,你的,DET,B2
ملكة,queen,女王,NOUN,B2
ممتاز,excellent,优秀的,ADJ,B2
ممر,driveway,车道,NOUN,B2
ممر,hallway,走廊,NOUN,B2
ممسحة,wiper,雨刷,NOUN,B2
ممسحة أقدام,doormat,门垫,NOUN,B2
ممكن,feasible,可行的,ADJ,B2
ممل,dull,枯燥的,ADJ,B2
مملكة,realm,领域,NOUN,B2
مملّ,monotonous,单调的,ADJ,B2
مميت,deadly,致命的,ADJ,B2
من,of,的,ADP,B2
منارة,beacon,灯塔,NOUN,B2
مناسب,convenient,方便的,ADJ,B2
مناشدة,plea,辩护,NOUN,B2
منافس,competitor,竞争者,NOUN,B2
منافسة,rivalry,竞争,NOUN,B2
منافق,hypocrite,伪君子,NOUN,B2
منتصف الليل,midnight,午夜,NOUN,B2
منتظم,regular,规律的,ADJ,B2
منجز,done,事已,NOUN,B2
منح,to give to grant,予以,VERB,B2
منحدر,ramp,坡道,NOUN,B2
منحدر جبلي,mountain descent,下山,NOUN,B2
منحط,decadent,颓废,ADJ,B2
منديل,napkin,餐巾,NOUN,B2
منزل متنقل,motorhome,露营车,NOUN,B2
منسق,coordinator,协调员,NOUN,B2
منطق مضاد,counter-logic,反逻,NOUN,B2
منطقة,zone,区域,NOUN,B2
منظر,view,观点,NOUN,B2
منظم,orderly,有序的,ADJ,B2
منظم,organizer,组织者,NOUN,B2
منع,prevention,预防,NOUN,B2
منع,to withhold,扣留,VERB,B2
منفذ,executor,遗嘱执行人,NOUN,B2
مهارة مضادة,counter-skill,反技,NOUN,B2
مهجع,dormitory,宿舍,NOUN,B2
مهدد بالانقراض,endangered,濒危的,ADJ,B2
مهزلة,farce,闹剧,NOUN,B2
مهمة فردية,individual assignment,个人作业,NOUN,B2
مهنة,career,职业,NOUN,B2
مهووس,obsessed,着迷的,ADJ,B2
مواطن,compatriot,同胞,NOUN,B2
موثوق,reliable,可靠的,ADJ,B2
مورد,resource,资源,NOUN,B2
موز,banana,香蕉,NOUN,B2
موسيقي,musician,音乐家,NOUN,B2
موضوعي,objective,客观的,ADJ,B2
موظف مدني,civil servant,公务员,NOUN,B2
موقر,respectful deferential,恭敬,ADJ,B2
موقف,situation,情况,NOUN,B2
مول,to finance,资助,VERB,B2
موهوب,richly endowed by nature,得天独厚,ADJ,B2
ميت,dead,死的,ADJ,B2
ميز,to differentiate,区分,VERB,B2
ميل,mile,英里,NOUN,B2
مَا,what,什么,ADV,B2
مَا زَالَ,still,仍然,ADV,A1
مَا وَرَاء,beyond,在...之外,ADP,B2
مَائِل,oblique,斜的,ADJ,B2
مَادَّة,material,料子,NOUN,B2
مَادَّة,substance,物质,NOUN,B2
مَادَّةٌ أَسَاسِيَّة,the grundstoff,基础原料,NOUN,B2
مَادَّةٌ عَالِيَةُ الْجَوْدَة,the hochstoff,高级材料,NOUN,B2
مَادَّةٌ غِذَائِيَّة,foodstuff,食品,NOUN,B2
مَادَّةٌ كِيمْيَائِيَّة,chemical,化学品,NOUN,B2
مَادَّةٌ مُضَافَة,the aufstoff,附加材料,NOUN,B2
مَادَّةٌ وَاسِعَةُ النِّطَاق,the weitstoff,广布材料,NOUN,B2
مَادَّةُ تَعْزِيز,the verststoff,增强材料,NOUN,B2
مَاطَلَ,to temporize,拖延,VERB,B2
مَالَ,to incline,使倾斜,VERB,B2
مَالِيَّة,finance,金融,NOUN,B2
مَاهِر,skillful,熟练的,ADJ,B2
مَاهِيَّة,quiddity,本质,NOUN,B2
مَبِيعَات,sales,销售额,NOUN,B2
مَبْدَأ,precept,戒律,NOUN,B2
مَتَاع,belongings,所属物,NOUN,B2
مَتِين,robust,健全,ADJ,B2
مَثَل,parable,寓言,NOUN,B2
مَثَلٌ,instance,例子,NOUN,B2
مَثَّلَ,to represent,代表,VERB,B2
مَثَّلَ بِالْمِثَالِيَّة,to idealize,理想化,VERB,B2
مَجال زائِد,over-domain,超畴,NOUN,B2
مَجَازِيّ,figurative,比喻的,ADJ,B2
مَجَازِيّ,metaphorical,隐喻的,ADJ,B2
مَجَاعَة,famine,饥荒,NOUN,B2
مَجَال,domain,领域,NOUN,B2
مَجَّانًا,free of charge,免费,NOUN,B2
مَجَّدَ,to exalt,颂扬,VERB,B2
مَجَّدَ,to glorify,赞美,VERB,B2
مَجِيء,advent,到来,NOUN,B1
مَجِيد,glorious,辉煌的,ADJ,B2
مَجِيد,magnificent,壮丽的,ADJ,B2
مَجْلِس,board,董事会,NOUN,B2
مَجْلِس شُيُوخ,senate,参议院,NOUN,C1
مَجْلِسُ الْمَدِينَة,city council,市议会,NOUN,B2
مَجْمَع الْعُظَمَاء,pantheon,万神殿,NOUN,B2
مَجْمُوع,sum,总和,NOUN,B2
مَجْمُوعَة,bunch,一群,NOUN,B2
مَجْمُوعَة مُثُل,set of ideals,理想体系,NOUN,B2
مَجْمُوعَةٌ أَصْلِيَّة,the ursammlung,原始汇集,NOUN,B2
مَجْمُوعَةٌ حَيَوَانِيَّة,fauna,动物群,NOUN,B2
مَجْمُوعَةٌ نَبَاتِيَّة,flora,植物群,NOUN,B2
مَجْنُون,lunatic,疯子,NOUN,B2
مَجْنُونٌ,insane,疯狂的,ADJ,B2
مَجْهُول,unknown,未知的,ADJ,B2
مَجْهُولُ الْهُوِيَّة,anonymous,匿名的,ADJ,B2
مَحَار,oyster,牡蛎,NOUN,B2
مَحَطَّة القِطَار,train station,火车站,NOUN,B2
مَحَطَّةُ طَاقَة,power plant,发电厂,NOUN,B1
مَحَلِّيَّة,locality,地区,NOUN,B2
مَحَلّ,whereabouts,行踪,NOUN,B2
مَحَلّ مُجَوْهَرَات,jewelry store,珠宝店,NOUN,B2
مَحْبُوب,beloved,心爱,ADJ,B2
مَحْبُوب,loved,被爱的,ADJ,B2
مَحْبُوس,locked in,被关在里面的,ADJ,C1
مَحْسُود,enviable,令人羡慕的,ADJ,B2
مَحْظُوظ,fortunate,幸运的,ADJ,B2
مَحْكَمَة,jurisdiction area,辖区,NOUN,B2
مَحْكُوم عَلَيْهِ,condemned,被判刑的,ADJ,B2
مَخْبَأ,hiding place,藏身处,NOUN,C1
مَخْرَج,seclusion exit,出关,NOUN,B2
مَخْرَج,way out,出路,NOUN,C1
مَخْرُوطِيّ,conic,圆锥体,NOUN,B2
مَخْزُون,stock,库存,NOUN,B2
مَخْزُون,stockpile,储备,NOUN,B2
مَخْفِي,hidden,隐藏的,ADJ,B2
مَدَحَ,to praise,赞扬,VERB,B2
مَدَى الْحَيَاةِ,lifetime,辈子,NOUN,B2
مَدَّدَ,to prolong,延长,VERB,B2
مَدِين,indebted,负债的,ADJ,B2
مَدْح,tribute,贡品,NOUN,B2
مَدْخَل,zufahrt,驶入通道,NOUN,B2
مَدْفَعِيَّة,artillery,火炮,NOUN,B2
مَدْهُوش,astonished,惊讶的,ADJ,B2
مَذْبَحَة,slaughter,屠杀,NOUN,B2
مَذْعُور,frantic,狂乱的,ADJ,B2
مَذْعُور,scared,受惊的,ADJ,B2
مَذْكُور,aforementioned,上述的,ADJ,B2
مَذْهَب الْمُتْعَة,hedonism,享乐主义,NOUN,B2
مَذْهَبِيّ,doctrinaire,教条主义的,ADJ,B2
مَرحاض,outhouse,茅房,NOUN,B2
مَرَض,disease,疾病,NOUN,B2
مَرَض,illness,疾病,NOUN,B2
مَرَّة,second time,再而,NOUN,B2
مَرَّة,time occasion,次,NOUN,A2
مَرَّةً,once,曾经,ADV,B2
مَرَّتَيْنِ,twice,两次,ADV,B2
مَرُور,traffic,交通,NOUN,B2
مَرِح,cheerful,开朗的,ADJ,C1
مَرِح,fun,有趣的,ADJ,B2
مَرِحَ,to frolic,嬉戏,VERB,B2
مَرِيض,ill,生病的,ADJ,B2
مَرْؤُوس,subordinate,下属,NOUN,B2
مَرْحَبًا,hello,你好,INTJ,B2
مَرْحَلَة,phase,阶段,NOUN,B1
مَرْسُوم,ordinance,法令,NOUN,B2
مَرْعَى,grassland,草地,NOUN,B2
مَرْعُوب,horrified,恐惧的,ADJ,B2
مَرْعُوب,terrified,恐惧的,ADJ,C1
مَرْغُوب,desirable,令人向往的,ADJ,B2
مَرْكَبَة فَضَائِيَّة,spaceship,宇宙飞船,NOUN,C1
مَرْكَز شُرْطَة,police station,警察局,NOUN,C1
مَرْكَزَ,to centralize,集中,VERB,B2
مَرْمُوق,prestigious,享有声望的,ADJ,B2
مَزَاد,auction,拍卖,NOUN,B1
مَزَّقَ,to tear,撕裂,VERB,B2
مَزِيجٌ رَئِيسِيّ,the erzmischung,主要混合物,NOUN,B2
مَزْرَعَة,farmstead,农庄,NOUN,C1
مَزْهَرِيَّة,vase,花瓶,NOUN,B2
مَسَار,track,跑道,NOUN,B1
مَسَار,trajectory,轨迹,NOUN,B2
مَسَاعَدَة,go help,去帮,NOUN,B2
مَسَاعَدَة,help,帮助,NOUN,B2
مَسَحَ,to brush,刷,VERB,B2
مَسَحَ,to scan,扫描,VERB,B2
مَسَكَ,to hold,握住,VERB,A2
مَسِيحِيّ,tragic,悲剧的,ADJ,B2
مَسِيحِيّ,christian,基督徒,NOUN,C1
مَسْأَلَة,matter,事情,NOUN,B2
مَسْؤُول,accountable,负责任的,ADJ,B2
مَسْؤُول,liable,有责任的,ADJ,B2
مَسْبَح,pool,池,NOUN,B1
مَسْبَك,foundry,铸造厂,NOUN,B2
مَسْرَحِيَّة,screenplay,剧本,NOUN,B2
مَسْرَحِيَّة,script for play,剧本,NOUN,B2
مَسْرَحِيّ,theatrical,戏剧的,ADJ,B2
مَسْرُور,delighted,高兴的,ADJ,C1
مَسْمُوع,audible,听得见的,ADJ,B2
مَشَى,to tread,踏上,VERB,B2
مَشْؤُوم,sinister,不祥的,ADJ,B2
مَشْرُوب غَازِيّ,soda,苏打水,NOUN,C1
مَشْرُوب كُحُولِيّ,liquor,烈酒,NOUN,B2
مَشْرُوع,undertaking,事业,NOUN,B2
مَشْكُوكٌ فِيهِ,doubtful,怀疑的,ADJ,B2
مَشْهُور,renowned,著名的,ADJ,B2
مَصَّ,to suck,吸,VERB,B2
مَصّاص دَم,vampire,吸血鬼,NOUN,B2
مَصْدُوم,shocked,震惊的,ADJ,C1
مَصْرُوف,expense,费用,NOUN,B2
مَصْفُوفَة,array,排列,NOUN,B2
مَصْلَحَة الضَّرَائِب,tax authorities,税务机关,NOUN,B2
مَضَى,to elapse,流逝,VERB,B2
مَطَر مُتَجَمِّد,freezing rain,冻雨,NOUN,B2
مَطَّاط,rubber,橡胶,NOUN,B2
مَطْبُوخ,cooked,煮熟的,ADJ,B2
مَطْلُوب,wanted,故意的,ADJ,C1
مَعَ ذَلِكَ,nevertheless,尽管如此,ADV,B2
مَعِيب,defective,有缺陷的,ADJ,B2
مَعْبَد,temple,庙宇,NOUN,C1
مَعْجُونُ أَسْنَان,toothpaste,牙膏,NOUN,B2
مَعْدِنِيّ,metallic,金属的,ADJ,B2
مَعْرَض فَنِّي,art gallery,美术馆,NOUN,B2
مَعْرُوف,known,已知的,ADJ,B2
مَعْرِض,exposition,阐述,NOUN,B2
مَعْرِض,the ausstellung,展览,NOUN,B2
مَعْرِفَة,acquaintance,熟人,NOUN,B2
مَعْرِفَةُ القِرَاءَةِ وَالكِتَابَة,literacy,识字,NOUN,B2
مَعْرِفِيّ,cognitive,认知的,ADJ,B2
مَعْقُول,plausible,似是而非的,ADJ,B2
مَعْقِل,bastion,堡垒,NOUN,B2
مَعْقِل,bulwark,堡垒,NOUN,B2
مَعْكَرُونَة,noodle,面条,NOUN,B2
مَعْنِيّ,concerned,相关的,ADJ,B2
مَعْهَد مُوسِيقِيّ,conservatory,音乐学院,NOUN,B2
مَعْيَار,standard,标准,NOUN,B2
مَغَادَرَتُهُ,his departure,他走,NOUN,B2
مَغَارَة,grotto,洞穴,NOUN,B2
مَغْرُور,cocky,自高自大的,ADJ,C1
مَغْرُور,vain,自负的,ADJ,B2
مَغْزَل,spinning mill,纺纱厂,NOUN,B2
مَغْنِيسْيُوم,magnesium,镁,NOUN,B2
مَفْصِل,hinge,铰链,NOUN,B2
مَفْهُوم,understandable,可理解的,ADJ,B2
مَفْهُوم,conception,概念,NOUN,B2
مَقَالَة,article,文章,NOUN,B2
مَقِيت,abominable,可憎的,ADJ,B2
مَقْبَرَة,graveyard,墓地,NOUN,B2
مَقْبُول,acceptable,可接受的,ADJ,B2
مَقْتِلُ حَشَرَاتٍ,insecticide,杀虫剂,NOUN,B2
مَقْصَف,canteen,食堂,NOUN,B2
مَقْصُورَة,cabin,舱,NOUN,C1
مَقْطَع لَفْظِيّ,syllable,音节,NOUN,B2
مَقْعَد,bench,长凳,NOUN,B2
مَقْلَب,prank,恶作剧,NOUN,B2
مَكار,cunning,狡猾的,ADJ,B2
مَكَانِيّ,spatial,空间的,ADJ,B2
مَكُوك,shuttle,班车,NOUN,B2
مَكْتَبَة وَسَائِط,media library,多媒体图书馆,NOUN,B2
مَكْتَبُ الْبَرِيد,post office,邮局,NOUN,B2
مَكْتَبُ مُحَامَاة,law firm,律师事务所,NOUN,B2
مَلَائِكِيّ,angelic,天使般的,ADJ,B2
مَلَابِسُ دَاخِلِيَّة,underwear,内衣,NOUN,C1
مَلَارِيَا,malaria,疟疾,NOUN,B2
مَلَفٌّ شَخْصِيّ,profile,个人资料,NOUN,C1
مَلَكَ,have,有,AUX,B2
مَلَكَ,to have,有,VERB,B2
مَلَكَ,to have only,唯有,VERB,B2
مَلَكِيَّة,monarchy,君主制,NOUN,B2
مَلَّحَ,to pickle,腌渍,VERB,B2
مَلَّصَ,to manipulate,操纵,VERB,B2
مَلِق,unctuous,谄媚的,ADJ,B2
مَلْجَأ,sanctuary,避难所,NOUN,B2
مَلْحُوظ,appreciable,明显的,ADJ,B2
مَلْحُوظ,considerable,相当大的,ADJ,B2
مَلْهَى لَيْلِيّ,nightclub,夜总会,NOUN,B2
مَنا,our,我们的,DET,B2
مَنظومَة بِيئِيَّة,ecosystem,生态系统,NOUN,B2
مَنَازِل,manor,庄园,NOUN,B2
مَنَحَ,grant,拨款,NOUN,B2
مَنَحَ,to award,授予,VERB,C1
مَنَحَ,to confer,授予,VERB,B2
مَنَحَ,to grant,授予,VERB,B2
مَنَعَ,to hinder,阻碍,VERB,B2
مَنَعَ,to prohibit,禁止,VERB,B2
مَنّ,bestowal,授予,NOUN,B2
مَنّ,to bestow,授予,VERB,B2
مَنْجَنِيق,catapult,弹弓,NOUN,B2
مَنْشُور,leaflet,传单,NOUN,B2
مَنْظَر,scenery,风景,NOUN,B2
مَنْفَعَة,utility,效用,NOUN,B2
مَهِيب,imposing,壮观的,ADJ,B2
مَهْبِط طَائِرَات,airfield,简易机场,NOUN,B2
مَهْد,cradle,摇篮,NOUN,B2
مَهْذٍ,delirious,发狂的,ADJ,B2
مَهْرُوبَات,contraband,走私品,NOUN,B2
مَهْمَهَة,scruple,顾虑,NOUN,B2
مَوضِع,location,地点,NOUN,B2
مَوَّهَ,to camouflage,伪装,VERB,B2
مَوْثُوق,authoritative,权威的,ADJ,B1
مَوْجَة حَرّ,heat wave,热浪,NOUN,B2
مَوْجَة حَرّ,heatwave,热浪,NOUN,B2
مَوْجُود,existing,现存的,ADJ,B1
مَوْضُوع,theme,主题,NOUN,B2
مَوْضُوع خَاصّ,special topic,专题,NOUN,B2
مَوْضُوعِيّ,thematic,主题的,ADJ,B2
مَوْضِع ثِقَة,confidant,知己,NOUN,B2
مَوْعِد لِقَاء,rendezvous,约会,NOUN,B2
مَوْقِد,burner,燃烧器,NOUN,B2
مَوْقِد,stove,炉子,NOUN,A1
مَوْقِف,attitude,态度,NOUN,B2
مَوْقِف,parking,停车,NOUN,C1
مَوْقِفُ سَيَّارَات,parking lot,停车场,NOUN,B2
مَوْكِب,parade,游行,NOUN,B2
مَوْكِب,procession,行列,NOUN,B2
مَوْهُوب,gifted,有天赋的,ADJ,B1
مَوْهُوب,talented,有天赋的,ADJ,B2
مَيَّزَ,to characterize,描绘特性,VERB,B2
مَيَّزَ,to discern,辨别,VERB,B2
مَيْؤُوس مِنْهُ,hopeless,绝望的,ADJ,B2
مَيْسُور,affordable,负担得起的,ADJ,B2
مَيْل,propensity,倾向,NOUN,B2
مَيْل,tilt,倾斜,NOUN,B2
مَيْل مُجْتَمَعِيّ,social trend,社会趋势,NOUN,B2
مُؤَثِّر,deeply moving,感人的,ADJ,B2
مُؤَثِّر,moving,感人的,ADJ,B2
مُؤَثِّر,touching,感人的,ADJ,B2
مُؤَخِّرَة,butt,臀部,NOUN,C1
مُؤَدَّب,courteous,有礼貌的,ADJ,B2
مُؤَدَّب,polite,有礼貌的,ADJ,B2
مُؤَسَّسِيّ,corporate,公司的,ADJ,B2
مُؤَسِّس,founder,创始人,NOUN,B2
مُؤَقَّت,provisional,临时的,ADJ,B2
مُؤَقَّت,tentative,暂定的,ADJ,B2
مُؤَقَّتًا,momentarily,暂时地,ADV,B2
مُؤَقَّتًا,temporarily,临时地,ADV,B2
مُؤْسِف,deplorable,可悲的,ADJ,B2
مُؤْسِف,unfortunate,不幸的,ADJ,B2
مُؤْلِم,painful,痛苦的,ADJ,C1
مُؤْلِم,sore,疼痛的,ADJ,B2
مُؤْمِن بِالْخُرَافَات,superstitious,迷信的,ADJ,B2
مُؤْمِن مُمَارِس,practicing believer,虔诚信徒,NOUN,B2
مُبَارَك,blessed,受祝福的,ADJ,B2
مُبَالَغَة,hyperbole,夸张,NOUN,B2
مُبَاهِج,grandiose,浮夸的,ADJ,B2
مُبَعْثَر,scattered,分散的,ADJ,B2
مُبَكِّرًا,earlier,刚才,ADV,B2
مُبَكِّرُ النُّضْج,precocious,早熟的,ADJ,B2
مُبْتَدِئ,neophyte,新手；初学者,NOUN,B2
مُبْتَكِرٌ,innovative,创新的,ADJ,B2
مُبْهِر,impressive,令人印象深刻的,ADJ,B2
مُبْهِر,spectacular,壮观的,ADJ,B2
مُتضاد المشاعر,ambivalent,矛盾的,ADJ,B2
مُتَأَخِّر,late,晚的,ADJ,A2
مُتَأَخِّر,overdue,逾期,ADJ,B2
مُتَأَمِّل,pensive,沉思的,ADJ,B2
مُتَاح,accessible,可访问的,ADJ,B2
مُتَاح,available,可获得的,ADJ,C1
مُتَبَايِن,disparate,迥异的,ADJ,B2
مُتَبَقٍّ,residual,残留的,ADJ,B2
مُتَتَالٍ,consecutive,连续的,ADJ,B2
مُتَحَدٍّ,defiant,挑衅的,ADJ,B2
مُتَحَدِّث,spokesperson,发言人,NOUN,B2
مُتَحَفِّظ,reticent,沉默寡言的,ADJ,B2
مُتَحَمِّس,ardent,热情的,ADJ,B2
مُتَحَوِّل,metamorphic,变质的,ADJ,B2
مُتَحَيِّز,tendentious,有偏见的,ADJ,B2
مُتَخَصِّص,specialized,专业的,ADJ,B2
مُتَخَصِّص حَاسُوب,computer specialist,计算机专家,NOUN,B2
مُتَخَوِّف,apprehensive,忧虑的,ADJ,B2
مُتَدَرِّب,apprentice,学徒,NOUN,B2
مُتَدَهْوِر,deteriorated,恶化的,ADJ,B2
مُتَذَمِّر,grumbler,抱怨者,NOUN,B2
مُتَرَدِّد,hesitant,犹豫的,ADJ,B2
مُتَرَدِّد,reluctant,不情愿的,ADJ,B2
مُتَرَدِّد,undecided indecisive,优柔寡断的,ADJ,B2
مُتَسَاهِل,lax,松懈的,ADJ,B2
مُتَسَلِّط,bully,欺凌者,NOUN,B2
مُتَسَلِّق,upstart,暴发户,NOUN,B2
مُتَسَلِّل,furtive,偷偷摸摸的,ADJ,B2
مُتَشَرِّد,bum,流浪汉,NOUN,B2
مُتَصَلِّب,stiff,僵硬的,ADJ,C1
مُتَضَادّ,inconsistent,不一致的,ADJ,B2
مُتَضَادّ,antonym,反义词,NOUN,B2
مُتَطَابِق,congruent,全等的,ADJ,B2
مُتَطَرِّف,extremist,极端主义者,NOUN,B2
مُتَطَفِّل,intruder,侵入者,NOUN,C1
مُتَطَلِّب,demanding,要求高的,ADJ,B2
مُتَطَوِّر,sophisticated,精密的,ADJ,B2
مُتَعالٍ,outdated,过时的,ADJ,B2
مُتَعَاطِف,sympathetic,同情的,ADJ,B2
مُتَعَالٍ,condescending,居高临下的,ADJ,C1
مُتَعَاوِن,collaborator,合作者,NOUN,B2
مُتَعَدِّدُ الاِسْتِعْمَالَاتِ,versatile,多才多艺的,ADJ,B2
مُتَعَصِّب,fanatic,狂热的,ADJ,B2
مُتَعَصِّب,intolerant,不容忍的,ADJ,B2
مُتَعَمَّد,intentional,故意的,ADJ,B2
مُتَفَائِل,trusting,信任的,ADJ,B2
مُتَفَاجِئ,surprised,惊讶的,ADJ,C1
مُتَفَاخِر,boastful,自夸的,ADJ,B2
مُتَفَرِّج,spectator,观众,NOUN,B2
مُتَقَادِم,anachronistic,时代错误的,ADJ,B2
مُتَقَاعِد,retiree,退休者,NOUN,B2
مُتَقَدِّم,advanced,先进的,ADJ,B1
مُتَقَدِّم,applicant,申请人,NOUN,B2
مُتَقَشِّف,abstemious,有节制的,ADJ,B2
مُتَكَبِّر,haughty,傲慢的,ADJ,B2
مُتَكَلِّف,pretentious,自命不凡的,ADJ,B2
مُتَلَازِمَة,syndrome,综合征,NOUN,B2
مُتَلَاصِق,contiguous,邻近的,ADJ,B2
مُتَمَاثِل,symmetrical,对称的,ADJ,B2
مُتَمَاسِك,coherent,连贯的,ADJ,B2
مُتَمَرِّد,rebellious,叛逆的,ADJ,B2
مُتَمَسِّك,tenacious,顽强的,ADJ,B2
مُتَمَلِّص,elusive,难以捉摸的,ADJ,B2
مُتَنَازَعٌ عَلَيْهِ,disputed,有争议的,ADJ,B2
مُتَنَاقِض,contradictory,矛盾的,ADJ,B2
مُتَنَاقِض,incongruous,不协调的,ADJ,B2
مُتَنَاقِض,paradoxical,矛盾的,ADJ,B2
مُتَنَقِّل,itinerant,巡回的,ADJ,B2
مُتَنَوِّع,diverse,多样的,ADJ,B2
مُتَنَوِّع,various,各种各样的,ADJ,B2
مُتَوَاصِل,continual,持续的,ADJ,B2
مُتَوَاضِع,humble,谦虚的,ADJ,B2
مُتَوَتِّر,stressed,感到有压力的,ADJ,C1
مُتَوَسِّط,intermediate,中级的,ADJ,B2
مُتَوَهِّج,incandescent,白炽的,ADJ,B2
مُتَّحِد,united,联合的,ADJ,B2
مُتَّسِخ,dirty,脏的,ADJ,B2
مُتَّسِق,consistent,一致的,ADJ,B2
مُتَّصِل,connected,连接的,ADJ,B2
مُتَّصِلٌ,inseparable,不可分割的,ADJ,B2
مُتَّفَقٌ عَلَيْهِ,agreed,同意的,ADJ,B2
مُتْعَب,weary,疲倦的,ADJ,B2
مُتْعِب,tiresome,令人厌倦的,ADJ,B2
مُثَلَّثِيّ,triangular,三角形的,ADJ,B2
مُثِير,sexy,性感的,ADJ,B2
مُثِير,thrilling,令人兴奋的,ADJ,B2
مُثِيرٌ لِلذِّكْرَيَات,evocative,唤起回忆的,ADJ,B2
مُثِيرٌ لِلِاهْتِمَام,interesting,有趣,ADJ,B1
مُثْقَل,burdened,负担重的,ADJ,B2
مُثْمِر,fruit tree,结果实的,ADJ,B2
مُجَاوَرَة,adjacency,邻接,NOUN,B2
مُجَاوِر,adjacent,相邻的,ADJ,B2
مُجَاوِر,neighboring,邻近的,ADJ,B2
مُجَرَّحٌ,injured,受伤的,ADJ,B2
مُجَزَّأ,fragmentary,支离破碎的,ADJ,B2
مُجَعَّد,curly,卷曲的,ADJ,B2
مُجَمَّد,frozen,冷冻的,ADJ,C1
مُجْتَمَعِيّ,community-related,社区的,ADJ,B2
مُحتَقِن,allergic,过敏的,ADJ,B2
مُحَارِب,belligerent,好战的,ADJ,B2
مُحَارِب,warrior,战士,NOUN,B2
مُحَاسِر,embarrassed,尴尬的,ADJ,B2
مُحَاصَر,beleaguered,受围困的,ADJ,B2
مُحَاكَاةٌ صَوْتِيَّة,onomatopoeia,拟声词,NOUN,B2
مُحَامٍ,attorney,律师,NOUN,B2
مُحَاوَلَة,attempt,尝试,NOUN,B2
مُحَرَّم,taboo,禁忌,NOUN,B2
مُحَسِّن,better,更好的,ADJ,B2
مُحَقَّقٌ فِيهِ,investigated,被调查的,ADJ,B2
مُحَقِّق,investigator,调查员,NOUN,C1
مُحَلِّل,analyst,分析师,NOUN,B2
مُحِبّ,in love,恋爱中的,ADJ,B2
مُحِبّ لِلْبَيْت,home-loving,恋家的,ADJ,B2
مُحِيط,surroundings,周围环境,NOUN,B2
مُحْبَط,dejected,沮丧的,ADJ,B2
مُحْبَط,frustrated,沮丧的,ADJ,B2
مُحْبِط,frustrating,令人沮丧的,ADJ,B2
مُحْتَار,perplexed,困惑的,ADJ,B2
مُحْتَال,crook,骗子,NOUN,B2
مُحْتَال,swindler,骗子,NOUN,B1
مُحْتَرِم,respectful,恭敬的,ADJ,B2
مُحْتَضِر,dying,垂死的,ADJ,B2
مُحْتَمَل,probable likely,可能的,ADJ,B2
مُحْرَقَة,holocaust,大屠杀,NOUN,B2
مُحْرِج,awkward,尴尬,ADJ,B2
مُحْضِر قَضَائِيّ,bailiff,法警,NOUN,B2
مُحْكَم,airtight,密封的,ADJ,B2
مُخَادِع,deceptive,欺骗性的,ADJ,B2
مُخَالِف,disagreeing,持不同意见的,ADJ,B2
مُخَدَّر,numb,麻木的,ADJ,B2
مُخَصَّص,personalized,个性化的,ADJ,B2
مُخَطَّط,striped,有条纹的,ADJ,B2
مُخَطَّط,scheme,计划,NOUN,B2
مُخَيَّم,campsite,露营地,NOUN,B2
مُخِيب,disappointing,令人失望的,ADJ,B2
مُخِيف,frightening,可怕的,ADJ,B2
مُخِيف,scary,可怕的,ADJ,C1
مُخْبِر,snitch,告密者,NOUN,C1
مُخْتَار,chosen,被选中的,ADJ,B2
مُخْتَرِع,inventor,发明者,NOUN,B2
مُخْتَصَر,acronym,首字母缩略词,NOUN,B2
مُخْتَلَف,controversial,有争议的,ADJ,B2
مُخْتَلِج,twitching,抽搐的,ADJ,B2
مُخْزٍ,shameful,可耻的,ADJ,B2
مُخْطِئ,mistaken,错误的,ADJ,B2
مُخْلِص,conscientious,认真的,ADJ,B2
مُخْلِص,staunch,坚定的,ADJ,B2
مُدمِن,alcoholic,酗酒者,NOUN,B2
مُدَافِع,apologist,辩护者,NOUN,B2
مُدَافِع,defender,防守者,NOUN,C1
مُدَرِّب,instructor,指导员,NOUN,B2
مُدَمِّر,devastating,毁灭性的,ADJ,B2
مُدَمِّر,disastrous,灾难性的,ADJ,B2
مُدِير,administrator,管理员,NOUN,B2
مُدِير,manager,经理,NOUN,B2
مُدْرِبَة,apprenticeship,学徒期,NOUN,B2
مُدْمِن,addicted,上瘾的,ADJ,B2
مُدْهِش,astonishing,惊人,ADJ,C1
مُذهِل,amazing,令人惊叹的,ADJ,B2
مُذِلّ,humiliating,丢脸的,ADJ,B2
مُذِيع,broadcaster,广播员,NOUN,B2
مُذْهِل,stunning,极好的,ADJ,B2
مُراقِب,lookout,瞭望,NOUN,B2
مُرَاءٍ,sanctimonious,伪善的,ADJ,B2
مُرَاسِل,reporter,记者,NOUN,B2
مُرَاعَاة,consideration,考虑,NOUN,C1
مُرَافَعَة خِتَامِيَّة,closing argument,结案陈词,NOUN,B2
مُرَافَقَة,the beleitung,伴随传导,NOUN,B2
مُرَافِق,attendant,乘务员,NOUN,B2
مُرَبَّع,square,平方的,ADJ,B2
مُرَبِّي مَاشِيَة,cattle rancher,牧场主,NOUN,B2
مُرَحِّب,welcoming,热情的,ADJ,B2
مُرَصَّعٌ بِالجَوَاهِر,bejeweled,镶满宝石的,ADJ,B2
مُرِيح,comfortable,舒服的,ADJ,B1
مُرْبِح,lucrative,有利可图的,ADJ,B2
مُرْتَاح,relieved,放心的,ADJ,C1
مُرْتَبِك,confused,困惑,ADJ,B2
مُرْتَجَل,impromptu,即兴的,ADJ,B2
مُرْتَدّ,apostate,变节者,NOUN,B2
مُرْتَزِق,mercenary,雇佣兵,NOUN,B2
مُرْتَعِش,trembling,颤抖的,ADJ,B2
مُرْتَعِش,tremulous,颤抖的,ADJ,B1
مُرْسَلٌ إِلَيْهِ,the adressat,收件人,NOUN,B2
مُرْشِد رُوحِيّ,guru,精神导师,NOUN,B2
مُرْضٍ,satisfactory,令人满意的,ADJ,B2
مُرْعِب,terrifying,令人恐惧的,ADJ,B2
مُرْهِق,burdensome,繁重的,ADJ,B2
مُرْهِق,cumbersome,笨重的,ADJ,B2
مُزعَم,alleged,所谓的,ADJ,B2
مُزَخْرِف,illuminator,插图绘制者,NOUN,B2
مُزَهَّر,flowery,华丽的,ADJ,B2
مُزَوِّد خِدْمَة,service provider,服务提供商,NOUN,B2
مُزَيَّف,apocryphal,杜撰的,ADJ,B2
مُزَيَّف,phony,假的,ADJ,B2
مُزْدَهِر,flourishing,繁荣的,ADJ,B2
مُزْدَوِجُ المَيْلِ الجِنْسِيّ,bisexual,双性恋的,ADJ,B2
مُزْعِج,annoying,恼人的,ADJ,C1
مُزْعِج,irritating,令人恼火的,ADJ,B2
مُزْعِج,unpleasant,令人不快的,ADJ,B2
مُسَاعَدَة,aid,援助,NOUN,B2
مُسَاعِد,ancillary,辅助的,ADJ,B2
مُسَاعِد,helpful,有帮助的,ADJ,B2
مُسَاعِد,assistant,助手,NOUN,C1
مُسَاعِد,helper,帮手,NOUN,B2
مُسَاوَاتِيّ,egalitarian,平等主义的,ADJ,B2
مُسَرِّع,accelerator,油门,NOUN,B2
مُسَطَّح,flat,平坦的,ADJ,C1
مُسَلٍّ,entertaining,有趣的,ADJ,B2
مُسَلَّح,armed,武装的,ADJ,B2
مُسِنّ,aged,年老的,ADJ,B2
مُسِنّ,elderly,老年人,NOUN,B2
مُسِنّ,old person,老人,NOUN,C1
مُسِيء,abusive,滥用的,ADJ,B2
مُسِيء,offensive,冒犯的,ADJ,B2
مُسِيء,wrongdoer,作恶者,NOUN,B2
مُسْتَحْيٍ,ashamed,羞愧的,ADJ,B2
مُسْتَخِيب,disappointed,失望的,ADJ,B2
مُسْتَخْلَص,extract,提取物,NOUN,B2
مُسْتَدِير,round,圆的,ADJ,C1
مُسْتَشَار,advisor,顾问,NOUN,C1
مُسْتَشَار,consultant,顾问,NOUN,B2
مُسْتَشَار,councilor,顾问,NOUN,B2
مُسْتَعِدّ,prepared,准备好的,ADJ,C1
مُسْتَعْجِل,impatient,不耐烦的,ADJ,B2
مُسْتَعْمَرَة,colony,殖民地,NOUN,B2
مُسْتَغْرِق,absorbed,全神贯注的,ADJ,B2
مُسْتَقِرّ,stable,稳定的,ADJ,B2
مُسْتَقِلّ,autonomous,自治的,ADJ,B2
مُسْتَمِرّ,incessant,不断的,ADJ,B2
مُسْتَمِرّ,ongoing,进行中的,ADJ,C1
مُسْتَمِع,listener,听众,NOUN,B2
مُسْتَنَد دَاعِم,supporting document,证明文件,NOUN,B2
مُسْتَنْسَخ,clone,克隆,NOUN,B2
مُسْتَنْقَع,bog,沼泽,NOUN,B2
مُسْتَهْجِن,indignant,愤慨的,ADJ,B2
مُسْتَهْدَف,targeted,有针对性的,ADJ,B2
مُسْتَوْصَف,infirmary,医务室,NOUN,B2
مُسْتَوْطِن,endemic,地方性的,ADJ,B2
مُسْتَيْقِظ,awake,醒着的,ADJ,B1
مُسْرِف,extravagant,奢侈的,ADJ,B2
مُشَاة,infantry,步兵,NOUN,B2
مُشَارَكَةٌ فِي الْمَوْضِع,the mitstellung,共同定位,NOUN,B2
مُشَاغِب,hooligan,流氓,NOUN,B2
مُشَاهِد,viewer,观众,NOUN,B2
مُشَاهِد تِلْفَاز,tv viewer,电视观众,NOUN,B2
مُشَتَّت,distracted,心烦意乱的,ADJ,C1
مُشَجَّر,wooded,树木繁茂的,ADJ,B2
مُشَجِّع,heartening,鼓舞人心的,ADJ,B2
مُشَرَّد,homeless,无家可归的,ADJ,C1
مُشَوَّه,deformed,畸形的,ADJ,B1
مُشِير,marshal,元帅,NOUN,B2
مُشْتَعِل,blazing,炽热的,ADJ,B2
مُشْرِق,radiant,容光焕发的,ADJ,B2
مُشْط,comb,梳子,NOUN,B2
مُصنِّف للأشجار,classifier for trees,棵,NUM,B2
مُصنِّف للوحات والقماش إلخ,classifier for paintings cloth etc.,幅,NUM,B2
مُصَمِّم رَقَصَات,choreographer,编舞者,NOUN,B2
مُصَنِّع,manufacturer,制造商,NOUN,B2
مُصِرّ,persistent,执着,ADJ,B2
مُصْطَاف,summer visitor,避暑游客,NOUN,B2
مُضَادٌّ حَيَوِيّ,antibiotic,抗生素,NOUN,B2
مُضَارِب,speculator,投机者,NOUN,B2
مُضَاعَفَة لَاحِقَة,aftereffect,后遗症,NOUN,B2
مُضَحًّى بِهِ,sacrificed,牺牲,ADJ,B2
مُضِيء,luminous,发光的,ADJ,B2
مُضِيفَة,hostess,女主人,NOUN,B2
مُضْحِك,hilarious,滑稽的,ADJ,B2
مُضْرِب,striker,罢工者,NOUN,B2
مُضْطَرِب,agitated,激动的,ADJ,B2
مُضْطَرِب,disturbed,不安的,ADJ,C1
مُضْطَرِب,turbulent,动荡的,ADJ,B2
مُطَارَدَة,manhunt,搜捕,NOUN,B2
مُطَّلِع,informed,知情的,ADJ,B2
مُطِيع,docile,温顺的,ADJ,B2
مُطْلَق,absolute,绝对的,ADJ,B2
مُطْلَقاً,absolutely,绝对地,ADV,B2
مُظْلِل,shady,背阴的,ADJ,B2
مُعَادٍ لِلْمُجْتَمَع,antisocial,反社会的,ADJ,B2
مُعَادَاة السَّامِيَّة,antisemitism,反犹主义,NOUN,B2
مُعَارَضَة,dissent,异议,NOUN,B2
مُعَارِض,dissident,持不同政见者,NOUN,B2
مُعَاصِر,contemporary,当代的,ADJ,B2
مُعَالَجَة,tackling,处理,NOUN,B2
مُعَالِج,therapist,治疗师,NOUN,C1
مُعَامِل,parameter,参数,NOUN,B2
مُعَانِد,willful,任性的,ADJ,B2
مُعَايَرَة,the einmessung,校准测量,NOUN,B2
مُعَدَّل,rate,比率,NOUN,B2
مُعَدَّل تَدَفُّق,flow rate,流速,NOUN,B2
مُعَقَّد,intricate,错综复杂的,ADJ,B2
مُعَلَّبَات,canned food,罐头食品,NOUN,B2
مُعَلِّق,commentator,评论员,NOUN,B2
مُعَمِّر,perennial,长期的,ADJ,B2
مُعَيَّن,certain,某些,DET,B2
مُعِين,benefactor,恩人,NOUN,B2
مُعْتَذِر,apologetic,道歉的,ADJ,B2
مُعْتَلّ نَفْسِيًّا,psychopath,精神病患者,NOUN,C1
مُعْجَب,admirer,崇拜者,NOUN,C1
مُعْسِر,insolvent,无力偿还的,ADJ,B2
مُعْضِلَة ثُلَاثِيَّة,trilemma,三难困境,NOUN,B2
مُغَالَطَة مَنْطِقِيَّة,paralogism,谬论,NOUN,B2
مُغَنِّي رَاب,rapper,说唱歌手,NOUN,B2
مُغْتَرِب,expatriate,侨民,NOUN,B2
مُغْلَق,closed,关闭的,ADJ,B2
مُفَاجَأ,sudden,突然的,ADJ,B2
مُفَاجِئ,surprising,令人惊讶的,ADJ,C1
مُفَارَقَةٌ تَارِيخِيَّة,anachronism,时代错误,NOUN,B2
مُفَسِّر,exegete,注释者,NOUN,B2
مُفَضَّل,preferable,更可取的,ADJ,B2
مُفِيد,advantageous,有利的,ADJ,B2
مُفِيد,instructive,有启发性的,ADJ,B2
مُفِيد,useful,有用的,ADJ,B2
مُفْعِل,efficient,高效的,ADJ,B2
مُفْلِس,broke,破产的,ADJ,C1
مُقلِق,alarming,令人担忧的,ADJ,B2
مُقَابَلَة فِي الشَّارِع,street interview,街头采访,NOUN,B2
مُقَابِل,versus,对,ADP,B2
مُقَاوِم لِلْمَاءِ,waterproof,防水的,ADJ,B2
مُقَدَّس,holy,神圣的,ADJ,C1
مُقَدَّس,sacred,神圣的,ADJ,B2
مُقَدِّم الوَظْع,pace-setter,标兵,NOUN,B2
مُقْشَعِرّ,creepy,令人毛骨悚然的,ADJ,B2
مُقْلِق,disturbing,令人不安的,ADJ,C1
مُقْلِق,worrying,令人担忧的,ADJ,B2
مُكثَّف,intensive,密集的,ADJ,C1
مُكَافَأَة,remuneration,报酬,NOUN,B2
مُكَرَّم,honored,尊敬的,ADJ,B2
مُكَلِّف,costly,昂贵的,ADJ,B2
مُكَمِّل,complement,补充物,NOUN,B2
مُكَوِّن,constituent,成分,NOUN,B2
مُكْتَئِب,depressive,抑郁的,ADJ,B2
مُكْتَنِز,packed,打包,ADJ,B2
مُلَاءَة,sheet,床单,NOUN,C1
مُلَائِم,fitting,合适的,ADJ,C1
مُلَاكِم,boxer,拳击手,NOUN,C1
مُلَوَّث,contaminated,受污染的,ADJ,B2
مُلَوَّن,colorful,多彩的,ADJ,B2
مُلْتَهِب,inflamed,发炎的,ADJ,B2
مُلْتَهِم,devourer,吞食者,NOUN,B2
مُلْتَوٍ,winding,蜿蜒的,ADJ,B2
مُلْحَق,appendix,附录,NOUN,B2
مُلْحِد,atheist,无神论者,NOUN,B2
مُلْزَم,obliged,有义务的,ADJ,B2
مُلْزِم,imperative,必要的,ADJ,B2
مُلْصَق,decal,贴花,NOUN,B1
مُلْمِح,allusive,暗指的,ADJ,B2
مُلْهَم,inspired,受到启发的,ADJ,B2
مُمَاثِل,analogous,类似的,ADJ,B2
مُمَارَسَة مُجْتَمَعِيَّة,social practice,社会实践,NOUN,B2
مُمَاطِل,dilatory,拖延的,ADJ,B2
مُمَنَع,illegal,非法的,ADJ,B2
مُمَنَعِيَّة,illegality,非法,NOUN,B2
مُمِيت,lethal,致命的,ADJ,B2
مُمْتَدّ,extended,扩展的,ADJ,B2
مُمْتَلَكَات,property,财产,NOUN,B1
مُمْتِع,delightful,令人愉快的,ADJ,B2
مُمْرِض,pathogenic,致病的,ADJ,B2
مُمْكِن تَصَوُّرُهُ,conceivable,可想象的,ADJ,C1
مُمْكِنُ التَّحْقِيق,attainable,可获得的,ADJ,B2
مُنَاسِب,appropriate,适当的,ADJ,B2
مُنَاسِب,proper,适当的,ADJ,C1
مُنَاسِب,suitable,合适的,ADJ,B2
مُنَافَسَة,contest,比赛,NOUN,B2
مُنَافَسَة,emulation,竞争,NOUN,B2
مُنَافِس,rival,竞争对手,NOUN,B2
مُنَاوَشَة,skirmish,小规模战斗,NOUN,B2
مُنَظِّف,detergent,洗涤剂,NOUN,B2
مُنَفِّر,alienating,使人疏远的,ADJ,B2
مُنْتَبِه,attentive,专注,ADJ,C1
مُنْتِج,productive,富有成效的,ADJ,B2
مُنْتِج,producer,制片人,NOUN,B2
مُنْحَدَر,the abhang,斜坡,NOUN,B2
مُنْحَدِر,steep,陡峭的,ADJ,B2
مُنْحَرِف,perverse,任性的,ADJ,B2
مُنْحَنَى التَّعَلُّم,learning curve,学习曲线,NOUN,B2
مُنْذُ,ago,以前,ADV,B2
مُنْذُ أَيَّام,the other day,前几天,ADV,C1
مُنْذُ الآن,from now on,今后,ADV,B2
مُنْذُ الطُّفُولَة,from childhood,从小,ADV,B2
مُنْذِر بِالشَّرِّ,ominous,不祥的,ADJ,B2
مُنْزَعِج,annoyed,恼怒的,ADJ,C1
مُنْزَعِج,upset,心烦的,ADJ,B1
مُنْصِف,disinterested,公正的,ADJ,B2
مُنْعَزِل,solitary,孤独的,ADJ,B2
مُنْعَطَف,turn,转弯,NOUN,B2
مُنْعَطَفٌ حَاسِم,the erzwendung,根本转变,NOUN,B2
مُنْفَجِر,explosive,炸药,NOUN,B2
مُنْفَصِل,separate,分开的,ADJ,C1
مُنْقَرِض,extinct,灭绝的,ADJ,B2
مُنْقِذ,savior,救星,NOUN,C1
مُهَاجِر,immigrant,移民,NOUN,B2
مُهَاجِم,attacker,攻击者,NOUN,B2
مُهَدِّد,threatening,威胁性的,ADJ,B2
مُهَرِّج,buffoon,小丑,NOUN,B2
مُهِمَّة,chore,琐事,NOUN,B2
مُهْتَمّ,interested,感兴趣,ADJ,B1
مُهْر,foal,幼马,NOUN,B2
مُهْلَة,respite,喘息,NOUN,B2
مُهْوُوس,nerd,书呆子,NOUN,C1
مُواطِن,fellow citizen,同胞,NOUN,B2
مُوجَز,terse,简练的,ADJ,B2
مُوجَز,compendium,纲要,NOUN,B2
مُورِق,leafy,多叶的,ADJ,B2
مُوسِيقَى الْبُوب,pop music,流行音乐,NOUN,B2
مُوسِيقَى تَصْوِيرِيَّة,theme music,主题曲,NOUN,B2
مُوصَى لَهُ,legatee,受遗赠人,NOUN,B2
مُوَارَب,ajar,半开的,ADJ,B2
مُوَارَبَة,circumlocution,迂回说法,NOUN,B2
مُوَافَقَة,consent,同意,NOUN,B2
مُوَاكَبَة,see off,送走,NOUN,B2
مُوَتِّر,stressful,有压力的,ADJ,B2
مُوَثَّق,notarized,公证的,ADJ,B2
مُوَزِّع,distributor,分销商,NOUN,B2
مُوَظَّف جَمَارِك,customs officer,海关官员,NOUN,B2
مُوَظَّفُونَ,personnel,全体员工,NOUN,B2
مُوَظِّف تَوْظِيف,recruiter,招聘人员,NOUN,B2
مُوَلِّدَة,generatrix,母线,NOUN,B2
مِتْرَاس,barricade,路障,NOUN,B2
مِتْرُو,subway,地铁,NOUN,C1
مِتْرِيّ,metric,公制的,ADJ,B2
مِثَالِيًّا,ideally,理想地,ADV,B2
مِثَالِيّ,perfect,完美的,ADJ,A2
مِثْل,such,这样的,ADJ,B2
مِثْلِيَّة جِنْسِيَّة,homosexuality,同性恋,NOUN,B2
مِثْلِيّ,gay,同性恋的,ADJ,B2
مِجْرَفَة,rake,耙子,NOUN,B2
مِجْرَفَة,spade,铲子,NOUN,B2
مِخَدَّة,cushion,垫子,NOUN,B2
مِدْخَنَة,chimney,烟囱,NOUN,B2
مِدْفَع,cannon,大炮,NOUN,B2
مِذْرَاة,pitchfork,干草叉,NOUN,B2
مِرَارًا,many times,多次,ADV,B2
مِرْوَحَة,propeller,螺旋桨,NOUN,B2
مِزَاج,disposition,性情,NOUN,B2
مِزَاج,temper,脾气,NOUN,B2
مِزَاج,temperament,秉性,NOUN,B2
مِزْرَاب,gutter,排水沟,NOUN,B2
مِسْك,musk,麝香,NOUN,B2
مِسْلَاط,projector,投影仪,NOUN,B2
مِشْبَك,clip,夹子,NOUN,B2
مِشْبَك وَرَق,paper clip,回形针,NOUN,B2
مِعْطَف,coat,大衣,NOUN,A1
مِعْمَارِي,architect,建筑师,NOUN,B2
مِعْوَل,pickaxe,镐,NOUN,B2
مِعْيَار,norm,规范,NOUN,B2
مِقْلَاة,pan,平底锅,NOUN,B2
مِلْعَقَةُ بَسْطٍ,spatula,抹刀,NOUN,B2
مِلْكِيَّة مُشْتَرَكَة,co-ownership,共同所有权,NOUN,B2
مِلْيَار,billion,十亿,NUM,B2
مِن,out of,从...出来,ADP,B2
مِنَ العُصُورِ الوُسْطَى,medieval,中世纪的,ADJ,B2
مِنَ الْمُحْتَمَلِ,probably,大概,ADV,C1
مِنَ الْمُفْتَرَضِ,presumably,大概,ADV,B2
مِنَ الْمُمْكِنِ,possibly,可能,ADV,C1
مِنْ,from,来自,ADP,B2
مِنْ,of by,由,ADP,A1
مِنْ,than,比,ADP,B2
مِنْ أَجْلِ,for the sake of,为了,ADP,B2
مِنْ أَيْنَ,from where,从哪里,ADV,B2
مِنْ فَضْلِكَ,please,请,INTJ,A2
مِنْ نَاحِيَةٍ أُخْرَى,on the other hand,另一方面,ADV,B2
مِنْ هُنَاكَ,from there,从那里,ADV,A2
مِنْجَل,scythe,大镰刀,NOUN,B2
مِنْحَة,endowment,捐赠,NOUN,B2
مِنْحَة,stipend,津贴,NOUN,B2
مِنْشَفَة صُحُون,dish towel,洗碗巾,NOUN,B2
مِنْطَقَة,district,地区,NOUN,B2
مِنْظَار,binoculars,双筒望远镜,NOUN,B2
مِنْفَضَة سَجَائِر,ashtray,烟灰缸,NOUN,B1
مِنْهَا,of which,其中,PRON,B2
مِنْهُ,from it,从中,ADV,B2
مِيزَاب,gargoyle,滴水嘴兽,NOUN,B2
مِيزَان,scales,秤,NOUN,B2
مِيزَانِيَّة عُمُومِيَّة,balance sheet,资产负债表,NOUN,B2
مِيكَانِيكِيّ,mechanical,机械的,ADJ,B2
مِيكْرُووِيف,microwave,微波炉,NOUN,B2
مِينَا,enamel,珐琅,NOUN,B2
نائب,deputy,副的,ADJ,B2
نادلة,waitress,女服务员,NOUN,B2
نازي,nazi,纳粹分子,NOUN,B2
ناضج,ripe,成熟的,ADJ,B2
نافس,to compete,竞争,VERB,B2
نافس,to vie,竞争,VERB,B2
ناقش,to debate,辩论,VERB,B2
نام,to fall asleep,入睡,VERB,B2
ناوب,to be on duty,值班,VERB,B2
ندم,to regret,后悔,VERB,B2
نذر,vow,誓言,NOUN,B2
نزهة,picnic,野餐,NOUN,B2
نزول,descent,下降,NOUN,B2
نسبة,proportion,比例,NOUN,B2
نسبة مئوية,percent,百分比,NOUN,B2
نسبياً,relatively,相对地,ADV,B2
نسبياً,relatively speaking,相对而言,ADV,B2
نسخة احتياطية,backup,备份,NOUN,B2
نسخة طبق الأصل,facsimile,副本,NOUN,B2
نسوية,feminism,女权主义,NOUN,B2
نسيج,fabric,织物,NOUN,B2
نشأ,to originate,发源,VERB,B2
نشأة,genesis,起源,NOUN,B2
نشر,deployment,部署,NOUN,B2
نشر,publication,出版物,NOUN,B2
نشر,to deploy,部署,VERB,B2
نشر,to diffuse,扩散,VERB,B2
نشر,to publish,出版,VERB,B2
نصب تذكاري,memorial,纪念碑,NOUN,B2
نصف,half,一半的,ADJ,B2
نظام,regime,政权,NOUN,B2
نظام عام,public order,治安,NOUN,B2
نظام مضاد,counter-system,反系,NOUN,B2
نظام معدّل,modified system,改系,NOUN,B2
نظم,to organize,组织,VERB,B2
نظير,counterpart,对应的人或物,NOUN,B2
نظيف,clean,干净的,ADJ,B2
نظّف,to clean up,清理,VERB,B2
نعال,slipper,拖鞋,NOUN,B2
نعل مضاد,counter-sole,反唯,NOUN,B2
نعم,yes,是啊,NOUN,B2
نفذ,to carry out,实施,VERB,B2
نفذ,to execute,执行,VERB,B2
نفس,oneself,自己,PRON,B2
نفسي,myself,我自,NOUN,B2
نفسي,only-me,只我,NOUN,B2
نفع,to be useful,有用,VERB,B2
نفى,to banish,流放,VERB,B2
نقدي,monetary,金钱的,ADJ,B2
نقص,decrease,减少,NOUN,B2
نقل,to carry forward,发扬,VERB,B2
نقل,to convey,传达,VERB,B2
نقي,pure,纯净的,ADJ,B2
نموذج,model,模型,NOUN,B2
نموذج مضاد,counter-model,反模,NOUN,B2
نموذج معدّل,modified model,改模,NOUN,B2
نهائي,final,最终的,ADJ,B2
نهاراً,during the day,在白天,ADV,B2
نهاية,end,端,PART,B2
نوتة,musical score,乐谱,NOUN,B2
نوع,genre,类型,NOUN,B2
نوع مضاد,counter-type,反型,NOUN,B2
نَاب,fang,尖牙,NOUN,B2
نَابِغَة,prodigy,神童,NOUN,B2
نَاجِح,successful,成功的,ADJ,C1
نَادِرًا,scarcely,几乎不,ADV,B2
نَادِرًا,seldom,很少,ADV,B2
نَادِم,remorseful,悔恨的,ADJ,B2
نَارُ الْمُخَيَّم,bonfire,篝火,NOUN,B2
نَارِيّ,fiery,热烈的,ADJ,B1
نَارِيّ,igneous,火成的,ADJ,B2
نَاسَبَ,suit,西装,NOUN,B2
نَاسَبَ,to fit,适合,VERB,B2
نَاسَبَ,to suit,适合,VERB,B2
نَاسُور,fistula,瘘管,NOUN,B2
نَاسِك,hermit,隐士,NOUN,B2
نَاشِط,the aktivist,活动家,NOUN,B2
نَاضَلَ,to campaign,开展运动,VERB,B2
نَاطِق بِالْفَرَنْسِيَّة,french-speaking,讲法语的,ADJ,B2
نَاطِقٌ بِالإِنْجِلِيزِيَّة,english-speaking,讲英语的,ADJ,B2
نَافَسَ,to contend,竞争,VERB,B2
نَافُورَة,fountain,喷泉,NOUN,B2
نَافِذَة سَقْفِيَّة,skylight,天窗,NOUN,B2
نَاقَضَ,to contradict,反驳,VERB,B2
نَاقِص,imperfect,不完美的,ADJ,B2
نَاي,flute,长笛,NOUN,B2
نَبَاتِيّ,vegetarian,素食主义者,NOUN,B2
نَبَالَة,nobility,贵族,NOUN,B2
نَبَتَ,to sprout,发芽,VERB,B2
نَبَشَ,to exhume,掘出,VERB,B2
نَبَشَ,to unearth,发掘,VERB,B2
نَبَعَ,to come from,源于,VERB,B2
نَبَعَ,to stem,起源于,VERB,B2
نَبَعَ مِنْ,to stem from,源于,VERB,B2
نَبَّهَ,to alert,警示,VERB,B2
نَبَّهَ,to rouse,唤醒,VERB,B2
نَبِيل,nobleman,贵族,NOUN,B1
نَبِيّ,prophet,先知,NOUN,B2
نَبْض,heartbeat,心跳,NOUN,B2
نَتَانَة,stench,恶臭,NOUN,B2
نَتَجَ,to result,产生结果,VERB,B2
نَتِيجَة حَتْمِيَّة,corollary,推论,NOUN,B2
نَثَرَ,to scatter,分散,VERB,B2
نَجَّار أَثَاث,cabinetmaker,细木工匠,NOUN,B2
نَجْوَى,whisper,低语,NOUN,B2
نَحَتَ,to carve,雕刻,VERB,B2
نَحَتَ بِخُشُونَة,to rough-hew,粗加工,VERB,B2
نَحْنُ,us,我们,PRON,B2
نَحْوَ,toward,朝向,ADP,B2
نَخْلَة ثَلْج,snowflake,雪花,NOUN,B2
نَدَبَ,to lament,哀叹,VERB,B2
نَدِمَ,to regret,后悔,VERB,B2
نَدْوَة,symposium,专题讨论会,NOUN,B2
نَرْجِسِيّ,narcissistic,自恋的,ADJ,B2
نَزَاهَة,impartiality,公正,NOUN,B2
نَزَاهَة,integrity,正直,NOUN,B2
نَزَاهَة,probity,正直,NOUN,B2
نَزَعَ,to expropriate,征用,VERB,B2
نَزَفَ,to bleed,流血,VERB,C1
نَزَلَ,to disembark,下船,VERB,B2
نَزَلَ,to go down,下去,VERB,B2
نَزْعَة,seizure,没收,NOUN,B2
نَزْعَة أَخْلَاقِيَّة,moralism,道德主义,NOUN,B2
نَزْعُ السِّلَاحِ,disarmament,裁军,NOUN,B2
نَزْلٌ,inn,小旅馆,NOUN,B2
نَسَب,ancestry,祖先,NOUN,B2
نَسَبَ,to ascribe,归因于,VERB,B2
نَسَبَ,to impute,归咎于,VERB,B2
نَسَجَ,to weave,编织,VERB,B2
نَسَخَ,to replicate,复制,VERB,B2
نَسَخَ,to transcribe,转录,VERB,B2
نَسِيّ,forgetful,健忘的,ADJ,B2
نَسْل,offspring,后代,NOUN,B2
نَشَأَ,to grow up,成长,VERB,B2
نَشَاز,cacophony,刺耳的嘈杂声,NOUN,B2
نَشَرَ,to disseminate,散布,VERB,B2
نَشَرَ,to post,发布,VERB,B2
نَشَرَ,to propagate,传播,VERB,B2
نَشْوَة,rapture,狂喜,NOUN,B2
نَصَحَ بِعَدَمِ,to advise against,劝阻,VERB,B2
نَصَّفَ,to bisect,平分,VERB,B2
نَصْر,triumph,胜利,NOUN,B2
نَصْل,blade,刃,NOUN,B2
نَطَقَ,to enunciate,发音,VERB,B2
نَطَقَ,to pronounce,发音,VERB,C1
نَظَبَة قَلْب,heart attack,心脏病发作,NOUN,B2
نَظَر,look at you,你看你,NOUN,B2
نَظَرًا لِـ,in view of,鉴于,ADP,B2
نَظَرَ,to look at,观看,VERB,B2
نَظَرَ,to look up,查阅,VERB,B2
نَظَرَة,outlook,前景,NOUN,B2
نَظَّارَة,glasses,眼镜,NOUN,B2
نَظَّارَة,spectacles,眼镜,NOUN,B2
نَظْرَة عَامَّة,overview,概述,NOUN,B2
نَظْرِيًّا,theoretically,理论上,ADV,B2
نَعَمْ نَعَمْ,yeah yeah,是是是,INTJ,C1
نَعَى,to whine,哀叹,VERB,B2
نَعْت,epithet,称号,NOUN,B2
نَفَخَ,to blow,吹气,VERB,B2
نَفَقَة,the aufwendung,开销,NOUN,B2
نَفَى,exile,流亡,NOUN,B2
نَفَى,to exile,流放,VERB,B2
نَفَى,to expatriate,移居国外,VERB,B2
نَفَى,to negate,否定,VERB,B2
نَفَّذَ,to implement,实施,VERB,B2
نَفَّرَ,to alienate,使疏远,VERB,B2
نَفَّسَ,to deflate,放气,VERB,B2
نَفَّسَ,to vent,发泄,VERB,B2
نَفْخَة,puff,一阵吹嘘,NOUN,B2
نَفْس,same,相同的,ADJ,B2
نَفْسُكَ,yourself,你自己,PRON,B2
نَفْسُهُ,the same,相同的,ADJ,C1
نَفْسِيّ,psychiatric,精神病的,ADJ,B2
نَفْسِيّ,psychological,心理的,ADJ,B2
نَقَشَ,to engrave,雕刻,VERB,B2
نَقَصَ,to discredit,败坏名声,VERB,B2
نَقَصَ,to lose weight,减肥,VERB,B2
نَقَعَ,to infuse,浸泡,VERB,B2
نَقَلَ,to pass on,转交,VERB,B2
نَقَلَ,to relay,转达,VERB,B2
نَقَلَ,to transport,运输,VERB,B2
نَقَّ,to croak,呱呱叫,VERB,B2
نَقِيض,antipode,对跖点,NOUN,B2
نَقْد,cash,现金,NOUN,B2
نَقْش,epigraph,题词,NOUN,B2
نَقْشُ الشَّاهِدِ,epitaph,墓志铭,NOUN,B2
نَقْص,deficiency,缺乏,NOUN,B2
نَقْص,shortage,短缺,NOUN,B2
نَقْل إِلَيْك,transmission to you,传你,NOUN,B2
نَقْلٌ عَالِي الْكِفَاءَة,the hochleitung,高效传导,NOUN,B2
نَكِد,grumpy,脾气坏的,ADJ,B2
نَمَّ,to gossip,说闲话,VERB,C1
نَمُوذَج,paradigm,典范,NOUN,B2
نَمُوذَجٌ أَصْلِيّ,archetype,原型,NOUN,B2
نَمُوذَجِيّ,typical,典型的,ADJ,C1
نَهَبَ,to plunder,掠夺,VERB,B2
نَهْب,looting,掠夺,NOUN,B2
نَهْر جَليديّ,glacier,冰川,NOUN,B2
نَوْبَة حَادَّة,paroxysm,突发,NOUN,B2
نَوْع,kind,仁慈的,ADJ,B2
نَوْع,overwhelming,种类,ADJ,C1
نَوْع,kind,类型,NOUN,B2
نَوْع,sort,种类,NOUN,B2
نَوْع,species,物种,NOUN,B2
نَوْع ثَقِيل,heavy type,重型,NOUN,B2
نَيْء,raw,生的,ADJ,C1
نُبُوءَة,prophecy,预言,NOUN,B2
نُتُوء,bump,肿块,NOUN,B2
نُخَاع,marrow,骨髓,NOUN,B2
نُزْهَة,excursion,郊游,NOUN,B2
نُزْهَة,walk,步行,NOUN,B2
نُطْق,articulation,清晰表达,NOUN,B2
نُقْطَة,dot,点,NOUN,C1
نُقْطَة مَرْجِعِيَّة,landmark reference point,参考点,NOUN,B2
نُكْرَان الذَّات,self-denial,克己,NOUN,B2
نِسَاجَة,weaving,纺织,NOUN,B2
نِسْبَة,ratio,比率,NOUN,B2
نِسْوِيّ,feminist,女权主义者,NOUN,B2
نِصْفُ الْكُرَةِ الأَرْضِيَّة,hemisphere,半球,NOUN,B2
نِصْفُ شَهْرِيّ,biweekly,双周的,ADJ,B2
نِضَال,struggle,奋斗,NOUN,B2
نِعْمَة,grace,优雅,NOUN,B2
نِقَابَة,guild,行会,NOUN,B2
نِقَابِيَّة,corporatism,法团主义,NOUN,B2
نِهَائِيّ,ultimate,最终的,ADJ,C1
نِهَايَة,outcome ending,结局,NOUN,B2
نِيتْرُوجِين,nitrogen,氮气,NOUN,B2
نِيَابَة عَامَّة,prosecution service,检察机关,NOUN,B2
نِيَّة مُخَالِفَة,contrary intention,反意,NOUN,B2
ها,ha,哈,INTJ,B2
هاجر,to migrate,迁移,VERB,B2
هادئ,quiet,安静的,ADJ,B2
هبط,to relegate,降级,VERB,B2
هبّة,gust,阵风,NOUN,B2
هجوم صعب,difficult attack,难攻,NOUN,B2
هجوم مضاد,counterattack,反击,NOUN,B2
هدأ,to cool down,冷却,VERB,B2
هدد,to endanger,危及,VERB,B2
هدم,to demolish,拆除,VERB,B2
هستيري,hysterical,歇斯底里的,ADJ,B2
هضم,to digest,消化,VERB,B2
همس,murmur,低语,NOUN,B2
هندسة,geometry,几何学,NOUN,B2
هه,huh,哈,INTJ,B2
هو,it,它,PRON,B2
هورا,hurrah,万岁,INTJ,B2
هوكي الجليد,ice hockey,冰球,NOUN,B2
هولندي,dutch,荷兰的,ADJ,B2
هيكل عظمي,skeleton,骨架,NOUN,B2
هيكل مضاد,counter-structure,反结,NOUN,B2
هَائِل,immense,巨大的,ADJ,B2
هَاتِف جَوَّال,cell phone,手机,NOUN,B2
هَاتِفِيَّة,telephony,电话技术,NOUN,B2
هَاجَرَ,to emigrate,移民,VERB,B2
هَاجَرَ,to immigrate,移入,VERB,B2
هَاجِس,premonition,预感,NOUN,B2
هَادِئ,serene,宁静的,ADJ,B2
هَادِئ,tranquil,宁静的,ADJ,B2
هَادِئ,unruffled,从容,ADJ,B2
هَامِش,periphery,边缘,NOUN,B2
هَامِشِيًّا,marginally,微小地,ADV,B2
هَامِشِيّ,marginal,边缘的,ADJ,B2
هَامّ,significant,重要的,ADJ,B2
هَبَطَ,land,土地,NOUN,B2
هَبَطَ,to land,着陆,VERB,B2
هَجَرَ,to abandon,放弃,VERB,B2
هَجَرَ,to desert,抛弃,VERB,B2
هَدَأَ,to subside,平息,VERB,B2
هَدَف,target,目标,NOUN,C1
هَدَّأَ,to appease,安抚,VERB,B2
هَدَّأَ,to calm,平息,VERB,B2
هَدَّأَ,to placate,安抚,VERB,B2
هَدَّدَ,to intimidate,恐吓,VERB,B2
هَذَا,this,这,DET,A1
هَذَى,to talk nonsense,胡说八道,VERB,B2
هَذَّبَ,to edify,陶冶,VERB,B2
هَذَّبَ,to expurgate,删改,VERB,B2
هَرَاوَة,cudgel,短棒,NOUN,B2
هَرَب,escape,逃跑,NOUN,B2
هَرَب,to escape,逃跑,VERB,B2
هَرَبَ,to run away,逃跑,VERB,B2
هَرِيسَة,mash,糊状物,NOUN,B2
هَزِيمَة ساحِقَة,crushing defeat,惨败,NOUN,B2
هَزِيمَةٌ نَكْرَاء,rout,溃败,NOUN,B2
هَشَاشَة,fragility,脆弱,NOUN,B2
هَشَاشَة,precarization,不稳定化,NOUN,B2
هَشّ,brittle,易碎的,ADJ,B2
هَكَذَا,thus,因此,ADV,B2
هَلْو,hi,嗨,INTJ,B2
هَمَجِيَّة,barbarism,野蛮,NOUN,B2
هَمَلَ,to nag,唠叨,VERB,B2
هَمَّ,to interest,使感兴趣,VERB,B2
هَمَّ,to matter,重要,VERB,B2
هَمَّشَ,to marginalize,使边缘化,VERB,B2
هَهْهَهْ,hehe,嘿嘿,INTJ,B2
هَوَس,whim,突发奇想,NOUN,B2
هَوَّنَ,to trivialize,淡化,VERB,B2
هَي,hey,嘿,INTJ,B2
هَيِّن,trivial,琐碎的,ADJ,B2
هَيِّنَة,trifle,琐事,NOUN,B2
هَيْئَةُ الْمُحَلَّفِينَ,jury,陪审团,NOUN,B2
هَيْكَل سَيَّارَة,bodywork,车身,NOUN,B2
هَيْمَنَة,supremacy,霸权,NOUN,B2
هُجُوم,attack,攻击,NOUN,B2
هُرَاء,crap,废话,NOUN,B2
هُمْ,them,他们,PRON,B2
هُمْ,they,他们,PRON,A1
هُناكَ,over there,在那边,ADV,B2
هُنَا,here,此地,NOUN,B2
هُنَاكَ,there,那儿,NOUN,B2
هُوَ,his,他的,DET,B2
هُوَ,him,他吧,NOUN,B2
هُوَ,it common,它,PRON,A1
هُوَ هِيَ,him her,他她,PRON,B2
هُوَّة,abyss,深渊,NOUN,B2
هُوِيَّة مُجْتَمَعِيَّة,social identity,社会身份,NOUN,B2
هِبَةٌ فِطْرِيَّة,urgabe,天赋初赐,NOUN,B2
هِجْرَة,emigration,移民,NOUN,B2
هِجْرَة,immigration,移民,NOUN,B2
هِلْيَوْن,asparagus,芦笋,NOUN,B2
هِمّ,hmm,嗯,INTJ,B2
هِيدْرُوكَرْبُون,hydrocarbon,碳氢化合物,NOUN,B2
هِيدْرُولِيكِيّ,hydraulic,水力的,ADJ,B2
هِيَ,she they,她/她们,PRON,B2
وإلا,otherwise,否则,ADV,B2
واجب,duty,责任,NOUN,B2
واجه,to encounter,遭遇,VERB,B2
وادٍ,canyon,峡谷,NOUN,B2
وازن,to balance,平衡,VERB,B2
واضح,obvious,明显的,ADJ,B2
واعد,date,日期,NOUN,B2
واعد,to date,注明日期,VERB,B2
واقعي,realistic,现实的,ADJ,B2
وجهة نظر,viewpoint,观点,NOUN,B2
وحده,alone,独自,ADV,B2
وحش,monster,怪物,NOUN,B2
وراثة,genetics,遗传学,NOUN,B2
ورث,to inherit,继承,VERB,B2
ورقة نقدية,banknote,钞票,NOUN,B2
وزارة,ministry,部,NOUN,B2
وزير,minister,臣,PART,B2
وسع,to dilate,膨胀,VERB,B2
وسيط,medium,媒介,NOUN,B2
وسيم,handsome,帅气的,ADJ,B2
وسّع,to enlarge,扩大,VERB,B2
وضع,to put down,放下,VERB,B2
وطني,patriotic,爱国的,ADJ,B2
وظف,to employ,雇用,VERB,B2
وعاء,bowl,碗,NOUN,B2
وعاء,vessel,船,NOUN,B2
وفي,faithful,忠诚的,ADJ,B2
وقاحة,brazenness,厚颜无耻,NOUN,B2
وقع,to be located,位于,VERB,B2
وقّر,to revere,尊敬,VERB,B2
وكيل,proxy,代理人,NOUN,B2
وهب,to endow,赋予,VERB,B2
وودانغ,wudang,武当,NOUN,B2
وَأَفَّقَ,to approve,批准,VERB,B2
وَاثِقٌ بِنَفْسِهِ,self-confident,自信的,ADJ,B2
وَاجَهَ,to confront,面对,VERB,C1
وَاجِب,have to,还得,NOUN,B2
وَاجِب مَنْزِلِيّ,homework,家庭作业,NOUN,A1
وَاسَى,to comfort,慰,VERB,C1
وَاسِع,expansive,扩张的,ADJ,B2
وَاسِع,large-scale,大规模的,ADJ,B2
وَاسِع,spacious,宽敞的,ADJ,B2
وَاسِع الْحِيلَة,resourceful,足智多谋的,ADJ,B2
وَاضِح,unambiguous,明确的,ADJ,B2
وَاعٍ,conscious,有意识的,ADJ,B2
وَاعَى,to raise awareness,提高意识,VERB,B2
وَاعِظ,preacher,传教士,NOUN,B2
وَافَقَ,to assent,同意,VERB,B2
وَافَقَ,to consent,同意,VERB,B2
وَافِدٌ جَدِيد,newcomer,新来者,NOUN,B2
وَافِر,ample,丰满,ADJ,B2
وَاقٍ ذَكَرِيّ,condom,避孕套,NOUN,C1
وَاقِع,located,位于,ADJ,B2
وَالِد الْجَدّ,great-grandfather,曾祖父,NOUN,B2
وَالِدَان,parents,父母,NOUN,B2
وَبَّخَ,to admonish,告诫,VERB,B2
وَبَّخَ,to castigate,谴责,VERB,B2
وَثَبَ,to caper,雀跃,VERB,B2
وَثَّقَ,to authenticate,验证,VERB,B2
وَجَّهَ,direct,直接的,ADJ,B2
وَجَّهَ,to channel,疏导,VERB,B2
وَجَّهَ,to direct,对准,VERB,B2
وَجَّهَ,to direct,指导,VERB,B2
وَجَّهَ,to steer,引导,VERB,B2
وَجَّهَ اتِّهَامًا,to indict,起诉,VERB,B2
وَجْبَة,meal,吃过,NOUN,A2
وَحيد,lonely,孤独的,ADJ,B2
وَحَّدَ,to standardize,标准化,VERB,B2
وَحَّدَ,to unify,统一,VERB,B2
وَحِيد,alone,单独的,ADJ,A1
وَحْدَة,loneliness,孤独,NOUN,B2
وَحْشِيَّة,barbarity,残暴,NOUN,B2
وَحْشِيَّة,brutality,野蛮,NOUN,B2
وَحْشِيّ,brute,残忍的,ADJ,B2
وَحْشِيّ,monstrous,畸形的,ADJ,B2
وَدَاعاً,bye,再见,INTJ,A2
وَدَاعاً,goodbye,再见,INTJ,B2
وَدَّعَ,to say goodbye,告别,VERB,B2
وَدُود,friendly,友好的,ADJ,B2
وَرَاءَهُ,behind it,在其后,ADV,B2
وَرَقَة شَجَر,leaf,树叶,NOUN,C1
وَرَقَةُ اِقْتِرَاع,ballot,选票,NOUN,B2
وَرَم,tumor,肿瘤,NOUN,C1
وَرَم دَمَوِيّ,hematoma,血肿,NOUN,B2
وَرْنِيش,varnish,清漆,NOUN,B2
وَزَّعَ,to dispense,分发,VERB,B2
وَزَّعَ,to distribute,分发,VERB,B2
وَسَخ,grime,污垢,NOUN,B2
وَسَّعَ,to expand,扩大,VERB,B2
وَسَّعَ,to widen,加宽,VERB,B2
وَشْم,tattoo,纹身,NOUN,C1
وَصَلَ,to reach,到达,VERB,A2
وَصَلَ إِلَى,to access,访问,VERB,B2
وَصَلَ بِالْكَهْرَبَاءِ,to plug in,插上插头,VERB,B2
وَصِيَّة الأَب الإِمَاري,imperial father's will,父皇要,NOUN,B2
وَصْفِيّ,descriptive,描述的,ADJ,B2
وَضَعَ,to lay,放置,VERB,B2
وَضَعَ,to lay down,放下,VERB,B2
وَضَعَ,to place,放置,VERB,B2
وَضَعَ,to position,定位,VERB,B2
وَضَعَ,to set,放置,VERB,B2
وَضَعَ فِي الْمَسَارِ الصَّحِيحِ,to put on track,走上正轨,VERB,B2
وَطَن,homeland,祖国,NOUN,B2
وَعَظَ,to preach,布道,VERB,B2
وَعْد,promise,承诺,NOUN,B2
وَعْي,consciousness,意识,NOUN,B2
وَغْد,bastard,混蛋,NOUN,B2
وَغْد,motherfucker,混蛋,NOUN,B2
وَفَاة,fatality,死亡,NOUN,B2
وَفَيَات,mortality,死亡率,NOUN,B2
وَفَّرَ,to spare,节省,VERB,C1
وَفِيّ,faithful loyal,忠实的,ADJ,B2
وَفْرَة,plenitude,充足,NOUN,B2
وَقَاحَة,shamelessness,厚颜无耻,NOUN,B2
وَقَفَ شَعْرُهُ,to bristle,直立,VERB,B2
وَقَّعَ,to sign,签署,VERB,B2
وَقُوف,to stand,站立,VERB,B2
وَقُوف جَانِبًا بِجَانِب,to stand side by side,并列,VERB,B2
وَقِح,brazen,厚颜无耻的,ADJ,B2
وَقِح,cheeky,厚颜无耻的,ADJ,C1
وَقِح,shameless person,厚颜无耻的人,NOUN,B2
وَقْت فَرَاغ,free time,业余时间,NOUN,B2
وَكَذَلِكَ,as well as,以及,CCONJ,B2
وَلَا,nor,也不,CCONJ,B2
وَلَّاعَة,lighter,打火机,NOUN,B2
وَلَّدَ,to generate engender,产生,VERB,B2
وَلِيمَة,feast,盛宴,NOUN,B2
وَمَضَ,to flash,闪烁,VERB,B2
وَهْم,delusion,幻想,NOUN,B2
وَهْمِيّ,fictitious,虚构的,ADJ,B2
وُجُودِيّ,existential,存在主义的,ADJ,B2
وُجِدَ,to exist,存在,VERB,B2
وُجِدَ,to exist there is,存在,VERB,A1
وُدِّيّ,amicable,友好的,ADJ,B2
وُضُوح,lucidity,清醒,NOUN,B2
وُلِدَ,to be born,出生,VERB,A2
وِحْدَانِيَّةُ الذَّات,solipsism,唯我论,NOUN,B2
وِرَاثِيًّا,genetically,基因上地,ADV,B2
وِظِيفِي,functional,功能的,ADJ,B2
وِظِيفِيَّة,functionality,功能性,NOUN,B2
وِفَاق,concord,和谐,NOUN,B2
وِقَايَة,prophylaxis,预防,NOUN,B2
وِلَادَة,childbirth,分娩,NOUN,B2
ي,my,我的,DET,B2
يا للأسف,alas,唉,INTJ,B2
يائس,desperate,绝望的,ADJ,B2
ياباني,japanese,日本人,NOUN,B2
ياردة,yard,院子,NOUN,B2
يافع,youngster,年少者,NOUN,B2
ياقَة,collar,衣领,NOUN,B2
يتصدع,to crack,破裂,VERB,B2
يتعامل,handle,把手,NOUN,B2
يتعامل,to handle,处理,VERB,B2
يتعطل,to break down,分解,VERB,B2
يتفكك,to break up,破裂,VERB,B2
يتناوب,to alternate,交替,VERB,B2
يتوج,crown,王冠,NOUN,B2
يتوج,to crown,加冕,VERB,B2
يتوقف,to halt,停止,VERB,B2
يتوهم,to pretend,假装,VERB,B2
يتوهم أنه,to pretend to be,冒充,VERB,B2
يجب,must,必须,AUX,B2
يجهز درساً,to prepare a lesson,预习,VERB,B2
يحجز,to book,预订,VERB,B2
يحرس,to guard,看守,VERB,B2
يحفظ,to preserve,保护,VERB,B2
يخلق,to create,创造,VERB,B2
يزعج,bother,麻烦,NOUN,B2
يزعج,to bother,打扰,VERB,B2
يسلّم,to hand over,交付,VERB,B2
يسود,to prevail,盛行,VERB,B2
يشتاق إلى,to yearn for,渴望,VERB,B2
يشم,jade,这玉,NOUN,B2
يصرخ,to yell,大吼,VERB,B2
يصف,to prescribe,开处方,VERB,B2
يضغط,to press,按,VERB,B2
يضمن,to guarantee,保证,VERB,B2
يعرض,present,在场的,ADJ,B2
يعرض,to present,呈现,VERB,B2
يعني,to concern,涉及,VERB,B2
يفاخر,to brag,吹嘘,VERB,B2
يفاوض,to haggle,讨价还价,VERB,B2
يفترض,to presume,假定,VERB,B2
يفرمل,brake,刹车,NOUN,B2
يفرمل,to brake,刹车,VERB,B2
يقرفص,to crouch,蹲下,VERB,B2
يقصف,to bombard,轰炸,VERB,B2
يقطع,to hack,入侵；盗版,VERB,B2
يكسر,to break open,撬开,VERB,B2
يمكنك,you can,您能,NOUN,B2
يمل,to bore,使厌烦,VERB,B2
ينقض عقد,to breach contract,违约,VERB,B2
يهودي,jew,犹太人,NOUN,B2
يوان شياو,yuanxiao,元宵,NOUN,B2
يوجّه,to guide,引导,VERB,B2
يوليو,july,七月,NOUN,B2
يوم عادي,ordinary day,平日,NOUN,B2
يين بنفسجي,purple yin,紫阴,NOUN,B2
يَا إِلَهِي,good heavens,天哪,INTJ,B1
يَا لَلْهَوْل,wow,哇,INTJ,B2
يَا وَيْلِي,yikes,哎呀,INTJ,B2
يَدَوِيًّا,manually,手动地,ADV,B2
يَرَقَة,caterpillar,毛毛虫,NOUN,B2
يَرَقَة,larva,幼虫,NOUN,B2
يَعْمَل,to function,运作,VERB,B2
يَقِظ,vigilant,警惕的,ADJ,B2
يَنَايِر,january,一月,NOUN,A1
يَنْبَغِي,should,应该,AUX,A1
يَوميًّا,daily,每日的,ADJ,B2
يَوْمُ عَمَلٍ,weekday,工作日,NOUN,B2
يُونَانِيّ,greek,希腊人,NOUN,C1
