Dutch_Lemma,English_Lemma,Chinese_Lemma,POS,CEFR
-lijk,-ly,地,PART,B2
een beetje,a bit,一点,ADV,B2
een beetje,a little,一点,ADJ,B2
gehuwd paar,a married couple,夫妇,NOUN,B2
een paar,a pair,一对,NUM,B2
een hoop,a pile,一堆,NUM,B2
put,a well,井,NOUN,B2
poos,a while,一会儿,NOUN,B2
verlaten,to abandon,放弃,VERB,B2
verlating,abandonment,抛弃,NOUN,B2
verachten,to abhor,憎恶,VERB,B2
vermogen,ability,能力,NOUN,B2
bekwaam,able,能够的,ADJ,B2
abnormaal,abnormal,异常的,ADJ,B2
abortus,abortion,流产,NOUN,B2
schuring,abrasion,擦伤,NOUN,B2
brutaal,abrupt,突然的,ADJ,B2
ontvluchten,to abscond,潜逃,VERB,B2
droomerigheid,absent-mindedness,心不在焉,NOUN,B2
volstrekt,absolutely,绝对地,ADV,B2
abstractie,abstraction,抽象,NOUN,B2
onbegrijpelijk,abstruse,深奥的,ADJ,B2
overvloed,abundance,丰富,NOUN,B2
overvloedig,abundant,丰富的,ADJ,B2
academicus,academic,学者,NOUN,B2
versnelling,acceleration,加速,NOUN,B2
versneller,accelerator,油门,NOUN,B2
accent,accent,口音,NOUN,B2
aanvaarding,acceptance,接受,NOUN,B2
toetreding,accession,即位,NOUN,B2
per ongeluk,accidentally,意外地,ADV,B2
onderdak,accommodation,住宿,NOUN,B2
medeplichtige,accomplice,同谋,NOUN,B2
volbrengen,to accomplish,完成,VERB,B2
accord with,accord with,合乎,NOUN,B2
account,account,账户,NOUN,B2
accountability,accountability,问责制,NOUN,B2
accountant,accountant,会计师,NOUN,B2
accounting,accounting,会计,NOUN,B2
accredited,accredited,认可的,ADJ,B2
accrue,to accrue,积累,VERB,B2
accumulation,accumulation,积累,NOUN,B2
accustom,to accustom,使习惯,VERB,B2
accustomed,accustomed,习惯的,ADJ,B2
achievement,achievement,成就,NOUN,B2
acidity,acidity,酸度,NOUN,B2
acoustics,acoustics,声学,NOUN,B2
acquaintance,acquaintance,熟人,NOUN,B2
acquisition,acquisition,获得,NOUN,B2
acquit,to acquit,宣告无罪,VERB,B2
acquittal,acquittal,无罪释放,NOUN,B2
acrimony,acrimony,尖刻,NOUN,B2
acrobat,acrobat,杂技演员,NOUN,B2
across,across,穿过,ADP,B2
act jointly,act jointly,合伙,NOUN,B2
acting,acting,行为,NOUN,B2
acute,acute,剧烈的,ADJ,B2
addict,addict,上瘾者,NOUN,B2
addiction,addiction,上瘾,NOUN,B2
adjacency,adjacency,邻接,NOUN,B2
adjective,adjective,形容词,NOUN,B2
administer,to administer,管理,VERB,B2
admire,to admire,钦佩,VERB,B2
admonish,to admonish,告诫,VERB,B2
adopt,to adopt,收养,VERB,B2
adorn,to adorn,装饰,VERB,B2
adornment,adornment,装饰品,NOUN,B2
adulterate,to adulterate,掺杂,VERB,B2
adulthood,adulthood,成年,NOUN,B2
vooruitgaan,to advance,前进,VERB,B2
voorschot,advance payment,预付款,NOUN,B2
vervolgstudie,advanced study,深造,NOUN,B2
geavanceerd,advanced technology,先进,ADJ,B2
avonturier,adventurer,冒险家,NOUN,B2
tegenstander,adversary,对手,NOUN,B2
adverteren,to advertise,做广告,VERB,B2
reclame,advertising,广告业,NOUN,B2
afraden,to advise against,劝阻,VERB,B2
bepleiten,to advocate,提倡,VERB,B2
lucht,aerial,航空的,ADJ,B2
esthetisch,aesthetic,审美的,ADJ,B2
minzaam,affable,和蔼可亲的,ADJ,B2
feestzaal,affair hall,事殿,NOUN,B2
affectatie,affectation,做作,NOUN,B2
genegenheid,affection,喜爱,NOUN,B2
liefdevol,affectionate,深情的,ADJ,B2
filiaal,affiliate,附属机构,NOUN,B2
aansluiting,affiliation,隶属关系,NOUN,B2
bevestigen,to affirm,断言,VERB,B2
bebossing,afforestation,植树造林,NOUN,B2
achterkant,after,تلو,NOUN,B2
nawerking,aftereffect,后遗症，后果,NOUN,B2
later,afterward,去后,NOUN,B2
herhaling,again,你又,NOUN,B2
agent,agent,代理人,NOUN,B2
agressiviteit,aggressiveness,攻击性,NOUN,B2
wendbaar,agile,敏捷的,ADJ,B2
wendbaarheid,agility,敏捷,NOUN,B2
kwelling,agony,极度痛苦,NOUN,B2
ah,ah,啊,INTJ,B2
vooruit,ahead,在前面,ADV,B2
richten,aim,目标,NOUN,B2
richten,to aim,瞄准,VERB,B2
luchtafweer,air defense,防空,NOUN,B2
alarm,alarm,警报,NOUN,B2
wekker,alarm clock,闹钟,NOUN,B2
alarmeerend,alarming,令人担忧的,ADJ,B2
helaas,alas,唉,INTJ,B2
album,album,相册,NOUN,B2
alcohol,alcohol,酒精,NOUN,B2
alcoholist,alcoholic,酗酒者,NOUN,B2
waarschuwing,alert,警觉的,ADJ,B2
algebra,algebra,代数,NOUN,B2
algoritme,algorithm,算法,NOUN,B2
alien,alien,外星人,NOUN,B2
ontvreemding,alienation,异化,NOUN,B2
uitlijning,alignment,结盟,NOUN,B2
alimentatie,alimony,赡养费,NOUN,B2
alles,all,جميع,NOUN,B2
de hele dag,all day long,一整天,NOUN,B2
blijkbaar,allegedly,据称,ADV,B2
allergie,allergy,过敏,NOUN,B2
verbergingsmogelijkheid,allow hiding,许躲,NOUN,B2
toelage,allowance,津贴,NOUN,B2
toegestaan,allowed,被允许的,ADJ,B2
legering,alloy,合金,NOUN,B2
allusie,allusion,暗示,NOUN,B2
amandel,almond,杏仁,NOUN,B2
alleen,alone,独自,ADV,B2
samen met,along with,随着,ADP,B2
alfabetisch,alphabetical,按字母顺序的,ADJ,B2
goed,alright,好的,ADV,B2
ook nog,also too,也,ADV,B2
gewijzigde betekenis,altered meaning,改义,NOUN,B2
gewijzigd mechanisme,altered mechanism,改机,NOUN,B2
afwisselen,to alternate,交替,VERB,B2
afwisseling,alternation,轮流,NOUN,B2
altruism,altruism,利他主义,NOUN,B2
aluminum,aluminum,铝,NOUN,B2
amateur,amateur,业余爱好者,NOUN,B2
amazement,amazement,惊愕,NOUN,B2
ambiguity,ambiguity,歧义,NOUN,B2
ambulance,ambulance,救护车,NOUN,B2
ambush,ambush,伏击,NOUN,B2
amend,to amend,修订,VERB,B2
amended interior,amended interior,改内,NOUN,B2
amended judgment,amended judgment,改断,NOUN,B2
amendment,amendment,修正案,NOUN,B2
amiable,amiable,和蔼可亲的,ADJ,B2
amnesty,amnesty,大赦,NOUN,B2
among,among,在……之中,ADP,B2
among them,among them,其中,PRON,B2
amortize,to amortize,摊销,VERB,B2
ample,ample,充足的,ADJ,B2
amplification,amplification,放大,NOUN,B2
amplifier,amplifier,放大器,NOUN,B2
amulet,amulet,护身符,NOUN,B2
amuse,to amuse,逗乐,VERB,B2
analog,analog,模拟的,ADJ,B2
analogy,analogy,类比,NOUN,B2
analyst,analyst,分析师,NOUN,B2
ancestors,ancestors,祖先,NOUN,B2
ancestry,ancestry,血统,NOUN,B2
anchor,anchor,锚,NOUN,B2
anchor,to anchor,抛锚,VERB,B2
anchorage,anchorage,锚地,NOUN,B2
ancient,ancient,古老的,ADJ,B2
ancient times,ancient times,古代,NOUN,B2
and,and,重而,NOUN,B2
and so on,and so on,之类,NOUN,B2
anecdote,anecdote,轶事,NOUN,B2
anesthesia,anesthesia,麻醉,NOUN,B2
verdovingsmiddel,anesthetic,麻醉剂,NOUN,B2
woede,anger,愤怒,NOUN,B2
hoek,angle,角度,NOUN,B2
smart,anguish,痛苦,NOUN,B2
animatiefilm,animated film,动画片,NOUN,B2
vijandigheid,animosity,敌意,NOUN,B2
enkel,ankle,脚踝,NOUN,B2
bijlage,annex,附件,NOUN,B2
vernietigen,to annihilate,消灭,VERB,B2
vernietiging,annihilation,寂灭,NOUN,B2
annoteren,to annotate,注释,VERB,B2
ergeren,to annoy,使恼怒,VERB,B2
ergernis,annoyance,烦恼,NOUN,B2
geërgerd,annoyed,恼火的,ADJ,B2
jaarverslag,annual report,年报,NOUN,B2
jaarlijks,annually,每年,ADV,B2
anomalie,anomaly,异常,NOUN,B2
antwoorden,to answer reply,回答,VERB,B2
antwoordapparaat,answering machine,邮箱,NOUN,B2
antenne,antenna,天线,NOUN,B2
bloemlezing,anthology,选集,NOUN,B2
antropologie,anthropology,人类学,NOUN,B2
antropomorfisme,anthropomorphism,拟人化,NOUN,B2
anti-abstractie,anti-abstraction,反抽,NOUN,B2
anti-actie,anti-action,反作,NOUN,B2
anti-algemeenheid,anti-generality,反般,NOUN,B2
anti-integratie,anti-integration,反合,NOUN,B2
anti-maatregel,anti-measure,反度,NOUN,B2
anti-omnipresentie,anti-omnipresence,反遍,NOUN,B2
anti-oorlog,anti-war,反战,NOUN,B2
antibiotica,antibiotics,抗生素,NOUN,B2
antilichaam,antibody,抗体,NOUN,B2
anticiperen,to anticipate,预期,VERB,B2
antigeen,antigen,抗原,NOUN,B2
antioxidant,antioxidant,抗氧化剂,NOUN,B2
antiek,antique,古董,NOUN,B2
antisepticum,antiseptic,防腐剂,NOUN,B2
antithese,antithesis,对立面,NOUN,B2
antoniem,antonym,反义词,NOUN,B2
angst,anxiety,焦虑,NOUN,B2
angstig,anxious,焦虑的,ADJ,B2
enig,any,任何,DET,B2
iemand,anyone,任何人,PRON,B2
ontschuldigen,to apologize,道歉,VERB,B2
ontschuldiging,apology,道歉,NOUN,B2
apostasie,apostasy,叛教,NOUN,B2
apparaat,apparatus,仪器,NOUN,B2
appèl,appeal,呼吁,NOUN,B2
verzoeken,to appease,安抚,VERB,B2
appellant,appellant,上诉人,NOUN,B2
appendix,appendix,附录,NOUN,B2
applauderen,to applaud,鼓掌,VERB,B2
toepasselijkheid,applicability,适用性,NOUN,B2
sollicitant,applicant,申请人,NOUN,B2
gips aanbrengen,to apply a cast,打石膏,VERB,B2
make-up aanbrengen,to apply makeup,化妆,VERB,B2
waarderen,to appraise,评估,VERB,B2
dankfeest,appreciation banquet,答谢宴,NOUN,B2
arrest,apprehension,忧虑,NOUN,B2
leerling,apprentice,学徒,NOUN,B2
leerperiode,apprenticeship,学徒期,NOUN,B2
benadering,approximation,近似值,NOUN,B2
aprikoos,apricot,杏,NOUN,B2
schort,apron,围裙,NOUN,B2
arabesque,arabesque,阿拉伯式花纹,NOUN,B2
arbitreren,to arbitrate,仲裁,VERB,B2
arbitrage,arbitration,仲裁,NOUN,B2
boog,arc,弧,NOUN,B2
archeologie,archaeology,考古学,NOUN,B2
archaïsme,archaism,古语,NOUN,B2
archipel,archipelago,群岛,NOUN,B2
architect,architect,建筑师,NOUN,B2
architectonisch,architectural,建筑的,ADJ,B2
moeilijk,arduous,艰巨的,ADJ,B2
arena,arena,竞技场,NOUN,B2
argument,argument,争论,NOUN,B2
aristocratie,aristocracy,贵族阶层,NOUN,B2
aristocraat,aristocrat,贵族,NOUN,B2
arm,arm,手臂,NOUN,B2
leuningstoel,armchair,扶手椅,NOUN,B2
opwekken,to arouse,引起,VERB,B2
arrangement,arrangement,安排,NOUN,B2
achterstand,arrears,欠款,NOUN,B2
arrogantie,arrogance,傲慢,NOUN,B2
arsenaal,arsenal,军火库,NOUN,B2
kunstgalerij,art gallery,美术馆,NOUN,B2
slagader,artery,动脉,NOUN,B2
articuleren,to articulate,清晰表达,VERB,B2
list,artifice,诡计,NOUN,B2
artistisch portret,artistic portrait,艺术照,NOUN,B2
als,as,像,ADP,B2
alsof,as if,仿佛,ADV,B2
zolang,as long as,طالما,CCONJ,B2
opstijgen,to ascend,上升,VERB,B2
ascetisme,asceticism,苦行主义,NOUN,B2
beschaamd,ashamed,羞愧的,ADJ,B2
aspect,aspect,方面,NOUN,B2
aspiratie,aspiration,抱负,NOUN,B2
streven,to aspire,渴望,VERB,B2
esel,ass,驴,NOUN,B2
assassijn,assassin,刺客,NOUN,B2
assassineren,to assassinate,暗杀,VERB,B2
assassinatie,assassination,暗杀,NOUN,B2
aanslag,assault,袭击,NOUN,B2
beweren,to assert,断言,VERB,B2
bezit,asset,资产,NOUN,B2
ijverig,assiduous,勤勉的,ADJ,B2
assisteren,to assist,协助,VERB,B2
aantreden,to assume office,就任,VERB,B2
aanname,assumption,假设,NOUN,B2
verzekeren,to assure,保证,VERB,B2
asteroïde,asteroid,小行星,NOUN,B2
astma,asthma,哮喘,NOUN,B2
verbazen,to astonish,使惊讶,VERB,B2
verbazingwekkend,astonishing,令人惊讶的,ADJ,B2
verbazing,astonishment,惊讶,NOUN,B2
astrologie,astrology,占星术,NOUN,B2
astronomisch,astronomical,天文学的,ADJ,B2
astronomie,astronomy,天文学,NOUN,B2
schrander,astute,精明的,ADJ,B2
asynchroon,asynchronous,异步的,ADJ,B2
helemaal,at all,根本,ADV,B2
ooit,at any time,随时,ADV,B2
ontspannen,at ease,安心,ADJ,B2
atheïsme,atheism,无神论,NOUN,B2
atoom,atom,原子,NOUN,B2
atomair,atomic,原子的,ADJ,B2
boeten,to atone,赎罪,VERB,B2
bijlage,attachment,附件,NOUN,B2
bereiken,to attain,达到,VERB,B2
bijwonen,to attend,出席,VERB,B2
aanwezigheid,attendance,出席,NOUN,B2
bediende,attendant,服务员,NOUN,B2
oplettend,attentive,专心的,ADJ,B2
kleding,attire,服装,NOUN,B2
advocaat,attorney,律师,NOUN,B2
eigenschap,attribute,属性,NOUN,B2
atypisch,atypical,非典型的,ADJ,B2
driestheid,audacity,大胆,NOUN,B2
auditeren,audit,审计,NOUN,B2
auditeren,to audit,审计,VERB,B2
auditor,auditor,审计员,NOUN,B2
auster,austere,严厉的,ADJ,B2
austeriteit,austerity,紧缩,NOUN,B2
authenticatie,authentication,认证,NOUN,B2
authenticiteit,authenticity,真实性,NOUN,B2
autorisatie,authorization,授权,NOUN,B2
geautoriseerd,authorized,有资格的,ADJ,B2
autobiografie,autobiography,自传,NOUN,B2
autograaf,autograph,亲笔签名,NOUN,B2
automatiseren,to automate,使自动化,VERB,B2
geautomatiseerd,automated,自动化的,ADJ,B2
automatisch,automatically,自动地,ADV,B2
autopsie,autopsy,尸检,NOUN,B2
lawine,avalanche,雪崩,NOUN,B2
avant-garde,avant-garde,前卫的,ADJ,B2
wreken,to avenge,复仇,VERB,B2
aversie,aversion,厌恶,NOUN,B2
vermijding,avoidance,避免,NOUN,B2
afwachten,to await,等待,VERB,B2
ontwaking,awakening,觉醒,NOUN,B2
prijs,award,奖项,NOUN,B2
bewust,aware,意识到的,ADJ,B2
ontzag,awe,敬畏,NOUN,B2
onhandig,awkward,尴尬的,ADJ,B2
bijl,axe,斧头,NOUN,B2
axioma,axiom,公理,NOUN,B2
as,axis,轴,NOUN,B2
bazi,ba zi,八字,NOUN,B2
bachelor,bachelor,单身汉,NOUN,B2
bachelorgraad,bachelor's degree,学士学位,NOUN,B2
achterdeur,back door,后门,NOUN,B2
achterbank,back seat,后座,NOUN,B2
ruggengraat,backbone,脊梁,NOUN,B2
terugstroom,backflow,倒流,NOUN,B2
rugstoot,backstab,背刺,NOUN,B2
backstage,backstage,幕后,NOUN,B2
back-up,backup,备份,NOUN,B2
achteruitrijlicht,backup light,倒车灯,NOUN,B2
bacon,bacon,培根,NOUN,B2
bacteriën,bacteria,细菌,NOUN,B2
slecht idee,bad idea,坏水,NOUN,B2
slecht nieuws,bad news,坏消息,NOUN,B2
slecht ding,bad thing,坏事,NOUN,B2
badminton,badminton,羽毛球,NOUN,B2
borgsom,bail,保释,NOUN,B2
aas,bait,诱饵,NOUN,B2
gebalanceerd,balanced,平衡的,ADJ,B2
ballet,ballet,芭蕾舞,NOUN,B2
balsefeer,ballpoint pen,圆珠笔,NOUN,B2
verbieden,to ban,禁止,VERB,B2
banaliteit,banality,陈词滥调,NOUN,B2
band,band,乐队,NOUN,B2
bandiet,bandit,强盗,NOUN,B2
knal,bang,巨响,NOUN,B2
verbanning,banishment,流放,NOUN,B2
bankier,banker,银行家,NOUN,B2
bank-,banking,银行的,ADJ,B2
bankbiljet,banknote,钞票,NOUN,B2
banner,banner,横幅,NOUN,B2
banket,banquet,宴会,NOUN,B2
gejok,banter,戏谑,NOUN,B2
dopen,to baptize,施洗,VERB,B2
bar,bar,酒吧,NOUN,B2
barbarisme,barbarism,野蛮,NOUN,B2
barbarij,barbarity,残暴,NOUN,B2
barbecue,barbecue,烧烤,NOUN,B2
blaffen,to bark,吠叫,VERB,B2
gerst,barley,大麦,NOUN,B2
Barrière,barrier,障碍,NOUN,B2
Basis,base,基础,NOUN,B2
Honkbal,baseball,棒球,NOUN,B2
Kelder,basement,地下室,NOUN,B2
Laagheid,baseness,卑鄙,NOUN,B2
basis,basic,基本的,ADJ,B2
in feite,basically,基本上,ADV,B2
Basilicum,basil,罗勒,NOUN,B2
Basiliek,basilica,大教堂,NOUN,B2
Bekken,basin,盆,NOUN,B2
Bas,bass,贝斯,NOUN,B2
Bastaard,bastard,混蛋,NOUN,B2
Knuppel,bat,蝙蝠,NOUN,B2
Partij,batch,一批,NOUN,B2
baden,to bathe,洗澡,VERB,B2
Badkuip,bathtub,浴缸,NOUN,B2
Bataljon,battalion,营,NOUN,B2
Strijd,battle,战斗,NOUN,B2
Slagveld,battlefield,战场,NOUN,B2
Baai,bay,海湾,NOUN,B2
Bazaar,bazaar,集市,NOUN,B2
kunnen,be able to,能,AUX,B2
kunnen,to be able to,能够,VERB,B2
afwezig zijn,to be absent,缺席,VERB,B2
verslaafd zijn,to be addicted,上瘾,VERB,B2
geboren worden,to be born,出生,VERB,B2
moedig zijn,to be brave,勇善,VERB,B2
beschadigd raken,to be damaged,受损,VERB,B2
verslagen worden,to be defeated,会败,VERB,B2
klaar zijn,to be done,被做,VERB,B2
gretig zijn,to be eager,心切,VERB,B2
verlangen naar,to be eager for,巴不得,VERB,B2
gekozen worden,to be elected,当选,VERB,B2
volstaan,to be enough,足够,VERB,B2
betoverd zijn,to be entranced,出神,VERB,B2
be forced,to be forced,被迫,VERB,B2
be good at,to be good at,擅长,VERB,B2
be grateful,to be grateful,感激,VERB,B2
be hit,to be hit,中箭,VERB,B2
be jealous,to be jealous,嫉妒,VERB,B2
be late,to be late,迟到,VERB,B2
be left over,to be left over,剩余,VERB,B2
be on duty,to be on duty,值班,VERB,B2
be required,to be required,被要求,VERB,B2
be responsible for,to be responsible for,负责,VERB,B2
be right,to be right,正确,VERB,B2
be safe,to be safe,安好,VERB,B2
be so,to be so,然,VERB,B2
be stolen,to be stolen,失窃,VERB,B2
be surprised,to be surprised,感到惊讶,VERB,B2
be useful,to be useful,有用,VERB,B2
be worth,to be worth,值得,VERB,B2
beacon,beacon,灯塔,NOUN,B2
bearable,bearable,可忍受的,ADJ,B2
bearing,bearing,轴承,NOUN,B2
beating,beating,跳动,NOUN,B2
beep,beep,吱吱声,NOUN,B2
before,before,在...之前,ADP,B2
beforehand,beforehand,事先,ADV,B2
beggar,beggar,乞丐,NOUN,B2
begging,begging,乞讨,NOUN,B2
begin to start,to begin to start,开始,VERB,B2
beginner,beginner,初学者,NOUN,B2
behave,to behave,表现,VERB,B2
being,being,存在,NOUN,B2
belittle,to belittle,轻视,VERB,B2
bell,bell,铃,NOUN,B2
bell pepper,bell pepper,甜椒,NOUN,B2
bellicose,bellicose,好战的,ADJ,B2
bellow,to bellow,吼叫,VERB,B2
toebehoren,to belong to,属于,VERB,B2
Toebehoor,belonging,归属感,NOUN,B2
Toebehoor,belongings,所属物,NOUN,B2
Onder,below,在...下面,ADP,B2
Bank,bench,长凳,NOUN,B2
Meedogenaar,benefactor,恩人,NOUN,B2
Begunstigde,beneficiary,受益人,NOUN,B2
meedogenend,benevolent,仁慈的,ADJ,B2
Naast,beside next to,旁边,NOUN,B2
belegeren,to besiege,包围,VERB,B2
schenken,to bestow,授予,VERB,B2
Schenking,bestowal,授予,NOUN,B2
Weddenschap,bet,打赌,NOUN,B2
Beter,better,越好,NOUN,B2
Verwarring,bewilderment,困惑,NOUN,B2
buiten,beyond,在...之外,ADP,B2
Bianzhong,bianzhong,编钟,NOUN,B2
Vooringenomenheid,bias,偏见,NOUN,B2
vooringenomen,biased,有偏见的,ADJ,B2
Inschikkingsbedrog,bid collusion,串标,NOUN,B2
Inschikkingsbeoordeling,bid evaluation,评标,NOUN,B2
Inschikkingsopening,bid opening,开标,NOUN,B2
grootste,biggest,最大,ADJ,B2
Galsap,bile,胆汁,NOUN,B2
Biljart,billiards,台球,NOUN,B2
binair,binary,二进制的,ADJ,B2
Binding,binding,装订,NOUN,B2
Biodiversiteit,biodiversity,生物多样性,NOUN,B2
biologisch,biological,生物的,ADJ,B2
Biomassa,biomass,生物质,NOUN,B2
Biopt,biopsy,活检,NOUN,B2
Biotechnologie,biotechnology,生物技术,NOUN,B2
Bijt,biting,尖刻的,ADJ,B2
bitter,bitter,苦的,ADJ,B2
bitterheid,bitterness,苦涩,NOUN,B2
zwarte markt,black market,黑市,NOUN,B2
zwarte toga,black robe,黑衣,NOUN,B2
schoolbord,blackboard,黑板,NOUN,B2
chanteren,blackmail,敲诈,NOUN,B2
chanteren,to blackmail,勒索,VERB,B2
smid,blacksmith,铁匠,NOUN,B2
lemmet,blade,刀片,NOUN,B2
verwijten,blame,责备,NOUN,B2
verwijten,to blame,责备,VERB,B2
flauw,bland,平淡的,ADJ,B2
vuurzee,blaze,火焰,NOUN,B2
bleekmiddel,bleach,漂白剂,NOUN,B2
bloeden,to bleed,出血,VERB,B2
bloeding,bleeding,出血,NOUN,B2
smet,blemish,瑕疵,NOUN,B2
zegenen,to bless,祝福,VERB,B2
blind,blind,盲的,ADJ,B2
gelukzaligheid,bliss,极乐,NOUN,B2
sneeuwstorm,blizzard,暴风雪,NOUN,B2
blok,bloc,阵营,NOUN,B2
blokkeren,to blockade,封锁,VERB,B2
bloedschuld,blood debt,血债,NOUN,B2
bloedzee,blood sea,血海,NOUN,B2
bloederig,bloody,血淋淋的,ADJ,B2
vlek,blot,污点,NOUN,B2
blouse,blouse,女衬衫,NOUN,B2
blauwe bes,blueberry,蓝莓,NOUN,B2
botweg,bluntly,直率地,ADV,B2
vervagen,to blur,模糊,VERB,B2
kostschool,boarding school,寄宿学校,NOUN,B2
opscheppen,to boast,吹嘘,VERB,B2
lichamelijk,bodily,身体上的,ADJ,B2
lijfwacht,bodyguard,保镖,NOUN,B2
ketel,boiler,锅炉,NOUN,B2
koken,boiling,沸腾,NOUN,B2
moedig,bold,大胆的,ADJ,B2
durf,boldness,大胆,NOUN,B2
bombardement,bombing,轰炸,NOUN,B2
bond,bond,纽带,NOUN,B2
bonus,bonus,奖金,NOUN,B2
beenderig,bony,瘦骨嶙峋的,ADJ,B2
boom,boom,繁荣,NOUN,B2
kraam,booth,摊位,NOUN,B2
grenzend,border,边境的,ADJ,B2
boren,to bore,使厌烦,VERB,B2
verveeld,bored,无聊的,ADJ,B2
verveling,boredom,无聊,NOUN,B2
ontleener,borrower,借款人,NOUN,B2
lening,borrowing,借贷,NOUN,B2
beide,both,两者都,DET,B2
beide handen,both hands,双手,NOUN,B2
storen,bother,麻烦,NOUN,B2
storen,to bother,打扰,VERB,B2
rotsblok,boulder,巨石,NOUN,B2
gebonden,bound,一定的,ADJ,B2
grens,boundary,边界,NOUN,B2
bourgeoisie,bourgeoisie,资产阶级,NOUN,B2
boksen,boxing,拳击,NOUN,B2
boycotten,to boycott,抵制,VERB,B2
armband,bracelet,手镯,NOUN,B2
pralen,to brag,吹嘘,VERB,B2
rem,brake,刹车,NOUN,B2
gloednieuw,brand new,崭新的,ADJ,B2
moed,bravery,勇敢,NOUN,B2
onbeschaamdheid,brazenness,厚颜无耻,NOUN,B2
schending,breach,违反,NOUN,B2
contract schenden,to breach contract,违约,VERB,B2
kapotgaan,to break down,分解,VERB,B2
break open,to break open,撬开,VERB,B2
break up,to break up,破裂,VERB,B2
breakdown,breakdown,故障,NOUN,B2
breastfeed,to breastfeed,母乳喂养,VERB,B2
breastfeeding,breastfeeding,母乳喂养,NOUN,B2
breed,breed,品种,NOUN,B2
breeze,breeze,微风,NOUN,B2
brevity,brevity,简洁,NOUN,B2
brewery,brewery,啤酒厂,NOUN,B2
bribe,bribe,贿赂,NOUN,B2
bribe,to bribe,贿赂,VERB,B2
bribery,bribery,贿赂,NOUN,B2
brick,brick,砖,NOUN,B2
bridal chamber,bridal chamber,洞房,NOUN,B2
brief,brief,简短的,ADJ,B2
bright,bright,明亮的,ADJ,B2
brilliance,brilliance,辉煌,NOUN,B2
bringing,bringing,جلب,NOUN,B2
broadcasting,broadcasting,广播,NOUN,B2
brocade,brocade,锦绣,NOUN,B2
broker,broker,经纪人,NOUN,B2
brokerage,brokerage,经纪业,NOUN,B2
broom,broom,扫帚,NOUN,B2
broth,broth,肉汤,NOUN,B2
brothel,brothel,妓院,NOUN,B2
brother-in-law,brother-in-law,姐夫/妹夫,NOUN,B2
browse,to browse,浏览,VERB,B2
browser,browser,浏览器,NOUN,B2
bruise,bruise,瘀伤,NOUN,B2
brush,brush,刷子,NOUN,B2
brush,to brush,刷,VERB,B2
brutalize,to brutalize,使变得残忍,VERB,B2
bubble,bubble,气泡,NOUN,B2
buck,buck,美元,NOUN,B2
emmer,bucket,桶,NOUN,B2
boekweit,buckwheat,荞麦,NOUN,B2
insect,bug,虫子,NOUN,B2
bulk,bulk,主体,NOUN,B2
pestkop,bully,欺凌者,NOUN,B2
bureau,bureau,局,NOUN,B2
bureaucratie,bureaucracy,官僚主义,NOUN,B2
inbreker,burglar,窃贼,NOUN,B2
begrafenis,burial,埋葬,NOUN,B2
brandwond,burn,烧伤,NOUN,B2
verbrand,burnt,烧焦的,ADJ,B2
boeren,to burp,打嗝,VERB,B2
barsten,to burst,爆发,VERB,B2
struik,bush,灌木,NOUN,B2
zakelijk,business,商业的,ADJ,B2
zakenbijeenkomst,business meeting,洽谈会,NOUN,B2
drukte,busyness,事忙,NOUN,B2
maar,but,然而,ADV,B2
maar ik,but i,可我,ADV,B2
maar jij,but you,但您,NOUN,B2
slager,butcher,屠夫,NOUN,B2
bij,by,通过,ADP,B2
met alle middelen,by fair means or foul,不择手段,ADV,B2
door middel van,by means of,凭借,NOUN,B2
vervlogen,bygone,过去的,ADJ,B2
bypassoperatie,bypass surgery,搭桥手术,NOUN,B2
kool,cabbage,卷心菜,NOUN,B2
hut,cabin,小屋,NOUN,B2
rekenmachine,calculator,计算器,NOUN,B2
kalf,calf,小腿,NOUN,B2
kalibratie,calibration,校准,NOUN,B2
kalligrafie,calligraphy,书法,NOUN,B2
gevoelloos,callous,冷酷,ADJ,B2
rust,calm,平静,NOUN,B2
kameel,camel,骆驼,NOUN,B2
camera,camera,照相机,NOUN,B2
campagnen,to campaign,积极参与活动,VERB,B2
camping,camping,露营,NOUN,B2
alleen kunnen,can only,只能,AUX,B2
niet geloven,to can't believe,不敢相信,VERB,B2
onvermijdelijk,can't help,不由得,ADV,B2
annulering,cancellation,取消,NOUN,B2
kandidatuur,candidacy,候选资格,NOUN,B2
snoep,candy,糖果,NOUN,B2
blikvoedsel,canned food,罐头食品,NOUN,B2
kanon,cannon,大炮,NOUN,B2
niet kunnen,cannot,不能,AUX,B2
niet kunnen verdragen,to cannot bear,不堪,VERB,B2
niet kunnen helpen,to cannot help,忍不住,VERB,B2
canyon,canyon,峡谷,NOUN,B2
capaciteit,capability,能力,NOUN,B2
bekwaam,capable,有能力的,ADJ,B2
kap,cape,海角,NOUN,B2
gevangname,capture,捕获,NOUN,B2
auto-ongeluk,car accident,车祸,NOUN,B2
autoverzekering,car insurance,车险,NOUN,B2
caravan,caravan,房车,NOUN,B2
koolstof,carbon,碳,NOUN,B2
koolstoftaks,carbon tax,碳税,NOUN,B2
cardiaal,cardiac,心脏的,ADJ,B2
zorgverlener,caregiver,护理人员,NOUN,B2
onvoorzichtig,careless,粗心的,ADJ,B2
aaien,to caress,爱抚,VERB,B2
beheerder,caretaker,房屋管理员,NOUN,B2
lading,cargo,货物,NOUN,B2
caricatuur,caricature,讽刺画,NOUN,B2
timmerman,carpenter,木匠,NOUN,B2
timmerwerk,carpentry,木工,NOUN,B2
kleed,carpet,地毯,NOUN,B2
kar,carriage,马车,NOUN,B2
carrier,carrier,承运人,NOUN,B2
carry forward,to carry forward,发扬,VERB,B2
carry out,to carry out,实施,VERB,B2
cart,cart,手推车,NOUN,B2
cartilage,cartilage,软骨,NOUN,B2
cash,cash,现金,ADJ,B2
cash,to cash,兑现,VERB,B2
cash register,cash register,收银机,NOUN,B2
cashew,cashew,腰果,NOUN,B2
cashmere,cashmere,羊绒,NOUN,B2
cassava,cassava,木薯,NOUN,B2
casual,casual,随意的,ADJ,B2
catalog,catalog,目录,NOUN,B2
catalyst,catalyst,催化剂,NOUN,B2
catch,catch,捕捉,NOUN,B2
catch up,to catch up,赶上,VERB,B2
catharsis,catharsis,宣泄,NOUN,B2
cathedral,cathedral,大教堂,NOUN,B2
cauliflower,cauliflower,花椰菜,NOUN,B2
causation,causation,因果关系,NOUN,B2
cause of death,cause of death,死因,NOUN,B2
caution,caution,谨慎,NOUN,B2
cautious and conscientious,cautious and conscientious,兢兢业业,ADJ,B2
cavalry,cavalry,骑兵,NOUN,B2
caw,to caw,呱呱叫,VERB,B2
cease,to cease,停止,VERB,B2
celery,celery,芹菜,NOUN,B2
celibacy,celibacy,独身,NOUN,B2
cement,cement,水泥,NOUN,B2
cement,to cement,巩固,VERB,B2
cent,cent,分,NOUN,B2
centimeter,centimeter,厘米,NOUN,B2
centrifugal force,centrifugal force,离心力,NOUN,B2
centrifuge,centrifuge,离心机,NOUN,B2
ceramics,ceramics,陶瓷,NOUN,B2
ceremonial cap,ceremonial cap,爵弁,NOUN,B2
certain,certain,某些,DET,B2
certificate of merit,certificate of merit,奖状,NOUN,B2
certify,to certify,证明,VERB,B2
cessation,cessation,终止,NOUN,B2
chairman,chairman,主席,NOUN,B2
chalk,chalk,粉笔,NOUN,B2
challenge,to challenge,质疑,VERB,B2
chamber,chamber,房间,NOUN,B2
champagne,champagne,香槟,NOUN,B2
chancellor,chancellor,总理,NOUN,B2
change tire,to change tire,换胎,VERB,B2
changed policy,changed policy,改策,NOUN,B2
chaotic,chaotic,混乱的,ADJ,B2
chapel,chapel,小教堂,NOUN,B2
character word,character word,字,NOUN,B2
charcoal,charcoal,木炭,NOUN,B2
charge,charge,收费,NOUN,B2
charge,to charge,充电,VERB,B2
charger,charger,充电器,NOUN,B2
charisma,charisma,个人魅力,NOUN,B2
charity,charity,慈善,NOUN,B2
charlatan,charlatan,江湖骗子,NOUN,B2
charm,charm,魅力,NOUN,B2
charming,charming,迷人的,ADJ,B2
chart,chart,图表,NOUN,B2
charter,charter,宪章,NOUN,B2
chase,to chase,追逐,VERB,B2
chastity,chastity,贞洁,NOUN,B2
chat,chat,聊天,NOUN,B2
cheat,to cheat,欺骗,VERB,B2
check,check,支票,NOUN,B2
cheer,to cheer,欢呼,VERB,B2
cheer up,to cheer up,使高兴,VERB,B2
chemical,chemical,化学品,NOUN,B2
scheikunde,chemistry,化学,NOUN,B2
koesteren,to cherish,珍爱,VERB,B2
kers,cherry,樱桃,NOUN,B2
schaak,chess,国际象棋,NOUN,B2
borstpijn,chest pain,胸痛,NOUN,B2
kastanje,chestnut,板栗,NOUN,B2
kauwgom,chewing gum,口香糖,NOUN,B2
kuiken,chick,小鸡,NOUN,B2
kinderachtig,childish,幼稚的,ADJ,B2
chilipeper,chili pepper,辣椒,NOUN,B2
schoorsteen,chimney,烟囱,NOUN,B2
kin,chin,下巴,NOUN,B2
chinees,chinese language,华文,NOUN,B2
chip,chip,碎片,NOUN,B2
tsjilpen,to chirp,啁啾,VERB,B2
beitel,chisel,凿子,NOUN,B2
ridderlijkheid,chivalry,骑士精神,NOUN,B2
cholesterol,cholesterol,胆固醇,NOUN,B2
haks,chop,砍,NOUN,B2
chromosoom,chromosome,染色体,NOUN,B2
kaneel,cinnamon,肉桂,NOUN,B2
circuit,circuit,电路,NOUN,B2
omcirkelen,to circumscribe,限制,VERB,B2
circus,circus,马戏团,NOUN,B2
citatie,citation,引用,NOUN,B2
citeren,to cite,引用,VERB,B2
burgerschap,citizenship,公民身份,NOUN,B2
stadhuis,city hall,市政厅,NOUN,B2
burger,civilian,平民,NOUN,B2
beschaafd,civilized,文明的,ADJ,B2
gewoel,clamor,喧嚣,NOUN,B2
klem,clamp,夹钳,NOUN,B2
klan,clan,家族,NOUN,B2
verduidelijken,to clarify,澄清,VERB,B2
klassieker,classic,经典作品,NOUN,B2
classical,classical,古典的,ADJ,B2
classicism,classicism,古典主义,NOUN,B2
classifier for paintings cloth etc.,classifier for paintings cloth etc.,幅,NUM,B2
classifier for trees,classifier for trees,棵,NUM,B2
classmate,classmate,同学,NOUN,B2
classroom,classroom,教室,NOUN,B2
clause,clause,从句,NOUN,B2
claw,claw,爪子,NOUN,B2
clay,clay,黏土,NOUN,B2
cleanliness,cleanliness,清洁,NOUN,B2
cleansing,cleansing,清洗,NOUN,B2
clear,to clear,清理,VERB,B2
clear knowledge,clear knowledge,明知,NOUN,B2
clear soup,clear soup,江瑶清羹,NOUN,B2
clear-cut,clear-cut,明确的,ADJ,B2
clearing,clearing,林中空地,NOUN,B2
clearly,clearly,清楚地,ADV,B2
clearly demarcated,clearly demarcated,分明,ADJ,B2
cleave,to cleave,劈开,VERB,B2
clever,clever,聪明的,ADJ,B2
cliche,cliche,陈词滥调,NOUN,B2
clientelism,clientelism,庇护主义,NOUN,B2
cliff,cliff,悬崖,NOUN,B2
climax,climax,高潮,NOUN,B2
cling,to cling,紧贴,VERB,B2
clip,clip,夹子,NOUN,B2
cloak,cloak,斗篷,NOUN,B2
clone,clone,克隆体,NOUN,B2
close,close,近的,ADJ,B2
close account,to close account,销户,VERB,B2
close the door,to close the door,关门,VERB,B2
closeness,closeness,接近,NOUN,B2
closet,closet,壁橱,NOUN,B2
closing ceremony,closing ceremony,闭幕仪式,NOUN,B2
clot,clot,凝块,NOUN,B2
bewolkt,cloudy,阴沉的,ADJ,B2
clown,clown,小丑,NOUN,B2
club,club,俱乐部,NOUN,B2
cluster,cluster,簇,NOUN,B2
koppeling,clutch,离合器,NOUN,B2
coach,coach,教练,NOUN,B2
steenkool,coal,煤,NOUN,B2
overreding,coaxing,哄得,NOUN,B2
cocaïne,cocaine,可卡因,NOUN,B2
cocktail,cocktail,鸡尾酒,NOUN,B2
coëfficiënt,coefficient,系数,NOUN,B2
samenleven,to coexist,共存,VERB,B2
kist,coffin,棺材,NOUN,B2
samenhang,cohesion,凝聚力,NOUN,B2
samenvallen,to coincide,同时发生,VERB,B2
toeval,coincidence,巧合,NOUN,B2
vergiet,colander,漏勺,NOUN,B2
koud bloed,cold blood,冷血,NOUN,B2
koudegolf,cold wave,寒潮,NOUN,B2
koeltjes,coldly,冷淡地,ADV,B2
medewerker,collaborator,合作者,NOUN,B2
instorten,collapse,倒塌,NOUN,B2
instorten,to collapse,倒塌,VERB,B2
kraag,collar,衣领,NOUN,B2
botsen,to collide,碰撞,VERB,B2
botsing,collision,碰撞,NOUN,B2
samenspannen,to collude,勾结,VERB,B2
dubbele punt,colon,冒号,NOUN,B2
kolonialisme,colonialism,殖民主义,NOUN,B2
kleur,color,颜色,NOUN,B2
kolom,column,列,NOUN,B2
coma,coma,昏迷,NOUN,B2
kammen,to comb,梳头,VERB,B2
gevecht,combat,战斗,NOUN,B2
komen van,to come from,来自,VERB,B2
hier komen,to come here,来到这里,VERB,B2
binnenkomen,to come in,进来,VERB,B2
uitkomen,to come out,出来,VERB,B2
overkomen,to come over,顺道来访,VERB,B2
comedian,comedian,喜剧演员,NOUN,B2
komeet,comet,彗星,NOUN,B2
troosten,comfort,安慰,NOUN,B2
troosten,to comfort,安慰,VERB,B2
komisch,comic,喜剧的,ADJ,B2
komst,coming,مجيء,NOUN,B2
kom en ga,coming and going,往来,NOUN,B2
commandocentrale,command room,指挥室,NOUN,B2
herdenken,to commemorate,纪念,VERB,B2
commentator,commentator,评论员,NOUN,B2
handel,commerce,商业,NOUN,B2
plegen,to commit a crime,犯罪,VERB,B2
gecommitteerd,committed,投入的,ADJ,B2
commodity,commodity,商品,NOUN,B2
gemeenschappelijkheid,commonality,共同点,NOUN,B2
gemeen,commoner,平民,NOUN,B2
commotie,commotion,骚动,NOUN,B2
communiqué,communique,公报,NOUN,B2
communisme,communism,共产主义,NOUN,B2
communitarisme,communitarianism,社群主义,NOUN,B2
gezelschap,companionship,陪伴,NOUN,B2
compartiment,compartment,隔间,NOUN,B2
kompas,compass,指南针,NOUN,B2
medelijden,compassion,同情,NOUN,B2
compatibiliteit,compatibility,兼容性,NOUN,B2
landgenoot,compatriot,同胞,NOUN,B2
dwingen,to compel,强迫,VERB,B2
compensatieverlof,compensatory leave,调休,NOUN,B2
concurrerendheid,competitiveness,竞争力,NOUN,B2
compileren,to compile,编译,VERB,B2
complementair,complementary,互补的,ADJ,B2
completion,completion,完成,NOUN,B2
compliance,compliance,合规,NOUN,B2
complicit,complicit,共谋的,ADJ,B2
complicity,complicity,共犯,NOUN,B2
compliment,compliment,称赞,NOUN,B2
comply,to comply,遵守,VERB,B2
comply with,to comply with,遵守,VERB,B2
compose,to compose,组成,VERB,B2
compost,compost,堆肥,NOUN,B2
composure,composure,镇定,NOUN,B2
compound,compound,复合性,ADJ,B2
comprehend,to comprehend,理解,VERB,B2
comprehension,comprehension,理解,NOUN,B2
compress,to compress,压缩,VERB,B2
compressor,compressor,压缩机,NOUN,B2
compromise,compromise,妥协,NOUN,B2
compute,to compute,计算,VERB,B2
computing,computing,计算机科学,NOUN,B2
comrade,comrade,同志,NOUN,B2
conceal,to conceal,隐藏,VERB,B2
concealment,concealment,隐瞒,NOUN,B2
conceited,conceited,自负的,ADJ,B2
conceive,to conceive,构想,VERB,B2
concern,concern,担忧,NOUN,B2
concert,concert,音乐会,NOUN,B2
concise,concise,简洁的,ADJ,B2
conclude,to conclude,得出结论,VERB,B2
conclusive,conclusive,决定性的,ADJ,B2
concubine,concubine,妾,NOUN,B2
condemn,to condemn,谴责,VERB,B2
condensation,condensation,凝结,NOUN,B2
condense,to condense,浓缩,VERB,B2
condole,to condole,哀悼,VERB,B2
condolences,condolences,哀悼,NOUN,B2
leiden,conduct,行为,NOUN,B2
leiden,to conduct,أجرى,VERB,B2
kegel,cone,圆锥体,NOUN,B2
confederatie,confederation,邦联,NOUN,B2
biecht,confession,供认,NOUN,B2
toevertrouwen,to confide,吐露,VERB,B2
vertrouwen,confidence,信心,NOUN,B2
zelfverzekerd,confident,自信的,ADJ,B2
confisqueren,to confiscate,没收,VERB,B2
confiscatie,confiscation,没收,NOUN,B2
conflict,conflict,冲突,NOUN,B2
conformisme,conformism,因循守旧,NOUN,B2
verward,confused,困惑的,ADJ,B2
feliciteren,to congratulate,祝贺,VERB,B2
gemeente,congregation,集会,NOUN,B2
naaldbos,coniferous forest,针叶林,NOUN,B2
vermoeden,conjecture,推测,NOUN,B2
vervoeging,conjugation,变位,NOUN,B2
voegwoord,conjunction,连词,NOUN,B2
toveren,to conjure,变魔术,VERB,B2
kenner,connoisseur,行家,NOUN,B2
veroveraar,conqueror,征服者,NOUN,B2
nauwgezet,conscientious,认真的,ADJ,B2
wijden,to consecrate,奉献,VERB,B2
opeenvolgende kaarten,consecutive cards,连牌,NOUN,B2
toestemming,consent,同意,NOUN,B2
bijgevolg,consequently,因此,ADV,B2
attent,considerate,体贴,ADJ,B2
zending,consignment,托运,NOUN,B2
bestaan,to consist,组成,VERB,B2
consistentie,consistency,一致性,NOUN,B2
troosten,to console,安慰,VERB,B2
consolideren,to consolidate,巩固,VERB,B2
metgezel,consort,福晋,NOUN,B2
opvallend,conspicuous,显著的,ADJ,B2
complotteren,to conspire,密谋,VERB,B2
wachtmeester,constable,警官,NOUN,B2
constante,constant,常数,NOUN,B2
constant,constantly,不断地,ADV,B2
sterrenbeeld,constellation,星座,NOUN,B2
obstipatie,constipation,便秘,NOUN,B2
kiezersdistrict,constituency,选区,NOUN,B2
vormen,to constitute,构成,VERB,B2
constitutioneel,constitutional,宪法的,ADJ,B2
beperken,to constrain,限制,VERB,B2
beperking,constraint,约束,NOUN,B2
bouwwerf,construction site,工地,NOUN,B2
consulair,consular,领事的,ADJ,B2
consulaat,consulate,领事馆,NOUN,B2
raadplegen,to consult,咨询,VERB,B2
raadplegen,to consult reference,参考,VERB,B2
adviseur,consultant,顾问,NOUN,B2
consumeren,to consume,消费,VERB,B2
contact,contact,联系,NOUN,B2
besmettelijk,contagious,传染性的,ADJ,B2
verontreinigen,to contaminate,污染,VERB,B2
overwegen,to contemplate,沉思,VERB,B2
contemplatief,contemplative,沉思的,ADJ,B2
verachting,contempt,轻视,NOUN,B2
tevredenheid,contentment,满足,NOUN,B2
wedstrijd,contest,比赛,NOUN,B2
continent,continent,大陆,NOUN,B2
contingentie,contingency,偶然性,NOUN,B2
voortzetting,continuation,延续,NOUN,B2
continuïteit,continuity,连续性,NOUN,B2
tegenspreken,to contradict,反驳,VERB,B2
tegenstelling,contrary,反而,NOUN,B2
tegenstrijdige bedoeling,contrary intention,反意,NOUN,B2
schenden,to contravene,违反,VERB,B2
bijdragen,to contribute,贡献,VERB,B2
control room,control room,控制室,NOUN,B2
convene,to convene,召集,VERB,B2
convenient,convenient,方便的,ADJ,B2
converge,to converge,汇聚,VERB,B2
converse,to converse,交谈,VERB,B2
conversely,conversely,相反地,ADV,B2
convey,to convey,传达,VERB,B2
convinced,convinced,确信的,ADJ,B2
convulsion,convulsion,抽搐,NOUN,B2
cooked meatball,cooked meatball,丸子熟,NOUN,B2
cooked rice,cooked rice,米饭,NOUN,B2
cooking pot,cooking pot,炖锅,NOUN,B2
cool down,to cool down,冷却,VERB,B2
coolness,coolness,凉爽,NOUN,B2
coordinate,coordinate,坐标,NOUN,B2
cop,cop,警察,NOUN,B2
copper,copper,铜,NOUN,B2
copyist,copyist,抄写员,NOUN,B2
copyright,copyright,版权,NOUN,B2
coral,coral,珊瑚,NOUN,B2
corn,corn,玉米,NOUN,B2
coronation,coronation,加冕,NOUN,B2
correspond,to correspond,符合,VERB,B2
correspondent,correspondent,记者,NOUN,B2
corrosion,corrosion,腐蚀,NOUN,B2
corrupt,corrupt,腐败的,ADJ,B2
corrupt,to corrupt,腐败,VERB,B2
cosmic,cosmic,宇宙的,ADJ,B2
cost,cost,费用,NOUN,B2
cotton,cotton,棉花,NOUN,B2
cough,cough,咳嗽,NOUN,B2
cough,to cough,咳嗽,VERB,B2
counseling,counseling,咨询,NOUN,B2
count as,to count as,算,VERB,B2
tegenwerken,counter,柜台,NOUN,B2
tegenwerken,to counter,反击,VERB,B2
tegenvorm,counter-form,反式,NOUN,B2
tegenlogica,counter-logic,反逻,NOUN,B2
tegenmaterie,counter-matter,反物,NOUN,B2
tegenmechanisme,counter-mechanism,反机,NOUN,B2
tegenmodel,counter-model,反模,NOUN,B2
tegenwaarneming,counter-observation,反察,NOUN,B2
tegenkwaliteit,counter-quality,反质,NOUN,B2
tegenroute,counter-route,反途,NOUN,B2
tegenvaardigheid,counter-skill,反技,NOUN,B2
tegenzool,counter-sole,反唯,NOUN,B2
tegenstructuur,counter-structure,反结,NOUN,B2
tegensysteem,counter-system,反系,NOUN,B2
tegentechniek,counter-technique,反术,NOUN,B2
tegentrend,counter-trend,反势,NOUN,B2
tegentype,counter-type,反型,NOUN,B2
tegenaanval,counterattack,反击,NOUN,B2
vals,counterfeit,假冒,ADJ,B2
tegenhanger,counterpart,对应的人或物,NOUN,B2
couplet,couplet,对联,NOUN,B2
verwerping door de rechtbank,court dismissal,退朝,NOUN,B2
beleefdheid,courtesy,礼貌,NOUN,B2
binnenplaats,courtyard,庭院,NOUN,B2
verbond,covenant,契约,NOUN,B2
deksel,cover,封面,NOUN,B2
hebzucht,covetousness,贪欲,NOUN,B2
lafaard,coward,懦夫,NOUN,B2
lafheid,cowardice,懦弱,NOUN,B2
laf,cowardly,懦弱的,ADJ,B2
krab,crab,螃蟹,NOUN,B2
barsten,crack,裂缝,NOUN,B2
barsten,to crack,破裂,VERB,B2
knetteren,to crackle,噼啪作响,VERB,B2
ambacht,craft,工艺,NOUN,B2
ambachtsman,craftsman,工匠,NOUN,B2
vakmanschap,craftsmanship,手工艺,NOUN,B2
kraan,crane,起重机,NOUN,B2
crash,crash,碰撞,NOUN,B2
kist,crate,板条箱,NOUN,B2
krater,crater,火山口,NOUN,B2
begeeren,to crave,渴望,VERB,B2
schepper,creator,创造者,NOUN,B2
krediet,credit,信用,NOUN,B2
creditcard,credit card,信用卡,NOUN,B2
crediteur,creditor,债权人,NOUN,B2
crediteurenrecht,creditor's right,债权,NOUN,B2
kruin,crest,顶峰,NOUN,B2
misdrijfsscène,crime scene,犯罪现场,NOUN,B2
kritikaliteit,criticality,临界性,NOUN,B2
kritiseren,to criticize,批评,VERB,B2
oversteek,crossing,交叉口,NOUN,B2
kruispunt,crossroads,十字路口,NOUN,B2
krommen,to crouch,蹲下,VERB,B2
kraai,crow,乌鸦,NOUN,B2
kronen,to crown,加冕,VERB,B2
kruimelen,to crumble,粉碎,VERB,B2
knarsen,to crunch,嘎吱作响,VERB,B2
verpletteren,to crush,压碎,VERB,B2
vernietigende nederlaag,crushing defeat,惨败,NOUN,B2
schaaldier,crustacean,甲壳类动物,NOUN,B2
kruk,crutch,拐杖,NOUN,B2
gehuil,crying,,NOUN,B2
kristal,crystal,水晶,NOUN,B2
jong,cub,幼兽,NOUN,B2
kubus,cube,立方体,NOUN,B2
cubisme,cubism,立体主义,NOUN,B2
komkommer,cucumber,黄瓜,NOUN,B2
cultiveren,to cultivate,培养,VERB,B2
cultureel overblijfsel,cultural relic,文物,NOUN,B2
listig,cunning,狡猾的,ADJ,B2
curb,to curb,抑制,VERB,B2
currency,currency,货币,NOUN,B2
current dynasty,current dynasty,当朝,NOUN,B2
curse,curse,诅咒,NOUN,B2
curse,to curse,诅咒,VERB,B2
cursed,cursed,被诅咒的,ADJ,B2
curtain,curtain,窗帘,NOUN,B2
curve,curve,曲线,NOUN,B2
custody,custody,监护,NOUN,B2
custom,custom,习俗,NOUN,B2
customary,customary,习惯的,ADJ,B2
cut off,to cut off,切断,VERB,B2
cut short,to cut short,截断,VERB,B2
cyanosis,cyanosis,发绀,NOUN,B2
cyber,cyber,网络的,ADJ,B2
cybersecurity,cybersecurity,网络安全,NOUN,B2
cyclone,cyclone,气旋,NOUN,B2
cylinder,cylinder,圆柱体,NOUN,B2
cymbal,cymbal,钹,NOUN,B2
cynical,cynical,愤世嫉俗的,ADJ,B2
dad,dad,爸爸,NOUN,B2
dagger,dagger,匕首,NOUN,B2
daily,daily,每天,ADV,B2
daily increase,daily increase,日渐,NOUN,B2
dam,dam,水坝,NOUN,B2
damn,damn,该死的,ADJ,B2
damn,to damn,诅咒,VERB,B2
damp,damp,潮湿,ADJ,B2
danmei,danmei,但没,NOUN,B2
darken,to darken,变暗,VERB,B2
darkness,darkness,黑暗,NOUN,B2
dashboard,dashboard,仪表盘,NOUN,B2
database,database,数据库,NOUN,B2
dating,dating,年代测定,NOUN,B2
dageraad,dawn,黎明,NOUN,B2
dag en nacht,day and night,昼夜,NOUN,B2
dagloner,day laborer,日工,NOUN,B2
dagdromen,to daydream,幻想,VERB,B2
verblinden,to dazzle,使眼花,VERB,B2
verblindend,dazzling,耀眼的,ADJ,B2
doodlopende weg,dead end,死胡同,NOUN,B2
deadline,deadline,截止日期,NOUN,B2
doof,deaf,聋的,ADJ,B2
deal,deal,交易,NOUN,B2
dealer,dealer,经销商,NOUN,B2
decaan,dean,院长,NOUN,B2
dood,death,死亡,NOUN,B2
doodswens,death wish,找死,NOUN,B2
ontucht,debauchery,放荡,NOUN,B2
schuldenaar,debtor,债务人,NOUN,B2
decadent,decadent,颓废,ADJ,B2
overledene,deceased,死者,NOUN,B2
bedriegen,to deceive,欺骗,VERB,B2
december,december,十二月,NOUN,B2
fatsoenlijk,decent,体面的,ADJ,B2
bedrieglijke uitdaging,deception dare,你敢骗我,NOUN,B2
ontcijferen,to decipher,破译,VERB,B2
beslisser,decision-maker,决策者,NOUN,B2
beslissend,decisive,决定性的,ADJ,B2
afnemen,to decline,下降,VERB,B2
beleefd afwijzen,to decline politely,婉拒,VERB,B2
buiten gebruikstelling,decommissioning,退役,NOUN,B2
ontbinden,to decompose,分解,VERB,B2
deconstrueren,to deconstruct,解构,VERB,B2
deconstructie,deconstruction,解构主义,NOUN,B2
afname,decrease,减少,NOUN,B2
decreteren,decree,法令,NOUN,B2
decreteren,to decree,颁布法令,VERB,B2
decryptie,decryption,解密,NOUN,B2
toewijding,dedication,奉献,NOUN,B2
aftrekken,to deduct,扣除,VERB,B2
daad,deed,行为,NOUN,B2
diepfrituren,to deep-fry,油炸,VERB,B2
smaad,defamation,诽谤,NOUN,B2
standaard,default,违约,NOUN,B2
defaitisme,defeatism,失败主义,NOUN,B2
defecteren,to defect,叛变,VERB,B2
verdedigen,to defend one's country,卫国,VERB,B2
verdaagde,defendant,被告,NOUN,B2
verzet,defiance,挑衅,NOUN,B2
verzet,defiant,挑衅的,ADJ,B2
gebrek,deficiency,缺乏,NOUN,B2
gebrekkig,deficient,有缺陷的,ADJ,B2
deficit,deficit,赤字,NOUN,B2
definitief,definitive,决定性的,ADJ,B2
ontbossing,deforestation,森林砍伐,NOUN,B2
vervormen,to deform,使变形,VERB,B2
vervorming,deformation,变形,NOUN,B2
frauduleren,to defraud,诈骗,VERB,B2
trotseren,to defy,违抗,VERB,B2
degenereren,to degenerate,退化,VERB,B2
degeneratie,degeneration,退化,NOUN,B2
degraderen,to degrade,贬低,VERB,B2
ontwatering,dehydration,脱水,NOUN,B2
deïsme,deism,自然神论,NOUN,B2
neerslachtig,dejected,沮丧的,ADJ,B2
neerslachtigheid,dejection,沮丧,NOUN,B2
delegeren,to delegate,委派,VERB,B2
verwijderen,to delete,删除,VERB,B2
overwegen,to deliberate,深思熟虑,VERB,B2
delicaat,delicate,精致的,ADJ,B2
vermaak,delight,高兴,NOUN,B2
vermakelijk,delightful,令人愉快的,ADJ,B2
misdadigheid,delinquency,违法行为,NOUN,B2
delinquent,delinquent,罪犯,NOUN,B2
delirium,delirium,精神错乱,NOUN,B2
deluge,deluge,洪水,NOUN,B2
delusion,delusion,幻想,NOUN,B2
demanding,demanding,要求高的,ADJ,B2
demilitarization,demilitarization,去武,NOUN,B2
democratization,democratization,民主化,NOUN,B2
demon,demon,恶魔,NOUN,B2
denial,denial,否认,NOUN,B2
denounce,to denounce,谴责,VERB,B2
dense,dense,密集的,ADJ,B2
density,density,密度,NOUN,B2
denunciation,denunciation,告发,NOUN,B2
department head,department head,厅长,NOUN,B2
department store,department store,百货商店,NOUN,B2
departure,departure,离开,NOUN,B2
depend,to depend,依赖,VERB,B2
depend on,to depend on,依赖,VERB,B2
deplore,to deplore,谴责,VERB,B2
deployment,deployment,部署,NOUN,B2
depose,to depose,废黜,VERB,B2
depreciation,depreciation,贬值,NOUN,B2
depressed,depressed,沮丧的,ADJ,B2
deprivation,deprivation,剥夺,NOUN,B2
deprive,to deprive,剥夺,VERB,B2
deputy,deputy,副的,ADJ,B2
derail,to derail,使脱轨,VERB,B2
derogate,to derogate,贬损,VERB,B2
descend,to descend,下降,VERB,B2
descendant,descendant,后代,NOUN,B2
desertification,desertification,荒漠化,NOUN,B2
deserve,to deserve,值得,VERB,B2
designated driver,designated driver,代驾,NOUN,B2
desire,desire,欲望,NOUN,B2
desolaat,desolate,荒凉的,ADJ,B2
verachtelijk,despicable,可鄙的,ADJ,B2
verachten,to despise,鄙视,VERB,B2
despoot,despot,暴君,NOUN,B2
despotisme,despotism,专制,NOUN,B2
dessert,dessert,甜点,NOUN,B2
noodlot,destiny,命运,NOUN,B2
armoede,destitution,贫困,NOUN,B2
destructief,destructive,مدمر,ADJ,B2
losmaken,to detach,分离,VERB,B2
losmaking,detachment,脱落,NOUN,B2
detail,detail,细节,NOUN,B2
vasthouden,to detain,拘留,VERB,B2
detective,detective,侦探,NOUN,B2
detente,detente,缓和,NOUN,B2
verslechteren,to deteriorate,恶化,VERB,B2
vastberaden,determined,下定决心的,ADJ,B2
determinisme,determinism,决定论,NOUN,B2
deterministisch,deterministic,决定论的,ADJ,B2
verafschuwen,to detest,厌恶,VERB,B2
walgelijk,detestable,可恶的,ADJ,B2
detoneren,to detonate,引爆,VERB,B2
omweg,detour,绕道,NOUN,B2
ontgiften,to detoxify,解毒,VERB,B2
verwoesten,to devastate,摧毁,VERB,B2
verwoesting,devastation,破坏,NOUN,B2
ontwikkeld,developed,发达的,ADJ,B2
afwijking,deviation,偏离,NOUN,B2
bedenken,to devise,设计,VERB,B2
wijden,to devote,奉献,VERB,B2
toegewijd,devoted,忠诚的,ADJ,B2
toewijding,devotion,奉献,NOUN,B2
dauw,dew,露水,NOUN,B2
diabetes,diabetes,糖尿病,NOUN,B2
diagnosticeren,to diagnose,诊断,VERB,B2
diagram,diagram,图表,NOUN,B2
dialect,dialect,方言,NOUN,B2
dialogiseren,to dialogue,对话,VERB,B2
luier,diaper,尿布,NOUN,B2
diarree,diarrhea,腹泻,NOUN,B2
dobbelsteen,dice,骰子,NOUN,B2
woordenboek,dictionary,词典,NOUN,B2
zware aanval,difficult attack,难攻,NOUN,B2
moeilijk probleem,difficult problem,难题,NOUN,B2
verspreiden,to diffuse,扩散,VERB,B2
verteren,to digest,消化,VERB,B2
vertering,digestion,消化,NOUN,B2
verterend,digestive,消化的,ADJ,B2
graven,digging,挖掘,NOUN,B2
cijfer,digit,数字,NOUN,B2
waardigheid,dignity,尊严,NOUN,B2
verwijden,to dilate,膨胀,VERB,B2
verwijding,dilation,扩张,NOUN,B2
dilemma,dilemma,困境,NOUN,B2
vlijt,diligence,勤勉,NOUN,B2
vlijtig,diligent,勤奋的,ADJ,B2
verminderen,to diminish,减少,VERB,B2
dinosaurus,dinosaur,恐龙,NOUN,B2
dompelen,to dip,蘸,VERB,B2
richtingbord,direction sign,指示牌,NOUN,B2
richtlijn,directive,指令,NOUN,B2
disputen,to disagree,不同意,VERB,B2
meningsverschil,disagreement,不和,NOUN,B2
teleurgesteld,disappointed,失望的,ADJ,B2
teleurstellend,disappointing,令人失望的,ADJ,B2
afkeuren,to disapprove,不赞成,VERB,B2
ontwapenen,to disarm,解除武装,VERB,B2
demonteren,to disassemble,拆卸,VERB,B2
rampzalig,disastrous,灾难性的,ADJ,B2
verloochenen,to disavow,否认,VERB,B2
disbelief,disbelief,不信,NOUN,B2
discard,to discard,丢弃,VERB,B2
discharge,discharge,放电,NOUN,B2
disciple,disciple,门徒,NOUN,B2
discipline,discipline,纪律,NOUN,B2
discipline,to discipline,管教,VERB,B2
disclose,to disclose,揭露,VERB,B2
disconnect,to disconnect,断开,VERB,B2
discontinue,to discontinue,停止,VERB,B2
discord,discord,不和,NOUN,B2
discordance,discordance,不一致,NOUN,B2
discourage,to discourage,使气馁,VERB,B2
discourse,discourse,论述,NOUN,B2
discourse,to discourse,论述,VERB,B2
discredit,to discredit,败坏名声,VERB,B2
discreet,discreet,谨慎的,ADJ,B2
disdain,disdain,蔑视,NOUN,B2
disengage,to disengage,脱离,VERB,B2
disgrace,disgrace,耻辱,NOUN,B2
disguise,disguise,伪装,NOUN,B2
disguise,to disguise,伪装,VERB,B2
disgust,disgust,厌恶,NOUN,B2
dishwasher,dishwasher,洗碗机,NOUN,B2
disinfect,to disinfect,消毒,VERB,B2
disinfectant,disinfectant,消毒剂,NOUN,B2
disjoint,disjoint,不相交的,ADJ,B2
dislike,to dislike,不喜欢,VERB,B2
dislocate,to dislocate,使脱臼,VERB,B2
dislocation,dislocation,脱臼,NOUN,B2
dismantling,dismantling,拆除，瓦解,NOUN,B2
dismount,to dismount,下马,VERB,B2
disobedience,disobedience,不服从,NOUN,B2
disobey,to disobey,违抗,VERB,B2
disorder,disorder,混乱,NOUN,B2
disorderly,disorderly,杂乱的,ADJ,B2
desoriënteren,to disorient,使迷失方向,VERB,B2
desoriëntatie,disorientation,迷失方向,NOUN,B2
verzenden,to dispatch,派遣,VERB,B2
medicijnen uitreiken,to dispense medicine,配药,VERB,B2
ontstemmen,to displease,使不快,VERB,B2
ongenoegen,displeasure,不悦,NOUN,B2
verwijdering,disposal,处理,NOUN,B2
negeren,to disregard,忽视,VERB,B2
ontevreden,dissatisfied,不满的,ADJ,B2
ontleden,to dissect,解剖,VERB,B2
verspreiden,to disseminate,传播,VERB,B2
onenigheid,dissent,异议,NOUN,B2
dissertatie,dissertation,论文,NOUN,B2
verkwisting,dissipation,挥霍,NOUN,B2
ontbinding,dissolution,溶解,NOUN,B2
oplossen,to dissolve,溶解,VERB,B2
dissonantie,dissonance,不和谐,NOUN,B2
afraden,to dissuade,劝阻,VERB,B2
ver,distant,遥远的,ADJ,B2
duidelijk,distinct,明显的,ADJ,B2
vooraanstaand,distinguished,杰出,ADJ,B2
verdraaien,to distort,扭曲,VERB,B2
vervorming,distortion,扭曲,NOUN,B2
afleiden,to distract,分心,VERB,B2
afgeleid,distracted,分心的,ADJ,B2
afleiding,distraction,分心,NOUN,B2
districtshoofd,district head,区长,NOUN,B2
wantrouwen,distrust,不信任,NOUN,B2
verontrustend,disturbing,令人不安的,ADJ,B2
afwijkend,divergent,分歧的,ADJ,B2
omleiden,to divert,转移,VERB,B2
dividend,dividend,红利,NOUN,B2
waarzeggerij,divination,占卜,NOUN,B2
theoloog,divine,如神,NOUN,B2
duiken,diving,潜水,NOUN,B2
duizeligheid,dizziness,眩晕,NOUN,B2
duizelig,dizzy,头晕的,ADJ,B2
niet,do not,莫,ADV,B2
niet-gebruik,do not use,别用,NOUN,B2
je best doen,to do one's best,尽力,VERB,B2
doen,to do to make,做,VERB,B2
volgzaamheid,docility,温顺,NOUN,B2
dok,dock,码头,NOUN,B2
doctoraat,doctorate,博士学位,NOUN,B2
documentair,documentary,纪录片的,ADJ,B2
dogma,dogma,教条,NOUN,B2
dogmatisch,dogmatic,教条的,ADJ,B2
dogmatisme,dogmatism,教条主义,NOUN,B2
pop,doll,玩偶,NOUN,B2
dolfijn,dolphin,海豚,NOUN,B2
koepel,dome,圆顶,NOUN,B2
dominant,dominant,占主导地位的,ADJ,B2
donatie,donation,捐款,NOUN,B2
gedaan,done,事已,NOUN,B2
donor,donor,捐赠者,NOUN,B2
deurklink,door handle,门把手,NOUN,B2
deurbel,doorbell,门铃,NOUN,B2
portier,doorman,门卫,NOUN,B2
deurmat,doormat,门垫,NOUN,B2
slaapzaal,dormitory,宿舍,NOUN,B2
dosering,dosage,剂量,NOUN,B2
deeg,dough,面团,NOUN,B2
af,down,顺...而下,ADP,B2
download,download,下载,NOUN,B2
stortbui,downpour,倾盆大雨,NOUN,B2
stroomafwaarts,downstream,下游,NOUN,B2
omlaag,downwards,向下,ADV,B2
bruidsschat,dowry,嫁妆,NOUN,B2
concept,draft,草稿,NOUN,B2
slepen,to drag,拖,VERB,B2
afvoer,drain,排水沟,NOUN,B2
dramatisch,dramatic,戏剧性的,ADJ,B2
dramatiseren,to dramatize,戏剧化,VERB,B2
dramaturgie,dramaturgy,戏剧艺术,NOUN,B2
teruggrepen doen op,to draw on the experience of,借鉴,VERB,B2
uitsteken,draw out,引出,NOUN,B2
vrees,dread,恐惧,NOUN,B2
vrees,to dread,畏惧,VERB,B2
bodem,dregs,渣滓,NOUN,B2
verkleeden,to dress up,盛装打扮,VERB,B2
gedroogde tofu,dried tofu,豆干,NOUN,B2
drijven,drifting,漂泊,NOUN,B2
boor,drill,钻头,NOUN,B2
oprit,driveway,车道,NOUN,B2
motregen,drizzle,毛毛雨,NOUN,B2
drone,drone,无人机,NOUN,B2
laten vallen,to drop,掉落,VERB,B2
slapheid,drowsiness,昏睡,NOUN,B2
drug,drug,药物,NOUN,B2
trom,drum,鼓,NOUN,B2
dualisme,dualism,二元论,NOUN,B2
dualiteit,duality,二元性,NOUN,B2
dubbing,dubbing,配音,NOUN,B2
verschuldigd,due,到期的,ADJ,B2
vanwege,due to,由于,ADP,B2
saai,dull,枯燥的,ADJ,B2
saaiheid,dullness,迟钝,NOUN,B2
dom,dumb,愚蠢的,ADJ,B2
deegbal,dumpling,丸子,NOUN,B2
duurzaamheid,durability,耐用性,NOUN,B2
duur,duration,持续时间,NOUN,B2
schemering,dusk,黄昏,NOUN,B2
dwerg,dwarf,侏儒,NOUN,B2
woning,dwelling,住宅,NOUN,B2
dynamisch,dynamic,动态的,ADJ,B2
dystopie,dystopia,反乌托邦,NOUN,B2
gretig,eager,渴望的,ADJ,B2
arend,eagle,鹰,NOUN,B2
vroeg,early,早,ADV,B2
vroege ochtend,early morning,凌晨,NOUN,B2
vroegtijdige waarschuwing,early warning,预警,NOUN,B2
gemakkelijk te zeggen,easy to say,好说,NOUN,B2
excentriek,eccentric,古怪的,ADJ,B2
kerkelijk,ecclesiastical,教会的,ADJ,B2
eclips,eclipse,日食,NOUN,B2
ecosysteem,ecosystem,生态系统,NOUN,B2
hoofdartikel,editorial,社论,NOUN,B2
opleiden,to educate,教育,VERB,B2
opgeleid,educated,受过教育的,ADJ,B2
EEG,eeg,脑电图,NOUN,B2
effect,effect,效果,NOUN,B2
werkzaamheid,efficacy,功效,NOUN,B2
aubergine,eggplant,茄子,NOUN,B2
of,either,或者,CCONJ,B2
uitwerken,to elaborate,制定,VERB,B2
verheugd,elated,兴高采烈的,ADJ,B2
elleboog,elbow,手肘,NOUN,B2
oudste zoon,eldest son,长子,NOUN,B2
electoraat,electorate,选民,NOUN,B2
elektricien,electrician,电工,NOUN,B2
elektronische betaling,electronic payment,电子支付,NOUN,B2
elegant,elegant,优雅的,ADJ,B2
elegie,elegy,挽歌,NOUN,B2
element,element,元素,NOUN,B2
elimineren,to eliminate,消除,VERB,B2
eliminatie,elimination,消除,NOUN,B2
welsprekend,eloquent,雄辩的,ADJ,B2
e-mail,email,电子邮件,NOUN,B2
emaneren,to emanate,散发,VERB,B2
emanatie,emanation,散发物,NOUN,B2
emanciperen,to emancipate,解放,VERB,B2
verlegen,embarrassed,尴尬的,ADJ,B2
verlegen,embarrassing,令人尴尬的,ADJ,B2
inbedden,to embed,嵌入,VERB,B2
versieren,to embellish,装饰,VERB,B2
verduisteren,to embezzle,贪污,VERB,B2
verduistering,embezzlement,贪污,NOUN,B2
belichamen,to embody,体现,VERB,B2
omhelzen,embrace,拥抱,NOUN,B2
omhelzen,to embrace,拥抱,VERB,B2
borduuren,to embroider,刺绣,VERB,B2
borduurwerk,embroidery,刺绣,NOUN,B2
noodgeval,emergency,紧急情况,NOUN,B2
spoedafdeling,emergency room,急诊室,NOUN,B2
inleven,to empathize,共情,VERB,B2
rijk,empire,帝国,NOUN,B2
empirisch,empirical,经验的,ADJ,B2
in dienst nemen,to employ,雇用,VERB,B2
bevoegd maken,to empower,授权,VERB,B2
keizerin,empress,女皇,NOUN,B2
leegte,emptiness,空虚,NOUN,B2
holle roem,empty fame,虚名,NOUN,B2
nabootsen,to emulate,效仿,VERB,B2
mogelijk maken,to enable,使能够,VERB,B2
in werking stellen,to enact,颁布,VERB,B2
betoveren,to enchant,使着迷,VERB,B2
betoverend,enchanting,迷人的,ADJ,B2
omsluiten,to enclose,围住,VERB,B2
ontmoeting,encounter,相遇,NOUN,B2
versleuteling,encryption,加密,NOUN,B2
encyclopedisch,encyclopedic,百科全书式的,ADJ,B2
einde,end,端,PART,B2
in gevaar brengen,to endanger,危及,VERB,B2
bedreigd,endangered,濒危的,ADJ,B2
steunen,to endorse,支持,VERB,B2
endorsement,endorsement,背书,NOUN,B2
endurance,endurance,坚忍,NOUN,B2
endure,to endure,忍受,VERB,B2
enemy must,enemy must,仇必,NOUN,B2
enemy state,enemy state,敌国,NOUN,B2
energetic,energetic,精力充沛的,ADJ,B2
engaged,engaged,订婚的,ADJ,B2
engineering,engineering,工程学,NOUN,B2
english,english,英语,NOUN,B2
englishman,englishman,英国人,NOUN,B2
engraving,engraving,版画,NOUN,B2
enjoyment,enjoyment,享受,NOUN,B2
enlighten,to enlighten,启发,VERB,B2
enlightened,enlightened,开明的,ADJ,B2
enlightenment,enlightenment,澄清,NOUN,B2
enlist,to enlist,征募,VERB,B2
enmity,enmity,敌意,NOUN,B2
ennoble,to ennoble,使高贵,VERB,B2
enormity,enormity,极恶,NOUN,B2
enrich,to enrich,使丰富,VERB,B2
enrichment,enrichment,丰富,NOUN,B2
enroll,to enroll,注册,VERB,B2
enrollment,enrollment,注册,NOUN,B2
entangle,to entangle,使纠缠,VERB,B2
enter city,to enter city,进城,VERB,B2
enterprise,enterprise,企业,NOUN,B2
entertainment,entertainment,娱乐,NOUN,B2
entertainment center,entertainment center,娱乐中心,NOUN,B2
enthronement,enthronement,登基,NOUN,B2
entice,to entice,引诱,VERB,B2
entirely,entirely,完全地,ADV,B2
entirety,entirety,全部,NOUN,B2
entrench,to entrench,巩固,VERB,B2
entrust,to entrust,委托,VERB,B2
entry,entry,入口,NOUN,B2
opsommen,to enumerate,列举,VERB,B2
uitspraak,enunciation,发音,NOUN,B2
envelop,envelope,信封,NOUN,B2
jaloers,envious,嫉妒的,ADJ,B2
milieukundig,environmental,环境的,ADJ,B2
milieubescherming,environmental protection,环境保护,NOUN,B2
milieurapport,environmental report,环境报告,NOUN,B2
voorstellen,to envision,展望,VERB,B2
benijden,envy,嫉妒,NOUN,B2
benijden,to envy,羡慕,VERB,B2
enzym,enzyme,酶,NOUN,B2
epos,epic,史诗,NOUN,B2
epicuristisch,epicurean,享乐主义的,ADJ,B2
epidemie,epidemic,流行病,NOUN,B2
epistemologie,epistemology,认识论,NOUN,B2
belichaming,epitome,化身,NOUN,B2
gelijkheid,equality,平等,NOUN,B2
vergelijking,equation,方程,NOUN,B2
paardensport,equestrianism,马术,NOUN,B2
evenwicht,equilibrium,平衡,NOUN,B2
uitrusten,to equip,装备,VERB,B2
equivalent,equivalent,等价物,NOUN,B2
uitroeien,to eradicate,根除,VERB,B2
uitroeiing,eradication,根除,NOUN,B2
wissen,to erase,擦除,VERB,B2
gum,eraser,橡皮擦,NOUN,B2
uitwissing,erasure,擦除,NOUN,B2
oprichten,to erect,建立,VERB,B2
erhu,erhu,二胡,NOUN,B2
erosie,erosion,侵蚀,NOUN,B2
zich vergissen,to err,犯错,VERB,B2
boodschap,errand,差事,NOUN,B2
erratum,errata,勘误,NOUN,B2
fout,error,错误,NOUN,B2
escaleren,to escalate,升级,VERB,B2
roltrap,escalator,自动扶梯,NOUN,B2
ontsnapping,escape,逃跑,NOUN,B2
begeleiden,to escort,护送,VERB,B2
begeleider,escort guard,镖师,NOUN,B2
vooral,especially,尤其,ADV,B2
spionage,espionage,间谍活动,NOUN,B2
essentiële uitrusting,essential equipment,要置,NOUN,B2
essentieel,essentially,主要地,ADV,B2
gevestigd,established,既定的,ADJ,B2
achting,esteem,尊重,NOUN,B2
vervreemding,estrangement,疏离,NOUN,B2
estuarium,estuary,河口,NOUN,B2
eeuwige alliantie,eternal alliance,永结,NOUN,B2
eeuwigheid,eternity,永恒,NOUN,B2
ethereum,ethereum,以太坊,NOUN,B2
ethnografie,ethnography,人种学,NOUN,B2
evacueren,to evacuate,疏散,VERB,B2
evacuatie,evacuation,疏散,NOUN,B2
ontduiken,to evade,逃避,VERB,B2
evalueren,to evaluate,评估,VERB,B2
evaluatie,evaluation,评估,NOUN,B2
verdampen,to evaporate,蒸发,VERB,B2
verdamping,evaporation,蒸发,NOUN,B2
ontwijkend,evasive,回避的,ADJ,B2
gelijk,even,偶数的,ADJ,B2
zelfs als,even if,即使,SCONJ,B2
everen,to ever,里何尝,VERB,B2
elke,every,每个,DET,B2
elke dag,every day,天天,ADV,B2
uitzetting,eviction,驱逐,NOUN,B2
bewijs,evidence,证据,NOUN,B2
evident,evident,明显的,ADJ,B2
kwaad,evil,恶行,NOUN,B2
evolueren,to evolve,进化,VERB,B2
exact,exactly,确切地,ADV,B2
overdreven,exaggerated,夸张的,ADJ,B2
overdrijving,exaggeration,夸张,NOUN,B2
onderzoek,examination,考试,NOUN,B2
onderzoeken,to examine,检查,VERB,B2
exasperatie,exasperation,恼怒,NOUN,B2
uitgraven,to excavate,挖掘,VERB,B2
uitblinken,to excel,擅长,VERB,B2
uitmuntendheid,excellence,卓越,NOUN,B2
excessief,excessive,过度的,ADJ,B2
opwekken,to excite,使兴奋,VERB,B2
opwinding,excitement,兴奋,NOUN,B2
uitroep,exclamation,感叹,NOUN,B2
uitsluiten,to exclude,排除,VERB,B2
uitsluiting,exclusion,排除,NOUN,B2
excommunicatie,excommunication,绝罚,NOUN,B2
uitbeelden,to excoriate,严厉批评,VERB,B2
beul,executioner,刽子手,NOUN,B2
bestuurder,executive,行政主管,NOUN,B2
executor,executor,遗嘱执行人,NOUN,B2
vrijstelling,exemption,豁免,NOUN,B2
uitademen,to exhale,呼气,VERB,B2
uitputting,exhaustion,疲惫,NOUN,B2
tonen,to exhibit,展览,VERB,B2
aansporen,to exhort,劝告,VERB,B2
ontlasten,to exonerate,使无罪,VERB,B2
verwijderen,to expel,开除,VERB,B2
besteden,to expend,花费,VERB,B2
uitgave,expenditure,支出,NOUN,B2
kosten,expense,费用,NOUN,B2
kosten,expenses,费用,NOUN,B2
experimenteel,experimental,实验的,ADJ,B2
expliciet,explicit,明确的,ADJ,B2
exploiteren,to exploit,剥削,VERB,B2
ontdekkingsreiziger,explorer,探险家,NOUN,B2
explosief,explosive,爆炸性的,ADJ,B2
export,export,出口,NOUN,B2
expositie,exposition,阐述,NOUN,B2
uiteenzetten,to expound,阐述,VERB,B2
uitdrukkelijk,expressly,明确地,ADV,B2
onteigenen,to expropriate,征用,VERB,B2
onteigening,expropriation,征用,NOUN,B2
uitzetting,expulsion,驱逐,NOUN,B2
exquise,exquisite,精致的,ADJ,B2
omvang,extent,程度,NOUN,B2
uitroeien,to exterminate,消灭,VERB,B2
uitroeiing,extermination,灭绝,NOUN,B2
blussen,to extinguish,熄灭,VERB,B2
afpersen,to extort,敲诈,VERB,B2
afpersing,extortion,勒索,NOUN,B2
extra,extra,额外的,ADJ,B2
extraheren,to extract,提取,VERB,B2
extractie,extraction,提取,NOUN,B2
uitleveren,to extradite,引渡,VERB,B2
extrapoleren,to extrapolate,推断,VERB,B2
extravagantie,extravagance,奢侈,NOUN,B2
extreem,extreme,أقصى,NOUN,B2
extraversie,extroversion,外向,NOUN,B2
juichen,to exult,狂喜,VERB,B2
jubel,exultation,欢腾,NOUN,B2
wenkbrauw,eyebrow,眉毛,NOUN,B2
wimper,eyelash,睫毛,NOUN,B2
ooglid,eyelid,眼皮,NOUN,B2
ooggetuige,eyewitness,目击,NOUN,B2
fabel,fable,寓言,NOUN,B2
stof,fabric,织物,NOUN,B2
confronteren,to face,面对,VERB,B2
fysiognomie,face reading,面相,NOUN,B2
gezichtsherkenning,face recognition,认人,NOUN,B2
facet,facet,方面,NOUN,B2
faciliteren,to facilitate,促进,VERB,B2
faciliteiten,facilities,设施,NOUN,B2
factie,faction,派,NOUN,B2
vervagen,to fade,褪色,VERB,B2
vervaagd,faded,褪色的,ADJ,B2
mislukte poging,failed bid,流标,NOUN,B2
mislukking,failure,失败,NOUN,B2
flauwvallen,to faint,昏倒,VERB,B2
flauwte,fainting,晕厥,NOUN,B2
eerlijk,fair,公平的,ADJ,B2
fee,fairy,仙女,NOUN,B2
geloof,faith,信仰,NOUN,B2
valk,falcon,猎鹰,NOUN,B2
val,fall,瀑布,NOUN,B2
inslapen,to fall asleep,入睡,VERB,B2
terugvallen,to fall back,回落,VERB,B2
ziek worden,to fall ill,患病,VERB,B2
verliefd worden,to fall in love,坠入爱河,VERB,B2
dwaling,fallacy,谬误,NOUN,B2
onmin,falling out,反目,NOUN,B2
doorval,falling though,虽坠,NOUN,B2
onwaarheid,falsehood,谎言,NOUN,B2
valsheid,falsity,虚假,NOUN,B2
gezinsruïne,family ruin,家破,NOUN,B2
ventilator,fan,粉丝,NOUN,B2
ver,far,远,ADV,B2
landbouw,farming,农业,NOUN,B2
fascineren,to fascinate,使着迷,VERB,B2
vasten,to fast,禁食,VERB,B2
snel,fast quick,快的,ADJ,B2
vasten,fasting,禁食,NOUN,B2
dik,fat,胖的,ADJ,B2
fataal,fatal,致命的,ADJ,B2
vader,father,父,PART,B2
schoonvader,father-in-law,岳父/公公,NOUN,B2
fout,fault,错误,NOUN,B2
bevoordelen,favor,恩惠,NOUN,B2
bevoordelen,to favor,偏袒,VERB,B2
gunstige omstandigheden,favorable circumstances,顺境,NOUN,B2
favoriet,favorite,最喜欢的,ADJ,B2
haalbaarheid,feasibility,可行性,NOUN,B2
voer,feed,饲料,NOUN,B2
kosten,fees,酬金,NOUN,B2
kerel,fellow,家伙,NOUN,B2
misdrijf,felony,重罪,NOUN,B2
vriendin,female friend,女性朋友,NOUN,B2
vrouwelijke familieleden,female relatives,女眷,NOUN,B2
vrouwelijkheid,femininity,女性气质,NOUN,B2
venkel,fennel,茴香,NOUN,B2
fermenteren,to ferment,发酵,VERB,B2
felheid,ferocity,凶猛,NOUN,B2
vruchtbaar,fertile,肥沃的,ADJ,B2
meststof,fertilizer,肥料,NOUN,B2
zweren,to fester,溃烂,VERB,B2
festival,festival,节日,NOUN,B2
foetus,fetus,胎儿,NOUN,B2
vete,feud,世仇,NOUN,B2
feodaal,feudal,封建,ADJ,B2
weinigen,few,几下,NOUN,B2
verloofde,fiance,未婚夫,NOUN,B2
vezel,fiber,纤维,NOUN,B2
fibrose,fibrosis,纤维化,NOUN,B2
fictief,fictional,虚构的,ADJ,B2
felheid,fierceness,凶猛,NOUN,B2
filiaal,filial,孝顺,ADJ,B2
eindstadium,final stage,末期,NOUN,B2
ontdekken,to find out,找出,VERB,B2
beboeten,to fine,罚款,VERB,B2
fijne huid,fine skin,细皮,NOUN,B2
vingerafdruk,fingerprint,指纹,NOUN,B2
afwerking,finishing,装修,NOUN,B2
eindig,finite,有限的,ADJ,B2
rotje,firecracker,鞭炮,NOUN,B2
brandweerman,firefighter,消防员,NOUN,B2
haard,fireplace,壁炉,NOUN,B2
vuurvast,fireproof,防火的,ADJ,B2
brandhout,firewood,木柴,NOUN,B2
stevigheid,firmness,坚定,NOUN,B2
eerste afdekking,first capping,首加缁布冠,NOUN,B2
eerste concept,first draft,初稿,NOUN,B2
eerste verdienste,first merit,首功,NOUN,B2
allereerst,first of all,首先,ADV,B2
vuist,fist,拳头,NOUN,B2
fitness,fitness,健康,NOUN,B2
passend,fitting,合适的,ADJ,B2
repareren,to fix,修理,VERB,B2
flank,flank,侧翼,NOUN,B2
kolf,flask,小瓶,NOUN,B2
vleierij,flattery,奉承,NOUN,B2
smaak,flavor,味道,NOUN,B2
gebrek,flaw,缺陷,NOUN,B2
vluchtig,fleeting,短暂的,ADJ,B2
flexibel,flexible,灵活的,ADJ,B2
flinterdun,flimsy,脆弱的,ADJ,B2
kudde,flock,兽群,NOUN,B2
overstroming,flood,洪水,NOUN,B2
bloem,flour,面粉,NOUN,B2
floreren,to flourish,繁荣,VERB,B2
stroom,flow,流动,NOUN,B2
fluit,flute,长笛,NOUN,B2
fladderen,to flutter,飘动,VERB,B2
schuim,foam,泡沫,NOUN,B2
schuimig,foamy,多泡沫的,ADJ,B2
voeder,fodder,饲料,NOUN,B2
volk,folk,民间的,ADJ,B2
voedsel,foodstuff,食品,NOUN,B2
dommel,fool,傻瓜,NOUN,B2
dom,foolish,愚蠢的,ADJ,B2
voetgangersbrug,footbridge,人行天桥,NOUN,B2
schoeisel,footwear,鞋穿,NOUN,B2
gratis,for free,免费,ADV,B2
verboden,forbidden,被禁止的,ADJ,B2
verboden land,forbidden land,禁地,NOUN,B2
gedwongen,forced,强迫的,ADJ,B2
gedwongen,forcibly,强制地,ADV,B2
voorspelling,forecast,预测,NOUN,B2
voorspellen,to foresee,预见,VERB,B2
vooruitziendheid,foresight,远见,NOUN,B2
falsen,to forge,伪造,VERB,B2
valsheid,forgery,伪造品,NOUN,B2
vergetelachtig,forgetful,健忘的,ADJ,B2
vergeving,forgiveness,宽恕,NOUN,B2
vork,fork,叉子,NOUN,B2
formalisme,formalism,形式主义,NOUN,B2
formaliteit,formality,礼节,NOUN,B2
vesting,fortress,堡垒,NOUN,B2
gelukkig,fortunate,幸运的,ADJ,B2
gelukkig,fortunately,幸运地,ADV,B2
geluk,fortune,运气,NOUN,B2
toekomstvoorspelling,fortune telling,算命,NOUN,B2
forum,forum,论坛,NOUN,B2
fosiel,fossil,化石,NOUN,B2
stichten,to found,创立,VERB,B2
vondeling,foundling,弃婴,NOUN,B2
fontein,fountain,喷泉,NOUN,B2
breukteken,fraction marker,分之,PART,B2
fracture,fracture,骨折,NOUN,B2
fragrance,fragrance,香味,NOUN,B2
frame,frame,框架,NOUN,B2
frame,to frame,装框,VERB,B2
franchise,franchise,特许经营权,NOUN,B2
frank,frank,坦率的,ADJ,B2
frankness,frankness,坦率,NOUN,B2
freak,freak,怪人,NOUN,B2
free,to free,释放,VERB,B2
free time,free time,业余时间,NOUN,B2
freezer,freezer,冰柜,NOUN,B2
freezing,freezing,冻结,NOUN,B2
freezing rain,freezing rain,冻雨,NOUN,B2
frenchman,frenchman,法国人,NOUN,B2
frenzy,frenzy,疯狂,NOUN,B2
freshness,freshness,新鲜,NOUN,B2
friction,friction,摩擦,NOUN,B2
fries,fries,炸薯条,NOUN,B2
frighten,to frighten,使害怕,VERB,B2
fringe,fringe,边缘,NOUN,B2
from childhood,from childhood,从小,ADV,B2
from now on,from now on,今后,ADV,B2
frustrated,frustrated,沮丧的,ADJ,B2
frustrating,frustrating,令人沮丧的,ADJ,B2
fry,to fry,油炸,VERB,B2
frying pan,frying pan,平底锅,NOUN,B2
full moon,full moon,满月,NOUN,B2
full name,full name,大名,NOUN,B2
full power,full power,全力,NOUN,B2
fun,fun,有趣的,ADJ,B2
furniture,furniture,家具,NOUN,B2
further,further,进一步的,ADJ,B2
furthermore,furthermore,此外,ADV,B2
fuse,fuse,保险丝,NOUN,B2
fuselage,fuselage,机身,NOUN,B2
fusie,fusion,融合,NOUN,B2
gadget,gadget,小装置,NOUN,B2
winst,gain,收益,NOUN,B2
stelsel,galaxy,星系,NOUN,B2
galanterie,gallantry,英勇,NOUN,B2
tuinman,gardener,园丁,NOUN,B2
knoflook,garlic,大蒜,NOUN,B2
kledingstuk,garment,服装,NOUN,B2
versieren,to garnish,装饰,VERB,B2
garnizoen,garrison,驻军,NOUN,B2
praterig,garrulous,喋喋不休的,ADJ,B2
gas,gas,气体,NOUN,B2
tankstation,gas station,加油站,NOUN,B2
benzine,gasoline,汽油,NOUN,B2
verzamelen,to gather,聚集,VERB,B2
bijeenkomst,gathering,聚集,NOUN,B2
staren,gaze,目视,NOUN,B2
staren,to gaze,凝视,VERB,B2
versnelling,gear,齿轮,NOUN,B2
genealogie,genealogy,家谱学,NOUN,B2
generaliseren,to generalize,概括,VERB,B2
algemeen,generally,通常,ADV,B2
generator,generator,发电机,NOUN,B2
gul,generous,慷慨的,ADJ,B2
genetisch,genetic,基因的,ADJ,B2
genoom,genome,基因组,NOUN,B2
echt,genuine,真正的,ADJ,B2
geografie,geography,地理,NOUN,B2
geologisch,geological,地质的,ADJ,B2
geopolitiek,geopolitical,地缘政治的,ADJ,B2
kiem,germ,病菌,NOUN,B2
kieming,germination,发芽,NOUN,B2
boos worden,to get angry,生气,VERB,B2
verloren gaan,to get lost,迷路,VERB,B2
afsluiten,to get off work,下班,VERB,B2
loskomen,to get rid of,摆脱,VERB,B2
opstaan,to get up,起床,VERB,B2
Geest,ghost,鬼魂,NOUN,B2
Reus,giant,巨大的,ADJ,B2
Gigolo,gigolo,面首,NOUN,B2
Gember,ginger,姜,NOUN,B2
Giraf,giraffe,长颈鹿,NOUN,B2
teruggeven,to give back,归还,VERB,B2
toekennen,to give to grant,予以,VERB,B2
Gegeven,given,给定,NOUN,B2
Gletsjer,glacier,冰川,NOUN,B2
blij,glad,高兴的,ADJ,B2
gluren,to glance,瞥,VERB,B2
Klier,gland,腺体,NOUN,B2
glijden,to glide,滑行,VERB,B2
aanschouwen,to glimpse,瞥见,VERB,B2
Somberheid,gloominess,忧郁,NOUN,B2
verheerlijken,to glorify,赞美,VERB,B2
glorierijk,glorious,辉煌的,ADJ,B2
Lijm,glue,胶水,NOUN,B2
Gulsheid,gluttony,暴食,NOUN,B2
nagen,to gnaw,啃,VERB,B2
Gnosis,gnosis,灵知,NOUN,B2
terugkeren,to go back,回去,VERB,B2
faillietgaan,to go bankrupt,破产,VERB,B2
dwaasworden,to go crazy,发疯,VERB,B2
neergaan,to go down,下去,VERB,B2
voorgaan,to go first,先去,VERB,B2
Hulp,go help,去帮,NOUN,B2
binnengaan,to go in,进去,VERB,B2
onlinegaan,to go online,上网,VERB,B2
omhooggaan,to go up,上升,VERB,B2
Geit,goat,山羊,NOUN,B2
God,god,上帝,NOUN,B2
oorlogsgod,god of war,战神,NOUN,B2
godin,goddess,女神,NOUN,B2
doopvader,godfather,教父,NOUN,B2
geluk,good luck,好运,NOUN,B2
goede reputatie,good reputation,清誉,NOUN,B2
attractief,good-looking,好看的,ADJ,B2
vaarwel,goodbye,再见,INTJ,B2
gans,goose,鹅,NOUN,B2
prachtig,gorgeous,华丽的,ADJ,B2
roddel,gossip,八卦,NOUN,B2
gourmet,gourmet,美食家,NOUN,B2
bestuur,governance,治理,NOUN,B2
regerings-,governmental,政府的,ADJ,B2
gracieus,graceful,优雅的,ADJ,B2
graad,grade,等级,NOUN,B2
geleidelijk,gradually,逐渐地,ADV,B2
afstuderen,graduate,毕业生,NOUN,B2
afstuderen,to graduate,毕业,VERB,B2
graf,graft,嫁接,NOUN,B2
graan,grain,谷物,NOUN,B2
gram,gram,克,NOUN,B2
grote afstand,grand distance,雄远,NOUN,B2
kleindochter,granddaughter,孙女,NOUN,B2
grandioos,grandiose,浮夸的,ADJ,B2
subsidie,grant,拨款,NOUN,B2
druif,grape,葡萄,NOUN,B2
grijpen,to grasp,抓住,VERB,B2
vastgrijpen,to grasp firmly,抓紧,VERB,B2
weide,grassland,草地,NOUN,B2
dankbaarheid,gratitude,感激,NOUN,B2
zwaartekracht,gravity,重力,NOUN,B2
weiden,to graze,吃草,VERB,B2
weidegang,grazing,放牧,NOUN,B2
vetten,to grease,涂油,VERB,B2
vet,greasy,油腻的,ADJ,B2
grote gunst,great favor,大恩,NOUN,B2
grote belediging,great offense,冒犯大,NOUN,B2
grootheid,greatness,伟大,NOUN,B2
gierig,greedy,贪婪的,ADJ,B2
groen oog,green eye,碧眼,NOUN,B2
groene ogen,green eyes,想碧眼,NOUN,B2
groene technologie,green technology,绿色技术,NOUN,B2
groenoog,green-eyed,让碧眼,NOUN,B2
broeikas,greenhouse,温室,NOUN,B2
grijs,grey,灰色的,ADJ,B2
klacht,grievance,弊端,NOUN,B2
grimmig,grim,严酷的,ADJ,B2
smeer,grime,污垢,NOUN,B2
grijnzen,to grin,咧嘴笑,VERB,B2
grijpen,grip,握法,NOUN,B2
grijpen,to grip,紧握,VERB,B2
kreunen,to groan,呻吟,VERB,B2
bruidegom,groom,新郎,NOUN,B2
terrein,grounds,论据,NOUN,B2
gegrom,growl,低吼,NOUN,B2
wrok,grudge,怨恨,NOUN,B2
mopperen,to grumble,抱怨,VERB,B2
gemopper,grumbling,抱怨,NOUN,B2
garantie,guarantee,保证,NOUN,B2
borg,guarantor,担保人,NOUN,B2
voogd,guardian,守卫,NOUN,B2
voogdij,guardianship,监护,NOUN,B2
gok,guess,猜测,NOUN,B2
schuld,guilt,内疚,NOUN,B2
golf,gulf,海湾,NOUN,B2
slikken,to gulp,吞咽,VERB,B2
tandvlees,gum,牙龈,NOUN,B2
geweer,gun,枪,NOUN,B2
windstoot,gust,阵风,NOUN,B2
gymnasium,gymnasium,体育馆,NOUN,B2
hè,ha,哈,INTJ,B2
gewoonte,habitually in the past,往常,NOUN,B2
handelen,to haggle,讨价还价,VERB,B2
handelen,haggling,计较,NOUN,B2
hagel,hail,冰雹,NOUN,B2
kapsel,hairstyle,发型,NOUN,B2
hal,hall,殿,PART,B2
hallucinatie,hallucination,幻觉,NOUN,B2
stoppen,to halt,停止,VERB,B2
ham,ham,火腿,NOUN,B2
hand,hand,手,NOUN,B2
overhandigen,to hand over,交付,VERB,B2
handtas,handbag,手提包,NOUN,B2
handboei,handcuff,手铐,NOUN,B2
handwerk,handicraft,工艺品,NOUN,B2
zakdoek,handkerchief,手帕,NOUN,B2
afhandelen,handle,把手,NOUN,B2
afhandelen,to handle,处理,VERB,B2
afhandeling,handling,处理,NOUN,B2
overdracht,handover,拿给,NOUN,B2
mooi man,handsome guy,帅哥,NOUN,B2
handschrift,handwriting,笔迹,NOUN,B2
schrijfoefening,handwriting practice,练字,NOUN,B2
plagen,to harass,骚扰,VERB,B2
plagerij,harassment,骚扰,NOUN,B2
haven,harbor,港口,NOUN,B2
moeilijk,hard to choose,难以抉择,ADJ,B2
moeilijk,hard to distinguish,难以区分,ADJ,B2
moeilijk,hard to maintain,难以维持,ADJ,B2
moeilijk,hard to speak of,难以启齿,ADJ,B2
arbeidszaam,hardworking,勤奋的,ADJ,B2
schaden,harm,伤害,NOUN,B2
schaden,to harm,损害,VERB,B2
onschadelijk,harmless,无害的,ADJ,B2
harmonisch,harmonious,和谐的,ADJ,B2
harp,harp,竖琴,NOUN,B2
oogsten,to harvest,收割,VERB,B2
haat,hatred,仇恨,NOUN,B2
hoogmoed,haughtiness,傲慢,NOUN,B2
ongeluk hebben,to have an accident,遭遇意外,VERB,B2
dineren,to have dinner,吃晚餐,VERB,B2
alleen hebben,to have only,唯有,VERB,B2
verplichting,have to,还得,NOUN,B2
hooi,hay,干草,NOUN,B2
hazelnoot,hazelnut,榛子,NOUN,B2
kop,heading,标题,NOUN,B2
hoofdtelefoon,headphones,耳机,NOUN,B2
genezing,healing,治愈,NOUN,B2
hoop,heap,堆,NOUN,B2
zaak horen,to hear a case,审理,VERB,B2
onbekend,heard beile,听说贝勒,NOUN,B2
hartslag,heartbeat,心跳,NOUN,B2
verwarmen,to heat,加热,VERB,B2
hittegolf,heat wave,热浪,NOUN,B2
hemelse geur,heavenly fragrance,天香,NOUN,B2
zwaarte,heaviness,沉重 / 笨重,NOUN,B2
stijve etiquette,heavy etiquette,礼太重,NOUN,B2
zware knoop,heavy knot,重结,NOUN,B2
zware machine,heavy machine,重机,NOUN,B2
dik lettertype,heavy type,重型,NOUN,B2
zwaar werk,heavy work,重功,NOUN,B2
egel,hedgehog,刺猬,NOUN,B2
hehe,hehe,嘿嘿,INTJ,B2
erfgenaam,heir,继承人,NOUN,B2
helpen,to help assistance,帮助,VERB,B2
hulpeloos,helpless,无助的,ADJ,B2
hemoglobine,hemoglobin,血红蛋白,NOUN,B2
bloeding,hemorrhage,出血,NOUN,B2
hen,hen,母鸡,NOUN,B2
kudde,herd,兽群,NOUN,B2
herder,herder,牧民,NOUN,B2
hier,here,此地,NOUN,B2
erfelijk,hereditary,遗传的,ADJ,B2
ketterij,heresy,异端,NOUN,B2
ketter,heretic,异端,NOUN,B2
hermeneutisch,hermeneutic,诠释学的,ADJ,B2
heroïsch,heroic,英勇的,ADJ,B2
aarzelen,to hesitate,犹豫,VERB,B2
aarzeling,hesitation,犹豫,NOUN,B2
heterogeen,heterogeneous,异质的,ADJ,B2
zich verstoppen,to hide oneself,躲藏,VERB,B2
schuilplaats,hideout,藏身处,NOUN,B2
verstop,hiding,ٱختباء,NOUN,B2
hiërarchisch,hierarchical,等级的,ADJ,B2
middelbare school,high school,高中,NOUN,B2
vloed,high tide,涨潮,NOUN,B2
hoger,higher,更高的,ADJ,B2
benadrukken,to highlight,强调,VERB,B2
hoogheid,highness,殿下,NOUN,B2
snelweg,highway,公路,NOUN,B2
wandeling,hiking,徒步,NOUN,B2
heuvel,hills,丘陵,NOUN,B2
heft,hilt,剑柄,NOUN,B2
hem,him,他吧,NOUN,B2
heup,hip,臀部,NOUN,B2
huur,hiring,招聘,NOUN,B2
zijn,his,他的,DET,B2
vertrek,his departure,他走,NOUN,B2
sis,hiss,嘶嘶声,NOUN,B2
historicus,historian,历史学家,NOUN,B2
historisch,historic,历史性的,ADJ,B2
slag,hit,击中,NOUN,B2
hmm,hmm,嗯,INTJ,B2
hobby,hobby,爱好,NOUN,B2
de balans houdend,hold the balance of power,举足轻重,ADJ,B2
heiligheid,holiness,神圣,NOUN,B2
holistisch,holistic,整体的,ADJ,B2
hol,hollow,洼地,NOUN,B2
gezin,home family,家,NOUN,B2
dakloos,homeless,无家可归的,ADJ,B2
moord,homicide,杀人,NOUN,B2
homogeen,homogeneous,同质的,ADJ,B2
homoseksueel,homosexual,同性恋的,ADJ,B2
eerlijk,honestly,诚实地,ADV,B2
huwelijksreis,honeymoon,蜜月,NOUN,B2
toeteren,to honk,按喇叭,VERB,B2
eren,to honor,尊敬,VERB,B2
ere,honorary,名誉的,ADJ,B2
geëerd,honored,尊敬的,ADJ,B2
hopen,to hope to wish,希望,VERB,B2
verschrikken,to horrify,使惊骇,VERB,B2
verschrikkelijk,horrifying,令人毛骨悚然的,ADJ,B2
horror,horror,恐怖,NOUN,B2
paardenvertrek,horse departure,马去,NOUN,B2
gastvrij,hospitable,好客的,ADJ,B2
ontvangen,to host,接待,VERB,B2
gijzelaar,hostage,人质,NOUN,B2
vijandig,hostile,敌对的,ADJ,B2
vijandigheid,hostility,敌意,NOUN,B2
heteluchtballon,hot air balloon,热气球,NOUN,B2
hotel,hotel,酒店,NOUN,B2
hotelkamer,hotel room,酒店房间,NOUN,B2
zweven,to hover,盘旋,VERB,B2
hoe,how,又怎会,NOUN,B2
hoeveel,how much,多少,PRON,B2
huilen,to howl,嚎叫,VERB,B2
knuffelen,to hug,拥抱,VERB,B2
enorm,huge,巨大的,ADJ,B2
hè,huh,哈,INTJ,B2
neuriën,to hum,哼唱,VERB,B2
human capacity,human capacity,人会,NOUN,B2
human nature,human nature,人性,NOUN,B2
humanization,humanization,人性化,NOUN,B2
humidity,humidity,湿度,NOUN,B2
humiliate,to humiliate,羞辱,VERB,B2
humiliation,humiliation,羞辱,NOUN,B2
humility,humility,谦逊,NOUN,B2
hunchbacked,hunchbacked,驼背的,ADJ,B2
hundred,hundred,百,NUM,B2
hungry,hungry,饥饿的,ADJ,B2
hunting,hunting,狩猎,NOUN,B2
hurry,to hurry,赶快,VERB,B2
hurt,to hurt,受伤,VERB,B2
hut,hut,小屋,NOUN,B2
hybrid,hybrid,杂交的,ADJ,B2
hybridization,hybridization,杂交,NOUN,B2
hydro energy,hydro energy,水能,NOUN,B2
hydrogen,hydrogen,氢,NOUN,B2
hygiene,hygiene,卫生,NOUN,B2
hymn,hymn,赞美诗,NOUN,B2
hyper-use,hyper-use,超用,NOUN,B2
hypocrisy,hypocrisy,虚伪,NOUN,B2
hypothermia,hypothermia,体温过低,NOUN,B2
hypothetical,hypothetical,假设的,ADJ,B2
hysterical,hysterical,歇斯底里的,ADJ,B2
i don't deserve your praise,i don't deserve your praise,不敢当,INTJ,B2
ice cream,ice cream,冰淇淋,NOUN,B2
ice hockey,ice hockey,冰球,NOUN,B2
ice rink,ice rink,溜冰场,NOUN,B2
ice-cold,ice-cold,冰冷的,ADJ,B2
icy,icy,冰冷的,ADJ,B2
id,id,证件,NOUN,B2
id card,id card,身份证,NOUN,B2
id photo,id photo,证件照,NOUN,B2
ideal,ideal,理想,NOUN,B2
idealisme,idealism,理想主义,NOUN,B2
idealist,idealist,理想主义者,NOUN,B2
identiek,identical,完全相同的,ADJ,B2
ideologisch,ideological,意识形态的,ADJ,B2
idiotie,idiocy,愚蠢,NOUN,B2
inactief,idle,懒惰的,ADJ,B2
als,if when,如果,SCONJ,B2
ontsteking,ignition,点火,NOUN,B2
onwetendheid,ignorance,无知,NOUN,B2
onwetend,ignorant,无知的,ADJ,B2
ziek,ill,生病的,ADJ,B2
illegaliteit,illegality,非法,NOUN,B2
illegitiem,illegitimate,非法的,ADJ,B2
ziekte,illness,疾病,NOUN,B2
verlichten,to illuminate,照亮,VERB,B2
beeldspraak,imagery,意象,NOUN,B2
denkbeeldig,imaginary,虚构的,ADJ,B2
imiteren,to imitate,模仿,VERB,B2
imitatief,imitative,模仿性,ADJ,B2
onmeetbaar,immeasurable,不可估量的,ADJ,B2
onmiddellijk,immediate,立即的,ADJ,B2
onderdompeling,immersion,沉浸,NOUN,B2
immigrant,immigrant,移民,NOUN,B2
dreigend,imminent,即将来临的,ADJ,B2
onsterfelijkheid,immortality,不朽,NOUN,B2
immuun,immune,免疫的,ADJ,B2
immunisatie,immunization,免疫,NOUN,B2
immunotherapie,immunotherapy,免疫治疗,NOUN,B2
stoornis,impairment,左手废,NOUN,B2
meedelen,to impart,传授,VERB,B2
ongeduldig,impatient,不耐烦的,ADJ,B2
belemmering,impediment,障碍,NOUN,B2
aandrijven,to impel,推动,VERB,B2
ondoordringbaar,impenetrable,不可穿透的,ADJ,B2
gebiedend,imperative,必要的,ADJ,B2
keizerlijk,imperial,帝国的,ADJ,B2
keizerlijk hof,imperial court,朝廷,NOUN,B2
wil van de keizerlijke vader,imperial father's will,父皇要,NOUN,B2
keizerlijke garde,imperial guard,御林,NOUN,B2
keizerlijke verwanten,imperial relatives,皇亲,NOUN,B2
implementatie,implementation,实施,NOUN,B2
impliciteren,to implicate,连累,VERB,B2
impliciet,implicit,含蓄的,ADJ,B2
smeken,to implore,恳求,VERB,B2
onmogelijkheid,impossibility,不可能,NOUN,B2
impressionisme,impressionism,印象主义,NOUN,B2
gevangen zetten,to imprison,监禁,VERB,B2
onjuist,improper,不合适的,ADJ,B2
improviseerd,improvised,即兴的,ADJ,B2
onbeschoftheid,impudence,厚颜无耻,NOUN,B2
onbeschoft,impudent,无礼的,ADJ,B2
impulsief,impulsive,冲动的,ADJ,B2
onreinheid,impurity,不纯,NOUN,B2
in,in,在...里面,ADP,B2
in het geval,in case,如果,SCONJ,B2
in detail,in detail,详细地,ADV,B2
voor,in front of,在……前面,ADP,B2
om,in order to,以期,SCONJ,B2
persoonlijk,in person,亲自地,ADV,B2
ondanks,to in spite of,不顾,VERB,B2
in de lucht,in the sky,天上,NOUN,B2
op tijd,in time,及时地,ADV,B2
tevergeefs,in vain,徒劳,ADV,B2
in de wind,in wind,临风,NOUN,B2
schriftelijk,in writing,书面,NOUN,B2
onvermogen,inability,无能,NOUN,B2
onpasse,inappropriate,不恰当的,ADJ,B2
inwijden,to inaugurate,启用,VERB,B2
inwijding,inauguration,开幕,NOUN,B2
incantatie,incantation,咒语,NOUN,B2
wierook,incense,香,NOUN,B2
incentief,incentive,激励,NOUN,B2
duim,inch,بوصة,NOUN,B2
incident,incident,事件,NOUN,B2
incinereren,to incinerate,焚烧,VERB,B2
opstoken,to incite,煽动,VERB,B2
opstokking,incitement,煽动,NOUN,B2
neiging,inclination,倾向,NOUN,B2
hellen,to incline,使倾斜,VERB,B2
inkomsten en uitgaven,income and expense,收支,NOUN,B2
inkomend,incoming,进来的,ADJ,B2
incompatibiliteit,incompatibility,不兼容,NOUN,B2
onvolledig,incomplete,不完整的,ADJ,B2
onbegrijpelijk,incomprehensible,不可理解的,ADJ,B2
inconsistent,inconsistent,不一致的,ADJ,B2
gestadig stijgen,to increase steadily,与日俱增,VERB,B2
steeds,increasingly,越来越,ADV,B2
incubator,incubator,孵化器,NOUN,B2
schuldenlast,indebtedness,负债,NOUN,B2
onbeslist,indecisive,犹豫不决的,ADJ,B2
onuitwisbaar,indelible,不可磨灭的,ADJ,B2
onbeschrijfelijk,indescribable,难以形容的,ADJ,B2
index,index,索引,NOUN,B2
indicator,indicator,指标,NOUN,B2
onverschillig,indifferent,冷漠的,ADJ,B2
inheems,indigenous,本土的,ADJ,B2
dyspepsie,indigestion,消化不良,NOUN,B2
ontsteld,indignant,愤慨的,ADJ,B2
ontsteltenis,indignation,愤慨,NOUN,B2
onmisbaar,indispensable,不可或缺的,ADJ,B2
individuele opdracht,individual assignment,个人作业,NOUN,B2
individualisme,individualism,个人主义,NOUN,B2
induceren,to induce,引起,VERB,B2
keten,industry chain,产业链,NOUN,B2
inefficiënt,inefficient,低效的,ADJ,B2
ongelijkheid,inequality,不平等,NOUN,B2
onervaren,inexperienced,生疏的,ADJ,B2
verliefdheid,infatuation,迷恋,NOUN,B2
afleiden,to infer,推断,VERB,B2
gevolgtrekking,inference,推断,NOUN,B2
oneindig,infinite,无限的,ADJ,B2
opblazen,to inflate,使膨胀,VERB,B2
influencer,influencer,网红,NOUN,B2
informeel,informal,非正式的,ADJ,B2
informant,informant,线人,NOUN,B2
schenden,to infringe,侵犯,VERB,B2
vindingrijk,ingenious,灵巧的,ADJ,B2
innemen,to ingest,服用,VERB,B2
bewonen,to inhabit,居住,VERB,B2
bewoner,inhabitant,居民,NOUN,B2
inademen,to inhale,吸入,VERB,B2
inherent,inherent,固有的,ADJ,B2
erven,to inherit,继承,VERB,B2
erfenis,inheritance,遗产,NOUN,B2
remmen,to inhibit,抑制,VERB,B2
aanvankelijk,initially,首先,ADV,B2
injecteren,to inject,注射,VERB,B2
injectie,injection,注射,NOUN,B2
verwonden,to injure,使受伤,VERB,B2
herberg,inn,小旅馆,NOUN,B2
aangeboren,innate,天生的,ADJ,B2
innerlijk,inner,内部的,ADJ,B2
binnenhof,inner court,朝内,NOUN,B2
onschuld,innocence,无辜,NOUN,B2
informeren,to inquire,询问,VERB,B2
onderzoek,inquiry,调查,NOUN,B2
insect,insect,昆虫,NOUN,B2
insecticide,insecticide,杀虫剂,NOUN,B2
onveilig,insecure,不安全的,ADJ,B2
onafscheidelijk,inseparable,不可分割的,ADJ,B2
invoegen,to insert,插入,VERB,B2
binnen,inside,在里面,ADV,B2
binnenstad,inside city,城内,NOUN,B2
achtergrondverhaal,inside story,内幕,NOUN,B2
binnenstaander,insider,知情者,NOUN,B2
voortvarend,insidious,潜伏的,ADJ,B2
onbeduidend,insignificant,微不足道的,ADJ,B2
aanhouden,to insist,坚持,VERB,B2
aanhouden,insistence,坚持,NOUN,B2
onbeschoftheid,insolence,无礼,NOUN,B2
onbeschoft,insolent,傲慢的,ADJ,B2
insolventie,insolvency,无偿付能力,NOUN,B2
slaapeloosheid,insomnia,失眠,NOUN,B2
inspecteren,to inspect,检查,VERB,B2
termijn,installment,分期付款,NOUN,B2
ogenblik,instant,فور,NOUN,B2
in plaats daarvan,instead,代替,ADV,B2
integendeel,instead on the contrary,反而,ADV,B2
institutioneel,institutional,机构的,ADJ,B2
instructeren,to instruct,指导,VERB,B2
isolatie,insulation,绝缘,NOUN,B2
beledigen,insult,辱骂,NOUN,B2
beledigen,to insult,侮辱,VERB,B2
onoverkomelijk,insurmountable,不可逾越的,ADJ,B2
opstand,insurrection,起义,NOUN,B2
onbeschadigd,intact,完好无损的,ADJ,B2
intelligent,intelligent,聪明的,ADJ,B2
voornemen,to intend,打算,VERB,B2
intensiteit,intensity,强度,NOUN,B2
intentie,intent,意图,NOUN,B2
opzettelijk,intentional,故意的,ADJ,B2
intercepteren,to intercept,拦截,VERB,B2
geslachtsgemeenschap,intercourse,性交,NOUN,B2
interface,interface,接口,NOUN,B2
tussenpersoon,intermediary,中间人,NOUN,B2
intermittent,intermittent,间歇的,ADJ,B2
internal force,internal force,内力,NOUN,B2
international student,international student,留学生,NOUN,B2
internet,internet,互联网,NOUN,B2
interpreter,interpreter,口译员,NOUN,B2
interrogation,interrogation,审问,NOUN,B2
interrupt,to interrupt,打断,VERB,B2
interview,interview,面试,NOUN,B2
interview,to interview,采访,VERB,B2
intestine,intestine,肠,NOUN,B2
intimate,intimate,亲密的,ADJ,B2
intimidation,intimidation,恐吓,NOUN,B2
intonation,intonation,语调,NOUN,B2
intractable,intractable,难处理的,ADJ,B2
intrepid,intrepid,无畏的,ADJ,B2
intrinsic,intrinsic,固有的,ADJ,B2
introverted,introverted,内向的,ADJ,B2
intruder,intruder,入侵者,NOUN,B2
intrusion,intrusion,闯入,NOUN,B2
invade,to invade,入侵,VERB,B2
invention,invention,发明,NOUN,B2
inventor,inventor,发明家,NOUN,B2
investigator,investigator,调查员,NOUN,B2
invoice,invoice,发票,NOUN,B2
irascibility,irascibility,易怒,NOUN,B2
irascible,irascible,易怒的,ADJ,B2
ironic,ironic,讽刺的,ADJ,B2
irreconcilable,irreconcilable,不可调和的,ADJ,B2
irrefutable,irrefutable,无可辩驳的,ADJ,B2
irrelevant,irrelevant,不相关的,ADJ,B2
irreplaceable,irreplaceable,不可替代的,ADJ,B2
irreproachable,irreproachable,无可指责的,ADJ,B2
irresistible,irresistible,不可抗拒的,ADJ,B2
irresponsible,irresponsible,不负责任的,ADJ,B2
irreversible,irreversible,不可逆转的,ADJ,B2
irrigatiekanaal,irrigation canal,灌溉渠,NOUN,B2
irriteren,to irritate,激怒,VERB,B2
irritatie,irritation,刺激,NOUN,B2
isotoop,isotope,同位素,NOUN,B2
Italiaan,italian,意大利人,NOUN,B2
jeukken,itch,痒,NOUN,B2
jeukken,to itch,发痒,VERB,B2
jeuk,itching,瘙痒,NOUN,B2
detail,its details,其详,NOUN,B2
jade,jade,这玉,NOUN,B2
jadewerk,jade ware,玉器,NOUN,B2
jam,jam,果酱,NOUN,B2
Japanner,japanese,日本人,NOUN,B2
pot,jar,广口瓶,NOUN,B2
jargon,jargon,行话,NOUN,B2
geelzucht,jaundice,黄疸,NOUN,B2
kaak,jaw,下巴,NOUN,B2
jaloersheid,jealousy,嫉妒,NOUN,B2
juweel,jewel,宝石,NOUN,B2
jianghu,jianghu,江湖,NOUN,B2
jiaolong,jiaolong,娇龙,NOUN,B2
jin,jin,斤,NOUN,B2
toetreden,to join,加入,VERB,B2
gemeenschappelijk eigendom,joint ownership,共有,NOUN,B2
grappen,to joke,开玩笑,VERB,B2
journalist,journalist,记者,NOUN,B2
reis,journey,旅程,NOUN,B2
blij,joyful,快乐的,ADJ,B2
jubileum,jubilee,禧年,NOUN,B2
gerechtelijk,judicial,司法的,ADJ,B2
gerechtswezen,judiciary,司法官,NOUN,B2
jungle,jungle,丛林,NOUN,B2
jurisdictie,jurisdiction,管辖权,NOUN,B2
rechtsgebied,jurisdiction area,辖区,NOUN,B2
jurylid,juror,陪审员,NOUN,B2
zoals in het verleden,just as in the past,一如既往,ADV,B2
juist,just right,恰到好处,ADV,B2
rechtvaardigen,to justify,证明...正当,VERB,B2
karate,karate,空手道,NOUN,B2
ketel,kettle,水壶,NOUN,B2
kind,kid,小孩,NOUN,B2
nier,kidney,肾脏,NOUN,B2
twee vliegen in één klap,kill two birds with one stone,一举两得,ADJ,B2
moordenaar,killer,杀手,NOUN,B2
kilogram,kilogram,千克,NOUN,B2
kilometer,kilometer,公里,NOUN,B2
vriendelijk,kind,仁慈的,ADJ,B2
vriendelijkheid,kindness,仁慈,NOUN,B2
kinetisch,kinetic,运动的,ADJ,B2
verwantschap,kinship,亲属关系,NOUN,B2
vlieger,kite,风筝,NOUN,B2
knoop,knot,结,NOUN,B2
herkennen,to know to recognize,认识,VERB,B2
ontbreken,to lack,缺乏,VERB,B2
laconisch,laconic,简洁的,ADJ,B2
lam,lamb,羔羊,NOUN,B2
land,land,土地,NOUN,B2
landing,landing,着陆,NOUN,B2
verhuurder,landlord,房东,NOUN,B2
aardverschuiving,landslide,滑坡,NOUN,B2
strook,lane,小巷,NOUN,B2
ronde,lap,大腿部,NOUN,B2
strottenhoofd,larynx,喉,NOUN,B2
eindelijk,last,最后,ADV,B2
duren,to last a period of time,为期,VERB,B2
vorig jaar,last year,去年,NOUN,B2
vertraging,late,晚,ADV,B2
later,later,后来,ADV,B2
gelach,laughter,笑声,NOUN,B2
laundry,laundry,洗衣,NOUN,B2
laundry room,laundry room,洗衣房,NOUN,B2
lava,lava,熔岩,NOUN,B2
law enforcement,law enforcement,执法,NOUN,B2
lawful,lawful,合法的,ADJ,B2
lawn,lawn,草坪,NOUN,B2
lawsuit,lawsuit,诉讼,NOUN,B2
lax,lax,松懈的,ADJ,B2
layoff,layoff,解雇,NOUN,B2
laziness,laziness,懒惰,NOUN,B2
lead thousand,lead thousand,率千,NOUN,B2
lead to,to lead to,通向,VERB,B2
leaflet,leaflet,传单,NOUN,B2
leak,to leak,泄漏,VERB,B2
lean,to lean,倾斜,VERB,B2
leap,leap,跳跃,NOUN,B2
learning,learning,学习,NOUN,B2
lease,lease,租约,NOUN,B2
leather,leather,皮革,NOUN,B2
leave out,to leave out,省略,VERB,B2
lecture,to lecture,教导,VERB,B2
left,left,左边,ADV,B2
left side,left side,左侧,NOUN,B2
legacy,legacy,遗产,NOUN,B2
legality,legality,合法性,NOUN,B2
legally,legally,合法地,ADV,B2
legitimacy,legitimacy,合法性,NOUN,B2
leisure,leisure,闲暇,NOUN,B2
lemon,lemon,柠檬,NOUN,B2
lend,to lend,借出,VERB,B2
leniency,leniency,宽厚,NOUN,B2
lenient,lenient,宽大的,ADJ,B2
lest,lest,唯恐,SCONJ,B2
let,let,让,AUX,B2
laat staan,let alone,别说,ADV,B2
lexicologie,lexicology,词汇学,NOUN,B2
aansprakelijkheid,liability,责任,NOUN,B2
liaison,liaison,联络,NOUN,B2
leugenaar,liar,骗子,NOUN,B2
liberalisme,liberalism,自由主义,NOUN,B2
liberalisering,liberalization,自由化,NOUN,B2
kentekenplaatbeperking,license plate restriction,限号,NOUN,B2
ontucht,licentiousness,放荡,NOUN,B2
likken,to lick,舔,VERB,B2
lid,lid,盖子,NOUN,B2
neerliggen,to lie down,躺,VERB,B2
leven,life,生命,NOUN,B2
leven en dood,life and death,生死,NOUN,B2
levenslange gevangenisstraf,life imprisonment,无期徒刑,NOUN,B2
levenslange straf,life retribution,偿命,NOUN,B2
leven en dood,life-and-death,决生,NOUN,B2
levensduur,lifetime,一生,NOUN,B2
optillen,to lift,举起,VERB,B2
aansteker,lighter,打火机,NOUN,B2
vuurtoren,lighthouse,灯塔,NOUN,B2
lichtheid,lightness,轻盈,NOUN,B2
als,like,像,ADP,B2
gelijkenis,likeness,就象,NOUN,B2
evenzo,likewise,同样地,ADV,B2
limoen,lime,石灰,NOUN,B2
hinkelen,to limp,跛行,VERB,B2
opstellen,to line up,排成一行,VERB,B2
stam,lineage,血统,NOUN,B2
linnen,linen,线麻,NOUN,B2
taalkunde,linguistics,语言学,NOUN,B2
lip,lip,嘴唇,NOUN,B2
lippenstift,lipstick,口红,NOUN,B2
liquidatie,liquidation,清算,NOUN,B2
liquiditeit,liquidity,流动性,NOUN,B2
likeur,liquor,烈酒,NOUN,B2
opsommen,to list,列举,VERB,B2
aandachtig luisteren,to listen attentively,倾听,VERB,B2
liter,liter,升,NOUN,B2
procespartij,litigant,诉讼当事人,NOUN,B2
elfje,little eleven,小十一,NOUN,B2
negentje,little nine,小九,NOUN,B2
vee,livestock,家畜,NOUN,B2
brood,loaf,一条面包,NOUN,B2
kreeft,lobster,龙虾,NOUN,B2
lokaliseren,to locate,定位,VERB,B2
vergrendelen,to lock,锁上,VERB,B2
afsluiten,to lockdown,封城,VERB,B2
kleedkamer,locker room,更衣室,NOUN,B2
onderdak,lodging,住宿,NOUN,B2
verheven,lofty,崇高的,ADJ,B2
houtblok,log,日志,NOUN,B2
lange tijd,long time,长时间,ADV,B2
touringcar,long-distance bus,长途车,NOUN,B2
verlangen,longing,渴望,NOUN,B2
zorgen voor,to look after,照料,VERB,B2
kijk naar jou,look at you,你看你,NOUN,B2
neerkijken op,to look down upon,看不起,VERB,B2
zoeken,to look for,寻找,VERB,B2
zoeken om te vinden,to look for to find,找,VERB,B2
uitkijk,lookout,瞭望,NOUN,B2
achterdeur,loophole,漏洞,NOUN,B2
losmaken,to loosen,放松,VERB,B2
heer,lord,领主,NOUN,B2
heer Yu,lord yu,玉大人,NOUN,B2
woorden van de heer,lord's words,主说,NOUN,B2
verlies,lose,上丢,NOUN,B2
loterij,lottery,彩票,NOUN,B2
lounge,lounge,休息室,NOUN,B2
waardeloos,lousy,糟糕的,ADJ,B2
liefhebben,to love,爱,VERB,B2
minnaar,lover,爱人,NOUN,B2
laagwater,low tide,退潮,NOUN,B2
loyaliteit,loyalty,忠诚,NOUN,B2
geluk,luck,运气,NOUN,B2
gelukkig,lucky,幸运的,ADJ,B2
geluksstreep,lucky chance,虽侥,NOUN,B2
klomp,lump,块,NOUN,B2
lunch,lunch,午餐,NOUN,B2
aas,lure,诱惑,NOUN,B2
glans,luster,光泽,NOUN,B2
lymf,lymph,淋巴,NOUN,B2
tekst,lyrics,歌词,NOUN,B2
gek,madman,疯子,NOUN,B2
goochelaar,magician,魔术师,NOUN,B2
magneet,magnet,磁铁,NOUN,B2
vergroten,to magnify,放大,VERB,B2
meid,maid,女仆,NOUN,B2
maagd,maiden,少女,NOUN,B2
meid,maidservant,女仆,NOUN,B2
brievenbus,mailbox,邮箱,NOUN,B2
hoofdstroom,mainstream,主流,NOUN,B2
majesteit,majesty,陛下,NOUN,B2
hoofdvak,major course,专业课,NOUN,B2
fout maken,to make a mistake,弄错,VERB,B2
toespraak houden,to make a speech,发言,VERB,B2
toegeven,to make do,做,VERB,B2
fout,make mistake,犯错,NOUN,B2
geluid maken,to make noise,闹得,VERB,B2
zeker weten,to make sure,确保,VERB,B2
vergoeden,to make up for,弥补,VERB,B2
make-up,makeup,化妆品,NOUN,B2
ziekte,malady,弊病,NOUN,B2
boosheid,malice,恶意,NOUN,B2
man,man,男人,NOUN,B2
beheren,to manage,管理,VERB,B2
manager,manager,经理,NOUN,B2
mandaat,mandate,命令,NOUN,B2
manoeuvre,maneuver,策略,NOUN,B2
manipulatie,manipulation,操纵,NOUN,B2
landgoed,manor,庄园,NOUN,B2
landhuis,mansion,豪宅,NOUN,B2
manuscript,manuscript,手稿,NOUN,B2
velen,many,许多,ADJ,B2
vaak,many times,多次,ADV,B2
kaart,map,地图,NOUN,B2
marathon,marathon,马拉松,NOUN,B2
marge,margin,边缘,NOUN,B2
marginalisatie,marginalization,边缘化,NOUN,B2
marineren,to marinate,腌制,VERB,B2
markeren,mark,标记,NOUN,B2
markeren,to mark,标记,VERB,B2
marketing,marketing,营销,NOUN,B2
huwelijksalliantie,marriage alliance,联姻,NOUN,B2
huwbaar,marriageable,适婚,NOUN,B2
martelaarschap,martyrdom,殉难,NOUN,B2
verwonderen,to marvel,使惊奇,VERB,B2
beheersen,to master,掌握,VERB,B2
masterdiploma,master's degree,硕士学位,NOUN,B2
meesterwoord,master's word,爷说,NOUN,B2
meesterwerk,masterpiece,杰作,NOUN,B2
meesterschap,mastery,精通,NOUN,B2
passen,to match,相配,VERB,B2
passend,matching,配套,ADJ,B2
matchtijd,matching time,对时,NOUN,B2
koppelaar,matchmaker,媒,NOUN,B2
materialisme,materialism,唯物主义,NOUN,B2
tante,maternal aunt,姨母,NOUN,B2
oom,maternal uncle,舅舅,NOUN,B2
wiskunde,math,数学,NOUN,B2
wiskundig,mathematical,数学的,ADJ,B2
matrix,matrix,矩阵,NOUN,B2
matras,mattress,床垫,NOUN,B2
rijp,mature,成熟的,ADJ,B2
rijpheid,maturity,成熟,NOUN,B2
stelregel,maxim,格言,NOUN,B2
ik,me,لي,NOUN,B2
weide,meadow,草地,NOUN,B2
tussentijd,meantime,同时,NOUN,B2
boek,measure word for books,本,NUM,B2
mechanisme,mechanism,机制,NOUN,B2
mechanistisch,mechanistic,机制性,ADJ,B2
media,media,媒体,NOUN,B2
mediaan,median,中位数,NOUN,B2
bemiddelen,to mediate,调解,VERB,B2
bemiddeling,mediation,调解,NOUN,B2
medisch dossier,medical record,病历,NOUN,B2
middelmatig,mediocre,平庸的,ADJ,B2
meditatie,meditation,冥想,NOUN,B2
medium,medium,媒介,NOUN,B2
melancholie,melancholy,忧郁,ADJ,B2
melodie,melody,旋律,NOUN,B2
meloen betasten,melon groping,摸瓜,NOUN,B2
smelten,to melt,融化,VERB,B2
memorandum,memorandum,备忘录,NOUN,B2
gedenkteken,memorial,纪念碑,NOUN,B2
memorisatie,memorization,记忆,NOUN,B2
repareren,to mend,修补,VERB,B2
mentor,mentor,导师,NOUN,B2
menu,menu,菜单,NOUN,B2
handelaar,merchant,商人,NOUN,B2
kwik,mercury,汞,NOUN,B2
genade,mercy,仁慈,NOUN,B2
samenvoegen,merge,合并,NOUN,B2
samenvoegen,to merge,合并,VERB,B2
verdienste,merit,功绩,NOUN,B2
meritocratie,meritocracy,精英管理,NOUN,B2
zeemeermin,mermaid,美人鱼,NOUN,B2
boodschapper,messenger,信使,NOUN,B2
rommelig,messy,混乱的,ADJ,B2
metabolisme,metabolism,新陈代谢,NOUN,B2
metafysica,metaphysics,形而上学,NOUN,B2
methodologie,methodology,方法论,NOUN,B2
nauwkeurig,meticulous,一丝不苟的,ADJ,B2
metonymie,metonymy,转喻,NOUN,B2
microscoop,microscope,显微镜,NOUN,B2
midden,middle,中间,NOUN,B2
midden,midst,中间,NOUN,B2
macht,might,威力,NOUN,B2
migraine,migraine,偏头痛,NOUN,B2
migreren,to migrate,迁移,VERB,B2
leger,military,军队,NOUN,B2
militaire inlichtingendienst,military intelligence,军情,NOUN,B2
militaire orde,military order,军令,NOUN,B2
militaire macht,military power,兵权,NOUN,B2
militie,militia,民兵,NOUN,B2
millennium,millennium,千年,NOUN,B2
miljoen,million,百万,NOUN,B2
letten,to mind,介意,VERB,B2
minister,minister,部长,NOUN,B2
bijvak,minor course,辅修课,NOUN,B2
munt,mint,薄荷,NOUN,B2
verduistering,misappropriation,挪用,NOUN,B2
ellendig,miserable,痛苦的,ADJ,B2
ongeluk,misfortune,不幸,NOUN,B2
misleiden,to mislead,误导,VERB,B2
mejuffrouw,miss,小姐,NOUN,B2
mist,mist,薄雾,NOUN,B2
vergissen,to mistake,弄错,VERB,B2
minnares,mistress,情妇,NOUN,B2
misverstaan,to misunderstand,误解,VERB,B2
misverstand,misunderstanding,误解,NOUN,B2
mengsel,mixture,混合物,NOUN,B2
kreunen,moan,呻吟,NOUN,B2
kreunen,to moan,呻吟,VERB,B2
mobiele betaling,mobile payment,移动支付,NOUN,B2
mobilisatie,mobilization,动员,NOUN,B2
modus,mode,方式,NOUN,B2
model,model,模型,NOUN,B2
modellering,modeling,造型,NOUN,B2
matige regen,moderate rain,中雨,NOUN,B2
matiging,moderation,克制,NOUN,B2
modernisering,modernization,现代化,NOUN,B2
bescheidenheid,modesty,谦虚,NOUN,B2
modificatie,modification,修改,NOUN,B2
aangepast effect,modified effect,改效,NOUN,B2
aangepast model,modified model,改模,NOUN,B2
aangepast geluid,modified sound,改响,NOUN,B2
aangepast systeem,modified system,改系,NOUN,B2
aanpassen,to modify,修改,VERB,B2
vochtig,moist,潮湿的,ADJ,B2
schimmel,mold,鞋楦,NOUN,B2
molecuul,molecule,分子,NOUN,B2
momentum,momentum,势头,NOUN,B2
controlekamer,monitoring room,监控室,NOUN,B2
monopolie,monopoly,垄断,NOUN,B2
monster,monster,怪物,NOUN,B2
maanmaand,month moon,月,NOUN,B2
maandelijks,monthly,每月的,ADJ,B2
maandelijks examen,monthly exam,月考,NOUN,B2
monument,monument,纪念碑,NOUN,B2
maankoek,mooncake,月饼,NOUN,B2
moraal,moral,道德,NOUN,B2
moraal,morals,道德,NOUN,B2
meer,more,更多,ADJ,B2
bovendien,moreover,而且,CCONJ,B2
ochtendkrant,morning newspaper,晨报,NOUN,B2
morfologie,morphology,形态学,NOUN,B2
hypothekeren,to mortgage,抵押,VERB,B2
mozaïek,mosaic,马赛克,NOUN,B2
mug,mosquito,蚊子,NOUN,B2
mos,moss,苔藓,NOUN,B2
meest,most,大多数,ADJ,B2
voornamelijk,mostly,主要地,ADV,B2
moeder,mother,娘,PART,B2
moederlijke geruststelling,mother's reassurance,娘放心,NOUN,B2
schoonmoeder,mother-in-law,岳母,NOUN,B2
motief,motive,动机,NOUN,B2
motor,motor,发动机,NOUN,B2
motorfiets,motorcycle,摩托车,NOUN,B2
camper,motorhome,露营车,NOUN,B2
bergafdaling,mountain descent,下山,NOUN,B2
bergketen,mountain range,山脉,NOUN,B2
mondvol,mouthful,一口,NOUN,B2
verhuizing,move,搬家,NOUN,B2
opzijgaan,to move aside,移开,VERB,B2
intrekken,to move in,搬入,VERB,B2
film,movie,电影,NOUN,B2
meneer,mr.,先生,NOUN,B2
MRI-scan,mri,核磁共振,NOUN,B2
veel,much,多,DET,B2
slijm,mucus,黏液,NOUN,B2
modder,mud,泥,NOUN,B2
verward,muddled,混乱的,ADJ,B2
vermenigvuldigen,to multiply,乘；增加,VERB,B2
moordwapen,murder weapon,凶器,NOUN,B2
murmur,murmur,低语,NOUN,B2
muscle pain,muscle pain,肌肉痛,NOUN,B2
museum,museum,博物馆,NOUN,B2
mushroom,mushroom,蘑菇,NOUN,B2
musical score,musical score,乐谱,NOUN,B2
mutation,mutation,突变,NOUN,B2
mute,mute,沉默的；哑的,ADJ,B2
mutter,to mutter,嘟囔,VERB,B2
mutton,mutton,羊肉,NOUN,B2
mutual aid,mutual aid,互助,NOUN,B2
mutual generation,mutual generation,相生,NOUN,B2
mutual insurance,mutual insurance,互助保险,NOUN,B2
mutual restriction,mutual restriction,相克,NOUN,B2
mutually,mutually,相互地,ADV,B2
my big one,my big one,我偌大,NOUN,B2
my place,my place,我处,NOUN,B2
my residence,my residence,我府,NOUN,B2
myself,myself,我自,NOUN,B2
mythology,mythology,神话学,NOUN,B2
naivety,naivety,天真,NOUN,B2
nanny,nanny,保姆,NOUN,B2
nanotechnology,nanotechnology,纳米技术,NOUN,B2
nap,nap,午睡,NOUN,B2
napkin,napkin,餐巾,NOUN,B2
narcissism,narcissism,自恋,NOUN,B2
narrate,to narrate,叙述,VERB,B2
narrative,narrative,叙述；故事,NOUN,B2
narrator,narrator,叙述者,NOUN,B2
narrowness,narrowness,狭窄,NOUN,B2
nationalism,nationalism,民族主义,NOUN,B2
nationalization,nationalization,国有化,NOUN,B2
nationalize,to nationalize,国有化,VERB,B2
natural,natural,自然的,ADJ,B2
navigation,navigation,导航；航行,NOUN,B2
nazi,nazi,纳粹分子,NOUN,B2
near,near,近,ADJ,B2
nearby,nearby,附近,NOUN,B2
nearly,nearly,几乎,ADV,B2
nebula,nebula,星云,NOUN,B2
necessarily,necessarily,必然地,ADV,B2
necklace,necklace,项链,NOUN,B2
need,need,需要,AUX,B2
negate,to negate,否定,VERB,B2
negation,negation,否定,NOUN,B2
neglect,to neglect,忽视,VERB,B2
negligence,negligence,疏忽；过失,NOUN,B2
negligent,negligent,疏忽的,ADJ,B2
negligible,negligible,微不足道的,ADJ,B2
negligible not,negligible not,不可忽视,ADJ,B2
negotiations,negotiations,谈判,NOUN,B2
neigh,to neigh,嘶鸣,VERB,B2
neighboring,neighboring,邻近的,ADJ,B2
neither,neither,也不,CCONJ,B2
nephew,nephew,侄子,NOUN,B2
nerve,nerve,神经,NOUN,B2
nervousness,nervousness,紧张,NOUN,B2
net,net,网,NOUN,B2
neurosis,neurosis,神经症,NOUN,B2
neutrality,neutrality,中立,NOUN,B2
new year's day,new year's day,元旦,NOUN,B2
next,next,接下来,ADV,B2
next door,next door,隔壁,NOUN,B2
nibble,to nibble,啃,VERB,B2
night view,night view,夜景,NOUN,B2
nightclub,nightclub,夜总会,NOUN,B2
nightingale,nightingale,夜莺,NOUN,B2
nihilism,nihilism,虚无主义,NOUN,B2
no,no,不,ADV,B2
no harm,no harm,没事吧,NOUN,B2
niet meer,no longer,不再,ADV,B2
ongeacht,no matter,不论,CCONJ,B2
niet nodig,no need,不用,AUX,B2
edelman,nobleman,贵族,NOUN,B2
niemand,nobody,没有人,PRON,B2
nachtelijk,nocturnal,夜间的,ADJ,B2
nicken,to nod,点头,VERB,B2
nomadisme,nomadism,游牧生活,NOUN,B2
nominatie,nomination,提名,NOUN,B2
onvermogen,non-ability,非能,NOUN,B2
niet-abstractie,non-abstraction,非抽,NOUN,B2
niet-handelen,non-action,非作,NOUN,B2
niet-bijstand,non-assistance,勿助,NOUN,B2
ongeloof,non-belief,非信,NOUN,B2
niet-begrip,non-concept,非概,NOUN,B2
niet-constructie,non-construction,非建,NOUN,B2
niet-contingent,non-contingent,非偶,NOUN,B2
niet-bewijs,non-evidence,非据,NOUN,B2
niet-inductie,non-induction,非归,NOUN,B2
niet-inferentie,non-inference,非推,NOUN,B2
niet-niveau,non-level,非级,NOUN,B2
niet-beheer,non-management,管不,NOUN,B2
niet-verdienste,non-merit,非功,NOUN,B2
niet-geest,non-mind,非心,NOUN,B2
niet-model,non-model,非模,NOUN,B2
niet-baan,non-orbit,非轨,NOUN,B2
niet-orde,non-order,非序,NOUN,B2
niet-schaduw,non-shadow,非影,NOUN,B2
niet-geluid,non-sound,非响,NOUN,B2
niet-specifiek,non-specific,非殊,NOUN,B2
niet-staat,non-state,非态,NOUN,B2
niet-strategie,non-strategy,非略,NOUN,B2
niet-stof,non-substance,非质,NOUN,B2
niet-gedachte,non-thought,非念,NOUN,B2
niet-spoor,non-trace,非迹,NOUN,B2
non-war,non-war,非战,NOUN,B2
noncompliant,noncompliant,违规,ADJ,B2
none,none,没有一个,DET,B2
noon,noon,正午,NOUN,B2
nope,nope,不,INTJ,B2
norm,norm,规范,NOUN,B2
normally,normally,通常地,ADV,B2
not,not,不,PART,B2
not about,to not about,不关,VERB,B2
not allow,not allow,不许,AUX,B2
not allowed,not allowed,不准,ADJ,B2
not come,to not come,不来,VERB,B2
not have,to not have,没,VERB,B2
not only,not only,不光,CCONJ,B2
notable,notable,显著的,ADJ,B2
notarization,notarization,公证,NOUN,B2
notebook,notebook,笔记本,NOUN,B2
notify,to notify,通知,VERB,B2
notorious,notorious,臭名昭著的,ADJ,B2
noumenon,noumenon,本体,NOUN,B2
novelistic,novelistic,小说般的,ADJ,B2
november,november,十一月,NOUN,B2
nullity,nullity,无效；无能,NOUN,B2
number two,number two,二号,NOUN,B2
nursery,nursery,托儿所,NOUN,B2
nurture,to nurture,养育,VERB,B2
nurturing,nurturing,养好,NOUN,B2
oar,oar,桨,NOUN,B2
oasis,oasis,绿洲,NOUN,B2
obedient,obedient,顺从的,ADJ,B2
obesity,obesity,肥胖,NOUN,B2
obey,to obey,服从,VERB,B2
objectivity,objectivity,客观性,NOUN,B2
obscene,obscene,淫秽的,ADJ,B2
obscurantisme,obscurantism,蒙昧主义,NOUN,B2
waarneming,observation,观察,NOUN,B2
observatorium,observatory,天文台,NOUN,B2
waarnemer,observer,观察者,NOUN,B2
geobsedeerd,obsessed,着迷的,ADJ,B2
obsessie,obsession,痴迷,NOUN,B2
verouderd,obsolete,过时的,ADJ,B2
obstakel,obstacle,障碍,NOUN,B2
koppig,obstinate,固执的,ADJ,B2
belemmeren,to obstruct,阻碍,VERB,B2
obstructie,obstruction,阻塞,NOUN,B2
uiteraard,obviously,显然,ADV,B2
soms,occasionally,偶尔,ADV,B2
gebeurtenis,occurrence,发生,NOUN,B2
vreemd,odd,奇怪的,ADJ,B2
van,of,之,PART,B2
terreinwagen,off-road vehicle,越野车,NOUN,B2
offer,offering,祭品,NOUN,B2
functionaris,official,官员,NOUN,B2
officieel,officially,正式地,ADV,B2
functionarissen,officials,官员,NOUN,B2
oh,oh,哇,PART,B2
o mijn god,oh my god,我的天,INTJ,B2
zalf,ointment,药膏,NOUN,B2
ouderdom,old age,老年,NOUN,B2
oude man,old man,老人,NOUN,B2
oude meester,old master,老太爷,NOUN,B2
bejaarde,old person,老人,NOUN,B2
oude bediende,old servant,老奴,NOUN,B2
oude vrouw,old woman,老妇人,NOUN,B2
oudere broer,older brother,大哥哥,NOUN,B2
omelet,omelet,欧姆蛋,NOUN,B2
voorteken,omen,预兆,NOUN,B2
onheilspellend,ominous,不祥的,ADJ,B2
weglaten,to omit,省略,VERB,B2
aan,on,,NOUN,B2
hoofd,on head,当头,NOUN,B2
achtereenvolgens,one after another,接连地,ADV,B2
één boek,one book,一本,NUM,B2
één dag,one day,一天,NUM,B2
één familie,one family,一家,NUM,B2
één flat,one flat,一张,NUM,B2
één hoofd,one head,一头,NUM,B2
één nacht,one night,一晚,NUM,B2
één set,one set,一套,NUM,B2
één schot,one shot,一枪,NUM,B2
naar hartelust,one's heart's content,尽情,ADV,B2
alleen,only,而已,SCONJ,B2
pas dan,only then,才,ADV,B2
alleen-ik,only-me,只我,NOUN,B2
ontologie,ontology,本体论,NOUN,B2
open,open,开着的,ADJ,B2
opengevoelig,open-minded,思想开明的,ADJ,B2
opening,opening,开口,NOUN,B2
openlijk,openly,公开地,ADV,B2
opera,opera,歌剧,NOUN,B2
operator,operator,经营者,NOUN,B2
gelegenheid,opportunity,机会,NOUN,B2
tegenwerken,to oppose,反对,VERB,B2
onderdrukken,to oppress,压迫,VERB,B2
onderdrukking,oppression,压迫,NOUN,B2
optisch,optical,光学的,ADJ,B2
optica,optics,光学,NOUN,B2
optimisme,optimism,乐观,NOUN,B2
optimistisch,optimistic,乐观的,ADJ,B2
optioneel,optional,可选的,ADJ,B2
opties,options,期权,NOUN,B2
oraal,oral,口头的,ADJ,B2
mondelinge beschikking,oral decree,口谕,NOUN,B2
baan,orbit,轨道,NOUN,B2
orchard,orchard,果园,NOUN,B2
ordeal,ordeal,苦难,NOUN,B2
orderly,orderly,有序的,ADJ,B2
ordinarily,ordinarily,通常,ADV,B2
ordinary day,ordinary day,平日,NOUN,B2
ordinary people,ordinary people,老百姓,NOUN,B2
organizer,organizer,组织者,NOUN,B2
original,original,重原,NOUN,B2
original document,original document,原件,NOUN,B2
originality,originality,独创性,NOUN,B2
originally,originally,最初,ADV,B2
orphan,orphan,孤儿,NOUN,B2
orthodox,orthodox,正统的,ADJ,B2
oscillate,to oscillate,振荡,VERB,B2
other,other,其他的,DET,B2
otherness,otherness,相异性,NOUN,B2
others,others,他人,NOUN,B2
out of,out of,从...出来,ADP,B2
outburst,outburst,迸发,NOUN,B2
outcast,outcast,被遗弃者,NOUN,B2
outhouse,outhouse,茅房,NOUN,B2
outing,outing,郊游,NOUN,B2
outlet,outlet,出口,NOUN,B2
outline,outline,大纲,NOUN,B2
outline,to outline,勾勒,VERB,B2
outlook,outlook,前景,NOUN,B2
outrage,outrage,愤怒,NOUN,B2
outsourcing,outsourcing,外包,NOUN,B2
outstanding,outstanding,杰出的,ADJ,B2
oven,oven,烤箱,NOUN,B2
over,over,在...上方,ADP,B2
over there,over there,在那边,ADV,B2
overdomein,over-domain,超畴,NOUN,B2
overstrategie,over-strategy,超策,NOUN,B2
overstroke,over-stroke,超程,NOUN,B2
in het geheel,overall,总体上,ADV,B2
bewolkt,overcast,阴天的,ADJ,B2
overschrijven,to overdraw,透支,VERB,B2
verlopen,overdue,逾期,ADJ,B2
overloop,overflow,溢出,NOUN,B2
overlap,overlap,重叠,NOUN,B2
overnacht,overnight,一夜之间,ADV,B2
overzeese Chinees,overseas chinese,华侨,NOUN,B2
overuren,overtime,加班,NOUN,B2
omverwerpen,to overturn,打翻,VERB,B2
overwelderen,to overwhelm,使不知所措,VERB,B2
schuldig zijn,to owe,欠,VERB,B2
uil,owl,猫头鹰,NOUN,B2
eigendom,ownership,,NOUN,B2
oxide,oxide,氧化物,NOUN,B2
tempobepaler,pace-setter,标兵,NOUN,B2
verpakking,packaging,包装,NOUN,B2
volgepakt,packed,打包,ADJ,B2
pakket,packet,小包裹,NOUN,B2
pact,pact,协定,NOUN,B2
kussen,pad,垫,NOUN,B2
pijnstiller,painkiller,止痛药,NOUN,B2
paar,pair,一对,NOUN,B2
bleek,pale,苍白的,ADJ,B2
palm,palm,手掌,NOUN,B2
palmboom,palm tree,棕榈树,NOUN,B2
pannenkoek,pancake,煎饼,NOUN,B2
alvleesklier,pancreas,胰腺,NOUN,B2
pandemie,pandemic,大流行病,NOUN,B2
panegyriek,panegyric,颂词,NOUN,B2
paneel,panel,小组,NOUN,B2
pantseren,to pant,喘气,VERB,B2
pantheïsme,pantheism,泛神论,NOUN,B2
papaja,papaya,木瓜,NOUN,B2
papierknipsel,paper cutting,剪纸,NOUN,B2
papierwerk,paperwork,文书工作,NOUN,B2
parade,parade,游行,NOUN,B2
paradigma,paradigm,范例,NOUN,B2
paradox,paradox,悖论,NOUN,B2
paragoon,paragon,典范,NOUN,B2
paragraaf,paragraph,段落,NOUN,B2
parallel,parallel,平行的,ADJ,B2
paralyse,paralysis,瘫痪,NOUN,B2
paralyseren,to paralyze,使瘫痪,VERB,B2
paramedicus,paramedic,急救人员,NOUN,B2
parameter,parameter,参数,NOUN,B2
vergeven,pardon,赦免,NOUN,B2
vergeven,to pardon,赦免,VERB,B2
ouder,parents,父母,NOUN,B2
pariteit,parity,平等,NOUN,B2
parkeerplaats,parking,停车,NOUN,B2
voorwaardelijke invrijheidstelling,parole,假释,NOUN,B2
paronomase,paronomasia,近音词双关,NOUN,B2
papegaai,parrot,鹦鹉,NOUN,B2
peterselie,parsley,欧芹,NOUN,B2
deelnemen,to part,分离,VERB,B2
sterven,to part by death,死别,VERB,B2
gedeeltelijke oorzaak,partial cause,分因,NOUN,B2
gedeeltelijke betekenis,partial meaning,分义,NOUN,B2
participatief,participatory,参与式的,ADJ,B2
deeltje,particle,颗粒,NOUN,B2
particulariteit,particularity,特点,NOUN,B2
overlijden,to pass away,流逝,VERB,B2
voorbijgaan,to pass by,经过,VERB,B2
passage,passage,段落,NOUN,B2
voorbijgang,passing,过世,NOUN,B2
verleden,past,过去的,ADJ,B2
past exam papers,past exam papers,真题,NOUN,B2
pasta,pasta,意大利面,NOUN,B2
paste,paste,酱,NOUN,B2
pasture,pasture,牧场,NOUN,B2
pat,to pat,轻拍,VERB,B2
patch,patch,补丁,NOUN,B2
patent,patent,专利,NOUN,B2
paternal aunt,paternal aunt,姑母,NOUN,B2
pathological,pathological,病态的,ADJ,B2
patient,patient,耐心的,ADJ,B2
patriarchy,patriarchy,父权制,NOUN,B2
patriotism,patriotism,爱国主义,NOUN,B2
pause,pause,暂停,NOUN,B2
pavilion,pavilion,亭子,NOUN,B2
pay respects,to pay respects,参见,VERB,B2
pay smilingly,to pay smilingly,笑付,VERB,B2
pay tax,to pay tax,纳税,VERB,B2
payment all,payment all,付都,NOUN,B2
peaceful,peaceful,和平的,ADJ,B2
peach,peach,桃子,NOUN,B2
peak,peak,顶峰,NOUN,B2
peanut,peanut,花生,NOUN,B2
pearl,pearl,珍珠,NOUN,B2
peasant,peasant,农民,NOUN,B2
peculiar,peculiar,奇怪的,ADJ,B2
pedagogical,pedagogical,教学的,ADJ,B2
pedagogy,pedagogy,教育学,NOUN,B2
pedestrian,pedestrian,行人,NOUN,B2
pedestrian bridge,pedestrian bridge,天桥,NOUN,B2
pee,to pee,小便,VERB,B2
peel,peel,皮,NOUN,B2
peel,to peel,削皮,VERB,B2
peer,peer,同龄人,NOUN,B2
penetrate,to penetrate,穿透,VERB,B2
penetratie,penetration,渗透,NOUN,B2
percentage,percentage,百分比,NOUN,B2
perceptie,perception,感知,NOUN,B2
opmerkzaam,perceptive,敏锐的,ADJ,B2
perfectie,perfection,完美,NOUN,B2
gevaar,peril,危险,NOUN,B2
periodiek,periodically,定期地,ADV,B2
perifeer,peripheral,外围的,ADJ,B2
meineed,perjury,伪证,NOUN,B2
permanentie,permanence,持久,NOUN,B2
doorlaatbaar,permeable,可渗透的,ADJ,B2
loodrecht,perpendicular,垂直的,ADJ,B2
volharding,perseverance,毅力,NOUN,B2
aanhoudend,persistent,坚持不懈的,ADJ,B2
aanspreekvorm,person honorific,位,NOUN,B2
persoonlijke vete,personal enmity,私仇,NOUN,B2
persoonlijk record,personal record,个人纪录,NOUN,B2
persoonlijk,personally,就个人而言,ADV,B2
personeel,personnel,人员,NOUN,B2
overtuigen,to persuade,说服,VERB,B2
overtuiging,persuasion,说服,NOUN,B2
pessimisme,pessimism,悲观主义,NOUN,B2
pessimistisch,pessimistic,悲观的,ADJ,B2
bestrijdingsmiddel,pesticide,杀虫剂,NOUN,B2
aardolie,petroleum,石油,NOUN,B2
farmaceutisch,pharmaceutical,制药的,ADJ,B2
apotheker,pharmacist,药剂师,NOUN,B2
gefaseerd,phased,阶段性,ADJ,B2
filosoof,philosopher,哲学家,NOUN,B2
slijm,phlegm,痰,NOUN,B2
feniks,phoenix,拿凤,NOUN,B2
bellen,to phone,打电话,VERB,B2
fotokopie,photocopy,复印件,NOUN,B2
foto,photograph,照片,NOUN,B2
fotosynthese,photosynthesis,光合作用,NOUN,B2
fysiek bewijs,physical evidence,物证,NOUN,B2
arts,physician,内科医生,NOUN,B2
fysiognomie,physiognomy,面相,NOUN,B2
inleggen,to pickle,腌渍,VERB,B2
picknick,picnic,野餐,NOUN,B2
gegeven,piece of information,信息,NOUN,B2
ophopen,to pile up,堆积,VERB,B2
pelgrim,pilgrim,朝圣者,NOUN,B2
bedevaart,pilgrimage,朝圣,NOUN,B2
pil,pill,药丸,NOUN,B2
vastspelden,to pin,别住,VERB,B2
knijpen,pinch,捏,NOUN,B2
knijpen,to pinch,捏,VERB,B2
ananas,pineapple,菠萝,NOUN,B2
piraat,pirate,海盗,NOUN,B2
pistache,pistachio,开心果,NOUN,B2
pistool,pistol,手枪,NOUN,B2
beklagenswaardig,pitiful,可怜的,ADJ,B2
beklagen,to pity,同情,VERB,B2
plagiaat,plagiarism,剽窃,NOUN,B2
vlakte,plain,平原,NOUN,B2
eiser,plaintiff,原告,NOUN,B2
vliegtuig,plane,飞机,NOUN,B2
planten,plant,植物,NOUN,B2
planten,to plant,种植,VERB,B2
uitplanten,to plant out,定植,VERB,B2
plantage,plantation,人工林,NOUN,B2
pleister,plaster,石膏,NOUN,B2
plastic,plastic,塑料的,ADJ,B2
plateau,plateau,高原,NOUN,B2
geplateerd,plated,镀层的,ADJ,B2
bloedplaatje,platelet,血小板,NOUN,B2
platform,platform,平台,NOUN,B2
toneelstuk,play,剧本,NOUN,B2
playmate,playmate,玩伴,NOUN,B2
plea,plea,辩护,NOUN,B2
please,please,请,ADV,B2
please,to please,使高兴,VERB,B2
pledge,pledge,抵押,NOUN,B2
pledge,to pledge,保证,VERB,B2
pliers,pliers,钳子,NOUN,B2
plight,plight,处境,NOUN,B2
plot,plot,情节,NOUN,B2
plowing,plowing,犁地,NOUN,B2
plug,plug,插头,NOUN,B2
plum,plum,李子,NOUN,B2
plumber,plumber,水管工,NOUN,B2
plumbing,plumbing,管道工程,NOUN,B2
plunder,plunder,掠夺,NOUN,B2
pluralism,pluralism,多元主义,NOUN,B2
plush toy,plush toy,毛绒玩具,NOUN,B2
plutocracy,plutocracy,财阀政治,NOUN,B2
pocket,pocket,口袋,NOUN,B2
podcast,podcast,播客,NOUN,B2
poetry collection,poetry collection,诗集,NOUN,B2
point in time,point in time,时间点,NOUN,B2
poison,to poison,毒害,VERB,B2
poisoning,poisoning,中毒,NOUN,B2
polarization,polarization,两极分化 / 极化,NOUN,B2
polemical,polemical,论战的,ADJ,B2
policeman,policeman,警察,NOUN,B2
poll,poll,民意调查,NOUN,B2
pollutant,pollutant,污染物,NOUN,B2
pomegranate,pomegranate,石榴,NOUN,B2
pomelo,pomelo,柚子,NOUN,B2
pool,pool,水池,NOUN,B2
populate,to populate,居住,VERB,B2
porch,porch,门廊,NOUN,B2
porno,porn,色情,NOUN,B2
pornografisch,pornographic,色情的,ADJ,B2
haven,port,港口,NOUN,B2
drager,porter,搬运工,NOUN,B2
portie,portion,部分,NOUN,B2
portretteren,to portray,描绘,VERB,B2
positionering,positioning,定位,NOUN,B2
bezitten,to possess,拥有,VERB,B2
post,post,邮件,NOUN,B2
ansichtkaart,postcard,明信片,NOUN,B2
poster,poster,海报,NOUN,B2
postulaat,postulate,假定,NOUN,B2
pot,pot,锅,NOUN,B2
pottenbakkerij,pottery,陶器,NOUN,B2
pluimvee,poultry,家禽,NOUN,B2
aanspringen,to pounce,猛扑,VERB,B2
poeder,powder,粉末,NOUN,B2
volmacht,power of attorney,委托书,NOUN,B2
grootmacht,powerful nation,强国,NOUN,B2
praktisch,practically,几乎,ADV,B2
praktijk,practitioner,从业者,NOUN,B2
pragmatisme,pragmatism,实用主义,NOUN,B2
preken,to preach,布道,VERB,B2
preambule,preamble,序言,NOUN,B2
onveiligheid,precariousness,不稳定性,NOUN,B2
voorzorg,precaution,预防措施,NOUN,B2
voorafgaan,to precede,在...之前,VERB,B2
precedent,precedent,先例,NOUN,B2
voorschrift,precept,戒律,NOUN,B2
kostbaarheid,preciousness,珍贵,NOUN,B2
precies,precise,精确的,ADJ,B2
voorloper,precursor,先驱,NOUN,B2
roofdier,predator,捕食者,NOUN,B2
roofachtig,predatory,掠夺的,ADJ,B2
voorganger,predecessor,前任,NOUN,B2
dilemma,predicament,困境,NOUN,B2
voorspelling,prediction,预测,NOUN,B2
voorwoord,preface,序言,NOUN,B2
vooroordeel,prejudice,偏见,NOUN,B2
première,premier,总理,NOUN,B2
premiss,premise,前提,NOUN,B2
voorbereiden,to prepare a lesson,预习,VERB,B2
absurd,preposterous,荒谬的,ADJ,B2
voorwaarde,prerequisite,前提,NOUN,B2
peuterschool,preschool,幼儿园,NOUN,B2
voorschrijven,to prescribe,开处方,VERB,B2
voorschrift,prescription,处方,NOUN,B2
behoud,preservation,保护,NOUN,B2
bewaren,to preserve,保护,VERB,B2
presidentschap,presidency,总统任期,NOUN,B2
president,president,总统,NOUN,B2
presidentieel,presidential,总统的,ADJ,B2
dringend,pressing,紧迫的,ADJ,B2
druk,pressure,压力,NOUN,B2
vermoeden,to presume,假定,VERB,B2
veronderstelling,presumption,自负,NOUN,B2
voordoen,to pretend,假装,VERB,B2
voordoen,to pretend to be,冒充,VERB,B2
schijn,pretense,假装,NOUN,B2
pretekst,pretext,借口,NOUN,B2
mooi,pretty,漂亮的,ADJ,B2
eerder,previously,以前,ADV,B2
prijsbepaling,pricing,定价 / 收费,NOUN,B2
trots,pride,骄傲,NOUN,B2
primitief,primitive,原始的,ADJ,B2
hoofd,principal,委托人,NOUN,B2
druk,print,印记,NOUN,B2
prisma,prism,棱镜,NOUN,B2
privacy,privacy,隐私,NOUN,B2
probabilistisch,probabilistic,概率的,ADJ,B2
waarschijnlijkheid,probability,概率,NOUN,B2
procedure,procedure,程序,NOUN,B2
voortgaan,to proceed,继续进行,VERB,B2
processor,processor,处理器,NOUN,B2
uitstellen,to procrastinate,拖延,VERB,B2
uitstel,procrastination,拖延,NOUN,B2
verkrijgen,to procure,获取,VERB,B2
product,product,产品,NOUN,B2
productiviteit,productivity,生产力,NOUN,B2
professional,professional,专业人士,NOUN,B2
bekwaam,proficient,熟练的,ADJ,B2
winstgevend,profit-making,营利性,ADJ,B2
diep,profound,深刻的,ADJ,B2
programmeur,programmer,程序员,NOUN,B2
programmeren,programming,编程,NOUN,B2
voortgang maken,to progress,进步,VERB,B2
voortgangsrapport,progress report,进度报告,NOUN,B2
stapsgewijs,progressively,逐渐地,ADV,B2
verbod,prohibition,禁止,NOUN,B2
projectopdracht,project assignment,项目作业,NOUN,B2
projector,projector,投影仪,NOUN,B2
proletariaat,proletariat,无产阶级,NOUN,B2
woordierig,prolix,冗长的,ADJ,B2
woordierigheid,prolixity,冗长,NOUN,B2
verlengen,to prolong,延长,VERB,B2
prominent,prominent,突出的,ADJ,B2
belovend,promising,有前途的,ADJ,B2
promis,promissory note,本票,NOUN,B2
promotor,promoter,推动者,NOUN,B2
prompt,promptly,迅速地,ADV,B2
promulgeren,to promulgate,颁布,VERB,B2
correctie,proofreading,校对,NOUN,B2
steunen,to prop,撑,VERB,B2
propaganda,propaganda,宣传,NOUN,B2
neiging,propensity,倾向,NOUN,B2
goed,properly,适当地,ADV,B2
profeteren,to prophesy,预言,VERB,B2
verhouding,proportion,比例,NOUN,B2
voorstellen,to propose,提议,VERB,B2
voorstel,proposition,主张,NOUN,B2
fatsoen,propriety,分寸,NOUN,B2
prozaïsch,prosaic,平淡无奇的,ADJ,B2
proza,prose,散文,NOUN,B2
vervolging,prosecution,起诉,NOUN,B2
vooruitzicht,prospect,前景,NOUN,B2
welvarend,prosperous,繁荣的,ADJ,B2
prostituee,prostitute,妓女,NOUN,B2
hoofdpersonage,protagonist,主角,NOUN,B2
protectionisme,protectionism,保护主义,NOUN,B2
beschermend,protective,保护的,ADJ,B2
eiwit,protein,蛋白质,NOUN,B2
protest,protest,抗议,NOUN,B2
demonstrant,protester,示威者,NOUN,B2
protocol,protocol,协议,NOUN,B2
spreekwoord,proverb,谚语,NOUN,B2
bewijs leveren,to provide evidence,举证,VERB,B2
feedback geven,to provide feedback,反馈,VERB,B2
voorzien in,to provide for,供应,VERB,B2
aanbieder,provider,提供者,NOUN,B2
provinciale weg,provincial highway,省道,NOUN,B2
bepalingen,provisions,储备,NOUN,B2
provocatie,provocation,挑衅,NOUN,B2
provoceren,to provoke,激怒,VERB,B2
nabijheid,proximity,邻近,NOUN,B2
voorzichtigheid,prudence,谨慎,NOUN,B2
psychose,psychosis,精神病,NOUN,B2
café,pub,酒吧,NOUN,B2
puberteit,puberty,青春期,NOUN,B2
publiek,public,公众,NOUN,B2
openbare orde,public order,治安,NOUN,B2
volksgezondheid,public welfare,公益性,NOUN,B2
openbaar,publicly,公开地,ADV,B2
pulmonaal,pulmonary,肺的,ADJ,B2
preekstoel,pulpit,讲坛,NOUN,B2
pols,pulse,脉搏,NOUN,B2
pomp,pump,泵,NOUN,B2
punch,punch,拳击,NOUN,B2
punctueel,punctual,准时的,ADJ,B2
punctuatie,punctuation,标点符号,NOUN,B2
punctie,puncture,穿刺,NOUN,B2
pop,puppet,木偶,NOUN,B2
welp,puppy,小狗,NOUN,B2
aankopen,to purchase,购买,VERB,B2
zuiverheid,purity,纯洁,NOUN,B2
paarse yin,purple yin,紫阴,NOUN,B2
nastreven,to pursue,追求,VERB,B2
geluksdrukker,push luck,太得寸,NOUN,B2
in orde brengen,to put in order,收拾,VERB,B2
verwarren,to puzzle,使困惑,VERB,B2
piramide,pyramid,金字塔,NOUN,B2
kwartel,quail,鹌鹑,NOUN,B2
kwalificaties,qualifications,资格,NOUN,B2
kwalitatief,qualitative,定性的,ADJ,B2
ruzie maken,to quarrel,争吵,VERB,B2
ruzie,quarreling,再吵,NOUN,B2
kwartaal,quarter of a year,季度,NOUN,B2
kwartaaltijdschrift,quarterly magazine,季刊,NOUN,B2
kade,quay,码头,NOUN,B2
zoektocht,quest,探索,NOUN,B2
vragen,to question,质疑,VERB,B2
twijfelachtig,questionable,可疑的,ADJ,B2
vraagstelling,questioning,质问,NOUN,B2
wachtrij,queue,队列,NOUN,B2
snel,quickly,迅速地,ADV,B2
quilt,quilt,被子,NOUN,B2
quota,quota,配额,NOUN,B2
citaat,quotation,报价,NOUN,B2
citeren,to quote,引用,VERB,B2
rabbi,rabbi,拉比,NOUN,B2
racket,racket,球拍,NOUN,B2
glans,radiance,光辉,NOUN,B2
radiator,radiator,暖气片,NOUN,B2
radio,radio,收音机,NOUN,B2
radiostation,radio station,广播电台,NOUN,B2
radioactief,radioactive,放射性的,ADJ,B2
radijs,radish,小萝卜,NOUN,B2
woeden,rage,愤怒,NOUN,B2
woeden,to rage,狂怒,VERB,B2
versleten,ragged,破烂的,ADJ,B2
leuning,railing,栏杆,NOUN,B2
spoorweg,railway,铁路,NOUN,B2
regenboog,rainbow,彩虹,NOUN,B2
regenjas,raincoat,雨衣,NOUN,B2
regenwoud,rainforest,雨林,NOUN,B2
donaties ophalen,to raise donations,募捐,VERB,B2
ram,ram,公羊,NOUN,B2
ramp,ramp,坡道,NOUN,B2
willekeurige tirannie,rampant tyranny,横行,NOUN,B2
rancune,rancor,怨恨,NOUN,B2
rang,rank,等级,NOUN,B2
rangschikking,ranking,等级,NOUN,B2
losgeld,ransom,赎金,NOUN,B2
snel,rapid,迅速的,ADJ,B2
rapprochement,rapprochement,和解,NOUN,B2
rommel,rascal,无赖,NOUN,B2
uitslag,rash,轻率的,ADJ,B2
aardbei,raspberry,覆盆子,NOUN,B2
rat,rat,老鼠,NOUN,B2
ratdicht,rat-proof,防鼠,ADJ,B2
beoordeling,rating,评分,NOUN,B2
rantsoen,ration,配给,NOUN,B2
rationalisme,rationalism,理性主义,NOUN,B2
rationaliteit,rationality,理性,NOUN,B2
rationalisatie,rationalization,合理化,NOUN,B2
raaf,raven,乌鸦,NOUN,B2
rauw,raw,生的,ADJ,B2
straal,ray,光线,NOUN,B2
scheermes,razor,剃刀,NOUN,B2
herbruskeheid,re-abruptness,再骤,NOUN,B2
hergevecht,re-battle,重战,NOUN,B2
hergrens,re-boundary,重界,NOUN,B2
herloopbaan,re-course,重途,NOUN,B2
hercreatie,re-creation,再作,NOUN,B2
heruitvoering,re-enactment,再演,NOUN,B2
herbewijs,re-evidence,重据,NOUN,B2
herfruit,re-fruit,再果,NOUN,B2
herinner,re-inner,再内,NOUN,B2
herlaag,re-layering,改层,NOUN,B2
herlimiet,re-limit,重限,NOUN,B2
herlogica,re-logic,再逻,NOUN,B2
herbetekenis,re-meaning,再义,NOUN,B2
herorde,re-order,重序,NOUN,B2
herpas,re-pace,重骤,NOUN,B2
herpad,re-path,重径,NOUN,B2
herhoeveelheid,re-quantity,再量,NOUN,B2
herreden,re-reason,重理,NOUN,B2
herrouting,re-routing,改轨,NOUN,B2
hersequencing,re-sequencing,改骤,NOUN,B2
herinzending,re-submission,再上,NOUN,B2
reactie,reaction,反应,NOUN,B2
reactief,reactive,反应的,ADJ,B2
reactor,reactor,反应堆,NOUN,B2
bereidheid,readiness,准备就绪,NOUN,B2
lezing,reading,阅读,NOUN,B2
onroerend,real estate,房地产,ADJ,B2
realisme,realism,现实主义,NOUN,B2
echte wens,really want,真要,NOUN,B2
rijk,realm,领域,NOUN,B2
achterkant,rear part,后部,NOUN,B2
redeneren,to reason,推理,VERB,B2
redenering,reasoning,论证,NOUN,B2
geruststellen,to reassure,使安心,VERB,B2
opstandeling,rebel,反叛者,NOUN,B2
opstand,rebellion,叛乱,NOUN,B2
opstandig hart,rebellious heart,反心,NOUN,B2
herbouwen,to rebuild,重建,VERB,B2
tadel,rebuke,责备,NOUN,B2
weren,to rebut,反驳,VERB,B2
tegenwerping,rebuttal,反驳,NOUN,B2
terugroepen,to recall,回忆,VERB,B2
post ontvangen,to receive mail,收件,VERB,B2
opdrachten ontvangen,to receive orders,受命,VERB,B2
wereldwijde aandacht krijgen,to receive worldwide attention,举世瞩目,VERB,B2
ontvanger,receiver,接收器,NOUN,B2
recessie,recession,衰退,NOUN,B2
wederzijds,reciprocal,互惠的,ADJ,B2
roekeloos,reckless,鲁莽的,ADJ,B2
roekeloosheid,recklessness,轻率,NOUN,B2
terugvorderen,to reclaim,收回,VERB,B2
ligpositie,reclining,躺下,NOUN,B2
aanbeveling van anderen,recommendation by others,他荐,NOUN,B2
verzoenen,to reconcile,和解,VERB,B2
verzoening,reconciliation,和解,NOUN,B2
verkenning,reconnaissance,侦察,NOUN,B2
heroverwegen,to reconsider,重新考虑,VERB,B2
heroverweging,reconsideration,重思,NOUN,B2
herconstrueren,to reconstruct,重建,VERB,B2
heropbouw,reconstruction,重建,NOUN,B2
record,record,记录,NOUN,B2
record player,record player,唱机,NOUN,B2
recount,to recount,转述,VERB,B2
recruitment,recruitment,招聘,NOUN,B2
rectify,to rectify,纠正,VERB,B2
recurrence,recurrence,往复,NOUN,B2
recusal,recusal,回避,NOUN,B2
recycling,recycling,回收利用,NOUN,B2
redefinition,redefinition,改界,NOUN,B2
referendum,referendum,公民投票,NOUN,B2
refining,refining,提炼,NOUN,B2
reflect,to reflect,反映,VERB,B2
reforestation,reforestation,重新造林,NOUN,B2
reform,to reform,改革,VERB,B2
reformism,reformism,改唯,NOUN,B2
refrain,refrain,副歌,NOUN,B2
refrain,to refrain,克制,VERB,B2
refuge,refuge,避难所,NOUN,B2
refund,refund,退款,NOUN,B2
refusal,refusal,拒绝,NOUN,B2
regarding this,regarding this,对此,ADV,B2
regime,regime,政权,NOUN,B2
regress,to regress,倒退,VERB,B2
regression,regression,倒退,NOUN,B2
regressive,regressive,退步的,ADJ,B2
regret,to regret,后悔,VERB,B2
reimburse,to reimburse,偿还,VERB,B2
reinforce,to reinforce,加强,VERB,B2
reissue,to reissue,补办,VERB,B2
reiterate,to reiterate,重申,VERB,B2
rejection,rejection,拒绝,NOUN,B2
rejoice,to rejoice,欢欣,VERB,B2
relapse,relapse,再犯,NOUN,B2
relate to narrate,to relate to narrate,叙述,VERB,B2
relatively speaking,relatively speaking,相对而言,ADV,B2
relativism,relativism,相对主义,NOUN,B2
ontspanning,relaxation,缓和,NOUN,B2
gerelaxeerd,relaxed,放松的,ADJ,B2
degraderen,to relegate,降级,VERB,B2
relevantie,relevance,相关性,NOUN,B2
relevant,relevant,相关的,ADJ,B2
betrouwbaarheid,reliability,可靠性,NOUN,B2
betrouwbaar,reliable,可靠的,ADJ,B2
vertrouwen,reliance,信赖,NOUN,B2
relikwie,relic,圣物,NOUN,B2
verlichten,to relieve,缓解,VERB,B2
verhuizen,to relocate,调动,VERB,B2
ongemakkelijk,reluctantly,不情愿地,ADV,B2
vertrouwen,to rely,依赖,VERB,B2
vertrouwen op,to rely on,依靠,VERB,B2
rest,remainder,剩余部分,NOUN,B2
middel,remedy,补救措施,NOUN,B2
herinnering,remembrance,纪念,NOUN,B2
afstandsbedienbare auto,remote-controlled car,遥控车,NOUN,B2
verwijdering,removal,移除,NOUN,B2
vergoeding,remuneration,报酬,NOUN,B2
renaissance,renaissance,复兴,NOUN,B2
nier,renal,肾脏的,ADJ,B2
afspraak,rendezvous,约会,NOUN,B2
terugschieten,to renege,食言,VERB,B2
hernieuwbaar,renewable,可再生的,ADJ,B2
verlenging,renewal,更新,NOUN,B2
renminbi,renminbi,人民币,NOUN,B2
faam,renown,声誉,NOUN,B2
heroperatie,reoperation,再术,NOUN,B2
reorganisatie,reorganization,重组,NOUN,B2
reparatie,repair,修理,NOUN,B2
schadevergoeding,reparation,赔偿,NOUN,B2
terugbetalen,to repay,偿还,VERB,B2
terugbetaling,repayment,偿还,NOUN,B2
herhaald,repeated,反复的,ADJ,B2
berouwen,to repent,悔改,VERB,B2
berouw,repentance,悔恨,NOUN,B2
repercussie,repercussion,反响,NOUN,B2
herplanning,replanning,再策,NOUN,B2
antwoord aan Uw Hoogheid,reply to your-highness,回殿下,NOUN,B2
vertegenwoordiging,representation,代表,NOUN,B2
vertegenwoordigend,representative,有代表性的,ADJ,B2
vertegenwoordigendheid,representativeness,代表性,NOUN,B2
onderdrukken,to repress,镇压,VERB,B2
onderdrukking,repression,镇压,NOUN,B2
onderdrukkend,repressive,压制的,ADJ,B2
herprijzing,reprice,再价,NOUN,B2
vermaning,reprimand,训斥,NOUN,B2
verwijt,reproach,责备,NOUN,B2
reproductie,reproduction,繁殖,NOUN,B2
republikeins,republican,共和的,ADJ,B2
afwijzing,repulse,击退,NOUN,B2
afstotend,repulsive,令人反感的,ADJ,B2
vereist,required,必需的,ADJ,B2
herverkoop,resale,转售,NOUN,B2
redding van een fang,rescue a-fang,救阿方,NOUN,B2
onderzoeken,to research,研究,VERB,B2
gelijkenis,resemblance,相似,NOUN,B2
lijken,to resemble,像,VERB,B2
boos,resentful,充满愤恨的,ADJ,B2
ergernis,resentment,愤恨,NOUN,B2
reservering,reservation,预订,NOUN,B2
reservaat,reserve,预备,NOUN,B2
reservoir,reservoir,水库,NOUN,B2
hervorming,reshaping,改形,NOUN,B2
wonen,to reside,居住,VERB,B2
ontslag,resignation,辞职,NOUN,B2
vastberaden,resolute,坚决的,ADJ,B2
resonantie,resonance,共鸣,NOUN,B2
toevlucht,resort,度假胜地,NOUN,B2
bron,resource,资源,NOUN,B2
respectvol,respectful deferential,恭敬,ADJ,B2
respiratoir,respiratory,呼吸的,ADJ,B2
reageren,to respond to,回应,VERB,B2
responsiviteit,responsiveness,反应性,NOUN,B2
restaurant,restaurant,餐厅,NOUN,B2
restauratie,restoration,恢复,NOUN,B2
herstellen,to restore,恢复,VERB,B2
terughoudendheid,restraint,隐忍,NOUN,B2
beperken,to restrict,限制,VERB,B2
herstructurering,restructuring,重组,NOUN,B2
cv,resume,简历,NOUN,B2
opstanding,resurrection,复活,NOUN,B2
hervertellen,to retell,转述,VERB,B2
pensioengaan,to retire,退休,VERB,B2
gepensioneerd,retired,退休的,ADJ,B2
pensioen,retirement,退休,NOUN,B2
terugtrekken,retreat,撤退,NOUN,B2
terugtrekken,to retreat,撤退,VERB,B2
opvraging,retrieval,检索,NOUN,B2
opvragen,to retrieve,取回,VERB,B2
Qingming,retrieve qingming,拿回青冥,NOUN,B2
terugkeren,to return first,先回,VERB,B2
herintypen,retype,再型,NOUN,B2
hereniging,reunion,重聚,NOUN,B2
hergebruik,reuse,重用,NOUN,B2
openbaring,revelation,启示,NOUN,B2
vereren,to revere,尊敬,VERB,B2
eerbetoon,reverence,尊敬,NOUN,B2
omkering,reversal,突变,NOUN,B2
omgekeerde omvatting,reverse inclusion,反纳,NOUN,B2
omgekeerde reflectie,reverse reflection,反影,NOUN,B2
rugzijde,reverse side,反面,NOUN,B2
terugkeer,reversion,重归,NOUN,B2
beoordeling,review,回顾,NOUN,B2
herleven,to revive,复兴,VERB,B2
herroepen,to revoke,撤销,VERB,B2
retoriek,rhetoric,修辞,NOUN,B2
retorisch,rhetorical,修辞的,ADJ,B2
retorische vraag,rhetorical question,宁非,NOUN,B2
rijm,rhyme,韵脚,NOUN,B2
rijk bedeeld,richly endowed by nature,得天独厚,ADJ,B2
raadsel,riddle,谜语,NOUN,B2
rijden,to ride,骑,VERB,B2
rijpauze,ride break,骑破,NOUN,B2
kloof,rift,裂痕,NOUN,B2
juist,right,正确的,ADJ,B2
rechtvaardig,righteous,正直的,ADJ,B2
rechtvaardige verontwaardiging,righteous indignation,义愤,NOUN,B2
rechtvaardigheid,righteousness,亦正,NOUN,B2
stijfheid,rigidity,僵硬,NOUN,B2
streng,rigorous,严格的,ADJ,B2
ringweg,ring road,绕城,NOUN,B2
gerinkel,ringing,铃声,NOUN,B2
stijging,rise,上涨,NOUN,B2
leven wagen,to risk life,拼命,VERB,B2
doodsrisico,risking death,冒死,NOUN,B2
riskant,risky,危险的,ADJ,B2
ritueel,ritual,仪式,NOUN,B2
rivaliteit,rivalry,竞争,NOUN,B2
rivieroever,riverbank,河岸,NOUN,B2
verkeersbord,road sign,路标,NOUN,B2
rondzwerven,to roam,漫游,VERB,B2
brullen,to roar,咆哮,VERB,B2
braden,roast,烤肉,NOUN,B2
braden,to roast,煎烤,VERB,B2
lam braden,to roast lamb,烤羊,VERB,B2
rover,robber,强盗,NOUN,B2
beroving,robbery,抢劫案,NOUN,B2
robot,robot,机器人,NOUN,B2
robust,robust,强健的,ADJ,B2
rotsenborder,rockery,假山,NOUN,B2
rolmodel,role model,榜样,NOUN,B2
rollen,to roll,滚动,VERB,B2
rolluik,roller blind,卷帘,NOUN,B2
romance,romance,浪漫,NOUN,B2
daken,to roof,房顶,VERB,B2
kamergenoot,roommate,室友,NOUN,B2
wortel,root,根,NOUN,B2
ongeveer,roughly,大约,ADV,B2
ruwheid,roughness,粗糙,NOUN,B2
rond,round,圆的,ADJ,B2
opwekken,to rouse,唤醒,VERB,B2
route,route,路线,NOUN,B2
router,router,路由器,NOUN,B2
routine,routine,常规,NOUN,B2
wrijving,rubbing,摩擦,NOUN,B2
onbeleefd,rude,粗鲁的,ADJ,B2
onbeleefdheid,rudeness,粗鲁,NOUN,B2
ruïne,ruin,废墟,NOUN,B2
ruïnes,ruins,废墟,NOUN,B2
rechtsstaat,rule of law,法治,NOUN,B2
loop,run,跑步,NOUN,B2
aantreffen,to run into,碰见,VERB,B2
overrijden,to run over,碾过,VERB,B2
rennen,to run quickly,奔驰,VERB,B2
joggen,to run to jog,跑步,VERB,B2
loper,runner,跑步者,NOUN,B2
lopen,running,进行中的,NOUN,B2
loopneus,runny nose,流鼻涕,NOUN,B2
ruptuur,rupture,破裂,NOUN,B2
haasten,rush,赶往,NOUN,B2
haasten,to rush,冲,VERB,B2
rennen,to rush about,奔波,VERB,B2
Russisch,russian,俄罗斯的,ADJ,B2
rust,rust,铁锈,NOUN,B2
roestvrij,rust-proof,防锈,ADJ,B2
zak,sack,麻袋,NOUN,B2
opofferen,to sacrifice,牺牲,VERB,B2
bedroefd,sad sorrowful,悲伤,ADJ,B2
kluis,safe,保险箱,NOUN,B2
veiligheidsrapport,safety report,安全报告,NOUN,B2
doortastend,sagacious,睿智的,ADJ,B2
zeilen,sailing,航行,NOUN,B2
sake,sake,缘故,NOUN,B2
salade,salad,沙拉,NOUN,B2
verkoop,sales,打折,NOUN,B2
zout,salty,咸的,ADJ,B2
verlossing,salvation,拯救,NOUN,B2
heiligdom,sanctuary,避难所,NOUN,B2
sandal,sandal,凉鞋,NOUN,B2
zandstorm,sandstorm,沙尘暴,NOUN,B2
broodje,sandwich,三明治,NOUN,B2
gezond verstand,sanity,理智,NOUN,B2
Sinterklaas,santa claus,圣诞老人,NOUN,B2
verzadiging,satiety,饱足,NOUN,B2
satire,satire,讽刺,NOUN,B2
satirisch,satirical,讽刺的,ADJ,B2
tevredenheid,satisfaction,满意,NOUN,B2
bevredigend,satisfactory,令人满意的,ADJ,B2
besparingen,savings,存款,NOUN,B2
verlosser,savior,救星,NOUN,B2
zaag,saw,锯子,NOUN,B2
afscheid nemen,to say goodbye,告别,VERB,B2
gezegde,saying,格言,NOUN,B2
steiger,scaffold,脚手架,NOUN,B2
verbranden,to scald,烫伤,VERB,B2
scalpel,scalpel,手术刀,NOUN,B2
oplichting,scam,骗局,NOUN,B2
scan,scan,扫描件,NOUN,B2
litteken,scar,疤痕,NOUN,B2
schaars,scarce,稀少的,ADJ,B2
schaarste,scarcity,短缺,NOUN,B2
verschrikken,to scare,惊吓,VERB,B2
eng,scary,可怕的,ADJ,B2
verspreiden,to scatter,分散,VERB,B2
verspreid,scattered,分散的,ADJ,B2
landschap,scenery,风景,NOUN,B2
schema,scheme,计划,NOUN,B2
schizofrenie,schizophrenia,精神分裂症,NOUN,B2
geleerde,scholar,学者,NOUN,B2
beurs,scholarship,奖学金,NOUN,B2
schools,scholastic,经院哲学的,ADJ,B2
schaar,scissors,剪刀,NOUN,B2
schroeiend,scorching,灼热的,ADJ,B2
score,score,比分,NOUN,B2
schurk,scoundrel,恶棍,NOUN,B2
gesel,scourge,灾祸,NOUN,B2
verkenner,scout,侦察员,NOUN,B2
schroot,scrap,碎屑,NOUN,B2
krabben,to scratch,抓,VERB,B2
afschermen,to screen,筛选,VERB,B2
scenario,screenplay,剧本,NOUN,B2
schroevendraaier,screwdriver,螺丝刀,NOUN,B2
script,script,剧本,NOUN,B2
toneeltekst,script for play,剧本,NOUN,B2
gewetensbezwaar,scruple,顾虑,NOUN,B2
onderzoeken,to scrutinize,仔细检查,VERB,B2
duiken,scuba diving,潜水,NOUN,B2
beeldhouwer,sculptor,雕塑家,NOUN,B2
sculptuur,sculpture,雕塑,NOUN,B2
meeuw,seagull,海鸥,NOUN,B2
verzegelen,to seal,密封,VERB,B2
zoeken,to search for,寻找,VERB,B2
kruiden,to season,调味,VERB,B2
seizoensgebonden,seasonal,季节性的,ADJ,B2
afsplitsen,to secede,脱离,VERB,B2
afzonderingsuitgang,seclusion exit,出关,NOUN,B2
tweede keer,second time,再而,NOUN,B2
ten tweede,secondly,其次,ADV,B2
geheimhouding,secrecy,保密,NOUN,B2
geheime bijeenkomst,secret meeting,密会,NOUN,B2
secretariaat,secretariat,秘书处,NOUN,B2
sekte,sect,教派,NOUN,B2
sektarisch,sectarian,宗派的,ADJ,B2
sector,sector,部门,NOUN,B2
seculierisme,secularism,世俗主义,NOUN,B2
zekerstellen,to secure,保护,VERB,B2
securitisatie,securitization,证券化,NOUN,B2
beveiligingsagent,security guard,保安,NOUN,B2
sedan,sedan,轿车,NOUN,B2
verleiden,to seduce,引诱,VERB,B2
herzien,to see again,再见,VERB,B2
lijkaam zien,to see corpse,见尸,VERB,B2
verwittiging,see off,送走,NOUN,B2
doorzien,to see through,看穿,VERB,B2
zoeken,to seek,寻找,VERB,B2
audience vragen,to seek audience,求见,VERB,B2
waarheid zoeken in feiten,to seek truth from facts,实事求是,VERB,B2
zoeken,seeking,寻求,NOUN,B2
onmiddellijk voordeel nastrevend,seeking instant benefit,急功近利,ADJ,B2
schijnbaar,seemingly,表面上,ADV,B2
seismisch,seismic,地震的,ADJ,B2
grijpen,to seize,抓住,VERB,B2
selectief,selective,选择的，挑选的,ADJ,B2
zelf,self,自我,NOUN,B2
zelfverzekerd,self-confident,自信的,ADJ,B2
zelfopoffering,self-sacrifice,舍己,NOUN,B2
egoïstisch,selfish,自私的,ADJ,B2
verkoper,seller,售货员,NOUN,B2
semester,semester,学期,NOUN,B2
seminar,seminar,研讨会,NOUN,B2
semiologie,semiology,符号学，症状学,NOUN,B2
semiotica,semiotics,符号学,NOUN,B2
senioriteit,seniority,资历,NOUN,B2
voelen,sense,感觉,NOUN,B2
voelen,to sense,隐约感到,VERB,B2
zinneloos,senseless,无意义的,ADJ,B2
verstandig,sensible,明智的,ADJ,B2
sensor,sensor,传感器,NOUN,B2
vonnissen,to sentence,判决,VERB,B2
sentiment,sentiment,情感,NOUN,B2
wacht,sentry,卫兵,NOUN,B2
sequentie,sequence,顺序，片段,NOUN,B2
seren,serene,宁静的,ADJ,B2
sereniteit,serenity,宁静,NOUN,B2
sergeant,sergeant,中士,NOUN,B2
seriemoordenaar,serial killer,连环杀手,NOUN,B2
preek,sermon,布道,NOUN,B2
dienaar,servant,仆人,NOUN,B2
server,server,服务器,NOUN,B2
dienstverlener,service provider,服务商,NOUN,B2
serviceweg,service road,辅路,NOUN,B2
kneerigheid,servility,奴性,NOUN,B2
sesam,sesame,芝麻,NOUN,B2
set,set,一套,NOUN,B2
opbreken,to set off,出发,VERB,B2
terugslag,setback,挫折,NOUN,B2
afrekenen,to settle,解决,VERB,B2
nederzetting,settlement,解决,NOUN,B2
meerdere,several,几个,DET,B2
ernstig,severe,严厉的,ADJ,B2
ernst,severity,严厉,NOUN,B2
naaien,to sew,缝纫,VERB,B2
naaiwerk,sewing,缝纫,NOUN,B2
hut,shack,棚屋,NOUN,B2
boei,shackle,镣铐,NOUN,B2
de hand schudden,to shake hands,握手,VERB,B2
schijn,sham,假冒,NOUN,B2
schamen,to shame,使羞愧,VERB,B2
schandelijk,shameful,可耻的,ADJ,B2
schameloos,shameless,无耻的,ADJ,B2
shampoo,shampoo,洗发水,NOUN,B2
vormen,shape,形状,NOUN,B2
vormen,to shape,塑造,VERB,B2
aandeelhouder,shareholder,股东,NOUN,B2
versplinteren,to shatter,粉碎,VERB,B2
schuur,shed,棚屋,NOUN,B2
vel,sheet,床单,NOUN,B2
schil,shell,壳,NOUN,B2
herder,shepherd,牧羊人,NOUN,B2
verschuiven,shift,轮班,NOUN,B2
verschuiven,to shift,改变,VERB,B2
ploegendienst,shift rotation,倒班,NOUN,B2
dienstwissel,shift swap,换班,NOUN,B2
vooruitzetten,to shift to an earlier date,提前,VERB,B2
glans,shine,光泽,NOUN,B2
verzenden,to ship out,出货,VERB,B2
scheepswerf,shipyard,造船厂,NOUN,B2
schokken,to shock,震惊,VERB,B2
schoenverwijdering,shoe removal,鞋脱,NOUN,B2
schoen,shoes,鞋子,NOUN,B2
duel,shootout,枪战,NOUN,B2
winkel,shopping,购物,NOUN,B2
kortetermijn,short-term,短期的,ADJ,B2
tekortkoming,shortcoming,缺点,NOUN,B2
afkorting,shortcut,捷径,NOUN,B2
moeten,should,应该,AUX,B2
niet moeten,should not,不该,AUX,B2
schep,shovel,铲子,NOUN,B2
sluw,shrewd,精明的,ADJ,B2
heiligtum,shrine,مشعر,NOUN,B2
beven,shudder,战栗,NOUN,B2
broers en zusters,siblings,兄弟姐妹,NOUN,B2
zijdeur,side door,侧门,NOUN,B2
zeef,sieve,筛子,NOUN,B2
zeven,to sift,筛选,VERB,B2
zucht,sigh,叹息,NOUN,B2
zuchten,to sigh with sorrow,感慨,VERB,B2
ondertekenen,to sign for,签收,VERB,B2
betekenis,significance,含义,NOUN,B2
beduidend,significant,重要的,ADJ,B2
betekenen,to signify,意味着,VERB,B2
zwijgen,to silence,خرس,VERB,B2
stil,silent,沉默的,ADJ,B2
zijde,silk,丝绸,NOUN,B2
zijden doek,silk cloth,丝绸,NOUN,B2
domme meid,silly girl,傻丫头,NOUN,B2
gelijkenis,similarity,相似,NOUN,B2
vergelijking,simile,明喻,NOUN,B2
eenvoud,simplicity,简单,NOUN,B2
vereenvoudigen,to simplify,简化,VERB,B2
simulatie,simulation,模拟,NOUN,B2
gelijktijdig,simultaneous,同时的,ADJ,B2
zonde,sin,罪,NOUN,B2
oprechtheid,sincerity,真诚,NOUN,B2
zingen,singing,歌唱,NOUN,B2
enkele gedachte,single thought,一念,NOUN,B2
gootsteen,sink,水槽,NOUN,B2
slurpen,sip,小口喝,NOUN,B2
slurpen,to sip,小口喝,VERB,B2
meneer,sir,郎,PART,B2
sirene,siren,汽笛,NOUN,B2
schoonzus,sister-in-law,嫂子/弟媳/大姑子/小姑子,NOUN,B2
sit down,to sit down,坐下,VERB,B2
situation circumstances,situation circumstances,情形,NOUN,B2
skeleton,skeleton,骨架,NOUN,B2
skeptical,skeptical,怀疑的,ADJ,B2
skepticism,skepticism,怀疑主义,NOUN,B2
sketch,sketch,素描,NOUN,B2
skiing,skiing,滑雪,NOUN,B2
skilled,skilled,熟练的,ADJ,B2
slander,slander,诽谤,NOUN,B2
slander,to slander,诽谤,VERB,B2
slap,slap,拍击,NOUN,B2
slap,to slap,打耳光,VERB,B2
slaughter,slaughter,屠杀,NOUN,B2
slaughter,to slaughter,割喉,VERB,B2
sleep,sleep,睡眠,NOUN,B2
sleeping pill,sleeping pill,安眠药,NOUN,B2
sleeplessness,sleeplessness,失眠,NOUN,B2
sleeve,sleeve,袖子,NOUN,B2
slice,slice,薄片,NOUN,B2
slide,slide,滑动,NOUN,B2
slip,to slip,滑倒,VERB,B2
slipper,slipper,拖鞋,NOUN,B2
slippery,slippery,滑的,ADJ,B2
slogan,slogan,口号,NOUN,B2
slow down,to slow down,放慢,VERB,B2
slowly,slowly,缓慢地,ADV,B2
slowness,slowness,缓慢,NOUN,B2
sluggish,sluggish,迟钝的,ADJ,B2
sly,sly,狡猾的,ADJ,B2
slyness,slyness,狡猾,NOUN,B2
smallest,smallest,最小的,ADJ,B2
smallness,smallness,小小,NOUN,B2
smash,to smash,粉碎,VERB,B2
smashing,smashing,砸过,NOUN,B2
smattering,smattering,少量,NOUN,B2
glimlachen,to smile,微笑,VERB,B2
roken,smoking,吸烟,NOUN,B2
gladen,to smooth,使光滑,VERB,B2
vlot,smoothly,顺利,ADV,B2
smokkelaar,smuggler,走私者,NOUN,B2
smokkelen,smuggling,走私,NOUN,B2
slak,snail,蜗牛,NOUN,B2
wegpakken,to snatch,抢夺,VERB,B2
slopen,to sneak,潜行,VERB,B2
snurken,to snore,打鼾,VERB,B2
snuit,snout,口鼻,NOUN,B2
sneeuwschaduw,snow shadow,雪影姐姐,NOUN,B2
sneeuwvlok,snowflake,雪花,NOUN,B2
doordrenken,to soak,浸透,VERB,B2
snikken,to sob,啜泣,VERB,B2
snikken,sobbing,抽泣,NOUN,B2
sobriëteit,sobriety,清醒,NOUN,B2
gezellig,sociable,好交际的,ADJ,B2
sociale arbitrage,social arbitration,社会仲裁,NOUN,B2
sociale ontwaking,social awakening,社会觉醒,NOUN,B2
sociale klasse,social class,社会阶层,NOUN,B2
sociaal compromis,social compromise,社会妥协,NOUN,B2
sociale afstand,social distancing,社交距离,NOUN,B2
sociale harmonie,social harmony,社会和谐,NOUN,B2
sociale identiteit,social identity,社会身份,NOUN,B2
sociale interactie,social interaction,社会互动,NOUN,B2
sociale mobilisatie,social mobilization,社会动员,NOUN,B2
sociale organisatie,social organization,社会组织,NOUN,B2
sociale praktijk,social practice,社会实践,NOUN,B2
sociale verzoening,social reconciliation,社会和解,NOUN,B2
sociale stabiliteit,social stability,社会稳定,NOUN,B2
sociale statistiek,social statistics,社会统计,NOUN,B2
sociale stratificatie,social stratification,社会分层,NOUN,B2
sociale trend,social trend,社会趋势,NOUN,B2
sociaal vertrouwen,social trust,社会信任,NOUN,B2
socioloog,sociologist,社会学家,NOUN,B2
sociologie,sociology,社会学,NOUN,B2
bank,sofa,沙发,NOUN,B2
softball,softball,垒球,NOUN,B2
software,software,软件,NOUN,B2
verblijf,sojourn,逗留,NOUN,B2
troost,solace,安慰,NOUN,B2
soldaat,soldiers,官兵,NOUN,B2
zool,sole,鞋底,NOUN,B2
plechtig,solemn,庄严的,ADJ,B2
soliciteren,to solicit,恳求,VERB,B2
donaties ophalen,to solicit donations,募捐,VERB,B2
massa,solid,3D模型 / 实体,NOUN,B2
solid-state drive,solid-state drive,固态硬盘,NOUN,B2
monoloog,soliloquy,独白,NOUN,B2
eenzaamheid,solitude,孤独,NOUN,B2
solvabiliteit,solvency,偿付能力,NOUN,B2
oplosmiddel,solvent,溶剂,NOUN,B2
sommige,some out,出些,NOUN,B2
hoe dan ook,somehow,以某种方式,ADV,B2
op een gegeven moment,sometime,在某个时候,ADV,B2
roet,soot,烟灰,NOUN,B2
sophisterij,sophistry,诡辩,NOUN,B2
sorry,sorry,抱歉,ADJ,B2
sorteren,to sort,分类,VERB,B2
geluid van activiteit,sound of activity,动静,NOUN,B2
gezondheid,soundness,好端端,NOUN,B2
zuur,sour,酸的,ADJ,B2
zuidelijk leger,southern army,南军,NOUN,B2
souvenir,souvenir,纪念品,NOUN,B2
soeverein,sovereign,主权的,ADJ,B2
soevereiniteit,sovereignty,主权,NOUN,B2
zaaien,to sow,播种,VERB,B2
sowing,sowing,播种,NOUN,B2
space,space,空间,NOUN,B2
spaceship,spaceship,宇宙飞船,NOUN,B2
spanish,spanish,西班牙语,NOUN,B2
spare,to spare,节省,VERB,B2
spare time,spare time,业余,NOUN,B2
spark,spark,火花,NOUN,B2
spasm,spasm,痉挛,NOUN,B2
spear,spear,长矛,NOUN,B2
special topic,special topic,专题,NOUN,B2
specialist,specialist,专家,NOUN,B2
specialization,specialization,专业化,NOUN,B2
specialized,specialized,专业的,ADJ,B2
specialty,specialty,专业,NOUN,B2
species,species,物种,NOUN,B2
specification,specification,规格,NOUN,B2
spectacles,spectacles,眼镜,NOUN,B2
spectacular,spectacular,壮观的,ADJ,B2
spectral,spectral,幽灵般的,ADJ,B2
spectrum,spectrum,光谱,NOUN,B2
speculation,speculation,推测,NOUN,B2
spell,spell,咒语,NOUN,B2
spin,to spin,旋转,VERB,B2
spirit training,spirit training,练神,NOUN,B2
spirituality,spirituality,灵性,NOUN,B2
spit,to spit,吐,VERB,B2
spiteful,spiteful,怀恨的,ADJ,B2
splendid,splendid,极好的,ADJ,B2
splendor,splendor,辉煌,NOUN,B2
splint,splint,夹板,NOUN,B2
split,split,分裂,NOUN,B2
split,to split,分裂,VERB,B2
sponsorship,sponsorship,赞助,NOUN,B2
sport,sport,运动,NOUN,B2
sports car,sports car,跑车,NOUN,B2
echtgenoot,spouse,配偶,NOUN,B2
verstuiking,sprain,扭伤,NOUN,B2
spray,spray,喷雾,NOUN,B2
sproeien,to sprinkle,撒,VERB,B2
aanzetten,to spur,激励,VERB,B2
spion,spy,间谍,NOUN,B2
ploeg,squad,小队,NOUN,B2
verspillen,to squander,浪费,VERB,B2
verspilling,squandering,挥霍,NOUN,B2
knieën,to squat,蹲,VERB,B2
knijpen,to squeeze,挤压,VERB,B2
eekhoorn,squirrel,松鼠,NOUN,B2
steken,to stab,刺,VERB,B2
toneelstuk,stage play,舞台剧,NOUN,B2
wankelen,to stagger,蹒跚,VERB,B2
stagnatie,stagnation,停滞,NOUN,B2
stagneren,to stall,拖延,VERB,B2
postzegel,stamp,邮票,NOUN,B2
houding,stance,立场,NOUN,B2
naast elkaar staan,to stand side by side,并列,VERB,B2
standaardisering,standardization,标准化,NOUN,B2
staand,standing,站立的,ADJ,B2
stilstand,standstill,停滞,NOUN,B2
steranijs,star anise,八角,NOUN,B2
sterrenhemel,starry sky,星空,NOUN,B2
verhongeren,to starve,挨饿,VERB,B2
verklaren,to state,说明,VERB,B2
statisch,static,静态的,ADJ,B2
schrijfwaren,stationery,文具,NOUN,B2
statistisch,statistical,统计的,ADJ,B2
statistiek,statistics,统计学,NOUN,B2
status,status,地位,NOUN,B2
stabiel,steady,稳定的,ADJ,B2
stomen,steam,蒸汽,NOUN,B2
stomen,to steam,蒸,VERB,B2
gevulde stoombol,steamed stuffed bun,包子,NOUN,B2
sturen,to steer,引导,VERB,B2
stuurwiel,steering wheel,方向盘,NOUN,B2
sterk,stellar,杰出的,ADJ,B2
stenose,stenosis,狭窄,NOUN,B2
stiefmoeder,stepmother,后母,NOUN,B2
stap,steps,台阶,NOUN,B2
stereotype,stereotype,刻板印象,NOUN,B2
stoven,to stew,炖,VERB,B2
stijfheid,stiffness,僵硬,NOUN,B2
stigma,stigma,耻辱,NOUN,B2
steken,to sting,刺,VERB,B2
geizigheid,stinginess,吝啬；小气,NOUN,B2
geizig,stingy,吝啬的,ADJ,B2
stinken,to stink,发臭,VERB,B2
stinkend,stinking,发臭的,ADJ,B2
vaststellen,to stipulate,规定,VERB,B2
roeren,to stir,搅拌,VERB,B2
steek,stitch,针脚,NOUN,B2
aandelenbeurs,stock market,股市,NOUN,B2
voorraad,stockpile,储备,NOUN,B2
stoïcisme,stoicism,斯多葛主义,NOUN,B2
maagpijn,stomachache,肚子痛,NOUN,B2
stoppen,to stop me,拦我,VERB,B2
winkel,store,商店,NOUN,B2
stormachtig,stormy,有暴风雨的,ADJ,B2
fornuis,stove,炉灶,NOUN,B2
recht,straight,径直地,ADV,B2
rechtzetten,to straighten,弄直,VERB,B2
rechttoe,straightforward,直率的,ADJ,B2
spannen,strain,压力,NOUN,B2
spannen,to strain,努力,VERB,B2
sirene,strait,海峡,NOUN,B2
vreemde troepen,strange troops,怪兵,NOUN,B2
vreemdheid,strangeness,奇怪,NOUN,B2
stranger,stranger,陌生人,NOUN,B2
strangle,to strangle,扼杀,VERB,B2
strap,strap,带子,NOUN,B2
strawberry,strawberry,草莓,NOUN,B2
stream,stream,溪流,NOUN,B2
stressed,stressed,焦虑的,ADJ,B2
stretch,stretch,伸展,NOUN,B2
stretcher,stretcher,担架,NOUN,B2
string,string,细绳,NOUN,B2
strip,strip,条带,NOUN,B2
stroll,stroll,闲逛,NOUN,B2
stroll,to stroll,散步,VERB,B2
stubborn,stubborn,固执的,ADJ,B2
stuck,stuck,卡住的,ADJ,B2
studies,studies,学业,NOUN,B2
stuff,to stuff,填塞,VERB,B2
stunning,stunning,极好的,ADJ,B2
stupidity,stupidity,愚蠢,NOUN,B2
sturdy,sturdy,坚固的,ADJ,B2
subdue,to subdue,制服,VERB,B2
subjective,subjective,主观的,ADJ,B2
subjugate,to subjugate,征服,VERB,B2
submarine,submarine,潜水艇,NOUN,B2
submerge,to submerge,淹没,VERB,B2
submission,submission,顺从,NOUN,B2
subordinate,subordinate,下属,NOUN,B2
subscribe,to subscribe,订阅,VERB,B2
subscriber,subscriber,订阅者,NOUN,B2
subside,to subside,平息,VERB,B2
subsidiary,subsidiary,子公司,NOUN,B2
subsistence,subsistence,生计,NOUN,B2
substance,substance,物质,NOUN,B2
substantiation,substantiation,论证,NOUN,B2
substitute,substitute,替代品,NOUN,B2
subtitle,subtitle,字幕,NOUN,B2
voorstad,suburb,郊区,NOUN,B2
opeenvolging,succession,连续,NOUN,B2
achtereenvolgens,successively,连续地,ADV,B2
bezwijken,to succumb,屈服,VERB,B2
aanklagen,to sue,起诉,VERB,B2
slapeloosheid lijden,to suffer from insomnia,失眠,VERB,B2
volstaan,to suffice,足够,VERB,B2
toereikendheid,sufficiency,充足,NOUN,B2
stikken,to suffocate,窒息,VERB,B2
verstikking,suffocation,窒息,NOUN,B2
top,summit,顶峰,NOUN,B2
dagvaarding,summons,传票,NOUN,B2
weelderig,sumptuous,奢华的,ADJ,B2
zonsopgang,sunrise,日出,NOUN,B2
zonneschijn,sunshine,阳光,NOUN,B2
supercomprehensief,super-comprehensive,超遍,NOUN,B2
supergraad,super-grade,超级,NOUN,B2
superprincipe,super-principle,超则,NOUN,B2
superkwaliteit,super-quality,超质,NOUN,B2
supersysteem,super-system,超制,NOUN,B2
supergedachte,super-thought,超思,NOUN,B2
oppervlakkig,superficial,表面的,ADJ,B2
overbodig,superfluous,多余的,ADJ,B2
meerdere,superior,更好的,ADJ,B2
bijgeloof,superstition,迷信,NOUN,B2
superviseren,to supervise,监督,VERB,B2
toezichthouder,supervisor,主管,NOUN,B2
leverancier,supplier,供应商,NOUN,B2
leveren,supply,供应,NOUN,B2
leveren,to supply,供货,VERB,B2
veronderstellen,to suppose,假设,VERB,B2
onderdrukken,to suppress,压制,VERB,B2
onderdrukking,suppression,抑,NOUN,B2
zeker,sure,确定的,ADJ,B2
stoot,surge,激增,NOUN,B2
chirurg,surgeon,外科医生,NOUN,B2
chirurgie,surgery,手术,NOUN,B2
overtreffen,to surpass,超过,VERB,B2
overschot,surplus,过剩,NOUN,B2
surrealisme,surrealism,超现实主义,NOUN,B2
overgeven,surrender,投降,NOUN,B2
overgeven,to surrender,投降,VERB,B2
omgeving,surroundings,周围,NOUN,B2
toezicht,surveillance,监视,NOUN,B2
topograaf,surveyor,测量员,NOUN,B2
overleving,survival,生存,NOUN,B2
susha,susha,夙砂大,NOUN,B2
spanning,suspense,悬念,NOUN,B2
verdenking,suspicion,怀疑,NOUN,B2
verdacht,suspicious,可疑的,ADJ,B2
voeding,sustenance,食物,NOUN,B2
naden,suture,缝合,NOUN,B2
naden,to suture,缝合,VERB,B2
moeras,swamp,沼泽,NOUN,B2
zwaan,swan,天鹅,NOUN,B2
zwaaien,to sway,摇摆,VERB,B2
zweten,to sweat,出汗,VERB,B2
vegen,sweep,扫,NOUN,B2
vegen,to sweep,打扫,VERB,B2
snoepje,sweet,糖果,NOUN,B2
zoete droom,sweet dream,美梦,NOUN,B2
zoeten,to sweeten,使变甜,VERB,B2
liefde,sweetheart,爱人,NOUN,B2
schat,sweetie,亲爱的,NOUN,B2
bedriegen,to swindle,诈骗,VERB,B2
fraudeur,swindler,骗子,NOUN,B2
zwaai,swing,秋千,NOUN,B2
schakelaar,switch,开关,NOUN,B2
schakelruimte,switch room,配电室,NOUN,B2
centrale,switchboard,总机,NOUN,B2
zwaardloosheid,swordless,剑不,NOUN,B2
zwaardvechter,swordsman,剑客,NOUN,B2
sycofantie,sycophancy,阿谀奉承,NOUN,B2
syllabus,syllabus,教学大纲,NOUN,B2
symmetrie,symmetry,对称,NOUN,B2
sympathie,sympathy,同情,NOUN,B2
symfonie,symphony,交响乐,NOUN,B2
symposium,symposium,研讨会,NOUN,B2
symptoom,symptom,症,PART,B2
symptomatisch,symptomatic,症状的,ADJ,B2
synchronisatie,synchronization,同步,NOUN,B2
synchronisch,synchronous,同步的,ADJ,B2
synergie,synergy,协同效应,NOUN,B2
synoniem,synonymy,同义关系,NOUN,B2
syntaxis,syntax,句法,NOUN,B2
synthese,synthesis,综合,NOUN,B2
siroop,syrup,糖浆,NOUN,B2
systemisch,systemic,全身性的,ADJ,B2
taboe,taboo,禁忌,NOUN,B2
taciet,tacit,心照不宣的,ADJ,B2
taciet,tacitly,默不作声地,ADV,B2
teruggetrokken,taciturn,沉默寡言的,ADJ,B2
tactiek,tactic,策略,NOUN,B2
tactiek,tactics,战术,NOUN,B2
naaier,tailor,裁缝,NOUN,B2
verlof nemen,to take a leave of absence,休学,VERB,B2
wegnemen,to take away,拿走,VERB,B2
passen op,to take care,照顾,VERB,B2
zorgen voor,to take care of,照顾,VERB,B2
stekken nemen,to take cuttings,扦插,VERB,B2
afnemen,to take off,起飞,VERB,B2
ambt aanvaarden,to take office,就职,VERB,B2
uitnemen,to take out,拿出,VERB,B2
opstijgen,takeoff,起飞,NOUN,B2
neming,taking,拍摄,NOUN,B2
gesprek,talk,谈话,NOUN,B2
onzin uitpraten,to talk nonsense,胡言乱语,VERB,B2
spraakzaam,talkative,健谈的,ADJ,B2
spraakzaamheid,talkativeness,多嘴,NOUN,B2
lang,tall,高的,ADJ,B2
temmen,to tame,驯服,VERB,B2
bruinen,to tan,晒黑,VERB,B2
tangent,tangent,切线,NOUN,B2
tank,tank,坦克,NOUN,B2
looiër,tanner,制革工,NOUN,B2
looi,tanning,晒黑,NOUN,B2
michelen,to target,针对,VERB,B2
micheling,targeting,定位,NOUN,B2
tarief,tariff,费率,NOUN,B2
smaakvoorkeur,taste preference,口味,NOUN,B2
strak,taut,绷紧的,ADJ,B2
taverne,tavern,酒馆,NOUN,B2
belasten,to tax,征税,VERB,B2
belastingvrij,tax-exempt,免税,ADJ,B2
taxi,taxi,出租车,NOUN,B2
theeplantage,tea plantation,茶园,NOUN,B2
onderwijzen,to teach,教,VERB,B2
onderwijs,teaching,教学,NOUN,B2
teamgenoot,teammate,队友,NOUN,B2
toren,to tear,撕碎,VERB,B2
opscheuren,to tear up,流泪,VERB,B2
tranen,tears,眼泪,NOUN,B2
technicus,technician,技术员,NOUN,B2
techniek,technique,技巧,NOUN,B2
technocratie,technocracy,技术官僚主义,NOUN,B2
saai,tedious,乏味的,ADJ,B2
teleologie,teleology,目的论,NOUN,B2
telescoop,telescope,望远镜,NOUN,B2
temperament,temper,脾气,NOUN,B2
temperament,temperament,气质,NOUN,B2
tijdelijk,temporarily,临时地,ADV,B2
tijdelijke weigering,temporary refusal,暂不,NOUN,B2
vasthoudend,tenacious,顽强的,ADJ,B2
huurder,tenant,租户,NOUN,B2
tenderloin,tenderloin,里脊,NOUN,B2
pees,tendon,肌腱,NOUN,B2
tennis,tennis,网球,NOUN,B2
gespannen,tense,紧张的,ADJ,B2
tentatief,tentative,暂定的,ADJ,B2
terminaal,terminal,终点站,NOUN,B2
beëindiging,termination,解除,NOUN,B2
terminologie,terminology,术语,NOUN,B2
terrestrisch,terrestrial,地球的,ADJ,B2
ontzitten,to terrify,使恐惧,VERB,B2
angstaanjagend,terrifying,令人恐惧的,ADJ,B2
territoriaal,territorial,领土的,ADJ,B2
terrorist,terrorist,恐怖分子,NOUN,B2
testikel,testicle,睾丸,NOUN,B2
tekstbericht,text message,短信,NOUN,B2
leerboek,textbook,教科书,NOUN,B2
textiel,textile,纺织,NOUN,B2
dan,than,比,ADP,B2
dank,thanks,谢谢,INTJ,B2
dat,that,（引导从句）,SCONJ,B2
die pijl,that arrow,那一箭,NOUN,B2
dat wil zeggen,that is,即,ADV,B2
zo,that way,那样,PRON,B2
doen,to thaw,解冻,VERB,B2
de rest,the rest,其余,NOUN,B2
dan jij,then you,那你,PRON,B2
theocratie,theocracy,神权政治,NOUN,B2
theologie,theology,神学,NOUN,B2
stelling,theorem,定理,NOUN,B2
theoretisch,theoretically,理论上,ADV,B2
there,there,那儿,NOUN,B2
there's still time,to there's still time,来得及,VERB,B2
thereby,thereby,从而,ADV,B2
thereupon,thereupon,随后,ADV,B2
these,these,这些,DET,B2
these three,these three,这三,NOUN,B2
thesis,thesis,论文,NOUN,B2
they things,they things,它们,PRON,B2
thickness,thickness,厚度,NOUN,B2
thief presence,thief presence,有贼,NOUN,B2
thigh,thigh,大腿,NOUN,B2
think to want,to think to want,想,VERB,B2
thinking,thinking,思维,NOUN,B2
thinness,thinness,瘦,NOUN,B2
third,third,三分之一,NOUN,B2
third bestowal,third bestowal,三授,NOUN,B2
thirsty,thirsty,口渴的,ADJ,B2
this,this,您这,NOUN,B2
this battle,this battle,此战,NOUN,B2
this item,this item,这件,NOUN,B2
this way,this way,这样,PRON,B2
this-camp,this-camp,这营,NOUN,B2
those,those,那些,DET,B2
thoughtful,thoughtful,体贴的,ADJ,B2
thread,thread,线,NOUN,B2
three-d printing,three-d printing,3D打印,NOUN,B2
threshold,threshold,门槛,NOUN,B2
thrifty,thrifty,节俭的,ADJ,B2
throw,throw,投掷,NOUN,B2
thrust,thrust,猛推,NOUN,B2
thrust toward,thrust toward,插向,NOUN,B2
thug,thug,暴徒,NOUN,B2
thwart,to thwart,阻挠,VERB,B2
tidal,tidal,潮汐,ADJ,B2
opruimen,to tidy up,整理,VERB,B2
binden,tie,领带,NOUN,B2
binden,to tie,联结,VERB,B2
vastbinden,to tie up,绑,VERB,B2
stevige greep,tight grip,手握紧,NOUN,B2
aanspannen,to tighten,紧握/收紧,VERB,B2
tegel,tile,瓦片,NOUN,B2
betegeling,tiling,铺瓷砖,NOUN,B2
keer,times,倍,NOUN,B2
verlegenheid,timidity,胆怯,NOUN,B2
timing,timing,时机,NOUN,B2
blik,tin,锡,NOUN,B2
tinteling,tingling,麻木感,NOUN,B2
klein,tiny,微小的,ADJ,B2
punt,tip,提示,NOUN,B2
vermoeien,to tire,使疲倦,VERB,B2
vermoeidheid,tiredness,疲劳,NOUN,B2
weefsel,tissue,组织,NOUN,B2
tiende,tithe,什一税,NOUN,B2
vandaag,today,今天,NOUN,B2
tofu,tofu,豆腐,NOUN,B2
arbeid,toil,苦工,NOUN,B2
tolerantie,tolerance,宽容,NOUN,B2
graf,tomb,坟墓,NOUN,B2
ton,ton,吨,NOUN,B2
vanavond,tonight,今晚,NOUN,B2
te,too,太,ADV,B2
weekheid,too soft,太软,NOUN,B2
gereedschapskamer,tool room,工具间,NOUN,B2
gereedschap,tools,工具,NOUN,B2
tandpijn,toothache,牙痛,NOUN,B2
tandpasta,toothpaste,牙膏,NOUN,B2
top,top,顶部,NOUN,B2
toplaag,top dressing,追肥,NOUN,B2
onderwerp,topic,话题,NOUN,B2
topografie,topography,地形,NOUN,B2
fakkel,torch,手电筒,NOUN,B2
tornado,tornado,龙卷风,NOUN,B2
stortvloed,torrent,激流,NOUN,B2
torsie,torsion,扭转,NOUN,B2
martelen,to torture,折磨,VERB,B2
totaal,totally,完全地,ADV,B2
tastbaarheid,touchability,能触摸,NOUN,B2
rondreis,tour,旅行,NOUN,B2
toeristisch,touristic,旅游的,ADJ,B2
naar,toward,朝向,ADP,B2
gemeentehoofd,township head,乡长,NOUN,B2
speelgoed,toy,玩具,NOUN,B2
spoor,trace,痕迹,NOUN,B2
volgen,to track,追踪,VERB,B2
tractor,tractor,拖拉机,NOUN,B2
verkeersbeperking,traffic restriction,限行,NOUN,B2
tragedie,tragedy,悲剧,NOUN,B2
tragisch,tragic,悲剧的,ADJ,B2
aanhangwagen,trailer,预告片,NOUN,B2
treinstation,train station,火车站,NOUN,B2
stagiair,trainee,实习生,NOUN,B2
kenmerk,trait,特征,NOUN,B2
verrader,traitor,叛徒,NOUN,B2
vertrappen,to trample,踩踏,VERB,B2
rustig,tranquil,宁静的,ADJ,B2
transbesluit,trans-decision,超断,NOUN,B2
transgast,trans-guest,超客,NOUN,B2
transzaak,trans-matter,超物,NOUN,B2
transactie,transaction,交易,NOUN,B2
transcendentie,transcendence,超越,NOUN,B2
transcendent,transcendent,卓越的,ADJ,B2
overtreding,transgression,违犯,NOUN,B2
overgangs-,transitional,过渡的,ADJ,B2
transmissie,transmission,传输,NOUN,B2
transmission to you,transmission to you,传你,NOUN,B2
transmit,to transmit,传输,VERB,B2
transparent,transparent,透明的,ADJ,B2
trap,trap,陷阱,NOUN,B2
trash,trash,垃圾,NOUN,B2
travel,travel,出行,NOUN,B2
travel fatigue,travel fatigue,车马劳顿,NOUN,B2
tray,tray,托盘,NOUN,B2
treacherous,treacherous,背叛的,ADJ,B2
treachery,treachery,背叛,NOUN,B2
tread,to tread,踏上,VERB,B2
treason,treason,叛国罪,NOUN,B2
treasure,treasure,财宝,NOUN,B2
treasury,treasury,国库,NOUN,B2
treat guests,to treat guests,请客,VERB,B2
tremble,to tremble,颤抖,VERB,B2
tremor,tremor,颤抖,NOUN,B2
trench,trench,沟渠,NOUN,B2
trend,trend,趋势,NOUN,B2
trial,trial,试验,NOUN,B2
tributary,tributary,支流,NOUN,B2
trick,trick,诡计,NOUN,B2
trick,to trick,欺骗,VERB,B2
trifle,trifle,琐事,NOUN,B2
trigger,trigger,触发器,NOUN,B2
trigger,to trigger,触发,VERB,B2
triple,triple,三倍的,ADJ,B2
triviality,triviality,琐碎,NOUN,B2
troop,troop,部队,NOUN,B2
trophy,trophy,奖杯,NOUN,B2
trouble,to trouble,有劳,VERB,B2
troublesome,troublesome,麻烦的,ADJ,B2
troupe,troupe,剧团,NOUN,B2
truce,truce,休战,NOUN,B2
true concession,true concession,真让,NOUN,B2
Ware vorm,true form,原形,NOUN,B2
Oprecht hart,true heart,本心,NOUN,B2
Trompet,trumpet,小号,NOUN,B2
Koffer,trunk,树干,NOUN,B2
Vertrouwen,trust,信托,NOUN,B2
zich inspannen,to try hard to,力图,VERB,B2
Tonijn,tuna,金枪鱼,NOUN,B2
Tuniek,tunic,束腰外衣,NOUN,B2
Tunnel,tunnel,隧道,NOUN,B2
Beroering,turmoil,混乱,NOUN,B2
omdraaien,to turn around,转身,VERB,B2
Richtingaanwijzer,turn signal,转向灯,NOUN,B2
Keerpunt,turning point,转折点,NOUN,B2
Raap,turnip,芜菁,NOUN,B2
Schildpad,turtle,海龟,NOUN,B2
Voogdij,tutelage,监护,NOUN,B2
Bijles,tutoring,补习,NOUN,B2
Schemering,twilight,暮光,NOUN,B2
draaien,to twist,扭曲,VERB,B2
Twee dieren,two animals,两只,NUM,B2
Tweerichtingsstraat,two-way street,双行道,NOUN,B2
Type,type,类型,NOUN,B2
Tyfoon,typhoon,台风,NOUN,B2
Tirannie,tyranny,暴政,NOUN,B2
Tiran,tyrant,暴君,NOUN,B2
Lelijkheid,ugliness,丑陋,NOUN,B2
Zweer,ulcer,溃疡,NOUN,B2
Ulceratie,ulceration,溃疡,NOUN,B2
uiteindelijk,ultimately,最终,ADV,B2
Paraplu,umbrella,雨伞,NOUN,B2
onaanvaardbaar,unacceptable,不可接受的,ADJ,B2
onbereikbaar,unattainable,难以获得的,ADJ,B2
ondraaglijk,unbearable,难以忍受的,ADJ,B2
ongelooflijk,unbelievable,难以置信的,ADJ,B2
bewusteloos,unconscious,无意识的,ADJ,B2
onbeheersbaar,uncontrollable,无法控制的,ADJ,B2
ongekoeld,uncooled,未寒,NOUN,B2
onthullen,to uncover,揭露,VERB,B2
onontkenbaar,undeniable,不可否认的,ADJ,B2
onderschatten,to underestimate,低估,VERB,B2
onderschatting,underestimation,小看,NOUN,B2
student,undergraduate,本科生,NOUN,B2
ondermijnen,to undermine,破坏,VERB,B2
onderbroek,underpants,内裤,NOUN,B2
begrip,understanding,理解,NOUN,B2
onderneming,undertaking,事业,NOUN,B2
ondertekenen,to underwrite,承保,VERB,B2
onrust,unease,不安,NOUN,B2
onrustig,uneasy,不安的,ADJ,B2
werkloos,unemployed,失业的,ADJ,B2
ongelijk,unequal,不平等的,ADJ,B2
onverwacht,unexpectedly,出乎意料地,ADV,B2
ontvouwen,to unfold,展开,VERB,B2
onfortuinlijk,unfortunate,不幸的,ADJ,B2
onvoorstelbaar,unimaginable,难以想象的,ADJ,B2
onbelangrijk,unimportant,不重要的,ADJ,B2
unionisme,unionism,工会主义,NOUN,B2
uniciteit,uniqueness,独特,NOUN,B2
verenigd,united,联合的,ADJ,B2
universele toepasbaarheid,universal applicability,普适性,NOUN,B2
universaliteit,universality,普遍性,NOUN,B2
onrechtvaardig,unjust,不公正的,ADJ,B2
loslaten,to unleash,释放,VERB,B2
onwaarschijnlijk,unlikely,不太可能的,ADJ,B2
ongelukkig,unlucky,倒霉的,ADJ,B2
uitpakken,to unpack,拆包,VERB,B2
onprettig,unpleasant,令人不快的,ADJ,B2
onvoorspelbaar,unpredictable,不可预测的,ADJ,B2
onverstoord,unruffled,从容,ADJ,B2
instabiel,unstable,不稳定的,ADJ,B2
ontbinden,to untie,解开,VERB,B2
ongewoon,unusual,不寻常的,ADJ,B2
onthulling,unveiling ceremony,揭幕仪式,NOUN,B2
ongewilligheid,unwillingness,不甘,NOUN,B2
onwaardigheid,unworthy,你不配,NOUN,B2
omhoog,up,向上,ADV,B2
tot,up to,为止,ADP,B2
upgraden,to upgrade,升级,VERB,B2
oprecht,upright,正直的,ADJ,B2
opstand,uprising,起义,NOUN,B2
oproer,uproar,骚动,NOUN,B2
uitworteling,uprooting,背井离乡,NOUN,B2
opwaarts,upturn,好转,NOUN,B2
dringen,to urge,强烈要求,VERB,B2
urgentie,urgency,紧急,NOUN,B2
Verenigde Staten,us,你我,NOUN,B2
gebruiken,to use chopsticks,动筷,VERB,B2
gebruiken,to use crutches,拄拐,VERB,B2
nuteloos,useless,无用的,ADJ,B2
vruchtgebruik,usufruct,用益权,NOUN,B2
utilitair,utilitarian,功利的,ADJ,B2
utilitarisme,utilitarianism,功利主义,NOUN,B2
benutten,to utilize,利用,VERB,B2
uiterste,utmost,你尽,NOUN,B2
uitspraak,utterance,话语,NOUN,B2
vacant,vacant,空缺的,ADJ,B2
vakantie,vacation,假期,NOUN,B2
inenten,to vaccinate,接种疫苗,VERB,B2
inenting,vaccination,疫苗接种,NOUN,B2
vaccin,vaccine,疫苗,NOUN,B2
heldhaftig,valiant,英勇的,ADJ,B2
moed,valor,勇气,NOUN,B2
waardering,valuation,估值,NOUN,B2
vampier,vampire,吸血鬼,NOUN,B2
bestelbus,van,货车,NOUN,B2
Voorhoede,vanguard,先锋,NOUN,B2
verdwijnen,to vanish,消失,VERB,B2
Ijdelheid,vanity,虚荣,NOUN,B2
Variabele,variable,变量,NOUN,B2
Variëteit,variety,种类,NOUN,B2
Verschillende afdelingen,various departments,各部,NOUN,B2
uitgestrekt,vast,巨大的,ADJ,B2
Moestuin,vegetable garden,果园,NOUN,B2
Voertuigregistratie,vehicle registration,行驶证,NOUN,B2
Ader,vein,静脉,NOUN,B2
eerbiedwaardig,venerable,值得尊敬的,ADJ,B2
Verering,veneration,崇敬,NOUN,B2
Wraak,vengeance,报复,NOUN,B2
Ventilatie,ventilation,通风,NOUN,B2
Locatie,venue,场地,NOUN,B2
Breedsprakigheid,verbosity,冗长,NOUN,B2
verifiëren,to verify,核实,VERB,B2
Ongedierte,vermin,害兽,NOUN,B2
lentig,vernal,春季的,ADJ,B2
bedreven,versed,精通的,ADJ,B2
verticaal,vertical,垂直的,ADJ,B2
Vat,vessel,船,NOUN,B2
Vest,vest,背心,NOUN,B2
Veteraan,veteran,老手,NOUN,B2
Veto,veto,否决,NOUN,B2
Trilling,vibration,振动,NOUN,B2
Ondeugd,vice,恶习,NOUN,B2
Nabijheid,vicinity,附近,NOUN,B2
Videodisc,video disc,影碟,NOUN,B2
Video-opname,video recording,录像,NOUN,B2
wedijveren,to vie,竞争,VERB,B2
Wake,vigil,守夜,NOUN,B2
Waakzaamheid,vigilance,警惕,NOUN,B2
Vitaliteit,vigor,活力,NOUN,B2
verachtelijk,vile,卑鄙的,ADJ,B2
villa,villa,别墅,NOUN,B2
dorpsvoorman,village head,村长,NOUN,B2
schurk,villain,反派,NOUN,B2
rank,vine,藤蔓,NOUN,B2
azijn,vinegar,醋,NOUN,B2
schenden,to violate,违反,VERB,B2
discipline schenden,to violate discipline,违纪,VERB,B2
overtreding,violation,侵越,NOUN,B2
viool,violin,小提琴,NOUN,B2
deugd,virtue,美德,NOUN,B2
virus,virus,病毒,NOUN,B2
visum,visa,签证,NOUN,B2
viskeus,viscous,黏稠的,ADJ,B2
levendig,vivid,生动的,ADJ,B2
vocaal,vocal,直言的,ADJ,B2
vluchtig,volatile,易变的,ADJ,B2
vrijwillig,voluntarily,自愿地,ADV,B2
overgeven,to vomit,呕吐,VERB,B2
wervel,vortex,漩涡,NOUN,B2
stem,vote,投票,NOUN,B2
stemmen,voting,投票,NOUN,B2
voucher,voucher,代金券,NOUN,B2
belofte,vow,誓言,NOUN,B2
vulgair,vulgar,粗俗的,ADJ,B2
vulgariteit,vulgarity,粗俗,NOUN,B2
oorlog voeren,to wage war,作战,VERB,B2
loon,wages,工资,NOUN,B2
wenen,to wail,哀号,VERB,B2
taille,waist,腰,NOUN,B2
wacht,wait,等待,NOUN,B2
wacht op mij,wait for me,等我,NOUN,B2
lang wachten,to wait long,久等,VERB,B2
wachtkamer,waiting room,候诊室,NOUN,B2
serveerster,waitress,女服务员,NOUN,B2
wakker worden,to wake up,叫醒,VERB,B2
wander,to wander,漫步,VERB,B2
wandering,wandering,漫游,NOUN,B2
want to lure,want to lure,想引,NOUN,B2
want to need will,to want to need will,要,VERB,B2
wanted,wanted,故意的,ADJ,B2
ward,ward,病房,NOUN,B2
warden,warden,看守人,NOUN,B2
wardrobe,wardrobe,衣柜,NOUN,B2
warm,warm,温暖的,ADJ,B2
warming,warming,变暖,NOUN,B2
was,to was,是,VERB,B2
washing,washing,洗涤,NOUN,B2
washing machine,washing machine,洗衣机,NOUN,B2
wasteland,wasteland,荒地,NOUN,B2
watch,to watch,观看,VERB,B2
water,to water,浇水,VERB,B2
water falling,water falling,水落,NOUN,B2
water spinach,water spinach,空心菜,NOUN,B2
watercolor,watercolor,水彩画,NOUN,B2
waterfall,waterfall,瀑布,NOUN,B2
watermelon,watermelon,西瓜,NOUN,B2
watermelon seed,watermelon seed,西瓜子,NOUN,B2
way out,way out,出路,NOUN,B2
we or us including both the speaker and the person s spoken to,we or us including both the speaker and the person s spoken to,咱们,PRON,B2
we two,we two,我俩,PRON,B2
weakness,weakness,弱点,NOUN,B2
wean,to wean,断奶,VERB,B2
weaning,weaning,断奶,NOUN,B2
weariness,weariness,疲倦,NOUN,B2
weather,weather,天气,NOUN,B2
weave,to weave,编织,VERB,B2
weaving,weaving,编织,NOUN,B2
website,website,网站,NOUN,B2
wedding anniversary,wedding anniversary,结婚纪念日,NOUN,B2
wedding photo,wedding photo,婚纱照,NOUN,B2
weeknummer,week number,周次,NOUN,B2
weekdag,weekday,工作日,NOUN,B2
weektest,weekly test,周测,NOUN,B2
vreemdeling,weirdo,怪人,NOUN,B2
welkom,welcome,欢迎,NOUN,B2
welkomstbanket,welcome banquet,欢迎宴,NOUN,B2
lassen,welding,焊接,NOUN,B2
welzijn,welfare,福利,NOUN,B2
bekend,well-known,众所周知的,ADJ,B2
westelijke regio,western regions,西域,NOUN,B2
moeras,wetland,湿地,NOUN,B2
walvis,whale,鲸鱼,NOUN,B2
wat,what,什么,ADV,B2
tarwe,wheat,小麦,NOUN,B2
wanneer,when,当...时,SCONJ,B2
verblijfplaats,whereabouts,行踪,NOUN,B2
of,whether,能否,NOUN,B2
of,whether or not,是否,SCONJ,B2
welke,which,哪个,DET,B2
welke,which one,哪一个,PRON,B2
poos,while,一会儿,NOUN,B2
capriool,whim,突发奇想,NOUN,B2
zweep,to whip,鞭打,VERB,B2
wervelwind,whirlwind,旋风；漩涡,NOUN,B2
fluistering,whisper,低语,NOUN,B2
wereld,whole world,全世界,NOUN,B2
wie,whom,谁,PRON,B2
wiens,whose,谁的,PRON,B2
verbreden,to widen,加宽,VERB,B2
wijdverbreid,widespread,广泛的,ADJ,B2
wild,wild,野生的,ADJ,B2
zullen,will,将要,AUX,B2
wilful,willful,任性的,ADJ,B2
willen,willing,肯,AUX,B2
bereidheid,willingness,乐意,NOUN,B2
waaien,to wind,缠绕,VERB,B2
raamglas,window glass,窗玻璃,NOUN,B2
wijnglas,wine cup,这酒盏,NOUN,B2
knipperen,to wink,眨眼,VERB,B2
winnen,to winnow,筛选,VERB,B2
vegen,to wipe,擦,VERB,B2
wisser,wiper,雨刷,NOUN,B2
draadloos,wireless,无线的,ADJ,B2
heks,witch,女巫,NOUN,B2
met moeite,with difficulty,困难地,ADV,B2
terugtrekking,withdrawal,撤回,NOUN,B2
binnen,within,在……之内,ADP,B2
getuigen,to witness,目击,VERB,B2
getuigenis,witness testimony,人证,NOUN,B2
geest,wits,心眼,NOUN,B2
geestig,witty,机智的,ADJ,B2
tovenaar,wizard,巫师,NOUN,B2
wolf,wolf,狼,NOUN,B2
niet doen,won't do,不行,ADJ,B2
niet doen,to won't do,不成,VERB,B2
wonderen,wonder,奇迹,NOUN,B2
wonderen,to wonder,觉得奇怪,VERB,B2
wonderbaar,wonderful,极好的,ADJ,B2
houtoor,wood ear mushroom,木耳,NOUN,B2
bos,woodland,林地,NOUN,B2
wol,wool,羊毛,NOUN,B2
strijden,to work hard for sth to strive for success,争气,VERB,B2
uitwerken,to work out,成功,VERB,B2
wereldbeeld,worldview,世界观,NOUN,B2
worm,worm,虫,NOUN,B2
bezorgd,worried,担心的,ADJ,B2
zorgen,worry,担忧,NOUN,B2
zorgen,to worry,担心,VERB,B2
slechter,worse,更糟的,ADJ,B2
worsen,to worsen,恶化,VERB,B2
worship,worship,崇拜,NOUN,B2
worship,to worship,崇拜,VERB,B2
wound,to wound,使受伤,VERB,B2
wounded,wounded,受伤的,ADJ,B2
wrap,to wrap,包裹,VERB,B2
wrapping,wrapping,包装,NOUN,B2
wrath,wrath,愤怒,NOUN,B2
wreck,wreck,残骸,NOUN,B2
wrest,to wrest,强行夺取,VERB,B2
wrestling,wrestling,摔跤,NOUN,B2
wretch,wretch,令人厌恶的人,NOUN,B2
wrinkle,wrinkle,皱纹,NOUN,B2
wrinkle-resistant,wrinkle-resistant,防皱,ADJ,B2
writing,writing,文字,NOUN,B2
written,written,书面的,ADJ,B2
wrong,wrong,错误的事,NOUN,B2
wrong mistake,wrong mistake,错误,ADJ,B2
wudang,wudang,武当,NOUN,B2
yard,yard,院子,NOUN,B2
yawn,to yawn,打哈欠,VERB,B2
yearn for,to yearn for,渴望,VERB,B2
yearning,yearning,向往,NOUN,B2
years,years,数年,NOUN,B2
yeast,yeast,酵母,NOUN,B2
yell,to yell,大吼,VERB,B2
yes,yes,是啊,NOUN,B2
yesterday,yesterday,بارحة,NOUN,B2
yield,to yield,产出,VERB,B2
yoga,yoga,瑜伽,NOUN,B2
yogurt,yogurt,酸奶,NOUN,B2
you can,you can,您能,NOUN,B2
you cannot live,you cannot live,你也活不,NOUN,B2
you plural,you plural,你们,PRON,B2
you polite,you polite,您,PRON,B2
jongheer,young master,少庄主,NOUN,B2
jongeling,youngster,年少者,NOUN,B2
lach,your laugh,你笑,NOUN,B2
majesteit,your majesty,陛下,NOUN,B2
yuanxiao,yuanxiao,元宵,NOUN,B2
zenit,zenith,顶点,NOUN,B2
Zhuanghe,zhuang he,庄郃,NOUN,B2
zink,zinc,锌,NOUN,B2
dierenteken,zodiac sign,属相,NOUN,B2
zombie,zombie,僵尸,NOUN,B2
zone,zone,区域,NOUN,B2
courgette,zucchini,西葫芦,NOUN,B2
cushion,cushion,垫子,NOUN,B2
peremptory,peremptory,专横的,ADJ,B2
availability,availability,可用性,NOUN,B2
to intrigue,to intrigue,激起兴趣,VERB,B2
to bombard,to bombard,轰炸,VERB,B2
to digress,to digress,离题,VERB,B2
to exasperate,to exasperate,激怒,VERB,B2
gullible,gullible,易受骗的,ADJ,B2
baroness,baroness,女男爵,NOUN,B2
conquest,conquest,征服,NOUN,B2
to evict,to evict,驱逐,VERB,B2
abyss,abyss,深渊,NOUN,B2
cruise,cruise,巡航,NOUN,B2
prophecy,prophecy,预言,NOUN,B2
sacred,sacred,神圣的,ADJ,B2
sterile,sterile,无菌的,ADJ,B2
to evangelize,to evangelize,传福音,VERB,B2
calling,calling,使命,NOUN,B2
to disembark,to disembark,下船,VERB,B2
to frequent,to frequent,常去,VERB,B2
to encompass,to encompass,包含,VERB,B2
ardor,ardor,热情,NOUN,B2
to gild,to gild,镀金,VERB,B2
to exhume,to exhume,掘出,VERB,B2
to exempt,to exempt,免除,VERB,B2
to apprehend,to apprehend,逮捕,VERB,B2
giant,giant,巨人,NOUN,B2
to endow,to endow,赋予,VERB,B2
armor,armor,盔甲,NOUN,B2
to stoke,to stoke,添燃料,VERB,B2
to cool,to cool,冷却,VERB,B2
feat,feat,功绩,NOUN,B2
to desist,to desist,停止,VERB,B2
anarchy,anarchy,无政府状态,NOUN,B2
to dodge,to dodge,躲避,VERB,B2
pebble,pebble,卵石,NOUN,B2
to blacken,to blacken,变黑,VERB,B2
to condition,to condition,制约,VERB,B2
to complicate,to complicate,使复杂化,VERB,B2
ornament,ornament,装饰,NOUN,B2
insane,insane,疯狂的,ADJ,B2
abscess,abscess,脓肿,NOUN,B2
cunning,cunning,诡计,NOUN,B2
specimen,specimen,标本,NOUN,B2
to refine,to refine,提炼,VERB,B2
hypocrite,hypocrite,伪君子,NOUN,B2
in between,in between,在中间,ADV,B2
ethical,ethical,道德的,ADJ,B2
alert,alert,警报,NOUN,B2
nuanced,nuanced,细微差别的,ADJ,B2
stupor,stupor,昏迷,NOUN,B2
hedge,hedge,树篱,NOUN,B2
jail,jail,监狱,NOUN,B2
fee,fee,费用,NOUN,B2
archetype,archetype,原型,NOUN,B2
dynamite,dynamite,炸药,NOUN,B2
illicit,illicit,违禁的,ADJ,B2
to devour,to devour,吞食,VERB,B2
patrol,patrol,巡逻,NOUN,B2
to perceive,to perceive,察觉,VERB,B2
to abdicate,to abdicate,退位,VERB,B2
to censor,to censor,审查,VERB,B2
vault,vault,金库,NOUN,B2
unambiguous,unambiguous,明确的,ADJ,B2
overwhelming,overwhelming,压倒性的,ADJ,B2
deeply,deeply,深深地,ADV,B2
to withhold,to withhold,扣留,VERB,B2
to amplify,to amplify,放大,VERB,B2
gallant,gallant,英勇的,ADJ,B2
chandelier,chandelier,吊灯,NOUN,B2
usable,usable,可用的,ADJ,B2
to evoke,to evoke,唤起,VERB,B2
anatomy,anatomy,解剖学,NOUN,B2
to despoil,to despoil,掠夺,VERB,B2
cocky,cocky,傲慢的,ADJ,B2
atheist,atheist,无神论者,NOUN,B2
immortal,immortal,不朽的,ADJ,B2
to debase,to debase,贬低,VERB,B2
lethal,lethal,致命的,ADJ,B2
footprint,footprint,足迹,NOUN,B2
hurrah,hurrah,万岁,INTJ,B2
sovereign,sovereign,君主,NOUN,B2
discontent,discontent,不满,NOUN,B2
to ravage,to ravage,破坏,VERB,B2
tattoo,tattoo,纹身,NOUN,B2
to emerge,to emerge,出现,VERB,B2
wig,wig,假发,NOUN,B2
emblematic,emblematic,象征性的,ADJ,B2
gaseous,gaseous,气态的,ADJ,B2
show,show,表演,NOUN,B2
disarmament,disarmament,裁军,NOUN,B2
impartiality,impartiality,公正,NOUN,B2
carefully,carefully,仔细地,ADV,B2
ungrateful,ungrateful,忘恩负义的,ADJ,B2
shamelessness,shamelessness,无耻,NOUN,B2
to give birth,to give birth,分娩,VERB,B2
duplicity,duplicity,口是心非,NOUN,B2
power plant,power plant,发电厂,NOUN,B2
unharmed,unharmed,未受伤的,ADJ,B2
corporal,corporal,下士,NOUN,B2
nevertheless,nevertheless,尽管如此,ADV,B2
to bleat,to bleat,哀叫,VERB,B2
congenital,congenital,先天的,ADJ,B2
to border,to border,接壤,VERB,B2
to conjecture,to conjecture,猜测,VERB,B2
irregularity,irregularity,不规则,NOUN,B2
wisely,wisely,明智地,ADV,B2
to sadden,to sadden,使悲伤,VERB,B2
intentionally,intentionally,故意地,ADV,B2
wear,wear,磨损,NOUN,B2
dilatory,dilatory,拖延的,ADJ,B2
figurative,figurative,比喻的,ADJ,B2
turkey,turkey,火鸡,NOUN,B2
looting,looting,掠夺,NOUN,B2
infinitive marker,infinitive marker,去,PART,B2
sexually,sexually,在性方面,ADV,B2
to hail,to hail,下冰雹,VERB,B2
to diverge,to diverge,分歧,VERB,B2
monarch,monarch,君主,NOUN,B2
welcoming,welcoming,舒适的,ADJ,B2
cashier,cashier,出纳员,NOUN,B2
to abort,to abort,流产,VERB,B2
to radiate,to radiate,辐射,VERB,B2
illustrious,illustrious,著名的,ADJ,B2
fortuitous,fortuitous,偶然的,ADJ,B2
homonymy,homonymy,同音异义,NOUN,B2
rebellious,rebellious,叛逆的,ADJ,B2
unthinkable,unthinkable,不可想象的,ADJ,B2
embolism,embolism,栓塞,NOUN,B2
to numb,to numb,使麻木,VERB,B2
restriction,restriction,限制,NOUN,B2
daycare,daycare,托儿所,NOUN,B2
to desert,to desert,擅离职守,VERB,B2
imposing,imposing,宏伟的,ADJ,B2
decal,decal,贴花,NOUN,B2
scientifically,scientifically,科学地,ADV,B2
yeah yeah,yeah yeah,是是是,INTJ,B2
snitch,snitch,告密者,NOUN,B2
epigraph,epigraph,题词,NOUN,B2
explicitly,explicitly,明确地,ADV,B2
to dispense,to dispense,分发,VERB,B2
embryo,embryo,胚胎,NOUN,B2
consanguinity,consanguinity,血缘,NOUN,B2
break-in,break-in,非法侵入,NOUN,B2
wording,wording,措辞,NOUN,B2
wimp,wimp,懦夫,NOUN,B2
to arm,to arm,武装,VERB,B2
nomad,nomad,游牧者,NOUN,B2
purification,purification,净化,NOUN,B2
hydrocarbon,hydrocarbon,碳氢化合物,NOUN,B2
paroxysm,paroxysm,发作,NOUN,B2
frozen,frozen,冻僵的,ADJ,B2
noodle,noodle,面条,NOUN,B2
languor,languor,倦怠,NOUN,B2
good heavens,good heavens,天哪,INTJ,B2
cosmopolitan,cosmopolitan,世界主义的,ADJ,B2
invader,invader,入侵者,NOUN,B2
commiseration,commiseration,同情,NOUN,B2
to gape,to gape,目瞪口呆,VERB,B2
superiority,superiority,优越性/优势,NOUN,B2
partial,partial,部分的,ADJ,B2
conservatory,conservatory,音乐学院,NOUN,B2
little,little,少,DET,B2
distributor,distributor,分销商,NOUN,B2
horny,horny,性欲的,ADJ,B2
dignitary,dignitary,高官,NOUN,B2
to spy,to spy,监视,VERB,B2
to uproot,to uproot,根除,VERB,B2
together,together,共同的,ADJ,B2
humanist,humanist,人文主义者,NOUN,B2
indiscretion,indiscretion,轻率,NOUN,B2
self,self,自己,PRON,B2
philosophical,philosophical,哲学的,ADJ,B2
infidelity,infidelity,不忠,NOUN,B2
hotelier,hotelier,旅馆老板,NOUN,B2
to tear out,to tear out,拔出,VERB,B2
to rough-hew,to rough-hew,粗加工,VERB,B2
philologist,philologist,语言学家,NOUN,B2
to snoop,to snoop,窥探,VERB,B2
law firm,law firm,律师事务所,NOUN,B2
manhunt,manhunt,搜捕,NOUN,B2
advent,advent,到来,NOUN,B2
infamy,infamy,恶名,NOUN,B2
on top,on top,在上面,ADV,B2
gifted,gifted,有天赋的,ADJ,B2
to seat,to seat,使坐下,VERB,B2
cosmetic,cosmetic,化妆品的,ADJ,B2
remarkably,remarkably,显著地,ADV,B2
complement,complement,补充物,NOUN,B2
melancholy,melancholy,忧郁,NOUN,B2
admirer,admirer,仰慕者,NOUN,B2
dependence,dependence,依赖,NOUN,B2
generality,generality,普遍性,NOUN,B2
technically,technically,技术上地,ADV,B2
fifteen,fifteen,十五,NUM,B2
laxity,laxity,松弛,NOUN,B2
cigar,cigar,雪茄,NOUN,B2
to whimper,to whimper,呜咽,VERB,B2
private life,private life,私生活,NOUN,B2
considerably,considerably,相当地,ADV,B2
sunflower,sunflower,向日葵,NOUN,B2
to anger,to anger,使生气,VERB,B2
chieftain,chieftain,酋长,NOUN,B2
conciliatory,conciliatory,调和的,ADJ,B2
physiological,physiological,生理的,ADJ,B2
insensitive,insensitive,麻木的,ADJ,B2
past,past,经过,ADV,B2
self-denial,self-denial,自我牺牲,NOUN,B2
witchcraft,witchcraft,巫术,NOUN,B2
tumor,tumor,肿瘤,NOUN,B2
to gain weight,to gain weight,变胖,VERB,B2
muzzle,muzzle,口套,NOUN,B2
to wear out,to wear out,磨损,VERB,B2
broke,broke,破产的,ADJ,B2
credulity,credulity,轻信,NOUN,B2
to harden,to harden,使经受锻炼,VERB,B2
imprint,imprint,印记,NOUN,B2
to strike down,to strike down,击倒,VERB,B2
to strip,to strip,裸露,VERB,B2
spinning mill,spinning mill,纺纱厂,NOUN,B2
therapist,therapist,治疗师,NOUN,B2
fellow citizen,fellow citizen,同胞,NOUN,B2
time occasion,time occasion,次,NOUN,B2
heavily,heavily,沉重地,ADV,B2
proselytism,proselytism,传教,NOUN,B2
to access,to access,进入,VERB,B2
to empty,to empty,倒空,VERB,B2
babysitter,babysitter,保姆,NOUN,B2
rapture,rapture,狂喜,NOUN,B2
damages,damages,损害赔偿,NOUN,B2
novelty,novelty,新奇事物,NOUN,B2
farmstead,farmstead,农庄,NOUN,B2
yuck,yuck,呸,INTJ,B2
to gossip,to gossip,闲聊,VERB,B2
to debut,to debut,首次亮相,VERB,B2
sailor,sailor,水手,NOUN,B2
to fake,to fake,伪造,VERB,B2
scholarship holder,scholarship holder,奖学金生,NOUN,B2
generic,generic,通用的,ADJ,B2
to overflow,to overflow,溢出,VERB,B2
stratum,stratum,阶层,NOUN,B2
to bristle,to bristle,使竖起,VERB,B2
cardboard,cardboard,硬纸板,NOUN,B2
to wedge,to wedge,卡住,VERB,B2
unconditional,unconditional,无条件的,ADJ,B2
stroller,stroller,婴儿车,NOUN,B2
reminder,reminder,提醒物,NOUN,B2
taxpayer,taxpayer,纳税人,NOUN,B2
pharaoh,pharaoh,法老,NOUN,B2
to long for,to long for,渴望,VERB,B2
to prop up,to prop up,支撑,VERB,B2
unfaithful,unfaithful,不忠的,ADJ,B2
propeller,propeller,螺旋桨,NOUN,B2
apostate,apostate,叛教者,NOUN,B2
a little,a little,一点儿,ADV,B2
last name,last name,姓,NOUN,B2
cavity,cavity,腔,NOUN,B2
immodesty,immodesty,不贞,NOUN,B2
census,census,人口普查,NOUN,B2
to thrive,to thrive,茁壮成长,VERB,B2
flagrancy,flagrancy,现行,NOUN,B2
thunderstorm,thunderstorm,雷阵雨,NOUN,B2
to nail,to nail,钉,VERB,B2
gastronomy,gastronomy,美食学,NOUN,B2
puff,puff,一口烟,NOUN,B2
itinerary,itinerary,行程,NOUN,B2
triggering,triggering,触发,NOUN,B2
insulin,insulin,胰岛素,NOUN,B2
demarcation,demarcation,划界,NOUN,B2
mentally,mentally,精神上地,ADV,B2
instantaneous,instantaneous,瞬间的,ADJ,B2
to distill,to distill,蒸馏,VERB,B2
on purpose,on purpose,故意地,ADV,B2
to implant,to implant,植入,VERB,B2
scandalous,scandalous,可耻的,ADJ,B2
to be based on,to be based on,基于,VERB,B2
extract,extract,摘录,NOUN,B2
squall,squall,骤雨,NOUN,B2
feminine,feminine,女性的,ADJ,B2
insecurity,insecurity,不安全感,NOUN,B2
consecutively,consecutively,连续地,ADV,B2
gutter,gutter,路沟,NOUN,B2
complexion,complexion,肤色,NOUN,B2
blessed,blessed,受祝福的,ADJ,B2
to move touch,to move touch,使感动,VERB,B2
fetish,fetish,恋物,NOUN,B2
coat of arms,coat of arms,纹章,NOUN,B2
ellipsis,ellipsis,省略,NOUN,B2
co-owner,co-owner,共有人,NOUN,B2
frugality,frugality,节俭,NOUN,B2
hedonism,hedonism,享乐主义,NOUN,B2
mitten,mitten,连指手套,NOUN,B2
combativeness,combativeness,好斗性,NOUN,B2
funereal,funereal,丧葬的,ADJ,B2
to ally,to ally,结盟,VERB,B2
to load charge,to load charge,装载,VERB,B2
stealth,stealth,秘密行动,NOUN,B2
x-ray,x-ray,X光片,NOUN,B2
to plug in,to plug in,插入,VERB,B2
clemency,clemency,仁慈,NOUN,B2
depravity,depravity,堕落,NOUN,B2
marine,marine,海洋的,ADJ,B2
to intercede,to intercede,调停,VERB,B2
fatalism,fatalism,宿命论,NOUN,B2
deplorable,deplorable,可悲的,ADJ,B2
kiosk,kiosk,亭子,NOUN,B2
autonomy,autonomy,自治,NOUN,B2
defensive,defensive,防御的,ADJ,B2
flowery,flowery,华丽的,ADJ,B2
carbohydrate,carbohydrate,碳水化合物,NOUN,B2
insufficiency,insufficiency,不足,NOUN,B2
condescension,condescension,屈尊,NOUN,B2
to move away,to move away,移开,VERB,B2
to parade,to parade,游行,VERB,B2
wintry,wintry,冬天的,ADJ,B2
infirmary,infirmary,医务室,NOUN,B2
to dishonor,to dishonor,使蒙羞,VERB,B2
cigarette butt,cigarette butt,烟头,NOUN,B2
seal,seal,海豹,NOUN,B2
villainy,villainy,邪恶,NOUN,B2
swedish,swedish,瑞典语,NOUN,B2
fragmentary,fragmentary,零碎的,ADJ,B2
illumination,illumination,照明,NOUN,B2
psychopath,psychopath,精神变态者,NOUN,B2
fictitious,fictitious,虚构的,ADJ,B2
baton,baton,警棍,NOUN,B2
to age,to age,变老,VERB,B2
school,school,学校的,ADJ,B2
failed,failed,失败的,ADJ,B2
discernment,discernment,洞察力,NOUN,B2
insolvent,insolvent,无偿还能力的,ADJ,B2
to indoctrinate,to indoctrinate,灌输,VERB,B2
inkling,inkling,预感,NOUN,B2
hypertrophy,hypertrophy,肥大,NOUN,B2
torso,torso,躯干,NOUN,B2
uniform,uniform,制服,NOUN,B2
rag,rag,破布,NOUN,B2
to giggle,to giggle,咯咯笑,VERB,B2
overdose,overdose,过量,NOUN,B2
diabolical,diabolical,恶魔般的,ADJ,B2
to insinuate,to insinuate,暗示,VERB,B2
to consent,to consent,同意,VERB,B2
inconceivable,inconceivable,不可想象的,ADJ,B2
grotto,grotto,洞穴,NOUN,B2
didactic,didactic,教学的,ADJ,B2
ejection,ejection,喷射,NOUN,B2
offspring,offspring,幼崽,NOUN,B2
frigate,frigate,护卫舰,NOUN,B2
sorcerer,sorcerer,巫师,NOUN,B2
epic,epic,史诗的,ADJ,B2
magistrate,magistrate,法官,NOUN,B2
canonical,canonical,规范的,ADJ,B2
to knit,to knit,编织,VERB,B2
to spot,to spot,看见,VERB,B2
relieved,relieved,宽慰的,ADJ,B2
alcoholic,alcoholic,酒精的,ADJ,B2
desolation,desolation,荒凉,NOUN,B2
soda,soda,苏打,NOUN,B2
lapse,lapse,疏忽,NOUN,B2
sperm,sperm,精子,NOUN,B2
impunity,impunity,逍遥法外,NOUN,B2
politically,politically,在政治上,ADV,B2
reach,reach,范围,NOUN,B2
greek,greek,希腊语,NOUN,B2
wilderness,wilderness,荒野,NOUN,B2
to bring closer,to bring closer,靠近,VERB,B2
him her,him her,他/她,PRON,B2
trembling,trembling,颤抖的,ADJ,B2
to plot,to plot,密谋,VERB,B2
to sketch,to sketch,勾勒,VERB,B2
to corroborate,to corroborate,证实,VERB,B2
ordinance,ordinance,条例,NOUN,B2
mistreatment,mistreatment,虐待,NOUN,B2
extremist,extremist,极端主义者,NOUN,B2
to irrigate,to irrigate,灌溉,VERB,B2
carpet rug,carpet rug,地毯,NOUN,B2
jewelry store,jewelry store,珠宝店,NOUN,B2
disc,disc,光盘,NOUN,B2
deceased,deceased,已故的,ADJ,B2
imperfect,imperfect,不完美的,ADJ,B2
moratorium,moratorium,暂停,NOUN,B2
jubilation,jubilation,欢欣,NOUN,B2
inhuman,inhuman,不人道的,ADJ,B2
excursion,excursion,郊游,NOUN,B2
to inconvenience,to inconvenience,使不便,VERB,B2
tv,tv,电视,NOUN,B2
tablet,tablet,平板电脑,NOUN,B2
die,die,骰子,NOUN,B2
circumspect,circumspect,谨慎的,ADJ,B2
regularity,regularity,规律性,NOUN,B2
to flash,to flash,闪烁,VERB,B2
exponential,exponential,指数的,ADJ,B2
diploma,diploma,文凭,NOUN,B2
gardening,gardening,园艺,NOUN,B2
to undress,to undress,脱衣,VERB,B2
counterfeiting,counterfeiting,伪造,NOUN,B2
hermit,hermit,隐士,NOUN,B2
corollary,corollary,推论,NOUN,B2
homily,homily,布道,NOUN,B2
deference,deference,敬意,NOUN,B2
incompetent,incompetent,无能的,ADJ,B2
idiosyncrasy,idiosyncrasy,特质,NOUN,B2
diffuse,diffuse,模糊的,ADJ,B2
cognitive,cognitive,认知的,ADJ,B2
holocaust,holocaust,浩劫,NOUN,B2
unlimited,unlimited,无限的,ADJ,B2
to lighten,to lighten,减轻,VERB,B2
seriously,seriously,认真地,ADV,B2
to wilt,to wilt,枯萎,VERB,B2
to impute,to impute,归咎,VERB,B2
precisely,precisely,确切地; 正好,ADV,B2
prepared,prepared,准备好的,ADJ,B2
to crash,to crash,碰撞,VERB,B2
rubble,rubble,瓦砾,NOUN,B2
redemption,redemption,救赎,NOUN,B2
influx,influx,涌入,NOUN,B2
to nickname,to nickname,给...起绰号,VERB,B2
to overstep,to overstep,越权,VERB,B2
cylindrical,cylindrical,圆柱形的,ADJ,B2
the more,the more,越,ADV,B2
to skim,to skim,轻触,VERB,B2
have to,have to,必须,AUX,B2
motionless,motionless,静止的,ADJ,B2
to sanctify,to sanctify,使神圣,VERB,B2
dying,dying,垂死的,ADJ,B2
to undo,to undo,解开,VERB,B2
listener,listener,听众,NOUN,B2
devaluation,devaluation,贬值,NOUN,B2
hiding place,hiding place,藏身处,NOUN,B2
holidays,holidays,假期,NOUN,B2
endowment,endowment,配备,NOUN,B2
gerontocracy,gerontocracy,老人政治,NOUN,B2
incoherent,incoherent,不连贯的,ADJ,B2
circumlocution,circumlocution,迂回说法,NOUN,B2
descriptive,descriptive,描述性的,ADJ,B2
anything,anything,任何事,PRON,B2
to invoke,to invoke,援引,VERB,B2
drool,drool,口水,NOUN,B2
remote control,remote control,遥控器,NOUN,B2
alone,alone,单独的,ADJ,B2
duchess,duchess,公爵夫人,NOUN,B2
inadmissible,inadmissible,不可接受的,ADJ,B2
shiver,shiver,寒战,NOUN,B2
fiery,fiery,热烈的,ADJ,B2
jurist,jurist,法学家,NOUN,B2
to snow,to snow,下雪,VERB,B2
to intoxicate,to intoxicate,使中毒,VERB,B2
fragility,fragility,脆弱,NOUN,B2
to narrow,to narrow,使变窄,VERB,B2
free of charge,free of charge,免费,NOUN,B2
subconscious,subconscious,潜意识,NOUN,B2
to blow up,to blow up,炸毁,VERB,B2
hose,hose,软管,NOUN,B2
that,that,那个,DET,B2
yarn,yarn,纱线,NOUN,B2
to torment,to torment,折磨,VERB,B2
to group,to group,分组,VERB,B2
hare,hare,野兔,NOUN,B2
gravely,gravely,严重地,ADV,B2
to delight,to delight,使高兴,VERB,B2
to back up,to back up,后退,VERB,B2
to rinse,to rinse,冲洗,VERB,B2
to inflame,to inflame,使发炎,VERB,B2
emblem,emblem,徽章,NOUN,B2
superior,superior,上级,NOUN,B2
ashtray,ashtray,烟灰缸,NOUN,B2
to make proud,to make proud,使自豪,VERB,B2
to instill,to instill,灌输,VERB,B2
to be moved,to be moved,感动,VERB,B2
to unmask,to unmask,揭穿,VERB,B2
casuistry,casuistry,决疑法,NOUN,B2
moving,moving,感人的,ADJ,B2
to expatriate,to expatriate,使移居国外,VERB,B2
to swell,to swell,使肿胀,VERB,B2
to redden,to redden,变红,VERB,B2
duvet,duvet,羽绒被,NOUN,B2
to have to,to have to,必须,VERB,B2
tiresome,tiresome,累人的,ADJ,B2
to stammer,to stammer,结巴,VERB,B2
dictator,dictator,独裁者,NOUN,B2
fatuity,fatuity,愚昧,NOUN,B2
to spawn,to spawn,产卵,VERB,B2
to repeal,to repeal,废除,VERB,B2
to skin,to skin,剥皮,VERB,B2
lay,lay,叙事短诗,NOUN,B2
to lengthen,to lengthen,延长,VERB,B2
to recreate,to recreate,重建,VERB,B2
physically,physically,身体上地,ADV,B2
counterargument,counterargument,反论点,NOUN,B2
to riddle,to riddle,使布满孔洞,VERB,B2
effectively,effectively,有效地,ADV,B2
skylight,skylight,天窗,NOUN,B2
pathology,pathology,病理学,NOUN,B2
defective,defective,有缺陷的,ADJ,B2
premonition,premonition,预感,NOUN,B2
stopover,stopover,中途停留,NOUN,B2
to dissipate,to dissipate,消散,VERB,B2
chosen,chosen,精选的,ADJ,B2
hinge,hinge,合页,NOUN,B2
to detail,to detail,详述,VERB,B2
hold,hold,控制,NOUN,B2
to assault,to assault,袭击,VERB,B2
imaginative,imaginative,富有想象力的,ADJ,B2
to fall silent,to fall silent,沉默,VERB,B2
to sulk,to sulk,生闷气,VERB,B2
fidelity,fidelity,忠诚,NOUN,B2
report card,report card,成绩单,NOUN,B2
hydraulic,hydraulic,液压的,ADJ,B2
nape,nape,后颈,NOUN,B2
endemic,endemic,地方性的,ADJ,B2
to set aside,to set aside,移开,VERB,B2
detriment,detriment,损害,NOUN,B2
tangle,tangle,混乱,NOUN,B2
to infest,to infest,滋生,VERB,B2
contrast,contrast,对比,NOUN,B2
humanitarian,humanitarian,人道主义的,ADJ,B2
scrupulously,scrupulously,一丝不苟地,ADV,B2
generously,generously,慷慨地,ADV,B2
decorative,decorative,装饰性的,ADJ,B2
frieze,frieze,檐壁,NOUN,B2
educational,educational,教育的,ADJ,B2
perplexed,perplexed,困惑的,ADJ,B2
whore,whore,妓女,NOUN,B2
to oust,to oust,推翻,VERB,B2
specifically,specifically,具体地,ADV,B2
bragging,bragging,吹嘘,NOUN,B2
fang,fang,犬齿,NOUN,B2
deterioration,deterioration,恶化,NOUN,B2
boxer,boxer,拳击手,NOUN,B2
grid,grid,网格,NOUN,B2
to gloss,to gloss,注释,VERB,B2
parsimony,parsimony,吝啬,NOUN,B2
curly,curly,卷曲的,ADJ,B2
decidedly,decidedly,坚决地,ADV,B2
swollen,swollen,肿胀的,ADJ,B2
to shelter,to shelter,庇护,VERB,B2
exegete,exegete,注释家,NOUN,B2
to eclipse,to eclipse,使失色,VERB,B2
explosive,explosive,炸药,NOUN,B2
entrails,entrails,内脏,NOUN,B2
asphalt,asphalt,沥青,NOUN,B2
muscle ache,muscle ache,肌肉酸痛,NOUN,B2
feminist,feminist,女权主义者,NOUN,B2
pajamas,pajamas,睡衣,NOUN,B2
floating,floating,漂浮的,ADJ,B2
condom,condom,避孕套,NOUN,B2
scooter,scooter,踏板摩托车,NOUN,B2
to give as a gift,to give as a gift,赠送,VERB,B2
gangrene,gangrene,坏疽,NOUN,B2
lizard,lizard,蜥蜴,NOUN,B2
stabilization,stabilization,稳定化,NOUN,B2
railway,railway,铁路的,ADJ,B2
curative,curative,有疗效的,ADJ,B2
stimulus,stimulus,刺激,NOUN,B2
from where,from where,从哪里,ADV,B2
terrified,terrified,极度恐惧的,ADJ,B2
to lower,to lower,降低,VERB,B2
self-taught,self-taught,自学的,ADJ,B2
hanging,hanging,绞刑,NOUN,B2
regularly,regularly,定期地,ADV,B2
skillful,skillful,熟练的,ADJ,B2
electronics,electronics,电子学,NOUN,B2
to divulge,to divulge,泄露,VERB,B2
to center,to center,居中,VERB,B2
find,find,发现物,NOUN,B2
to mirror,to mirror,反映,VERB,B2
hemp,hemp,大麻,NOUN,B2
apathetic,apathetic,冷漠的,ADJ,B2
the anform,the anform,复合词,NOUN,B2
in view of,in view of,鉴于,ADP,B2
to collate,to collate,核对,VERB,B2
lucrative,lucrative,有利可图的,ADJ,B2
profitability,profitability,盈利能力,NOUN,B2
bump shock,bump shock,碰撞/震惊,NOUN,B2
supremacy,supremacy,霸权,NOUN,B2
student loan,student loan,助学贷款,NOUN,B2
terminus,terminus,,NOUN,B2
strident,strident,刺耳的,ADJ,B2
windfall,windfall,意外之财,NOUN,B2
annals,annals,编年史,NOUN,B2
staunch,staunch,坚定的,ADJ,B2
the anbruch,the anbruch,名词,NOUN,B2
watertight,watertight,,NOUN,B2
inert,inert,惰性的,ADJ,B2
limit border,limit border,界限,NOUN,B2
brittle,brittle,易碎的,ADJ,B2
getheilung,getheilung,词,NOUN,B2
neonatal,neonatal,新生儿的,ADJ,B2
fernsucht,fernsucht,词,NOUN,B2
to cope,to cope,应付,VERB,B2
the missbildung,the missbildung,复合词,NOUN,B2
grown,grown,长大的,ADJ,B2
unterpflegung,unterpflegung,词,NOUN,B2
getreibung,getreibung,词,NOUN,B2
emergency doctor,emergency doctor,急诊医生,NOUN,B2
einteilung,einteilung,词,NOUN,B2
the abmessung,the abmessung,复合词,NOUN,B2
untersinnung,untersinnung,词,NOUN,B2
lord god,lord god,上帝,NOUN,B2
hintersucht,hintersucht,词,NOUN,B2
gerichtung,gerichtung,词,NOUN,B2
the adressat,the adressat,名词,NOUN,B2
the weitmischung,the weitmischung,复合词,NOUN,B2
nimble,nimble,敏捷的,ADJ,B2
scratch,scratch,抓痕,NOUN,B2
the verwandlung,the verwandlung,复合词,NOUN,B2
creepy,creepy,令人毛骨悚然的,ADJ,B2
the verstleitung,the verstleitung,复合词,NOUN,B2
the tiefbindung,the tiefbindung,复合词,NOUN,B2
einweisung,einweisung,词,NOUN,B2
the aktnadel,the aktnadel,名词,NOUN,B2
the auserweiterung,the auserweiterung,复合词,NOUN,B2
college,college,学院,NOUN,B2
sting,sting,刺,NOUN,B2
to anesthetize,to anesthetize,麻醉,VERB,B2
emerald,emerald,祖母绿,NOUN,B2
to fell,to fell,砍倒,VERB,B2
zersucht,zersucht,词,NOUN,B2
the berechnung,the berechnung,复合词,NOUN,B2
the anreiz,the anreiz,名词,NOUN,B2
the erzheilung,the erzheilung,复合词,NOUN,B2
the akademie,the akademie,名词,NOUN,B2
guards,guards,警卫,NOUN,B2
to switch off,to switch off,关掉,VERB,B2
telegram,telegram,电报,NOUN,B2
firstly,firstly,首先,ADV,B2
beteilung,beteilung,词,NOUN,B2
the anwerk,the anwerk,复合词,NOUN,B2
concerning,concerning,关于,ADP,B2
mania,mania,狂躁症,NOUN,B2
the hochleitung,the hochleitung,复合词,NOUN,B2
the weitstoff,the weitstoff,复合词,NOUN,B2
einsprache,einsprache,词,NOUN,B2
the hochordnung,the hochordnung,复合词,NOUN,B2
erfahrt,erfahrt,词,NOUN,B2
eingabe,eingabe,词,NOUN,B2
the beminderung,the beminderung,复合词,NOUN,B2
nahfahrt,nahfahrt,词,NOUN,B2
burdened,burdened,负担重的,ADJ,B2
the nachleitung,the nachleitung,复合词,NOUN,B2
oddball,oddball,怪人,NOUN,B2
to breathe again,to breathe again,松口气,VERB,B2
the gewendung,the gewendung,复合词,NOUN,B2
fickleness,fickleness,反复无常,NOUN,B2
aussinnung,aussinnung,词,NOUN,B2
the grundstoff,the grundstoff,复合词,NOUN,B2
to countersign,to countersign,副署,VERB,B2
bum,bum,流浪汉,NOUN,B2
aufweisung,aufweisung,词,NOUN,B2
but rather,but rather,而是,CCONJ,B2
the erzwendung,the erzwendung,复合词,NOUN,B2
the vorerweiterung,the vorerweiterung,复合词,NOUN,B2
the unleitung,the unleitung,复合词,NOUN,B2
oberleitung,oberleitung,词,NOUN,B2
whether,whether,是否,SCONJ,B2
the aushandlung,the aushandlung,复合词,NOUN,B2
einerziehung,einerziehung,词,NOUN,B2
so to speak,so to speak,可以说,ADV,B2
the ausstellung,the ausstellung,复合词,NOUN,B2
the ansage,the ansage,名词,NOUN,B2
to share divide,to share divide,分享,VERB,B2
theme music,theme music,主题曲,NOUN,B2
nachsuchung,nachsuchung,词,NOUN,B2
christmas tree,christmas tree,圣诞树,NOUN,B2
thin-walled,thin-walled,隔音差的,ADJ,B2
the vorrechnung,the vorrechnung,复合词,NOUN,B2
the mitstellung,the mitstellung,复合词,NOUN,B2
the tiefleitung,the tiefleitung,复合词,NOUN,B2
crap,crap,屎,NOUN,B2
to vibrate,to vibrate,振动,VERB,B2
einwirkung,einwirkung,词,NOUN,B2
the untererweiterung,the untererweiterung,复合词,NOUN,B2
the abweisung,the abweisung,名词,NOUN,B2
nachsinnung,nachsinnung,词,NOUN,B2
unfassung,unfassung,词,NOUN,B2
to break out,to break out,爆发,VERB,B2
the ursammlung,the ursammlung,复合词,NOUN,B2
to bump,to bump,碰撞,VERB,B2
fishing rod,fishing rod,钓竿,NOUN,B2
the nachbindung,the nachbindung,复合词,NOUN,B2
from it,from it,从中,ADV,B2
weitweisung,weitweisung,词,NOUN,B2
the abkraft,the abkraft,复合词,NOUN,B2
the aufleitung,the aufleitung,复合词,NOUN,B2
to queue,to queue,排队,VERB,B2
annual wage,annual wage,年薪,NOUN,B2
erzregelung,erzregelung,词,NOUN,B2
people nation,people nation,人民 / 民族,NOUN,B2
prank,prank,恶作剧,NOUN,B2
learning curve,learning curve,学习曲线,NOUN,B2
the erwendung,the erwendung,复合词,NOUN,B2
moor,moor,荒野,NOUN,B2
benahme,benahme,词,NOUN,B2
to stint,to stint,吝啬,VERB,B2
the erzwerk,the erzwerk,复合词,NOUN,B2
thousands,thousands,数千,NOUN,B2
the erzmischung,the erzmischung,复合词,NOUN,B2
to lay down,to lay down,放下,VERB,B2
vorderfassung,vorderfassung,词,NOUN,B2
everyday life,everyday life,日常生活,NOUN,B2
city map,city map,城市地图,NOUN,B2
host of angels,host of angels,天使群,NOUN,B2
wage labor,wage labor,雇佣劳动,NOUN,B2
to step in,to step in,介入,VERB,B2
sort,sort,种类,NOUN,B2
ausweisung,ausweisung,词,NOUN,B2
vorwandel,vorwandel,词,NOUN,B2
the abwert,the abwert,复合词,NOUN,B2
the vorwert,the vorwert,复合词,NOUN,B2
german class,german class,德语课,NOUN,B2
the adoption,the adoption,名词,NOUN,B2
hearts,hearts,心,NOUN,B2
crook,crook,骗子,NOUN,B2
hochweisung,hochweisung,词,NOUN,B2
to make sense,to make sense,讲得通,VERB,B2
to keep secret,to keep secret,隐瞒,VERB,B2
bitch,bitch,母狗,NOUN,B2
the zurechnung,the zurechnung,复合词,NOUN,B2
semicolon,semicolon,分号,PUNCT,B2
resident,resident,定居的,ADJ,B2
the gebindung,the gebindung,复合词,NOUN,B2
evil,evil,邪,PART,B2
sky blue,sky blue,天蓝色,ADJ,B2
vegetarian,vegetarian,素食者,NOUN,B2
she they,she they,她,PRON,B2
chain mail,chain mail,锁子甲,NOUN,B2
the missordnung,the missordnung,复合词,NOUN,B2
the verstwerk,the verstwerk,复合词,NOUN,B2
twitching,twitching,抽搐的,ADJ,B2
zusicht,zusicht,词,NOUN,B2
urgestaltung,urgestaltung,词,NOUN,B2
to overlook,to overlook,忽视,VERB,B2
the mitbildung,the mitbildung,复合词,NOUN,B2
motherfucker,motherfucker,混蛋,NOUN,B2
the mitverbesserung,the mitverbesserung,复合词,NOUN,B2
the alpinismus,the alpinismus,名词,NOUN,B2
yikes,yikes,哎呀,INTJ,B2
sow,sow,母猪,NOUN,B2
urgabe,urgabe,词,NOUN,B2
erweisung,erweisung,词,NOUN,B2
virtuous,virtuous,有德行的,ADJ,B2
to go blind,to go blind,失明,VERB,B2
zufahrt,zufahrt,词,NOUN,B2
backdrop,backdrop,背景,NOUN,B2
probation,probation,缓刑,NOUN,B2
comma,comma,逗号,PUNCT,B2
seamless,seamless,无缝的,ADJ,B2
distorted image,distorted image,扭曲的形象,NOUN,B2
sagittarius,sagittarius,射手座,NOUN,B2
to stay here,to stay here,留在这里,VERB,B2
verschaft,verschaft,词,NOUN,B2
unweisung,unweisung,词,NOUN,B2
the abholung,the abholung,名词,NOUN,B2
gay,gay,快乐的,ADJ,B2
ausgestaltung,ausgestaltung,词,NOUN,B2
hinterleitung,hinterleitung,词,NOUN,B2
to pick out,to pick out,挑选,VERB,B2
president female,president female,女总统,NOUN,B2
to abschweifen,to abschweifen,动词,VERB,B2
the aufwandlung,the aufwandlung,复合词,NOUN,B2
the erzkraft,the erzkraft,复合词,NOUN,B2
cleaning,cleaning,清洁,NOUN,B2
timetable,timetable,时刻表,NOUN,B2
einnahme,einnahme,词,NOUN,B2
the zerbildung,the zerbildung,复合词,NOUN,B2
drinking glass,drinking glass,水杯,NOUN,B2
weitsuchung,weitsuchung,词,NOUN,B2
the hochstoff,the hochstoff,复合词,NOUN,B2
to brood,to brood,沉思,VERB,B2
the antrag,the antrag,名词,NOUN,B2
tasteless,tasteless,无味的,ADJ,B2
sample rehearsal,sample rehearsal,样品 / 排练,NOUN,B2
to bullshit,to bullshit,胡扯,VERB,B2
any,any,任何,PRON,B2
university student,university student,大学生,NOUN,B2
to growl,to growl,咆哮,VERB,B2
the aufwendung,the aufwendung,复合词,NOUN,B2
serve markup,serve markup,发球/加价,NOUN,B2
the weitminderung,the weitminderung,复合词,NOUN,B2
the erzsteigerung,the erzsteigerung,复合词,NOUN,B2
the einmessung,the einmessung,复合词,NOUN,B2
the urheilung,the urheilung,复合词,NOUN,B2
rake,rake,耙子,NOUN,B2
to spell,to spell,拼写,VERB,B2
sacrificed,sacrificed,牺牲,ADJ,B2
to get by,to get by,过得去,VERB,B2
hintertheilung,hintertheilung,词,NOUN,B2
the vorordnung,the vorordnung,复合词,NOUN,B2
to align,to align,使一致,VERB,B2
geteilung,geteilung,词,NOUN,B2
urwandel,urwandel,词,NOUN,B2
the mitheilung,the mitheilung,复合词,NOUN,B2
precinct,precinct,辖区,NOUN,B2
the verststoff,the verststoff,复合词,NOUN,B2
romanian,romanian,罗马尼亚人,NOUN,B2
the vorstellung,the vorstellung,复合词,NOUN,B2
helper,helper,助手,NOUN,B2
the andrang,the andrang,名词,NOUN,B2
hinterrechnung,hinterrechnung,词,NOUN,B2
the abhang,the abhang,名词,NOUN,B2
weitwandel,weitwandel,词,NOUN,B2
investigated,investigated,被调查的,ADJ,B2
auswandel,auswandel,词,NOUN,B2
unnahme,unnahme,词,NOUN,B2
the ervereinfachung,the ervereinfachung,复合词,NOUN,B2
hinterrichtung,hinterrichtung,词,NOUN,B2
the bemessung,the bemessung,复合词,NOUN,B2
misstreibung,misstreibung,词,NOUN,B2
bodily harm,bodily harm,人身伤害,NOUN,B2
that yonder,that yonder,那个,DET,B2
vortheilung,vortheilung,词,NOUN,B2
the aktivist,the aktivist,名词,NOUN,B2
naherziehung,naherziehung,词,NOUN,B2
pastime,pastime,爱好,NOUN,B2
the aufstoff,the aufstoff,复合词,NOUN,B2
refreshing,refreshing,令人清爽的,ADJ,B2
ausforderung,ausforderung,词,NOUN,B2
the unmischung,the unmischung,复合词,NOUN,B2
the beleitung,the beleitung,复合词,NOUN,B2
the bewendung,the bewendung,复合词,NOUN,B2
the aufheilung,the aufheilung,复合词,NOUN,B2
to elapse,to elapse,流逝,VERB,B2
mortal fear,mortal fear,极度恐惧,NOUN,B2
the aktion,the aktion,名词,NOUN,B2
trash bag,trash bag,垃圾袋,NOUN,B2
the anbeginn,the anbeginn,名词,NOUN,B2
worst thing,worst thing,最坏的事,NOUN,B2
usual thing,usual thing,惯例,NOUN,B2
per,per,每,ADP,B2
the hochbindung,the hochbindung,复合词,NOUN,B2
to abtrocken,to abtrocken,动词,VERB,B2
to pressurize,to pressurize,逼迫,VERB,B2
at the,at the,在...时,ADP,B2
the zuwandlung,the zuwandlung,复合词,NOUN,B2
groan,groan,呻吟,NOUN,B2
to shunt,to shunt,分流,VERB,B2
bulldog,bulldog,斗牛犬,NOUN,B2
to play along,to play along,配合,VERB,B2
agreed,agreed,一致的,ADJ,B2
ursicht,ursicht,词,NOUN,B2
hideous,hideous,丑陋的,ADJ,B2
the ausbildung,the ausbildung,复合词,NOUN,B2
the gemischung,the gemischung,复合词,NOUN,B2
drive,drive,动力,NOUN,B2
wiedertreibung,wiedertreibung,词,NOUN,B2
urteilung,urteilung,词,NOUN,B2
fernrechnung,fernrechnung,词,NOUN,B2
unfahrt,unfahrt,词,NOUN,B2
separated,separated,分开的,ADJ,B2
the unbildung,the unbildung,复合词,NOUN,B2
the zuhandlung,the zuhandlung,复合词,NOUN,B2
anteilung,anteilung,词,NOUN,B2
anrichtung,anrichtung,词,NOUN,B2
erschaft,erschaft,词,NOUN,B2
interpersonal,interpersonal,人际的,ADJ,B2
the allianz,the allianz,名词,NOUN,B2
the anteil,the anteil,名词,NOUN,B2
hothead,hothead,急性子的人,NOUN,B2
tiefsuchung,tiefsuchung,词,NOUN,B2
the zererweiterung,the zererweiterung,复合词,NOUN,B2
the aktuar,the aktuar,名词,NOUN,B2
nahfassung,nahfassung,词,NOUN,B2
the vorverbesserung,the vorverbesserung,复合词,NOUN,B2
billion,billion,十亿,NOUN,B2
the anheilung,the anheilung,复合词,NOUN,B2
to turn away,to turn away,转开,VERB,B2
to get into,to get into,陷入,VERB,B2
the abheilung,the abheilung,复合词,NOUN,B2
without exception,without exception,无例外的,ADV,B2
to view,to view,参观,VERB,B2
vordersinnung,vordersinnung,词,NOUN,B2
to deregister,to deregister,注销,VERB,B2
how much,how much,多少,ADV,B2
ran,ran,跑,ADJ,B2
the day after tomorrow,the day after tomorrow,后天,ADV,B2
the absteigerung,the absteigerung,复合词,NOUN,B2
ausschrift,ausschrift,词,NOUN,B2
the abgrund,the abgrund,名词,NOUN,B2
to subordinate,to subordinate,从属,VERB,B2
zersicht,zersicht,词,NOUN,B2
the urvertiefung,the urvertiefung,复合词,NOUN,B2
the mitkraft,the mitkraft,复合词,NOUN,B2
the urverbesserung,the urverbesserung,复合词,NOUN,B2
deliberate malicious,deliberate malicious,故意的/恶意的,ADJ,B2
causal,causal,因果的,ADJ,B2
windy,windy,有风的,ADJ,B2
office work,office work,办公室工作,NOUN,B2
zusprache,zusprache,词,NOUN,B2
the nachbildung,the nachbildung,复合词,NOUN,B2
untreibung,untreibung,词,NOUN,B2
besprache,besprache,词,NOUN,B2
many things,many things,许多事物,PRON,B2
the bevertiefung,the bevertiefung,复合词,NOUN,B2
the bevereinfachung,the bevereinfachung,复合词,NOUN,B2
the weitsteigerung,the weitsteigerung,复合词,NOUN,B2
unwandel,unwandel,词,NOUN,B2
hinterfassung,hinterfassung,词,NOUN,B2
to watch tv,to watch tv,看电视,VERB,B2
to wait and see,to wait and see,等待观望,VERB,B2
noises,noises,噪音,NOUN,B2
grandparents,grandparents,祖父母,NOUN,B2
to move out,to move out,搬出,VERB,B2
the grundverbesserung,the grundverbesserung,复合词,NOUN,B2
the aktpunkt,the aktpunkt,名词,NOUN,B2
the hochvertiefung,the hochvertiefung,复合词,NOUN,B2
the akkumulator,the akkumulator,名词,NOUN,B2
the ererweiterung,the ererweiterung,复合词,NOUN,B2
mitsetzung,mitsetzung,词,NOUN,B2
bullshitted,bullshitted,被愚弄的,ADJ,B2
upbeat,upbeat,轻快的,ADJ,B2
the einwerk,the einwerk,复合词,NOUN,B2
vorderweisung,vorderweisung,词,NOUN,B2
nachrichtung,nachrichtung,词,NOUN,B2
to abdanken,to abdanken,动词,VERB,B2
scarce commodity,scarce commodity,紧缺商品,NOUN,B2
lunch break,lunch break,午休,NOUN,B2
wiedersprache,wiedersprache,词,NOUN,B2
the erleitung,the erleitung,复合词,NOUN,B2
to absagen,to absagen,动词,VERB,B2
vordersetzung,vordersetzung,词,NOUN,B2
in front of before,in front of before,在...前,ADP,B2
misstheilung,misstheilung,词,NOUN,B2
test of courage,test of courage,勇气测试,NOUN,B2
the unwandlung,the unwandlung,复合词,NOUN,B2
gesinnung,gesinnung,词,NOUN,B2
shit,shit,恐惧,NOUN,B2
hinterwandel,hinterwandel,词,NOUN,B2
the anschlag,the anschlag,名词,NOUN,B2
the altruismus,the altruismus,名词,NOUN,B2
the verhandlung,the verhandlung,复合词,NOUN,B2
song of praise,song of praise,赞歌,NOUN,B2
aufforderung,aufforderung,词,NOUN,B2
the urstoff,the urstoff,复合词,NOUN,B2
the weitverbesserung,the weitverbesserung,复合词,NOUN,B2
on what,on what,在什么上面,ADV,B2
unpflegung,unpflegung,词,NOUN,B2
stupid things,stupid things,蠢事,NOUN,B2
itching powder,itching powder,痒痒粉,NOUN,B2
to be delayed,to be delayed,迟到,VERB,B2
urschrift,urschrift,词,NOUN,B2
to abschlafen,to abschlafen,动词,VERB,B2
affected,affected,受影响的,ADJ,B2
hintersuchung,hintersuchung,词,NOUN,B2
zernahme,zernahme,词,NOUN,B2
glib,glib,伶牙俐齿的,ADJ,B2
wiedersucht,wiedersucht,词,NOUN,B2
to abzwecken,to abzwecken,动词,VERB,B2
the bekraft,the bekraft,复合词,NOUN,B2
the alpen,the alpen,名词,NOUN,B2
like,like,点赞,NOUN,B2
besuchung,besuchung,词,NOUN,B2
interrogation room,interrogation room,审讯室,NOUN,B2
aussetzung,aussetzung,词,NOUN,B2
hinterwendung,hinterwendung,词,NOUN,B2
fernschaft,fernschaft,词,NOUN,B2
obersuchung,obersuchung,词,NOUN,B2
the unterordnung,the unterordnung,复合词,NOUN,B2
most important thing,most important thing,最重要的事,NOUN,B2
the aufordnung,the aufordnung,复合词,NOUN,B2
main reason,main reason,主要原因,NOUN,B2
to play down,to play down,淡化,VERB,B2
the geverbesserung,the geverbesserung,复合词,NOUN,B2
oberbildung,oberbildung,词,NOUN,B2
the zervereinfachung,the zervereinfachung,复合词,NOUN,B2
weitsicht,weitsicht,词,NOUN,B2
the aufwert,the aufwert,复合词,NOUN,B2
to run away,to run away,逃跑,VERB,B2
delivery van,delivery van,厢式送货车,NOUN,B2
the amboss,the amboss,名词,NOUN,B2
einschaft,einschaft,词,NOUN,B2
the gebildung,the gebildung,复合词,NOUN,B2
antheilung,antheilung,词,NOUN,B2
the beerweiterung,the beerweiterung,复合词,NOUN,B2
the missstoff,the missstoff,复合词,NOUN,B2
the weitordnung,the weitordnung,复合词,NOUN,B2
to commission,to commission,委托,VERB,B2
zersuchung,zersuchung,词,NOUN,B2
wiedersicht,wiedersicht,词,NOUN,B2
hochkunft,hochkunft,词,NOUN,B2
the aufbewegung,the aufbewegung,复合词,NOUN,B2
of all things,of all things,偏偏,ADV,B2
the unterleitung,the unterleitung,复合词,NOUN,B2
nachtheilung,nachtheilung,词,NOUN,B2
untertreibung,untertreibung,词,NOUN,B2
the tiefrechnung,the tiefrechnung,复合词,NOUN,B2
personal,personal,私事,NOUN,B2
missschrift,missschrift,词,NOUN,B2
the erzvertiefung,the erzvertiefung,复合词,NOUN,B2
vorderrichtung,vorderrichtung,词,NOUN,B2
to abstimmen,to abstimmen,动词,VERB,B2
wiederordnung,wiederordnung,词,NOUN,B2
the missbewegung,the missbewegung,复合词,NOUN,B2
vorteilung,vorteilung,词,NOUN,B2
unerziehung,unerziehung,词,NOUN,B2
to do harm,to do harm,伤害,VERB,B2
the weitheilung,the weitheilung,复合词,NOUN,B2
the akkord,the akkord,名词,NOUN,B2
unlawful,unlawful,非法的,ADJ,B2
oberwandlung,oberwandlung,词,NOUN,B2
kidnapper,kidnapper,绑架者,NOUN,B2
the weitwendung,the weitwendung,复合词,NOUN,B2
clear as day,clear as day,一清二楚的,ADJ,B2
the tiefverbesserung,the tiefverbesserung,复合词,NOUN,B2
to abteilen,to abteilen,动词,VERB,B2
the ackerbau,the ackerbau,名词,NOUN,B2
the missvertiefung,the missvertiefung,复合词,NOUN,B2
geforderung,geforderung,词,NOUN,B2
to oversleep,to oversleep,睡过头,VERB,B2
the gestoff,the gestoff,复合词,NOUN,B2
loudspeaker,loudspeaker,扬声器,NOUN,B2
the mitordnung,the mitordnung,复合词,NOUN,B2
goodbye phone,goodbye phone,再见（电话用语）,NOUN,B2
the tiefstoff,the tiefstoff,复合词,NOUN,B2
erforderung,erforderung,词,NOUN,B2
missschaft,missschaft,词,NOUN,B2
wiederkunft,wiederkunft,词,NOUN,B2
the unminderung,the unminderung,复合词,NOUN,B2
ausfahrt,ausfahrt,词,NOUN,B2
oblique weird,oblique weird,倾斜的 / 古怪的,ADJ,B2
the nachmessung,the nachmessung,复合词,NOUN,B2
game rule,game rule,游戏规则,NOUN,B2
aufrichtung,aufrichtung,词,NOUN,B2
mitfahrt,mitfahrt,词,NOUN,B2
obererziehung,obererziehung,词,NOUN,B2
the anbindung,the anbindung,复合词,NOUN,B2
with what,with what,用什么,ADV,B2
handyman,handyman,工匠,NOUN,B2
urnahme,urnahme,词,NOUN,B2
devices,devices,设备,NOUN,B2
detective force,detective force,刑警,NOUN,B2
the alphabet,the alphabet,名词,NOUN,B2
the vorbindung,the vorbindung,复合词,NOUN,B2
wiedersinnung,wiedersinnung,词,NOUN,B2
weitregelung,weitregelung,词,NOUN,B2
the hochsammlung,the hochsammlung,复合词,NOUN,B2
zuschaft,zuschaft,词,NOUN,B2
the anbieter,the anbieter,名词,NOUN,B2
the albatros,the albatros,名词,NOUN,B2
letter mail,letter mail,信,NOUN,B2
once again,once again,再次,ADV,B2
the abwurf,the abwurf,名词,NOUN,B2
wiedererziehung,wiedererziehung,词,NOUN,B2
the verform,the verform,复合词,NOUN,B2
the nachstoff,the nachstoff,复合词,NOUN,B2
the misskraft,the misskraft,复合词,NOUN,B2
ferntheilung,ferntheilung,词,NOUN,B2
cheers,cheers,欢呼,NOUN,B2
emergency call,emergency call,紧急呼叫,NOUN,B2
eleven,eleven,十一,NOUN,B2
german person,german person,德国人,NOUN,B2
hectic,hectic,忙乱,NOUN,B2
to be added,to be added,加入,VERB,B2
hintersicht,hintersicht,词,NOUN,B2
to switch on,to switch on,开启,VERB,B2
the zerrechnung,the zerrechnung,复合词,NOUN,B2
the verstellung,the verstellung,复合词,NOUN,B2
wiedersuchung,wiedersuchung,词,NOUN,B2
sick nauseous,sick nauseous,恶心的,ADJ,B2
you formal,you formal,您,PRON,B2
congratulations,congratulations,祝贺,NOUN,B2
zurichtung,zurichtung,词,NOUN,B2
bepflegung,bepflegung,词,NOUN,B2
hinterregelung,hinterregelung,词,NOUN,B2
gesucht,gesucht,词,NOUN,B2
zerteilung,zerteilung,词,NOUN,B2
vorderleitung,vorderleitung,词,NOUN,B2
nachweisung,nachweisung,词,NOUN,B2
nachwirkung,nachwirkung,词,NOUN,B2
the ausvertiefung,the ausvertiefung,复合词,NOUN,B2
the zerhandlung,the zerhandlung,复合词,NOUN,B2
the abstoff,the abstoff,复合词,NOUN,B2
straight,straight,直的,NOUN,B2
over about,over about,在...上方,ADP,B2
squeak,squeak,吱吱声,NOUN,B2
the unterheilung,the unterheilung,复合词,NOUN,B2
some things,some things,一些事情,PRON,B2
most,most,大多数,DET,B2
no not any,no not any,没有,DET,B2
ursetzung,ursetzung,词,NOUN,B2
at it,at it,靠近,ADV,B2
the ausleitung,the ausleitung,复合词,NOUN,B2
expert opinion,expert opinion,专家意见,NOUN,B2
the auswendung,the auswendung,复合词,NOUN,B2
to descend from,to descend from,起源于,VERB,B2
the hochminderung,the hochminderung,复合词,NOUN,B2
your pl,your pl,你们的,DET,B2
yours,yours,你的,PRON,B2
pelvis basin,pelvis basin,骨盆/盆地,NOUN,B2
erwirkung,erwirkung,词,NOUN,B2
abfassung,abfassung,词,NOUN,B2
the abhandlung,the abhandlung,复合词,NOUN,B2
the alias,the alias,名词,NOUN,B2
yoga practice,yoga practice,瑜伽练习,NOUN,B2
the urmischung,the urmischung,复合词,NOUN,B2
aussuchung,aussuchung,词,NOUN,B2
nachfassung,nachfassung,词,NOUN,B2
unschaft,unschaft,词,NOUN,B2
anschrift,anschrift,词,NOUN,B2
erztheilung,erztheilung,词,NOUN,B2
at night,at night,夜间,ADV,B2
the anordnung,the anordnung,复合词,NOUN,B2
untersetzung,untersetzung,词,NOUN,B2
the verstvereinfachung,the verstvereinfachung,复合词,NOUN,B2
the nachheilung,the nachheilung,复合词,NOUN,B2
the missrechnung,the missrechnung,复合词,NOUN,B2
the unwendung,the unwendung,复合词,NOUN,B2
hochforderung,hochforderung,词,NOUN,B2
the beordnung,the beordnung,复合词,NOUN,B2
to abtun,to abtun,动词,VERB,B2
vorderwandel,vorderwandel,词,NOUN,B2
the zerordnung,the zerordnung,复合词,NOUN,B2
aussucht,aussucht,词,NOUN,B2
the anbettlung,the anbettlung,名词,NOUN,B2
wiederleitung,wiederleitung,词,NOUN,B2
to circumcise,to circumcise,割礼,VERB,B2
the vermacht,the vermacht,复合词,NOUN,B2
justified,justified,有根据的,ADJ,B2
the geform,the geform,复合词,NOUN,B2
hinterweisung,hinterweisung,词,NOUN,B2
mitsicht,mitsicht,词,NOUN,B2
nachsucht,nachsucht,词,NOUN,B2
passed,passed,递,ADJ,B2
nachschaft,nachschaft,词,NOUN,B2
the ververbesserung,the ververbesserung,复合词,NOUN,B2
vorerziehung,vorerziehung,词,NOUN,B2
weitteilung,weitteilung,词,NOUN,B2
the hochsteigerung,the hochsteigerung,复合词,NOUN,B2
the urrechnung,the urrechnung,复合词,NOUN,B2
different,different,不同地,ADV,B2
period,period,句号,PUNCT,B2
the zerkraft,the zerkraft,复合词,NOUN,B2
misssicht,misssicht,词,NOUN,B2
joie de vivre,joie de vivre,生活乐趣,NOUN,B2
the anvereinfachung,the anvereinfachung,复合词,NOUN,B2
the urstellung,the urstellung,复合词,NOUN,B2
for each other,for each other,相互,ADV,B2
hochgabe,hochgabe,词,NOUN,B2
kitten,kitten,小猫,NOUN,B2
outside of,outside of,在...之外,ADP,B2
fernkunft,fernkunft,词,NOUN,B2
to be valid,to be valid,有效,VERB,B2
wiederfahrt,wiederfahrt,词,NOUN,B2
to be liable,to be liable,负责,VERB,B2
the vorkraft,the vorkraft,复合词,NOUN,B2
the verminderung,the verminderung,复合词,NOUN,B2
to abwandeln,to abwandeln,动词,VERB,B2
the urbewegung,the urbewegung,复合词,NOUN,B2
to absichern,to absichern,动词,VERB,B2
the grundbildung,the grundbildung,复合词,NOUN,B2
the ververtiefung,the ververtiefung,复合词,NOUN,B2
ersetzung,ersetzung,词,NOUN,B2
all the more,all the more,更加,ADV,B2
to squeak,to squeak,吱吱叫,VERB,B2
aberziehung,aberziehung,词,NOUN,B2
mittheilung,mittheilung,词,NOUN,B2
the altertum,the altertum,名词,NOUN,B2
zerregelung,zerregelung,词,NOUN,B2
mitpflegung,mitpflegung,词,NOUN,B2
worse,worse,更糟的事,NOUN,B2
the versthandlung,the versthandlung,复合词,NOUN,B2
gefahrt,gefahrt,词,NOUN,B2
managing director,managing director,总经理,NOUN,B2
erzfahrt,erzfahrt,词,NOUN,B2
coke,coke,可卡因,NOUN,B2
as possible,as possible,尽可能地,ADV,B2
waste of time,waste of time,浪费时间,NOUN,B2
the unstellung,the unstellung,复合词,NOUN,B2
aufgestaltung,aufgestaltung,词,NOUN,B2
versinnung,versinnung,词,NOUN,B2
missfassung,missfassung,词,NOUN,B2
the erzerweiterung,the erzerweiterung,复合词,NOUN,B2
the abbindung,the abbindung,复合词,NOUN,B2
masseur,masseur,按摩师,NOUN,B2
all saints' day,all saints' day,诸圣节,NOUN,B2
the angriff,the angriff,名词,NOUN,B2
doorbell button,doorbell button,门铃按钮,NOUN,B2
endeavor,endeavor,努力,NOUN,B2
dearest,dearest,最爱的人,NOUN,B2
relaxed loose,relaxed loose,放松的 / 松的,ADJ,B2
nachwandel,nachwandel,词,NOUN,B2
the verstbindung,the verstbindung,复合词,NOUN,B2
the abordnung,the abordnung,复合词,NOUN,B2
to lie to,to lie to,对...说谎,VERB,B2
where i,where i,,NOUN,B2
ground basis,ground basis,基础/理由,NOUN,B2
existential,existential,存在主义的,ADJ,B2
bare ownership,bare ownership,虚有权,NOUN,B2
humble,humble,谦逊的,ADJ,B2
burger stand,burger stand,,NOUN,B2
neophyte,neophyte,新手；初学者,NOUN,B2
swine,swine,猪,NOUN,B2
athletic,athletic,运动的,ADJ,B2
to place put,to place put,放置,VERB,B2
urbanization,urbanization,城市化,NOUN,B2
antibiotic,antibiotic,抗生素,NOUN,B2
here hither,here hither,这里/到这里,ADV,B2
forensic,forensic,法医的,ADJ,B2
matter of time,matter of time,时间问题,NOUN,B2
cover blanket,cover blanket,覆盖物,NOUN,B2
to complement,to complement,补充,VERB,B2
totalitarian,totalitarian,极权主义的,ADJ,B2
e-reader,e-reader,电子阅读器,NOUN,B2
sync,sync,同步,NOUN,B2
ready finished,ready finished,准备好的/完成的,ADJ,B2
self-care,self-care,自我护理,NOUN,B2
to encroach,to encroach,侵蚀,VERB,B2
liable,liable,有责任的,ADJ,B2
disrespect,disrespect,不敬,NOUN,B2
indexing,indexing,指数化,NOUN,B2
mighty very,mighty very,非常,ADJ,B2
to incriminate,to incriminate,归罪,VERB,B2
spice,spice,香料,NOUN,B2
public holiday,public holiday,公共假日,ADJ,B2
more pl,more pl,更多,ADJ,B2
symbolism,symbolism,象征主义,NOUN,B2
to spill,to spill,溢出,VERB,B2
to transgress,to transgress,违背,VERB,B2
upset,upset,心烦的,ADJ,B2
listen up,listen up,听着,INTJ,B2
airs,airs,摆架子,NOUN,B2
to deprave,to deprave,使堕落,VERB,B2
surely safe,surely safe,肯定地,ADV,B2
one-way,one-way,单向的,ADJ,B2
anathema,anathema,深恶痛绝之物,NOUN,B2
implicitly,implicitly,含蓄地,ADV,B2
ascetic,ascetic,苦行的,ADJ,B2
colder,colder,更冷的,ADJ,B2
sulfur,sulfur,硫,NOUN,B2
fjeld cleft,fjeld cleft,,NOUN,B2
lethargic,lethargic,昏睡的,ADJ,B2
six-year-old,six-year-old,,NOUN,B2
approximate,approximate,近似的,ADJ,B2
deceit,deceit,欺骗,NOUN,B2
unknown,unknown,未知数,NOUN,B2
to auscultate,to auscultate,听诊,VERB,B2
hard,hard,努力地,ADV,B2
minority group,minority group,少数群体,NOUN,B2
proposal suggestion,proposal suggestion,建议,NOUN,B2
more,more,مزيد,NOUN,B2
scrupulous,scrupulous,一丝不苟的,ADJ,B2
all everyone,all everyone,所有/大家,PRON,B2
play game,play game,游戏/玩耍,NOUN,B2
painless,painless,,NOUN,B2
bulwark,bulwark,壁垒,NOUN,B2
cerebral,cerebral,大脑的,ADJ,B2
shrimp,shrimp,虾,NOUN,B2
buffoon,buffoon,小丑,NOUN,B2
triumph,triumph,胜利,NOUN,B2
nineteen,nineteen,十九,NUM,B2
disposable,disposable,一次性的,ADJ,B2
cats,cats,猫,NOUN,B2
tandem duo,tandem duo,双人自行车 / 搭档,NOUN,B2
socialization,socialization,社会化,NOUN,B2
bike basket,bike basket,车筐,NOUN,B2
prognosis,prognosis,预后,NOUN,B2
lifeless,lifeless,无生命的,ADJ,B2
buoyant,buoyant,有浮力的,ADJ,B2
to disfavor,to disfavor,不利于,VERB,B2
fissure,fissure,裂缝,NOUN,B2
to deafen,to deafen,使聋,VERB,B2
the career,the career,职业生涯,NOUN,B2
supplication,supplication,恳求,NOUN,B2
temerity,temerity,鲁莽,NOUN,B2
drag,drag,拖曳,NOUN,B2
hair bun,hair bun,发髻,NOUN,B2
complementarity,complementarity,互补性,NOUN,B2
locked,locked,锁定的,ADJ,B2
layer storage,layer storage,层/仓库,NOUN,B2
beautifully,beautifully,美丽地,ADV,B2
fare,fare,车费,NOUN,B2
to consummate,to consummate,完成,VERB,B2
to allege,to allege,宣称,VERB,B2
numb,numb,麻木的,ADJ,B2
to worry to preoccupy,to worry to preoccupy,使担心,VERB,B2
outlaw,outlaw,歹徒,NOUN,B2
conductivity,conductivity,导电性,NOUN,B2
to retrace,to retrace,追溯,VERB,B2
to perpetuate,to perpetuate,使永存,VERB,B2
to dishevel,to dishevel,弄乱,VERB,B2
to depilate,to depilate,脱毛,VERB,B2
to disenchant,to disenchant,使清醒,VERB,B2
brawl,brawl,斗殴,NOUN,B2
punctually occasionally,punctually occasionally,准时地 / 偶尔地,ADV,B2
equal treatment,equal treatment,平等待遇,NOUN,B2
to deal,to deal,处理,VERB,B2
chief physician,chief physician,主任医师,NOUN,B2
professionally active,professionally active,在职,NOUN,B2
premeditation,premeditation,预谋,NOUN,B2
idiotic,idiotic,愚蠢的,ADJ,B2
swimming,swimming,游泳,NOUN,B2
short film,short film,短片,NOUN,B2
to disrupt,to disrupt,扰乱,VERB,B2
the casinos,the casinos,赌场,NOUN,B2
buccaneer,buccaneer,海盗,NOUN,B2
like that,like that,像那样,ADV,B2
to absolve,to absolve,赦免,VERB,B2
to bump push,to bump push,推/碰撞,VERB,B2
trinket,trinket,小饰品,NOUN,B2
shuttle,shuttle,穿梭巴士,NOUN,B2
junior jersey,junior jersey,,NOUN,B2
to be felled,to be felled,被砍倒,VERB,B2
nonprofit,nonprofit,非营利的,ADJ,B2
news reporting,news reporting,新闻报道,NOUN,B2
would,would,将要,AUX,B2
to recharge,to recharge,充电,VERB,B2
roadway,roadway,路面,NOUN,B2
precarization,precarization,不稳定化,NOUN,B2
outdoors,outdoors,户外,ADV,B2
to buy back,to buy back,赎回,VERB,B2
meaning content,meaning content,语义内容,NOUN,B2
to adore,to adore,爱慕,VERB,B2
to reopen,to reopen,重新开放,VERB,B2
one you,one you,人们,PRON,B2
omnipresent,omnipresent,无所不在的,ADJ,B2
slum,slum,贫民窟,NOUN,B2
co-determination,co-determination,共同决定权,NOUN,B2
resuscitation,resuscitation,复苏,NOUN,B2
elementary,elementary,基本的,ADJ,B2
ace carcass,ace carcass,王牌/尸体,NOUN,B2
curfew,curfew,宵禁,NOUN,B2
shyness,shyness,羞怯,NOUN,B2
surreptitious,surreptitious,秘密的,ADJ,B2
to allude,to allude,暗指,VERB,B2
from behind,from behind,从后面,ADV,B2
resource shortage,resource shortage,资源短缺,NOUN,B2
lunatic,lunatic,疯子,NOUN,B2
to extirpate,to extirpate,根除,VERB,B2
plenitude,plenitude,充足,NOUN,B2
to eternalize,to eternalize,使永恒,VERB,B2
ferry,ferry,渡轮,NOUN,B2
fulfillment,fulfillment,满足,NOUN,B2
nuclear war,nuclear war,核战争,NOUN,B2
insanely,insanely,疯狂地,ADV,B2
to dismay,to dismay,使沮丧,VERB,B2
occupational pension,occupational pension,职业养老金,NOUN,B2
cudgel,cudgel,棍棒,NOUN,B2
sadistic,sadistic,施虐的,ADJ,B2
his her its their,his her its their,他的/她的/它的/他们的,DET,B2
to decant,to decant,倾析,VERB,B2
to decouple,to decouple,分离,VERB,B2
airtight,airtight,密封的,ADJ,B2
acerbic,acerbic,尖刻的,ADJ,B2
to bluff,to bluff,虚张声势,VERB,B2
cloister,cloister,回廊,NOUN,B2
to put set,to put set,放置,VERB,B2
selected,selected,选中的,ADJ,B2
disturbed,disturbed,不安的,ADJ,B2
palliative,palliative,缓和的,ADJ,B2
obliged,obliged,被迫的,ADJ,B2
vigilant,vigilant,警惕的,ADJ,B2
appeasement,appeasement,平息,NOUN,B2
to disfigure,to disfigure,毁容,VERB,B2
ideally,ideally,理想地,ADV,B2
to meant,to meant,意思是,VERB,B2
should ought to,should ought to,应该,AUX,B2
crusade,crusade,运动,NOUN,B2
from within,from within,从内部,ADV,B2
outcome ending,outcome ending,结局，解决,NOUN,B2
thicker,thicker,更厚的,ADJ,B2
shady suspicious,shady suspicious,可疑的,ADJ,B2
playwright,playwright,剧作家,NOUN,B2
sexy,sexy,性感的,ADJ,B2
values base,values base,价值基础,NOUN,B2
jews,jews,犹太人,NOUN,B2
to dawdle,to dawdle,闲逛,VERB,B2
to saturate,to saturate,使饱和,VERB,B2
cradle,cradle,摇篮,NOUN,B2
mammal,mammal,哺乳动物,NOUN,B2
sail,sail,帆,NOUN,B2
irish person,irish person,爱尔兰人,NOUN,B2
autism,autism,自闭症,NOUN,B2
dator,dator,电脑,NOUN,B2
superb,superb,极好的,ADJ,B2
to bungle,to bungle,搞砸,VERB,B2
slut,slut,荡妇,NOUN,B2
enamel,enamel,珐琅,NOUN,B2
meticulously,meticulously,一丝不苟地,ADV,B2
to map out,to map out,摸清,VERB,B2
phlegmatic,phlegmatic,冷静的,ADJ,B2
to freshen,to freshen,使清新,VERB,B2
solecism,solecism,语法错误,NOUN,B2
doctor visit,doctor visit,,NOUN,B2
dans,dans,舞蹈,NOUN,B2
cooked,cooked,熟的,ADJ,B2
super dead,super dead,,NOUN,B2
thicket,thicket,灌木丛,NOUN,B2
film movie,film movie,电影,NOUN,B2
to fasten,to fasten,系紧,VERB,B2
historicism,historicism,历史主义,NOUN,B2
racist,racist,种族主义者,NOUN,B2
to slash,to slash,猛砍,VERB,B2
detention center,detention center,拘留所,NOUN,B2
sinister,sinister,不祥的,ADJ,B2
deleveraging,deleveraging,去杠杆化,NOUN,B2
tax exemption,tax exemption,免税,NOUN,B2
to digitize,to digitize,数字化,VERB,B2
dissatisfaction,dissatisfaction,不满,NOUN,B2
implacably,implacably,毫不留情地,ADV,B2
phone number,phone number,电话号码,NOUN,B2
lent,lent,大斋期,NOUN,B2
repertoire,repertoire,全部曲目,NOUN,B2
win,win,胜利,NOUN,B2
shocked,shocked,震惊的,ADJ,B2
bog,bog,沼泽,NOUN,B2
instructor,instructor,讲师,NOUN,B2
filthy,filthy,肮脏的,ADJ,B2
to overshadow,to overshadow,使黯然失色,VERB,B2
clock watch,clock watch,钟表,NOUN,B2
to familiarize,to familiarize,使熟悉,VERB,B2
corporate,corporate,公司的,ADJ,B2
authoritative,authoritative,权威的,ADJ,B2
landmark reference point,landmark reference point,标记 / 参考点,NOUN,B2
band tape,band tape,带子,NOUN,B2
dent,dent,凹痕,NOUN,B2
impromptu,impromptu,即兴的,ADJ,B2
orange juice,orange juice,橙汁,NOUN,B2
periphery,periphery,边缘,NOUN,B2
gastronomic,gastronomic,美食的,ADJ,B2
to beget,to beget,引起,VERB,B2
to manifest,to manifest,表明,VERB,B2
to purify,to purify,净化,VERB,B2
spinning,spinning,纺纱,NOUN,B2
guffaw,guffaw,哄笑,NOUN,B2
to venerate,to venerate,崇敬,VERB,B2
cellulose,cellulose,纤维素,NOUN,B2
to preside,to preside,主持,VERB,B2
tremulous,tremulous,颤抖的,ADJ,B2
syllable,syllable,音节,NOUN,B2
sanitation,sanitation,卫生,NOUN,B2
checkup,checkup,体检,NOUN,B2
psychoanalysis,psychoanalysis,精神分析,NOUN,B2
capital gain,capital gain,增值,NOUN,B2
fresh,fresh,,NOUN,B2
royalty,royalty,王室,NOUN,B2
cleanly,cleanly,干净地,ADV,B2
to know feel,to know feel,认识/感觉,VERB,B2
evidence bag,evidence bag,,NOUN,B2
to placate,to placate,安抚,VERB,B2
optimization,optimization,优化,NOUN,B2
steak,steak,牛排,NOUN,B2
little one,little one,小家伙,NOUN,B2
advancement,advancement,晋升,NOUN,B2
suicide candidate,suicide candidate,,NOUN,B2
slam,slam,,NOUN,B2
libertinism,libertinism,放荡,NOUN,B2
reluctance,reluctance,不情愿,NOUN,B2
surcharge,surcharge,附加费,NOUN,B2
binoculars,binoculars,双筒望远镜,NOUN,B2
extraterrestrial,extraterrestrial,外星的,ADJ,B2
hallelujah,hallelujah,哈利路亚,INTJ,B2
extravagant,extravagant,奢侈的,ADJ,B2
to attest,to attest,证明,VERB,B2
to rant,to rant,咆哮,VERB,B2
to fatten,to fatten,养肥,VERB,B2
antagonism,antagonism,对抗,NOUN,B2
snot,snot,鼻涕,NOUN,B2
gender equality,gender equality,性别平等,NOUN,B2
will shall,will shall,将要/会,AUX,B2
told instructed,told instructed,被告知的,ADJ,B2
reduction,reduction,减少,NOUN,B2
aloofness,aloofness,冷漠,NOUN,B2
up there,up there,在那上面,ADV,B2
retailer,retailer,零售商,NOUN,B2
longer,longer,更长的,ADJ,B2
fewer,fewer,较少的,ADJ,B2
just precis,just precis,恰好,ADV,B2
to disqualify,to disqualify,取消资格,VERB,B2
to elide,to elide,省略,VERB,B2
to meditate,to meditate,沉思,VERB,B2
overdraft,overdraft,透支,NOUN,B2
existentialism,existentialism,存在主义,NOUN,B2
substandard,substandard,,NOUN,B2
to missed,to missed,错过,VERB,B2
to extol,to extol,赞美,VERB,B2
vaccine-related,vaccine-related,疫苗的,ADJ,B2
in here,in here,在这里面,ADV,B2
antidote,antidote,解毒剂,NOUN,B2
pernicious,pernicious,有害的,ADJ,B2
present time,present time,现在,NOUN,B2
nuclear weapon,nuclear weapon,核武器,NOUN,B2
freedom of assembly,freedom of assembly,集会自由,NOUN,B2
speculator,speculator,投机者,NOUN,B2
to exorcise,to exorcise,驱魔,VERB,B2
field medic,field medic,战地医生,NOUN,B2
lucidity,lucidity,清醒 / 明晰,NOUN,B2
beleaguered,beleaguered,受围困的,ADJ,B2
humid,humid,潮湿的,ADJ,B2
salon,salon,沙龙,NOUN,B2
infant,infant,婴儿,NOUN,B2
to blaspheme,to blaspheme,亵渎,VERB,B2
to consider think,to consider think,考虑/思考,VERB,B2
honorable,honorable,可敬的,ADJ,B2
to be taken,to be taken,被拿走,VERB,B2
bejeweled,bejeweled,镶满宝石的,ADJ,B2
snazzy,snazzy,时髦的,ADJ,B2
intricate,intricate,错综复杂的,ADJ,B2
holder,holder,持有者,NOUN,B2
fired,fired,被解雇的,ADJ,B2
ataxia,ataxia,共济失调,NOUN,B2
online dating profile,online dating profile,,NOUN,B2
sibling,sibling,兄弟姐妹,NOUN,B2
to flee escape,to flee escape,逃跑,VERB,B2
kidnapped,kidnapped,被绑架的,ADJ,B2
slowdown,slowdown,减速,NOUN,B2
disrepute,disrepute,坏名声,NOUN,B2
to flush,to flush,冲洗,VERB,B2
to culminate,to culminate,达到顶点,VERB,B2
press freedom,press freedom,新闻自由,NOUN,B2
demonstrative,demonstrative,演示的,ADJ,B2
mosquito net,mosquito net,蚊帐,NOUN,B2
furrow,furrow,犁沟,NOUN,B2
underclass,underclass,底层,NOUN,B2
unscathed,unscathed,未受伤害的,ADJ,B2
effort bet,effort bet,努力/赌注,NOUN,B2
except for,except for,除了,ADP,B2
rubber,rubber,橡胶,NOUN,B2
thrilling,thrilling,令人兴奋的,ADJ,B2
observation skill,observation skill,,NOUN,B2
to wane,to wane,减弱,VERB,B2
foal,foal,马驹,NOUN,B2
asp,asp,角蝰,NOUN,B2
gaping,gaping,,NOUN,B2
fluid,fluid,液体,NOUN,B2
meeting hit,meeting hit,会面/击中,NOUN,B2
freedom of speech,freedom of speech,言论自由,NOUN,B2
ribs,ribs,肋骨,NOUN,B2
unilateral,unilateral,单方面的,ADJ,B2
to object,to object,反对,VERB,B2
much many,much many,许多,ADJ,B2
of by,of by,的/被,ADP,B2
nourishment,nourishment,营养,NOUN,B2
corporation,corporation,公司,NOUN,B2
perennial,perennial,长期的,ADJ,B2
the safe,the safe,保险箱,NOUN,B2
bud,bud,芽,NOUN,B2
cricket,cricket,板球,NOUN,B2
din,din,喧嚣,NOUN,B2
bridle,bridle,马勒,NOUN,B2
to captivate,to captivate,迷住,VERB,B2
slothful,slothful,懒惰的,ADJ,B2
millions of,millions of,数百万的,NUM,B2
philippic,philippic,猛烈的抨击,NOUN,B2
baggage,baggage,行李,NOUN,B2
self-esteem,self-esteem,自尊,NOUN,B2
mapping,mapping,梳理,NOUN,B2
strangely,strangely,奇怪地,ADV,B2
to embolden,to embolden,使大胆,VERB,B2
freedom of opinion,freedom of opinion,意见自由,NOUN,B2
to appear to seem,to appear to seem,出现/显得,VERB,B2
terrorists,terrorists,恐怖分子们,NOUN,B2
nah,nah,不,INTJ,B2
to creak,to creak,嘎吱作响,VERB,B2
fluency,fluency,流利,NOUN,B2
bro,bro,哥们,NOUN,B2
to coerce,to coerce,强迫,VERB,B2
fascinated,fascinated,着迷的,ADJ,B2
painstakingly,painstakingly,细致地,ADV,B2
decor,decor,布景,NOUN,B2
moose,moose,驼鹿,NOUN,B2
scheduling,scheduling,调度；排序,NOUN,B2
editing,editing,剪辑,NOUN,B2
citrus,citrus,柑橘,NOUN,B2
attempted murder,attempted murder,谋杀未遂,NOUN,B2
to enunciate,to enunciate,阐明,VERB,B2
to bisect,to bisect,平分,VERB,B2
to calibrate,to calibrate,校准,VERB,B2
to blossom,to blossom,开花,VERB,B2
good day,good day,你好,INTJ,B2
to discern,to discern,辨别,VERB,B2
assurance,assurance,保证,NOUN,B2
kind sort,kind sort,种类,NOUN,B2
to plane,to plane,刨,VERB,B2
itinerant,itinerant,巡回的,ADJ,B2
to flog,to flog,鞭打,VERB,B2
rock slab,rock slab,岩板,NOUN,B2
to sparkle,to sparkle,闪耀,VERB,B2
care home,care home,,NOUN,B2
miserly,miserly,吝啬的,ADJ,B2
sordid,sordid,肮脏的,ADJ,B2
outlandish,outlandish,古怪的,ADJ,B2
arid,arid,干旱的,ADJ,B2
to emasculate,to emasculate,使无力,VERB,B2
trusting,trusting,信任的,ADJ,B2
keen eager,keen eager,渴望的,ADJ,B2
witness protection,witness protection,,NOUN,B2
costly,costly,昂贵的,ADJ,B2
to warm,to warm,加热,VERB,B2
to unearth to track down,to unearth to track down,寻觅，找到,VERB,B2
to demarcate,to demarcate,划定界限,VERB,B2
to diet,to diet,减肥,VERB,B2
to stay awake,to stay awake,守夜,VERB,B2
to connote,to connote,暗示,VERB,B2
obtaining,obtaining,获得,NOUN,B2
luminous,luminous,发光的,ADJ,B2
prodigy,prodigy,神童,NOUN,B2
tobacco,tobacco,烟草,NOUN,B2
multinational,multinational,跨国公司,NOUN,B2
disrespectful,disrespectful,无礼的,ADJ,B2
to function work,to function work,运作/起作用,VERB,B2
split secession,split secession,分裂,NOUN,B2
couple pair,couple pair,一对,NOUN,B2
civilisation,civilisation,文明,NOUN,B2
notarized,notarized,经公证的,ADJ,B2
deck tire,deck tire,甲板/轮胎,NOUN,B2
psychiatric,psychiatric,精神病的,ADJ,B2
abroad,abroad,在国外,ADV,B2
contaminated,contaminated,受污染的,ADJ,B2
underworld,underworld,地下世界,NOUN,B2
to enthrone,to enthrone,立为王,VERB,B2
insatiable,insatiable,不知足的,ADJ,B2
fluctuating,fluctuating,波动的,ADJ,B2
for sale,for sale,待售,ADJ,B2
to soften,to soften,使灵活,VERB,B2
to conjugate,to conjugate,变位,VERB,B2
to bring lead,to bring lead,带来/引导,VERB,B2
suite,suite,套房,NOUN,B2
recall,recall,回忆,NOUN,B2
thoughtfully,thoughtfully,体贴地,ADV,B2
ajar,ajar,半开的,ADJ,B2
brain activity,brain activity,,NOUN,B2
motel,motel,汽车旅馆,NOUN,B2
spelling,spelling,拼写,NOUN,B2
parcel,parcel,包裹,NOUN,B2
dungeon,dungeon,地牢,NOUN,B2
polar,polar,极地的,ADJ,B2
cultural heritage,cultural heritage,文化遗产,NOUN,B2
kind species,kind species,种类/物种,NOUN,B2
to be created,to be created,被创造,VERB,B2
to declaim,to declaim,慷慨陈词,VERB,B2
arrived present,arrived present,到了,ADV,B2
respondent,respondent,被上诉人,NOUN,B2
to dethrone,to dethrone,废黜,VERB,B2
to drip,to drip,滴,VERB,B2
lust,lust,欲望,NOUN,B2
enormously,enormously,巨大地,ADV,B2
light-year,light-year,,NOUN,B2
inboard,inboard,船内的,ADV,B2
filled,filled,充满的,ADJ,B2
younger,younger,较年轻的,ADJ,B2
catachresis,catachresis,词语误用,NOUN,B2
tv movie,tv movie,电视电影,NOUN,B2
to come loose,to come loose,松脱,VERB,B2
to calm down,to calm down,使平静,VERB,B2
sophisticated,sophisticated,复杂的,ADJ,B2
balsam,balsam,香脂,NOUN,B2
to supplicate,to supplicate,恳求,VERB,B2
limb,limb,肢体,NOUN,B2
audacious,audacious,大胆的,ADJ,B2
aged,aged,年老的,ADJ,B2
student residence,student residence,学生宿舍,NOUN,B2
respectful,respectful,恭敬的,ADJ,B2
to fossilize,to fossilize,石化,VERB,B2
roadblock,roadblock,,NOUN,B2
charismatic,charismatic,有魅力的,ADJ,B2
dozens,dozens,数十个,NOUN,B2
constancy,constancy,恒定,NOUN,B2
decimal,decimal,小数,NOUN,B2
to denigrate,to denigrate,诋毁,VERB,B2
integral,integral,不可或缺的,ADJ,B2
intangible,intangible,无形的,ADJ,B2
famine,famine,饥荒,NOUN,B2
guilty owes,guilty owes,有罪的/欠钱的,ADJ,B2
so-called,so-called,,NOUN,B2
to relay,to relay,转达,VERB,B2
to reproach,to reproach,责备,VERB,B2
that to,that to,那/去,PART,B2
bubbling,bubbling,冒泡的,ADJ,B2
all-clear,all-clear,许可信号,NOUN,B2
service year,service year,,NOUN,B2
to contend,to contend,主张,VERB,B2
drunkenness,drunkenness,醉酒,NOUN,B2
to democratize,to democratize,民主化,VERB,B2
preliminary investigation,preliminary investigation,,NOUN,B2
anachronistic,anachronistic,时代错误的,ADJ,B2
igneous,igneous,火成的,ADJ,B2
to disabuse,to disabuse,纠正错误想法,VERB,B2
chili,chili,辣椒,NOUN,B2
reprieve,reprieve,暂缓执行,NOUN,B2
marvelous,marvelous,极好的,ADJ,B2
databas,databas,数据库,NOUN,B2
doe,doe,雌鹿,NOUN,B2
larva,larva,幼虫,NOUN,B2
bicameral,bicameral,两院制的,ADJ,B2
jet,jet,喷气式飞机,NOUN,B2
demographic,demographic,人口统计的,ADJ,B2
anaphora,anaphora,首语重复修辞,NOUN,B2
to goad,to goad,刺激,VERB,B2
to equate,to equate,等同,VERB,B2
opacity,opacity,不透明性,NOUN,B2
wicked,wicked,邪恶的,ADJ,B2
taxonomy,taxonomy,分类学,NOUN,B2
advertising,advertising,广告的,ADJ,B2
pathogenic,pathogenic,致病的,ADJ,B2
bookcase,bookcase,书柜,NOUN,B2
malmo,malmo,马尔默,PROPN,B2
to yearn,to yearn,渴望,VERB,B2
relentlessness,relentlessness,不懈 / 猛烈,NOUN,B2
cadaverous,cadaverous,瘦骨嶙峋的,ADJ,B2
attractiveness,attractiveness,吸引力,NOUN,B2
loathing,loathing,,NOUN,B2
tilt,tilt,倾斜,NOUN,B2
amendable,amendable,可修正的,ADJ,B2
to segregate,to segregate,隔离,VERB,B2
to make stupid,to make stupid,使愚蠢,VERB,B2
incision,incision,切口,NOUN,B2
to annul,to annul,废除,VERB,B2
incandescent,incandescent,白炽的,ADJ,B2
to embark,to embark,上船,VERB,B2
cornice,cornice,檐口,NOUN,B2
to accentuate,to accentuate,强调,VERB,B2
altercation,altercation,争执,NOUN,B2
glimpse,glimpse,一瞥,NOUN,B2
darn,darn,哎呀,INTJ,B2
phenomenal,phenomenal,非凡的,ADJ,B2
trapdoor,trapdoor,活板门,NOUN,B2
prosody,prosody,韵律学,NOUN,B2
best friend,best friend,最好的朋友,NOUN,B2
to decode,to decode,解码,VERB,B2
drugs,drugs,毒品,NOUN,B2
courteous,courteous,有礼貌的,ADJ,B2
ballot,ballot,选票,NOUN,B2
boastful,boastful,自夸的,ADJ,B2
jointly,jointly,共同地,ADV,B2
lower,lower,较低的,ADJ,B2
predominance,predominance,主导地位,NOUN,B2
to raise bring up,to raise bring up,抚养,VERB,B2
balm,balm,香脂,NOUN,B2
masonry,masonry,砌体,NOUN,B2
to leave stick,to leave stick,离开/刺,VERB,B2
drug dealer,drug dealer,毒贩,NOUN,B2
invincible,invincible,无敌的,ADJ,B2
political party,political party,政党,NOUN,B2
bard,bard,吟游诗人,NOUN,B2
hint,hint,暗示,NOUN,B2
disobedient,disobedient,不服从的,ADJ,B2
scorn,scorn,轻蔑,NOUN,B2
the guy,the guy,那个男人,NOUN,B2
last evening,last evening,,NOUN,B2
strenuous,strenuous,费力的,ADJ,B2
to encircle,to encircle,环绕,VERB,B2
chore,chore,家务,NOUN,B2
to use to usually,to use to usually,通常/习惯于,VERB,B2
iatrogenic,iatrogenic,医源性的,ADJ,B2
too late,too late,太迟,ADV,B2
prerogative,prerogative,特权,NOUN,B2
to put back to reposition,to put back to reposition,放回 / 重新定位,VERB,B2
choreographer,choreographer,编舞者,NOUN,B2
to burnish,to burnish,擦亮,VERB,B2
amnesia,amnesia,健忘症,NOUN,B2
prayer trap,prayer trap,,NOUN,B2
to splash,to splash,溅,VERB,B2
to bequeath,to bequeath,遗赠,VERB,B2
subtle,subtle,微妙的,ADJ,B2
nerd,nerd,书呆子,NOUN,B2
to daunt,to daunt,使气馁,VERB,B2
to carve,to carve,雕刻,VERB,B2
bastion,bastion,堡垒,NOUN,B2
berkeley coach,berkeley coach,,NOUN,B2
in two,in two,成两半,ADV,B2
schism,schism,分裂,NOUN,B2
to savor,to savor,品味,VERB,B2
to alleviate,to alleviate,缓解,VERB,B2
explosives,explosives,炸药,NOUN,B2
jury,jury,陪审团,NOUN,B2
corporatism,corporatism,法团主义,NOUN,B2
from above,from above,从上方,ADV,B2
to train exercise,to train exercise,训练/锻炼,VERB,B2
rival,rival,对手,NOUN,B2
middle class,middle class,中产阶层,NOUN,B2
resistance movement,resistance movement,抵抗运动,NOUN,B2
to expurgate,to expurgate,删节,VERB,B2
to lament,to lament,哀叹,VERB,B2
minimalism,minimalism,极简主义,NOUN,B2
matter of conscience,matter of conscience,良心问题,NOUN,B2
ethereal,ethereal,飘渺的,ADJ,B2
sympathy empathy,sympathy empathy,同情/共情,NOUN,B2
to bifurcate,to bifurcate,分叉,VERB,B2
ride lift,ride lift,搭车,NOUN,B2
mafia,mafia,黑手党,NOUN,B2
security-related,security-related,安全的，安保的,ADJ,B2
plundering,plundering,掠夺,NOUN,B2
to capitulate,to capitulate,投降,VERB,B2
virulent,virulent,恶性的,ADJ,B2
stew,stew,炖菜,NOUN,B2
inadequate,inadequate,不足的,ADJ,B2
malnutrition,malnutrition,营养不良,NOUN,B2
alibi,alibi,不在场证明,NOUN,B2
feeble,feeble,虚弱的,ADJ,B2
displacement,displacement,位移,NOUN,B2
byzantine,byzantine,错综复杂的,ADJ,B2
to depreciate,to depreciate,贬值,VERB,B2
intransigent,intransigent,不妥协的,ADJ,B2
apologist,apologist,辩护者,NOUN,B2
inflammation,inflammation,炎症,NOUN,B2
ambidextrous,ambidextrous,双手灵巧的,ADJ,B2
to enervate,to enervate,使衰弱,VERB,B2
to vilify,to vilify,诽谤,VERB,B2
to fluster,to fluster,使慌乱,VERB,B2
to disarrange,to disarrange,弄乱,VERB,B2
incongruous,incongruous,不协调的,ADJ,B2
to fraternize,to fraternize,勾结,VERB,B2
to edify,to edify,启发,VERB,B2
abstemious,abstemious,有节制的,ADJ,B2
prize,prize,奖品,NOUN,B2
to augur,to augur,预言,VERB,B2
hepatic,hepatic,肝脏的,ADJ,B2
postponement,postponement,延期,NOUN,B2
humiliating,humiliating,令人羞辱的,ADJ,B2
pious,pious,虔诚的,ADJ,B2
freight,freight,货物,NOUN,B2
to daze,to daze,使茫然,VERB,B2
incessant,incessant,持续的,ADJ,B2
spurious,spurious,虚假的,ADJ,B2
abject,abject,悲惨的,ADJ,B2
nosy,nosy,爱打听的,ADJ,B2
promiscuous,promiscuous,滥交的,ADJ,B2
to denote,to denote,表示,VERB,B2
to exculpate,to exculpate,开脱,VERB,B2
import,import,进口,NOUN,B2
to scrub,to scrub,擦洗,VERB,B2
to disconcert,to disconcert,使惊慌,VERB,B2
dexterity,dexterity,灵巧,NOUN,B2
corroboration,corroboration,证实,NOUN,B2
to ascribe,to ascribe,归因于,VERB,B2
stagnant,stagnant,停滞的,ADJ,B2
format,format,格式,NOUN,B2
craving,craving,渴求,NOUN,B2
bonfire,bonfire,篝火,NOUN,B2
gargoyle,gargoyle,滴水嘴兽,NOUN,B2
gunshot,gunshot,枪声,NOUN,B2
to acclaim,to acclaim,称赞,VERB,B2
stoic,stoic,坚忍的,ADJ,B2
tick,tick,滴答声,NOUN,B2
sane,sane,神志正常的,ADJ,B2
to rebuke,to rebuke,斥责,VERB,B2
to ail,to ail,使苦恼,VERB,B2
atrocity,atrocity,暴行,NOUN,B2
oracle,oracle,神谕,NOUN,B2
wealthy,wealthy,富有的,ADJ,B2
irrational,irrational,非理性的,ADJ,B2
deportation,deportation,驱逐出境,NOUN,B2
bracket,bracket,括号,NOUN,B2
terse,terse,简练的,ADJ,B2
to enslave,to enslave,奴役,VERB,B2
given,given,给定的,ADJ,B2
to flap,to flap,拍打,VERB,B2
inhibition,inhibition,抑制,NOUN,B2
to snub,to snub,冷落,VERB,B2
to extricate,to extricate,使摆脱,VERB,B2
frigid,frigid,寒冷的,ADJ,B2
evocative,evocative,引起回忆的,ADJ,B2
impeccable,impeccable,无瑕疵的,ADJ,B2
to commercialize,to commercialize,商业化,VERB,B2
to enrapture,to enrapture,使狂喜,VERB,B2
apologetic,apologetic,道歉的,ADJ,B2
opulent,opulent,豪华的,ADJ,B2
barge,barge,驳船,NOUN,B2
cultivation,cultivation,培养,NOUN,B2
infamous,infamous,声名狼藉的,ADJ,B2
to fortify,to fortify,加强,VERB,B2
reverent,reverent,虔诚的,ADJ,B2
to divest,to divest,剥夺,VERB,B2
to disinherit,to disinherit,剥夺继承权,VERB,B2
hyperbole,hyperbole,夸张,NOUN,B2
to boost,to boost,促进,VERB,B2
to fertilize,to fertilize,施肥,VERB,B2
to satiate,to satiate,使饱足,VERB,B2
arcane,arcane,神秘的,ADJ,B2
discrepancy,discrepancy,差异,NOUN,B2
to deport,to deport,驱逐出境,VERB,B2
to cram,to cram,填鸭式学习,VERB,B2
to fumigate,to fumigate,熏蒸,VERB,B2
cramp,cramp,抽筋,NOUN,B2
touching,touching,动人的,ADJ,B2
immature,immature,不成熟的,ADJ,B2
bacchanal,bacchanal,狂欢,NOUN,B2
feast,feast,盛宴,NOUN,B2
to botch,to botch,搞砸,VERB,B2
scarcely,scarcely,几乎不,ADV,B2
evasion,evasion,逃避,NOUN,B2
to disperse,to disperse,分散,VERB,B2
behaviorist,behaviorist,行为主义者,NOUN,B2
beloved,beloved,心爱的,ADJ,B2
to elude,to elude,逃避,VERB,B2
bohemian,bohemian,放荡不羁的,ADJ,B2
akin,akin,相似的,ADJ,B2
brainwasher,brainwasher,洗脑者,NOUN,B2
bossism,bossism,老板主义,NOUN,B2
weary,weary,疲倦的,ADJ,B2
apathy,apathy,冷漠,NOUN,B2
skirmish,skirmish,小规模战斗,NOUN,B2
shrill,shrill,尖锐的,ADJ,B2
affront,affront,冒犯,NOUN,B2
to deify,to deify,神化,VERB,B2
garland,garland,花环,NOUN,B2
brow,brow,眉毛,NOUN,B2
to covet,to covet,觊觎,VERB,B2
to sprout,to sprout,发芽,VERB,B2
funnel,funnel,漏斗,NOUN,B2
to gravitate,to gravitate,受吸引,VERB,B2
to disintegrate,to disintegrate,瓦解,VERB,B2
incoherence,incoherence,不连贯,NOUN,B2
to ensnare,to ensnare,诱捕,VERB,B2
constituent,constituent,成分,NOUN,B2
fratricide,fratricide,杀兄弟,NOUN,B2
ardent,ardent,热情的,ADJ,B2
to forebode,to forebode,预兆,VERB,B2
acceptable,acceptable,可接受的,ADJ,B2
exotic,exotic,异国情调的,ADJ,B2
to dilute,to dilute,稀释,VERB,B2
cistern,cistern,蓄水池,NOUN,B2
badge,badge,徽章,NOUN,B2
to enrage,to enrage,激怒,VERB,B2
ashen,ashen,灰白的,ADJ,B2
aging,aging,老化,NOUN,B2
diaphragm,diaphragm,横膈膜,NOUN,B2
magnanimous,magnanimous,宽宏大量的,ADJ,B2
sorcery,sorcery,巫术,NOUN,B2
excrement,excrement,排泄物,NOUN,B2
belligerent,belligerent,好战的,ADJ,B2
detergent,detergent,洗涤剂,NOUN,B2
sniper,sniper,狙击手,NOUN,B2
bourgeois,bourgeois,资产阶级的,ADJ,B2
to shroud,to shroud,覆盖,VERB,B2
demagoguery,demagoguery,煽动性,NOUN,B2
to erode,to erode,侵蚀,VERB,B2
to denature,to denature,使变性,VERB,B2
to alter,to alter,改变,VERB,B2
to exude,to exude,散发,VERB,B2
betrothal,betrothal,订婚,NOUN,B2
to adhere,to adhere,坚持,VERB,B2
to deign,to deign,屈尊,VERB,B2
to allocate,to allocate,分配,VERB,B2
antipode,antipode,对跖点,NOUN,B2
anachronism,anachronism,时代错误,NOUN,B2
docile,docile,温顺的,ADJ,B2
to cloy,to cloy,使厌烦,VERB,B2
to delineate,to delineate,描绘,VERB,B2
to flatten,to flatten,使平坦,VERB,B2
stipend,stipend,津贴,NOUN,B2
to dispose,to dispose,处理,VERB,B2
worn,worn,磨损的,ADJ,B2
to gratify,to gratify,使满足,VERB,B2
uncouth,uncouth,粗俗的,ADJ,B2
disuse,disuse,废弃,NOUN,B2
to galvanize,to galvanize,激励,VERB,B2
to retract,to retract,撤回,VERB,B2
aforementioned,aforementioned,上述的,ADJ,B2
convertibility,convertibility,可兑换性,NOUN,B2
absorbed,absorbed,全神贯注的,ADJ,B2
to beautify,to beautify,美化,VERB,B2
sore,sore,疼痛的,ADJ,B2
vogue,vogue,流行,NOUN,B2
elusive,elusive,难以捉摸的,ADJ,B2
to confine,to confine,限制,VERB,B2
to cauterize,to cauterize,烧灼,VERB,B2
to unearth,to unearth,发掘,VERB,B2
to dishearten,to dishearten,使沮丧,VERB,B2
unscrupulous,unscrupulous,肆无忌惮的,ADJ,B2
amorphous,amorphous,无定形的,ADJ,B2
attribution,attribution,归因,NOUN,B2
to stratify,to stratify,分层,VERB,B2
frivolous,frivolous,轻浮的,ADJ,B2
wax,wax,蜡,NOUN,B2
soccer,soccer,足球,NOUN,B2
mezzanine,mezzanine,夹层,NOUN,B2
saving,saving,储蓄,NOUN,B2
apprehensive,apprehensive,忧虑的,ADJ,B2
to unravel,to unravel,解开,VERB,B2
to overthrow,to overthrow,推翻,VERB,B2
buttress,buttress,扶壁,NOUN,B2
assertion,assertion,断言,NOUN,B2
to germinate,to germinate,发芽,VERB,B2
unprecedented,unprecedented,史无前例的,ADJ,B2
bloodless,bloodless,不流血的,ADJ,B2
remorseful,remorseful,悔恨的,ADJ,B2
shipment,shipment,货物,NOUN,B2
to engross,to engross,使全神贯注,VERB,B2
chronicle,chronicle,编年史,NOUN,B2
phony,phony,假的,ADJ,B2
oblique,oblique,斜的,ADJ,B2
to glean,to glean,搜集,VERB,B2
to eject,to eject,弹出,VERB,B2
vase,vase,花瓶,NOUN,B2
vicissitude,vicissitude,变迁,NOUN,B2
burner,burner,燃烧器,NOUN,B2
stratagem,stratagem,策略,NOUN,B2
to bewitch,to bewitch,迷住,VERB,B2
shotgun,shotgun,猎枪,NOUN,B2
adverse,adverse,不利的,ADJ,B2
mistaken,mistaken,错误的,ADJ,B2
bower,bower,凉亭,NOUN,B2
unforgivable,unforgivable,不可原谅的,ADJ,B2
ancillary,ancillary,辅助的,ADJ,B2
bagpiper,bagpiper,风笛手,NOUN,B2
to amalgamate,to amalgamate,合并,VERB,B2
den,den,兽穴,NOUN,B2
reluctant,reluctant,不情愿的,ADJ,B2
spine,spine,脊柱,NOUN,B2
to exclaim,to exclaim,呼喊,VERB,B2
to condescend,to condescend,屈尊,VERB,B2
ephemeral,ephemeral,短暂的,ADJ,B2
immoral,immoral,不道德的,ADJ,B2
inspired,inspired,受启发的,ADJ,B2
to deflate,to deflate,使泄气,VERB,B2
wary,wary,谨慎的,ADJ,B2
abstinence,abstinence,节制,NOUN,B2
sacrilege,sacrilege,亵渎,NOUN,B2
to gauge,to gauge,测量,VERB,B2
erudite,erudite,博学的,ADJ,B2
spite,spite,恶意,NOUN,B2
to depopulate,to depopulate,使人口减少,VERB,B2
favoritism,favoritism,偏袒,NOUN,B2
auspice,auspice,赞助,NOUN,B2
confederate,confederate,同盟者,NOUN,B2
sublime,sublime,崇高的,ADJ,B2
misanthrope,misanthrope,厌世者,NOUN,B2
equity,equity,公平,NOUN,B2
hemisphere,hemisphere,半球,NOUN,B2
deceptive,deceptive,欺骗性的,ADJ,B2
exponent,exponent,指数,NOUN,B2
cacophony,cacophony,刺耳的声音,NOUN,B2
battlement,battlement,城垛,NOUN,B2
enigmatic,enigmatic,神秘的,ADJ,B2
froth,froth,泡沫,NOUN,B2
aptitude,aptitude,天资,NOUN,B2
to enthrall,to enthrall,迷住,VERB,B2
balustrade,balustrade,栏杆,NOUN,B2
barricade,barricade,路障,NOUN,B2
to gain,to gain,获得,VERB,B2
to assent,to assent,同意,VERB,B2
concord,concord,和谐,NOUN,B2
avid,avid,热切的,ADJ,B2
zeal,zeal,热情,NOUN,B2
to elucidate,to elucidate,阐明,VERB,B2
decorum,decorum,礼仪,NOUN,B2
to embarrass,to embarrass,使尴尬,VERB,B2
asparagus,asparagus,芦笋,NOUN,B2
dapper,dapper,整洁的,ADJ,B2
alienable,alienable,可转让的,ADJ,B2
fabulous,fabulous,极好的,ADJ,B2
to equalize,to equalize,使相等,VERB,B2
cast,cast,演员阵容,NOUN,B2
to attenuate,to attenuate,减弱,VERB,B2
gregarious,gregarious,爱社交的,ADJ,B2
apotheotic,apotheotic,神化的,ADJ,B2
apex,apex,顶点,NOUN,B2
contrition,contrition,悔罪,NOUN,B2
ruthless,ruthless,无情的,ADJ,B2
crystalline,crystalline,水晶般的,ADJ,B2
burdensome,burdensome,繁重的,ADJ,B2
to disunite,to disunite,使分裂,VERB,B2
to exfoliate,to exfoliate,去角质,VERB,B2
risque,risque,有伤风化的,ADJ,B2
cumbersome,cumbersome,笨重的,ADJ,B2
bilious,bilious,易怒的,ADJ,B2
gin,gin,金酒,NOUN,B2
biweekly,biweekly,双周的,ADJ,B2
brooding,brooding,忧思,NOUN,B2
to decompress,to decompress,解压,VERB,B2
intellect,intellect,智力,NOUN,B2
contraband,contraband,违禁品,NOUN,B2
autocratic,autocratic,专制的,ADJ,B2
to condone,to condone,宽恕,VERB,B2
stolid,stolid,冷漠的,ADJ,B2
to swagger,to swagger,大摇大摆,VERB,B2
to declassify,to declassify,解密,VERB,B2
binge,binge,放纵,NOUN,B2
trifling,trifling,微不足道的,ADJ,B2
frantic,frantic,狂乱的,ADJ,B2
to asphyxiate,to asphyxiate,使窒息,VERB,B2
to foist,to foist,强加,VERB,B2
sedentary,sedentary,久坐的,ADJ,B2
dishonor,dishonor,耻辱,NOUN,B2
humorous,humorous,幽默的,ADJ,B2
to consign,to consign,移交,VERB,B2
immense,immense,巨大的,ADJ,B2
erratic,erratic,不稳定的,ADJ,B2
haughty,haughty,傲慢的,ADJ,B2
cabinetmaker,cabinetmaker,细木工匠,NOUN,B2
to beatify,to beatify,宣福,VERB,B2
to redeem,to redeem,赎回,VERB,B2
inquisitive,inquisitive,好奇的,ADJ,B2
incisive,incisive,深刻的,ADJ,B2
conciseness,conciseness,简洁,NOUN,B2
brazen,brazen,厚颜无耻的,ADJ,B2
to adduce,to adduce,引证,VERB,B2
to temporize,to temporize,拖延,VERB,B2
brochure,brochure,小册子,NOUN,B2
tireless,tireless,不知疲倦的,ADJ,B2
matriarch,matriarch,女家长,NOUN,B2
vehement,vehement,激烈的,ADJ,B2
to curtail,to curtail,削减,VERB,B2
to expectorate,to expectorate,吐痰,VERB,B2
to stalk,to stalk,跟踪,VERB,B2
astonished,astonished,惊讶的,ADJ,B2
catapult,catapult,投石机,NOUN,B2
disparate,disparate,截然不同的,ADJ,B2
brusqueness,brusqueness,唐突,NOUN,B2
entertaining,entertaining,有趣的,ADJ,B2
to alienate,to alienate,使疏远,VERB,B2
pensive,pensive,沉思的,ADJ,B2
atonement,atonement,赎罪,NOUN,B2
to corrode,to corrode,腐蚀,VERB,B2
to afforest,to afforest,造林,VERB,B2
altitude,altitude,海拔,NOUN,B2
plausible,plausible,似是而非的,ADJ,B2
to brandish,to brandish,挥舞,VERB,B2
sanctimonious,sanctimonious,伪善的,ADJ,B2
boisterous,boisterous,喧闹的,ADJ,B2
iconoclast,iconoclast,偶像破坏者,NOUN,B2
blunder,blunder,大错,NOUN,B2
ungainly,ungainly,笨拙的,ADJ,B2
upstart,upstart,暴发户,NOUN,B2
to defame,to defame,诽谤,VERB,B2
biting,biting,咬人,NOUN,B2
to exalt,to exalt,颂扬,VERB,B2
dichotomy,dichotomy,二分法,NOUN,B2
bargain,bargain,便宜货,NOUN,B2
attainable,attainable,可获得的,ADJ,B2
oversight,oversight,疏忽,NOUN,B2
gem,gem,宝石,NOUN,B2
to detract,to detract,贬低,VERB,B2
contemplation,contemplation,沉思,NOUN,B2
graduation,graduation,毕业,NOUN,B2
to skein,to skein,绕成线团,VERB,B2
slenderness,slenderness,纤细,NOUN,B2
hygienic,hygienic,卫生的,ADJ,B2
curator,curator,策展人,NOUN,B2
horrified,horrified,惊骇的,ADJ,B2
scandinavian,scandinavian,斯堪的纳维亚的,ADJ,B2
reclamation,reclamation,收复,NOUN,B2
bungler,bungler,笨手笨脚的人,NOUN,B2
to lead astray,to lead astray,使入歧途,VERB,B2
to spirit away,to spirit away,变走,VERB,B2
appreciable,appreciable,可观的,ADJ,B2
deteriorated,deteriorated,恶化的,ADJ,B2
cove,cove,小海湾,NOUN,B2
intermediate,intermediate,中级的,ADJ,B2
gamete,gamete,配子,NOUN,B2
scythe,scythe,镰刀,NOUN,B2
idiot,idiot,傻瓜,ADJ,B2
to ascend to promote,to ascend to promote,上升 / 晋升,VERB,B2
to humanize,to humanize,使人性化,VERB,B2
fractional,fractional,分数的,ADJ,B2
centipede,centipede,蜈蚣,NOUN,B2
to idolize,to idolize,崇拜,VERB,B2
set of ideals,set of ideals,思想体系,NOUN,B2
epithet,epithet,绰号,NOUN,B2
autocracy,autocracy,专制,NOUN,B2
to plunder,to plunder,掠夺,VERB,B2
equestrian,equestrian,马术的,ADJ,B2
celerity,celerity,迅速,NOUN,B2
musk,musk,麝香,NOUN,B2
to splint,to splint,用夹板固定,VERB,B2
seaplane,seaplane,水上飞机,NOUN,B2
to go numb,to go numb,麻木,VERB,B2
to turn off extinguish,to turn off extinguish,关闭/熄灭,VERB,B2
insinuation,insinuation,暗示,NOUN,B2
cane,cane,手杖,NOUN,B2
shameless person,shameless person,厚颜无耻的人,NOUN,B2
excitability,excitability,兴奋性,NOUN,B2
inflection,inflection,词尾,NOUN,B2
hooligan,hooligan,流氓,NOUN,B2
disquisition,disquisition,论述,NOUN,B2
to fail to fulfill,to fail to fulfill,未履行,VERB,B2
to gush,to gush,涌出,VERB,B2
annotation,annotation,注释,NOUN,B2
fanatic,fanatic,狂热的,ADJ,B2
gatekeeper,gatekeeper,道口看守员,NOUN,B2
emulation,emulation,模仿,NOUN,B2
charitable,charitable,慈善的,ADJ,B2
cattle rancher,cattle rancher,牧场主,NOUN,B2
to codify,to codify,编纂,VERB,B2
narrowing,narrowing,变窄,NOUN,B2
countercurrent,countercurrent,逆流,NOUN,B2
inclement,inclement,严酷的,ADJ,B2
every other sunday,every other sunday,每隔一周的星期日,NOUN,B2
confinement,confinement,禁闭,NOUN,B2
sparrowhawk,sparrowhawk,雀鹰,NOUN,B2
to put on track,to put on track,使走上正轨,VERB,B2
stampede,stampede,溃逃,NOUN,B2
to gray,to gray,变白,VERB,B2
confidant,confidant,知己,NOUN,B2
wharf,wharf,码头,NOUN,B2
brute,brute,粗野的,ADJ,B2
to elevate,to elevate,提升,VERB,B2
babble,babble,结巴,NOUN,B2
to dispossess,to dispossess,剥夺,VERB,B2
to crowd together,to crowd together,挤在一起,VERB,B2
to guess right,to guess right,猜中,VERB,B2
to espy,to espy,窥探,VERB,B2
collusion,collusion,串通,NOUN,B2
concordance,concordance,一致,NOUN,B2
colossal,colossal,巨大的,ADJ,B2
fortune teller,fortune teller,占卜者,NOUN,B2
devourer,devourer,吞噬者,NOUN,B2
flat-nosed,flat-nosed,扁鼻子的,ADJ,B2
contiguous,contiguous,相邻的,ADJ,B2
widening,widening,加宽,NOUN,B2
to unbutton,to unbutton,解开纽扣,VERB,B2
to defer,to defer,推迟,VERB,B2
spatula,spatula,刮刀,NOUN,B2
to disentangle,to disentangle,解开,VERB,B2
to apostatize,to apostatize,叛教,VERB,B2
untidiness,untidiness,凌乱,NOUN,B2
governability,governability,可治理性,NOUN,B2
discredit,discredit,丧失信誉,NOUN,B2
to handcuff,to handcuff,给…戴手铐,VERB,B2
to fluctuate,to fluctuate,波动,VERB,B2
generatrix,generatrix,母线,NOUN,B2
long-distance runner,long-distance runner,长跑运动员,NOUN,B2
prolific,prolific,多产的,ADJ,B2
galician,galician,加利西亚的,ADJ,B2
to meddle,to meddle,干涉,VERB,B2
exalted,exalted,狂热的,ADJ,B2
involuntary,involuntary,无意识的,ADJ,B2
ferret,ferret,雪貂,NOUN,B2
ballast,ballast,压舱物,NOUN,B2
illogical,illogical,不合逻辑的,ADJ,B2
to guillotine,to guillotine,斩首,VERB,B2
bunch,bunch,一群,NOUN,B2
justness,justness,公正,NOUN,B2
disenchantment,disenchantment,幻灭,NOUN,B2
grandiloquent,grandiloquent,夸张的,ADJ,B2
fruit tree,fruit tree,果树的,ADJ,B2
hide-and-seek,hide-and-seek,捉迷藏,NOUN,B2
suicidal,suicidal,自杀的,ADJ,B2
doctrinaire,doctrinaire,教条主义的,ADJ,B2
quotable,quotable,可估价的,ADJ,B2
tickle,tickle,发痒,NOUN,B2
compendium,compendium,纲要,NOUN,B2
tackling,tackling,马具,NOUN,B2
leafy,leafy,枝叶茂密的,ADJ,B2
to vent,to vent,倾诉,VERB,B2
to gird,to gird,束紧,VERB,B2
furtive,furtive,鬼鬼祟祟的,ADJ,B2
exculpation,exculpation,开脱,NOUN,B2
countenance,countenance,面容,NOUN,B2
falconry,falconry,猎鹰术,NOUN,B2
conic,conic,圆锥曲线,NOUN,B2
disloyalty,disloyalty,不忠,NOUN,B2
to thrill,to thrill,使兴奋,VERB,B2
herbaceous,herbaceous,草本的,ADJ,B2
inflamed,inflamed,激烈的,ADJ,B2
informative,informative,提供信息的,ADJ,B2
aridity,aridity,干旱,NOUN,B2
to encode,to encode,编码,VERB,B2
epitaph,epitaph,墓志铭,NOUN,B2
indistinct,indistinct,模糊的,ADJ,B2
expeditious,expeditious,迅速的,ADJ,B2
varnish,varnish,清漆,NOUN,B2
to go deep into,to go deep into,深入,VERB,B2
duet,duet,二重奏,NOUN,B2
home-loving,home-loving,顾家的,ADJ,B2
to coax,to coax,哄骗,VERB,B2
pharisee,pharisee,法利赛人,NOUN,B2
gravid,gravid,怀孕的,ADJ,B2
condemned,condemned,被定罪的,ADJ,B2
delirious,delirious,谵妄的,ADJ,B2
apotheosis,apotheosis,神化,NOUN,B2
squid,squid,鱿鱼,NOUN,B2
unbridled,unbridled,肆无忌惮的,ADJ,B2
grotesque,grotesque,怪诞的,ADJ,B2
blazing,blazing,炽热的,ADJ,B2
to be unaware,to be unaware,不知道,VERB,B2
out of place,out of place,格格不入的,ADJ,B2
revelry,revelry,狂欢,NOUN,B2
to wield,to wield,行使,VERB,B2
excavator,excavator,挖掘机,NOUN,B2
to powder,to powder,撒粉,VERB,B2
flaccid,flaccid,松弛的,ADJ,B2
egalitarian,egalitarian,平等主义的,ADJ,B2
cord,cord,绳索,NOUN,B2
disadvantageous,disadvantageous,不利的,ADJ,B2
foliage,foliage,枝叶,NOUN,B2
winding,winding,蜿蜒的,ADJ,B2
to antagonize,to antagonize,使对立,VERB,B2
apoplexy,apoplexy,中风,NOUN,B2
land register,land register,地籍,NOUN,B2
intolerant,intolerant,不容忍的,ADJ,B2
to release from prison,to release from prison,释放,VERB,B2
conformist,conformist,墨守成规者,NOUN,B2
empirically,empirically,凭经验地,ADV,B2
incongruity,incongruity,不协调,NOUN,B2
slender,slender,纤细的,ADJ,B2
to harmonize,to harmonize,使和谐,VERB,B2
wild beast,wild beast,猛兽,NOUN,B2
to mutiny,to mutiny,煽动叛乱,VERB,B2
brakeman,brakeman,刹车员,NOUN,B2
bureaucratic,bureaucratic,官僚的,ADJ,B2
disorganization,disorganization,无组织,NOUN,B2
horoscope,horoscope,星座运势,NOUN,B2
copious,copious,丰富的,ADJ,B2
dissolute,dissolute,放荡的,ADJ,B2
disheveled,disheveled,蓬乱的,ADJ,B2
to skewer,to skewer,串起,VERB,B2
concordat,concordat,政教协定,NOUN,B2
to mud,to mud,弄脏,VERB,B2
incipient,incipient,初期的,ADJ,B2
corrigible,corrigible,可改正的,ADJ,B2
germicidal,germicidal,杀菌的,ADJ,B2
effervescent,effervescent,沸腾的,ADJ,B2
high school graduate,high school graduate,高中毕业生,NOUN,B2
phlebitis,phlebitis,静脉炎,NOUN,B2
ferrule,ferrule,箍,NOUN,B2
unnatural,unnatural,不自然的,ADJ,B2
heterodox,heterodox,异端的,ADJ,B2
burlesque,burlesque,滑稽的,ADJ,B2
exaltation,exaltation,狂热,NOUN,B2
mannish,mannish,像男人的,ADJ,B2
exuberance,exuberance,繁茂,NOUN,B2
to armor,to armor,装甲,VERB,B2
slimy,slimy,粘滑的,ADJ,B2
ski,ski,滑雪板,NOUN,B2
consummate,consummate,熟练的,ADJ,B2
choirboy,choirboy,唱诗班男孩,NOUN,B2
to lean out,to lean out,探出身体,VERB,B2
maroon,maroon,深红色,ADJ,B2
industrious,industrious,勤劳的,ADJ,B2
geometer,geometer,几何学家,NOUN,B2
exorbitant,exorbitant,过高的,ADJ,B2
consequent,consequent,随之发生的,ADJ,B2
sweepings,sweepings,扫出的垃圾,NOUN,B2
to curve,to curve,弯曲,VERB,B2
discretionary,discretionary,自由裁量的,ADJ,B2
to pacify,to pacify,平息,VERB,B2
very fine,very fine,极细的,ADJ,B2
to jam,to jam,堵塞,VERB,B2
tacky thing,tacky thing,俗气的事,NOUN,B2
deserter,deserter,逃兵,NOUN,B2
extirpation,extirpation,切除,NOUN,B2
amends,amends,补偿,NOUN,B2
defenseless,defenseless,无防御的,ADJ,B2
imperialist,imperialist,帝国主义的,ADJ,B2
germanic,germanic,日耳曼的,ADJ,B2
scaly,scaly,有鳞的,ADJ,B2
short news item,short news item,短新闻,NOUN,B2
hispanic,hispanic,西班牙的,ADJ,B2
flashlight,flashlight,手电筒,NOUN,B2
endogenous,endogenous,内生的,ADJ,B2
to stylize,to stylize,风格化,VERB,B2
swarm,swarm,蜂群,NOUN,B2
loose thread,loose thread,线头,NOUN,B2
imbecility,imbecility,愚蠢,NOUN,B2
conch,conch,海螺壳,NOUN,B2
maladjusted,maladjusted,适应不良的,ADJ,B2
historicist,historicist,历史主义者,NOUN,B2
gossipy,gossipy,爱传流言的,ADJ,B2
t-shirt,t-shirt,T 恤衫,NOUN,B2
hexagon,hexagon,六边形,NOUN,B2
floorboard,floorboard,木地板,NOUN,B2
exhumation,exhumation,掘墓,NOUN,B2
parishioner,parishioner,教区居民,NOUN,B2
to make independent,to make independent,使独立,VERB,B2
to pair,to pair,配对,VERB,B2
unpunished,unpunished,未受惩罚的,ADJ,B2
figuratively,figuratively,比喻地,ADV,B2
distinctive,distinctive,独特的,ADJ,B2
fittings,fittings,水龙头配件,NOUN,B2
pompous,pompous,浮夸的,ADJ,B2
euphonic,euphonic,悦耳的,ADJ,B2
equilateral,equilateral,等边的,ADJ,B2
puny,puny,瘦弱的,ADJ,B2
bronze-colored,bronze-colored,青铜色的,ADJ,B2
despotic,despotic,专制的,ADJ,B2
spirited,spirited,活泼的,ADJ,B2
latin,latin,拉丁语,NOUN,B2
rarefaction,rarefaction,稀薄,NOUN,B2
fluidity,fluidity,流畅,NOUN,B2
exhortation,exhortation,劝诫,NOUN,B2
crochet,crochet,钩针编织,NOUN,B2
clairvoyant,clairvoyant,有洞察力的,ADJ,B2
gestural,gestural,手势的,ADJ,B2
quantifiable,quantifiable,可量化的,ADJ,B2
flirt,flirt,调情者,NOUN,B2
exhalation,exhalation,呼气,NOUN,B2
atrophy,atrophy,萎缩,NOUN,B2
to frolic,to frolic,嬉戏,VERB,B2
to defuse,to defuse,缓和,VERB,B2
delicately,delicately,巧妙地,ADV,B2
to fraction,to fraction,分割,VERB,B2
to deviate,to deviate,偏离,VERB,B2
personalized,personalized,个性化的,ADJ,B2
to drape,to drape,悬挂,VERB,B2
fold,fold,折痕,NOUN,B2
rustic,rustic,乡村的,ADJ,B2
doubling,doubling,加倍,NOUN,B2
breast,breast,乳房,NOUN,B2
to flout,to flout,蔑视,VERB,B2
particularly,particularly,特别地,ADV,B2
upheaval,upheaval,剧变,NOUN,B2
to serve a route,to serve a route,为...提供交通服务,VERB,B2
mound,mound,土堆,NOUN,B2
pallor,pallor,苍白,NOUN,B2
rout,rout,溃败,NOUN,B2
resourceful,resourceful,机灵的,ADJ,B2
awareness raising,awareness raising,提高意识,NOUN,B2
granny,granny,奶奶,NOUN,B2
sheaf,sheaf,捆,NOUN,B2
locality,locality,地点,NOUN,B2
facies,facies,面貌,NOUN,B2
aphasia,aphasia,失语症,NOUN,B2
feature film,feature film,故事片,NOUN,B2
perpetual,perpetual,永久的,ADJ,B2
probe,probe,探测器,NOUN,B2
to commute,to commute,通勤,VERB,B2
to reverse,to reverse,反转,VERB,B2
water heater,water heater,热水器,NOUN,B2
proliferation,proliferation,增殖,NOUN,B2
pantheon,pantheon,先贤祠,NOUN,B2
detainee,detainee,被拘留者,NOUN,B2
summarily,summarily,草率地,ADV,B2
to defrost,to defrost,除霜,VERB,B2
perilous,perilous,危险的,ADJ,B2
to renounce to disown,to renounce to disown,否认 / 抛弃,VERB,B2
to execrate,to execrate,痛恨,VERB,B2
to resonate,to resonate,共鸣,VERB,B2
factoring,factoring,保理,NOUN,B2
detached house,detached house,独栋房屋,NOUN,B2
to amass,to amass,积聚,VERB,B2
independently,independently,独立地,ADV,B2
severely,severely,严厉地,ADV,B2
traditionally,traditionally,传统地,ADV,B2
tenacity,tenacity,坚韧,NOUN,B2
politely,politely,礼貌地,ADV,B2
paper clip,paper clip,回形针,NOUN,B2
to unbridle,to unbridle,解开,VERB,B2
yoke,yoke,枷锁,NOUN,B2
cohort,cohort,队列,NOUN,B2
respective,respective,各自的,ADJ,B2
newcomer,newcomer,新来者,NOUN,B2
bookplate,bookplate,藏书票,NOUN,B2
frankly,frankly,坦率地,ADV,B2
passionate,passionate,热情的,ADJ,B2
panther,panther,豹,NOUN,B2
antisemitism,antisemitism,反犹太主义,NOUN,B2
to generate engender,to generate engender,产生,VERB,B2
to sequester,to sequester,隔离,VERB,B2
invariably,invariably,不变地,ADV,B2
stall,stall,包厢座位,NOUN,B2
major,major,主要的,ADJ,B2
expatriate,expatriate,移居国外者,NOUN,B2
gallop,gallop,疾驰,NOUN,B2
array,array,排列,NOUN,B2
malfeasance,malfeasance,渎职,NOUN,B2
to ratify,to ratify,批准,VERB,B2
to defray,to defray,支付,VERB,B2
to gratinate,to gratinate,烤成焦皮,VERB,B2
various,various,各种各样的,ADJ,B2
to flock,to flock,群集,VERB,B2
to appal,to appal,使惊恐,VERB,B2
to crash into,to crash into,撞击,VERB,B2
communist,communist,共产主义者,NOUN,B2
lymphatic,lymphatic,淋巴的,ADJ,B2
paradoxical,paradoxical,矛盾的,ADJ,B2
supreme,supreme,最高的,ADJ,B2
bump,bump,肿块,NOUN,B2
librarian,librarian,图书管理员,NOUN,B2
craze,craze,狂热,NOUN,B2
pedantry,pedantry,迂腐,NOUN,B2
bulgarian,bulgarian,保加利亚的,ADJ,B2
syllogism,syllogism,三段论,NOUN,B2
to conserve,to conserve,保存,VERB,B2
grumbler,grumbler,爱抱怨的人,NOUN,B2
prophylaxis,prophylaxis,预防,NOUN,B2
to invalidate,to invalidate,证明无效,VERB,B2
to suborn,to suborn,教唆,VERB,B2
solipsism,solipsism,唯我论,NOUN,B2
to curl,to curl,卷曲,VERB,B2
to start again,to start again,重新开始,VERB,B2
detrimental,detrimental,有害的,ADJ,B2
mortality,mortality,死亡率,NOUN,B2
to prosper,to prosper,繁荣,VERB,B2
televised,televised,电视播出的,ADJ,B2
tirade,tirade,长篇抨击,NOUN,B2
rainy,rainy,多雨的,ADJ,B2
hesitant,hesitant,犹豫的,ADJ,B2
fit,fit,适合的,ADJ,B2
preliminary,preliminary,初步的,ADJ,B2
semantics,semantics,语义学,NOUN,B2
kindly,kindly,亲切地,ADV,B2
to tumble,to tumble,跌倒,VERB,B2
truism,truism,自明之理,NOUN,B2
civility,civility,礼貌,NOUN,B2
to dye,to dye,染色,VERB,B2
respite,respite,喘息,NOUN,B2
annexation,annexation,吞并,NOUN,B2
oligarchy,oligarchy,寡头政治,NOUN,B2
disciplinary,disciplinary,纪律的,ADJ,B2
to dither,to dither,犹豫不决,VERB,B2
bailiff,bailiff,法警,NOUN,B2
to croak,to croak,呱呱叫,VERB,B2
accuracy,accuracy,准确性,NOUN,B2
calmly,calmly,平静地,ADV,B2
predictable,predictable,可预测的,ADJ,B2
to hail inspect,to hail inspect,盘查,VERB,B2
narcissistic,narcissistic,自恋的,ADJ,B2
mash,mash,泥状食物,NOUN,B2
nostalgia,nostalgia,怀旧,NOUN,B2
inexorably,inexorably,不可阻挡地,ADV,B2
vintage,vintage,佳酿,NOUN,B2
solitary,solitary,孤独的,ADJ,B2
to make heavier,to make heavier,加重,VERB,B2
to rally,to rally,团结,VERB,B2
relentless,relentless,无情的,ADJ,B2
pioneer,pioneer,先驱,NOUN,B2
frequently,frequently,经常,ADV,B2
pleura,pleura,胸膜,NOUN,B2
mascot,mascot,吉祥物,NOUN,B2
accessibility,accessibility,可达性,NOUN,B2
penalty,penalty,惩罚,NOUN,B2
damaging,damaging,有害的,ADJ,B2
trauma,trauma,创伤,NOUN,B2
merchandise,merchandise,商品,NOUN,B2
to demonize,to demonize,妖魔化,VERB,B2
not subject to limitation,not subject to limitation,不受时效限制的,ADJ,B2
prosecution service,prosecution service,检察院,NOUN,B2
to ferret,to ferret,搜寻,VERB,B2
to crumple,to crumple,弄皱,VERB,B2
to acquiesce,to acquiesce,默许,VERB,B2
to caper,to caper,跳跃,VERB,B2
balance sheet,balance sheet,资产负债表,NOUN,B2
filming,filming,拍摄,NOUN,B2
separately,separately,分开地，单独地,ADV,B2
preponderant,preponderant,占优势的,ADJ,B2
pretentious,pretentious,自命不凡的,ADJ,B2
hike,hike,徒步旅行,NOUN,B2
potentially,potentially,潜在地,ADV,B2
straw,straw,稻草,NOUN,B2
acoustic,acoustic,声学的,ADJ,B2
naturally,naturally,自然地,ADV,B2
know-how,know-how,诀窍,NOUN,B2
to behead,to behead,斩首,VERB,B2
to cuddle,to cuddle,拥抱,VERB,B2
to chastise,to chastise,严惩,VERB,B2
to decry,to decry,谴责,VERB,B2
precarious,precarious,不稳定的,ADJ,B2
flesh,flesh,肉,NOUN,B2
lubricity,lubricity,好色 / 淫荡,NOUN,B2
talented,talented,有才华的,ADJ,B2
apocalyptic,apocalyptic,启示录的,ADJ,B2
to disjoin,to disjoin,分离,VERB,B2
offense,offense,冒犯,NOUN,B2
rain shower,rain shower,阵雨,NOUN,B2
peritoneum,peritoneum,腹膜,NOUN,B2
hacking,hacking,黑客行为,NOUN,B2
layperson,layperson,外行,NOUN,B2
fulfilled,fulfilled,满足的,ADJ,B2
awful,awful,糟糕的,ADJ,B2
to chain to link together,to chain to link together,用链条锁住；连贯,VERB,B2
braggadocio,braggadocio,吹牛,NOUN,B2
tertiary,tertiary,第三的,ADJ,B2
planning,planning,规划,NOUN,B2
screenwriter,screenwriter,编剧,NOUN,B2
to concoct,to concoct,编造,VERB,B2
to dislodge,to dislodge,逐出,VERB,B2
to dupe,to dupe,欺骗,VERB,B2
tenor,tenor,男高音,NOUN,B2
resonant,resonant,共鸣的,ADJ,B2
supporting document,supporting document,证明文件,NOUN,B2
touchy,touchy,易怒的,ADJ,B2
to dispel,to dispel,消除,VERB,B2
antiquated,antiquated,过时的,ADJ,B2
unforeseen,unforeseen,意外的,ADJ,B2
to slaughter shoot down,to slaughter shoot down,屠宰/击落,VERB,B2
occult,occult,神秘的,ADJ,B2
probable likely,probable likely,可能的,ADJ,B2
to blush,to blush,脸红,VERB,B2
to bloom,to bloom,开花,VERB,B2
to feign,to feign,假装,VERB,B2
notch,notch,刻痕,NOUN,B2
summer visitor,summer visitor,暑期游客,NOUN,B2
subcontracting,subcontracting,分包,NOUN,B2
volunteering,volunteering,志愿服务,NOUN,B2
to break into,to break into,撬开,VERB,B2
spade,spade,铲子,NOUN,B2
subtlety,subtlety,微妙,NOUN,B2
abusive,abusive,滥用的,ADJ,B2
persistence,persistence,坚持,NOUN,B2
cutting,cutting,切割,NOUN,B2
revival,revival,复兴,NOUN,B2
to praise lavishly,to praise lavishly,大肆吹捧,VERB,B2
precocious,precocious,早熟的,ADJ,B2
regulatory,regulatory,监管的,ADJ,B2
versatile,versatile,多才多艺的,ADJ,B2
gently,gently,轻轻地,ADV,B2
microwave,microwave,微波炉,NOUN,B2
harsh,harsh,严厉的,ADJ,B2
to purge,to purge,清除,VERB,B2
taxable,taxable,应纳税的,ADJ,B2
flow rate,flow rate,流量,NOUN,B2
financing funding,financing funding,融资,NOUN,B2
breakup,breakup,分手,NOUN,B2
historically,historically,历史上,ADV,B2
preferable,preferable,更可取的,ADJ,B2
elation,elation,兴高采烈,NOUN,B2
to pamper,to pamper,纵容,VERB,B2
to persecute,to persecute,迫害,VERB,B2
deeply moving,deeply moving,令人感动的,ADJ,B2
onomatopoeia,onomatopoeia,拟声词,NOUN,B2
resumption,resumption,恢复,NOUN,B2
pusillanimous,pusillanimous,怯懦的,ADJ,B2
their,their,他们的,DET,B2
decontamination,decontamination,去污,NOUN,B2
to launder,to launder,洗钱,VERB,B2
to concede,to concede,承认,VERB,B2
perceptibly,perceptibly,明显地,ADV,B2
closing argument,closing argument,辩护词,NOUN,B2
sentinel,sentinel,哨兵,NOUN,B2
precision,precision,精确,NOUN,B2
parsimonious,parsimonious,吝啬的,ADJ,B2
quiddity,quiddity,本质,NOUN,B2
bodywork,bodywork,车身,NOUN,B2
renunciation,renunciation,放弃,NOUN,B2
canvas,canvas,帆布,NOUN,B2
formally,formally,正式地,ADV,B2
loop,loop,循环,NOUN,B2
mercenary,mercenary,雇佣兵,NOUN,B2
angelic,angelic,天使般的,ADJ,B2
disdainfully,disdainfully,轻蔑地,ADV,B2
lesion,lesion,病变,NOUN,B2
residual,residual,残留的,ADJ,B2
cooking,cooking,烹饪,NOUN,B2
sorting,sorting,分类,NOUN,B2
to castigate,to castigate,严厉批评,VERB,B2
innocuous,innocuous,无害的,ADJ,B2
perverse,perverse,任性的,ADJ,B2
dishonest,dishonest,不诚实的,ADJ,B2
to transcribe,to transcribe,转录,VERB,B2
posthumous,posthumous,死后的,ADJ,B2
freely,freely,自由地,ADV,B2
recreation,recreation,娱乐,NOUN,B2
oxymoron,oxymoron,矛盾修辞法,NOUN,B2
redundancy,redundancy,冗余,NOUN,B2
angular,angular,有角的,ADJ,B2
sedition,sedition,煽动叛乱,NOUN,B2
to warp,to warp,弯曲,VERB,B2
pickaxe,pickaxe,镐；锄,NOUN,B2
notably,notably,显著地,ADV,B2
semolina,semolina,粗面粉,NOUN,B2
antecedent,antecedent,先行词,NOUN,B2
acclimatization,acclimatization,适应环境,NOUN,B2
probity,probity,正直,NOUN,B2
sensual,sensual,感官的,ADJ,B2
malevolence,malevolence,恶意,NOUN,B2
theologian,theologian,神学家,NOUN,B2
remote work,remote work,远程办公,NOUN,B2
specious,specious,似是而非的,ADJ,B2
drawback,drawback,缺点,NOUN,B2
to conform,to conform,符合,VERB,B2
to confer,to confer,授予,VERB,B2
to strip bare,to strip bare,洗劫,VERB,B2
practicing believer,practicing believer,信徒,NOUN,B2
to make bland,to make bland,使乏味,VERB,B2
pursuit lawsuit,pursuit lawsuit,追求/诉讼,NOUN,B2
peroration,peroration,结语,NOUN,B2
indeterminate unspecified,indeterminate unspecified,未确定的,ADJ,B2
food-processing,food-processing,食品加工的,ADJ,B2
parataxis,parataxis,意合,NOUN,B2
to strike to offend,to strike to offend,撞击 / 冒犯,VERB,B2
hostess,hostess,女服务员,NOUN,B2
obstetrics,obstetrics,产科学,NOUN,B2
wrongdoer,wrongdoer,罪犯,NOUN,B2
to pour out,to pour out,倾诉,VERB,B2
guru,guru,精神导师,NOUN,B2
freshly,freshly,新鲜地,ADV,B2
perfidy,perfidy,背信弃义,NOUN,B2
cordially,cordially,亲切地,ADV,B2
street interview,street interview,街头采访,NOUN,B2
manually,manually,手动地,ADV,B2
slang,slang,俚语,NOUN,B2
eight-line stanza,eight-line stanza,八行诗,NOUN,B2
diagonal,diagonal,对角线,NOUN,B2
customs officer,customs officer,海关官员,NOUN,B2
depressive,depressive,抑郁的，压抑的,ADJ,B2
lawnmower,lawnmower,割草机,NOUN,B2
proportional,proportional,成比例的,ADJ,B2
picking,picking,采摘,NOUN,B2
airfield,airfield,飞机场,NOUN,B2
apodictic,apodictic,确证的,ADJ,B2
indirectly,indirectly,间接地,ADV,B2
to lodge an appeal,to lodge an appeal,提出上诉,VERB,B2
to fall to,to fall to,落到...身上,VERB,B2
magnesium,magnesium,镁,NOUN,B2
quashing,quashing,撤销,NOUN,B2
recruiter,recruiter,招聘人员,NOUN,B2
toad,toad,蟾蜍,NOUN,B2
sovereigntist,sovereigntist,主权主义者,NOUN,B2
clumsiness,clumsiness,笨拙,NOUN,B2
media library,media library,多媒体图书馆,NOUN,B2
caterpillar,caterpillar,毛毛虫,NOUN,B2
sincerely,sincerely,真诚地,ADV,B2
to move to pity,to move to pity,使怜悯,VERB,B2
typology,typology,类型学,NOUN,B2
heatwave,heatwave,热浪,NOUN,B2
stressful,stressful,有压力的,ADJ,B2
unofficially,unofficially,非正式地,ADV,B2
to chill,to chill,使冰冻,VERB,B2
triangular,triangular,三角形的,ADJ,B2
pitchfork,pitchfork,叉子,NOUN,B2
french-speaking,french-speaking,讲法语的,ADJ,B2
symptomatology,symptomatology,症状学,NOUN,B2
dementia madness,dementia madness,痴呆，疯狂,NOUN,B2
to raise awareness,to raise awareness,提高意识,VERB,B2
about sixty,about sixty,六十来个,NOUN,B2
indiscriminately,indiscriminately,不加区别地,ADV,B2
the blues,the blues,忧郁,NOUN,B2
legatee,legatee,受遗赠人,NOUN,B2
to resell,to resell,转售,VERB,B2
juvenile,juvenile,青少年的,ADJ,B2
consecutive,consecutive,连续的,ADJ,B2
penal,penal,刑事的,ADJ,B2
pamphleteer,pamphleteer,小册子作者,NOUN,B2
segregation,segregation,隔离，分离,NOUN,B2
moralism,moralism,道德主义,NOUN,B2
sexism,sexism,性别歧视,NOUN,B2
case law,case law,判例法,NOUN,B2
to nuance,to nuance,使具有细微差别,VERB,B2
setting sun,setting sun,夕阳,NOUN,B2
to subsist,to subsist,存在,VERB,B2
coastal,coastal,沿海的,ADJ,B2
lukewarm,lukewarm,微温的,ADJ,B2
marrow,marrow,骨髓,NOUN,B2
bistro,bistro,小酒馆,NOUN,B2
untouchable,untouchable,不可触碰的,ADJ,B2
alternatively,alternatively,交替地,ADV,B2
stage fright,stage fright,怯场,NOUN,B2
socialist,socialist,社会主义者,NOUN,B2
obsequiousness,obsequiousness,谄媚,NOUN,B2
heartening,heartening,令人高兴的,ADJ,B2
as soon as,as soon as,一...就,ADV,B2
heroically,heroically,英勇地,ADV,B2
flint,flint,燧石,NOUN,B2
delinquent offender,delinquent offender,违法者，不良分子,NOUN,B2
to maltreat,to maltreat,虐待,VERB,B2
obsequiously,obsequiously,谄媚地,ADV,B2
telephony,telephony,电话学,NOUN,B2
food,food,食品的,ADJ,B2
carcass,carcass,骨架,NOUN,B2
faithful loyal,faithful loyal,忠诚的,ADJ,B2
symphonic,symphonic,交响乐的,ADJ,B2
undecided indecisive,undecided indecisive,犹豫不决的,ADJ,B2
treat,treat,盛宴,NOUN,B2
generational,generational,代际的,ADJ,B2
alpine,alpine,高山的,ADJ,B2
servilely,servilely,奴性地,ADV,B2
checkbook,checkbook,支票簿,NOUN,B2
productive,productive,多产的,ADJ,B2
tv viewer,tv viewer,电视观众,NOUN,B2
release of lien,release of lien,解除扣押,NOUN,B2
asphyxia,asphyxia,窒息,NOUN,B2
registered mail,registered mail,挂号信,NOUN,B2
to push to grow,to push to grow,推/生长,VERB,B2
a lot,a lot,很多,ADV,B2
populist,populist,民粹主义者,NOUN,B2
rapper,rapper,说唱歌手,NOUN,B2
marshal,marshal,元帅,NOUN,B2
purely,purely,纯粹地,ADV,B2
currant,currant,醋栗,NOUN,B2
anarchist,anarchist,无政府主义者,NOUN,B2
manifestly,manifestly,明显地,ADV,B2
irregular,irregular,不规则的,ADJ,B2
jurisconsult,jurisconsult,法学专家,NOUN,B2
lymph node,lymph node,淋巴结,NOUN,B2
litter bedding,litter bedding,垫草 / 猫砂,NOUN,B2
worrying,worrying,令人担忧的,ADJ,B2
to dirty to tarnish,to dirty to tarnish,弄脏,VERB,B2
oyster,oyster,牡蛎,NOUN,B2
underground,underground,地下的,ADJ,B2
retiree,retiree,退休人员,NOUN,B2
reproducibility,reproducibility,可重复性,NOUN,B2
agitated,agitated,焦躁的,ADJ,B2
nationalist,nationalist,民族主义者,NOUN,B2
fawning flattery,fawning flattery,阿谀奉承,NOUN,B2
productivist,productivist,生产至上主义的,ADJ,B2
pictorial,pictorial,绘画的,ADJ,B2
to taint,to taint,玷污,VERB,B2
fingernail,fingernail,指甲,NOUN,B2
marginally,marginally,边缘地,ADV,B2
biologist,biologist,生物学家,NOUN,B2
polysyndeton,polysyndeton,连词叠用,NOUN,B2
recourse,recourse,求助,NOUN,B2
subject to the law,subject to the law,受法律管辖的,ADJ,B2
deluge flood,deluge flood,洪水，倾盆大雨,NOUN,B2
remains spoils,remains spoils,遗体，战利品,NOUN,B2
to mark out,to mark out,标示,VERB,B2
sedentary lifestyle,sedentary lifestyle,久坐的生活方式,NOUN,B2
geriatrics,geriatrics,老年医学,NOUN,B2
playable,playable,可演奏的,ADJ,B2
to commune,to commune,交融,VERB,B2
hyperthermia,hyperthermia,体温过高,NOUN,B2
to multiply tenfold,to multiply tenfold,增至十倍,VERB,B2
preterition,preterition,假托,NOUN,B2
nitrogen,nitrogen,氮,NOUN,B2
preacher,preacher,传教士,NOUN,B2
about thirty,about thirty,三十左右,NOUN,B2
to spout,to spout,喷射,VERB,B2
traumatic,traumatic,创伤的,ADJ,B2
several,several,若干,NOUN,B2
parable,parable,寓言,NOUN,B2
to stem from,to stem from,源于,VERB,B2
priority,priority,优先的,ADJ,B2
to tip over,to tip over,翻倒,VERB,B2
foreclosure of rights,foreclosure of rights,权利丧失,NOUN,B2
be tender,be tender,温柔的,ADJ,B2
fistula,fistula,瘘管,NOUN,B2
to catch sight of,to catch sight of,瞥见,VERB,B2
artificially,artificially,人为地,ADV,B2
forfeiture,forfeiture,丧失,NOUN,B2
recruit,recruit,新兵,NOUN,B2
genetically,genetically,遗传地,ADV,B2
scouting locating,scouting locating,定位 / 侦察,NOUN,B2
subsidiarity,subsidiarity,辅助性原则,NOUN,B2
dish towel,dish towel,抹布,NOUN,B2
co-ownership,co-ownership,共有产权,NOUN,B2
momentarily,momentarily,暂时地,ADV,B2
to rediscover,to rediscover,重新发现,VERB,B2
paralogism,paralogism,谬误推理,NOUN,B2
cyst,cyst,囊肿,NOUN,B2
resection,resection,切除术,NOUN,B2
patently,patently,显然地,ADV,B2
ticket window,ticket window,售票窗口,NOUN,B2
to weary to tire,to weary to tire,使厌倦,VERB,B2
tuberculosis,tuberculosis,结核病,NOUN,B2
overtaking exceeding,overtaking exceeding,超越，超出,NOUN,B2
blender,blender,搅拌机,NOUN,B2
degenerative,degenerative,退化的,ADJ,B2
fresco,fresco,壁画,NOUN,B2
receiving stolen goods,receiving stolen goods,窝赃,NOUN,B2
on upon,on upon,在...上,ADP,B2
to unhook,to unhook,摘下,VERB,B2
footage,footage,镜头长度,NOUN,B2
droppings,droppings,粪便,NOUN,B2
computer specialist,computer specialist,计算机专家,NOUN,B2
cruelly,cruelly,残酷地,ADV,B2
progressive,progressive,进步人士,NOUN,B2
selectively,selectively,有选择地,ADV,B2
lily,lily,百合,NOUN,B2
illuminator,illuminator,彩饰画家,NOUN,B2
acronym,acronym,首字母缩略词,NOUN,B2
similarly,similarly,同样地,ADV,B2
bedsheet,bedsheet,床单,NOUN,B2
surplus,surplus,过剩的,ADJ,B2
to mast,to mast,降伏,VERB,B2
to drive lead,to drive lead,驾驶,VERB,B2
fishing,fishing,钓鱼,NOUN,B2
lucky find,lucky find,意外发现,NOUN,B2
cross-border,cross-border,边境的,ADJ,B2
community-related,community-related,社区的,ADJ,B2
dynamism,dynamism,活力,NOUN,B2
great-grandfather,great-grandfather,曾祖父,NOUN,B2
supportive,supportive,团结的,ADJ,B2
tarragon,tarragon,龙蒿,NOUN,B2
regeneration,regeneration,再生,NOUN,B2
scales,scales,秤,NOUN,B2
trilemma,trilemma,三难困境,NOUN,B2
indebted,indebted,负债的,ADJ,B2
skating,skating,滑冰,NOUN,B2
malaria,malaria,疟疾,NOUN,B2
boastfulness,boastfulness,吹嘘,NOUN,B2
anagram,anagram,字谜游戏,NOUN,B2
cinematographic,cinematographic,电影的,ADJ,B2
fake news,fake news,假新闻,NOUN,B2
derisory paltry,derisory paltry,可笑的，微不足道的,ADJ,B2
hematoma,hematoma,血肿,NOUN,B2
malefic,malefic,邪恶的,ADJ,B2
enslavement,enslavement,奴役,NOUN,B2
chauvinism,chauvinism,沙文主义,NOUN,B2
striped,striped,有条纹的,ADJ,B2
oligopoly,oligopoly,寡头垄断,NOUN,B2
breathing,breathing,呼吸,NOUN,B2
laundering,laundering,洗钱,NOUN,B2
systematically,systematically,系统地,ADV,B2
accordion,accordion,手风琴,NOUN,B2
naturalization,naturalization,入籍,NOUN,B2
to postpone to carry over,to postpone to carry over,推迟,VERB,B2
suburbs,suburbs,郊区,NOUN,B2
ignominy,ignominy,耻辱,NOUN,B2
neuron,neuron,神经元,NOUN,B2
psalm,psalm,诗篇,NOUN,B2
signatory,signatory,签署者,NOUN,B2
solicitude,solicitude,关怀,NOUN,B2
teratogenic,teratogenic,致畸的,ADJ,B2
radically,radically,彻底地,ADV,B2
masculine,masculine,男性的,ADJ,B2
to join to adhere,to join to adhere,加入 / 附着,VERB,B2
ravine,ravine,沟壑,NOUN,B2
barracks,barracks,兵营,NOUN,B2
distinctly,distinctly,清楚地,ADV,B2
presumed,presumed,推定的,ADJ,B2
to dry up,to dry up,使干枯,VERB,B2
breach of duty,breach of duty,渎职,NOUN,B2
occultism,occultism,神秘学,NOUN,B2
peri-urban,peri-urban,城市周边的,ADJ,B2
eddy,eddy,漩涡,NOUN,B2
accused person,accused person,被告,NOUN,B2
punctuality,punctuality,守时,NOUN,B2
impostor,impostor,骗子,NOUN,B2
asyndeton,asyndeton,连词省略,NOUN,B2
saucepan,saucepan,平底锅,NOUN,B2
current events,current events,时事,NOUN,B2
rerun,rerun,重播,NOUN,B2
laconism,laconism,简洁,NOUN,B2
shared boundary ownership,shared boundary ownership,共有边界权,NOUN,B2
to make up for substitute,to make up for substitute,弥补/替代,VERB,B2
about fifty,about fifty,五十左右,NOUN,B2
herbal tea,herbal tea,花草茶,NOUN,B2
to point to clock in,to point to clock in,指 / 打卡,VERB,B2
capping,capping,封顶,NOUN,B2
to incarcerate,to incarcerate,监禁,VERB,B2
paintbrush,paintbrush,画笔；毛笔,NOUN,B2
magnetic,magnetic,磁的,ADJ,B2
clandestinity,clandestinity,秘密状态,NOUN,B2
beatitude,beatitude,至福,NOUN,B2
clumsily,clumsily,笨拙地,ADV,B2
to inflict to impose,to inflict to impose,施加,VERB,B2
amalgam conflation,amalgam conflation,混合 / 混淆,NOUN,B2
amphitheater lecture hall,amphitheater lecture hall,阶梯教室 / 圆形剧场,NOUN,B2
small boat,small boat,小船,NOUN,B2
ok,ok,好的,INTJ,B2
sophist,sophist,诡辩家,NOUN,B2
measured,measured,克制的,ADJ,B2
deeply profoundly,deeply profoundly,深刻地,ADV,B2
ticket validation,ticket validation,检票,NOUN,B2
divide cleavage,divide cleavage,分裂 / 分歧,NOUN,B2
cosmology,cosmology,宇宙学,NOUN,B2
funerary,funerary,丧葬的,ADJ,B2
to unbend,to unbend,润滑,VERB,B2
bookstore,bookstore,书店,NOUN,B2
to unblind,to unblind,使醒悟,VERB,B2
coin purse,coin purse,零钱包,NOUN,B2
buyer purchaser,buyer purchaser,买方,NOUN,B2
succinctly,succinctly,简洁地,ADV,B2
striking,striking,惊人的,ADJ,B2
activism,activism,激进主义,NOUN,B2
cider,cider,苹果酒,NOUN,B2
portion serving,portion serving,部分 / 一份,NOUN,B2
each one,each one,每人,PRON,B2
to scare away,to scare away,惊飞,VERB,B2
duct pipe,duct pipe,管道,NOUN,B2
continually,continually,不断地,ADV,B2
award auction,award auction,裁定 / 拍卖,NOUN,B2
initial,initial,花押字,NOUN,B2
time clock,time clock,打卡机,NOUN,B2
legislature,legislature,立法机关,NOUN,B2
flowering,flowering,开花,NOUN,B2
quantum,quantum,量子的,ADJ,B2
stationery shop,stationery shop,文具店,NOUN,B2
exceptionally,exceptionally,例外地,ADV,B2
fed up,fed up,受够了,NOUN,B2
pleonasm,pleonasm,赘述,NOUN,B2
opportunity used,opportunity used,机会,NOUN,B2
patronage,patronage,赞助,NOUN,B2
laundry detergent,laundry detergent,洗衣液/脏衣服,NOUN,B2
millionaire,millionaire,百万富翁,NOUN,B2
obese,obese,肥胖的,ADJ,B2
flat rate,flat rate,包干费,NOUN,B2
amicable out-of-court,amicable out-of-court,友好的 / 庭外和解的,ADJ,B2
to ogle,to ogle,窥视,VERB,B2
accessory,accessory,配件,NOUN,B2
to flame,to flame,燃烧,VERB,B2
achievable,achievable,可实现的,ADJ,B2
trilogy,trilogy,三部曲,NOUN,B2
egg-laying,egg-laying,产卵,NOUN,B2
allegiance,allegiance,忠诚,NOUN,B2
refutable,refutable,可反驳的,ADJ,B2
ore,ore,矿石,NOUN,B2
syneresis,syneresis,元音合并,NOUN,B2
beneficial,beneficial,有益的,ADJ,B2
to contest,to contest,质疑,VERB,B2
impassively,impassively,无动于衷地,ADV,B2
comorbidity,comorbidity,共病,NOUN,B2
exoteric,exoteric,外传的,ADJ,B2
boarder,boarder,寄宿生,NOUN,B2
thermodynamics,thermodynamics,热力学,NOUN,B2
knowledge exchange,knowledge exchange,知识交流,NOUN,B2
sure safe,sure safe,确定的,ADJ,B2
greetings,greetings,,NOUN,B2
entrance ticket,entrance ticket,门票,NOUN,B2
ears,ears,耳朵,NOUN,B2
parent-friendly,parent-friendly,,NOUN,B2
certainly,certainly,当然,INTJ,B2
sliding,sliding,滑动的,ADJ,B2
lab,lab,实验室,NOUN,B2
morphine,morphine,吗啡,NOUN,B2
fine pretty,fine pretty,美丽的,ADJ,B2
gladly willingly,gladly willingly,乐意地/宁愿,ADV,B2
clear,clear,当然,ADV,B2
top great,top great,顶部/极好,NOUN,B2
twenty-two-year-old,twenty-two-year-old,,NOUN,B2
pier,pier,码头,NOUN,B2
in peace,in peace,不受打扰地,ADV,B2
penance,penance,忏悔,NOUN,B2
to be needed,to be needed,被需要,VERB,B2
bike helmet,bike helmet,自行车头盔,NOUN,B2
sailboat,sailboat,,NOUN,B2
suicidal thought,suicidal thought,,NOUN,B2
regardless,regardless,不管,ADV,B2
electric motor,electric motor,电动机,NOUN,B2
family relatives,family relatives,亲属,NOUN,B2
fast,fast,快地,ADV,B2
monarchy,monarchy,君主制,NOUN,B2
pain relief,pain relief,,NOUN,B2
fair decent,fair decent,公平的/正派的,ADJ,B2
to zero out,to zero out,清零,VERB,B2
swim training,swim training,,NOUN,B2
mental hospital,mental hospital,精神病院,NOUN,B2
sense of shame,sense of shame,,NOUN,B2
locked in,locked in,被关在里面的,ADJ,B2
pants,pants,裤子,NOUN,B2
stolen,stolen,被偷的,ADJ,B2
to be included,to be included,包含,VERB,B2
funniness,funniness,,NOUN,B2
outbreak,outbreak,爆发,NOUN,B2
premium,premium,溢价,NOUN,B2
grille,grille,格栅,NOUN,B2
single,single,单曲,NOUN,B2
medical help,medical help,,NOUN,B2
gothenburg,gothenburg,哥德堡,PROPN,B2
managed,managed,,NOUN,B2
english teacher,english teacher,,NOUN,B2
literally,literally,字面上地,ADV,B2
leaf page,leaf page,叶子,NOUN,B2
to light a fire,to light a fire,生火,VERB,B2
mr master,mr master,先生/主人,NOUN,B2
pine needle,pine needle,针叶,NOUN,B2
funeral home,funeral home,,NOUN,B2
sweetness,sweetness,,NOUN,B2
hooray,hooray,万岁,INTJ,B2
angle of approach,angle of approach,切入点,NOUN,B2
thereafter,thereafter,此后,ADV,B2
although,although,尽管,CCONJ,B2
latest,latest,最新的,ADJ,B2
change exchange,change exchange,改变/交换,NOUN,B2
work environment,work environment,工作环境,NOUN,B2
to fit suit,to fit suit,适合,VERB,B2
to be driven,to be driven,被驱动,VERB,B2
to be counted,to be counted,被算作,VERB,B2
its,its,它的,PRON,B2
social problem,social problem,社会问题,NOUN,B2
indigenous people,indigenous people,原住民,NOUN,B2
bigwig,bigwig,大人物,NOUN,B2
something,something,شي,NOUN,B2
magically,magically,魔法地,ADV,B2
number one,number one,第一名,NOUN,B2
he this one,he this one,他/这位,PRON,B2
concussion,concussion,脑震荡,NOUN,B2
bank card,bank card,银行卡,NOUN,B2
known famous,known famous,著名的/熟悉的,ADJ,B2
bigger,bigger,更大的,ADJ,B2
alive living,alive living,活着的,ADJ,B2
following page,following page,,NOUN,B2
more important,more important,更重要的,ADJ,B2
to screw,to screw,拧,VERB,B2
fun joke,fun joke,乐趣/玩笑,NOUN,B2
agree,agree,一致,ADJ,B2
to step down,to step down,辞职,VERB,B2
monkey ape,monkey ape,猿/猴,NOUN,B2
conifer,conifer,针叶树,NOUN,B2
sure,sure,当然,ADV,B2
to steer control,to steer control,控制,VERB,B2
starved,starved,饥饿的,ADJ,B2
artistry,artistry,,NOUN,B2
to trap fell,to trap fell,困住/砍倒,VERB,B2
half-year,half-year,半年,NOUN,B2
hither,hither,到这里,ADV,B2
guest tester,guest tester,,NOUN,B2
contacts,contacts,人脉,NOUN,B2
computer program,computer program,电脑程序,NOUN,B2
hanged,hanged,被绞死的,ADJ,B2
butt,butt,臀部,NOUN,B2
to bicker,to bicker,争吵,VERB,B2
violently,violently,暴力地,ADV,B2
to decide determine,to decide determine,决定/确定,VERB,B2
so thus,so thus,所以/如此,ADV,B2
to wipe out,to wipe out,消灭,VERB,B2
citizenship right,citizenship right,公民权,NOUN,B2
at once,at once,立刻,ADV,B2
to drink binge,to drink binge,狂饮,VERB,B2
to dampen,to dampen,使潮湿,VERB,B2
to denominate,to denominate,命名,VERB,B2
test drive,test drive,,NOUN,B2
disposition,disposition,性情,NOUN,B2
itself,itself,它自己,PRON,B2
the sick,the sick,病人,NOUN,B2
more beautiful,more beautiful,更美的,ADJ,B2
atomic nucleus,atomic nucleus,原子核,NOUN,B2
to paint over,to paint over,重新粉刷,VERB,B2
working class,working class,工人阶级,NOUN,B2
to harbor,to harbor,怀有,VERB,B2
sentenced,sentenced,被判刑的,ADJ,B2
upper floor,upper floor,楼上,NOUN,B2
salad lettuce,salad lettuce,沙拉/生菜,NOUN,B2
scientists,scientists,科学家,NOUN,B2
lots,lots,大量,NOUN,B2
poor wretched,poor wretched,可怜的,ADJ,B2
welcome committee,welcome committee,,NOUN,B2
self-image,self-image,自我形象,NOUN,B2
to find oneself,to find oneself,处于,VERB,B2
ace,ace,王牌,NOUN,B2
your plural,your plural,你们的,DET,B2
values,values,价值观,NOUN,B2
goodbye kiss,goodbye kiss,,NOUN,B2
atm,atm,自动取款机,NOUN,B2
sun sensitivity,sun sensitivity,,NOUN,B2
load cargo,load cargo,货物/负荷,NOUN,B2
egg card,egg card,,NOUN,B2
wife mrs,wife mrs,妻子/夫人,NOUN,B2
below,below,下面,NOUN,B2
definite,definite,明确的,ADJ,B2
evenly,evenly,均匀地,ADV,B2
determined definite,determined definite,确定的,ADJ,B2
healthcare worker,healthcare worker,医护人员,NOUN,B2
to behold,to behold,注视,VERB,B2
freedom of the press,freedom of the press,出版自由,NOUN,B2
heroin vapor,heroin vapor,,NOUN,B2
nuance,nuance,细微差别,NOUN,B2
bags,bags,包,NOUN,B2
other others,other others,其他,DET,B2
degree exam,degree exam,学位/考试,NOUN,B2
oh really,oh really,真的吗,INTJ,B2
back side,back side,背面,NOUN,B2
to quiver,to quiver,颤抖,VERB,B2
scene stage,scene stage,场景/舞台,NOUN,B2
long,long,,NOUN,B2
director manager,director manager,主管/经理,NOUN,B2
hag,hag,老妇,NOUN,B2
stably,stably,稳定地,ADV,B2
electric power,electric power,电力,NOUN,B2
to rot,to rot,腐烂,VERB,B2
income tax,income tax,所得税,NOUN,B2
eating,eating,,NOUN,B2
mustache,mustache,胡子,NOUN,B2
safe secure,safe secure,安全的/可靠的,ADJ,B2
squirrel wheel,squirrel wheel,仓鼠轮,NOUN,B2
sinner,sinner,罪人,NOUN,B2
shortly,shortly,不久,ADV,B2
to enhance,to enhance,增强,VERB,B2
attacked,attacked,被攻击的,ADJ,B2
chubby,chubby,胖子,NOUN,B2
every other,every other,每隔一个,DET,B2
caught,caught,被捕获的,ADJ,B2
arrested,arrested,被逮捕的,ADJ,B2
firearms,firearms,枪支,NOUN,B2
to food give birth,to food give birth,食物/生育,VERB,B2
diagonally,diagonally,对角地,ADV,B2
to occupy oneself,to occupy oneself,从事,VERB,B2
the guy's,the guy's,那个男人的,NOUN,B2
good well,good well,好/很好,ADJ,B2
impressed,impressed,印象深刻的,ADJ,B2
emotionally,emotionally,情感上,ADV,B2
innocent,innocent,无辜地,ADV,B2
experience exchange,experience exchange,经验交流,NOUN,B2
good behavior,good behavior,,NOUN,B2
green-clad,green-clad,,NOUN,B2
broken,broken,破碎的,ADV,B2
chips,chips,薯片,NOUN,B2
difficult flirt,difficult flirt,,NOUN,B2
cognac,cognac,干邑,NOUN,B2
hot dog stand,hot dog stand,小吃摊,NOUN,B2
corpse alike,corpse alike,尸体/相似的,NOUN,B2
big brother,big brother,哥哥,NOUN,B2
what kind of,what kind of,什么样的,PRON,B2
ceo,ceo,首席执行官,NOUN,B2
to call ring,to call ring,打电话,VERB,B2
confusing,confusing,令人困惑的,ADJ,B2
loudly,loudly,大声地,ADV,B2
to be punished,to be punished,受罚,VERB,B2
like this,like this,,NOUN,B2
armorer,armorer,,NOUN,B2
to account for,to account for,说明,VERB,B2
dejt,dejt,约会,NOUN,B2
to prosecute,to prosecute,起诉,VERB,B2
it common,it common,它 (通性),PRON,B2
self-evident,self-evident,,NOUN,B2
informed,informed,见多识广的,ADJ,B2
faster,faster,更快的,ADJ,B2
action plan,action plan,行动方案,NOUN,B2
seen,seen,被看见,ADJ,B2
chill,chill,放松,ADJ,B2
to mourn,to mourn,哀悼,VERB,B2
to tear down,to tear down,拆除,VERB,B2
to furlough,to furlough,临时解雇,VERB,B2
subject topic,subject topic,主题/话题,NOUN,B2
out here,out here,这里外面,ADV,B2
pavement,pavement,人行道,NOUN,B2
astray,astray,迷路,ADJ,B2
epoch,epoch,时代,NOUN,B2
phrasing,phrasing,措辞,NOUN,B2
older woman,older woman,老妇人,NOUN,B2
registered,registered,注册的,ADJ,B2
elite unit,elite unit,,NOUN,B2
zero,zero,零,NOUN,B2
to be tricked,to be tricked,被欺骗,VERB,B2
pre,pre,,NOUN,B2
upward,upward,向上,ADV,B2
lifestyle,lifestyle,生活方式,NOUN,B2
christmas present,christmas present,圣诞礼物,NOUN,B2
apart from,apart from,除了,ADP,B2
part-time worker,part-time worker,兼职工,NOUN,B2
central station,central station,中央车站,NOUN,B2
based,based,基于,ADJ,B2
cola,cola,可乐,NOUN,B2
to be saved,to be saved,获救,VERB,B2
smart clever,smart clever,聪明的,ADJ,B2
to underline,to underline,强调,VERB,B2
date fruit,date fruit,椰枣,NOUN,B2
civilian,civilian,平民的,ADJ,B2
trigger mechanism,trigger mechanism,,NOUN,B2
sought,sought,,NOUN,B2
to exist there is,to exist there is,存在/有,VERB,B2
personal integrity,personal integrity,个人隐私,NOUN,B2
to separate divorce,to separate divorce,分离/离婚,VERB,B2
history story,history story,历史/故事,NOUN,B2
away gone,away gone,不在/离开,ADV,B2
legion unit,legion unit,,NOUN,B2
the other day,the other day,前几天,ADV,B2
dear,dear,,NOUN,B2
xenophobia,xenophobia,排外心理,NOUN,B2
stockholm,stockholm,斯德哥尔摩,PROPN,B2
word choice,word choice,措辞,NOUN,B2
ever,ever,,NOUN,B2
indoors,indoors,在室内,ADV,B2
omelette,omelette,煎蛋卷,NOUN,B2
the it,the it,那,DET,B2
to blink,to blink,眨眼,VERB,B2
to acknowledge,to acknowledge,承认,VERB,B2
cultural encounter,cultural encounter,文化交汇,NOUN,B2
own,own,自己的,DET,B2
the very,the very,正是,ADV,B2
heart,heart,心,ADV,B2
to mess around,to mess around,胡闹,VERB,B2
cancelled set,cancelled set,取消的/设定的,ADJ,B2
innermost,innermost,最里面的,ADV,B2
sunglasses,sunglasses,太阳镜,NOUN,B2
furthest,furthest,最远,ADV,B2
to cook fix,to cook fix,做/修理,VERB,B2
for because,for because,因为,CCONJ,B2
pie,pie,派,NOUN,B2
before previously,before previously,以前,ADV,B2
beside,beside,在...旁边,ADP,B2
coworker,coworker,同事,NOUN,B2
yes indeed,yes indeed,正是,INTJ,B2
to sneak away,to sneak away,溜走,VERB,B2
headline,headline,标题,NOUN,B2
farm yard,farm yard,农场,NOUN,B2
to shop be about,to shop be about,购物,VERB,B2
to kidnapped,to kidnapped,绑架,VERB,B2
language use,language use,语言使用,NOUN,B2
to watch out,to watch out,小心,VERB,B2
eidsvold,eidsvold,,NOUN,B2
to exemplify,to exemplify,举例说明,VERB,B2
alarm center,alarm center,报警中心,NOUN,B2
alder,alder,桤木,NOUN,B2
blood test,blood test,验血,NOUN,B2
dal,dal,山谷,NOUN,B2
odds,odds,赔率,NOUN,B2
to close eyes,to close eyes,闭眼,VERB,B2
happily,happily,快乐地,ADV,B2
devil bastard,devil bastard,混蛋,NOUN,B2
cheaper,cheaper,更便宜的,ADJ,B2
to bide,to bide,等待,VERB,B2
capable good,capable good,能干的/优秀的,ADJ,B2
property owner,property owner,房主,NOUN,B2
dot,dot,点,NOUN,B2
to acquaint,to acquaint,使熟悉,VERB,B2
edging,edging,镶边,NOUN,B2
the devil bastard,the devil bastard,混蛋,NOUN,B2
alpha,alpha,阿尔法,NOUN,B2
super high,super high,,NOUN,B2
poor devil,poor devil,可怜虫,NOUN,B2
to puncture deflate,to puncture deflate,刺破,VERB,B2
sexily,sexily,性感地,ADV,B2
more fun,more fun,更有趣的,ADJ,B2
side page,side page,侧面/页,NOUN,B2
to push through,to push through,推动,VERB,B2
organically,organically,有机地,ADV,B2
paralyzed,paralyzed,瘫痪的,ADJ,B2
to regain,to regain,恢复,VERB,B2
paternal grandmother,paternal grandmother,祖母,NOUN,B2
to bark scold,to bark scold,吠/责骂,VERB,B2
on board,on board,在船上,ADV,B2
reply,reply,回复,NOUN,B2
to get acquire,to get acquire,获得/弄到,VERB,B2
ongoing,ongoing,进行中的,ADJ,B2
ought,ought,应该,AUX,B2
baptized,baptized,受洗的,ADJ,B2
the chinese,the chinese,中国人,NOUN,B2
free off,free off,空闲的/休假,ADJ,B2
intelligence service,intelligence service,情报机构,NOUN,B2
half hour,half hour,半小时,NOUN,B2
to dismiss fire,to dismiss fire,解雇,VERB,B2
seventeen,seventeen,十七,NUM,B2
freedom of religion,freedom of religion,宗教自由,NOUN,B2
police chief,police chief,警察局长,NOUN,B2
lesbian,lesbian,女同性恋的,ADJ,B2
knock,knock,敲击,NOUN,B2
down there,down there,在那下面,ADV,B2
high tall,high tall,高的,ADJ,B2
death,death,致死,ADV,B2
radiant,radiant,容光焕发的,ADJ,B2
to have strength,to have strength,有力气,VERB,B2
sabbath,sabbath,安息日,NOUN,B2
marine corps,marine corps,海军陆战队,NOUN,B2
bang,bang,砰,INTJ,B2
seeker,seeker,寻求者,NOUN,B2
to fall crash,to fall crash,坠落/猛冲,VERB,B2
it neuter,it neuter,它 (中性),PRON,B2
milk tooth,milk tooth,,NOUN,B2
poison gas,poison gas,毒气,NOUN,B2
full drunk,full drunk,满的/醉的,ADJ,B2
tough guy,tough guy,硬汉,NOUN,B2
to party,to party,狂欢,VERB,B2
nicely nice,nicely nice,美好地,ADV,B2
to lay put,to lay put,放,VERB,B2
werewolf,werewolf,狼人,NOUN,B2
to scout,to scout,侦察,VERB,B2
good-looking person,good-looking person,帅哥/美女,NOUN,B2
gangster,gangster,黑帮成员,NOUN,B2
girl girlfriend,girl girlfriend,女孩/女朋友,NOUN,B2
creep,creep,令人厌恶的人,NOUN,B2
eider hunter,eider hunter,,NOUN,B2
some,some,某些,ADJ,B2
just over,just over,稍微超过,ADV,B2
to give a ride,to give a ride,载送一程,VERB,B2
fiancee,fiancee,未婚妻,NOUN,B2
law team,law team,法律/团队,NOUN,B2
quivering,quivering,颤抖的,ADJ,B2
unarmed,unarmed,手无寸铁的,ADJ,B2
meatballs,meatballs,肉丸,NOUN,B2
datum,datum,日期,NOUN,B2
inflammable,inflammable,易燃的,ADJ,B2
confounded,confounded,该死的,ADJ,B2
shedding,shedding,,NOUN,B2
to blunder,to blunder,犯大错,VERB,B2
to linger,to linger,徘徊,VERB,B2
special agent,special agent,特工,NOUN,B2
to bare,to bare,暴露,VERB,B2
poorer,poorer,更穷的,ADJ,B2
thank god,thank god,谢天谢地,INTJ,B2
sixth,sixth,,NOUN,B2
late,late,晚才,NOUN,B2
delayed,delayed,延误的,ADJ,B2
hamburger,hamburger,汉堡包,NOUN,B2
rug,rug,地毯,NOUN,B2
less,less,较少的,ADJ,B2
many,many,多……,NOUN,B2
dressed,dressed,穿着的,ADJ,B2
rash,rash,皮疹,NOUN,B2
knocked out,knocked out,被淘汰的,ADJ,B2
earlier,earlier,更早的,ADJ,B2
all of it,all of it,全部,PRON,B2
overfall,overfall,,NOUN,B2
away,away,避开,ADP,B2
work task,work task,工作任务,NOUN,B2
to mean entail,to mean entail,意味着,VERB,B2
slower,slower,更慢,ADJ,B2
all of them,all of them,大家,PRON,B2
somewhere,somewhere,,NOUN,B2
track trace,track trace,痕迹/轨道,NOUN,B2
deadly,deadly,致命地,ADV,B2
fair hair,fair hair,,NOUN,B2
to make out,to make out,接吻,VERB,B2
skater,skater,,NOUN,B2
trainer,trainer,教练,NOUN,B2
backward,backward,向后,ADV,B2
to tire get tired,to tire get tired,疲倦/厌烦,VERB,B2
retirement pension,retirement pension,退休金,NOUN,B2
gas flame,gas flame,煤气火焰,NOUN,B2
europe,europe,欧洲,PROPN,B2
self-defense,self-defense,自卫,NOUN,B2
closed disabled,closed disabled,关闭的/禁用的,ADJ,B2
visiting ban,visiting ban,,NOUN,B2
to think opine,to think opine,认为,VERB,B2
evening meal,evening meal,晚餐,NOUN,B2
thinner,thinner,更薄的,ADJ,B2
westward,westward,向西,ADV,B2
calming,calming,令人平静的,ADJ,B2
her,her,她的,PRON,B2
competition bastard,competition bastard,,NOUN,B2
attitude setting,attitude setting,态度/设置,NOUN,B2
turntable,turntable,,NOUN,B2
okay,okay,好的,ADJ,B2
convicted,convicted,被判罪的,ADJ,B2
fifth,fifth,第五,NUM,B2
shorter,shorter,更短的,ADJ,B2
bigness,bigness,,NOUN,B2
starting point,starting point,出发点,NOUN,B2
beaten,beaten,被打败的,ADJ,B2
intended,intended,,NOUN,B2
outer,outer,外部的,ADJ,B2
police report,police report,,NOUN,B2
catholic,catholic,天主教徒,NOUN,B2
steadily,steadily,稳定地,ADV,B2
superhero,superhero,超级英雄,NOUN,B2
to dejta,to dejta,约会,VERB,B2
the cash register,the cash register,收银台,NOUN,B2
protector,protector,保护者,NOUN,B2
outward,outward,向外,ADV,B2
born,born,出生的,ADJ,B2
cleaner,cleaner,更干净的,ADJ,B2
only,only,唯一的,DET,B2
cykel,cykel,自行车,NOUN,B2
destroyed,destroyed,被毁坏的,ADJ,B2
ice pick,ice pick,,NOUN,B2
tax return,tax return,报税,NOUN,B2
dirtier,dirtier,更脏的,ADJ,B2
sensibly,sensibly,明智地,ADV,B2
to release let go,to release let go,释放/放手,VERB,B2
tragically,tragically,悲剧地,ADV,B2
lovely,lovely,美好的,ADJ,B2
kids,kids,孩子,NOUN,B2
sensor donor,sensor donor,传感器/捐献者,NOUN,B2
sauna,sauna,桑拿,NOUN,B2
to search apply,to search apply,寻找/申请,VERB,B2
bow tie,bow tie,领结,NOUN,B2
here you go,here you go,请,INTJ,B2
to apply be valid,to apply be valid,适用/有效,VERB,B2
in vain,in vain,徒劳,NOUN,B2
shit crap,shit crap,废话,NOUN,B2
like as,like as,如同/好像,ADV,B2
upper class,upper class,上层,NOUN,B2
poorest,poorest,最穷的,ADJ,B2
sweden,sweden,瑞典,PROPN,B2
salt shaker,salt shaker,,NOUN,B2
state federal,state federal,州,NOUN,B2
del,del,部分,NOUN,B2
vile,vile,可憎地,ADV,B2
inside of,inside of,在...里面,ADP,B2
doughy,doughy,面团状的,ADJ,B2
exactly just,exactly just,恰好,ADV,B2
his her own,his her own,他/她自己的,DET,B2
worst,worst,最差的,ADV,B2
sentencing,sentencing,量刑,NOUN,B2
of course,of course,当然,INTJ,B2
christmas eve,christmas eve,平安夜,NOUN,B2
time to go to bed,time to go to bed,该睡觉了,ADV,B2
sense of duty,sense of duty,责任感,NOUN,B2
that way,that way,往那边,ADV,B2
giddy,giddy,头晕的,ADJ,B2
rulebook,rulebook,规则体系,NOUN,B2
electric guitar,electric guitar,电吉他,NOUN,B2
richer,richer,更富的,ADJ,B2
pain hurt,pain hurt,疼痛,ADJ,B2
corrections,corrections,刑事司法,NOUN,B2
to erect behave,to erect behave,建造,VERB,B2
to tip,to tip,透露,VERB,B2
trigger imprint,trigger imprint,印记,NOUN,B2
yep,yep,是的,INTJ,B2
compassion sympathy,compassion sympathy,同情/怜悯,NOUN,B2
dance floor,dance floor,舞池,NOUN,B2
to be struck,to be struck,被打击,VERB,B2
gas meter,gas meter,,NOUN,B2
cracker,cracker,饼干,NOUN,B2
corrupted,corrupted,,NOUN,B2
to thrown,to thrown,扔,VERB,B2
orphaned,orphaned,无父母的,ADJ,B2
honor culture,honor culture,荣誉文化,NOUN,B2
shame culture,shame culture,羞耻文化,NOUN,B2
muffin,muffin,玛芬蛋糕,NOUN,B2
saucy,saucy,下流的,ADJ,B2
wonderful,wonderful,极好地,ADV,B2
youngest,youngest,最年轻的,ADJ,B2
personal best,personal best,,NOUN,B2
life sentence,life sentence,无期徒刑,NOUN,B2
warmer,warmer,更暖的,ADJ,B2
pointlessly,pointlessly,徒劳地,ADV,B2
devastated,devastated,崩溃的,ADJ,B2
run over,run over,被碾过的,ADJ,B2
supplies,supplies,必需品,NOUN,B2
afraid,afraid,,NOUN,B2
probable,probable,可能的,ADJ,B2
stink,stink,恶臭,NOUN,B2
to decimate,to decimate,大量削减,VERB,B2
to light ignite,to light ignite,点燃,VERB,B2
equally,equally,同样地,ADV,B2
attention,attention,立正,INTJ,B2
chest breast,chest breast,胸部/乳房,NOUN,B2
terribleness,terribleness,,NOUN,B2
game play,game play,游戏/比赛,NOUN,B2
to be responsible,to be responsible,负责,VERB,B2
in return,in return,作为回报,NOUN,B2
to be ongoing,to be ongoing,进行中,VERB,B2
mass media,mass media,大众媒体,NOUN,B2
imprisoned,imprisoned,被监禁的,ADJ,B2
swimwear,swimwear,,NOUN,B2
in addition to,in addition to,除...之外,ADP,B2
stiff glove,stiff glove,,NOUN,B2
small things,small things,琐事,NOUN,B2
message errand,message errand,消息/差事,NOUN,B2
unsecured,unsecured,,NOUN,B2
irish,irish,爱尔兰语,NOUN,B2
to be noticed,to be noticed,被注意到,VERB,B2
above all,above all,,NOUN,B2
hopelessly,hopelessly,绝望地,ADV,B2
dredge,dredge,,NOUN,B2
nuclear power,nuclear power,核能,NOUN,B2
the same,the same,同一个,PRON,B2
to get stuck,to get stuck,卡住,VERB,B2
shame pity,shame pity,遗憾,NOUN,B2
foreign strange,foreign strange,外国的/陌生的,ADJ,B2
much,much,很多,ADV,B2
business sector,business sector,商业界,NOUN,B2
eastward,eastward,向东,ADV,B2
cartel,cartel,卡特尔,NOUN,B2
poisoned,poisoned,,NOUN,B2
trainer bastard,trainer bastard,,NOUN,B2
chiefly,chiefly,主要地,ADV,B2
miss teacher,miss teacher,小姐/老师,NOUN,B2
more expensive,more expensive,更贵的,ADJ,B2
made,made,制成的,ADJ,B2
brain damage,brain damage,,NOUN,B2
the other evening,the other evening,前几天晚上,ADV,B2
applicable,applicable,适用的,ADJ,B2
to spray,to spray,喷洒,VERB,B2
having a cold,having a cold,感冒的,ADJ,B2
the cavalry,the cavalry,骑兵,NOUN,B2
easier,easier,更容易的,ADJ,B2
envious jealous,envious jealous,嫉妒的,ADJ,B2
northward,northward,向北,ADV,B2
in there,in there,在那里面,ADV,B2
working method,working method,工作方式,NOUN,B2
to box,to box,拳击,VERB,B2
medical examiner,medical examiner,法医,NOUN,B2
homeward,homeward,,NOUN,B2
to be visible,to be visible,可见,VERB,B2
from here,from here,从这里,ADV,B2
blockhead,blockhead,笨蛋,NOUN,B2
damm,damm,池塘,NOUN,B2
to skip,to skip,跳过,VERB,B2
backside,backside,臀部,NOUN,B2
in private,in private,私下地,ADV,B2
freedom of choice,freedom of choice,选择自由,NOUN,B2
the emperor,the emperor,皇帝,NOUN,B2
espresso,espresso,浓缩咖啡,NOUN,B2
management pipe,management pipe,管理层/管道,NOUN,B2
type like,type like,类型/比如,NOUN,B2
southward,southward,向南,ADV,B2
previous,previous,,NOUN,B2
christmas porridge,christmas porridge,,NOUN,B2
skin hide,skin hide,皮肤/皮革,NOUN,B2
can jar,can jar,罐子,NOUN,B2
to regret apologize,to regret apologize,遗憾/道歉,VERB,B2
exam evening,exam evening,,NOUN,B2
consciously,consciously,有意识地,ADV,B2
in mind,in mind,记住,ADV,B2
to indicate interpret,to indicate interpret,表明/解释,VERB,B2
emotional life,emotional life,情感生活,NOUN,B2
to long,to long,渴望,VERB,B2
perception opinion,perception opinion,看法,NOUN,B2
released,released,获释的,ADJ,B2
causal link,causal link,因果关系,NOUN,B2
depressing,depressing,令人沮丧的,ADJ,B2
standpoint,standpoint,立场,NOUN,B2
truly,truly,确实,ADV,B2
perishing,perishing,,NOUN,B2
abuser,abuser,滥用者,NOUN,B2
leftovers,leftovers,剩菜,NOUN,B2
niceness,niceness,,NOUN,B2
as far as,as far as,就……而言,ADV,B2
to talk chat,to talk chat,聊天/谈论,VERB,B2
from home,from home,从家里,ADV,B2
tern path,tern path,,NOUN,B2
partial norm,partial norm,分范,NOUN,B2
one machine,one machine,一架,NUM,B2
proactive,proactive,积极主动的,ADJ,B2
domestic debt,domestic debt,内债,NOUN,B2
sufficient flight,sufficient flight,飞够,NOUN,B2
he she,he she,伊,PRON,B2
mangosteen,mangosteen,山竹,NOUN,B2
meridian,meridian,经脉,NOUN,B2
toast,toast,你敬酒,NOUN,B2
just,just,公正,ADJ,B2
social custom,social custom,社会习俗,NOUN,B2
amended generality,amended generality,改般,NOUN,B2
jeans,jeans,牛仔裤,NOUN,B2
crafty,crafty,狡猾,ADJ,B2
trite,trite,陈腐的,ADJ,B2
to wash with water,to wash with water,水洗,VERB,B2
half-day,half-day,半天,NOUN,B2
to extort a bribe,to extort a bribe,索贿,VERB,B2
sub-reality,sub-reality,分实,NOUN,B2
hard to measure,hard to measure,难以衡量,ADJ,B2
to for example,to for example,比如,VERB,B2
rethinking,rethinking,重想,NOUN,B2
warrant,warrant,令状,NOUN,B2
recounting,recounting,再叙,NOUN,B2
to concern all,to concern all,凡事,VERB,B2
timely,timely,适时,ADJ,B2
dissimilarity,dissimilarity,相异性,NOUN,B2
foul smell,foul smell,骚味,NOUN,B2
human life,human life,人命,NOUN,B2
social value,social value,社会价值,NOUN,B2
to donate blood,to donate blood,献血,VERB,B2
hardship,hardship,艰难,NOUN,B2
rehearsal,rehearsal,排练,NOUN,B2
otherwise,otherwise,要不,PART,B2
shooting star,shooting star,流星,NOUN,B2
changed work,changed work,改工,NOUN,B2
to wash and iron,to wash and iron,洗熨,VERB,B2
to be pregnant,to be pregnant,怀孕,VERB,B2
your arrow,your arrow,若非你一箭,NOUN,B2
social development,social development,社会发展,NOUN,B2
to raise seedlings,to raise seedlings,育苗,VERB,B2
amended synthesis,amended synthesis,改综,NOUN,B2
no wonder,no wonder,难怪,ADV,B2
feudal ethics,feudal ethics,礼教,NOUN,B2
very deep,very deep,很深,ADJ,B2
bungee jumping,bungee jumping,蹦极,NOUN,B2
non-knot,non-knot,非结,NOUN,B2
bizarre case,bizarre case,奇案,NOUN,B2
provocative,provocative,挑衅的,ADJ,B2
non-possible,non-possible,非可,NOUN,B2
main camp,main camp,大营,NOUN,B2
imperial father,imperial father,父皇,NOUN,B2
tendering,tendering,招标,NOUN,B2
characteristic feature,characteristic feature,特点,NOUN,B2
adversity,adversity,逆境,NOUN,B2
partial basis,partial basis,分据,NOUN,B2
waist token,waist token,腰牌,NOUN,B2
sister yu,sister yu,俞姐,NOUN,B2
no matter what,no matter what,无论,ADV,B2
one building,one building,一座,NUM,B2
to finally,to finally,你可算,VERB,B2
how enough,how enough,哪够,NOUN,B2
plenty,plenty,大量,NOUN,B2
which seat,which seat,哪座,NOUN,B2
succinct,succinct,简明的,ADJ,B2
to seek peace,to seek peace,主和,VERB,B2
case details,case details,案情,NOUN,B2
motto,motto,座右铭,NOUN,B2
thundershower,thundershower,雷阵雨,NOUN,B2
social activity,social activity,社会活动,NOUN,B2
survival of the fittest,survival of the fittest,优胜劣汰,NOUN,B2
malicious words,malicious words,恶言,NOUN,B2
social mediation,social mediation,社会调解,NOUN,B2
gearbox,gearbox,变速箱,NOUN,B2
hyper-target,hyper-target,超的,NOUN,B2
uncovering,uncovering,破获,NOUN,B2
departure lounge,departure lounge,候机室,NOUN,B2
social fairness,social fairness,社会公平,NOUN,B2
to hope for,to hope for,盼望,VERB,B2
great victory,great victory,大胜,NOUN,B2
not bad,not bad,不错,ADJ,B2
amended particular,amended particular,改特,NOUN,B2
shopping mall,shopping mall,商场,NOUN,B2
to lose one's temper,to lose one's temper,发火,VERB,B2
to reduce sentence,to reduce sentence,减刑,VERB,B2
wanting you,wanting you,要你,NOUN,B2
to be afraid,to be afraid,害怕,VERB,B2
re-criterion,re-criterion,重准,NOUN,B2
non-technique,non-technique,非术,NOUN,B2
cautious and solemn idiom very carefully,cautious and solemn idiom very carefully,小心翼翼,ADJ,B2
earnest sincere,earnest sincere,恳切,ADJ,B2
town mayor,town mayor,镇长,NOUN,B2
traditional chinese painting,traditional chinese painting,国画,NOUN,B2
acrobatics,acrobatics,杂技,NOUN,B2
disposable diaper,disposable diaper,纸尿裤,NOUN,B2
prudent,prudent,谨慎的,ADJ,B2
inner heart,inner heart,内心,NOUN,B2
walnut,walnut,核桃,NOUN,B2
affordability,affordability,得起,NOUN,B2
how dare,how dare,岂敢,NOUN,B2
non-iron,non-iron,免烫,ADJ,B2
to do what,to do what,干嘛,VERB,B2
virtual reality,virtual reality,虚拟现实,NOUN,B2
to bring about,to bring about,促成,VERB,B2
foliar fertilizer,foliar fertilizer,叶面肥,NOUN,B2
kneeling,kneeling,跪,NOUN,B2
reverse result,reverse result,反果,NOUN,B2
dense forest,dense forest,密林,NOUN,B2
outpatient,outpatient,门诊,NOUN,B2
changed route,changed route,改路,NOUN,B2
to thresh,to thresh,脱粒,VERB,B2
in the middle of doing,in the middle of doing,正在,ADV,B2
overthinking,overthinking,你想多,NOUN,B2
non-necessary,non-necessary,非必,NOUN,B2
incremental,incremental,渐进性,ADJ,B2
outer-gate,outer-gate,外门,NOUN,B2
star search,star search,找星,NOUN,B2
reverse origin,reverse origin,反原,NOUN,B2
adequacy,adequacy,也不错,NOUN,B2
inversion,inversion,反演,NOUN,B2
from away from,from away from,离,ADP,B2
tire pressure,tire pressure,胎压,NOUN,B2
to exchange currency,to exchange currency,换汇,VERB,B2
that evening,that evening,当晚,NOUN,B2
film roll,film roll,胶卷,NOUN,B2
upper part,upper part,上部,NOUN,B2
to shut up,to shut up,闭嘴,VERB,B2
not good,not good,不好,ADJ,B2
social progress,social progress,社会进步,NOUN,B2
altogether,altogether,共,ADV,B2
modified ability,modified ability,改能,NOUN,B2
sucking,sucking,嗦,NOUN,B2
not very good,not very good,不太好,ADJ,B2
spiral pattern,spiral pattern,旋纹,NOUN,B2
sticky note,sticky note,便签,NOUN,B2
could it be,could it be,难不成,ADJ,B2
outfit,outfit,服装,NOUN,B2
meridians,meridians,筋脉,NOUN,B2
re-grading,re-grading,改级,NOUN,B2
my scrutiny,my scrutiny,我看你,NOUN,B2
it is a pity,it is a pity,可惜,ADJ,B2
polytunnel,polytunnel,大棚,NOUN,B2
summer grass,summer grass,夏草,NOUN,B2
now,now,此刻,NOUN,B2
brook no delay,brook no delay,刻不容缓,ADJ,B2
cilantro,cilantro,香菜,NOUN,B2
further debate,further debate,再辩,NOUN,B2
to act rashly,to act rashly,妄动,VERB,B2
will surely,will surely,定会,AUX,B2
heavy snow,heavy snow,大雪,NOUN,B2
foot-warming,foot-warming,捂脚,NOUN,B2
floating dust,floating dust,浮尘,NOUN,B2
fractal,fractal,分形,NOUN,B2
cut off,cut off,割下,NOUN,B2
surfing,surfing,冲浪,NOUN,B2
well-fitting of clothes,well-fitting of clothes,合身,NOUN,B2
not intentional,not intentional,不是故意,ADJ,B2
all day,all day,整天,ADV,B2
modern dance,modern dance,现代舞,NOUN,B2
to sell foreign exchange,to sell foreign exchange,售汇,VERB,B2
to ambush,to ambush,埋伏,VERB,B2
alumnus,alumnus,校友,NOUN,B2
to transfer schools,to transfer schools,转学,VERB,B2
um,um,嗯,INTJ,B2
altered art,altered art,改艺,NOUN,B2
as quickly as possible,as quickly as possible,尽快,ADV,B2
heart disease,heart disease,心脏病,NOUN,B2
to win inevitably,to win inevitably,必胜,VERB,B2
singularity,singularity,单一性,NOUN,B2
shadow guard,shadow guard,暗卫,NOUN,B2
big data,big data,大数据,NOUN,B2
charades,charades,打哑谜,NOUN,B2
this matter,this matter,这事,NOUN,B2
to go on a business trip,to go on a business trip,出差,VERB,B2
to be tired of,to be tired of,厌倦,VERB,B2
bloodshed,bloodshed,血腥,NOUN,B2
re-argument,re-argument,重论,NOUN,B2
foreign debt,foreign debt,外债,NOUN,B2
to hold a record,to hold a record,保持纪录,VERB,B2
side effect,side effect,副作用,NOUN,B2
measure word flat objects,measure word flat objects,张,NOUN,B2
hyper-origin,hyper-origin,超原,NOUN,B2
but also,but also,但也,NOUN,B2
captive,captive,俘虏,NOUN,B2
cannot stay,cannot stay,不住,PART,B2
moisture-proof,moisture-proof,防潮,ADJ,B2
taking command,taking command,挂帅,NOUN,B2
re-sole,re-sole,再唯,NOUN,B2
re-concretization,re-concretization,再具,NOUN,B2
jianghu world,jianghu world,江湖上,NOUN,B2
as expected,as expected,果然,ADV,B2
to return a car,to return a car,送车,VERB,B2
for to,for to,为,ADP,B2
to suffer losses,to suffer losses,吃亏,VERB,B2
to act as host,to act as host,做东,VERB,B2
entrapment,entrapment,身陷,NOUN,B2
amended inclusion,amended inclusion,改纳,NOUN,B2
running around,running around,跑遍,NOUN,B2
this indeed,this indeed,这倒,NOUN,B2
quick lie-down,quick lie-down,快躺,NOUN,B2
notepad,notepad,记事本,NOUN,B2
courtyard guard,courtyard guard,护院,NOUN,B2
major case,major case,大案,NOUN,B2
elective course,elective course,选修课,NOUN,B2
tactile paving,tactile paving,盲道,NOUN,B2
to befriend,to befriend,与...交朋友,VERB,B2
to not run,to not run,别跑,VERB,B2
to raise funds,to raise funds,筹资,VERB,B2
anti-universality,anti-universality,反普,NOUN,B2
credentials,credentials,国书,NOUN,B2
enoki mushroom,enoki mushroom,金针菇,NOUN,B2
gratitude and resentment personal feud,gratitude and resentment personal feud,恩怨,NOUN,B2
shh,shh,嘘,INTJ,B2
to file for record,to file for record,备案,VERB,B2
bound to,bound to,势必,ADV,B2
grab,grab,揪,NOUN,B2
non-nature,non-nature,非性,NOUN,B2
to pay tribute,to pay tribute,致敬,VERB,B2
sports exercise,sports exercise,运动,NOUN,B2
red robe,red robe,红衣,NOUN,B2
inconceivable unimaginable,inconceivable unimaginable,不可思议,ADJ,B2
borrowed knife,borrowed knife,借刀,NOUN,B2
sound sleep,sound sleep,你踏实睡,NOUN,B2
reincarnation,reincarnation,再体,NOUN,B2
express car,express car,快车,NOUN,B2
non-view,non-view,非观,NOUN,B2
to make persistent efforts,to make persistent efforts,再接再厉,VERB,B2
to lose bid,to lose bid,落标,VERB,B2
super-form,super-form,超形,NOUN,B2
car wash,car wash,洗车,NOUN,B2
can be at,can be at,可在,NOUN,B2
to fall behind,to fall behind,落后,VERB,B2
void,void,最无,NOUN,B2
older sister,older sister,姐姐,NOUN,B2
fax,fax,传真,NOUN,B2
sha dynasty,sha dynasty,砂朝,NOUN,B2
multi-level garage,multi-level garage,立体车库,NOUN,B2
heaven and earth,heaven and earth,天地,NOUN,B2
capping ceremony,capping ceremony,冠礼,NOUN,B2
to patrol,to patrol,巡逻,VERB,B2
to statistics,to statistics,统计,VERB,B2
dignified manner,dignified manner,威仪,NOUN,B2
hard to operate,hard to operate,难以操作,ADJ,B2
emphasize,emphasize,着重,ADV,B2
to reflect on,to reflect on,思考,VERB,B2
that pair,that pair,那付,NOUN,B2
your photo,your photo,照你,NOUN,B2
loud and clear,loud and clear,响亮,ADJ,B2
unreasonable,unreasonable,不情,NOUN,B2
cause of defeat,cause of defeat,败因,NOUN,B2
good medicine,good medicine,好药,NOUN,B2
that which,that which,所,PART,B2
counter-boundary,counter-boundary,反界,NOUN,B2
classifier for documents portions,classifier for documents portions,份,NOUN,B2
plain and simple,plain and simple,朴素,ADJ,B2
too small,too small,太小,ADJ,B2
all night,all night,通宵,NOUN,B2
plasma,plasma,血浆,NOUN,B2
subcategory,subcategory,分目,NOUN,B2
year by year,year by year,逐年,ADV,B2
i,i,我连,NOUN,B2
latin dance,latin dance,拉丁舞,NOUN,B2
to lack basis,to lack basis,无据,VERB,B2
cantaloupe,cantaloupe,哈密瓜,NOUN,B2
to not lose,to not lose,别丢,VERB,B2
worry-free,worry-free,无忧,NOUN,B2
at the appointed time,at the appointed time,届时,ADV,B2
breakthrough,breakthrough,突破性,ADJ,B2
lover sweetheart,lover sweetheart,情人,NOUN,B2
to inventory,to inventory,盘点,VERB,B2
traffic light,traffic light,红绿灯,NOUN,B2
audio equipment,audio equipment,音响,NOUN,B2
neighborhood head,neighborhood head,里长,NOUN,B2
paternity leave,paternity leave,陪产假,NOUN,B2
exchange goods,exchange goods,换货,NOUN,B2
next week,next week,下周,NOUN,B2
to be taken in,to be taken in,上当,VERB,B2
to linkage,to linkage,联动,VERB,B2
eyes,eyes,眼中,NOUN,B2
nadir,nadir,最低点,NOUN,B2
social morality,social morality,社会公德,NOUN,B2
to die for,to die for,死要,VERB,B2
quick removal,quick removal,赶快脱,NOUN,B2
i'm afraid,i'm afraid,恐怕,ADV,B2
extreme height,extreme height,极高,NOUN,B2
marriage leave,marriage leave,婚假,NOUN,B2
special-purpose trip,special-purpose trip,专程,ADV,B2
housework,housework,家务,NOUN,B2
i-than,i-than,我比,NOUN,B2
mulberry,mulberry,桑葚,NOUN,B2
inner side,inner side,内侧,NOUN,B2
sex appeal,sex appeal,性感,NOUN,B2
trans-idealism,trans-idealism,超唯,NOUN,B2
to recommend for admission,to recommend for admission,保送,VERB,B2
usb flash drive,usb flash drive,U盘,NOUN,B2
holy decree,holy decree,圣令,NOUN,B2
to study deeply,to study deeply,钻研,VERB,B2
why not,why not,何不,ADV,B2
super-distinction,super-distinction,超殊,NOUN,B2
my taking,my taking,我拿,NOUN,B2
foe,foe,敌友,NOUN,B2
explosion-proof,explosion-proof,防爆,ADJ,B2
this route,this route,这路,NOUN,B2
birthmark,birthmark,胎记,NOUN,B2
financial center,financial center,金融中心,NOUN,B2
pounding,pounding,捶,NOUN,B2
pine forest,pine forest,松林,NOUN,B2
be sorry,be sorry,抱歉,ADJ,B2
trans-induction,trans-induction,超归,NOUN,B2
to seek you,to seek you,寻你,VERB,B2
eldest brother,eldest brother,做大哥,NOUN,B2
second letter,second letter,再信,NOUN,B2
counter-belief,counter-belief,反信,NOUN,B2
past events,past events,往事,NOUN,B2
swordsmanship,swordsmanship,剑术,NOUN,B2
class lesson,class lesson,课,NOUN,B2
logic modification,logic modification,改逻,NOUN,B2
crowded,crowded,拥挤,ADJ,B2
super-internal,super-internal,超内,NOUN,B2
mixed forest,mixed forest,混交林,NOUN,B2
nuclear energy,nuclear energy,核能,NOUN,B2
to resume studies,to resume studies,复学,VERB,B2
law,law,法,PART,B2
zen master,zen master,禅师,NOUN,B2
bluntness,bluntness,直说,NOUN,B2
intravenous drip,intravenous drip,输液,NOUN,B2
for a time,for a time,一度,ADV,B2
cause of change,cause of change,改因,NOUN,B2
equally matched,equally matched,不相上下,ADJ,B2
external hard drive,external hard drive,移动硬盘,NOUN,B2
immobility,immobility,都无动,NOUN,B2
land expansion,land expansion,拓土,NOUN,B2
pushover,pushover,善茬,NOUN,B2
family background,family background,出身,NOUN,B2
on the spot,on the spot,当场,ADV,B2
sea level rise,sea level rise,海平面上升,NOUN,B2
no not,no not,不,ADV,B2
nephews,nephews,子侄,NOUN,B2
common sense,common sense,常识,NOUN,B2
capable,capable,有本事,NOUN,B2
revised image,revised image,改影,NOUN,B2
super-unity,super-unity,超一,NOUN,B2
according to,according to,要照,NOUN,B2
spending,spending,行用,NOUN,B2
re-analysis,re-analysis,重析,NOUN,B2
homestay,homestay,民宿,NOUN,B2
at worst,at worst,大不了,ADV,B2
stuffed crab,stuffed crab,蟹酿,NOUN,B2
to secrete,to secrete,分泌,VERB,B2
creditor's rights,creditor's rights,债权,NOUN,B2
incurable,incurable,不可救药,ADJ,B2
sick leave,sick leave,病假,NOUN,B2
month ago,month ago,月前,NOUN,B2
altered path,altered path,改径,NOUN,B2
to pay off,to pay off,清偿,VERB,B2
medal awarding,medal awarding,授勋,NOUN,B2
in other words,in other words,换言之,ADV,B2
in those days,in those days,当年,NOUN,B2
cutting grass,cutting grass,斩草,NOUN,B2
main street,main street,大街,NOUN,B2
quick speech,quick speech,快说,NOUN,B2
exchange meeting,exchange meeting,交流会,NOUN,B2
high-speed,high-speed,高速,ADJ,B2
senior male student,senior male student,学长,NOUN,B2
trans-er,trans-er,超而,NOUN,B2
over-skill,over-skill,超技,NOUN,B2
can-exit,can-exit,还出得来,NOUN,B2
polyester,polyester,涤纶,NOUN,B2
retrial,retrial,再审,NOUN,B2
then he,then he,那他,NOUN,B2
to eavesdrop,to eavesdrop,偷听,VERB,B2
tie mansion,tie mansion,铁府,NOUN,B2
not catch up,not catch up,非赶,NOUN,B2
to give oneself up,to give oneself up,投案,VERB,B2
good faith,good faith,信义,NOUN,B2
recycled item,recycled item,再物,NOUN,B2
non-number,non-number,非数,NOUN,B2
amended possibility,amended possibility,改可,NOUN,B2
initial stage,initial stage,初期,NOUN,B2
social awareness,social awareness,社会觉悟,NOUN,B2
coral reef,coral reef,珊瑚礁,NOUN,B2
to send mail,to send mail,寄件,VERB,B2
death news,death news,死讯,NOUN,B2
able to play,able to play,能下,NOUN,B2
supreme fate,supreme fate,上缘,NOUN,B2
re-tolerance,re-tolerance,再容,NOUN,B2
white blood cell,white blood cell,白细胞,NOUN,B2
mock exam,mock exam,模拟考,NOUN,B2
heavy effect,heavy effect,重效,NOUN,B2
hearth,hearth,壁炉,NOUN,B2
to wanted,to wanted,通缉,VERB,B2
to dry clean,to dry clean,干洗,VERB,B2
return destination,return destination,回哪,NOUN,B2
historical site,historical site,古迹,NOUN,B2
patient sufferer,patient sufferer,患者,NOUN,B2
simple pure,simple pure,单纯,ADJ,B2
re-basis,re-basis,再据,NOUN,B2
taro,taro,芋头,NOUN,B2
re-route,re-route,重路,NOUN,B2
listening,listening,也听,NOUN,B2
stone,stone,石,PART,B2
main road,main road,主路,NOUN,B2
sub-method,sub-method,分法,NOUN,B2
to repeat a grade,to repeat a grade,留级,VERB,B2
to be proper,to be proper,体统,VERB,B2
moonlight,moonlight,月色,NOUN,B2
your word,your word,听你,NOUN,B2
happy event,happy event,喜事,NOUN,B2
this sword,this sword,这剑,NOUN,B2
jujube,jujube,枣子,NOUN,B2
proclamation,proclamation,宣大,NOUN,B2
eavesdropping,eavesdropping,偷听,NOUN,B2
procedural,procedural,程序的,ADJ,B2
medical care,medical care,医疗,NOUN,B2
missile,missile,导弹,NOUN,B2
inside in,inside in,里,NOUN,B2
great joy,great joy,大喜,NOUN,B2
direct sales,direct sales,直销,NOUN,B2
radiotherapy,radiotherapy,放疗,NOUN,B2
you except,you except,你除,NOUN,B2
herbicide,herbicide,除草剂,NOUN,B2
over-degree,over-degree,超阶,NOUN,B2
core course,core course,核心课,NOUN,B2
makeup leave,makeup leave,补休,NOUN,B2
non-theory,non-theory,非论,NOUN,B2
to not seen,to not seen,不见,VERB,B2
all at once,all at once,一下子,ADV,B2
re-verification,re-verification,改证,NOUN,B2
mutual treatment,mutual treatment,相待,NOUN,B2
too big,too big,太大,ADJ,B2
to break a record,to break a record,打破纪录,VERB,B2
final exam,final exam,期末考,NOUN,B2
anti-static,anti-static,防静电,ADJ,B2
boundless,boundless,无疆,NOUN,B2
to serve as,to serve as,充当,VERB,B2
to worsen to deteriorate,to worsen to deteriorate,恶化,VERB,B2
re-substance,re-substance,再质,NOUN,B2
light rain,light rain,小雨,NOUN,B2
undercover agent,undercover agent,卧底,NOUN,B2
little bitch,little bitch,小婊子,NOUN,B2
who polite,who polite,哪位,PRON,B2
to pioneer,to pioneer,首创,VERB,B2
lifelong promise,lifelong promise,许白首不离,NOUN,B2
over-model,over-model,超模,NOUN,B2
short rest,short rest,歇一,NOUN,B2
certain fall,certain fall,必倒,NOUN,B2
anticyclone,anticyclone,反气旋,NOUN,B2
safe haven,safe haven,避风港,NOUN,B2
supply does not meet demand,supply does not meet demand,供不应求,ADJ,B2
reordering,reordering,改序,NOUN,B2
grand theater,grand theater,大剧院,NOUN,B2
air raid,air raid,空袭,NOUN,B2
to fall down,to fall down,倒下,VERB,B2
historical record,historical record,历史纪录,NOUN,B2
re-possibility,re-possibility,重可,NOUN,B2
larger,larger,再大,NOUN,B2
wind speed,wind speed,风速,NOUN,B2
award ceremony,award ceremony,颁奖典礼,NOUN,B2
super-special,super-special,超特,NOUN,B2
graduate student,graduate student,研究生,NOUN,B2
machine learning,machine learning,机器学习,NOUN,B2
random posting,random posting,乱贴,NOUN,B2
unwinnable,unwinnable,打不赢,NOUN,B2
postwar,postwar,战后,NOUN,B2
crowdfunding,crowdfunding,众筹,NOUN,B2
antifreeze,antifreeze,防冻剂,NOUN,B2
third place,third place,季军,NOUN,B2
family happiness,family happiness,天伦之乐,NOUN,B2
hot water,hot water,热水,NOUN,B2
social credit,social credit,社会信用,NOUN,B2
two days,two days,两天,NUM,B2
guqin,guqin,古琴,NOUN,B2
to stock up,to stock up,进货,VERB,B2
table grape,table grape,提子,NOUN,B2
reverse thought,reverse thought,反念,NOUN,B2
over-order,over-order,超序,NOUN,B2
everyone,everyone,各位,NOUN,B2
heavy capacity,heavy capacity,重容,NOUN,B2
mountaineering,mountaineering,登山,NOUN,B2
pipa,pipa,琵琶,NOUN,B2
so as not to,so as not to,免得,SCONJ,B2
war cessation,war cessation,战息,NOUN,B2
to esteem,to esteem,推崇,VERB,B2
postdoctoral researcher,postdoctoral researcher,博士后,NOUN,B2
perilla,perilla,紫苏,NOUN,B2
re-specialization,re-specialization,重特,NOUN,B2
panda,panda,熊猫,NOUN,B2
sum total,sum total,总而,NOUN,B2
adolescent,adolescent,青少年,NOUN,B2
rights and interests,rights and interests,权益,NOUN,B2
you scared me,you scared me,你吓死我,NOUN,B2
unstoppable,unstoppable,不可阻挡,ADJ,B2
why bother,why bother,何必,ADV,B2
overthrow,overthrow,扳倒,NOUN,B2
chest stab,chest stab,胸刺,NOUN,B2
to use a wheelchair,to use a wheelchair,坐轮椅,VERB,B2
rashly,rashly,轻举,ADV,B2
social structure,social structure,社会结构,NOUN,B2
revealing,revealing,现出,NOUN,B2
amended unity,amended unity,改一,NOUN,B2
hedonistic,hedonistic,享乐主义的,ADJ,B2
to strive for,to strive for,争取,VERB,B2
two people,two people,两名,NUM,B2
social movement,social movement,社会运动,NOUN,B2
dare gamble,dare gamble,敢赌,NOUN,B2
change of mind,change of mind,改念,NOUN,B2
push further,push further,进尺,NOUN,B2
non-so,non-so,非然,NOUN,B2
hyper-intent,hyper-intent,超意,NOUN,B2
to send back,to send back,传回,VERB,B2
social ethos,social ethos,社会风气,NOUN,B2
non-observation,non-observation,非察,NOUN,B2
ceramic art,ceramic art,陶艺,NOUN,B2
re-observation,re-observation,再观,NOUN,B2
young wife,young wife,小媳,NOUN,B2
visibility,visibility,能见度,NOUN,B2
excretion,excretion,排泄,NOUN,B2
eavesdrop,eavesdrop,营听,NOUN,B2
senior,senior,前辈,NOUN,B2
to wiretap,to wiretap,监听,VERB,B2
entering home,entering home,进家,NOUN,B2
hundred million,hundred million,亿,NUM,B2
ginseng,ginseng,人参,NOUN,B2
non-sudden,non-sudden,非骤,NOUN,B2
later stage,later stage,后期,NOUN,B2
windy day,windy day,风天,NOUN,B2
nickel,nickel,镍,NOUN,B2
scenic spot,scenic spot,名胜,NOUN,B2
great merit,great merit,大功,NOUN,B2
super-observation,super-observation,超察,NOUN,B2
big dipper,big dipper,北斗七星,NOUN,B2
quite good,quite good,挺好,NOUN,B2
limbs,limbs,手脚,NOUN,B2
antiseptic,antiseptic,防腐,ADJ,B2
unsolved case,unsolved case,疑案,NOUN,B2
golf,golf,高尔夫,NOUN,B2
xiulian,xiulian,秀莲,NOUN,B2
to love dearly,to love dearly,心疼,VERB,B2
military pay,military pay,军饷,NOUN,B2
over-side,over-side,超方,NOUN,B2
annual leave,annual leave,年假,NOUN,B2
to be far from,to be far from,绝非,VERB,B2
substantive,substantive,实质性的,ADJ,B2
empress mother,empress mother,你母后,NOUN,B2
both eyes,both eyes,双眼,NOUN,B2
rust inhibitor,rust inhibitor,防锈剂,NOUN,B2
waiter attendant,waiter attendant,服务员,NOUN,B2
your head,your head,你头上,NOUN,B2
but majesty,but majesty,可陛,NOUN,B2
energy saving,energy saving,节能,NOUN,B2
to use force,to use force,动武,VERB,B2
to be careful,to be careful,小心,VERB,B2
national record,national record,全国纪录,NOUN,B2
to plant trees,to plant trees,植树,VERB,B2
feel embarrassed or awkward,feel embarrassed or awkward,为难,ADJ,B2
to work part-time,to work part-time,打工,VERB,B2
social phenomenon,social phenomenon,社会现象,NOUN,B2
super-number,super-number,超数,NOUN,B2
king,king,王,PART,B2
flanking,flanking,包抄,NOUN,B2
coincidentally by chance,coincidentally by chance,恰巧,ADV,B2
snow lotus,snow lotus,雪莲,NOUN,B2
musical,musical,音乐剧,NOUN,B2
personal effort,personal effort,亲力,NOUN,B2
at the instant sth happens,at the instant sth happens,临时,ADV,B2
next meeting,next meeting,下回遇,NOUN,B2
to await orders,to await orders,待命,VERB,B2
equal size,equal size,等大,NOUN,B2
polar technology,polar technology,极地技术,NOUN,B2
re-generalization,re-generalization,重般,NOUN,B2
project report,project report,项目报告,NOUN,B2
local tyrant,local tyrant,豪强,NOUN,B2
chinese cabbage,chinese cabbage,白菜,NOUN,B2
to accounting,to accounting,核算,VERB,B2
bamboo shoot,bamboo shoot,竹笋,NOUN,B2
peephole,peephole,门镜,NOUN,B2
treacherous minister,treacherous minister,奸臣,NOUN,B2
army morale,army morale,军心,NOUN,B2
social hierarchy,social hierarchy,社会等级,NOUN,B2
that is to say,that is to say,也就是说,SCONJ,B2
value change,value change,改值,NOUN,B2
what kind,what kind,什么样,PRON,B2
punitive,punitive,惩罚性的,ADJ,B2
mediocrity,mediocrity,庸庸碌碌,NOUN,B2
to follow up,to follow up,追问,VERB,B2
non-righteousness,non-righteousness,非义,NOUN,B2
re-admission,re-admission,重纳,NOUN,B2
your parents,your parents,你爹娘,NOUN,B2
two sons,two sons,儿俩,NOUN,B2
re-opportunity,re-opportunity,再机,NOUN,B2
over-form,over-form,超式,NOUN,B2
hard to determine,hard to determine,难以确定,ADJ,B2
outstanding merit,outstanding merit,奇功,NOUN,B2
don't,don't,可别,AUX,B2
to be located at,to be located at,位于,VERB,B2
to commit fraud,to commit fraud,舞弊,VERB,B2
amber,amber,琥珀,NOUN,B2
to respond to a lawsuit,to respond to a lawsuit,应诉,VERB,B2
architecture photo,architecture photo,建筑照,NOUN,B2
