French_Lemma,English_Lemma,Chinese_Lemma,POS,CEFR
-ment,-ly,地,PART,B2
Ah Fang,Ah Fang,阿方啊,NOUN,C1
Alawi,Alawi,词,NOUN,C1
Alice,Alice,词,NOUN,B2
Alzheimer's disease,Alzheimer's disease,阿尔茨海默病,NOUN,C1
Amazigh,Amazigh,词,NOUN,C1
Andalusian,Andalusian,词,ADJ,B2
Anglais,englishman,英国人,NOUN,B2
Arabic language,Arabic language,词,NOUN,A2
Arabs,Arabs,词,NOUN,B2
Atlantean,Atlantean,أطلانطي,ADJ,B1
Atlantic,Atlantic,词,ADJ,C1
Balkanization,Balkanization,词,NOUN,C1
Beijing opera,Beijing opera,京剧,NOUN,A2
Bitcoin,Bitcoin,比特币,NOUN,C1
Bluetooth,Bluetooth,蓝牙,NOUN,C1
Brother He,Brother He,郃弟,NOUN,B2
Brussels,Brussels,词,ADJ,C1
Buddhism,Buddhism,词,NOUN,B2
Buddhist,Buddhist,词,NOUN,B2
Calvinism,Calvinism,词,NOUN,C1
Caucasian,Caucasian,词,ADJ,B2
Celtic,Celtic,词,ADJ,B2
Changle Marquis,Changle Marquis,长乐小侯,NOUN,C1
Chengyang,Chengyang,承阳,NOUN,C1
Chinese (noun),Chinese,中文,NOUN,C1
Chinese chess,Chinese chess,象棋,NOUN,B2
Chinese person,Chinese person,词,NOUN,B2
Chinese yam,Chinese yam,山药,NOUN,C1
Chinese zodiac,Chinese zodiac,生肖,NOUN,B2
Chinois d'outre-mer,overseas chinese,华侨,NOUN,B2
Christian (adj),Christian,词,ADJ,C1
Chu,Chu,楚,NOUN,C1
Commander Fu,Commander Fu,付都尉,NOUN,C1
Common Era,Common Era,公元,NOUN,B1
Congo,Congo,词,NOUN,C1
Consort Yuan,Consort Yuan,元妃,NOUN,C1
Cretaceous,Cretaceous,词,ADJ,B2
DNA,DNA,词,NOUN,B2
ECG,ECG,心电图,NOUN,C1
Ed,Ed,词,NOUN,B2
Egyptian (noun),Egyptian,词,NOUN,B2
England,England,词,PROPN,B1
English language,English language,词,NOUN,A2
Etruscan,Etruscan,词,ADJ,C1
Eucharist,Eucharist,词,NOUN,C1
Eurasian,Eurasian,词,ADJ,C1
Fang Wei,Fang Wei,房纬,NOUN,C1
Fauvism,Fauvism,词,NOUN,C1
Feng Suige,Feng Suige,凤随歌,NOUN,B2
France,France,词,NOUN,B1
Français,frenchman,法国人,NOUN,B2
French (noun),French,词,NOUN,B2
French language,French language,词,NOUN,A2
Frenchification,Frenchification,词,NOUN,C1
Friday evening,Friday evening,词,NOUN,C1
Gallic,Gallic,词,ADJ,C1
German (noun),German,词,NOUN,B2
Gnawa,Gnawa,词,NOUN,B2
Goyaesque,Goyaesque,词,ADJ,C1
Gu Yu,Gu Yu,跟辜余,NOUN,C1
Gypsy,Gypsy,词,NOUN,C1
Hassaniya Arabic,Hassaniya Arabic,词,NOUN,C1
Havana cigar,Havana cigar,词,NOUN,C1
He'er,He'er,郃儿,NOUN,C1
Hebraic,Hebraic,词,ADJ,C1
Hebrew,Hebrew,词,NOUN,C1
Hellenism,Hellenism,词,NOUN,C1
Hellenist,Hellenist,词,NOUN,C1
Herculean,Herculean,词,ADJ,C1
Hindu,Hindu,词,NOUN,C1
Hinduism,Hinduism,词,NOUN,C1
Hong Kong licensed goods,Hong Kong licensed goods,港行,NOUN,C1
Hurufiyya,Hurufiyya,词,NOUN,C1
I am,I am,我是,PRON,A1
I come well,I come well,我来好,NOUN,C1
I hate,I hate,我恨,NOUN,B2
I only,I only,我光,NOUN,C1
I see,I see,我见,NOUN,C1
IRM,mri,核磁共振,NOUN,B2
IT-related,IT-related,词,ADJ,C1
Iberian,Iberian,词,ADJ,C1
Indian (noun),Indian,词,NOUN,B1
Indian summer,Indian summer,秋老虎,NOUN,C1
Indians,Indians,词,NOUN,C1
Internet of Things,Internet of Things,物联网,NOUN,C1
Irish (noun),Irish,词,NOUN,C1
Islamic jurisprudence,Islamic jurisprudence,词,NOUN,C1
Islamic law,Islamic law,词,NOUN,B2
Islamism,Islamism,词,NOUN,C1
Israeli,Israeli,词,ADJ,B2
January evening,January evening,词,NOUN,B2
Japanese person,Japanese person,词,NOUN,C1
Jewish quarter,Jewish quarter,词,NOUN,C1
Kufic,Kufic,词,ADJ,C1
Lantern Festival,Lantern Festival,元宵节,NOUN,B2
Latin (noun),Latin,词,NOUN,C1
Limburgish,Limburgish,词,ADJ,C1
Ling,Ling,叫凌,NOUN,B2
Lu Ke,Lu Ke,陆珂,NOUN,B2
Lu family,Lu family,有鲁家,NOUN,C1
Machiavellian,Machiavellian,词,ADJ,C1
Maghrebi,Maghrebi,词,ADJ,C1
Makhzen,Makhzen,马赫曾,NOUN,C1
Mandarin,Mandarin,普通话,NOUN,A1
Marxist,Marxist,词,ADJ,C1
Mary,Mary,词,NOUN,B2
Master Gao's wife,Master Gao's wife,高师娘,NOUN,C1
Master Li,Master Li,李爷,NOUN,C1
Master Liu,Master Liu,刘爷,NOUN,B2
Milky Way,Milky Way,银河,NOUN,C1
Mindfulness Villa,Mindfulness Villa,正念山庄,NOUN,B2
Ministry of Justice,Ministry of Justice,刑部,NOUN,B1
Mm,Mm,词,INTJ,C1
Mon,Mon,词,NOUN,C1
Moroccan,Moroccan,词,ADJ,B2
Mr. sir,Mr. sir,先生,NOUN,B2
Mrs.,Mrs.,词,NOUN,A1
Ms.,Ms.,词,NOUN,C1
Murong,Murong,慕容,NOUN,B2
Natan,Natan,词,NOUN,B2
National Day,National Day,国庆节,NOUN,B1
New Year dress,New Year dress,词,NOUN,B2
New Year's Eve,New Year's Eve,除夕,NOUN,B2
New Year's Eve dinner,New Year's Eve dinner,年夜饭,NOUN,B2
No.,No.,词,NOUN,C1
Old Jiang,Old Jiang,老江,NOUN,B2
Old Qin,Old Qin,老秦,NOUN,B2
Olympics,Olympics,词,NOUN,B1
Parkinson's disease,Parkinson's disease,词,NOUN,C1
Philippic (adj),Philippic,词,ADJ,C1
Pingling,Pingling,等平陵,NOUN,C1
Polaris,Polaris,北极星,NOUN,B2
Prophet birthday,Prophet birthday,词,NOUN,B2
QR code,QR code,二维码,NOUN,C1
Quran,Quran,词,NOUN,B2
Rotterdam,Rotterdam,词,ADJ,C1
SIM card,SIM card,词,NOUN,B1
Salafism,Salafism,词,NOUN,C1
Saturday evening,Saturday evening,词,NOUN,C1
Serbian,Serbian,词,ADJ,C1
Shiism,Shiism,词,NOUN,C1
Sichuan pepper,Sichuan pepper,花椒,NOUN,C1
Song typeface,Song typeface,宋体,NOUN,C1
Spain,Spain,词,NOUN,B2
Standard Arabic,Standard Arabic,标准阿拉伯语,NOUN,C1
Su Sha,Su Sha,夙砂,NOUN,B2
Sufi,Sufi,词,NOUN,C1
Sufi order,Sufi order,词,NOUN,B2
Sufism,Sufism,词,NOUN,C1
Sunday someone,Sunday someone,词,NOUN,A2
Surinamese,Surinamese,词,ADJ,C1
Susha origin,Susha origin,我夙砂本,NOUN,C1
T-junction,T-junction,丁字路口,NOUN,C1
TV series,TV series,词,NOUN,B1
Tai Chi,Tai Chi,太极,NOUN,C1
Tajwid,Tajwid,词,NOUN,C1
Thai,Thai,词,ADJ,C1
Tifinagh script,Tifinagh script,词,NOUN,C1
UV-resistant,UV-resistant,防紫外线,ADJ,C1
VIP room,VIP room,贵宾室,NOUN,C1
Whistles,Whistles,词,NOUN,C1
Wushk,Wushk,词,NOUN,B1
Xi Yang,Xi Yang,戏阳,NOUN,B1
Xiang Fengsui,Xiang Fengsui,向凤随,NOUN,C1
Yama,Yama,阎王,NOUN,C1
Yay,Yay,词,INTJ,C1
YouTuber,YouTuber,词,NOUN,B2
Your Highness,Your Highness,殿下,NOUN,B2
Youth Welfare Office,Youth Welfare Office,词,NOUN,C1
Yu family,Yu family,玉家,NOUN,C1
Zhuang,Zhuang,庄相,NOUN,C1
Zhuang He,zhuang he,庄郃,NOUN,B2
Zhuang Hun,Zhuang Hun,庄混,NOUN,B2
a,a,一个,DET,B2
a an,a an,词,DET,A2
a big pile,a big pile,一大堆,NUM,B2
a chat,a chat,一聊,NOUN,B2
a decade of a century e.g. the Sixties,a decade of a century e.g. the Sixties,年代,NOUN,B1
a few,a few,بضع,NOUN,B1
a little,a little,一点儿,ADV,B2
a mess,a mess,一团糟,ADJ,B2
a one,a one,词,DET,A1
a posteriori,a posteriori,词,ADJ,C1
a priori,a priori,词,ADJ,C1
a sound,a sound,一声,NUM,B2
a toast,a toast,我来敬,NOUN,C1
abandon,abandonment,抛弃,NOUN,B2
abate,abate,词,VERB,B2
abattre,to shoot down,击落,VERB,B2
abattu,dejected,沮丧的,ADJ,B2
abbot,abbot,院长,NOUN,B2
abdication,abdication,退位,NOUN,C1
abdominal pain,abdominal pain,腹痛,NOUN,B2
aberrant,aberrant,词,ADJ,B2
aberziehung,aberziehung,词,NOUN,B2
abet,abet,词,VERB,B2
abfassung,abfassung,词,NOUN,B2
abforderung,abforderung,词,NOUN,C1
abgestaltung,abgestaltung,词,NOUN,C1
abhorrent,abhorrent,词,ADJ,B2
abhorrer,to abhor,憎恶,VERB,B2
abject,abject,悲惨的,ADJ,B2
abjure,abjure,词,VERB,B2
abkunft,abkunft,词,NOUN,C1
ablaze keen,ablaze keen,燃烧的/敏锐的,ADJ,C1
able to play,able to play,能下,NOUN,B2
ablution,ablution,词,NOUN,B2
abolition,abolition,废除,NOUN,B2
abominable,abominable,可憎的,ADJ,B2
abominate,abominate,词,VERB,B2
abomination,abomination,词,NOUN,B2
abondant,abundant,丰富的,ADJ,B2
about it,about it,关于它,ADV,B2
about that,about that,关于那个,ADV,B2
about this,about this,关于这个,ADV,B2
about to,about to,快要,ADV,B2
about what,about what,词,ADV,B1
about which,about which,关于什么,PRON,B2
above,above,上面,ADV,B2
above (noun),above,重上,NOUN,C1
above all,above all,,NOUN,B2
above average,above average,词,ADJ,C1
above over,above over,词,ADP,A2
above-mentioned,above-mentioned,上述的,ADJ,B2
aboyer,to bark,吠叫,VERB,B2
abpflegung,abpflegung,词,NOUN,C1
abrasion,abrasion,擦伤,NOUN,B2
abrasive,abrasive,词,ADJ,B2
abregelung,abregelung,词,NOUN,C1
abrichtung,abrichtung,词,NOUN,C1
abroad,abroad,在国外,ADV,B2
abrogate,abrogate,词,VERB,B2
abschaft,abschaft,词,NOUN,C1
abschrift,abschrift,词,NOUN,C1
absence,absence,缺席,NOUN,B2
absent,absent,缺席的,ADJ,B2
absent-minded,absent-minded,词,ADJ,B2
absenteeism,absenteeism,词,NOUN,C1
absetzung,absetzung,词,NOUN,C1
absinnung,absinnung,词,NOUN,C1
absolutely not,absolutely not,词,ADV,C1
absolutist,absolutist,词,ADJ,C1
absorbed,absorbed,全神贯注的,ADJ,B2
absprache,absprache,词,NOUN,C1
abstemious,abstemious,有节制的,ADJ,B2
abstinence,abstinence,节制,NOUN,B2
abstract (noun),abstract,词,NOUN,C1
abstraction,abstraction,抽象,NOUN,B2
abstractionism,abstractionism,词,NOUN,C1
absucht,absucht,词,NOUN,C1
absuchung,absuchung,词,NOUN,C1
absurde,preposterous,荒谬的,ADJ,B2
absurdism,absurdism,词,NOUN,C1
abtheilung,abtheilung,词,NOUN,C1
abuse case,abuse case,词,NOUN,C1
abuse of power,abuse of power,词,NOUN,C1
abuser,abuser,滥用者,NOUN,B2
abuses,abuses,词,NOUN,C1
abwandel,abwandel,词,NOUN,C1
abwirkung,abwirkung,词,NOUN,C1
abysmal,abysmal,词,ADJ,B2
academic (noun),academic,学者,NOUN,B2
academic degree,academic degree,学位,NOUN,C1
academic proficiency test,academic proficiency test,会考,NOUN,C1
academician,academician,院士,NOUN,B2
académie,academy,学院,NOUN,B2
académique,academic,学者,NOUN,B2
accede,accede,词,VERB,B2
accent,accent,口音,NOUN,B2
accept me,accept me,受我,NOUN,B2
accept orders,accept orders,领命,VERB,C1
acceptable,acceptable,可接受的,ADJ,B2
accessibility features,accessibility features,词,NOUN,B2
accessible,accessible,易接近的,ADJ,B2
accessible,reachable,可到达的,ADJ,B2
accession,accession,即位,NOUN,B2
accident,accident,事故,NOUN,B2
accident,car accident,车祸,NOUN,B2
accidentel,accidental,偶然的,ADJ,B2
accidentellement,accidentally,意外地,ADV,B2
acclimatize,acclimatize,词,VERB,B2
accommodating,accommodating,词,ADJ,B2
accompagner,to come along,一起来,VERB,B2
accompany or not,accompany or not,陪不,NOUN,B2
accompanying,accompanying,词,ADJ,C1
accord,accord with,合乎,NOUN,B2
accord,deal,交易,NOUN,B2
accorder,to bestow,授予,VERB,B2
accorder,to give to grant,予以,VERB,B2
according to,according to,要照,NOUN,B2
according to that,according to that,词,ADV,C1
accordingly consequently,accordingly consequently,词,ADV,C1
accost,accost,词,VERB,B2
accountable,accountable,负责任的,ADJ,B2
accounting (adj),accounting,词,ADJ,C1
accreditation,accreditation,词,NOUN,C1
accroupir,to squat,蹲,VERB,B2
acculturation,acculturation,文化涵化,NOUN,B2
accumulator,accumulator,词,NOUN,C1
accurate,accurate,准确的,ADJ,B2
accusation,accusation,指控,NOUN,B2
accused,accused,词,NOUN,B2
accusing of treason,accusing of treason,词,NOUN,C1
accustomed,accustomed,习惯的,ADJ,B2
accélérateur,accelerator,油门,NOUN,B2
ace,ace,王牌,NOUN,B2
ace carcass,ace carcass,王牌/尸体,NOUN,B2
acerbate,acerbate,词,VERB,B2
acerbic,acerbic,尖刻的,ADJ,B2
acheter,purchase,购买,NOUN,B2
acheter,to purchase,购买,VERB,B2
acheter,to shop,购物,VERB,B2
achieved,achieved,词,ADJ,B1
acid,acid,酸,NOUN,B2
acid (adj),acid,词,ADJ,B1
acidic,acidic,词,ADJ,B2
acoustics,acoustics,声学,NOUN,B2
acquaintance,acquaintance,熟人,NOUN,B2
acquired,acquired,词,ADJ,B2
acquisition,acquisition,获得,NOUN,B2
acquisition of ownership,acquisition of ownership,词,NOUN,C1
acrid,acrid,词,ADJ,B2
acrimonious,acrimonious,词,ADJ,B2
acrobat,acrobat,杂技演员,NOUN,B2
acrobatics,acrobatics,杂技,NOUN,B2
across,across,穿过,ADP,B2
across (adv),across,越过,ADV,C1
act jointly,act jointly,合伙,NOUN,B2
act of kneeling,act of kneeling,词,NOUN,C1
acte,deed,行为,NOUN,B2
actif,assets,资产,NOUN,B2
acting,acting,行为,NOUN,B2
action,action,行动,NOUN,B2
action document,action document,词,NOUN,B2
action plan,action plan,行动方案,NOUN,B2
activation,activation,词,NOUN,B2
active population,active population,词,NOUN,C1
activities,activities,词,NOUN,B2
activité,busyness,事忙,NOUN,B2
actor or actress,actor or actress,演员,NOUN,A2
acts of worship,acts of worship,词,NOUN,C1
actual,actual,实际的,ADJ,B2
actually,actually,实际上,ADV,B2
actually (noun),actually,倒也,NOUN,C1
actuate,actuate,词,VERB,B2
acumen,acumen,词,NOUN,C1
acupoint strike,acupoint strike,点穴,NOUN,B2
acute,acute,剧烈的,ADJ,B2
acuteness sharpness,acuteness sharpness,词,NOUN,C1
adapt,to adapt,适应,VERB,B2
adaptability,adaptability,词,NOUN,C1
adaptable,adaptable,词,ADJ,B2
adaptation,adaptation,适应,NOUN,B2
adaptive,adaptive,词,ADJ,C1
add-on,add-on,词,NOUN,C1
addendum,addendum,补遗,NOUN,C1
addict,addict,上瘾者,NOUN,B2
addicted,addicted,上瘾的,ADJ,B2
addiction,addiction,上瘾,NOUN,B2
addictive,addictive,词,ADJ,B2
additional,additional,额外的,ADJ,B2
additionally,additionally,另外,ADV,B2
adept,adept,词,ADJ,B2
adequacy,adequacy,也不错,NOUN,B2
adequate,adequate,足够的,ADJ,B2
adherence,adherence,词,NOUN,B2
adjacency,adjacency,邻接,NOUN,B2
adjacent,adjacent,邻近的,ADJ,B2
adjective,adjective,形容词,NOUN,B2
adjoin,adjoin,词,VERB,B2
adjoint,deputy,副的,ADJ,B2
adjourn,adjourn,词,VERB,B2
adjournment,adjournment,词,NOUN,C1
adjudge,adjudge,词,VERB,B2
adjudicate,adjudicate,裁决,VERB,B2
adjudication,adjudication,词,NOUN,C1
adjure,adjure,词,VERB,B2
adjust,to adjust,调整,VERB,B2
adjustability,adjustability,词,NOUN,C1
administration,administration,管理,NOUN,B2
administrative offense,administrative offense,词,NOUN,C1
admirable,admirable,词,ADJ,B2
admiration,admiration,词,NOUN,B2
admissibility acceptance,admissibility acceptance,词,NOUN,C1
admissible,admissible,词,ADJ,B2
admission,admission,词,NOUN,B1
admitted,admitted,词,ADJ,B2
admittedly,admittedly,诚然,ADV,B2
adolescence,adolescence,词,NOUN,B2
adolescent,adolescent,青少年,NOUN,B2
adopted son,adopted son,义子,NOUN,B1
adopted-son,adopted-son,归义子,NOUN,C1
adoption,adoption,收养,NOUN,B2
adorable,adorable,词,ADJ,B2
adornment,adornment,装饰品,NOUN,B2
adoul notaries,adoul notaries,词,NOUN,C1
adroit,adroit,词,ADJ,B2
adulation,adulation,词,NOUN,C1
adult,adult,成年的,ADJ,B2
adulterate,to adulterate,掺杂,VERB,B2
adulthood,adulthood,成年,NOUN,B2
advance guard,advance guard,先遣,NOUN,B2
advance notice,advance notice,词,NOUN,B2
advance payment,advance payment,预付款,NOUN,B2
advanced,advanced,高级的,ADJ,B2
advanced study,advanced study,深造,NOUN,B2
advanced technology,advanced technology,先进,ADJ,B2
advancement,advancement,晋升,NOUN,B2
adventure,adventure,冒险,NOUN,B2
adventurous,adventurous,词,ADJ,B2
adversaire,adversary,对手,NOUN,B2
adversarial,adversarial,词,ADJ,B2
adverse,adverse,不利的,ADJ,B2
adversity,adversity,逆境,NOUN,B2
advertiser,advertiser,词,NOUN,B2
advisability,advisability,词,NOUN,C1
advisable,advisable,词,ADJ,B2
advisor consultant,advisor consultant,词,NOUN,B2
advocacy,advocacy,词,NOUN,C1
advocate (noun),advocate,词,NOUN,B2
adéquat,fitting,合适的,ADJ,B2
aerodynamics,aerodynamics,词,NOUN,C1
aesthetic taste,aesthetic taste,词,NOUN,C1
affable,affable,和蔼可亲的,ADJ,B2
affaire,affair,事务,NOUN,B2
affaires,belongings,所属物,NOUN,B2
affectation individuelle,individual assignment,个人作业,NOUN,B2
affected,affected,受影响的,ADJ,B2
affected eloquence,affected eloquence,词,NOUN,C1
affected speech,affected speech,词,NOUN,C1
affectedness,affectedness,词,NOUN,C1
affection,affection,喜爱,NOUN,B2
affectueux,affectionate,深情的,ADJ,B2
affidavit,affidavit,词,NOUN,B2
affiliation,affiliation,隶属关系,NOUN,B2
affilié,affiliate,附属机构,NOUN,B2
affirmative,affirmative,词,ADJ,B2
affirmer,to affirm,断言,VERB,B2
affix,affix,词,NOUN,B2
affliction,affliction,灾难,NOUN,C1
affluence,turnout,出席率,NOUN,B2
affluent,affluent,词,ADJ,B2
afford,afford,词,VERB,A2
affordability,affordability,得起,NOUN,B2
affront,affront,冒犯,NOUN,B2
aforementioned,aforementioned,上述的,ADJ,B2
afraid,afraid,害怕的,ADJ,B2
afraid (noun),afraid,词,NOUN,B2
after (adv),after,词,ADV,A1
after (noun),after,以后,NOUN,B2
after all just,after all just,毕竟刚,ADV,C1
after the example of,after the example of,词,NOUN,C1
after this,after this,词,ADV,B2
after to,after to,词,ADP,A2
after-class exercises,after-class exercises,课后题,NOUN,C1
aftermath,aftermath,随后,NOUN,C1
aftertaste,aftertaste,词,NOUN,C1
again (noun),again,你又,NOUN,B2
against it,against it,词,ADV,A2
agate,agate,词,NOUN,B1
age lifetime,age lifetime,词,NOUN,A2
aged,aged,年老的,ADJ,B2
agencement,layout,布局,NOUN,B2
agenda,agenda,词,NOUN,C1
agenda item,agenda item,议题,NOUN,C1
agent de sécurité,security guard,保安,NOUN,B2
agglomerate,agglomerate,词,NOUN,B2
aggrandizement,aggrandizement,词,NOUN,C1
aggravated,aggravated,词,ADJ,C1
aggravating,aggravating,词,ADJ,B2
aggravation,aggravation,词,NOUN,C1
aggravation,exacerbation,加剧,NOUN,B2
aggregate (noun),aggregate,词,NOUN,B2
aggregation,aggregation,词,NOUN,C1
aghast,aghast,惊骇的,ADJ,B2
agile,agile,敏捷的,ADJ,B2
agilité,agility,敏捷,NOUN,B2
aging,aging,老化,NOUN,B2
agitation,agitation,词,NOUN,B2
agitation,unrest,动荡,NOUN,B2
agiter,to wave,挥手,VERB,B2
agnatic inheritance,agnatic inheritance,词,NOUN,C1
agnostic (adj),agnostic,词,ADJ,B2
agnostic (noun),agnostic,词,NOUN,B2
agnosticism,agnosticism,词,NOUN,C1
ago,ago,以前,ADV,B2
agonize,agonize,词,VERB,B2
agree,agree,一致,ADJ,B2
agreeable,agreeable,词,ADJ,B2
agreed,agreed,一致的,ADJ,B2
agriculture,agriculture,农业,NOUN,B2
agriculture,farming,农业,NOUN,B2
agripper,grip,握法,NOUN,B2
agripper,to grip,紧握,VERB,B2
agréable,nice,好的,ADJ,B2
ah,ah,水 水,PART,B2
ah (part),ah,水 水,PART,B2
aha,aha,啊哈,INTJ,B2
aide,aid,援助,NOUN,B2
aider,to help assistance,帮助,VERB,B2
aile,wing,翅膀,NOUN,B2
aim destination,aim destination,目的/目的地,NOUN,C1
aimless,aimless,词,ADJ,C1
aims,aims,词,NOUN,C1
ainsi que,as well as,以及,CCONJ,B2
air,air,空气,NOUN,B2
air force,air force,空军,NOUN,B2
air leak,air leak,漏气,NOUN,B2
air pressure,air pressure,气压,NOUN,B2
air raid,air raid,空袭,NOUN,B2
air temperature,air temperature,气温,NOUN,C1
airline,airline,词,NOUN,C1
airs,airs,摆架子,NOUN,B2
airtight,airtight,密封的,ADJ,B2
aisle,aisle,词,NOUN,B1
aita song,aita song,词,NOUN,C1
ajar,ajar,半开的,ADJ,B2
ajuster,to fit,适合,VERB,B2
akin,akin,相似的,ADJ,B2
alarm (verb),alarm,词,VERB,B2
alarm center,alarm center,报警中心,NOUN,B2
alarm system,alarm system,词,NOUN,C1
alarmant,alarming,令人担忧的,ADJ,B2
alarmism,alarmism,词,NOUN,C1
album,album,相册,NOUN,B2
alcoholic (adj),alcoholic,酒精的,ADJ,B2
alcool,alcohol,酒精,NOUN,B2
alcoolique,alcoholic,酗酒者,NOUN,B2
alder,alder,桤木,NOUN,B2
alderman,alderman,市议员,NOUN,B2
alentours,nearby,在附近,ADV,B2
alert (adj),alert,alert,ADJ,B1
alerte,alert,警觉的,ADJ,B2
alertness,alertness,机敏,NOUN,C1
algae,algae,词,NOUN,B2
algebraic,algebraic,词,ADJ,C1
alibi,alibi,不在场证明,NOUN,B2
alien,alien,外星人,NOUN,B2
alien (adj),alien,词,ADJ,B1
alienable,alienable,可转让的,ADJ,B2
alienating,alienating,使人疏远的,ADJ,B2
aligner,to line up,排成一行,VERB,B2
alike,alike,词,ADV,B1
alive living,alive living,活着的,ADJ,B2
alkalinity,alkalinity,词,NOUN,C1
all,all,全部,DET,B2
all (adj),all,全,ADJ,B2
all (noun),all,全体,NOUN,B2
all along,all along,一路上,NOUN,B2
all at once,all at once,一下子,ADV,B2
all correct,all correct,都对,NOUN,C1
all day,all day,整天,ADV,B2
all day long (adv),all day long,成天,ADV,C1
all entirely,all entirely,词,DET,B2
all everyone,all everyone,所有/大家,PRON,B2
all good,all good,都好,NOUN,B2
all kinds,all kinds,各种各样的,DET,B2
all night,all night,通宵,NOUN,B2
all night (adv),all night,彻夜,ADV,C1
all not,all not,都别,ADV,C1
all of it,all of it,全部,PRON,B2
all of them,all of them,大家,PRON,B2
all out,all out,齐出,NOUN,C1
all over,all over,遍,ADV,A2
all passed,all passed,都过,NOUN,C1
all saints' day,all saints' day,诸圣节,NOUN,B2
all the more,all the more,更加,ADV,B2
all together,all together,词,ADV,C1
all with,all with,都与,NOUN,B2
all-clear,all-clear,许可信号,NOUN,B2
all-round,all-round,全面的,ADJ,B2
allay,allay,词,VERB,C1
alleged presumed,alleged presumed,词,ADJ,C1
allemand,german,德国人,NOUN,B2
alleys,alleys,词,NOUN,B2
alliance,alliance,联盟,NOUN,B2
alliance matrimoniale,marriage alliance,联姻,NOUN,B2
alliance éternelle,eternal alliance,永结,NOUN,B2
allies,allies,盟友,NOUN,C1
allocation,allocation,词,NOUN,C1
allot,allot,词,VERB,C1
allotment,allotment,词,NOUN,C1
allure,allure,词,NOUN,C1
allure,bearing,轴承,NOUN,B2
alluring,alluring,诱人的,ADJ,C1
allusion,allusion,暗示,NOUN,B2
allusive,allusive,暗指的,ADJ,B2
allée,driveway,车道,NOUN,B2
allées et venues,coming and going,往来,NOUN,B2
almonds,almonds,词,NOUN,A2
alms,alms,词,NOUN,B2
alms zakat,alms zakat,词,NOUN,B2
alone (adv),alone,单独,ADV,A1
aloof,aloof,词,ADJ,C1
aloofness,aloofness,冷漠,NOUN,B2
alors,thereupon,随后,ADV,B2
alors vous,then you,那你,PRON,B2
aloud,aloud,出声地,ADV,B2
alpha,alpha,阿尔法,NOUN,B2
alphabet,alphabet,字母表,NOUN,B2
alphabétisation,literacy,读写能力,NOUN,B2
already may particle,already may particle,词,PART,A2
alright (noun),alright,好吧,NOUN,B1
also (adp),also,也对,ADP,B2
also (aux),also,也要,AUX,B2
also (noun),also,词,NOUN,A2
also (sconj),also,也是,SCONJ,B1
also come,also come,也来,NOUN,B2
also fixed,also fixed,也定,NOUN,C1
also good,also good,也好,ADJ,B2
also will,also will,也会,NOUN,C1
altar,altar,词,NOUN,B2
alteration,alteration,改变,NOUN,B2
altercation,altercation,争执,NOUN,B2
altered art,altered art,改艺,NOUN,B2
altered outcome,altered outcome,改果,NOUN,C1
altered path,altered path,改径,NOUN,B2
altered strategy,altered strategy,改略,NOUN,C1
altered type,altered type,改型,NOUN,C1
altered work,altered work,改作,NOUN,C1
alternating,alternating,交替的,ADJ,B2
alternative,alternative,替代方案,NOUN,B2
alterner,to alternate,交替,VERB,B2
although,although,尽管,CCONJ,B2
although (adp),although,虽,ADP,B1
altitude,altitude,海拔,NOUN,B2
altogether,altogether,共,ADV,B2
altruistic,altruistic,利他的,ADJ,B2
aluminium,aluminum,铝,NOUN,B2
alumnus,alumnus,校友,NOUN,B2
always have,always have,总有,VERB,C1
amateur,amateur,业余爱好者,NOUN,B2
amazed,amazed,惊讶,ADJ,C1
amber,amber,琥珀,NOUN,B2
ambidextrous,ambidextrous,双手灵巧的,ADJ,B2
ambitieux,ambitious,有雄心的,ADJ,B2
ambition,ambition,雄心,NOUN,B2
ambivalent,ambivalent,矛盾的,ADJ,B2
ambulance,ambulance,救护车,NOUN,B2
ameliorate,ameliorate,词,VERB,C1
amelioration,amelioration,词,NOUN,C1
amendable,amendable,可修正的,ADJ,B2
amended abstraction,amended abstraction,改抽,NOUN,B2
amended analysis,amended analysis,改析,NOUN,C1
amended classification,amended classification,改归,NOUN,B2
amended combination,amended combination,改合,NOUN,C1
amended concrete,amended concrete,改具,NOUN,B2
amended contingency,amended contingency,改偶,NOUN,C1
amended difference,amended difference,改殊,NOUN,C1
amended division,amended division,改分,NOUN,B2
amended essence,amended essence,改本,NOUN,B2
amended generality,amended generality,改般,NOUN,B2
amended inclusion,amended inclusion,改纳,NOUN,B2
amended inference,amended inference,改推,NOUN,C1
amended necessity,amended necessity,改必,NOUN,C1
amended particular,amended particular,改特,NOUN,B2
amended possibility,amended possibility,改可,NOUN,B2
amended synthesis,amended synthesis,改综,NOUN,B2
amended unity,amended unity,改一,NOUN,B2
amended universality,amended universality,改普,NOUN,C1
amendement de surface,top dressing,追肥,NOUN,B2
amender,fine,好的,ADJ,B2
amender,to amend,修订,VERB,B2
amender,to fine,罚款,VERB,B2
amendments,amendments,词,NOUN,C1
amends,amends,补偿,NOUN,B2
american,american,美国人,NOUN,B2
amiable,amiable,和蔼可亲的,ADJ,B2
amicable,amicable,友好的,ADJ,B2
amie,female friend,女性朋友,NOUN,B2
amino acid,amino acid,氨基酸,NOUN,C1
ammunition,ammunition,弹药,NOUN,B2
among them,among them,其中,PRON,B2
among them (adv),among them,在其中,ADV,B2
amoral,amoral,词,ADJ,C1
amorphous,amorphous,无定形的,ADJ,B2
amortization,amortization,词,NOUN,C1
amount to,to amount to,总计,VERB,B2
ample,ample,充足的,ADJ,B2
amplification,amplification,放大,NOUN,B2
amplifier,amplifier,放大器,NOUN,B2
amputation,amputation,截肢,NOUN,B2
amulet,amulet,护身符,NOUN,B2
amused,amused,词,ADJ,B2
amusement,amusement,娱乐,NOUN,B2
an,an,词,DET,A1
an official standard,an official standard,标准,NOUN,B2
anachronism,anachronism,时代错误,NOUN,B2
anachronistic,anachronistic,时代错误的,ADJ,B2
analogize,analogize,词,VERB,B2
analogous,analogous,类似的,ADJ,B2
analytical,analytical,分析的,ADJ,B2
anarchical,anarchical,词,ADJ,C1
anathema,anathema,深恶痛绝之物,NOUN,B2
anatomy dissection,anatomy dissection,词,NOUN,C1
ancestors,ancestors,祖先,NOUN,B2
ancestral,ancestral,词,ADJ,C1
ancestry,ancestry,血统,NOUN,B2
anchor,anchor,锚,NOUN,B2
anchorage,anchorage,锚地,NOUN,B2
anchoring,anchoring,停泊,NOUN,B2
anchovy,anchovy,词,NOUN,B2
ancien,former,以前的,ADJ,B2
ancient rootedness,ancient rootedness,词,NOUN,C1
ancient temple,ancient temple,古寺,NOUN,C1
ancient times,ancient times,古代,NOUN,B2
ancillary,ancillary,辅助的,ADJ,B2
and,and,重而,NOUN,B2
and (sconj),and,我也,SCONJ,B1
and so forth,and so forth,依此类推,ADV,B2
and so on,and so on,之类,NOUN,B2
and you,and you,而你…,NOUN,C1
androgynous,androgynous,词,ADJ,C1
anecdotal,anecdotal,词,ADJ,C1
anecdote,anecdote,轶事,NOUN,B2
anemic,anemic,词,ADJ,C1
anerziehung,anerziehung,词,NOUN,C1
anesthetic,anesthetic,麻醉剂,NOUN,B2
anfahrt,anfahrt,词,NOUN,C1
anfassung,anfassung,词,NOUN,C1
anforderung,anforderung,词,NOUN,C1
angabe,angabe,词,NOUN,C1
angestaltung,angestaltung,词,NOUN,C1
anglais,english,英国的,ADJ,B2
angle,angle,角度,NOUN,B2
angle of approach,angle of approach,切入点,NOUN,B2
angry,angry,生气的,ADJ,B2
anguished,anguished,词,ADJ,C1
animal,animal,动物,NOUN,B2
animal de compagnie,pet,宠物,NOUN,B2
animal pen,animal pen,词,NOUN,B1
animated,animated,词,ADJ,C1
animated film,animated film,动画片,NOUN,B2
animation,animation,动画,NOUN,B2
anis étoilé,star anise,八角,NOUN,B2
anise,anise,茴香,NOUN,B2
annales,past exam papers,真题,NOUN,B2
annex,annex,附件,NOUN,B2
annexes,annexes,词,NOUN,C1
annihilation,annihilation,寂灭,NOUN,B2
anniversaire de mariage,wedding anniversary,结婚纪念日,NOUN,B2
anniversary,anniversary,周年纪念,NOUN,B2
annotation,annotation,注释,NOUN,B2
annoyed,annoyed,恼火的,ADJ,B2
annual (noun),annual,年度,NOUN,C1
annual battle,annual battle,年仗,NOUN,C1
annual inspection,annual inspection,年检,NOUN,C1
annual leave,annual leave,年假,NOUN,B2
annual publication,annual publication,年刊,NOUN,C1
annual report,annual report,年报,NOUN,B2
annual wage,annual wage,年薪,NOUN,B2
annulation,cancellation,取消,NOUN,B2
annulment,annulment,词,NOUN,C1
année dernière,last year,去年,NOUN,B2
anodyne,anodyne,词,ADJ,C1
anoint,anoint,词,VERB,C1
anomalous,anomalous,词,ADJ,C1
anomie,anomie,词,NOUN,C1
anonymization,anonymization,词,NOUN,C1
anonymously,anonymously,词,ADV,B2
another day,another day,改日,NOUN,C1
another time,another time,词,ADV,C1
anpflegung,anpflegung,词,NOUN,C1
anregelung,anregelung,词,NOUN,C1
anrichtung,anrichtung,词,NOUN,B2
anschaft,anschaft,词,NOUN,C1
anschrift,anschrift,词,NOUN,B2
ansetzung,ansetzung,词,NOUN,C1
ansicht,ansicht,词,NOUN,C1
ansinnung,ansinnung,词,NOUN,C1
ansprache,ansprache,词,NOUN,C1
ansucht,ansucht,词,NOUN,C1
ansuchung,ansuchung,词,NOUN,C1
answer questions,answer questions,答疑,VERB,C1
answer reply,to answer reply,回答,VERB,B2
answering machine,answering machine,邮箱,NOUN,B2
answers,answers,词,NOUN,C1
antagonism,antagonism,对抗,NOUN,B2
antagonistic,antagonistic,词,ADJ,C1
antediluvian,antediluvian,词,ADJ,C1
anteilung,anteilung,词,NOUN,B2
antheilung,antheilung,词,NOUN,B2
anthem song,anthem song,词,NOUN,A1
anthill,anthill,词,NOUN,C1
anthropological,anthropological,词,ADJ,C1
anti-Semitic,anti-Semitic,词,ADJ,C1
anti-abstraction,anti-abstraction,反抽,NOUN,B2
anti-action,anti-action,反作,NOUN,B2
anti-actuality,anti-actuality,反然,NOUN,C1
anti-analysis,anti-analysis,反析,NOUN,C1
anti-concretion,anti-concretion,反具,NOUN,C1
anti-content,anti-content,反容,NOUN,C1
anti-contingency,anti-contingency,反偶,NOUN,B2
anti-energy,anti-energy,反能,NOUN,C1
anti-essence,anti-essence,反本,NOUN,C1
anti-establishment,anti-establishment,反建,NOUN,C1
anti-form,anti-form,反形,NOUN,C1
anti-generality,anti-generality,反般,NOUN,B2
anti-integration,anti-integration,反合,NOUN,B2
anti-inwardness,anti-inwardness,反内,NOUN,B2
anti-law,anti-law,反法,NOUN,C1
anti-measure,anti-measure,反度,NOUN,B2
anti-nature,anti-nature,反性,NOUN,B2
anti-necessity,anti-necessity,反必,NOUN,C1
anti-omniprésence,anti-omnipresence,反遍,NOUN,B2
anti-particularity,anti-particularity,反特,NOUN,C1
anti-possibility,anti-possibility,反可,NOUN,C1
anti-reason,anti-reason,反理,NOUN,C1
anti-rule,anti-rule,反则,NOUN,C1
anti-specificity,anti-specificity,反殊,NOUN,B2
anti-state,anti-state,反态,NOUN,B2
anti-static,anti-static,防静电,ADJ,B2
anti-synthesis,anti-synthesis,反综,NOUN,C1
anti-unity,anti-unity,反一,NOUN,C1
anti-universality,anti-universality,反普,NOUN,B2
anti-use,anti-use,反用,NOUN,C1
anti-work,anti-work,反功,NOUN,C1
antibiotiques,antibiotics,抗生素,NOUN,B2
anticipated,anticipated,词,ADJ,C1
anticipation,anticipation,预期,NOUN,B2
anticipatory,anticipatory,词,ADJ,C1
anticyclone,anticyclone,反气旋,NOUN,B2
antidote,antidote,解毒剂,NOUN,B2
antifreeze,antifreeze,防冻剂,NOUN,B2
antigen test,antigen test,抗原检测,NOUN,C1
antiguerre,anti-war,反战,NOUN,B2
antioxydant,antioxidant,抗氧化剂,NOUN,B2
antipode,antipode,对跖点,NOUN,B2
antique,antique,古老的,ADJ,B2
antique (noun),antique,古董,NOUN,B2
antiquities ruins,antiquities ruins,词,NOUN,B2
antiseptic,antiseptic,防腐,ADJ,B2
antiseptique,antiseptic,防腐剂,NOUN,B2
antisocial,antisocial,反社会的,ADJ,B2
antonyms,antonyms,词,NOUN,C1
antonymy,antonymy,反义关系,NOUN,C1
antreibung,antreibung,词,NOUN,C1
antsy,antsy,词,ADJ,C1
anvil,anvil,词,NOUN,B2
anwandel,anwandel,词,NOUN,C1
anweisung,anweisung,词,NOUN,C1
anwirkung,anwirkung,词,NOUN,C1
anxious eager,anxious eager,词,ADJ,B1
any,any,任何,PRON,B2
any (adv),any,词,ADV,B2
any (det),any,词,DET,A1
anybody,anybody,词,PRON,A1
anymore,anymore,词,ADV,A1
anyway (pron),anyway,好歹,PRON,B2
anywhere,anywhere,词,ADV,A1
apart from,apart from,除了,ADP,B2
apart from (verb),apart from,词,VERB,C1
apartheid,apartheid,词,NOUN,C1
apathetic,apathetic,冷漠的,ADJ,B2
apathy,apathy,冷漠,NOUN,B2
apex,apex,顶点,NOUN,B2
apiary,apiary,词,NOUN,B2
apocalypse,apocalypse,词,NOUN,C1
apolitical,apolitical,非政治的,ADJ,B2
apologetic,apologetic,道歉的,ADJ,B2
apologies,apologies,词,NOUN,B1
apologist,apologist,辩护者,NOUN,B2
apology for disrespect,apology for disrespect,失敬……,NOUN,B2
apoplexy,apoplexy,中风,NOUN,B2
apostille,apostille,词,NOUN,B2
apostrophize,apostrophize,词,VERB,C1
apotheosis,apotheosis,神化,NOUN,B2
apotheotic,apotheotic,神化的,ADJ,B2
app,app,词,NOUN,B1
appall,appall,词,VERB,C1
appalling,appalling,词,ADJ,C1
appareil,apparatus,仪器,NOUN,B2
apparel,apparel,词,NOUN,C1
apparent,apparent,词,ADJ,C1
appartenance,belonging,归属感,NOUN,B2
appartenir à,to belong to,属于,VERB,B2
appeals,appeals,词,NOUN,C1
appel téléphonique,phone call,通话,NOUN,B2
appellate,appellate,词,ADJ,C1
append,append,词,VERB,C1
appertain,appertain,词,VERB,C1
appetizers,appetizers,词,NOUN,B2
applaudir,to clap,拍手,VERB,B2
appliance,appliance,词,NOUN,B1
applicabilité,applicability,适用性,NOUN,B2
applicabilité universelle,universal applicability,普适性,NOUN,B2
applicable,applicable,适用的,ADJ,B2
application,enforcement,执行,NOUN,B2
application de la loi,law enforcement,执法,NOUN,B2
appliquer,to enforce,执行,VERB,B2
appointments,appointments,词,NOUN,B2
apportion,apportion,词,VERB,C1
appraisal,appraisal,估价,NOUN,C1
appreciable,appreciable,可观的,ADJ,B2
apprehensive,apprehensive,忧虑的,ADJ,B2
apprentissage,apprenticeship,学徒期,NOUN,B2
approachable,approachable,词,ADJ,C1
approbation,approval,批准,NOUN,B2
appropriate fitting,appropriate fitting,恰当,ADJ,C1
appropriateness,appropriateness,词,NOUN,C1
appropriation,appropriation,挪用,NOUN,B2
approved,approved,词,ADJ,C1
approx.,approx.,词,ADV,C1
approximation,approximation,近似值,NOUN,B2
appréciation,appreciation,欣赏,NOUN,B2
april,april,四月,NOUN,B2
après,after,تلو,NOUN,B2
après,afterward,去后,NOUN,B2
après quoi,after which,之后,ADV,B2
après-midi,afternoon,下午,NOUN,B2
apt,apt,词,ADJ,C1
aptitude,ability,能力,NOUN,B2
aptitude,aptitude,天资,NOUN,B2
aptitude,fitness,健康,NOUN,B2
aqueous,aqueous,词,ADJ,B2
arabesque,arabesque,阿拉伯式花纹,NOUN,B2
arabic,arabic,阿拉伯的,ADJ,B2
arabization,arabization,阿拉伯化,NOUN,C1
arabized word,arabized word,词,NOUN,C1
arable land,arable land,耕地,NOUN,C1
araignée,spider,蜘蛛,NOUN,B2
arbitrage,arbitrage,词,NOUN,C1
arbitrage social,social arbitration,社会仲裁,NOUN,B2
arbitral,arbitral,词,ADJ,C1
arbitrarily,arbitrarily,词,ADV,C1
arbitrariness,arbitrariness,词,NOUN,C1
arbitrary (adv),arbitrary,任意,ADV,B2
arbitrator,arbitrator,仲裁人,NOUN,C1
arbre,classifier for trees,棵,NUM,B2
arc,arc,弧,NOUN,B2
arcane,arcane,神秘的,ADJ,B2
archenemy,archenemy,宿敌,NOUN,C1
archeology,archeology,词,NOUN,C1
archer,archer,神射,NOUN,C1
archery,archery,射箭,NOUN,C1
architectural,architectural,建筑的,ADJ,B2
architecture,architecture,建筑,NOUN,B2
architecture photo,architecture photo,建筑照,NOUN,B2
archival,archival,词,ADJ,C1
archive,archive,档案,NOUN,B2
archived,archived,词,ADJ,C1
archives,archives,词,NOUN,C1
archiving,archiving,词,NOUN,B2
ardent,ardent,热情的,ADJ,B2
ardent blazing,ardent blazing,词,ADJ,C1
ardent grief,ardent grief,词,NOUN,C1
ardent longing,ardent longing,词,NOUN,C1
ardu,arduous,艰巨的,ADJ,B2
argan,argan,词,NOUN,B1
argent,silver,银色,ADJ,B2
argentinian,argentinian,阿根廷的,ADJ,B2
arguable,arguable,词,ADJ,C1
argumentative,argumentative,词,ADJ,C1
argumentativeness,argumentativeness,词,NOUN,C1
arid,arid,干旱的,ADJ,B2
aridity,aridity,干旱,NOUN,B2
aristocrate,aristocrat,贵族,NOUN,B2
aristocratic,aristocratic,词,ADJ,C1
arithmetic (adj),arithmetic,词,ADJ,C1
arme du crime,murder weapon,凶器,NOUN,B2
armed force,armed force,词,NOUN,C1
armed forces,armed forces,三军,NOUN,C1
armoire,closet,壁橱,NOUN,B2
armorer,armorer,,NOUN,B2
army escort,army escort,随军,NOUN,C1
army morale,army morale,军心,NOUN,B2
armée du sud,southern army,南军,NOUN,B2
aromatic,aromatic,词,ADJ,C1
around at,around at,词,ADP,A2
around the,around the,词,ADP,B1
arousal,arousal,词,NOUN,C1
arraign,arraign,词,VERB,C1
arranged,arranged,词,ADJ,B2
arrangement of ideas,arrangement of ideas,层次,NOUN,B2
arrest warrant,arrest warrant,词,NOUN,C1
arrested,arrested,被逮捕的,ADJ,B2
arrived present,arrived present,到了,ADV,B2
arriver,to happen,发生,VERB,B2
arrivée,coming,مجيء,NOUN,B2
arrière,rear,后部,NOUN,B2
arrogance vanity,arrogance vanity,傲慢/虚荣,NOUN,B2
arrogant,arrogant,傲慢的,ADJ,B2
arrogate,arrogate,词,VERB,C1
arrow wound,arrow wound,箭伤,NOUN,B1
arrowhead,arrowhead,茨菇,NOUN,C1
arrêt,standstill,停滞,NOUN,B2
arrêter,to arrest,逮捕,VERB,B2
arrêter,to halt,停止,VERB,B2
arsenal,arsenal,军火库,NOUN,B2
arson,arson,纵火,NOUN,B2
art,art,艺术,NOUN,B2
art collection,art collection,画集,NOUN,C1
artful,artful,词,ADJ,C1
artfully,artfully,词,ADV,C1
article,article,文章,NOUN,B2
articles,articles,词,NOUN,C1
articular,articular,词,ADJ,C1
articulation,articulation,清晰表达,NOUN,B2
artifice,artifice,诡计,NOUN,B2
artificial intelligence,artificial intelligence,人工智能,NOUN,B2
artificiel,artificial,人造的,ADJ,B2
artisanat,craft,工艺,NOUN,B2
artisanat,handicraft,工艺品,NOUN,B2
artistry,artistry,,NOUN,B2
artless,artless,词,ADJ,C1
artwork,artwork,艺术品,NOUN,B2
as,as,作为,SCONJ,B2
as (cconj),as,词,CCONJ,B1
as (noun),as,词,NOUN,B2
as a precaution,as a precaution,词,ADV,C1
as a result of which,as a result of which,由此,ADV,B2
as before,as before,依旧,ADV,B2
as early as possible,as early as possible,趁早,ADV,C1
as everyone knows,as everyone knows,众所周知,ADJ,B2
as expected,as expected,果然,ADV,B2
as far as,as far as,就……而言,ADV,B2
as for (adp),as for,至于,ADP,B2
as for (part),as for,词,PART,B1
as if,as if,好像,SCONJ,B2
as long as,as long as,只要,SCONJ,B2
as many,as many,一样多,NUM,B2
as much as possible,as much as possible,尽可能,ADV,B2
as possible,as possible,尽可能地,ADV,B2
as quickly as possible,as quickly as possible,尽快,ADV,B2
as soon as possible,as soon as possible,词,ADV,C1
as that who,as that who,词,PRON,A2
as usual,as usual,照常,ADV,B1
as well as,as well as,以及,SCONJ,B2
as when,as when,词,SCONJ,A1
ascending,ascending,词,ADJ,C1
ascenseur,elevator,电梯,NOUN,B2
ascension,ascension,升天,NOUN,B2
ascension,ascent,上升,NOUN,B2
ascertain,ascertain,词,VERB,C1
ascetic,ascetic,苦行的,ADJ,B2
ascetic (noun),ascetic,词,NOUN,C1
asexuel,asexual,无性的,ADJ,B2
asharite school,asharite school,词,NOUN,C1
ashen,ashen,灰白的,ADJ,B2
ashes,ashes,词,NOUN,B2
ashore,ashore,词,ADV,C1
asinine,asinine,词,ADJ,C1
asleep,asleep,词,ADJ,A2
asp,asp,角蝰,NOUN,B2
asparagus,asparagus,芦笋,NOUN,B2
aspect,aspect,方面,NOUN,B2
aspect particle action in progress,aspect particle action in progress,着,PART,A1
aspersion,aspersion,词,NOUN,C1
aspirant,aspirant,词,NOUN,C1
aspiration,aspiration,抱负,NOUN,B2
assail,assail,词,VERB,C1
assassin,assassin,刺客,NOUN,B2
assassiner,to murder,谋杀,VERB,B2
assemblée,assembly,集会,NOUN,B2
assent (noun),assent,词,NOUN,B2
assertion,assertion,断言,NOUN,B2
assertiveness,assertiveness,果断,NOUN,C1
assez,enough,足够的,ADJ,B2
assez,quite,非常,ADV,B2
asshole,asshole,词,NOUN,A2
assidu,assiduous,勤勉的,ADJ,B2
assiduity,assiduity,词,NOUN,B2
assiduous application,assiduous application,词,NOUN,C1
assiduousness,assiduousness,词,NOUN,C1
assigner,to sue,起诉,VERB,B2
assimilation,assimilation,同化,NOUN,B2
assistance,assistance,援助,NOUN,B2
assistant,assistant,助手,NOUN,B2
associate (noun),associate,词,NOUN,B2
associated,associated,相关的,ADJ,B2
association,association,协会,NOUN,B2
associative,associative,协会性质的,ADJ,C1
assombrir,to darken,变暗,VERB,B2
assort,assort,词,VERB,C1
assorti,matching,配套,ADJ,B2
assortment,assortment,词,NOUN,C1
assuage,assuage,词,VERB,C1
assurance,assurance,保证,NOUN,B2
assurance,car insurance,车险,NOUN,B2
assurer,to assure,保证,VERB,B2
assurer,to insure,保证,VERB,B2
asthmatic,asthmatic,哮喘的,ADJ,B2
astonished,astonished,惊讶的,ADJ,B2
astonishing amazing,astonishing amazing,惊人,ADJ,C1
astonishment amazement,astonishment amazement,词,NOUN,B2
astound,astound,词,VERB,C1
astounding,astounding,词,ADJ,C1
astray,astray,迷路,ADJ,B2
astride (adp),astride,词,ADP,C1
astride (adv),astride,词,ADV,C1
astringent (adj),astringent,词,ADJ,C1
astringent (noun),astringent,词,NOUN,B2
astronomer,astronomer,词,NOUN,B1
asylum seeker,asylum seeker,寻求庇护者,NOUN,B2
asylum shelter,asylum shelter,词,NOUN,B2
asymétrique,asymmetrical,不对称的,ADJ,B2
asynchronous,asynchronous,异步的,ADJ,B2
at all absolutely,at all absolutely,根本/绝对,ADV,C1
at home (noun),at home,家里,NOUN,C1
at it,at it,靠近,ADV,B2
at long last,at long last,总算,ADV,B1
at most,at most,词,ADV,C1
at night,at night,夜间,ADV,B2
at noon,at noon,词,ADV,A1
at on,at on,词,ADP,A1
at once,at once,立刻,ADV,B2
at someone's invitation,at someone's invitation,应邀,ADV,C1
at the,at the,在...时,ADP,B2
at the appointed time,at the appointed time,届时,ADV,B2
at the back,at the back,在后面,ADV,B2
at the beginning,at the beginning,词,ADV,C1
at the bottom,at the bottom,在底部,ADV,B2
at the earliest possible time,at the earliest possible time,及早,ADV,B2
at the instant sth happens,at the instant sth happens,临时,ADV,B2
at the latest,at the latest,词,ADV,C1
at the present time,at the present time,目前,ADV,B1
at the top,at the top,在最上面,ADV,B2
at will,at will,任由,NOUN,B2
at with,at with,在...处,ADP,A2
at worst,at worst,大不了,ADV,B2
atelier,tool room,工具间,NOUN,B2
atheistic,atheistic,无神论的,ADJ,B2
atm,atm,自动取款机,NOUN,B2
atmosphere environment,atmosphere environment,词,NOUN,B1
atomic,atomic,原子的,ADJ,B2
atomic bomb,atomic bomb,词,NOUN,B1
atomic nucleus,atomic nucleus,原子核,NOUN,B2
atonement,atonement,赎罪,NOUN,B2
atrocious,atrocious,词,ADJ,C1
atrocious terrible,atrocious terrible,词,ADJ,B2
atrocity,atrocity,暴行,NOUN,B2
attache office,attache office,词,NOUN,C1
attached,attached,词,ADJ,B2
attacked,attacked,被攻击的,ADJ,B2
attainable,attainable,可获得的,ADJ,B2
attainment,attainment,词,NOUN,C1
attaque difficile,difficult attack,难攻,NOUN,B2
atteindre,to attain,达到,VERB,B2
attelle,splint,夹板,NOUN,B2
attempt at crime,attempt at crime,词,NOUN,C1
attempted murder,attempted murder,谋杀未遂,NOUN,B2
attend as a non-voting delegate,attend as a non-voting delegate,列席,VERB,C1
attendre,to hold on,抓住,VERB,B2
attendre longtemps,to wait long,久等,VERB,B2
attends-moi,wait for me,等我,NOUN,B2
attente,expectation,期望,NOUN,B2
attention,attention,注意力,NOUN,B2
attention (intj),attention,词,INTJ,B2
attentive listening,attentive listening,专注倾听,NOUN,C1
attentiveness,attentiveness,用心,NOUN,C1
attenuation,attenuation,衰减,NOUN,C1
attestation,attestation,词,NOUN,C1
attitude,attitude,态度,NOUN,B2
attitude setting,attitude setting,态度/设置,NOUN,B2
attribution,attribution,归因,NOUN,B2
attributists,attributists,词,NOUN,C1
attributive,attributive,定语的,ADJ,B2
au contraire,instead on the contrary,反而,ADV,B2
au fait,by the way,顺便说一下,ADV,B2
au moins,at least,至少,ADV,B2
au moyen de,by means of,通过,ADP,B2
au revoir,bye,再见,INTJ,B2
au revoir,goodbye,再见,INTJ,B2
au-delà,beyond,在...之外,ADP,B2
au-dessus,above,在...之上,ADP,B2
au-dessus,over,在...上方,ADP,B2
aucun,none,没有一个,PRON,B2
aucun mal,no harm,没事吧,NOUN,B2
audace,push luck,太得寸,NOUN,B2
audacious,audacious,大胆的,ADJ,B2
audibility,audibility,词,NOUN,C1
audible,audible,听得见的,ADJ,B2
audio,audio,词,NOUN,B2
audio equipment,audio equipment,音响,NOUN,B2
auditer,audit,审计,NOUN,B2
auditer,to audit,审计,VERB,B2
auditeur,auditor,审计员,NOUN,B2
audition,audition,词,NOUN,B1
auditory,auditory,词,ADJ,C1
auferziehung,auferziehung,词,NOUN,C1
aufforderung,aufforderung,词,NOUN,B2
aufgabe,aufgabe,词,NOUN,C1
aufgestaltung,aufgestaltung,词,NOUN,B2
aufkunft,aufkunft,词,NOUN,C1
aufnahme,aufnahme,词,NOUN,C1
aufpflegung,aufpflegung,词,NOUN,C1
aufregelung,aufregelung,词,NOUN,C1
aufrichtung,aufrichtung,词,NOUN,B2
aufschaft,aufschaft,词,NOUN,C1
aufschrift,aufschrift,词,NOUN,C1
aufsetzung,aufsetzung,词,NOUN,C1
aufsicht,aufsicht,词,NOUN,C1
aufsinnung,aufsinnung,词,NOUN,C1
aufsprache,aufsprache,词,NOUN,C1
aufsucht,aufsucht,词,NOUN,C1
aufsuchung,aufsuchung,词,NOUN,C1
aufteilung,aufteilung,词,NOUN,C1
auftheilung,auftheilung,词,NOUN,C1
auftreibung,auftreibung,词,NOUN,C1
aufwandel,aufwandel,词,NOUN,C1
aufweisung,aufweisung,词,NOUN,B2
aufwirkung,aufwirkung,词,NOUN,C1
augment,augment,词,VERB,C1
augmentation,augmentation,词,NOUN,C1
augmentation quotidienne,daily increase,日渐,NOUN,B2
augmented reality,augmented reality,增强现实,NOUN,C1
augmenter régulièrement,to increase steadily,与日俱增,VERB,B2
augury,augury,词,NOUN,C1
aujourd'hui,today,今天,NOUN,B2
auserziehung,auserziehung,词,NOUN,C1
ausfahrt,ausfahrt,词,NOUN,B2
ausfassung,ausfassung,词,NOUN,C1
ausforderung,ausforderung,词,NOUN,B2
ausgabe,ausgabe,词,NOUN,C1
ausgestaltung,ausgestaltung,词,NOUN,B2
auskunft,auskunft,词,NOUN,C1
ausnahme,ausnahme,词,NOUN,C1
auspflegung,auspflegung,词,NOUN,C1
auspice,auspice,赞助,NOUN,B2
auspicious,auspicious,词,ADJ,C1
auspicious month,auspicious month,吉月,NOUN,C1
auspicious time,auspicious time,令辰,NOUN,C1
ausregelung,ausregelung,词,NOUN,C1
ausrichtung,ausrichtung,词,NOUN,C1
ausschaft,ausschaft,词,NOUN,C1
ausschrift,ausschrift,词,NOUN,B2
aussetzung,aussetzung,词,NOUN,B2
aussi,also too,也,ADV,B2
aussicht,aussicht,词,NOUN,C1
aussinnung,aussinnung,词,NOUN,B2
aussucht,aussucht,词,NOUN,B2
aussuchung,aussuchung,词,NOUN,B2
austeilung,austeilung,词,NOUN,C1
austheilung,austheilung,词,NOUN,C1
australian,australian,澳大利亚的,ADJ,B2
austreibung,austreibung,词,NOUN,C1
austrian,austrian,奥地利的,ADJ,B2
auswandel,auswandel,词,NOUN,B2
ausweisung,ausweisung,词,NOUN,B2
autarchy,autarchy,词,NOUN,C1
autarky,autarky,词,NOUN,B2
auteur,perpetrator,肇事者,NOUN,B2
authenticated,authenticated,词,ADJ,C1
authentique,genuine,真正的,ADJ,B2
authoritarianism,authoritarianism,词,NOUN,C1
authoritative,authoritative,权威的,ADJ,B2
authority figure,authority figure,权威人士,NOUN,B2
authority structure,authority structure,权威结构,NOUN,B2
autistic (adj),autistic,词,ADJ,C1
autobiographical,autobiographical,词,ADJ,C1
autobiographie,autobiography,自传,NOUN,B2
autocar,long-distance bus,长途车,NOUN,B2
autocracy,autocracy,专制,NOUN,B2
autocratic,autocratic,专制的,ADJ,B2
automatique,automatic,自动的,ADJ,B2
automatisé,automated,自动化的,ADJ,B2
autorisation de masquage,allow hiding,许躲,NOUN,B2
autorisé,allowed,被允许的,ADJ,B2
autorisé,authorized,有资格的,ADJ,B2
autour de,around,在周围,ADP,B2
autre,other,其他的,DET,B2
autre côté,other side,对面,NOUN,B2
autres,others,他人,NOUN,B2
autumn start,autumn start,立秋,NOUN,C1
autumnal,autumnal,词,ADJ,C1
avail,avail,词,NOUN,C1
avalanche,avalanche,雪崩,NOUN,B2
avancer,to shift to an earlier date,提前,VERB,B2
avant,before,之前,ADV,B2
avant tout,first of all,首先,ADV,B2
avant-garde,vanguard,先锋,NOUN,B2
avant-gardiste,avant-garde,前卫的,ADJ,B2
avarice,avarice,词,NOUN,C1
avaricious,avaricious,词,ADJ,C1
avec,along with,随着,ADP,B2
avenue,avenue,大道,NOUN,B2
aver,aver,词,VERB,C1
average,average,平均,ADJ,B2
average (noun),average,平均数,NOUN,B2
averageness,averageness,平庸,NOUN,B2
averse,averse,厌恶的,ADJ,B2
averse,downpour,倾盆大雨,NOUN,B2
aversion,aversion,厌恶,NOUN,B2
avert,avert,词,VERB,C1
avid,avid,热切的,ADJ,B2
avion,plane,飞机,NOUN,B2
avocado,avocado,牛油果,NOUN,C1
avocat,attorney,律师,NOUN,B2
avoidable,avoidable,可避免的,ADJ,B2
avoidance,avoidance,避免,NOUN,B2
avoir,have,有,AUX,B2
avoir,to have only,唯有,VERB,B2
avoir,to not have,没,VERB,B2
avoir hâte,to be eager,心切,VERB,B2
avoir hâte de,to be eager for,巴不得,VERB,B2
avoir lieu,to take place,举行,VERB,B2
avoir raison,to be right,正确,VERB,B2
avoir un accident,to have an accident,遭遇意外,VERB,B2
avow,avow,词,VERB,C1
await,to await,等待,VERB,B2
awake,awake,醒着的,ADJ,B2
awaken,to awaken,唤醒,VERB,B2
award,award,奖项,NOUN,B2
award ceremony,award ceremony,颁奖典礼,NOUN,B2
awarding,awarding,词,NOUN,C1
awareness,awareness,意识,NOUN,B2
away,away,离开,ADV,B2
away (adj),away,外出,ADJ,C1
away (adp),away,避开,ADP,B2
away gone,away gone,不在/离开,ADV,B2
awe,awe,敬畏,NOUN,B2
awe-inspiring,awe-inspiring,词,ADJ,C1
awesome,awesome,词,ADJ,A2
awkward,awkward,尴尬的,ADJ,B2
awkwardness,awkwardness,尴尬,NOUN,C1
awl,awl,词,NOUN,B2
axiological,axiological,词,ADJ,C1
axiomatic,axiomatic,公理的,ADJ,B2
axioms,axioms,词,NOUN,C1
axis axle,axis axle,词,NOUN,C1
aéroport,airport,机场,NOUN,B2
aérosol,spray,喷雾,NOUN,B2
aïe,ouch,哎哟,INTJ,B2
ba zi,ba zi,八字,NOUN,B2
babble,babble,结巴,NOUN,B2
babble of voices,babble of voices,词,NOUN,B1
baby bottle,baby bottle,奶瓶,NOUN,C1
baby diminutive,baby diminutive,词,NOUN,B1
baby walker,baby walker,词,NOUN,B1
babysitter,babysitter,保姆,NOUN,B2
baccalaureate,baccalaureate,词,NOUN,B2
bacchanal,bacchanal,狂欢,NOUN,B2
bachelor,bachelor,单身汉,NOUN,B2
bachelor (adj),bachelor,词,ADJ,A2
bachelor's degree,bachelor's degree,学士学位,NOUN,B2
back,back,回来,ADV,B2
back door,back door,后门,NOUN,B2
back mountain,back mountain,后山,NOUN,C1
back seat,back seat,后座,NOUN,B2
back side,back side,背面,NOUN,B2
back then,back then,词,ADV,A1
back way,back way,词,NOUN,B1
back-and-forth,back-and-forth,来来回回,NOUN,B2
backache,backache,背痛,NOUN,B2
backbone,backbone,脊梁,NOUN,B2
backdrop,backdrop,背景,NOUN,B2
backfire,backfire,词,VERB,C1
backflow,backflow,倒流,NOUN,B2
background,background,背景,NOUN,B2
backpack,backpack,背包,NOUN,B2
backside,backside,臀部,NOUN,B2
backslide,backslide,词,VERB,C1
backstab,backstab,背刺,NOUN,B2
backstage,backstage,幕后,NOUN,B2
backup light,backup light,倒车灯,NOUN,B2
backward,backward,向后,ADV,B2
backwards,backwards,向后,ADV,B2
backyard,backyard,后院,NOUN,B2
bacon,bacon,培根,NOUN,B2
bacteria,bacteria,细菌,NOUN,B2
bactericide,bactericide,杀菌剂,NOUN,C1
bad (noun),bad,词,NOUN,B2
bad guy,bad guy,坏蛋,NOUN,B2
bad idea,bad idea,坏水,NOUN,B2
bad news,bad news,坏消息,NOUN,B2
bad person,bad person,坏人,NOUN,B2
bad thing,bad thing,坏事,NOUN,B2
badge,badge,徽章,NOUN,B2
badger,badger,词,NOUN,C1
badminton,badminton,羽毛球,NOUN,B2
baffle,baffle,词,VERB,C1
bagatelle,trifle,琐事,NOUN,B2
baggage,baggage,行李,NOUN,B2
bagpiper,bagpiper,风笛手,NOUN,B2
bags,bags,包,NOUN,B2
baiser,kiss,吻,NOUN,B2
bake,to bake,烘焙,VERB,B2
bakery,bakery,词,NOUN,A2
balance of power,balance of power,均势,NOUN,C1
balanced,balanced,平衡的,ADJ,B2
balancing,balancing,平衡的,ADJ,B2
baldness,baldness,词,NOUN,B2
bale,bale,词,NOUN,C1
balk,balk,词,VERB,C1
ballast,ballast,压舱物,NOUN,B2
balle,bullet,子弹,NOUN,B2
ballet,ballet,芭蕾舞,NOUN,B2
balloon,balloon,气球,NOUN,B2
ballot boxes,ballot boxes,词,NOUN,C1
ballpoint pen,ballpoint pen,圆珠笔,NOUN,B2
ballroom dance,ballroom dance,交谊舞,NOUN,C1
balsam,balsam,香脂,NOUN,B2
balustrade,balustrade,栏杆,NOUN,B2
bamboo,bamboo,竹子,NOUN,B1
bamboo forest,bamboo forest,竹林,NOUN,B2
bamboo shoot,bamboo shoot,竹笋,NOUN,B2
banal,banal,陈腐的,ADJ,B2
banalisation,trivialization,浅薄化,NOUN,B2
banalité,banality,陈词滥调,NOUN,B2
banalité,triviality,琐碎,NOUN,B2
bananas,bananas,词,NOUN,A1
band tape,band tape,带子,NOUN,B2
band volume,band volume,词,NOUN,C1
bandaging,bandaging,词,NOUN,C1
bande,band,乐队,NOUN,B2
bandit,bandit,强盗,NOUN,B2
bandwidth,bandwidth,词,ADJ,C1
bang,bang,巨响,NOUN,B2
bang (intj),bang,砰,INTJ,B2
banister,banister,词,NOUN,C1
bank card,bank card,银行卡,NOUN,B2
bankrupt,bankrupt,破产的,ADJ,B2
banlieue,suburb,郊区,NOUN,B2
banner headline,banner headline,词,NOUN,C1
bannissement,banishment,流放,NOUN,B2
banquet,banquet,宴会,NOUN,B2
banquet d'appréciation,appreciation banquet,答谢宴,NOUN,B2
banquet de bienvenue,welcome banquet,欢迎宴,NOUN,B2
baptized,baptized,受洗的,ADJ,B2
bar,bar,酒吧,NOUN,B2
bar,pub,酒吧,NOUN,B2
barbarian,barbarian,词,NOUN,B2
barbarization,barbarization,野蛮化,NOUN,B2
barbecue,barbecue,烧烤,NOUN,B2
barber,barber,词,NOUN,A2
barcode,barcode,条形码,NOUN,C1
bard,bard,吟游诗人,NOUN,B2
bare,bare,赤裸的,ADJ,B2
barefoot,barefoot,赤脚的,ADJ,B2
bareheaded,bareheaded,词,ADJ,C1
barely,barely,几乎不,ADV,B2
bargain,bargain,便宜货,NOUN,B2
bargaining,bargaining,词,NOUN,C1
barge,barge,驳船,NOUN,B2
bark (noun),bark,词,NOUN,B2
barking,barking,词,NOUN,B2
baron,baron,词,NOUN,B2
baronne,baroness,女男爵,NOUN,B2
barrage,barrage,词,NOUN,C1
barren,barren,词,ADJ,C1
barrenness,barrenness,词,NOUN,C1
barricade,barricade,路障,NOUN,B2
barter (noun),barter,词,NOUN,C1
barter (verb),barter,词,VERB,C1
basal,basal,基本的,ADJ,B2
base,basis,基础,NOUN,B2
base de données,database,数据库,NOUN,B2
base fertilizer,base fertilizer,基肥,NOUN,B2
baseball,baseball,棒球,NOUN,B2
based,based,基于,ADJ,B2
bash,bash,词,VERB,C1
bashful,bashful,词,ADJ,B2
bashfulness,bashfulness,词,NOUN,C1
basic attitude,basic attitude,词,NOUN,C1
basic essential,basic essential,词,ADJ,B1
basic income,basic income,基本收入,NOUN,B2
basing,basing,词,NOUN,C1
basique,basic,基本的,ADJ,B2
bask,bask,词,VERB,C1
basketball,basketball,篮球,NOUN,B2
basse,bass,贝斯,NOUN,B2
baste,baste,词,VERB,C1
basting,basting,词,NOUN,C1
bastion,bastion,堡垒,NOUN,B2
bataille,battle,战斗,NOUN,B2
bath attendant,bath attendant,词,NOUN,C1
bath mat,bath mat,浴垫,NOUN,C1
bath scrubber,bath scrubber,词,NOUN,C1
bath towel,bath towel,浴巾,NOUN,C1
battement de cœur,heartbeat,心跳,NOUN,B2
batter,batter,词,NOUN,C1
battle cry,battle cry,喊打,NOUN,C1
battle none,battle none,战无,NOUN,C1
battlement,battlement,城垛,NOUN,B2
bavardage,talkativeness,多嘴,NOUN,B2
bawl,bawl,词,VERB,C1
bayberry,bayberry,杨梅,NOUN,B2
be able to (aux),be able to,能够,AUX,B2
be assassinated,be assassinated,遇刺,VERB,C1
be crushed,be crushed,词,VERB,C1
be hospitalized,be hospitalized,住院,VERB,C1
be in prison,be in prison,坐牢,VERB,B2
be patient,be patient,词,VERB,A1
be quiet,be quiet,词,VERB,A1
be rumored,be rumored,词,VERB,C1
be shot,be shot,中弹,VERB,C1
be sorry,be sorry,抱歉,ADJ,B2
beak,beak,词,NOUN,B2
bean sprout,bean sprout,豆芽,NOUN,C1
beans,beans,词,NOUN,A1
beaten,beaten,被打败的,ADJ,B2
beau,good-looking,好看的,ADJ,B2
beau,handsome,帅气的,ADJ,B2
beau garçon,handsome guy,帅哥,NOUN,B2
beaucoup,many,许多,ADJ,B2
beaucoup,much,多,DET,B2
beautification,beautification,词,NOUN,C1
beautifully,beautifully,美丽地,ADV,B2
because of this,because of this,词,ADV,A2
beckon,beckon,词,VERB,C1
become,become,成为,AUX,B2
becoming,becoming,词,NOUN,C1
bed sheet,bed sheet,床单,NOUN,C1
bedchamber,bedchamber,寝宫,NOUN,C1
beech grove,beech grove,词,NOUN,C1
beef,beef,词,NOUN,A1
beeping,beeping,词,NOUN,C1
beerziehung,beerziehung,词,NOUN,C1
befahrt,befahrt,词,NOUN,C1
befall,befall,词,VERB,C1
befassung,befassung,词,NOUN,C1
befit,befit,词,VERB,C1
beforderung,beforderung,词,NOUN,C1
before (adv),before,先前,ADV,A1
before (noun),before,以前,NOUN,A1
before one's eyes,before one's eyes,词,ADV,C1
before previously,before previously,以前,ADV,B2
before that,before that,词,ADV,B1
befuddle,befuddle,词,VERB,C1
beg for pity,beg for pity,乞怜,VERB,B2
begabe,begabe,词,NOUN,C1
begestaltung,begestaltung,词,NOUN,C1
begrudge,begrudge,词,VERB,C1
beguile,beguile,词,VERB,C1
behavioral pattern,behavioral pattern,词,NOUN,C1
behaviorist,behaviorist,行为主义者,NOUN,B2
beheading,beheading,按律当斩,NOUN,C1
behind (adv),behind,词,ADV,A1
behind (noun),behind,词,NOUN,B2
behind it,behind it,在后面,ADV,B2
behoove,behoove,词,VERB,C1
beile,heard beile,听说贝勒,NOUN,B2
being lost,being lost,词,NOUN,C1
being swept along,being swept along,词,NOUN,C1
bejeweled,bejeweled,镶满宝石的,ADJ,B2
bekunft,bekunft,词,NOUN,C1
belabor,belabor,词,VERB,C1
belated,belated,词,ADJ,C1
belch,belch,词,VERB,C1
beleaguer,beleaguer,词,VERB,C1
beleaguered,beleaguered,受围困的,ADJ,B2
belgian,belgian,比利时人,NOUN,B2
belie,belie,词,VERB,C1
belief creed,belief creed,词,NOUN,B2
belief in the afterlife,belief in the afterlife,词,NOUN,C1
believability,believability,词,NOUN,C1
belittling,belittling,词,NOUN,C1
belligerent,belligerent,好战的,ADJ,B2
bellows,bellows,词,NOUN,C1
beloved,beloved,心爱的,ADJ,B2
below,below,下面,ADV,B2
below (adj),below,下面的,ADJ,B1
below (noun),below,词,NOUN,B2
bemoan,bemoan,词,VERB,C1
bemuse,bemuse,词,VERB,C1
benahme,benahme,词,NOUN,B2
bending,bending,弯曲,NOUN,C1
beneath,beneath,词,ADP,B2
beneficence,beneficence,词,NOUN,C1
benignity,benignity,良性,NOUN,B2
bent,bent,弯的,ADJ,B2
bepflegung,bepflegung,词,NOUN,B2
berate,berate,词,VERB,C1
bereave,bereave,词,VERB,C1
bereaved,bereaved,词,ADJ,C1
bereavement leave,bereavement leave,丧假,NOUN,B2
beregelung,beregelung,词,NOUN,C1
berger,herder,牧民,NOUN,B2
berger,shepherd,牧羊人,NOUN,B2
berichtung,berichtung,词,NOUN,C1
berkeley coach,berkeley coach,,NOUN,B2
berlijns,berlijns,柏林的,ADJ,B2
berry,berry,词,NOUN,A1
berth,berth,泊位,NOUN,C1
beschaft,beschaft,词,NOUN,C1
beschrift,beschrift,词,NOUN,C1
beseech,beseech,词,VERB,C1
beset,beset,词,VERB,C1
besetzung,besetzung,词,NOUN,C1
besicht,besicht,词,NOUN,C1
beside,beside,在...旁边,ADP,B2
besides (adp),besides,之外,ADP,B2
besides (noun),besides,词,NOUN,B2
besides (part),besides,况,PART,A2
besieged,besieged,被围困的,ADJ,B2
besieging,besieging,词,NOUN,C1
besinnung,besinnung,词,NOUN,C1
besmirch,besmirch,词,VERB,C1
besprache,besprache,词,NOUN,B2
best (adv),best,最好,ADV,A2
best (noun),best,最佳,NOUN,C1
best friend,best friend,最好的朋友,NOUN,B2
best possible,best possible,词,ADJ,C1
bestial,bestial,词,ADJ,C1
besucht,besucht,词,NOUN,C1
besuchung,besuchung,词,NOUN,B2
beteilung,beteilung,词,NOUN,B2
betheilung,betheilung,词,NOUN,C1
betray one's country,betray one's country,卖国,VERB,B2
betreibung,betreibung,词,NOUN,C1
betrothal,betrothal,订婚,NOUN,B2
betrothal gift,betrothal gift,聘,NOUN,C1
better (noun),better,越好,NOUN,B2
better-off,better-off,好过,NOUN,C1
between us,between us,词,ADP,B1
beverage,beverage,词,NOUN,B2
bewail,bewail,词,VERB,C1
bewandel,bewandel,词,NOUN,C1
beware,beware,词,VERB,C1
beweisung,beweisung,词,NOUN,C1
bewilder,bewilder,词,VERB,C1
bewirkung,bewirkung,词,NOUN,C1
bianzhong,bianzhong,编钟,NOUN,B2
bible,bible,圣经,NOUN,B2
bickering,bickering,词,NOUN,C1
bicycle kick,bicycle kick,词,NOUN,B2
bicycle repairer,bicycle repairer,修车匠,NOUN,B2
bid award,bid award,定标,NOUN,C1
bid awarding,bid awarding,定标会,NOUN,C1
bid rejection,bid rejection,废标,NOUN,C1
bid rigging,bid rigging,围标,NOUN,C1
bidding,bidding,竞标,NOUN,C1
bidding meeting,bidding meeting,竞标会,NOUN,C1
bids,bids,词,NOUN,C1
bien,alright,好的,ADV,B2
bien,good,خير,NOUN,B2
bien réfléchi,well-considered,深思熟虑的,ADJ,B2
bien-aimé,beloved,爱人,NOUN,B2
bien-être,welfare,福利,NOUN,B2
bien-être public,public welfare,公益性,NOUN,B2
bienfaiteur,benefactor,恩人,NOUN,B2
bienvenu,welcome,受欢迎的,ADJ,B2
bifurcation,bifurcation,词,NOUN,C1
big brother,big brother,哥哥,NOUN,B2
big data,big data,大数据,NOUN,B2
big dipper,big dipper,北斗七星,NOUN,B2
big lout,big lout,词,NOUN,C1
bigger,bigger,更大的,ADJ,B2
bigness,bigness,,NOUN,B2
bigotry,bigotry,词,NOUN,C1
bigwig,bigwig,大人物,NOUN,B2
bijoux,jewelry,珠宝,NOUN,B2
bike basket,bike basket,车筐,NOUN,B2
bike helmet,bike helmet,自行车头盔,NOUN,B2
bike lane,bike lane,自行车道,NOUN,B2
bilateral,bilateral,双边的,ADJ,B2
bile,bile,胆汁,NOUN,B2
bilingualism,bilingualism,词,NOUN,C1
bilious,bilious,易怒的,ADJ,B2
bilk,bilk,词,VERB,C1
bill of exchange,bill of exchange,词,NOUN,C1
billet de banque,banknote,钞票,NOUN,B2
billion,billion,十亿,NOUN,B2
billow,billow,词,NOUN,C1
bin,bin,词,NOUN,B2
binding (adj),binding,词,ADJ,C1
binge,binge,放纵,NOUN,B2
bingo,bingo,词,NOUN,B2
biographical,biographical,词,ADJ,C1
biographies,biographies,词,NOUN,C1
biology,biology,生物学,NOUN,B2
biomasse,biomass,生物质,NOUN,B2
biotechnologie,biotechnology,生物技术,NOUN,B2
bip,beep,吱吱声,NOUN,B2
bipartisan,bipartisan,词,ADJ,C1
bipartisanship,bipartisanship,词,NOUN,C1
birds,birds,词,NOUN,B1
birds chirping,birds chirping,词,NOUN,C1
birdsong,birdsong,词,NOUN,C1
birthday banquet,birthday banquet,寿宴,NOUN,C1
birthmark,birthmark,胎记,NOUN,B2
births,births,词,NOUN,C1
biscuit,biscuit,饼干,NOUN,A2
biscuit,cookie,饼干,NOUN,B2
bisexual,bisexual,双性恋的,ADJ,B2
bit,bit,一点,NOUN,B2
bitch,bitch,母狗,NOUN,B2
biting,biting,咬人,NOUN,B2
bitter cold,bitter cold,严寒,NOUN,B2
bitter decision,bitter decision,痛下,NOUN,B2
bitter melon,bitter melon,苦瓜,NOUN,C1
bitter quarrel,bitter quarrel,词,NOUN,C1
biweekly,biweekly,双周的,ADJ,B2
bizarre,bizarre,奇异的,ADJ,B2
bizarre,weird,奇怪的,ADJ,B2
bizarre (noun),bizarre,离奇,NOUN,C1
bizarre case,bizarre case,奇案,NOUN,B2
blab,blab,词,VERB,C1
black (noun),black,أسود,NOUN,C1
black pepper,black pepper,词,NOUN,B2
blackbird,blackbird,乌鸫,NOUN,B2
blackout,blackout,词,NOUN,C1
blacksmith shop,blacksmith shop,词,NOUN,C1
blacksmithing,blacksmithing,词,NOUN,B2
bladder,bladder,词,NOUN,B2
blade mountain,blade mountain,刀山,NOUN,B2
blah,blah,词,INTJ,C1
blanch,blanch,词,VERB,C1
blandish,blandish,词,VERB,C1
blank,blank,词,ADJ,B1
blare,blare,词,NOUN,C1
blasphemy,blasphemy,亵渎,NOUN,B2
blast,blast,词,NOUN,B1
blatant,blatant,词,ADJ,C1
blaze,blaze,火焰,NOUN,B2
blazing,blazing,炽热的,ADJ,B2
blazing ardor,blazing ardor,词,NOUN,C1
bleak,bleak,无望的,ADJ,B2
bleeding,bleeding,流血的,ADJ,B2
blend,blend,词,VERB,B2
blending,blending,词,NOUN,C1
blessed,blessed,受祝福的,ADJ,B2
blight,blight,词,NOUN,C1
blind person,blind person,词,NOUN,B2
blindfold,blindfold,词,NOUN,C1
blindness,blindness,无眼,NOUN,C1
blinds,blinds,百叶窗,NOUN,C1
blindside,blindside,词,VERB,C1
blissful wellbeing,blissful wellbeing,词,NOUN,C1
blister,blister,词,NOUN,C1
blizzard,blizzard,暴风雪,NOUN,B2
bloat,bloat,词,VERB,C1
bloc,bloc,阵营,NOUN,B2
blockchain,blockchain,区块链,NOUN,C1
blocked,blocked,词,ADJ,A1
blockhead,blockhead,笨蛋,NOUN,B2
blocking,blocking,词,NOUN,B2
blog,blog,博客,NOUN,B2
blog post,blog post,词,NOUN,C1
blogger,blogger,词,NOUN,B2
blood flow,blood flow,血流,NOUN,C1
blood lipid,blood lipid,血脂,NOUN,C1
blood money,blood money,词,NOUN,C1
blood sugar,blood sugar,血糖,NOUN,B2
blood test,blood test,验血,NOUN,B2
blood then,blood then,血就,NOUN,C1
blood type,blood type,血型,NOUN,B2
bloodless,bloodless,不流血的,ADJ,B2
bloodshed,bloodshed,血腥,NOUN,B2
bloodstain,bloodstain,沾血,NOUN,B2
bloodthirsty,bloodthirsty,嗜血的,ADJ,B2
bloom (noun),bloom,词,NOUN,C1
bloom of youth,bloom of youth,词,NOUN,C1
blooming,blooming,词,ADJ,C1
bloquer,to blockade,封锁,VERB,B2
blossoming ripening,blossoming ripening,词,NOUN,C1
blouse,blouse,女衬衫,NOUN,B2
blow beating,blow beating,殴打,NOUN,B2
blow of fate,blow of fate,词,NOUN,C1
blowing sand,blowing sand,扬沙,NOUN,C1
blowout,blowout,爆胎,NOUN,B2
blubber,blubber,词,NOUN,C1
blue (noun),blue,词,NOUN,C1
blueprint,blueprint,词,NOUN,C1
blueprint diagram,blueprint diagram,词,NOUN,C1
blunder,blunder,大错,NOUN,B2
blunt,blunt,词,ADJ,B2
bluntness,bluntness,直说,NOUN,B2
blurred,blurred,词,ADJ,C1
blurriness,blurriness,词,NOUN,C1
blurt,blurt,词,VERB,C1
bluster,bluster,词,VERB,C1
blâme,blame,责备,NOUN,B2
boarding pass,boarding pass,登机牌,NOUN,B2
boast (noun),boast,词,NOUN,B2
boastful,boastful,自夸的,ADJ,B2
boatman,boatman,船夫,NOUN,C1
bode,bode,词,VERB,C1
bodies,bodies,词,NOUN,C1
bodily harm,bodily harm,人身伤害,NOUN,B2
body temperature,body temperature,体温,NOUN,B2
bog,bog,沼泽,NOUN,B2
boggle,boggle,词,VERB,C1
bohemian,bohemian,放荡不羁的,ADJ,B2
boil (noun),boil,词,NOUN,C1
boiled,boiled,词,ADJ,B1
boiled water,boiled water,开水,NOUN,C1
bois,woodland,林地,NOUN,B2
bois de chauffage,firewood,木柴,NOUN,B2
boisson,drink,饮料,NOUN,B2
boisterous,boisterous,喧闹的,ADJ,B2
boiteux,lame,跛的,ADJ,B2
boldness daring,boldness daring,词,NOUN,B2
bolster (verb),bolster,词,VERB,C1
bolstering,bolstering,词,NOUN,C1
bolt,bolt,词,NOUN,B2
bolted,bolted,词,ADJ,C1
bombardment,bombardment,轰炸,NOUN,B2
bombast,bombast,词,NOUN,C1
bon,voucher,代金券,NOUN,B2
bondir,to pounce,猛扑,VERB,B2
bonds,bonds,词,NOUN,C1
bondé,packed,打包,ADJ,B2
bone-setting,bone-setting,接骨,NOUN,C1
bonfire,bonfire,篝火,NOUN,B2
bonhomie,bonhomie,词,NOUN,C1
bonne chance,good luck,好运,NOUN,B2
bonne réputation,good reputation,清誉,NOUN,B2
bonté,goodness,善良,NOUN,B2
bookcase,bookcase,书柜,NOUN,B2
booking,booking,词,NOUN,A2
books,books,书籍,NOUN,B2
bookshelf,bookshelf,书架,NOUN,B1
boorish,boorish,词,ADJ,C1
bordel,brothel,妓院,NOUN,B2
border,border,边界,NOUN,B2
border area,border area,词,NOUN,C1
border arrangement,border arrangement,边境安排,NOUN,B2
border check,border check,边境检查,NOUN,B2
border community,border community,边境社区,NOUN,B2
border control,border control,词,NOUN,C1
border guard,border guard,词,NOUN,C1
border legislation,border legislation,边境立法,NOUN,B2
border post,border post,边防哨所,NOUN,B2
border region,border region,边境地区,NOUN,B2
borders,borders,边界,NOUN,A1
bored,bored,无聊的,ADJ,B2
boring,boring,无聊的,ADJ,B2
born,born,出生的,ADJ,B2
born (noun),born,词,NOUN,B2
born (verb),born,词,VERB,A1
borrowed,borrowed,词,ADJ,C1
borrowed knife,borrowed knife,借刀,NOUN,B2
borrowing,borrowing,借贷,NOUN,B2
bosom,bosom,词,NOUN,C1
boss female,boss female,词,NOUN,B2
boss manager,boss manager,词,NOUN,A1
bossism,bossism,老板主义,NOUN,B2
botanical,botanical,词,ADJ,C1
botched job,botched job,粗劣的活儿,NOUN,B2
both,both,两者都,CCONJ,B2
both (adj),both,两者的,ADJ,B2
both (det),both,两者都,DET,A1
both (noun),both,词,NOUN,B2
both (pron),both,两者,PRON,B2
both ears,both ears,两耳,NOUN,C1
both eyes,both eyes,双眼,NOUN,B2
both hands,both hands,双手,NOUN,B2
both parties,both parties,双方,NOUN,B1
bother,bother,麻烦,NOUN,B2
bottleneck,bottleneck,词,NOUN,C1
bottom out,bottom out,底儿掉,NOUN,C1
bouillir,to boil,煮沸,VERB,B2
bouillon,clear soup,江瑶清羹,NOUN,B2
boulder,boulder,巨石,NOUN,B2
boulette de viande cuite,cooked meatball,丸子熟,NOUN,B2
bouleverser,to upset,使生气,VERB,B2
bounce,bounce,词,VERB,B2
bound,bound,一定的,ADJ,B2
bound to,bound to,势必,ADV,B2
boundary,boundary,边界,NOUN,B2
boundless,boundless,无疆,NOUN,B2
bounty,bounty,词,NOUN,C1
bourgeois,bourgeois,资产阶级的,ADJ,B2
bourgeoisie,bourgeoisie,资产阶级,NOUN,B2
bout,bout,阵,NOUN,B2
bouturer,to take cuttings,扦插,VERB,B2
bow (verb),bow,词,VERB,B1
bow tie,bow tie,领结,NOUN,B2
bower,bower,凉亭,NOUN,B2
bowl pouring,bowl pouring,倒碗,NOUN,B2
bowling,bowling,保龄球,NOUN,C1
box can,box can,盒子 / 罐,NOUN,A2
boxing,boxing,拳击,NOUN,B2
boyfriend,boyfriend,男朋友,NOUN,B2
boîte aux lettres,mailbox,邮箱,NOUN,B2
boîte de nuit,nightclub,夜总会,NOUN,B2
brabant,brabant,布拉班特的,ADJ,B2
brace,brace,词,NOUN,C1
bracelet,bracelet,手镯,NOUN,B2
bracket,bracket,括号,NOUN,B2
brag,to brag,吹嘘,VERB,B2
braid,braid,辫子,NOUN,C1
brain activity,brain activity,,NOUN,B2
brain damage,brain damage,,NOUN,B2
brainstorming,brainstorming,词,NOUN,C1
brainwasher,brainwasher,洗脑者,NOUN,B2
brainy,brainy,聪明的,ADJ,B2
braise,braise,焖烧,VERB,C1
brakeman,brakeman,刹车员,NOUN,B2
brakes,brakes,词,NOUN,C1
bran,bran,词,NOUN,B2
brancard,stretcher,担架,NOUN,B2
branch of study,branch of study,词,NOUN,B1
branch road,branch road,支路,NOUN,C1
branched,branched,词,ADJ,C1
branching,branching,词,NOUN,C1
brand new,brand new,崭新的,ADJ,B2
brass band,brass band,词,NOUN,B2
brassware,brassware,词,NOUN,C1
brave,brave,勇敢的,ADJ,B2
bravo,bravo,词,NOUN,B2
bravoure,valor,勇气,NOUN,B2
bray,bray,词,VERB,C1
brazen,brazen,厚颜无耻的,ADJ,B2
brazenness,brazenness,厚颜无耻,NOUN,B2
brazier,brazier,词,NOUN,B1
brazilian,brazilian,巴西的,ADJ,B2
breach contract,to breach contract,违约,VERB,B2
breach of contract,breach of contract,违约,NOUN,B2
breach of promise,breach of promise,词,NOUN,C1
bread roll,bread roll,小圆面包,NOUN,B2
breadth,breadth,词,NOUN,C1
break down,to break down,分解,VERB,B2
break fraction,break fraction,词,NOUN,C1
break open,to break open,撬开,VERB,B2
break out of prison,break out of prison,越狱,VERB,C1
break up,to break up,破裂,VERB,B2
breakdown of order,breakdown of order,词,NOUN,C1
breaker cutter,breaker cutter,词,NOUN,C1
breakfast,breakfast,早餐,NOUN,B2
breakthrough,breakthrough,突破性,ADJ,B2
breastfeed,to breastfeed,母乳喂养,VERB,B2
breath holding,breath holding,住气,NOUN,C1
breathing space,breathing space,词,NOUN,C1
breed,breed,品种,NOUN,B2
breed (verb),breed,育种,VERB,C1
breeding,breeding,词,NOUN,C1
breeding site,breeding site,词,NOUN,C1
brevity,brevity,简洁,NOUN,B2
bribe,bribe,贿赂,NOUN,B2
bribe,to bribe,贿赂,VERB,B2
bribe-taker,bribe-taker,词,NOUN,C1
bribery,bribery,贿赂,NOUN,B2
bribes,bribes,词,NOUN,C1
bricks,bricks,词,NOUN,B1
bridal attire,bridal attire,红妆,NOUN,C1
bridal chamber,bridal chamber,洞房,NOUN,B2
bridal trousseau,bridal trousseau,词,NOUN,C1
bride,bride,新娘,NOUN,B2
bridegroom,bridegroom,词,NOUN,C1
brief,brief,近点说,NOUN,B2
brief moment,brief moment,词,NOUN,C1
briefcase,briefcase,词,NOUN,C1
briefing,briefing,简报,NOUN,B2
briefly,briefly,词,ADV,C1
brigade,brigade,词,NOUN,C1
brigand poet,brigand poet,词,NOUN,C1
bright,bright,明亮的,ADJ,B2
bright-colored,bright-colored,鲜艳,ADJ,B2
brighten,brighten,词,VERB,C1
brightly,brightly,词,ADV,C1
brillance,shine,光泽,NOUN,B2
brilliance,brilliance,辉煌,NOUN,B2
brilliance of mind,brilliance of mind,词,NOUN,C1
brilliantly keen,brilliantly keen,词,ADJ,C1
brim,brim,词,NOUN,C1
bringing,bringing,جلب,NOUN,B2
bringing back,bringing back,接回,NOUN,C1
bringing him,bringing him,带他,NOUN,C1
briskness,briskness,轻快,NOUN,B2
bristle (noun),bristle,词,NOUN,C1
britannique,british,英国的,ADJ,B2
britannique,briton,英国人,NOUN,B2
brittle,brittle,易碎的,ADJ,B2
brittleness,brittleness,词,NOUN,C1
bro,bro,哥们,NOUN,B2
broach,broach,词,VERB,C1
broad,broad,词,ADJ,B1
broad and profound,broad and profound,博大精深,ADJ,B2
broad bean,broad bean,词,NOUN,C1
broad beans,broad beans,词,NOUN,B2
broadcast (adj),broadcast,词,ADJ,C1
broadcasting station,broadcasting station,词,NOUN,C1
broaden,broaden,词,VERB,C1
broadening,broadening,拓宽,NOUN,B2
broadleaf forest,broadleaf forest,阔叶林,NOUN,C1
brocade (part),brocade,锦,PART,A1
brocart,brocade,锦绣,NOUN,B2
broccoli,broccoli,西兰花,NOUN,C1
brochure,brochure,小册子,NOUN,B2
broder,to embroider,刺绣,VERB,B2
broderie,embroidery,刺绣,NOUN,B2
broil,broil,词,VERB,C1
broke,broke,破产的,ADJ,B2
broken,broken,破碎的,ADV,B2
brokenness,brokenness,词,NOUN,C1
bronze,bronze,青铜,NOUN,B2
bronze ware,bronze ware,青铜器,NOUN,C1
bronze-colored,bronze-colored,青铜色的,ADJ,B2
brooding,brooding,忧思,NOUN,B2
brooding (adj),brooding,词,ADJ,B2
brook no delay,brook no delay,刻不容缓,ADJ,B2
broom blow,broom blow,词,NOUN,C1
brother (part),brother,兄,PART,B1
brotherly heart,brotherly heart,兄心,NOUN,C1
brought back,brought back,逮回,NOUN,C1
brought to justice,brought to justice,归案,VERB,C1
brouille,estrangement,疏离,NOUN,B2
brouille,falling out,反目,NOUN,B2
brouiller,to blur,模糊,VERB,B2
brow,brow,眉毛,NOUN,B2
browbeat,browbeat,词,VERB,C1
broyer,to grind,磨碎,VERB,B2
bruises,bruises,词,NOUN,B2
brusqueness,brusqueness,唐突,NOUN,B2
brutal,brutal,词,ADJ,B2
brutalizing,brutalizing,词,ADJ,C1
brute,brute,粗野的,ADJ,B2
brute,bully,欺凌者,NOUN,B2
bruyant,loud,大声的,ADJ,B2
bruyant,noisy,吵闹的,ADJ,B2
brûlé,burnt,烧焦的,ADJ,B2
buanderie,laundry room,洗衣房,NOUN,B2
bubbling,bubbling,冒泡的,ADJ,B2
buccaneer,buccaneer,海盗,NOUN,B2
buckle,buckle,词,VERB,C1
buddha,buddha,佛,NOUN,B2
buddies,buddies,哥们,NOUN,B2
budge,budge,词,VERB,C1
budget,budget,预算,NOUN,B2
budgetable,budgetable,可预算的,ADJ,B2
budgeting,budgeting,词,NOUN,C1
buff,buff,词,NOUN,C1
buffalo,buffalo,词,NOUN,C1
buffer,buffer,词,NOUN,C1
buffoon,buffoon,小丑,NOUN,B2
building blocks,building blocks,积木,NOUN,C1
building manager,building manager,词,NOUN,B1
building upon,building upon,基于/以此为基础,ADV,C1
bulge,bulge,词,NOUN,C1
bull,bull,词,NOUN,B1
bulldog,bulldog,斗牛犬,NOUN,B2
bulldoze,bulldoze,词,VERB,C1
bulldozer,bulldozer,词,NOUN,C1
bulletin,bulletin,快报,NOUN,C1
bulletproof,bulletproof,词,NOUN,B2
bullshitted,bullshitted,被愚弄的,ADJ,B2
bullying,bullying,词,NOUN,B2
bulwark,bulwark,壁垒,NOUN,B2
bum,bum,流浪汉,NOUN,B2
bumble,bumble,词,VERB,C1
bump shock,bump shock,碰撞/震惊,NOUN,B2
bumper harvest,bumper harvest,丰收,NOUN,B2
bumping,bumping,碰我,NOUN,B2
bumpy,bumpy,凹凸不平的,ADJ,B2
bunch,bunch,一群,NOUN,B2
bundling,bundling,词,NOUN,C1
bungee jumping,bungee jumping,蹦极,NOUN,B2
bungler,bungler,笨手笨脚的人,NOUN,B2
bunker,bunker,词,NOUN,B2
buoy,buoy,词,NOUN,C1
buoyancy,buoyancy,词,NOUN,C1
buoyant,buoyant,有浮力的,ADJ,B2
burdened,burdened,负担重的,ADJ,B2
burdensome,burdensome,繁重的,ADJ,B2
bureau,bureau,局,NOUN,B2
bureau,desk,书桌,NOUN,B2
bureau de poste,post office,邮局,NOUN,B2
bureaucrat,bureaucrat,词,NOUN,C1
bureaucratic,bureaucratic,官僚的,ADJ,B2
burger stand,burger stand,,NOUN,B2
burglarize,burglarize,词,VERB,C1
burgle,burgle,词,VERB,C1
buried,buried,مدفون,ADJ,B1
burlap,burlap,词,NOUN,B2
burlesque,burlesque,滑稽的,ADJ,B2
burlesque (noun),burlesque,词,NOUN,C1
burned,burned,词,ADJ,B2
burner,burner,燃烧器,NOUN,B2
burning (noun),burning,词,NOUN,A1
burning eagerness,burning eagerness,极度渴望,NOUN,C1
burns,burns,烧伤,NOUN,C1
burp (noun),burp,词,NOUN,C1
burrow (verb),burrow,词,VERB,C1
burst in,burst in,词,VERB,C1
bursting forth,bursting forth,词,NOUN,C1
bus,bus,公共汽车,NOUN,B2
bushy,bushy,词,ADJ,C1
business card,business card,名片,NOUN,B1
business sector,business sector,商业界,NOUN,B2
business trade,business trade,买卖,NOUN,B2
business world,business world,词,NOUN,C1
bust,bust,词,NOUN,B1
bustle,bustle,喧闹,NOUN,B2
bustling with noise and excitement,bustling with noise and excitement,热闹,ADJ,B2
busy telephone line,busy telephone line,占线,VERB,B1
but,purpose,目的,NOUN,B2
but (adv),but,却,ADV,A1
but (sconj),but,但他,SCONJ,B2
but also,but also,但也,NOUN,B2
but difficult,but difficult,但难,NOUN,C1
but majesty,but majesty,可陛,NOUN,B2
but on the contrary,but on the contrary,反倒,ADV,B2
but rather,but rather,而是,CCONJ,B2
but this,but this,可这,NOUN,C1
but-for,but-for,词,NOUN,B2
butler,butler,词,NOUN,C1
butt,butt,臀部,NOUN,B2
buttermilk,buttermilk,词,NOUN,A2
buttress,buttress,扶壁,NOUN,B2
buy foreign exchange,buy foreign exchange,购汇,VERB,C1
buying and selling,buying and selling,词,NOUN,B2
buzz (noun),buzz,词,NOUN,B2
buzzer,buzzer,词,NOUN,C1
buzzing,buzzing,词,NOUN,C1
by (aux),by,被,AUX,A2
by all means,by all means,千方百计,ADV,B2
by analogy with,by analogy with,词,ADV,C1
by chance (adj),by chance,词,ADJ,A2
by doing,by doing,词,SCONJ,B1
by force,by force,词,ADV,B2
by hearsay,by hearsay,词,ADV,C1
by heart,by heart,词,ADV,B2
by himself,by himself,词,ADV,B2
by inference,by inference,词,ADV,C1
by itself,by itself,词,ADV,B2
by me,by me,以我,NOUN,B2
by means of,by means of,凭借,NOUN,B2
by month,by month,以月,NOUN,C1
by night,by night,趁夜,ADV,B2
by now,by now,此时,ADV,B2
by telephone,by telephone,词,ADJ,C1
by virtue of,by virtue of,词,ADP,C1
by way of digression,by way of digression,词,ADV,C1
by way of rectification,by way of rectification,词,ADV,C1
by year,by year,以岁,NOUN,C1
by-elections,by-elections,词,NOUN,C1
bypass (noun),bypass,词,NOUN,C1
bypassing,bypassing,词,NOUN,C1
byzantine,byzantine,错综复杂的,ADJ,B2
bâtard,bastard,混蛋,NOUN,B2
béatitude,bliss,极乐,NOUN,B2
bénir,to bless,祝福,VERB,B2
bénéfice,benefit,利益,NOUN,B2
bête,dumb,愚蠢的,ADJ,B2
bête,beast,野兽,NOUN,B2
c'est-à-dire,that is,即,ADV,B2
cabin boy,cabin boy,词,NOUN,C1
cabine,booth,摊位,NOUN,B2
cabinet,cabinet,内阁,NOUN,B2
cabinetmaker,cabinetmaker,细木工匠,NOUN,B2
cable car,cable car,缆车,NOUN,B1
cache,cache,词,NOUN,C1
cachette,hideout,藏身处,NOUN,B2
cachette,hiding,ٱختباء,NOUN,B2
cackle,cackle,词,VERB,C1
cacophony,cacophony,刺耳的声音,NOUN,B2
cactus,cactus,词,NOUN,B1
cadaverous,cadaverous,瘦骨嶙峋的,ADJ,B2
cadeau,gift,礼物,NOUN,B2
cadence,cadence,词,NOUN,B2
cadres,cadres,词,NOUN,C1
cafeteria,cafeteria,词,NOUN,B1
caftan,caftan,词,NOUN,A1
café,cafe,咖啡馆,NOUN,B2
cage,cage,笼子,NOUN,B2
cage (verb),cage,词,VERB,C1
cageot,crate,板条箱,NOUN,B2
caid local governor,caid local governor,词,NOUN,C1
caillot,clot,凝块,NOUN,B2
cajole,cajole,词,VERB,C1
calamitous,calamitous,灾难性的,ADJ,B2
calamité,calamity,灾难,NOUN,B2
calcareous,calcareous,词,ADJ,B2
calculatrice,calculator,计算器,NOUN,B2
calculer,to compute,计算,VERB,B2
caliber,caliber,词,NOUN,C1
calibrated,calibrated,词,ADJ,C1
calibration,calibration,校准,NOUN,B2
calibrator,calibrator,词,NOUN,C1
caliph,caliph,词,NOUN,B2
call to prayer,call to prayer,词,NOUN,B2
caller,caller,词,NOUN,A2
calligrapher,calligrapher,词,NOUN,C1
calligraphie,calligraphy,书法,NOUN,B2
calligraphie,handwriting practice,练字,NOUN,B2
callus,callus,硬茧……,NOUN,C1
calm (noun),calm,安安,NOUN,A2
calme,calm,平静,NOUN,B2
calme,calmness,平静,NOUN,B2
calming,calming,令人平静的,ADJ,B2
calorie,calorie,词,NOUN,C1
calve,calve,词,VERB,C1
camarade de classe,classmate,同学,NOUN,B2
camarade de jeu,playmate,玩伴,NOUN,B2
cambrioleur,burglar,窃贼,NOUN,B2
camouflage (noun),camouflage,词,NOUN,C1
camp,camp,营地,NOUN,B2
camp (part),camp,营,PART,A2
campagne,campaign,运动,NOUN,B2
campfire,campfire,词,NOUN,C1
camping,camping,露营,NOUN,B2
campus,campus,词,NOUN,B2
campus-like,campus-like,校园式的,ADJ,B2
can (noun),can,词,NOUN,B2
can be at,can be at,可在,NOUN,B2
can cure,can cure,能解,NOUN,C1
can jar,can jar,罐子,NOUN,B2
can may,can may,可以,AUX,A1
can still,can still,还能,AUX,B1
can to be able to,can to be able to,会,AUX,A1
can't help doing sth,can't help doing sth,不禁,ADV,B2
can-exit,can-exit,还出得来,NOUN,B2
canal,canal,运河,NOUN,B2
canal belt,canal belt,词,NOUN,C1
canal d'irrigation,irrigation canal,灌溉渠,NOUN,B2
cancelled set,cancelled set,取消的/设定的,ADJ,B2
cancer,cancer,癌症,NOUN,B2
cancerous,cancerous,词,ADJ,C1
candid,candid,词,ADJ,C1
candidature,candidacy,候选资格,NOUN,B2
candy shop,candy shop,词,NOUN,B2
cane,cane,手杖,NOUN,B2
canicule,heat wave,热浪,NOUN,B2
cannabis,cannabis,大麻,NOUN,B2
canning,canning,词,NOUN,C1
cannot afford,cannot afford,不起,VERB,B2
cannot be quiet,cannot be quiet,静不,NOUN,C1
cannot reach,cannot reach,不到,VERB,B2
cannot stay,cannot stay,不住,PART,B2
cantaloupe,cantaloupe,哈密瓜,NOUN,B2
canteen,canteen,食堂,NOUN,B2
cantillation,cantillation,词,NOUN,C1
canvass,canvass,词,VERB,C1
canyon,canyon,峡谷,NOUN,B2
capable,able,能够的,ADJ,B2
capable,capable,有能力的,ADJ,B2
capable (noun),capable,有本事,NOUN,B2
capable good,capable good,能干的/优秀的,ADJ,B2
capacitate,capacitate,词,VERB,C1
capacitor condenser,capacitor condenser,词,NOUN,C1
capacité,capability,能力,NOUN,B2
cape,cape,海角,NOUN,B2
cape,cloak,斗篷,NOUN,B2
caper (noun),caper,词,NOUN,B2
capital affairs,capital affairs,京机,NOUN,C1
capital city,capital city,首都,NOUN,A2
capital flight,capital flight,资本外逃,NOUN,B2
capitalization,capitalization,词,NOUN,C1
capitulation,capitulation,词,NOUN,C1
capping ceremony,capping ceremony,冠礼,NOUN,B2
capricious,capricious,词,ADJ,C1
capsize,capsize,词,VERB,C1
captious,captious,词,ADJ,B2
captivant,captivating,迷人的,ADJ,B2
captivated,captivated,词,ADJ,C1
captive,captive,俘虏,NOUN,B2
captive (adj),captive,词,ADJ,B2
captive bond,captive bond,词,NOUN,C1
captivité,captivity,囚禁,NOUN,B2
capture,capture,捕获,NOUN,B2
car (part),car,车,PART,C1
car key,car key,词,NOUN,C1
car light,car light,车灯,NOUN,C1
car wash,car wash,洗车,NOUN,B2
carafe,carafe,词,NOUN,C1
caramelize,caramelize,词,VERB,C1
carat,carat,克拉,NOUN,B2
caravanserai,caravanserai,词,NOUN,C1
caraway,caraway,词,NOUN,B2
carbohydrates,carbohydrates,词,NOUN,C1
carbon capture,carbon capture,碳捕获,NOUN,C1
carbon dioxide,carbon dioxide,二氧化碳,NOUN,B2
carbon footprint,carbon footprint,碳足迹,NOUN,C1
carbon neutrality,carbon neutrality,碳中和,NOUN,C1
carbon peak,carbon peak,碳达峰,NOUN,C1
carbon sequestration,carbon sequestration,碳封存,NOUN,C1
carbon trading,carbon trading,碳交易,NOUN,C1
cardinal,cardinal,枢机主教,NOUN,B2
care,to care,照顾,VERB,B2
care for,to care for,照顾,VERB,B2
care home,care home,,NOUN,B2
care worker,care worker,护理人员,NOUN,B2
careen,careen,词,VERB,C1
career leap,career leap,词,NOUN,C1
careerism,careerism,词,NOUN,C1
careerist,careerist,词,ADJ,B2
carefree,carefree,无忧无虑的,ADJ,B2
careful search,careful search,仔细搜,NOUN,B2
careful treatment,careful treatment,好生诊治,NOUN,C1
carefulness,carefulness,细心,NOUN,B2
careless,careless,粗心的,ADJ,B2
carelessness,carelessness,词,NOUN,C1
carer,carer,词,NOUN,C1
caress (noun),caress,词,NOUN,B2
cargo,cargo,货物,NOUN,B2
cargo rest,cargo rest,货歇,NOUN,C1
caricatural,caricatural,漫画的,ADJ,B2
caricature,caricature,讽刺画,NOUN,B2
caricature (verb),caricature,词,VERB,B2
caring,caring,关怀的,ADJ,B2
carnation,carnation,词,NOUN,B2
carnival,carnival,狂欢节,NOUN,B2
carnivalesque,carnivalesque,狂欢节式的,ADJ,C1
carob,carob,词,NOUN,B2
carol,carol,词,NOUN,B1
carouse,carouse,词,VERB,C1
carp (verb),carp,词,VERB,C1
carpentry,carpentry,木工,NOUN,B2
carpool,carpool,拼车,NOUN,C1
carrefour,crossroads,十字路口,NOUN,B2
carriage,carriage,马车,NOUN,B2
carry forward,to carry forward,发扬,VERB,B2
carry out,to carry out,实施,VERB,B2
carrying,carrying,扛,NOUN,C1
carrying in,carrying in,抬进,NOUN,C1
carré,square,平方的,ADJ,B2
carte,card,卡片,NOUN,B2
carte d'identité,id card,身份证,NOUN,B2
carte de crédit,credit card,信用卡,NOUN,B2
carte postale,postcard,明信片,NOUN,B2
cartel,cartel,卡特尔,NOUN,B2
cartilage,cartilage,软骨,NOUN,B2
cartography,cartography,词,NOUN,B2
carton,carton,词,NOUN,C1
cartoon,cartoon,卡通,NOUN,B2
cascade,cascade,词,NOUN,C1
case details,case details,案情,NOUN,B2
case file,case file,案卷,NOUN,C1
case inflection,case inflection,词,NOUN,C1
cash,cash,现金,ADJ,B2
cash,to cash,兑现,VERB,B2
cash conversion,cash conversion,改现,NOUN,B2
cashew,cashew,腰果,NOUN,B2
casino,casino,词,NOUN,B2
casket,casket,词,NOUN,C1
casque audio,headphones,耳机,NOUN,B2
cassation,cassation,词,NOUN,B2
cassava,cassava,木薯,NOUN,B2
cassette tape,cassette tape,磁带,NOUN,B1
cassé,broken,破碎的,ADJ,B2
cast,cast,演员阵容,NOUN,B2
cast (adj),cast,词,ADJ,C1
castanets,castanets,词,NOUN,B1
caste,caste,词,NOUN,B2
casting,casting,词,NOUN,C1
castle,castle,城堡,NOUN,B2
castrate,castrate,词,VERB,C1
casual,casual,随意的,ADJ,B2
casual (adv),casual,词,ADV,B2
casual photo,casual photo,生活照,NOUN,B2
casualties,casualties,伤亡,NOUN,B2
casualty,casualty,阵亡,NOUN,C1
catacomb,catacomb,词,NOUN,B2
catalepsy,catalepsy,词,NOUN,B2
catalog,catalog,目录,NOUN,B2
catalogue,catalogue,目录,NOUN,B2
catalysis,catalysis,词,NOUN,C1
catapult,catapult,投石机,NOUN,B2
cataract,cataract,词,NOUN,B2
catastrophe,catastrophe,大灾难,NOUN,B2
catastrophic,catastrophic,灾难性的,ADJ,B2
catch,catch,捕捉,NOUN,B2
catch thief,catch thief,抓贼,NOUN,C1
catch up,to catch up,赶上,VERB,B2
cater,cater,词,VERB,C1
catharsis,catharsis,宣泄,NOUN,B2
catheter,catheter,词,NOUN,C1
catheterize,catheterize,词,VERB,C1
catholic,catholic,天主教徒,NOUN,B2
cats,cats,猫,NOUN,B2
cattle,cattle,牛,NOUN,B2
cattle rancher,cattle rancher,牧场主,NOUN,B2
cauchemar,nightmare,噩梦,NOUN,B2
caudillism,caudillism,词,NOUN,C1
caught,caught,被捕获的,ADJ,B2
causal,causal,因果的,ADJ,B2
causal link,causal link,因果关系,NOUN,B2
causation,causation,因果关系,NOUN,B2
cause,cause,原因,NOUN,B2
cause of change,cause of change,改因,NOUN,B2
cause of death,cause of death,死因,NOUN,B2
cause of defeat,cause of defeat,败因,NOUN,B2
cause partielle,partial cause,分因,NOUN,B2
causing harm,causing harm,伤害,NOUN,C1
caustic,caustic,词,ADJ,B2
caution,caution,谨慎,NOUN,B2
cautious,cautious,小心的,ADJ,B2
cautious and conscientious,cautious and conscientious,兢兢业业,ADJ,B2
cautious and solemn idiom very carefully,cautious and solemn idiom very carefully,小心翼翼,ADJ,B2
cavern,cavern,词,NOUN,B2
cavil,cavil,词,VERB,C1
cavort,cavort,词,VERB,C1
caw,to caw,呱呱叫,VERB,B2
caw (noun),caw,词,NOUN,C1
ceasefire,ceasefire,止战,NOUN,C1
cedar,cedar,词,NOUN,B1
cede,cede,词,VERB,C1
celebrant,celebrant,词,NOUN,B2
celebrity,celebrity,名人,NOUN,B2
celerity,celerity,迅速,NOUN,B2
celery,celery,芹菜,NOUN,B2
celestial (noun),celestial,词,NOUN,B2
celibate,celibate,词,ADJ,B2
cell phone,cell phone,手机,NOUN,B2
cell phone ringing,cell phone ringing,词,NOUN,C1
cello,cello,大提琴,NOUN,C1
cells,cells,词,NOUN,C1
cellulose,cellulose,纤维素,NOUN,B2
cement,to cement,巩固,VERB,B2
cenotaph,cenotaph,词,NOUN,B2
censure (noun),censure,词,NOUN,C1
censure (verb),censure,词,VERB,C1
centenary,centenary,词,NOUN,C1
centennial,centennial,词,ADJ,B2
centimeter,centimeter,厘米,NOUN,B2
centipede,centipede,蜈蚣,NOUN,B2
central,central,中心的,ADJ,B2
central station,central station,中央车站,NOUN,B2
centrality,centrality,词,NOUN,C1
centre,centre,词,NOUN,B2
centre commercial,shopping center,购物中心,NOUN,B2
centre de divertissement,entertainment center,娱乐中心,NOUN,B2
centre-ville,inside city,城内,NOUN,B2
centrifugal force,centrifugal force,离心力,NOUN,B2
centrifuge,centrifuge,离心机,NOUN,B2
centripetal force,centripetal force,向心力,NOUN,C1
centrist,centrist,中间派的,ADJ,C1
century-old,century-old,世纪的,ADJ,B2
ceo,ceo,首席执行官,NOUN,B2
cependant,meanwhile,同时,ADV,B2
ceramic art,ceramic art,陶艺,NOUN,B2
ceremonial,ceremonial,仪式的,ADJ,B2
ceremonial cap,ceremonial cap,爵弁,NOUN,B2
ceremonial protocol,ceremonial protocol,词,NOUN,C1
ceremony complete,ceremony complete,礼成,NOUN,C1
certain,certain,确定的,ADJ,B2
certain (det),certain,某些,DET,B2
certain fall,certain fall,必倒,NOUN,B2
certainly,certainly,当然,INTJ,B2
certificate of merit,certificate of merit,奖状,NOUN,B2
certification,certification,认证,NOUN,C1
cessation,cessation,终止,NOUN,B2
cessation passing,cessation passing,消亡,NOUN,C1
cette flèche,that arrow,那一箭,NOUN,B2
chacun,everyone,每个人,PRON,B2
chagrin,grief,悲伤,NOUN,B2
chain (adj),chain,词,ADJ,C1
chain mail,chain mail,锁子甲,NOUN,B2
chain of transmission,chain of transmission,词,NOUN,C1
chairman,chairman,主席,NOUN,B2
chairperson,chairperson,主席,NOUN,B2
chalet,chalet,词,NOUN,B1
chaleur,warmth,温暖,NOUN,B2
challenges,challenges,词,NOUN,C1
challenging,challenging,词,ADJ,C1
chamber,chamber,房间,NOUN,B2
chamberlain,chamberlain,词,NOUN,C1
chambre,bedroom,卧室,NOUN,B2
chamois,chamois,词,NOUN,C1
champ de bataille,battlefield,战场,NOUN,B2
champagne,champagne,香槟,NOUN,B2
champion,champion,冠军,NOUN,B2
chance,lucky chance,虽侥,NOUN,B2
chance opportunity,chance opportunity,词,NOUN,A2
chancery,chancery,词,NOUN,C1
chandelier,chandelier,吊灯,NOUN,B2
change exchange,change exchange,改变/交换,NOUN,B2
change of faith,change of faith,改信,NOUN,B2
change of heart,change of heart,改心,NOUN,C1
change of master,change of master,改主,NOUN,C1
change of mind,change of mind,改念,NOUN,B2
change tire,to change tire,换胎,VERB,B2
changed body,changed body,改体,NOUN,C1
changed function,changed function,改功,NOUN,C1
changed policy,changed policy,改策,NOUN,B2
changed route,changed route,改路,NOUN,B2
changed style,changed style,改式,NOUN,C1
changed technique,changed technique,改术,NOUN,C1
changed use,changed use,改用,NOUN,C1
changed work,changed work,改工,NOUN,B2
changement climatique,climate change,气候变化,NOUN,B2
changer,shift,轮班,NOUN,B2
changer,to shift,改变,VERB,B2
changing clothes,changing clothes,换上,NOUN,C1
channel,channel,频道,NOUN,B2
chant,singing,歌唱,NOUN,B2
chant,chant,词,VERB,C1
chantier naval,shipyard,造船厂,NOUN,B2
chants,chants,词,NOUN,B2
chaos,chaos,混乱,NOUN,B2
chaperon,chaperon,词,NOUN,C1
chapter of Quran,chapter of Quran,词,NOUN,B2
chaque,every,每个,DET,B2
character assassination,character assassination,人格谋杀,NOUN,B2
character trait,character trait,品性,NOUN,C1
character trait creation,character trait creation,词,NOUN,C1
character word,character word,字,NOUN,B2
characteristic,characteristic,典型的,ADJ,B2
characteristic feature,characteristic feature,特点,NOUN,B2
characterization,characterization,词,NOUN,C1
characters,characters,词,NOUN,C1
charade,charade,词,NOUN,B2
charades,charades,打哑谜,NOUN,B2
charcoal,charcoal,木炭,NOUN,B2
charge,charge,收费,NOUN,B2
charge,to charge,充电,VERB,B2
charges,charges,词,NOUN,C1
charging,charging,词,NOUN,C1
charisma,charisma,个人魅力,NOUN,B2
charitable,charitable,慈善的,ADJ,B2
charity hall,charity hall,善堂,NOUN,C1
charlatan,charlatan,江湖骗子,NOUN,B2
charlatanisme,sham,假冒,NOUN,B2
charmer,charmer,词,NOUN,B2
charter-based,charter-based,词,ADJ,C1
chase,chase,追逐,NOUN,B2
chase,to chase,追逐,VERB,B2
chase (noun),chase,追他,NOUN,B2
chase fast,chase fast,快追,NOUN,C1
chasten,chasten,词,VERB,C1
chastity,chastity,贞洁,NOUN,B2
chastity probity,chastity probity,词,NOUN,C1
chat,chat,聊天,NOUN,B2
chatter (noun),chatter,词,NOUN,A2
chauffeur,chauffeur,词,NOUN,C1
chaussure,footwear,鞋穿,NOUN,B2
chaussures,shoes,鞋子,NOUN,B2
chauvinistic,chauvinistic,沙文主义的,ADJ,B2
chaîne de montagnes,mountain range,山脉,NOUN,B2
chaîne industrielle,industry chain,产业链,NOUN,B2
cheap,cheap,便宜的,ADJ,B2
cheap wine,cheap wine,破酒,NOUN,C1
cheapen,cheapen,词,VERB,C1
cheaper,cheaper,更便宜的,ADJ,B2
cheapness,cheapness,廉价,NOUN,B2
check,to check,检查,VERB,B2
check him,check him,查他,NOUN,C1
check-in,check-in,词,NOUN,B1
checked,checked,词,ADJ,C1
checkmark,checkmark,词,NOUN,C1
checkmate,checkmate,词,NOUN,C1
checkout,checkout,收银台,NOUN,B2
checkup,checkup,体检,NOUN,B2
cheek,cheek,脸颊,NOUN,B2
cheekbone,cheekbone,词,NOUN,C1
cheeky,cheeky,厚颜无耻的,ADJ,B2
cheerful-faced,cheerful-faced,词,ADJ,C1
cheerfulness,cheerfulness,词,NOUN,C1
cheering,cheering,欢呼,NOUN,B2
cheers,cheers,干杯,INTJ,B2
cheers (noun),cheers,欢呼,NOUN,B2
chef,chef,厨师,NOUN,B2
chef de district,district head,区长,NOUN,B2
chef de département,department head,厅长,NOUN,B2
chef de village,village head,村长,NOUN,B2
chef-d'œuvre,masterpiece,杰作,NOUN,B2
chemical (adj),chemical,化学品,ADJ,B2
chemicals,chemicals,词,NOUN,C1
cheminée,chimney,烟囱,NOUN,B2
chemotherapy,chemotherapy,化疗,NOUN,B2
cheque,cheque,词,NOUN,A2
cher,dear,亲爱的,ADJ,B2
chercher,to look for to find,找,VERB,B2
chercher,to seek,寻找,VERB,B2
chermoula,chermoula,词,NOUN,B2
chermoula-marinated,chermoula-marinated,词,ADJ,B2
chest breast,chest breast,胸部/乳房,NOUN,B2
chest stab,chest stab,胸刺,NOUN,B2
chest width,chest width,胸宽,NOUN,C1
chevalerie,chivalry,骑士精神,NOUN,B2
chevauchement,overlap,重叠,NOUN,B2
chez moi,my place,我处,NOUN,B2
chiaroscuro,chiaroscuro,词,NOUN,B2
chic (adj),chic,词,ADJ,C1
chic (noun),chic,词,NOUN,C1
chickpeas,chickpeas,词,NOUN,A2
chide,chide,词,VERB,C1
chief physician,chief physician,主任医师,NOUN,B2
chiefly,chiefly,主要地,ADV,B2
chieftain,chieftain,酋长,NOUN,B2
chiffonné,ragged,破烂的,ADJ,B2
chiffre d'affaires,turnover,营业额,NOUN,B2
child's play,child's play,词,NOUN,C1
child-rearing,child-rearing,教子,NOUN,C1
childcare,childcare,词,NOUN,C1
childhood trauma,childhood trauma,词,NOUN,C1
childish ambition,childish ambition,幼志,NOUN,C1
children,children,儿女,NOUN,C1
children's rights,children's rights,儿童权利,NOUN,B2
chili,chili,辣椒,NOUN,B2
chill,chill,放松,ADJ,B2
chill (noun),chill,词,NOUN,B1
chilling,chilling,词,ADJ,C1
chime,chime,词,NOUN,C1
chimera,chimera,词,NOUN,C1
chimie,chemistry,化学,NOUN,B2
chimique,chemical,化学品,NOUN,B2
chimney sweep,chimney sweep,词,NOUN,C1
chimpanzee,chimpanzee,词,NOUN,B2
chinese cabbage,chinese cabbage,白菜,NOUN,B2
chinois,chinese,中文,NOUN,B2
chinois,chinese language,华文,NOUN,B2
chips,chips,薯片,NOUN,B2
chirp (noun),chirp,词,NOUN,C1
chitchat,chitchat,词,NOUN,B2
chivalrous,chivalrous,词,ADJ,B2
chive,chive,韭菜,NOUN,C1
chocolate shop,chocolate shop,词,NOUN,B2
choirboy,choirboy,唱诗班男孩,NOUN,B2
choke,choke,词,VERB,B2
choleric,choleric,易怒的,ADJ,B2
chomp,chomp,词,VERB,C1
chop (noun),chop,砍了,NOUN,C1
chopsticks,chopsticks,筷子,NOUN,A1
chorale,chorale,词,NOUN,C1
chord,chord,弦,NOUN,C1
choreograph,choreograph,词,VERB,C1
choreographic,choreographic,词,ADJ,C1
choreography,choreography,词,NOUN,C1
chortle,chortle,词,VERB,C1
chosen,chosen,精选的,ADJ,B2
christen,christen,词,VERB,C1
christian,christian,基督徒,NOUN,B2
christianity,christianity,基督教,NOUN,B2
christianization,christianization,词,NOUN,C1
christmas eve,christmas eve,平安夜,NOUN,B2
christmas porridge,christmas porridge,,NOUN,B2
christmas present,christmas present,圣诞礼物,NOUN,B2
christmas tree,christmas tree,圣诞树,NOUN,B2
chromaticity,chromaticity,词,NOUN,C1
chromosomal,chromosomal,词,ADJ,C1
chromosome,chromosome,染色体,NOUN,B2
chronic illness,chronic illness,顽疾,NOUN,C1
chronicle,chronicle,编年史,NOUN,B2
chronicler,chronicler,词,NOUN,B2
chronological,chronological,词,ADJ,C1
chubby,chubby,胖子,NOUN,B2
chuchotement,whisper,低语,NOUN,B2
chuck,chuck,词,VERB,B1
chuckle,chuckle,词,VERB,B2
church community,church community,教会,NOUN,B2
churchgoing,churchgoing,词,NOUN,C1
churn,churn,词,VERB,C1
churn skin,churn skin,词,NOUN,B2
chute,scrap,碎屑,NOUN,B2
chute d'eau,water falling,水落,NOUN,B2
châtaigne,chestnut,板栗,NOUN,B2
chéri,darling,亲爱的,NOUN,B2
chômage,unemployment,失业,NOUN,B2
chômeur,unemployed,失业的,ADJ,B2
ciel,heaven,天堂,NOUN,B2
ciel étoilé,starry sky,星空,NOUN,B2
cigar,cigar,雪茄,NOUN,B2
cigarette,cigarette,香烟,NOUN,B2
cilantro,cilantro,香菜,NOUN,B2
cinematic,cinematic,词,ADJ,B1
cinquante,fifty,五十,NUM,B2
cinquième,fifth,خامس,ADJ,B2
cinétique,kinetic,运动的,ADJ,B2
circoncision,circumcision,割礼,NOUN,B2
circonstances,situation circumstances,情形,NOUN,B2
circonstances favorables,favorable circumstances,顺境,NOUN,B2
circuit,circuit,电路,NOUN,B2
circular (adj),circular,词,ADJ,C1
circulating,circulating,词,ADJ,B2
circulation,circulation,循环,NOUN,B2
circumference,circumference,词,NOUN,C1
circumscription,circumscription,词,NOUN,C1
circumspection,circumspection,词,NOUN,B2
circumstantial accusative,circumstantial accusative,词,NOUN,C1
circumvent,circumvent,词,VERB,C1
circus (adj),circus,词,ADJ,B2
cirrhosis,cirrhosis,词,NOUN,B2
ciseau,chisel,凿子,NOUN,B2
cistern,cistern,蓄水池,NOUN,B2
citation,citation,引用,NOUN,B2
citer,to cite,引用,VERB,B2
citizenship right,citizenship right,公民权,NOUN,B2
citrus,citrus,柑橘,NOUN,B2
city centre,city centre,市中心,NOUN,B2
city council,city council,市议会,NOUN,B2
city gate,city gate,城门,NOUN,B2
city map,city map,城市地图,NOUN,B2
civic-mindedness,civic-mindedness,词,NOUN,B2
civil,civil,民事的,ADJ,B2
civil,civilian,平民,NOUN,B2
civil war,civil war,内战,NOUN,B2
civilian,civilian,平民的,ADJ,B2
civilisation,civilisation,文明,NOUN,B2
civilize,civilize,词,VERB,C1
clack,clack,词,NOUN,C1
claim damages,claim damages,索赔,VERB,C1
claim settlement,claim settlement,理赔,NOUN,C1
clairement délimité,clearly demarcated,分明,ADJ,B2
clairvoyance,clairvoyance,词,NOUN,B2
clairvoyant,clairvoyant,有洞察力的,ADJ,B2
clamber,clamber,词,VERB,C1
clameur,clamor,喧嚣,NOUN,B2
clamorous,clamorous,词,ADJ,B2
clampdown,clampdown,词,NOUN,C1
clan,clan,家族,NOUN,B2
clandestine migration,clandestine migration,词,NOUN,B2
clandestineness,clandestineness,词,NOUN,B2
clang,clang,词,NOUN,C1
clank,clank,词,NOUN,C1
clapping,clapping,词,NOUN,B2
clarification,clarification,澄清,NOUN,B2
clarified butter,clarified butter,词,NOUN,A2
clarify doubts,clarify doubts,释疑,VERB,B2
clarity evidentness,clarity evidentness,词,NOUN,C1
clarté,clarity,清晰,NOUN,B2
clash (noun),clash,词,NOUN,C1
clasp,clasp,词,NOUN,C1
class lesson,class lesson,课,NOUN,B2
class monitor,class monitor,班长,NOUN,C1
class nature,class nature,阶级性,NOUN,C1
class session,class session,词,NOUN,B1
class stratification,class stratification,词,NOUN,C1
class struggle,class struggle,阶级斗争,NOUN,B2
class test,class test,词,NOUN,B1
classe sociale,social class,社会阶层,NOUN,B2
classic (noun),classic,经典,NOUN,C1
classical poetry,classical poetry,词,NOUN,C1
classicist,classicist,古典主义的,ADJ,B2
classification,classification,分类,NOUN,B2
classifier for documents portions,classifier for documents portions,份,NOUN,B2
classifier for flowers,classifier for flowers,朵,NUM,B2
classifier for horses,classifier for horses,匹,NUM,B2
classifier for small round objects,classifier for small round objects,颗,NOUN,B2
classifier for trips,classifier for trips,趟,NUM,A2
classifier for vehicles,classifier for vehicles,辆,NUM,A1
classique,classical,古典的,ADJ,B2
classique,classic,经典作品,NOUN,B2
classwork,classwork,课堂作业,NOUN,B2
clatter,clatter,哗啦声,NOUN,C1
clause,clause,从句,NOUN,B2
clauses,clauses,词,NOUN,C1
clay stove,clay stove,词,NOUN,B1
clean pure,clean pure,纯净的,ADJ,A1
clean technology,clean technology,清洁技术,NOUN,C1
cleaner,cleaner,更干净的,ADJ,B2
cleaner (noun),cleaner,清洁剂,NOUN,B2
cleaning,cleaning,清洁,NOUN,B2
cleanliness cleanness,cleanliness cleanness,词,NOUN,C1
cleanly,cleanly,干净地,ADV,B2
cleanse,cleanse,词,VERB,C1
cleanup,cleanup,清理,NOUN,C1
clear,clear,当然,ADV,B2
clear as day,clear as day,一清二楚的,ADJ,B2
clear justice,clear justice,明正,NOUN,C1
clear the throat,clear the throat,词,VERB,B2
clear view,clear view,明见,NOUN,C1
clear weather,clear weather,晴,ADJ,A1
clearing of the throat,clearing of the throat,词,NOUN,C1
clench,clench,词,VERB,C1
clerk,clerk,职员,NOUN,B2
clickbait,clickbait,词,NOUN,C1
client,client,客户,NOUN,B2
clientele,clientele,词,NOUN,B2
cliff fall,cliff fall,坠崖,NOUN,C1
cliffhanger,cliffhanger,词,NOUN,B1
cligner,to wink,眨眼,VERB,B2
clignotant,turn signal,转向灯,NOUN,B2
climat,climate,气候,NOUN,B2
climate denial,climate denial,气候否认,NOUN,B2
climatic,climatic,词,ADJ,C1
climatology,climatology,词,NOUN,C1
climax,climax,高潮,NOUN,B2
climbing,climbing,词,NOUN,B1
clinch,clinch,词,VERB,C1
clinique,clinical,临床的,ADJ,B2
clink,clink,词,NOUN,C1
clinking,clinking,词,NOUN,C1
clip,clip,夹子,NOUN,B2
clipping,clipping,词,NOUN,C1
clobber,clobber,词,VERB,C1
cloche,bell,铃,NOUN,B2
clock watch,clock watch,钟表,NOUN,B2
clog (verb),clog,词,VERB,C1
clone,clone,克隆体,NOUN,B2
cloned,cloned,词,ADJ,C1
cloning,cloning,词,NOUN,C1
close a case,close a case,结案,VERB,B2
close scrutiny,close scrutiny,词,NOUN,C1
close well,close well,关好,NOUN,C1
closed,closed,关闭的,ADJ,B2
closed disabled,closed disabled,关闭的/禁用的,ADJ,B2
closedness,closedness,封闭,NOUN,C1
closely,closely,紧密地,ADV,B2
closer,closer,更近的,ADJ,B2
closer (adv),closer,词,ADV,B2
closing,closing,词,NOUN,B2
clothe,clothe,词,VERB,C1
cloud (adj),cloud,词,ADJ,C1
cloud computing,cloud computing,云计算,NOUN,B2
cloud of smoke,cloud of smoke,词,NOUN,C1
clouds,clouds,云,NOUN,B1
cloudy day,cloudy day,阴天,NOUN,B2
clout,clout,词,NOUN,C1
clove,clove,丁香,NOUN,C1
clown,clown,小丑,NOUN,B2
cloying,cloying,词,ADJ,C1
club,club,俱乐部,NOUN,B2
club blow,club blow,词,NOUN,C1
cluck,cluck,词,NOUN,C1
clueless,clueless,词,ADJ,C1
clump,clump,词,NOUN,C1
clunky,clunky,词,ADJ,C1
clutter,clutter,词,NOUN,C1
clôturer,to close account,销户,VERB,B2
co-,co-,共同,ADV,B2
co-conspirator,co-conspirator,同谋,NOUN,B2
co-determination,co-determination,共同决定权,NOUN,B2
co-occurrence,co-occurrence,词,NOUN,C1
co-owner,co-owner,共有人,NOUN,B2
coagulated,coagulated,词,ADJ,C1
coagulation,coagulation,词,NOUN,B2
coalesce,coalesce,词,VERB,C1
coalition,coalition,联盟,NOUN,B2
coarse,coarse,粗糙的,ADJ,B2
coarse rough,coarse rough,词,ADJ,C1
coast road,coast road,词,NOUN,B2
coastal (noun),coastal,词,NOUN,B2
cobble,cobble,词,VERB,C1
cobbler,cobbler,词,NOUN,B2
cocaïne,cocaine,可卡因,NOUN,B2
cock,cock,词,NOUN,B2
cockroach,cockroach,词,NOUN,A1
cocktail,cocktail,鸡尾酒,NOUN,B2
cocky,cocky,傲慢的,ADJ,B2
cocoa,cocoa,词,NOUN,C1
coconut,coconut,椰子,NOUN,B2
coddle,coddle,词,VERB,C1
code,code,代码,NOUN,B2
code of conduct,code of conduct,词,NOUN,C1
codification,codification,法典化,NOUN,C1
codified,codified,词,ADJ,C1
coding,coding,词,NOUN,B2
coefficient,coefficient,系数,NOUN,B2
coexistence,coexistence,共存,NOUN,B2
cogency,cogency,词,NOUN,C1
cogitate,cogitate,词,VERB,C1
cogito,cogito,词,NOUN,C1
cognac,cognac,干邑,NOUN,B2
cognate,cognate,词,NOUN,B2
cognition,cognition,认知,NOUN,B2
cognizance,cognizance,词,NOUN,C1
cogwheel,cogwheel,词,NOUN,C1
cohabitation,cohabitation,词,NOUN,C1
cohere,cohere,词,VERB,C1
cohort-based,cohort-based,队列的,ADJ,B2
cohérence,coherence,连贯性,NOUN,B2
coil (noun),coil,词,NOUN,C1
coincidence of ideas,coincidence of ideas,词,NOUN,C1
coincidentally by chance,coincidentally by chance,恰巧,ADV,B2
coining,coining,词,NOUN,B2
coins,coins,词,NOUN,C1
coitus,coitus,词,NOUN,B2
coke,coke,可卡因,NOUN,B2
cola,cola,可乐,NOUN,B2
cold (noun),cold,cold,NOUN,B2
cold arrow,cold arrow,冷箭,NOUN,C1
cold case,cold case,悬案,NOUN,B2
cold hands,cold hands,手冰,NOUN,C1
cold weather,cold weather,天冷,NOUN,C1
colder,colder,更冷的,ADJ,B2
coldness,coldness,词,NOUN,B2
colic,colic,词,NOUN,C1
coliseum,coliseum,词,NOUN,B2
collaboration,collaboration,合作,NOUN,B2
collarbone,collarbone,词,NOUN,B2
collation,collation,词,NOUN,B2
colleague female,colleague female,词,NOUN,B2
collect evidence,collect evidence,取证,VERB,C1
collect seeds,collect seeds,采种,VERB,C1
collected,collected,收集的,ADJ,B2
collectie,collectie,收藏,NOUN,B2
collections,collections,词,NOUN,C1
collective (noun),collective,集体,NOUN,B2
collective labor agreement,collective labor agreement,集体劳动协议,NOUN,B2
collectivism,collectivism,词,NOUN,C1
collectivization,collectivization,集体化,NOUN,B2
collectomania,collectomania,收藏癖,NOUN,B2
college,college,学院,NOUN,B2
college entrance examination,college entrance examination,高考,NOUN,B2
collegial,collegial,同事的,ADJ,B2
collegiality,collegiality,词,NOUN,C1
collegiate,collegiate,词,ADJ,B2
colline,hills,丘陵,NOUN,B2
collision,collision,碰撞,NOUN,B2
collocation,collocation,词,NOUN,C1
colloidal,colloidal,胶体的,ADJ,C1
colloquial,colloquial,词,ADJ,B2
colloquial language,colloquial language,词,NOUN,C1
colloquium,colloquium,词,NOUN,B2
collusion,collusion,串通,NOUN,B2
collusion d'enchères,bid collusion,串标,NOUN,B2
colon,colon,冒号,NOUN,B2
colon (punct),colon,词,PUNCT,A2
colonel,colonel,上校,NOUN,B2
colonial,colonial,词,ADJ,C1
colonial settlers,colonial settlers,词,NOUN,C1
colonizing,colonizing,词,ADJ,C1
colonnade,colonnade,词,NOUN,C1
colonoscopy,colonoscopy,肠镜,NOUN,C1
colophon,colophon,词,NOUN,B2
coloration,coloration,词,NOUN,B2
colorblind,colorblind,词,ADJ,B2
colored,colored,有色的,ADJ,B2
coloredness,coloredness,有色性,NOUN,B2
coloring,coloring,词,NOUN,B2
colorless,colorless,词,ADJ,C1
coloré,colorful,五颜六色的,ADJ,B2
colossal,colossal,巨大的,ADJ,B2
colossus,colossus,词,NOUN,B2
colour,colour,颜色,NOUN,B2
columnar,columnar,词,ADJ,C1
coléoptère,beetle,甲虫,NOUN,B2
coma,coma,昏迷,NOUN,B2
combat,combating,打击,NOUN,B2
combatant,combatant,词,NOUN,B2
combative,combative,词,ADJ,B2
combattre,combat,战斗,NOUN,B2
combattre,to combat,对抗,VERB,B2
combinations,combinations,词,NOUN,C1
combinatorial,combinatorial,组合的,ADJ,B2
combinatorics,combinatorics,词,NOUN,C1
combing,combing,词,NOUN,C1
combining,combining,结合的,ADJ,B2
combustibility,combustibility,词,NOUN,C1
combustion,combustion,词,NOUN,C1
come (sconj),come,来 来,SCONJ,B2
come again,come again,再来,VERB,B2
come and take,come and take,有本事来拿,NOUN,C1
come on,come on,词,INTJ,C1
comer,comer,词,NOUN,C1
comfortable tranquility,comfortable tranquility,词,NOUN,C1
comfortably,comfortably,词,ADV,C1
comforted,comforted,宽慰,ADJ,B2
comforting,comforting,词,ADJ,B2
comic (noun),comic,词,NOUN,B2
comic strip,comic strip,连环画,NOUN,B2
comicness,comicness,词,NOUN,C1
coming,coming,即将到来的,ADJ,B2
coming-of-age attire,coming-of-age attire,元服,NOUN,C1
comique,comic,喜剧的,ADJ,B2
comma,comma,逗号,PUNCT,B2
comma (noun),comma,词,NOUN,B1
commandeer,commandeer,词,VERB,C1
commanding officer,commanding officer,司令,NOUN,B2
commanding presence,commanding presence,威严,NOUN,C1
commandment,commandment,词,NOUN,C1
comme,as,像,ADP,B2
comme par le passé,just as in the past,一如既往,ADV,B2
comme si,as if,仿佛,ADV,B2
commence,commence,词,VERB,B2
commencement,commencement,开始,NOUN,B2
commencement,start,开始,NOUN,B2
commencer,to begin to start,开始,VERB,B2
commend,commend,词,VERB,C1
commendable,commendable,词,ADJ,C1
commendation,commendation,词,NOUN,C1
commensalism,commensalism,词,NOUN,B2
commensurability,commensurability,词,NOUN,C1
commentaire,comment,评论,NOUN,B2
commentaries,commentaries,词,NOUN,C1
commerce,commerce,商业,NOUN,B2
commercial,business,商业的,ADJ,B2
commercial,commercial,商业的,ADJ,B2
commercial (noun),commercial,词,NOUN,B2
commercial center,commercial center,商业中心,NOUN,C1
commercialization,commercialization,词,NOUN,C1
commettre un crime,to commit a crime,犯罪,VERB,B2
commiserate,commiserate,词,VERB,C1
commission,commission,委员会,NOUN,B2
commitments,commitments,词,NOUN,C1
committee member,committee member,委员,NOUN,C1
committees,committees,词,NOUN,C1
commodatum,commodatum,词,NOUN,C1
commode,convenient,方便的,ADJ,B2
commodification,commodification,词,NOUN,C1
common good,common good,词,NOUN,B2
common saying,common saying,俗话,NOUN,B2
common sense,common sense,常识,NOUN,B2
common shared,common shared,词,ADJ,B1
commonplace,commonplace,词,ADJ,C1
commotion,commotion,骚动,NOUN,B2
communal work,communal work,词,NOUN,C1
communautarization,communautarization,社群化,NOUN,B2
communes,communes,词,NOUN,C1
communication,communication,沟通,NOUN,B2
communicativeness,communicativeness,词,NOUN,C1
communion rail,communion rail,词,NOUN,B2
communiquer,to communicate,交流,VERB,B2
communiqué,communique,公报,NOUN,B2
communist (adj),communist,共产主义的,ADJ,B2
communiste,communist,شيوعي,ADJ,B2
communitarian,communitarian,词,ADJ,C1
commuter,commuter,词,NOUN,A2
compact,compact,紧凑的,ADJ,B2
compact disc,compact disc,光盘,NOUN,B1
compactness,compactness,词,NOUN,C1
compagnon,fellow,家伙,NOUN,B2
compagnonnage,companionship,陪伴,NOUN,B2
comparability,comparability,词,NOUN,C1
comparable,comparable,可比较的,ADJ,B2
comparative,comparative,比较的,ADJ,B2
comparative weighing,comparative weighing,词,NOUN,C1
compared to than,compared to than,比,ADP,A1
compartmental,compartmental,词,ADJ,C1
compassion,compassion,同情,NOUN,B2
compassion sympathy,compassion sympathy,同情/怜悯,NOUN,B2
compatibilité,compatibility,兼容性,NOUN,B2
compatible,compatible,词,ADJ,C1
compatissant,compassionate,有同情心的,ADJ,B2
compelling,compelling,词,ADJ,C1
compendious,compendious,词,ADJ,B2
compendium,compendium,纲要,NOUN,B2
compenser,to make up for,弥补,VERB,B2
competencies,competencies,词,NOUN,B2
competing,competing,词,ADJ,C1
competition bastard,competition bastard,,NOUN,B2
competitive exam,competitive exam,词,NOUN,B2
compilation,compilation,汇编,NOUN,B2
complacency,complacency,词,NOUN,B2
complaints,complaints,词,NOUN,C1
complet,complete,完整的,ADJ,B2
complete (noun),complete,具,NOUN,C1
complete idiot,complete idiot,词,NOUN,C1
complete works,complete works,全集,NOUN,B2
completed-action particle,completed-action particle,了,PART,A1
completeness,completeness,completeness,NOUN,B2
completion ceremony,completion ceremony,竣工仪式,NOUN,C1
complex,complex,建筑群,NOUN,B2
complexe,complex,复杂的,ADJ,B2
complication,complication,周折,NOUN,B2
complications,complications,词,NOUN,C1
complice,complicit,共谋的,ADJ,B2
complice,accomplice,同谋,NOUN,B2
compliment,compliment,称赞,NOUN,B2
comploter,to collude,勾结,VERB,B2
complémentaire,complementary,互补的,ADJ,B2
composable,composable,可组合的,ADJ,B2
composition,composition,作文,NOUN,B2
compositional,compositional,词,ADJ,C1
compostable,compostable,可堆肥的,ADJ,B2
composé,composed,稳重的,ADJ,B2
composé,compound,复合性,ADJ,B2
compound,compound,化合物,NOUN,B2
compound fertilizer,compound fertilizer,复合肥,NOUN,C1
comprehensibility,comprehensibility,词,NOUN,C1
comprendre,to comprehend,理解,VERB,B2
compressed,compressed,词,ADJ,C1
compressibility,compressibility,词,NOUN,C1
compressible,compressible,词,ADJ,C1
comprise,comprise,词,VERB,C1
compromis social,social compromise,社会妥协,NOUN,B2
compréhension,comprehension,理解,NOUN,B2
compter comme,to count as,算,VERB,B2
compulsif,compulsive,强迫性的,ADJ,B2
compulsion,compulsion,词,NOUN,C1
compulsiveness,compulsiveness,强迫性,NOUN,B2
compunction,compunction,词,NOUN,B2
compurgation oath,compurgation oath,词,NOUN,C1
computability,computability,词,NOUN,C1
computer mouse,computer mouse,词,NOUN,B1
computer program,computer program,电脑程序,NOUN,B2
computer science,computer science,词,NOUN,C1
comtesse,countess,女伯爵,NOUN,B2
comté,county,县,NOUN,B2
comète,comet,彗星,NOUN,B2
con artist,con artist,词,NOUN,B1
concatenation,concatenation,词,NOUN,B2
concave,concave,凹的,ADJ,B2
concavity,concavity,词,NOUN,B2
concealed,concealed,词,ADJ,C1
conceit,conceit,词,NOUN,C1
concentrated,concentrated,浓,ADJ,B1
concentration,concentration,专注,NOUN,B2
concentric,concentric,词,ADJ,C1
concept,concept,概念,NOUN,B2
conception,conception,概念,NOUN,B2
concepts,concepts,词,NOUN,C1
conceptual,conceptual,概念的,ADJ,B2
conceptualize,conceptualize,词,VERB,C1
concernant,regarding,关于,ADP,B2
concerner,to concern,涉及,VERB,B2
concerner,to not about,不关,VERB,B2
concerning,concerning,关于,ADP,B2
concerning (adj),concerning,词,ADJ,B2
concerns,concerns,词,NOUN,C1
concert,concert,音乐会,NOUN,B2
concert hall,concert hall,音乐厅,NOUN,C1
concerto,concerto,词,NOUN,C1
concession,concession,让步,NOUN,B2
concessionary,concessionary,让步的,ADJ,B2
concevoir,to devise,设计,VERB,B2
conch,conch,海螺壳,NOUN,B2
concierge,doorman,门卫,NOUN,B2
conciliation,conciliation,词,NOUN,B2
concis,concise,简洁的,ADJ,B2
conciseness,conciseness,简洁,NOUN,B2
concision,concision,简洁,NOUN,C1
conclave,conclave,词,NOUN,B2
conclude treaty,conclude treaty,缔约,VERB,B2
concluding,concluding,推断的,ADJ,B2
conclusion,conclusion,结论,NOUN,B2
conclusion of contract,conclusion of contract,词,NOUN,C1
concord,concord,和谐,NOUN,B2
concordance,concordance,一致,NOUN,B2
concordat,concordat,政教协定,NOUN,B2
concretization,concretization,词,NOUN,C1
concubine,concubine,妾,NOUN,B2
concubine dismissal,concubine dismissal,让妾,NOUN,B2
concupiscence,concupiscence,词,NOUN,B2
concur,concur,词,VERB,C1
concurrence,concurrence,词,NOUN,B2
concussion,concussion,脑震荡,NOUN,B2
condamnation,condemnation,谴责,NOUN,B2
condamner,to convict,定罪,VERB,B2
condemned,condemned,被定罪的,ADJ,B2
condensation,condensation,凝结,NOUN,B2
condenser,condenser,词,NOUN,C1
condenser,to condense,浓缩,VERB,B2
condescending,condescending,屈尊的,ADJ,B2
condition,condition,条件,NOUN,B2
conditioning (adj),conditioning,词,ADJ,B2
conditioning (noun),conditioning,词,NOUN,C1
conditioning adaptation air conditioning,conditioning adaptation air conditioning,词,NOUN,C1
conditionnel,conditional,条件的,ADJ,B2
condoler,to condole,哀悼,VERB,B2
condoléance,condolence,哀悼,NOUN,B2
conducive,conducive,词,ADJ,B2
conduciveness,conduciveness,词,NOUN,C1
conducteur désigné,designated driver,代驾,NOUN,B2
conductor,conductor,词,NOUN,C1
conduire,conduct,行为,NOUN,B2
conduire,to conduct,أجرى,VERB,B2
conduit,conduit,词,NOUN,B2
confederal,confederal,词,ADJ,C1
confederate,confederate,同盟者,NOUN,B2
conference center,conference center,会议中心,NOUN,C1
conference paper,conference paper,会议论文,NOUN,C1
conference talk,conference talk,词,NOUN,C1
conference-based,conference-based,会议的,ADJ,B2
confessional,confessional,宗派的,ADJ,B2
confetti,confetti,词,NOUN,C1
confiance,confidence,信心,NOUN,B2
confiance,reliance,信赖,NOUN,B2
confiant,confident,自信的,ADJ,B2
confidant,confidant,知己,NOUN,B2
confidentialité,secrecy,保密,NOUN,B2
confidentiel,confidential,机密的,ADJ,B2
confiding,confiding,词,NOUN,C1
configuration,configuration,配置,NOUN,B2
configure,configure,词,VERB,C1
configured,configured,词,ADJ,C1
confinement,confinement,禁闭,NOUN,B2
confiner,to lockdown,封城,VERB,B2
confirmation,confirmation,确认,NOUN,B2
confiscation,confiscation,没收,NOUN,B2
conflictual,conflictual,词,ADJ,C1
confluence,confluence,词,NOUN,B2
conform to,conform to,符合,VERB,A2
conforming,conforming,遵从的,ADJ,B2
conformist,conformist,墨守成规者,NOUN,B2
conformist (adj),conformist,词,ADJ,B2
conformity,conformity,词,NOUN,B2
confound,confound,词,VERB,C1
confounded,confounded,该死的,ADJ,B2
confronted,confronted,词,ADJ,B2
confronting,confronting,对峙的,ADJ,B2
confus,confused,困惑的,ADJ,B2
confus,muddled,混乱的,ADJ,B2
confused (adv),confused,词,ADV,B1
confused hesitant,confused hesitant,词,ADJ,A2
confusing,confusing,令人困惑的,ADJ,B2
confusion,confusion,困惑,NOUN,B2
confédération,confederation,邦联,NOUN,B2
conférencier,lecturer,演讲者,NOUN,B2
congeal,congeal,词,VERB,C1
congestion,congestion,拥堵,NOUN,B2
conglomerate,conglomerate,词,NOUN,B2
congratulations,congratulations,恭喜,INTJ,B2
congratulations (noun),congratulations,祝贺,NOUN,B2
congregate,congregate,词,VERB,C1
congressperson,congressperson,词,NOUN,B2
congruence,congruence,词,NOUN,B2
congruent,congruent,一致的,ADJ,B2
congrès,congress,国会,NOUN,B2
congé,see off,送走,NOUN,B2
congé compensateur,compensatory leave,调休,NOUN,B2
conic,conic,圆锥曲线,NOUN,B2
conifer,conifer,针叶树,NOUN,B2
conjecture,conjecture,推测,NOUN,B2
conjoin,conjoin,词,VERB,C1
conjugal,conjugal,词,ADJ,B2
conjunctural,conjunctural,词,ADJ,C1
conjure,to conjure,变魔术,VERB,B2
connaissance claire,clear knowledge,明知,NOUN,B2
connected,connected,连接的,ADJ,B2
connectedness,connectedness,词,NOUN,C1
connecting,connecting,连接的,ADJ,B2
connective,connective,连接的,ADJ,B2
connector,connector,词,NOUN,B2
connivance,connivance,词,NOUN,B2
connive,connive,词,VERB,C1
conniving,conniving,词,ADJ,C1
connotation,connotation,内涵,NOUN,B2
connotative,connotative,内涵的,ADJ,B2
connu,known,已知的,ADJ,B2
connu,well-known,众所周知的,ADJ,B2
conquests,conquests,征服,NOUN,C1
consanguineous,consanguineous,词,ADJ,B2
conscience,conscience,良知,NOUN,B2
conscientious,conscientious,认真的,ADJ,B2
conscientious objection,conscientious objection,良知抗拒,NOUN,B2
conscious,conscious,有意识的,ADJ,B2
consciously,consciously,有意识地,ADV,B2
consciousness,consciousness,意识,NOUN,B2
conscript,conscript,词,NOUN,C1
conscription,conscription,词,NOUN,C1
consecrate,to consecrate,奉献,VERB,B2
consecration,consecration,词,NOUN,C1
consecutive cards,consecutive cards,连牌,NOUN,B2
consecutive falls,consecutive falls,连下,NOUN,C1
conseil,council,委员会,NOUN,B2
conseil,counseling,咨询,NOUN,B2
conseiller,advisor,顾问,NOUN,B2
consensualism,consensualism,词,NOUN,C1
consensus,consensus,共识,NOUN,B2
consequences,consequences,后果,NOUN,B1
consequent,consequent,随之发生的,ADJ,B2
conservation,conservation,保护,NOUN,B2
conservatism,conservatism,词,NOUN,C1
considerable (noun),considerable,不小,NOUN,C1
considerate,considerate,体贴,ADJ,B2
considered,considered,词,ADJ,B1
consignment,consignment,托运,NOUN,B2
consistency,consistency,一致性,NOUN,B2
consistent,consistent,一致的,ADJ,B2
consolation,consolation,安慰,NOUN,B2
console (noun),console,词,NOUN,B2
consolidable,consolidable,词,ADJ,C1
consolidating,consolidating,巩固的,ADJ,B2
consolidation,consolidation,词,NOUN,C1
consonance,consonance,词,NOUN,B2
consort,consort,福晋,NOUN,B2
consortium,consortium,词,NOUN,B2
conspicuous,conspicuous,显著的,ADJ,B2
conspirator,conspirator,词,NOUN,B2
conspiratorial,conspiratorial,阴谋的,ADJ,B2
constable,constable,警官,NOUN,B2
constant,constant,持续的,ADJ,B2
constant (noun),constant,常量,NOUN,B2
constantly,constantly,不断地,ADV,B2
constants,constants,词,NOUN,C1
constative,constative,词,ADJ,C1
constellation,constellation,星座,NOUN,B2
consternation,consternation,词,NOUN,B2
constipation,constipation,便秘,NOUN,B2
constituencies,constituencies,词,NOUN,C1
constituent,constituent,成分,NOUN,B2
constitution,constitution,宪法,NOUN,B2
constitutional amendment,constitutional amendment,词,NOUN,C1
constitutional article,constitutional article,词,NOUN,C1
constitutionality,constitutionality,合宪性,NOUN,B2
constitutionalization,constitutionalization,词,NOUN,B2
constitutive,constitutive,构成的,ADJ,B2
constraints,constraints,词,NOUN,C1
constrict,constrict,词,VERB,C1
construct,to construct,建造,VERB,B2
construction,construction,建造,NOUN,B2
constructive,constructive,建设性的,ADJ,B2
constructiveness,constructiveness,词,NOUN,C1
constructivism,constructivism,建构主义,NOUN,B2
construe,construe,词,VERB,C1
consul,consul,领事,NOUN,B2
consult reference,to consult reference,参考,VERB,B2
consultant,consultant,顾问,NOUN,B2
consultations,consultations,磋商,NOUN,C1
consultative,consultative,咨询的,ADJ,B2
consulter,to look up,查阅,VERB,B2
consummate,consummate,熟练的,ADJ,B2
consummation,consummation,词,NOUN,B2
consumptive,consumptive,消费的,ADJ,B2
contact,contact,联系,NOUN,B2
contact person,contact person,联系人,NOUN,B2
contacts,contacts,人脉,NOUN,B2
contactual,contactual,接触的,ADJ,B2
contagion,contagion,词,NOUN,B2
containment,containment,词,NOUN,C1
contaminating,contaminating,污染的,ADJ,B2
conte de fées,fairy tale,童话,NOUN,B2
contemn,contemn,蔑视,VERB,C1
contemplation,contemplation,沉思,NOUN,B2
contemplative,contemplative,沉思的,ADJ,B2
contemporaneity,contemporaneity,词,NOUN,C1
contemporary (noun),contemporary,当代,NOUN,B1
contender,contender,词,NOUN,B2
content (adj),content,词,ADJ,B2
contentious,contentious,有争议的,ADJ,B2
contents,contents,内有,NOUN,B2
contest,contest,比赛,NOUN,B2
contestable,contestable,可质疑的,ADJ,B2
contestable,questionable,可疑的,ADJ,B2
contested,contested,有争议的,ADJ,B2
contesté,disputed,有争议的,ADJ,B2
contexte,context,上下文,NOUN,B2
contextuality,contextuality,语境性,NOUN,C1
contextualization,contextualization,词,NOUN,C1
contextuel,contextual,语境的,ADJ,B2
contiguity,contiguity,词,NOUN,B2
contiguous,contiguous,相邻的,ADJ,B2
continence,continence,词,NOUN,B2
continent,continent,大陆,NOUN,B2
continent,mainland,大陆,NOUN,B2
continental,continental,词,ADJ,B2
contingent,contingent,偶然的,ADJ,B2
continual,continual,持续的,ADJ,B2
continued,continued,持续的,ADJ,B2
continuously,continuously,一直,ADV,A1
contort,contort,词,VERB,C1
contortion,contortion,词,NOUN,B2
contour,contour,词,NOUN,B2
contraband,contraband,违禁品,NOUN,B2
contracted,contracted,词,ADJ,B2
contracting,contracting,词,NOUN,C1
contraction,contraction,收缩,NOUN,C1
contractor,contractor,词,NOUN,B1
contractual,contractual,合同的,ADJ,B2
contractual nature,contractual nature,词,NOUN,C1
contractuality,contractuality,词,NOUN,C1
contractualization,contractualization,契约化,NOUN,B2
contradiction,contradiction,矛盾,NOUN,B2
contradictoriness,contradictoriness,词,NOUN,C1
contraindicate,contraindicate,词,VERB,C1
contrainte,coercion,胁迫,NOUN,B2
contraire,contrary,反而,NOUN,B2
contrary (adj),contrary,词,ADJ,C1
contrary to expectations,contrary to expectations,偏偏,ADV,B2
contrastive,contrastive,词,ADJ,C1
contre-attaque,counterattack,反击,NOUN,B2
contre-compétence,counter-skill,反技,NOUN,B2
contre-forme,counter-form,反式,NOUN,B2
contre-logique,counter-logic,反逻,NOUN,B2
contre-matière,counter-matter,反物,NOUN,B2
contre-modèle,counter-model,反模,NOUN,B2
contre-mécanisme,counter-mechanism,反机,NOUN,B2
contre-observation,counter-observation,反察,NOUN,B2
contre-qualité,counter-quality,反质,NOUN,B2
contre-semelle,counter-sole,反唯,NOUN,B2
contre-structure,counter-structure,反结,NOUN,B2
contre-système,counter-system,反系,NOUN,B2
contre-technique,counter-technique,反术,NOUN,B2
contre-tendance,counter-trend,反势,NOUN,B2
contre-type,counter-type,反型,NOUN,B2
contre-voie,counter-route,反途,NOUN,B2
contrefait,counterfeit,假冒,ADJ,B2
contrefaçon,forgery,伪造品,NOUN,B2
contributions,contributions,词,NOUN,C1
contrite,contrite,词,ADJ,B2
contrition,contrition,悔罪,NOUN,B2
contrive,contrive,词,VERB,C1
controllability,controllability,词,NOUN,C1
controllable,controllable,可控制的,ADJ,B2
controller,controller,词,NOUN,C1
controlling,controlling,词,ADJ,C1
contusion,contusion,词,NOUN,B2
contusion trauma,contusion trauma,挫伤 / 外伤,NOUN,C1
convaincu,convinced,确信的,ADJ,B2
convalesce,convalesce,词,VERB,B2
convalescence,convalescence,词,NOUN,C1
convalescent,convalescent,词,ADJ,B2
convenant,convenant,词,NOUN,C1
convenience,convenience,词,NOUN,B2
convenience store,convenience store,便利店,NOUN,C1
convening,convening,召集,NOUN,C1
convent,convent,词,NOUN,B2
convention,convention,惯例,NOUN,B2
conventionality,conventionality,词,NOUN,C1
convergence,convergence,汇聚,NOUN,B2
convergent,convergent,词,ADJ,C1
converger,to converge,汇聚,VERB,B2
conversation,conversation,对话,NOUN,B2
conversation technique,conversation technique,词,NOUN,C1
conversion,conversion,转换,NOUN,B2
conversional,conversional,转换的,ADJ,B2
convert (noun),convert,词,NOUN,B2
convertibility,convertibility,可兑换性,NOUN,B2
convertible,convertible,可兑换的,ADJ,B2
convex,convex,词,ADJ,B2
convexity,convexity,词,NOUN,B2
conveyance,conveyance,词,NOUN,C1
convict (adj),convict,词,ADJ,B2
convict (noun),convict,词,NOUN,C1
convicted,convicted,被判罪的,ADJ,B2
conviviality,conviviality,温馨,NOUN,B2
convoke,convoke,词,VERB,C1
convoluted,convoluted,词,ADJ,B2
convolutional,convolutional,卷积的,ADJ,B2
convulse,convulse,词,VERB,C1
convulsion,convulsion,抽搐,NOUN,B2
convulsive,convulsive,词,ADJ,B2
cookbook,cookbook,词,NOUN,C1
cooking wine,cooking wine,料酒,NOUN,B2
cool-headed,cool-headed,冷静的,ADJ,B2
cooler,cooler,词,ADJ,C1
cooler coolant,cooler coolant,冷却器 / 冷却液,NOUN,C1
coop,coop,词,VERB,C1
cooperative (adj),cooperative,词,ADJ,C1
cooperative (noun),cooperative,词,NOUN,B1
coordinated,coordinated,词,ADJ,C1
coordinates,coordinates,词,NOUN,C1
coordination,coordination,词,NOUN,B2
coordonnée,coordinate,坐标,NOUN,B2
copain,buddy,伙伴,NOUN,B2
cope with,cope with,应对,VERB,B2
copious,copious,丰富的,ADJ,B2
coproduction,coproduction,联合制作,NOUN,B2
coquettish,coquettish,词,ADJ,C1
coquin,scoundrel,恶棍,NOUN,B2
corail,coral,珊瑚,NOUN,B2
coral (adj),coral,词,ADJ,C1
coral reef,coral reef,珊瑚礁,NOUN,B2
corbeau,crow,乌鸦,NOUN,B2
cord,cord,绳索,NOUN,B2
cordial,cordial,词,ADJ,B2
cordiality,cordiality,词,NOUN,C1
cordoning,cordoning,词,NOUN,C1
core course,core course,核心课,NOUN,B2
coriander,coriander,词,NOUN,B2
cornea,cornea,角膜,NOUN,B2
corniche,corniche,词,NOUN,C1
corporate,corporate,公司的,ADJ,B2
corporation,corporation,公司,NOUN,B2
corporeal,corporeal,词,ADJ,B2
corpse alike,corpse alike,尸体/相似的,NOUN,B2
corpulent,corpulent,词,ADJ,B2
corpuscle,corpuscle,词,NOUN,C1
correct,correct,正确的,ADJ,B2
correct deviation,correct deviation,纠偏,VERB,C1
correct errors,correct errors,纠错,VERB,C1
correction,correction,纠正,NOUN,B2
corrections,corrections,刑事司法,NOUN,B2
correctness,correctness,正确性,NOUN,B2
correlate,correlate,词,VERB,C1
correlative,correlative,词,ADJ,B2
correspondence course,correspondence course,函授,NOUN,C1
correspondents,correspondents,词,NOUN,C1
corridors,corridors,词,NOUN,C1
corrigible,corrigible,可改正的,ADJ,B2
corroboration,corroboration,证实,NOUN,B2
corrosion,corrosion,腐蚀,NOUN,B2
corrosive,corrosive,腐蚀性的,ADJ,B2
corrupted,corrupted,,NOUN,B2
corruptibility,corruptibility,词,NOUN,C1
corruption,corruption,腐败,NOUN,B2
cortical,cortical,皮层的,ADJ,C1
cosmetics,cosmetics,化妆品,NOUN,B2
cosmos,cosmos,词,NOUN,C1
costs,costs,费用,NOUN,B2
costumbrism,costumbrism,词,NOUN,B2
costume,costume,戏服,NOUN,B2
costumes,costumes,词,NOUN,B2
cosy,cosy,舒适的,ADJ,B2
cosy,cozy,舒适的,ADJ,B2
cottage,cottage,小屋,NOUN,B2
cotton cloth,cotton cloth,棉布,NOUN,C1
couard,coward,懦夫,NOUN,B2
couch,couch,词,NOUN,B1
couche,diaper,尿布,NOUN,B2
couette,quilt,被子,NOUN,B2
could,could,词,AUX,A1
could it be,could it be,难不成,ADJ,B2
could it be that,could it be that,难道,ADV,A2
couloir,hallway,走廊,NOUN,B2
council-related,council-related,词,ADJ,C1
councilor,councilor,市议员,NOUN,B2
councils,councils,委员会,NOUN,C1
counsel,counsel,词,NOUN,B2
counselor,counselor,词,NOUN,C1
countability,countability,屈指可数,NOUN,B2
countenance,countenance,面容,NOUN,B2
counter-argument,counter-argument,反辩,NOUN,B2
counter-art,counter-art,反艺,NOUN,C1
counter-belief,counter-belief,反信,NOUN,B2
counter-body,counter-body,反体,NOUN,C1
counter-boundary,counter-boundary,反界,NOUN,B2
counter-cause,counter-cause,反因,NOUN,C1
counter-class,counter-class,反类,NOUN,C1
counter-criterion,counter-criterion,反准,NOUN,C1
counter-domain,counter-domain,反畴,NOUN,B2
counter-evidence,counter-evidence,反据,NOUN,B2
counter-grade,counter-grade,反级,NOUN,C1
counter-image,counter-image,反象,NOUN,B2
counter-layer,counter-layer,反层,NOUN,B2
counter-level,counter-level,反阶,NOUN,C1
counter-limit,counter-limit,反限,NOUN,B2
counter-number,counter-number,反数,NOUN,C1
counter-path,counter-path,反径,NOUN,C1
counter-price,counter-price,反价,NOUN,C1
counter-process,counter-process,反程,NOUN,C1
counter-quantity,counter-quantity,反量,NOUN,B2
counter-segment,counter-segment,反段,NOUN,B2
counter-standard,counter-standard,反标,NOUN,C1
counter-step,counter-step,反步,NOUN,C1
counter-strategy,counter-strategy,反略,NOUN,C1
counter-thought,counter-thought,反想,NOUN,C1
counter-trace,counter-trace,反迹,NOUN,C1
counter-track,counter-track,反轨,NOUN,C1
counter-value,counter-value,反值,NOUN,C1
counter-work,counter-work,反工,NOUN,C1
counteract,counteract,词,VERB,C1
counterbalance,counterbalance,词,VERB,C1
counterclaim,counterclaim,反诉,VERB,C1
countercurrent,countercurrent,逆流,NOUN,B2
counterfactual,counterfactual,反实,NOUN,C1
countermand,countermand,词,VERB,C1
countermeasure,countermeasure,反制,NOUN,C1
counterproductive,counterproductive,适得其反的,ADJ,B2
counterproductivity,counterproductivity,适得其反,NOUN,B2
counterweight,counterweight,词,NOUN,B2
country land,country land,词,NOUN,A1
county magistrate,county magistrate,县长,NOUN,C1
county road,county road,县道,NOUN,B2
coup,coup,政变,NOUN,B2
coup,hit,击中,NOUN,B2
coup,stroke,中风,NOUN,B2
coup de poing,punch,拳击,NOUN,B2
coupe à vin,wine cup,这酒盏,NOUN,B2
coupe-vent,windproof,挡风的,ADJ,B2
couper,to cut off,切断,VERB,B2
couple,couple,一对,NOUN,B2
couple marié,a married couple,夫妇,NOUN,B2
couple pair,couple pair,一对,NOUN,B2
couplet,couplet,对联,NOUN,B2
cour intérieure,inner court,朝内,NOUN,B2
courage,courage,勇气,NOUN,B2
courageous,courageous,勇敢的,ADJ,B2
courant,current,电流,NOUN,B2
courant dominant,mainstream,主流,NOUN,B2
courbure,bend,弯道,NOUN,B2
courriel,email,电子邮件,NOUN,B2
court and country,court and country,朝野,NOUN,C1
court case,court case,诉讼,NOUN,B2
court costs,court costs,词,NOUN,C1
court fee,court fee,诉讼费,NOUN,B2
court hearing,court hearing,庭审,NOUN,C1
courtage,brokerage,经纪业,NOUN,B2
courtier,courtier,词,NOUN,B2
courtly,courtly,词,ADJ,B2
courtyard guard,courtyard guard,护院,NOUN,B2
couscous,couscous,词,NOUN,A1
couscous steamer,couscous steamer,古斯古斯蒸锅,NOUN,B1
cousin,cousin,表亲,NOUN,B2
cousin female,cousin female,词,NOUN,B2
coussin,pad,垫,NOUN,B2
coutumier,customary,习惯的,ADJ,B2
couvert,overcast,阴天的,ADJ,B2
couverture,blanket,毯子,NOUN,B2
couverture,coverage,报道,NOUN,B2
cove,cove,小海湾,NOUN,B2
cover a shift,cover a shift,替班,VERB,B2
cover blanket,cover blanket,覆盖物,NOUN,B2
cover-up,cover-up,词,NOUN,C1
coward (adj),coward,词,ADJ,A2
cower,cower,词,VERB,C1
coworker,coworker,同事,NOUN,B2
cowpeas,cowpeas,词,NOUN,B2
coïncider,to coincide,同时发生,VERB,B2
crackdown,crackdown,词,NOUN,C1
cracker,cracker,饼干,NOUN,B2
cracking,cracking,词,NOUN,B2
cradle,cradle,摇篮,NOUN,B2
crafty,crafty,狡猾,ADJ,B2
cramp,cramp,抽筋,NOUN,B2
cramped,cramped,词,ADJ,C1
cranberry,cranberry,蔓越莓,NOUN,C1
crank,crank,词,NOUN,C1
crap,crap,屎,NOUN,B2
crash bang,crash bang,词,NOUN,C1
crass,crass,词,ADJ,B2
craving,craving,渴求,NOUN,B2
crayon,crayon,词,NOUN,C1
creak (noun),creak,词,NOUN,B2
creamy,creamy,词,ADJ,C1
crease,crease,词,NOUN,C1
credentials,credentials,国书,NOUN,B2
credible,credible,词,ADJ,C1
creditor's rights,creditor's rights,债权,NOUN,B2
credulous,credulous,词,ADJ,B2
creep,creep,令人厌恶的人,NOUN,B2
creep (verb),creep,词,VERB,B2
creepy,creepy,令人毛骨悚然的,ADJ,B2
cremate,cremate,词,VERB,C1
cremation,cremation,火化,NOUN,B2
crenelate,crenelate,词,VERB,C1
crescendo,crescendo,词,NOUN,C1
crescent,crescent,crescent,NOUN,B2
creusement,digging,挖掘,NOUN,B2
creux,hollow,洼地,NOUN,B2
crevaison,puncture,穿刺,NOUN,B2
crib,crib,词,NOUN,C1
crick,crick,词,NOUN,C1
cricket,cricket,板球,NOUN,B2
crier,scream,尖叫,NOUN,B2
crier,to scream,尖叫,VERB,B2
crime,crime,犯罪,NOUN,B2
crime,felony,重罪,NOUN,B2
crime occur,crime occur,案发,VERB,B2
crime rate,crime rate,词,NOUN,B2
criminal (adj),criminal,刑事,ADJ,C1
criminal law,criminal law,刑法,NOUN,B2
criminal lawyer,criminal lawyer,词,NOUN,B2
criminal record,criminal record,词,NOUN,B2
criminalization,criminalization,词,NOUN,C1
criminel,criminal,罪犯,NOUN,B2
crimson,crimson,词,ADJ,C1
cringe,cringe,词,VERB,C1
crinkle,crinkle,词,VERB,C1
cripple,cripple,词,VERB,C1
crisis deepening,crisis deepening,词,NOUN,C1
crisis of conscience,crisis of conscience,词,NOUN,C1
crisis situation,crisis situation,危机局势,NOUN,B2
crisis-ridden,crisis-ridden,词,ADJ,C1
crisp,crisp,词,ADJ,C1
criticité,criticality,临界性,NOUN,B2
criticizable,criticizable,词,ADJ,B2
critique,critical,关键的,ADJ,B2
critique,critic,评论家,NOUN,B2
critique,critique,词,NOUN,C1
crochet,crochet,钩针编织,NOUN,B2
crocodile,crocodile,词,NOUN,A1
croire,to can't believe,不敢相信,VERB,B2
cronyism,cronyism,词,NOUN,C1
crook,crook,骗子,NOUN,B2
cross-cultural exchange,cross-cultural exchange,词,NOUN,C1
crossbow,crossbow,弓弩,NOUN,C1
crossing the border,crossing the border,越境,NOUN,B2
crosstalk,crosstalk,相声,NOUN,B2
crosswalk,crosswalk,斑马线,NOUN,B2
crosswise,crosswise,词,ADJ,C1
crouch (noun),crouch,词,NOUN,B2
croup,croup,词,NOUN,C1
crowbar,crowbar,词,NOUN,B2
crowded,crowded,拥挤,ADJ,B2
crowdfunding,crowdfunding,众筹,NOUN,B2
crowdsourcing,crowdsourcing,众包,NOUN,C1
croyance,belief,信念,NOUN,B2
crucial,crucial,至关重要的,ADJ,B2
crucible,crucible,词,NOUN,B2
crucifixion,crucifixion,词,NOUN,C1
crucify,crucify,词,VERB,C1
crude,crude,简陋,ADJ,B2
crude oil,crude oil,原油,NOUN,B2
cruel,cruel,残忍的,ADJ,B2
cruelty harshness,cruelty harshness,词,NOUN,B2
crumbs,crumbs,词,NOUN,B2
crunching,crunching,词,NOUN,C1
crunchy,crunchy,脆的,ADJ,B1
crushing,crushing,词,NOUN,B2
crustacé,crustacean,甲壳类动物,NOUN,B2
crusty,crusty,词,ADJ,B2
cry weep,cry weep,词,VERB,A1
crying shouting,crying shouting,词,NOUN,B1
cryptocurrency,cryptocurrency,加密货币,NOUN,C1
crystal clear,crystal clear,清澈的,ADJ,B2
crystal glass,crystal glass,词,NOUN,B1
crystalline,crystalline,水晶般的,ADJ,B2
crystallization,crystallization,词,NOUN,C1
crystallize,crystallize,词,VERB,C1
crâne,skull,头骨,NOUN,B2
crème glacée,ice cream,冰淇淋,NOUN,B2
créance,creditor's right,债权,NOUN,B2
crédit,credit,信用,NOUN,B2
crépiter,to crackle,噼啪作响,VERB,B2
cube,cube,立方体,NOUN,B2
cubit,cubit,词,NOUN,B2
cuckold,cuckold,词,VERB,C1
cudgel,cudgel,棍棒,NOUN,B2
cue,cue,词,NOUN,B2
cuff,cuff,词,NOUN,C1
cuire à la vapeur,steam,蒸汽,NOUN,B2
cuire à la vapeur,to steam,蒸,VERB,B2
cuisine,cuisine,词,NOUN,C1
cull,cull,词,VERB,C1
culmination,culmination,词,NOUN,B2
culotte,underpants,内裤,NOUN,B2
culprit,culprit,谁让,NOUN,C1
cult,cult,邪教,NOUN,B2
cultivation,cultivation,培养,NOUN,B2
cultural center,cultural center,文化馆,NOUN,C1
cultural encounter,cultural encounter,文化交汇,NOUN,B2
cultural heritage,cultural heritage,文化遗产,NOUN,B2
culturalism,culturalism,词,NOUN,C1
culture,culture,文化,NOUN,B2
culture of greed,culture of greed,贪得无厌文化,NOUN,B2
cultured,cultured,词,ADJ,B2
cumber,cumber,词,VERB,C1
cumbersome,cumbersome,笨重的,ADJ,B2
cumin,cumin,词,NOUN,B1
cumulative,cumulative,词,ADJ,B2
cunning,cunning,狡猾的,ADJ,B2
cunning shrewdness,cunning shrewdness,词,NOUN,B2
cupboard wardrobe,cupboard wardrobe,词,NOUN,A2
cupola,cupola,词,NOUN,C1
cupping,cupping,词,NOUN,B1
curable,curable,有解,NOUN,C1
curate,curate,词,VERB,C1
curator,curator,策展人,NOUN,B2
curbing,curbing,遏制,NOUN,B2
curd,curd,词,NOUN,B2
curdle,curdle,词,VERB,C1
curdled milk,curdled milk,词,NOUN,A2
cure (noun),cure,给治好,NOUN,C1
curfew,curfew,宵禁,NOUN,B2
curiosité,curiosity,好奇心,NOUN,B2
currency exchange,currency exchange,词,NOUN,B2
current times,current times,词,NOUN,B2
curriculum vitae,curriculum vitae,词,NOUN,B2
curry,curry,词,NOUN,B2
cursing,cursing,骂人,NOUN,C1
curvature,curvature,词,NOUN,B2
curved,curved,词,ADJ,B2
cusp,cusp,词,NOUN,B2
custodian,custodian,词,NOUN,B2
customary law,customary law,词,NOUN,C1
customer orientation,customer orientation,客户导向,NOUN,B2
customer service,customer service,客户服务,NOUN,B2
customization,customization,词,NOUN,C1
customs (adj),customs,词,ADJ,C1
cut off,cut off,割下,NOUN,B2
cutting grass,cutting grass,斩草,NOUN,B2
cuttlefish,cuttlefish,词,NOUN,B2
cyber,cyber,网络的,ADJ,B2
cybernetics,cybernetics,词,NOUN,C1
cyborg,cyborg,词,NOUN,C1
cycle path,cycle path,自行车道,NOUN,B2
cycliser,cycle,循环,NOUN,B2
cycliser,to cycle,骑自行车,VERB,B2
cyclone,cyclone,气旋,NOUN,B2
cykel,cykel,自行车,NOUN,B2
cymbale,cymbal,钹,NOUN,B2
cynicism,cynicism,犬儒主义,NOUN,B2
czech,czech,捷克的,ADJ,B2
céphalée,headache,头痛,NOUN,B2
cérémonie de clôture,closing ceremony,闭幕仪式,NOUN,B2
cérémonie de dévoilement,unveiling ceremony,揭幕仪式,NOUN,B2
côté,beside next to,旁边,NOUN,B2
côté gauche,left side,左侧,NOUN,B2
cœur rebelle,rebellious heart,反心,NOUN,B2
d'abord,first,首先,ADV,B2
dab,dab,词,VERB,C1
dabble,dabble,词,VERB,C1
dachshund,dachshund,词,NOUN,A1
dad father,dad father,爸爸,NOUN,A1
dadaism,dadaism,词,NOUN,C1
daddy,daddy,爸爸,NOUN,B2
daft,daft,傻的,ADJ,B2
daglig,daglig,词,ADJ,C1
daily (noun),daily,词,NOUN,B2
daily necessities,daily necessities,日用品,NOUN,B1
daily wage,daily wage,词,NOUN,C1
dal,dal,山谷,NOUN,B2
dally,dally,词,VERB,C1
damageable,damageable,易损的,ADJ,B2
damask,damask,词,NOUN,B2
damm,damm,池塘,NOUN,B2
damn,damn,该死,INTJ,B2
damn (adv),damn,该死的,ADV,B2
damned,damned,词,ADJ,B2
damping,damping,词,NOUN,C1
dance (noun),dance,舞蹈,NOUN,A2
dance floor,dance floor,舞池,NOUN,B2
dandle,dandle,词,VERB,C1
dandruff,dandruff,词,NOUN,B2
danger,danger,危险,NOUN,B2
dangereux,dangerous,危险的,ADJ,B2
dangerousness,dangerousness,危险性,NOUN,B2
dangle,dangle,词,VERB,C1
danish,danish,丹麦的,ADJ,B2
danmei,danmei,但没,NOUN,B2
dans,within,在……之内,ADP,B2
dans,dans,舞蹈,NOUN,B2
dans le ciel,in the sky,天上,NOUN,B2
dans le vent,in wind,临风,NOUN,B2
dans quelle mesure,what extent,在何种程度上,ADV,B2
danser,dance,舞蹈,NOUN,B2
danser,to dance,跳舞,VERB,B2
danseur,dancer,舞者,NOUN,B2
dapper,dapper,整洁的,ADJ,B2
darbuka,darbuka,词,NOUN,C1
dare (noun),dare,我敢说,NOUN,C1
dare gamble,dare gamble,敢赌,NOUN,B2
dare not,dare not,不敢,VERB,B2
dare to ruin,dare to ruin,敢坏,NOUN,C1
daring,daring,词,ADJ,B2
daring bold,daring bold,词,ADJ,B2
dark blue,dark blue,词,ADJ,A1
dark depths,dark depths,词,NOUN,C1
dark-colored,dark-colored,词,ADJ,A2
darkness of night,darkness of night,词,NOUN,C1
darn,darn,哎呀,INTJ,B2
darn (adj),darn,词,ADJ,B1
darn (verb),darn,词,VERB,B2
dart (noun),dart,词,NOUN,B2
dart (verb),dart,词,VERB,C1
dash (noun),dash,点跑,NOUN,C1
dash (verb),dash,词,VERB,C1
dashing (adj),dashing,潇洒,ADJ,B2
dashing (noun),dashing,风流倜傥,NOUN,C1
data leak,data leak,词,NOUN,C1
data processing,data processing,数据处理,NOUN,B2
data protection,data protection,数据保护,NOUN,B2
databas,databas,数据库,NOUN,B2
date,date,日期,NOUN,B2
date fruit,date fruit,椰枣,NOUN,B2
date history,date history,词,NOUN,A2
dates,dates,词,NOUN,A2
dator,dator,电脑,NOUN,B2
datum,datum,日期,NOUN,B2
daub,daub,词,VERB,C1
daughter-in-law,daughter-in-law,媳妇,NOUN,C1
dawning,dawning,破晓,NOUN,B2
day after day,day after day,日复一日,ADV,B2
day after tomorrow,day after tomorrow,后天,NOUN,B2
day by day,day by day,日日,ADV,B2
day off,day off,词,NOUN,B2
day out,day out,一日游,NOUN,B2
day school,day school,词,NOUN,C1
day sun,day sun,日,NOUN,B2
daybreak,daybreak,拂晓,NOUN,C1
daydream (noun),daydream,词,NOUN,C1
daydreaming,daydreaming,词,NOUN,C1
daylight,daylight,日光,NOUN,B2
daytime,daytime,白天,NOUN,C1
daze (noun),daze,别愣,NOUN,C1
dazed,dazed,词,ADJ,C1
dazed one,dazed one,词,NOUN,B2
dazzled,dazzled,词,ADJ,C1
de,from,来自,ADP,B2
de cette façon,that way,那样,PRON,B2
de côté,aside,在旁边,ADV,B2
de facto,de facto,词,ADJ,C1
de force,forcibly,强制地,ADV,B2
de nos jours,nowadays,如今,ADV,B2
de plus en plus,increasingly,越来越,ADV,B2
de préférence,preferably,更愿意,ADV,B2
de-escalation,de-escalation,词,NOUN,C1
dead body,dead body,尸体,NOUN,C1
dead person,dead person,词,NOUN,B1
deaden,deaden,词,VERB,C1
deadlock,deadlock,词,NOUN,C1
deadly,deadly,致命的,ADJ,B2
deadly (adv),deadly,致命地,ADV,B2
deaf person,deaf person,词,NOUN,B2
deafening,deafening,词,ADJ,C1
deafness,deafness,听不,NOUN,C1
deals,deals,词,NOUN,C1
deanship,deanship,词,NOUN,C1
dear,dear,,NOUN,B2
dearest,dearest,最爱的人,NOUN,B2
death,death,致死,ADV,B2
death anniversary,death anniversary,忌日,NOUN,B2
death news,death news,死讯,NOUN,B2
death rattle,death rattle,词,NOUN,C1
death trap,death trap,死地,NOUN,B2
death warrior,death warrior,死士,NOUN,C1
deaths,deaths,词,NOUN,C1
debasement,debasement,词,NOUN,C1
debauch,debauch,词,VERB,C1
debilitate,debilitate,词,VERB,C1
debility,debility,虚弱,NOUN,C1
debit,debit,词,VERB,C1
debout,standing,站立的,ADJ,B2
debrief,debrief,词,VERB,C1
debris rubble,debris rubble,词,NOUN,C1
debug,debug,词,VERB,C1
debunk,debunk,词,VERB,C1
debut,debut,初次登台,NOUN,B2
decade,decade,十年,NOUN,B2
decal,decal,贴花,NOUN,B2
decalogue,decalogue,词,NOUN,B2
decamp,decamp,词,VERB,C1
decapitate,decapitate,词,VERB,C1
decay,decay,词,VERB,C1
decease,decease,词,NOUN,C1
deceased (adj),deceased,已故的,ADJ,B2
deceived,deceived,词,ADJ,A2
decelerate,decelerate,词,VERB,C1
decentralized,decentralized,词,ADJ,C1
deceptive,deceptive,欺骗性的,ADJ,B2
decibel,decibel,分贝,NOUN,B2
decimal,decimal,小数,NOUN,B2
decimal (adj),decimal,词,ADJ,C1
decision-making,decision-making,决策,NOUN,B2
decisiveness,decisiveness,决断,NOUN,B2
deck,deck,词,NOUN,B1
deck tire,deck tire,甲板/轮胎,NOUN,B2
declamatory style,declamatory style,词,NOUN,C1
declarant,declarant,词,NOUN,B2
declarative,declarative,词,ADJ,C1
declare war,declare war,宣战,VERB,B2
declinable,declinable,可变格的,ADJ,B2
decline setting,decline setting,词,NOUN,C1
decoding,decoding,词,NOUN,B2
decommission,decommission,词,VERB,C1
decomposed,decomposed,词,ADJ,C1
decomposition,decomposition,词,NOUN,C1
decomposition degradation,decomposition degradation,分解 / 降解,NOUN,C1
deconcentration,deconcentration,词,NOUN,C1
deconsecrate,deconsecrate,词,VERB,C1
deconstructionist,deconstructionist,词,ADJ,C1
decontaminate,decontaminate,词,VERB,C1
decorated,decorated,词,ADJ,B1
decorous,decorous,词,ADJ,B2
decorous modesty,decorous modesty,词,NOUN,C1
decorum,decorum,礼仪,NOUN,B2
decoy,decoy,词,NOUN,C1
decreasing,decreasing,词,ADJ,B2
decrepit,decrepit,词,ADJ,B2
deduct points,deduct points,扣分,VERB,C1
deductions,deductions,词,NOUN,C1
deductive,deductive,词,ADJ,C1
deem,deem,词,VERB,C1
deep darkness,deep darkness,词,NOUN,C1
deep love,deep love,深爱,NOUN,C1
deep measure,deep measure,丈深,NOUN,C1
deep sea technology,deep sea technology,深海技术,NOUN,C1
deep thought,deep thought,思深沉,NOUN,C1
deep-frying,deep-frying,干炸,NOUN,B2
deep-rooted,deep-rooted,词,ADJ,B2
deeply,deeply,深深地,ADV,B2
deeply learned,deeply learned,学识渊博的,ADJ,C1
deer,deer,鹿,NOUN,B2
deface,deface,词,VERB,C1
defamiliarization,defamiliarization,词,NOUN,C1
defeated general,defeated general,败将,NOUN,B2
defeated soldier,defeated soldier,败兵,NOUN,B2
defeatist,defeatist,词,ADJ,C1
defection,defection,词,NOUN,B2
defectiveness,defectiveness,词,NOUN,C1
defense deployment,defense deployment,布防,NOUN,C1
defense lawyer,defense lawyer,词,NOUN,B2
defense to death,defense to death,死守,NOUN,B2
defenseless,defenseless,无防御的,ADJ,B2
deferential,deferential,词,ADJ,C1
deficitary,deficitary,词,ADJ,C1
defile,defile,词,VERB,C1
definable,definable,词,ADJ,C1
definite,definite,明确的,ADJ,B2
deflated,deflated,词,ADJ,B1
deflect,deflect,词,VERB,C1
deflower,deflower,词,VERB,C1
defoliate,defoliate,词,VERB,C1
deforest,deforest,词,VERB,C1
deformed,deformed,畸形的,ADJ,B2
deformity,deformity,词,NOUN,C1
defunct,defunct,词,ADJ,C1
degrading,degrading,词,ADJ,C1
degrease,degrease,词,VERB,C1
degree exam,degree exam,学位/考试,NOUN,B2
degree graduation,degree graduation,词,NOUN,B2
degree of fit,degree of fit,吻合度,NOUN,C1
dehors,out,在外面,ADV,B2
dehumanize,dehumanize,词,VERB,C1
dehydrate,dehydrate,词,VERB,C1
dehydration dryness,dehydration dryness,词,NOUN,C1
deice,deice,词,VERB,C1
deification,deification,词,NOUN,C1
dejt,dejt,约会,NOUN,B2
del,del,部分,NOUN,B2
delayed,delayed,延误的,ADJ,B2
delegation of authority,delegation of authority,词,NOUN,C1
delegations,delegations,词,NOUN,C1
deletion,deletion,词,NOUN,B2
deliberate malicious,deliberate malicious,故意的/恶意的,ADJ,B2
deliberateness,deliberateness,词,NOUN,C1
deliberations,deliberations,词,NOUN,C1
delicious tasty,delicious tasty,词,ADJ,A1
deliciousness,deliciousness,词,NOUN,B2
delightful,delightful,令人愉快的,ADJ,B2
delimitation,delimitation,词,NOUN,C1
deliquesce,deliquesce,词,VERB,C1
delirious,delirious,谵妄的,ADJ,B2
delivery van,delivery van,厢式送货车,NOUN,B2
delouse,delouse,词,VERB,C1
delta,delta,delta,NOUN,B2
delude,delude,词,VERB,C1
delve,delve,词,VERB,C1
demagogic,demagogic,词,ADJ,C1
demagogue,demagogue,词,NOUN,C1
demagoguery,demagoguery,煽动性,NOUN,B2
demagogy,demagogy,蛊惑,NOUN,B2
demain,tomorrow,غد,NOUN,B2
demand-based activism,demand-based activism,词,NOUN,C1
demande,demand,需求,NOUN,B2
demarcation,demarcation,划界,NOUN,B2
demean,demean,词,VERB,C1
demeanor,demeanor,仪态,NOUN,B2
dement,dement,词,VERB,C1
demented,demented,词,ADJ,C1
demijohn,demijohn,词,NOUN,B2
demobilize,demobilize,词,VERB,C1
demon devil,demon devil,恶魔,NOUN,C1
demonic,demonic,词,ADJ,C1
demonization,demonization,词,NOUN,C1
demons,demons,词,NOUN,C1
demonstrable,demonstrable,词,ADJ,C1
demonstrative,demonstrative,演示的,ADJ,B2
demonstrativeness,demonstrativeness,! 表现欲,NOUN,B2
demonstrator,demonstrator,词,NOUN,C1
demoralization,demoralization,词,NOUN,C1
demote,demote,词,VERB,C1
demotion,demotion,降职,NOUN,B2
demur,demur,词,VERB,C1
demystify,demystify,词,VERB,C1
den,den,兽穴,NOUN,B2
denationalize,denationalize,词,VERB,C1
denim jacket,denim jacket,词,NOUN,C1
denomination,denomination,词,NOUN,C1
denominator,denominator,词,NOUN,C1
dense,dense,密集的,ADJ,B2
dense forest,dense forest,密林,NOUN,B2
dent,dent,凹痕,NOUN,B2
dentiste,dentist,牙医,NOUN,B2
dentition,dentition,牙齿,NOUN,B2
denude,denude,词,VERB,C1
deodorize,deodorize,词,VERB,C1
deontology,deontology,词,NOUN,C1
department director,department director,司长,NOUN,C1
departure lounge,departure lounge,候机室,NOUN,B2
dependency,dependency,词,NOUN,B2
dependent passivity,dependent passivity,词,NOUN,C1
depicted,depicted,描绘的,ADJ,B2
depicting,depicting,描绘的,ADJ,B2
deplete,deplete,词,VERB,C1
depletion,depletion,词,NOUN,C1
depone,depone,词,VERB,C1
deportation,deportation,驱逐出境,NOUN,B2
deposition,deposition,证词,NOUN,B2
depositional,depositional,词,ADJ,C1
deposits,deposits,词,NOUN,C1
depot,depot,仓库,NOUN,B2
deprecate,deprecate,词,VERB,C1
deprecation,deprecation,词,NOUN,C1
depredate,depredate,词,VERB,C1
depredation,depredation,词,NOUN,C1
depressing,depressing,令人沮丧的,ADJ,B2
deputation,deputation,代表团,NOUN,B2
depute,depute,词,VERB,C1
deputy (adj),deputy,副,ADJ,B2
deracinate,deracinate,词,VERB,C1
derailment,derailment,词,NOUN,C1
derange,derange,词,VERB,C1
derby,derby,词,NOUN,B2
deregulate,deregulate,词,VERB,C1
deride,deride,词,VERB,C1
derivation,derivation,词,NOUN,C1
dermal,dermal,词,ADJ,C1
dernièrement,last,最后,ADV,B2
derogation,derogation,词,NOUN,C1
derogatory,derogatory,词,ADJ,C1
derrière,behind,在后面,ADV,B2
desalination,desalination,词,NOUN,C1
descant,descant,词,VERB,C1
descend go down,descend go down,词,VERB,A1
descendant,descendant,后代,NOUN,B2
descending,descending,词,ADJ,C1
descendre,to descend,下降,VERB,B2
descente,descent,下降,NOUN,B2
descente de montagne,mountain descent,下山,NOUN,B2
describable,describable,词,ADJ,C1
description,description,描述,NOUN,B2
descriptiveness,descriptiveness,词,NOUN,C1
descry,descry,词,VERB,C1
desecrate,desecrate,词,VERB,C1
desecration,desecration,词,NOUN,C1
desegregate,desegregate,词,VERB,C1
deserter,deserter,逃兵,NOUN,B2
desertion,desertion,逃亡,NOUN,B2
deserved,deserved,词,ADJ,B2
deserving,deserving,才配得,NOUN,C1
desiccant,desiccant,干燥剂,NOUN,C1
desiccate,desiccate,词,VERB,C1
desiccation,desiccation,词,NOUN,C1
desirability,desirability,可取性,NOUN,B2
desirable,desirable,可取的,ADJ,B2
desire for release,desire for release,思放,NOUN,B2
desired aim,desired aim,期望的目标,NOUN,C1
desk chest of drawers,desk chest of drawers,词,NOUN,B2
desolate loneliness,desolate loneliness,词,NOUN,C1
despatch,despatch,词,VERB,C1
desperately serious,desperately serious,不得了,ADJ,B2
despite (adv),despite,词,ADV,B2
despite (noun),despite,虽有,NOUN,C1
despond,despond,词,VERB,C1
despote,despot,暴君,NOUN,B2
despotic,despotic,专制的,ADJ,B2
despotisme,despotism,专制,NOUN,B2
desquamation,desquamation,词,NOUN,C1
desserrer,to loosen,放松,VERB,B2
dessert,dessert,甜点,NOUN,B2
dessous,below,在...下面,ADP,B2
dessous,inside story,内幕,NOUN,B2
destin,destiny,命运,NOUN,B2
destination,destination,目的地,NOUN,B2
destine,destine,词,VERB,C1
destined,destined,,NOUN,B2
destitute,destitute,词,ADJ,C1
destroyed,destroyed,被毁坏的,ADJ,B2
destroyer,destroyer,词,NOUN,C1
destructeur,destructive,مدمر,ADJ,B2
destruction,destruction,破坏,NOUN,B2
destruction of property,destruction of property,毁坏财物,NOUN,C1
detachable,detachable,词,ADJ,C1
details,details,细细,NOUN,C1
detective force,detective force,刑警,NOUN,B2
detention center,detention center,拘留所,NOUN,B2
deter,deter,词,VERB,C1
detergent,detergent,洗涤剂,NOUN,B2
deteriorated,deteriorated,恶化的,ADJ,B2
determinant,determinant,词,NOUN,C1
determine,determine,确定,VER! B,B2
determined definite,determined definite,确定的,ADJ,B2
determinist,determinist,词,ADJ,C1
deterrence,deterrence,词,NOUN,C1
deterrent,deterrent,词,NOUN,C1
detritus,detritus,词,NOUN,C1
dette,debts,债务,NOUN,B2
dette de sang,blood debt,血债,NOUN,B2
deux,two animals,两只,NUM,B2
deux fois,twice,两次,ADV,B2
devastated,devastated,崩溃的,ADJ,B2
devastating,devastating,毁灭性的,ADJ,B2
devastation,devastation,破坏,NOUN,B2
development works,development works,词,NOUN,B2
development zone,development zone,开发区,NOUN,C1
developments,developments,词,NOUN,B2
devenir fou,to go crazy,发疯,VERB,B2
deviance,deviance,词,NOUN,B2
devices,devices,设备,NOUN,B2
devil bastard,devil bastard,混蛋,NOUN,B2
devil damn,devil damn,词,NOUN,A1
devilish,devilish,恶魔般的,ADJ,B2
devious,devious,词,ADJ,B2
devoice,devoice,词,VERB,C1
devoid,devoid,词,ADJ,C1
devoir,must,必须,AUX,B2
devoir,should,应该,AUX,B2
devoir,have to,还得,NOUN,B2
devoir,to owe,欠,VERB,B2
devoirs,homework,家庭作业,NOUN,B2
devolution,devolution,词,NOUN,C1
devolve,devolve,词,VERB,C1
devoted (adv),devoted,尽心,ADV,B2
devotion to duty,devotion to duty,词,NOUN,C1
devotional humility,devotional humility,词,NOUN,C1
devotional worship,devotional worship,词,NOUN,C1
devourer,devourer,吞噬者,NOUN,B2
devouring,devouring,必噬,NOUN,C1
devout,devout,词,ADJ,B2
dexterity,dexterity,灵巧,NOUN,B2
dexterous,dexterous,词,ADJ,C1
diabetic,diabetic,词,ADJ,C1
diachrony,diachrony,词,NOUN,C1
diagonally,diagonally,对角地,ADV,B2
dial (verb),dial,词,VERB,B2
dialectic (noun),dialectic,辩证法,NOUN,C1
dialogism,dialogism,词,NOUN,C1
dialogue,dialogue,对话,NOUN,B2
diamant,diamond,钻石,NOUN,B2
diameter,diameter,词,NOUN,C1
diapers,diapers,词,NOUN,B1
diaphanous,diaphanous,词,ADJ,C1
diaphragm,diaphragm,横膈膜,NOUN,B2
diarrhée,diarrhea,腹泻,NOUN,B2
diaspora,diaspora,流散,NOUN,B2
diaspora community,diaspora community,词,NOUN,C1
diatribe,diatribe,词,NOUN,C1
dichotomy,dichotomy,二分法,NOUN,B2
dictation,dictation,dictation,NOUN,B2
dictature,dictatorship,独裁统治,NOUN,B2
diction,diction,措辞,NOUN,B2
dictionnaire,dictionary,词典,NOUN,B2
didactics,didactics,词,NOUN,C1
die,die,骰子,NOUN,B2
dietary,dietary,词,ADJ,C1
dieu de la guerre,god of war,战神,NOUN,B2
different,different,不同地,ADV,B2
differentiable,differentiable,词,ADJ,C1
differentiating,differentiating,词,ADJ,C1
difficile à aborder,hard to speak of,难以启齿,ADJ,B2
difficile à choisir,hard to choose,难以抉择,ADJ,B2
difficile à distinguer,hard to distinguish,难以区分,ADJ,B2
difficile à maintenir,hard to maintain,难以维持,ADJ,B2
difficult flirt,difficult flirt,,NOUN,B2
difficult to handle,difficult to handle,难办,NOUN,C1
difficulty resolution,difficulty resolution,解难,NOUN,C1
difficulté,difficulty,困难,NOUN,B2
diffuse,diffuse,模糊的,ADJ,B2
diffuser,to diffuse,扩散,VERB,B2
diffusion,broadcast,广播,NOUN,B2
diffusion,diffusion,传播,NOUN,B2
diffusion spread,diffusion spread,词,NOUN,C1
dig up,dig up,词,VERB,B2
digestible,digestible,词,ADJ,C1
digestion,digestion,消化,NOUN,B2
digital currency,digital currency,数字货币,NOUN,C1
digitized,digitized,词,ADJ,C1
dignified,dignified,词,ADJ,C1
dignified manner,dignified manner,威仪,NOUN,B2
dignify,dignify,词,VERB,C1
dignitaries,dignitaries,词,NOUN,C1
digression,digression,词,NOUN,C1
dike,dike,词,NOUN,B2
dilatation,dilation,扩张,NOUN,B2
dilated,dilated,词,ADJ,C1
diligence,diligence,勤勉,NOUN,B2
dilution,dilution,词,NOUN,C1
dim,dim,词,ADJ,C1
dim sum,dim sum,点心,NOUN,B1
dimension,dimension,维度,NOUN,B2
diminutive,diminutive,指小词,NOUN,B2
dimmed,dimmed,词,ADJ,C1
dimple,dimple,词,NOUN,C1
din,din,喧嚣,NOUN,B2
dine,dine,词,VERB,C1
dining hall,dining hall,词,NOUN,C1
dining room,dining room,词,NOUN,B1
dining table,dining table,词,NOUN,B2
dinner party,dinner party,聚餐,NOUN,C1
dinosaure,dinosaur,恐龙,NOUN,B2
diocesan,diocesan,词,ADJ,C1
diplomatic relations,diplomatic relations,外交关系,NOUN,B2
dipsomaniac,dipsomaniac,词,NOUN,C1
dire au revoir,to say goodbye,告别,VERB,B2
dire des bêtises,to talk nonsense,胡言乱语,VERB,B2
direct,direct,直接的,ADJ,B2
direct hit,direct hit,词,NOUN,C1
direct message,direct message,私信,NOUN,C1
direct sales,direct sales,直销,NOUN,B2
direct shot,direct shot,面射,NOUN,B2
directing,directing,导演,NOUN,B2
direction,direction,方向,NOUN,B2
directionality,directionality,词,NOUN,C1
directive,directive,指令,NOUN,B2
directive (adj),directive,词,ADJ,C1
directness,directness,词,NOUN,C1
director manager,director manager,主管/经理,NOUN,B2
directorate,directorate,局,NOUN,C1
directorship,directorship,董事职位,NOUN,B2
dirham,dirham,词,NOUN,A1
diriger,to steer,引导,VERB,B2
dirt soil,dirt soil,词,NOUN,A1
dirtier,dirtier,更脏的,ADJ,B2
dirty bastard,dirty bastard,词,NOUN,C1
dirty trick,dirty trick,词,NOUN,B2
disable,disable,词,VERB,C1
disadvantageous,disadvantageous,不利的,ADJ,B2
disaffect,disaffect,词,VERB,C1
disaffected,disaffected,词,ADJ,C1
disaffection,disaffection,词,NOUN,C1
disagreeing,disagreeing,不同意的,ADJ,B2
disallow,disallow,词,VERB,C1
disapproval,disapproval,词,NOUN,C1
disarray (noun),disarray,词,NOUN,C1
disassembly,disassembly,词,NOUN,C1
disassociate,disassociate,词,VERB,C1
disaster relief,disaster relief,救灾,NOUN,C1
disband,disband,词,VERB,C1
disbar,disbar,词,VERB,C1
disbelieve,disbelieve,词,VERB,C1
disburden,disburden,词,VERB,C1
disburse,disburse,词,VERB,C1
disbursement,disbursement,词,NOUN,C1
disciple,disciple,门徒,NOUN,B2
discipleship,discipleship,词,NOUN,C1
disciplined,disciplined,词,ADJ,C1
discipliner,discipline,纪律,NOUN,B2
discipliner,to discipline,管教,VERB,B2
disclaim,disclaim,词,VERB,C1
disclosure,disclosure,泄露,NOUN,C1
disco,disco,迪厅,NOUN,B2
discolor,discolor,词,VERB,C1
discomfit,discomfit,词,VERB,C1
discompose,discompose,词,VERB,C1
disconnection,disconnection,词,NOUN,C1
disconsolate,disconsolate,悲痛欲绝的,ADJ,B2
disconsolation,disconsolation,词,NOUN,C1
discontinuer,to discontinue,停止,VERB,B2
discontinuity,discontinuity,词,NOUN,B2
discordance,discordance,不一致,NOUN,B2
discordant,discordant,词,ADJ,C1
discounts,discounts,折扣,NOUN,B2
discouragement,discouragement,词,NOUN,C1
discours,discourse,论述,NOUN,B2
discourteous,discourteous,词,ADJ,C1
discourtesy,discourtesy,失礼,NOUN,B2
discoverer,discoverer,发现者,NOUN,C1
discredit,discredit,丧失信誉,NOUN,B2
discrediting,discrediting,词,NOUN,C1
discrepancy,discrepancy,差异,NOUN,B2
discrete,discrete,词,ADJ,C1
discretionary,discretionary,自由裁量的,ADJ,B2
discretionary punishment,discretionary punishment,词,NOUN,C1
discrimination,discrimination,歧视,NOUN,B2
discursive,discursive,词,ADJ,C1
discussion,discussion,讨论,NOUN,B2
discuter,to discuss,讨论,VERB,B2
disdainful,disdainful,词,ADJ,C1
disembarrass,disembarrass,词,VERB,C1
disembody,disembody,词,VERB,C1
disembowel,disembowel,词,VERB,C1
disenchantment,disenchantment,幻灭,NOUN,B2
disenfranchise,disenfranchise,词,VERB,C1
disenfranchised,disenfranchised,词,ADJ,C1
disengagement,disengagement,词,NOUN,B2
disestablish,disestablish,词,VERB,C1
disesteem,disesteem,词,VERB,C1
disfavor (noun),disfavor,词,NOUN,C1
disfranchise,disfranchise,词,VERB,C1
disgorge,disgorge,词,VERB,C1
disgruntle,disgruntle,词,VERB,C1
disharmony,disharmony,不和谐,NOUN,B2
disheartened,disheartened,词,ADJ,C1
disheartening,disheartening,词,ADJ,C1
dishes,dishes,词,NOUN,C1
disheveled,disheveled,蓬乱的,ADJ,B2
dishonor,dishonor,耻辱,NOUN,B2
dishonorable,dishonorable,词,ADJ,C1
dishwasher,dishwasher,洗碗机,NOUN,B2
disillusion,disillusion,词,VERB,C1
disillusionment,disillusionment,词,NOUN,C1
disincline,disincline,词,VERB,C1
disinhibited,disinhibited,词,ADJ,C1
disintegration,disintegration,词,NOUN,B2
disinter,disinter,词,VERB,C1
disinterest,disinterest,公正;不感兴趣,NOUN,B2
disjoint,disjoint,不相交的,ADJ,B2
disjointed,disjointed,词,ADJ,C1
dislike,dislike,厌恶,NOUN,B2
disloyal,disloyal,不忠的,ADJ,B2
disloyalty,disloyalty,不忠,NOUN,B2
dismal,dismal,令人失望的,ADJ,B2
dismember,dismember,词,VERB,C1
disobedient,disobedient,不服从的,ADJ,B2
disorganization,disorganization,无组织,NOUN,B2
disorganize,disorganize,词,VERB,C1
disoriented,disoriented,词,ADJ,C1
disown,disown,词,VERB,C1
disparage,disparage,词,VERB,C1
disparagement,disparagement,词,NOUN,C1
disparate,disparate,截然不同的,ADJ,B2
disparaître,to vanish,消失,VERB,B2
dispassionate,dispassionate,词,ADJ,C1
dispatch (noun),dispatch,我派,NOUN,B2
dispatch room,dispatch room,调度室,NOUN,C1
dispensary,dispensary,词,NOUN,C1
dispense ceremony,dispense ceremony,免礼,NOUN,B2
dispersal,dispersal,全散,NOUN,C1
dispersion,dispersion,词,NOUN,C1
dispirit,dispirit,词,VERB,C1
dispirited,dispirited,沮丧的,ADJ,B2
displace,displace,词,VERB,C1
displaced person,displaced person,词,NOUN,C1
displacement,displacement,位移,NOUN,B2
displeased,displeased,词,ADJ,C1
disport,disport,词,VERB,C1
disposable,disposable,一次性的,ADJ,B2
disposable diaper,disposable diaper,纸尿裤,NOUN,B2
disposed,disposed,词,ADJ,C1
disposition,disposition,性情,NOUN,B2
dispossessed,dispossessed,词,ADJ,C1
disproportion,disproportion,不成比例,NOUN,B2
disproportionate,disproportionate,词,ADJ,C1
disprove,disprove,词,VERB,C1
disputation,disputation,词,NOUN,C1
disputed case,disputed case,词,NOUN,C1
disqualification,disqualification,词,NOUN,C1
disque,disk,唱片,NOUN,B2
disquiet,disquiet,词,NOUN,C1
disquisition,disquisition,论述,NOUN,B2
disrepair,disrepair,词,NOUN,C1
disrepute,disrepute,坏名声,NOUN,B2
disrespect,disrespect,不敬,NOUN,B2
disrespectful,disrespectful,无礼的,ADJ,B2
disrobe,disrobe,词,VERB,C1
disruptive,disruptive,颠覆性,ADJ,C1
dissatisfaction,dissatisfaction,不满,NOUN,B2
dissatisfy,dissatisfy,词,VERB,C1
dissemble,dissemble,词,VERB,C1
dissembling,dissembling,词,ADJ,C1
dissemination,dissemination,词,NOUN,C1
disseminator,disseminator,传播者,NOUN,C1
dissert,dissert,词,VERB,C1
dissertation,dissertation,论文,NOUN,B2
disserve,disserve,词,VERB,C1
dissever,dissever,词,VERB,C1
dissidence,dissent,异议,NOUN,B2
dissident,dissident,异见者,NOUN,B2
dissimilar,dissimilar,词,ADJ,C1
dissimilarity,dissimilarity,相异性,NOUN,B2
dissimulation,dissimulation,词,NOUN,C1
dissipation,dissipation,挥霍,NOUN,B2
dissociate,dissociate,词,VERB,C1
dissociation,dissociation,解离,NOUN,B2
dissolute,dissolute,放荡的,ADJ,B2
dissolution,dissolution,溶解,NOUN,B2
dissonance,dissonance,不和谐,NOUN,B2
dissonant,dissonant,词,ADJ,C1
dissuasion,dissuasion,词,NOUN,C1
dissuasive,dissuasive,词,ADJ,C1
disséminer,to disseminate,传播,VERB,B2
distance,distance,距离,NOUN,B2
distanciation sociale,social distancing,社交距离,NOUN,B2
distaste,distaste,词,NOUN,C1
distend,distend,词,VERB,C1
distil,distil,词,VERB,C1
distillation,distillation,词,NOUN,C1
distinct,distinct,明显的,ADJ,B2
distinction,distinction,区别,NOUN,B2
distinctive,distinctive,独特的,ADJ,B2
distinguishable,distinguishable,词,ADJ,C1
distingué,distinguished,杰出,ADJ,B2
distorted,distorted,歪曲的,ADJ,B2
distorted image,distorted image,扭曲的形象,NOUN,B2
distraction,absent-mindedness,心不在焉,NOUN,B2
distraction,distraction,分心,NOUN,B2
distrain,distrain,词,VERB,C1
distrait,distracted,分心的,ADJ,B2
distrait,forgetful,健忘的,ADJ,B2
distributed,distributed,词,ADJ,C1
districting,districting,词,NOUN,C1
districts,districts,词,NOUN,C1
distrustful,distrustful,词,ADJ,C1
disturbance,disturbance,干扰,NOUN,B2
disturbed,disturbed,不安的,ADJ,B2
disuse,disuse,废弃,NOUN,B2
dive appear,dive appear,词,VERB,B2
diver,diver,词,NOUN,B2
divergence,divergence,分歧,NOUN,B2
divergent,divergent,分歧的,ADJ,B2
diverging,diverging,词,ADJ,C1
diverse,diverse,多样的,ADJ,B2
diversification,diversification,多样化,NOUN,B2
divestment,divestment,词,NOUN,C1
divider,divider,词,NOUN,C1
divin,divine,如神,NOUN,B2
divination,divination,占卜,NOUN,B2
divinatory,divinatory,词,ADJ,C1
divine (noun),divine,如神,NOUN,B2
divine fist,divine fist,神拳,NOUN,B2
divine physician,divine physician,医仙,NOUN,C1
divine reward,divine reward,词,NOUN,C1
divine trial,divine trial,词,NOUN,C1
divinité,deity,神,NOUN,B2
divisibility,divisibility,词,NOUN,C1
divisible,divisible,可分的,ADJ,B2
division,division,分开,NOUN,B2
divisive,divisive,词,ADJ,C1
divisor,divisor,词,NOUN,C1
divorced,divorced,词,ADJ,B2
divorced woman,divorced woman,词,NOUN,B2
divorcer,divorce,离婚,NOUN,B2
divorcer,to divorce,离婚,VERB,B2
divulguer,to disclose,揭露,VERB,B2
djellaba,djellaba,词,NOUN,B2
do not (aux),do not,不要,AUX,B2
do not (part),do not,勿,PART,B2
do not know,do not know,不知,VERB,B2
do not want,do not want,不想,VERB,B2
do one's best (adv),do one's best,竭力,ADV,B2
do one's best (noun),do one's best,愿尽心尽力,NOUN,C1
docile,docile,温顺的,ADJ,B2
docilité,docility,温顺,NOUN,B2
doctor visit,doctor visit,,NOUN,B2
doctoral degree,doctoral degree,博士学位,NOUN,C1
doctoral student,doctoral student,博士生,NOUN,C1
doctrinaire,doctrinaire,教条主义的,ADJ,B2
doctrine,doctrine,词,NOUN,B2
document original,original document,原件,NOUN,B2
documentaire,documentary,纪录片的,ADJ,B2
documentary (adj),documentary,纪录的,ADJ,B2
documentation,documentation,文献,NOUN,B2
documented,documented,词,ADJ,C1
documenter,document,文件,NOUN,B2
documenter,to document,记录,VERB,B2
documents,documents,词,NOUN,B2
dodge (noun),dodge,一躲,NOUN,C1
doesn't work,doesn't work,不通,ADJ,B2
doff,doff,词,VERB,C1
dollar,buck,美元,NOUN,B2
dollar,dollar,词,NOUN,C1
domain,domain,领域,NOUN,B2
domaine,estate,地产,NOUN,B2
domestic,domestic,国内,NOUN,B2
domestic currency,domestic currency,本币,NOUN,C1
domestic debt,domestic debt,内债,NOUN,B2
domestic licensed goods,domestic licensed goods,国行,NOUN,B2
domesticate,domesticate,词,VERB,C1
domestication,domestication,驯化,NOUN,B2
dominance,dominance,威权,NOUN,B2
dominant,dominant,占主导地位的,ADJ,B2
domineering,domineering,词,ADJ,C1
domineeringness,domineeringness,支配欲,NOUN,B2
dommage,damage,损害,NOUN,B2
don,don,词,VERB,C1
don't,don't,可别,AUX,B2
don't believe,don't believe,不信,VERB,B2
don't care,don't care,不在乎,VERB,B2
don't eat,don't eat,不吃,VERB,B2
don't give a fuck,don't give a fuck,词,ADJ,C1
don't let,don't let,不让,VERB,B2
don't mind,don't mind,不介意,VERB,B2
donation,donation,捐款,NOUN,B2
donation of goods,donation of goods,捐物,NOUN,C1
donkey foal,donkey foal,词,NOUN,B2
donner,to donate,捐赠,VERB,B2
donner une conférence,lecture,讲座,NOUN,B2
donner une conférence,to lecture,教导,VERB,B2
donnée,given,给定,NOUN,B2
doom,doom,词,VERB,C1
door chain,door chain,门链,NOUN,C1
door gate,door gate,门,NOUN,A1
door lock,door lock,门锁,NOUN,C1
doorbell button,doorbell button,门铃按钮,NOUN,B2
doorkeeper,doorkeeper,词,NOUN,B1
doorway,doorway,门口,NOUN,C1
dope (noun),dope,词,NOUN,B2
doping agents,doping agents,词,NOUN,B2
dorm,dorm,词,NOUN,B2
dormant,dormant,词,ADJ,C1
dose,dose,剂量,NOUN,B2
dossier,dossier,档案,NOUN,B2
dossier,folder,文件夹,NOUN,B2
dossier médical,medical record,病历,NOUN,B2
dot,dot,点,NOUN,B2
dot,dowry,嫁妆,NOUN,B2
dotting,dotting,词,NOUN,C1
double,double,两倍的,ADJ,B2
double (noun),double,词,NOUN,C1
double degree,double degree,双学位,NOUN,C1
double entendre,double entendre,词,NOUN,C1
double image,double image,重影,NOUN,C1
doubtful,doubtful,可疑的,ADJ,B2
doughy,doughy,面团状的,ADJ,B2
douleur,pain,疼痛,NOUN,B2
douleur musculaire,muscle pain,肌肉痛,NOUN,B2
douleur thoracique,chest pain,胸痛,NOUN,B2
douse,douse,词,VERB,C1
douzaine,dozen,一打,NOUN,B2
douze,twelve,十二,NUM,B2
down,down,向下,ADV,B2
down (noun),down,下…,NOUN,C1
down there,down there,在那下面,ADV,B2
down to,down to,以至,SCONJ,B2
downfall,downfall,毁灭,NOUN,B2
downgrade,downgrade,词,VERB,C1
downplay,downplay,词,VERB,C1
downplaying,downplaying,词,NOUN,C1
downsize,downsize,词,VERB,C1
downstairs,downstairs,词,ADV,B1
doze (noun),doze,词,NOUN,C1
doze (verb),doze,词,VERB,C1
doze off,doze off,词,VERB,B2
dozens,dozens,数十个,NOUN,B2
draconian,draconian,词,ADJ,C1
drag,drag,拖曳,NOUN,B2
dragon,dragon,龙,NOUN,B2
dragon fruit,dragon fruit,火龙果,NOUN,B2
dragonfly,dragonfly,词,NOUN,C1
dragoon,dragoon,词,VERB,C1
drainage,drainage,词,NOUN,C1
drainage sewage,drainage sewage,词,NOUN,C1
dramatization,dramatization,词,NOUN,C1
drastic,drastic,词,ADJ,C1
draught,draught,词,NOUN,C1
draw,draw,平局,NOUN,B2
draw blood,draw blood,抽血,VERB,B2
drawl,drawl,词,VERB,C1
dreamlike,dreamlike,梦幻,ADJ,C1
dreamy dreamer,dreamy dreamer,爱做梦的/空想家,ADJ,C1
dreary,dreary,词,ADJ,B2
dredge,dredge,,NOUN,B2
dredge (verb),dredge,词,VERB,C1
drench,drench,词,VERB,C1
dressed,dressed,穿着的,ADJ,B2
dribble,dribble,词,VERB,C1
dribbling,dribbling,词,NOUN,B2
dried,dried,词,ADJ,B1
dried curd,dried curd,词,NOUN,B2
dried cured,dried cured,词,ADJ,B2
dried meat,dried meat,词,NOUN,B2
drift (verb),drift,词,VERB,B2
drinking,drinking,喝水,NOUN,C1
drinking glass,drinking glass,水杯,NOUN,B2
drinking water,drinking water,饮用水,NOUN,B2
drinks,drinks,词,NOUN,C1
dripping (adj),dripping,词,ADJ,C1
dripping (noun),dripping,词,NOUN,C1
drive,drive,动力,NOUN,B2
drive mad,drive mad,词,VERB,C1
drivel,drivel,词,NOUN,C1
driven,driven,被驾驶的,ADJ,B2
driving,driving,你来驾车,NOUN,C1
drizzly,drizzly,词,ADJ,C1
droit,upright,正直的,ADJ,B2
droit d'auteur,copyright,版权,NOUN,B2
droits,rights,权利,NOUN,B2
droiture,righteousness,亦正,NOUN,B2
drone,drone,无人机,NOUN,B2
droop,droop,词,VERB,C1
drop out,drop out,退学,VERB,C1
dropout,dropout,词,NOUN,B2
dropper,dropper,词,NOUN,C1
drops,drops,词,NOUN,B1
drub,drub,词,VERB,C1
drudge,drudge,词,NOUN,C1
drug addict,drug addict,词,NOUN,C1
drug addiction,drug addiction,词,NOUN,C1
drug dealer,drug dealer,毒贩,NOUN,B2
drug medication,drug medication,词,NOUN,C1
drugs,drugs,毒品,NOUN,B2
drummer,drummer,词,NOUN,B1
drunkard,drunkard,醉翁,NOUN,C1
drunkenness,drunkenness,醉酒,NOUN,B2
dry land,dry land,词,NOUN,B2
drying,drying,词,NOUN,C1
drying up,drying up,词,NOUN,C1
dryness,dryness,词,NOUN,A1
du jour au lendemain,overnight,一夜之间,ADV,B2
du tout,at all,根本,ADV,B2
dual,dual,词,ADJ,C1
dual form,dual form,词,NOUN,C1
dualisme,dualism,二元论,NOUN,B2
dub,dub,词,VERB,C1
duc,duke,公爵,NOUN,B2
ductile,ductile,词,ADJ,C1
dude,dude,词,NOUN,A2
due date maturity,due date maturity,词,NOUN,B2
duel,duel,词,NOUN,C1
duet,duet,二重奏,NOUN,B2
dull-witted,dull-witted,词,ADJ,B2
dumbfound,dumbfound,词,VERB,C1
dummy,dummy,词,NOUN,B2
dump (noun),dump,词,NOUN,B1
dump site,dump site,词,NOUN,B2
dumping,dumping,倾销,NOUN,B2
dune,dune,沙丘,NOUN,B2
dunes,dunes,词,NOUN,B2
dung,dung,词,NOUN,B2
dungeon,dungeon,地牢,NOUN,B2
dunghill,dunghill,词,NOUN,C1
duo,duo,词,NOUN,C1
duplex,duplex,词,NOUN,C1
duplicate,duplicate,! 副本,NOUN,B2
duplication,duplication,词,NOUN,C1
dupliquer,to duplicate,复制,VERB,B2
dur,tough,艰难的,ADJ,B2
durable,durable,词,ADJ,C1
durer,to last a period of time,为期,VERB,B2
dureté,hardness,硬度,NOUN,B2
durian,durian,榴莲,NOUN,C1
during the day,during the day,在白天,ADV,B2
durée de vie,lifetime,一生,NOUN,B2
dusk,dusk,黄昏,NOUN,B2
dust coat,dust coat,词,NOUN,C1
duster,duster,词,NOUN,C1
dustproof,dustproof,防尘,ADJ,C1
dutch,dutch,荷兰语,NOUN,B2
dutchman,dutchman,荷兰人,NOUN,B2
duty,duty,责任,NOUN,B2
duty of care,duty of care,词,NOUN,C1
duty of confidentiality,duty of confidentiality,保密义务,NOUN,B2
dwell,dwell,词,VERB,C1
dwindle,dwindle,词,VERB,C1
dwindling,dwindling,词,NOUN,C1
dyed,dyed,词,ADJ,B1
dying,dying,,NOUN,B2
dying without,dying without,将死无,NOUN,C1
dynamics,dynamics,词,NOUN,C1
dynamite,dynamite,炸药,NOUN,B2
dynastie actuelle,current dynasty,当朝,NOUN,B2
dysfunction,dysfunction,功能障碍,NOUN,B2
dysfunctional,dysfunctional,词,ADJ,C1
dystopia,dystopia,反乌托邦,NOUN,B2
dès l'enfance,from childhood,从小,ADV,B2
dès que,as soon as,一...就,SCONJ,B2
dès à présent,hereby,特此,ADV,B2
décadent,decadent,颓废,ADJ,B2
décharge,discharge,放电,NOUN,B2
déchirer,to tear up,流泪,VERB,B2
déclaration,declaration,宣言,NOUN,B2
déclaration,statement,声明,NOUN,B2
déclarer,state,国家,NOUN,B2
déclarer,to state,说明,VERB,B2
déclin,decline,衰退,NOUN,B2
décommissionnement,decommissioning,退役,NOUN,B2
décomposer,to decompose,分解,VERB,B2
déconnecter,to disconnect,断开,VERB,B2
déconseiller,to advise against,劝阻,VERB,B2
déconstruction,deconstruction,解构主义,NOUN,B2
déconstruire,to deconstruct,解构,VERB,B2
découpe de papier,paper cutting,剪纸,NOUN,B2
découvrir,to find out,找出,VERB,B2
découvrir,to uncover,揭露,VERB,B2
décret oral,oral decree,口谕,NOUN,B2
décryptage,decryption,解密,NOUN,B2
décréter,to decree,颁布法令,VERB,B2
décéder,to part by death,死别,VERB,B2
déduire,to deduct,扣除,VERB,B2
défaite écrasante,crushing defeat,惨败,NOUN,B2
défaitisme,defeatism,失败主义,NOUN,B2
défaut,blemish,瑕疵,NOUN,B2
défaut,default,违约,NOUN,B2
défaut,shortcoming,缺点,NOUN,B2
défectionner,defect,缺陷,NOUN,B2
défectionner,to defect,叛变,VERB,B2
défendre son pays,to defend one's country,卫国,VERB,B2
défense aérienne,air defense,防空,NOUN,B2
défenseur,defender,防守者,NOUN,B2
défi,defiance,挑衅,NOUN,B2
défi de tromperie,deception dare,你敢骗我,NOUN,B2
défiant,defiant,挑衅的,ADJ,B2
déficient,deficient,有缺陷的,ADJ,B2
déficit,impairment,左手废,NOUN,B2
défier,to defy,违抗,VERB,B2
définitif,definitive,决定性的,ADJ,B2
définition,definition,定义,NOUN,B2
définitivement,definitely,肯定地,ADV,B2
déformation,deformation,变形,NOUN,B2
défunt,late,晚的,ADJ,B2
défunt,deceased,死者,NOUN,B2
dégeler,to thaw,解冻,VERB,B2
dégenerer,to degenerate,退化,VERB,B2
dégoût,disgust,厌恶,NOUN,B2
dégoûtant,disgusting,令人厌恶的,ADJ,B2
déjeuner,lunch,午餐,NOUN,B2
délicieux,delicious,美味的,ADJ,B2
délinquant,delinquent,罪犯,NOUN,B2
délire,delusion,幻想,NOUN,B2
délivrer,to dispense medicine,配药,VERB,B2
déluge,deluge,洪水,NOUN,B2
démanger,to itch,发痒,VERB,B2
démence,dementia,痴呆,NOUN,B2
démilitarisation,demilitarization,去武,NOUN,B2
démocratie,democracy,民主,NOUN,B2
démographie,demography,人口学,NOUN,B2
démonter,to disassemble,拆卸,VERB,B2
déménagement,move,搬家,NOUN,B2
dénotation,denotation,外延,NOUN,B2
dénouer,to untie,解开,VERB,B2
départ,his departure,他走,NOUN,B2
départements divers,various departments,各部,NOUN,B2
dépasser,to overdraw,透支,VERB,B2
dépasser,to overtake,超过,VERB,B2
dépeindre,to depict,描绘,VERB,B2
dépeindre,to portray,描绘,VERB,B2
dépendre de,to depend on,依赖,VERB,B2
dépense,expenditure,支出,NOUN,B2
dépense,expenses,费用,NOUN,B2
dépenser,to expend,花费,VERB,B2
déployer,to deploy,部署,VERB,B2
dépression,depression,抑郁,NOUN,B2
déracinement,uprooting,背井离乡,NOUN,B2
déraisonnable,unreasonable,不合理的,ADJ,B2
dérive,drift,漂移,NOUN,B2
dérive,drifting,漂泊,NOUN,B2
dériver,to derive,源于,VERB,B2
désapprouver,to disagree,不同意,VERB,B2
désapprouver,to disapprove,不赞成,VERB,B2
déshonneur,disgrace,耻辱,NOUN,B2
désinfectant,disinfectant,消毒剂,NOUN,B2
désir,longing,渴望,NOUN,B2
désir ardent,really want,真要,NOUN,B2
désir de mort,death wish,找死,NOUN,B2
désir de séduire,want to lure,想引,NOUN,B2
désirer,to crave,渴望,VERB,B2
désolé,desolate,荒凉的,ADJ,B2
désordonné,disorderly,杂乱的,ADJ,B2
désordonné,messy,混乱的,ADJ,B2
désordre,mess,混乱,NOUN,B2
désorientation,disorientation,迷失方向,NOUN,B2
déstabilisation,destabilization,动摇,NOUN,B2
détail,retail,零售,NOUN,B2
détails,its details,其详,NOUN,B2
détective,detective,侦探,NOUN,B2
détenir,to detain,拘留,VERB,B2
détente,detente,缓和,NOUN,B2
déterminé,determined,下定决心的,ADJ,B2
détester,to dislike,不喜欢,VERB,B2
détonation,detonation,爆炸,NOUN,B2
détoner,to detonate,引爆,VERB,B2
détourner,to embezzle,贪污,VERB,B2
détoxifier,to detoxify,解毒,VERB,B2
détériorer,to deteriorate,恶化,VERB,B2
développé,developed,发达的,ADJ,B2
dîme,tithe,什一税,NOUN,B2
dîner,dinner,晚餐,NOUN,B2
dû,due,到期的,ADJ,B2
each,each,每个,PRON,B2
each (noun),each,一一,NOUN,C1
each every,each every,每,DET,A1
each other,each other,互相,PRON,B2
eager,eager,渴望的,ADJ,B2
eager anticipation,eager anticipation,词,NOUN,C1
eagerness,eagerness,词,NOUN,B2
earlier,earlier,刚才,ADV,B2
earlier (adj),earlier,更早的,ADJ,B2
earliness,earliness,你早,NOUN,C1
early,early,早的,ADJ,B2
early (noun),early,词,NOUN,B2
early morning,early morning,凌晨,NOUN,B2
early morning (adv),early morning,词,ADV,B2
early nourishment,early nourishment,先养,NOUN,C1
early phase,early phase,前期,NOUN,C1
early sign,early sign,词,NOUN,C1
early stage,early stage,早期,NOUN,C1
early warning,early warning,预警,NOUN,B2
earn,to earn,赚取,VERB,B2
earnest,earnest,词,ADJ,B1
earnest sincere,earnest sincere,恳切,ADJ,B2
earnestly,earnestly,词,ADV,C1
earnestness,earnestness,着实,NOUN,C1
earnings,earnings,词,NOUN,C1
earrings,earrings,词,NOUN,B1
ears,ears,耳朵,NOUN,B2
ears of wheat,ears of wheat,词,NOUN,B2
ease of circumstances,ease of circumstances,词,NOUN,C1
easement,easement,词,NOUN,C1
easier,easier,更容易的,ADJ,B2
easing,easing,词,NOUN,C1
east,east,东方,NOUN,B2
east bank,east bank,东岸,NOUN,C1
eastward,eastward,向东,ADV,B2
easy defense,easy defense,易守,NOUN,C1
easy to say,easy to say,好说,NOUN,B2
eating,eating,,NOUN,B2
eating habit,eating habit,词,NOUN,C1
eau de Javel,bleach,漂白剂,NOUN,B2
eavesdrop,eavesdrop,营听,NOUN,B2
eavesdropping,eavesdropping,偷听,NOUN,B2
ebb,ebb,词,VERB,C1
ebb tide,ebb tide,词,NOUN,B1
eccentric person,eccentric person,词,NOUN,C1
eccentricity,eccentricity,古怪,NOUN,B2
ecclesial,ecclesial,词,ADJ,C1
echo,echo,回声,NOUN,B2
echoes,echoes,词,NOUN,C1
eclectic,eclectic,折衷的,ADJ,B2
eclecticism,eclecticism,折衷主义,NOUN,B2
eclipse,eclipse,日食,NOUN,B2
ecliptic,ecliptic,黄道,NOUN,C1
ecological,ecological,生态的,ADJ,B2
ecology,ecology,生态学,NOUN,B2
economic,economic,经济的,ADJ,B2
economic cycle,economic cycle,经济周期,NOUN,B2
economical,economical,词,ADJ,A1
economically,economically,词,ADV,B1
economize,economize,词,VERB,C1
economy,economy,经济,NOUN,B2
ecosystem,ecosystem,生态系统,NOUN,B2
ecosystem chain,ecosystem chain,生态链,NOUN,B2
ecstatic,ecstatic,词,ADJ,C1
eczema,eczema,湿疹,NOUN,B2
edging,edging,镶边,NOUN,B2
edible,edible,词,ADJ,C1
edict,edict,法令,NOUN,B2
edifying,edifying,词,ADJ,C1
edit,to edit,编辑,VERB,B2
edit (noun),edit,重辑,NOUN,B2
edition,edition,版本,NOUN,B2
editor-in-chief,editor-in-chief,主编,NOUN,B2
editorial,editorial,社论,NOUN,B2
editorial office,editorial office,编辑部,NOUN,B2
education,education,教育,NOUN,B2
educational background,educational background,学历,NOUN,C1
eeg,eeg,脑电图,NOUN,B2
efface,efface,词,VERB,C1
effect and traces,effect and traces,词,NOUN,C1
effect-seeking,effect-seeking,词,NOUN,C1
effectiveness,effectiveness,功效,NOUN,B2
effects,effects,词,NOUN,B2
effectuate,effectuate,词,VERB,C1
effervesce,effervesce,词,VERB,C1
effervescence,effervescence,词,NOUN,C1
effervescent,effervescent,沸腾的,ADJ,B2
efficacy,efficacy,功效,NOUN,B2
effigy,effigy,词,NOUN,C1
effort,effort,努力,NOUN,B2
effort bet,effort bet,努力/赌注,NOUN,B2
effortless,effortless,不费力的,ADJ,B2
effrayer,to scare,惊吓,VERB,B2
effrayé,scared,害怕的,ADJ,B2
effuse,effuse,词,VERB,C1
egalitarian,egalitarian,平等主义的,ADJ,B2
egg card,egg card,,NOUN,B2
egg carton,egg carton,词,NOUN,C1
ego,ego,词,NOUN,C1
egocentrism,egocentrism,自我中心,NOUN,B2
egoism,egoism,词,NOUN,C1
egolatry,egolatry,词,NOUN,C1
egomaniac,egomaniac,词,NOUN,C1
egyptian,egyptian,埃及的,ADJ,B2
eh,eh,词,INTJ,C1
eider hunter,eider hunter,,NOUN,B2
eider track,eider track,词,NOUN,B2
eidsvold,eidsvold,,NOUN,B2
eight (noun),eight,词,NOUN,B2
eighteen,eighteen,十八,NUM,B2
eighty,eighty,八十,NUM,B2
einerziehung,einerziehung,词,NOUN,B2
einfahrt,einfahrt,词,NOUN,C1
einfassung,einfassung,词,NOUN,C1
einforderung,einforderung,词,NOUN,C1
eingabe,eingabe,词,NOUN,B2
eingestaltung,eingestaltung,词,NOUN,C1
einkunft,einkunft,词,NOUN,C1
einnahme,einnahme,词,NOUN,B2
einpflegung,einpflegung,词,NOUN,C1
einregelung,einregelung,词,NOUN,C1
einrichtung,einrichtung,词,NOUN,C1
einschaft,einschaft,词,NOUN,B2
einschrift,einschrift,词,NOUN,C1
einsetzung,einsetzung,词,NOUN,C1
einsinnung,einsinnung,词,NOUN,C1
einsprache,einsprache,词,NOUN,B2
einsucht,einsucht,词,NOUN,C1
einsuchung,einsuchung,词,NOUN,C1
einteilung,einteilung,词,NOUN,B2
eintheilung,eintheilung,词,NOUN,C1
eintreibung,eintreibung,词,NOUN,C1
einwandel,einwandel,词,NOUN,C1
einweisung,einweisung,词,NOUN,B2
einwirkung,einwirkung,词,NOUN,B2
either,either,或者,CCONJ,B2
either (adv),either,词,ADV,B2
ejection,ejection,喷射,NOUN,B2
elaborate,elaborate,详尽的,ADJ,B2
elaboration,elaboration,词,NOUN,C1
elasticity,elasticity,弹性,NOUN,B2
elated,elated,兴高采烈的,ADJ,B2
elbow,elbow,手肘,NOUN,B2
elder brother,elder brother,兄长,NOUN,B1
elderly,elderly,老年人,NOUN,B2
eldest brother,eldest brother,做大哥,NOUN,B2
eldest sister,eldest sister,大姐,NOUN,B2
elected officials,elected officials,词,NOUN,C1
elections,elections,词,NOUN,B1
elective,elective,词,ADJ,C1
elective course,elective course,选修课,NOUN,B2
electivity,electivity,词,NOUN,C1
electoral,electoral,词,ADJ,C1
electoralist,electoralist,词,ADJ,C1
electric (noun),electric,词,NOUN,B2
electric guitar,electric guitar,电吉他,NOUN,B2
electric motor,electric motor,电动机,NOUN,B2
electric plug,electric plug,词,NOUN,B1
electric power,electric power,电力,NOUN,B2
electrical engineering,electrical engineering,词,NOUN,C1
electrical theory,electrical theory,电学,NOUN,B2
electrician,electrician,电工,NOUN,B2
electrification,electrification,词,NOUN,C1
electrify,electrify,词,VERB,C1
electrocute,electrocute,词,VERB,C1
electron,electron,词,NOUN,B2
electronic bracelet,electronic bracelet,词,NOUN,C1
electronics,electronics,电子学,NOUN,B2
elegance,elegance,词,NOUN,C1
elemental,elemental,词,ADJ,B2
elementary,elementary,基本的,ADJ,B2
elements of an offense,elements of an offense,词,NOUN,C1
elevated,elevated,词,ADJ,C1
eleven,eleven,十一,NOUN,B2
eleventh,eleventh,词,NUM,B1
elicit,elicit,词,VERB,C1
eligible,eligible,词,ADJ,C1
elite unit,elite unit,,NOUN,B2
elitism,elitism,词,NOUN,C1
ellipsis (part),ellipsis,…,PART,C1
elocution,elocution,演讲术,NOUN,B2
elongate,elongate,词,VERB,C1
elope,elope,词,VERB,C1
else,else,词,ADV,A1
elucidation,elucidation,词,NOUN,C1
elusive,elusive,难以捉摸的,ADJ,B2
elusiveness,elusiveness,神来无影去,NOUN,C1
emaciate,emaciate,词,VERB,C1
emaciated,emaciated,词,ADJ,C1
emaciating,emaciating,消耗的,ADJ,B2
emaciation,emaciation,词,NOUN,C1
email address,email address,电子邮件地址,NOUN,B2
emballer,to pack,打包,VERB,B2
embalm,embalm,词,VERB,C1
embargo,embargo,禁运,NOUN,B2
embarras,predicament,困境,NOUN,B2
embattle,embattle,词,VERB,C1
embers,embers,词,NOUN,B1
embitter,embitter,词,VERB,C1
emblazon,emblazon,词,VERB,C1
embodiment,embodiment,词,NOUN,B2
emboss,emboss,词,VERB,C1
embrace each other,embrace each other,词,VERB,B2
embrayage,clutch,离合器,NOUN,B2
embroil,embroil,词,VERB,C1
embryonic,embryonic,词,ADJ,C1
emend,emend,词,VERB,B2
emerald,emerald,祖母绿,NOUN,B2
emergence emanation,emergence emanation,词,NOUN,C1
emergency call,emergency call,紧急呼叫,NOUN,B2
emergency doctor,emergency doctor,急诊医生,NOUN,B2
emerging,emerging,词,ADJ,C1
emigration,emigration,移民,NOUN,B2
eminence,eminence,词,NOUN,C1
eminent,eminent,杰出的,ADJ,B2
emirate,emirate,词,NOUN,C1
emiri,emiri,埃米尔的,ADJ,C1
emission reduction,emission reduction,减排,NOUN,C1
emissions,emissions,词,NOUN,C1
emitter,emitter,词,NOUN,C1
emmener,to take along,带走,VERB,B2
emolument,emolument,词,NOUN,C1
emote,emote,词,VERB,C1
emoticon,emoticon,词,NOUN,C1
emotion feeling,emotion feeling,情感,NOUN,C1
emotional experience,emotional experience,情感体验,NOUN,B2
emotional expression,emotional expression,! 情感表达,NOUN,B2
emotional life,emotional life,情感生活,NOUN,B2
emotionality lyricism,emotionality lyricism,词,NOUN,C1
emotionally,emotionally,情感上,ADV,B2
empathetic,empathetic,词,ADJ,B1
empathiser,to empathize,共情,VERB,B2
emphasize,emphasize,着重,ADV,B2
emphatic,emphatic,词,ADJ,C1
empiler,to pile up,堆积,VERB,B2
empire,empire,帝国,NOUN,B2
empirically,empirically,凭经验地,ADV,B2
emploi,employment,就业,NOUN,B2
emporium,emporium,词,NOUN,C1
empowerment,empowerment,词,NOUN,C1
empreinte digitale,fingerprint,指纹,NOUN,B2
empress dowager,empress dowager,母后,NOUN,B2
empress mother,empress mother,你母后,NOUN,B2
emptying,emptying,词,NOUN,B2
empyrean,empyrean,词,ADJ,C1
emulation,emulation,模仿,NOUN,B2
emulator,emulator,词,NOUN,C1
emulsify,emulsify,词,VERB,C1
emulsion,emulsion,词,NOUN,C1
en avant,ahead,在前面,ADV,B2
en avant,forth,向前,ADV,B2
en avant,forward,向前,ADV,B2
en bas,down,顺...而下,ADP,B2
en bref,in short,简而言之,ADV,B2
en danger,endangered,濒危的,ADJ,B2
en fer,iron,铁的,ADJ,B2
en haut,up,向上,ADV,B2
en même temps,at the same time,同时,ADV,B2
en personne,in person,亲自地,ADV,B2
en raison de,due to,由于,ADP,B2
en vain,in vain,徒劳,ADV,B2
enamel,enamel,珐琅,NOUN,B2
enamel (verb),enamel,词,VERB,C1
enamor,enamor,词,VERB,C1
encage,encage,词,VERB,C1
encamp,encamp,词,VERB,C1
encampments,encampments,词,NOUN,C1
encapsulate,encapsulate,词,VERB,C1
encase,encase,词,VERB,C1
encens,incense,香,NOUN,B2
encephalic,encephalic,词,ADJ,C1
enchain,enchain,词,VERB,C1
enchanter,to enchant,使着迷,VERB,B2
enchanting,enchanting,迷人的,ADJ,B2
enchère,auction,拍卖,NOUN,B2
encirclement,encirclement,环绕,NOUN,B2
encoding,encoding,编码,NOUN,C1
encomium,encomium,词,NOUN,C1
encore,again,你又,NOUN,B2
encore (noun),encore,词,NOUN,C1
encore moins,let alone,别说,ADV,B2
encounter (noun),encounter,遇上,NOUN,B2
encre,ink,墨水,NOUN,B2
encroachment,encroachment,词,NOUN,C1
encrust,encrust,词,VERB,C1
encrypt,encrypt,词,VERB,C1
encrypted,encrypted,词,ADJ,B2
encumber,encumber,词,VERB,C1
encyclopédique,encyclopedic,百科全书式的,ADJ,B2
end (part),end,端,PART,B2
end of the working day,end of the working day,词,NOUN,C1
end of the year,end of the year,词,NOUN,C1
endear,endear,词,VERB,C1
endeavor,endeavor,努力,NOUN,B2
endeavor (verb),endeavor,词,VERB,C1
ending,ending,了头,NOUN,C1
endogamy,endogamy,词,NOUN,C1
endogenous,endogenous,内生的,ADJ,B2
endoscope,endoscope,词,NOUN,C1
endoscopy,endoscopy,词,NOUN,C1
endowed,endowed,有天赋的,ADJ,B2
endue,endue,词,VERB,C1
endurance,endurance,坚忍,NOUN,B2
enduring hardship,enduring hardship,词,NOUN,C1
enemy army,enemy army,敌军,NOUN,C1
enemy of the state,enemy of the state,词,NOUN,C1
energize,energize,词,VERB,C1
energy crisis,energy crisis,能源危机,NOUN,B2
energy saving,energy saving,节能,NOUN,B2
enfance,childhood,童年,NOUN,B2
enfant trouvé,foundling,弃婴,NOUN,B2
enfeeble,enfeeble,词,VERB,C1
enfeoffment,enfeoffment,封王,NOUN,C1
enfold,enfold,词,VERB,C1
enforceability,enforceability,词,NOUN,C1
enforcement policy,enforcement policy,执法政策,NOUN,B2
enfranchise,enfranchise,词,VERB,C1
enfreindre la discipline,to violate discipline,违纪,VERB,B2
engagé,committed,投入的,ADJ,B2
engagé,engaged,订婚的,ADJ,B2
engender,engender,词,VERB,C1
engine motor,engine motor,词,NOUN,C1
english (adj),english,英语,ADJ,B2
english teacher,english teacher,,NOUN,B2
engouement,infatuation,迷恋,NOUN,B2
engourdissement,numbness,麻木,NOUN,B2
engraft,engraft,词,VERB,C1
engrave in mind,engrave in mind,铭记,VERB,C1
engraver,engraver,词,NOUN,C1
engrossing,engrossing,引人入胜的,ADJ,B2
engulf,engulf,词,VERB,C1
enigma,enigma,词,NOUN,C1
enigmatic,enigmatic,神秘的,ADJ,B2
enjoin,enjoin,词,VERB,C1
enjoyable,enjoyable,词,ADJ,B1
enjoyed,enjoyed,词,ADJ,C1
enkindle,enkindle,词,VERB,C1
enlargement,enlargement,词,NOUN,C1
enlightening,enlightening,词,ADJ,C1
enlistment,enlistment,入伍,NOUN,C1
enliven,enliven,词,VERB,C1
enmesh,enmesh,词,VERB,C1
ennemi,enemy must,仇必,NOUN,B2
ennui,dullness,迟钝,NOUN,B2
ennuyer,to bore,使厌烦,VERB,B2
enoki mushroom,enoki mushroom,金针菇,NOUN,B2
enormously,enormously,巨大地,ADV,B2
enough (adj),enough,足够,ADJ,A1
enough (noun),enough,就够,NOUN,C1
enough okay,enough okay,词,ADJ,A1
enquire,enquire,词,VERB,C1
enquête,inquiry,调查,NOUN,B2
enquêter,to inquire,询问,VERB,B2
enraged,enraged,词,ADJ,C1
enregistrement,record,记录,NOUN,B2
enregistrement vidéo,video recording,录像,NOUN,B2
enriching,enriching,词,ADJ,C1
enrolled,enrolled,词,ADJ,B2
enrouler,to wind,缠绕,VERB,B2
ensconce,ensconce,词,VERB,C1
enseignement,teaching,教学,NOUN,B2
enshrine,enshrine,词,VERB,C1
enshrinement,enshrinement,词,NOUN,C1
enshroud,enshroud,词,VERB,C1
ensign,ensign,词,NOUN,C1
enslavement by love,enslavement by love,词,NOUN,C1
ensue,ensue,词,VERB,B2
ensuite,after that,此后,ADV,B2
ensuite,afterwards,后来,ADV,B2
entanglement,entanglement,缠,NOUN,C1
entelechy,entelechy,词,NOUN,C1
entendre,to hear a case,审理,VERB,B2
entering city,entering city,入城,NOUN,C1
entering home,entering home,进家,NOUN,B2
enterprising,enterprising,词,ADJ,C1
entertainer,entertainer,词,NOUN,B2
entertaining,entertaining,有趣的,ADJ,B2
enthousiaste,enthusiast,爱好者,NOUN,B2
enticement,enticement,词,NOUN,C1
entirely,entirely,完全地,ADV,B2
entitle,entitle,词,VERB,C1
entitled to exist,entitled to exist,词,ADJ,C1
entitlement,entitlement,权利,NOUN,C1
entitlements,entitlements,词,NOUN,B2
entomb,entomb,词,VERB,C1
entomology,entomology,词,NOUN,C1
entourage,entourage,随从,NOUN,B2
entrance ticket,entrance ticket,门票,NOUN,B2
entranced,entranced,痴迷的,ADJ,B2
entrancing,entrancing,词,ADJ,C1
entrant,incoming,进来的,ADJ,B2
entrap,entrap,词,VERB,C1
entrapment,entrapment,身陷,NOUN,B2
entrave,hindrance,障碍,NOUN,B2
entraînement spirituel,spirit training,练神,NOUN,B2
entraîner,to coach,辅导,VERB,B2
entreat,entreat,词,VERB,C1
entremetteur,matchmaker,媒,NOUN,B2
entrenchment,entrenchment,词,NOUN,C1
entrepreneur,entrepreneur,企业家,NOUN,B2
entrepreneurship,entrepreneurship,词,NOUN,C1
entreprise,enterprise,企业,NOUN,B2
entreprise,undertaking,事业,NOUN,B2
entrer,to come in,进来,VERB,B2
entrer,to go in,进去,VERB,B2
entrer en fonction,to take office,就职,VERB,B2
entrer en ville,to enter city,进城,VERB,B2
entry,entry,入口,NOUN,B2
entwine,entwine,词,VERB,C1
enumeration,enumeration,列举,NOUN,B2
enunciation,enunciation,发音,NOUN,B2
enunciative,enunciative,词,ADJ,C1
envelop,envelop,词,VERB,C1
envenom,envenom,词,VERB,C1
enviable,enviable,令人羡慕的,ADJ,B2
envious,envious,嫉妒的,ADJ,B2
envious jealous,envious jealous,嫉妒的,ADJ,B2
environ,approximately,大约,ADV,B2
environ,environ,词,VERB,C1
environmental protection,environmental protection,环境保护,NOUN,B2
environmental report,environmental report,环境报告,NOUN,B2
environmental technology,environmental technology,环保技术,NOUN,B2
envisage,envisage,词,VERB,C1
envision,to envision,展望,VERB,B2
envoy,envoy,词,NOUN,B2
envy,envy,嫉妒,NOUN,B2
envy,to envy,羡慕,VERB,B2
enwetens,enwetens,词,ADV,C1
enzyme,enzyme,酶,NOUN,B2
eon age,eon age,词,NOUN,C1
ephemeral,ephemeral,短暂的,ADJ,B2
epic,epic,史诗,NOUN,B2
epic (adj),epic,史诗的,ADJ,C1
epic quality,epic quality,词,NOUN,C1
epicurean,epicurean,享乐主义的,ADJ,B2
epidemic,epidemic,流行病,NOUN,B2
epidermal,epidermal,词,ADJ,C1
epigram,epigram,词,NOUN,C1
epilepsy,epilepsy,词,NOUN,C1
epilogue,epilogue,词,NOUN,C1
episode,episode,集,NOUN,B2
episodic,episodic,词,ADJ,C1
epistemology,epistemology,认识论,NOUN,B2
epistolary,epistolary,词,ADJ,C1
epitaph,epitaph,墓志铭,NOUN,B2
epithet,epithet,绰号,NOUN,B2
epitome,epitome,化身,NOUN,B2
epitomize,epitomize,词,VERB,C1
epoch,epoch,时代,NOUN,B2
eponymous,eponymous,词,ADJ,C1
equal,equal,相等的,ADJ,B2
equal same,equal same,词,ADJ,A1
equal size,equal size,等大,NOUN,B2
equal treatment,equal treatment,平等待遇,NOUN,B2
equality,equality,平等,NOUN,B2
equally,equally,同样地,ADV,B2
equally matched,equally matched,不相上下,ADJ,B2
equanimity,equanimity,词,NOUN,C1
equation,equation,方程,NOUN,B2
equatorial,equatorial,词,ADJ,C1
equestrian,equestrian,马术的,ADJ,B2
equestrianism,equestrianism,马术,NOUN,B2
equidistant,equidistant,词,ADJ,C1
equilateral,equilateral,等边的,ADJ,B2
equilibrate,equilibrate,词,VERB,C1
equilibrium,equilibrium,平衡,NOUN,B2
equipment,equipment,设备,NOUN,B2
equipped,equipped,配备的,ADJ,B2
equity,equity,公平,NOUN,B2
equivalent,equivalent,等价物,NOUN,B2
equivalent (adj),equivalent,相等的,ADJ,B2
equivalent to,equivalent to,相当,ADJ,B1
equivocal,equivocal,词,ADJ,C1
equivocate,equivocate,词,VERB,C1
era,era,时代,NOUN,B2
eradicate,to eradicate,根除,VERB,B2
eradication,eradication,根除,NOUN,B2
erect,to erect,建立,VERB,B2
erection,erection,词,NOUN,C1
ererziehung,ererziehung,词,NOUN,C1
erfahrt,erfahrt,词,NOUN,B2
erfassung,erfassung,词,NOUN,C1
erforderung,erforderung,词,NOUN,B2
ergabe,ergabe,词,NOUN,C1
ergestaltung,ergestaltung,词,NOUN,C1
ergonomics,ergonomics,词,NOUN,C1
erhu,erhu,二胡,NOUN,B2
erkunft,erkunft,词,NOUN,C1
ernahme,ernahme,词,NOUN,C1
erosion,erosion,侵蚀,NOUN,B2
erotic,erotic,色情的,ADJ,B2
eroticism,eroticism,色情,NOUN,B2
erpflegung,erpflegung,词,NOUN,C1
err,to err,犯错,VERB,B2
errance,wandering,漫游,NOUN,B2
errand,errand,差事,NOUN,B2
errant,errant,词,ADJ,C1
errata,errata,勘误,NOUN,B2
erratic,erratic,不稳定的,ADJ,B2
erregelung,erregelung,词,NOUN,C1
errer,to roam,漫游,VERB,B2
erreur,make mistake,犯错,NOUN,B2
erroneous,erroneous,词,ADJ,C1
erschaft,erschaft,词,NOUN,B2
erschrift,erschrift,词,NOUN,C1
ersetzung,ersetzung,词,NOUN,B2
ersicht,ersicht,词,NOUN,C1
ersinnung,ersinnung,词,NOUN,C1
ersprache,ersprache,词,NOUN,C1
ersucht,ersucht,词,NOUN,C1
ersuchung,ersuchung,词,NOUN,C1
erteilung,erteilung,词,NOUN,C1
ertheilung,ertheilung,词,NOUN,C1
ertreibung,ertreibung,词,NOUN,C1
erudite,erudite,博学的,ADJ,B2
erudition,erudition,博学,NOUN,B2
erupt,erupt,词,VERB,C1
eruption,eruption,爆发,NOUN,B2
erwandel,erwandel,词,NOUN,C1
erweisung,erweisung,词,NOUN,B2
erwirkung,erwirkung,词,NOUN,B2
erzerziehung,erzerziehung,词,NOUN,C1
erzfahrt,erzfahrt,词,NOUN,B2
erzfassung,erzfassung,词,NOUN,C1
erzforderung,erzforderung,词,NOUN,C1
erzgabe,erzgabe,词,NOUN,C1
erzgestaltung,erzgestaltung,词,NOUN,C1
erzkunft,erzkunft,词,NOUN,C1
erznahme,erznahme,词,NOUN,C1
erzpflegung,erzpflegung,词,NOUN,C1
erzregelung,erzregelung,词,NOUN,B2
erzrichtung,erzrichtung,词,NOUN,C1
erzschaft,erzschaft,词,NOUN,C1
erzschrift,erzschrift,词,NOUN,C1
erzsetzung,erzsetzung,词,NOUN,C1
erzsicht,erzsicht,词,NOUN,C1
erzsinnung,erzsinnung,词,NOUN,C1
erzsprache,erzsprache,词,NOUN,C1
erzsucht,erzsucht,词,NOUN,C1
erzsuchung,erzsuchung,词,NOUN,C1
erzteilung,erzteilung,词,NOUN,C1
erztheilung,erztheilung,词,NOUN,B2
erztreibung,erztreibung,词,NOUN,C1
erzwandel,erzwandel,词,NOUN,C1
erzweisung,erzweisung,词,NOUN,C1
erzwirkung,erzwirkung,词,NOUN,C1
escalate,to escalate,升级,VERB,B2
escalator,escalator,自动扶梯,NOUN,B2
escalier,stairs,楼梯,NOUN,B2
escaping,escaping,词,NOUN,C1
eschatological,eschatological,词,ADJ,C1
escheat,escheat,词,VERB,C1
eschew,eschew,词,VERB,C1
escort (noun),escort,你带人,NOUN,B2
escort agency,escort agency,镖局,NOUN,B2
escort mission,escort mission,跑镖,NOUN,C1
escort request,escort request,镖要,NOUN,C1
escorter,escort,护卫,NOUN,B2
escorter,to escort,护送,VERB,B2
escroquer,to defraud,诈骗,VERB,B2
esophagus,esophagus,词,NOUN,B2
esoteric,esoteric,词,ADJ,C1
esotericism,esotericism,秘教,NOUN,B2
espagnol,spanish,西班牙语,NOUN,B2
espresso,espresso,浓缩咖啡,NOUN,B2
esprit,spirit,精神,NOUN,B2
esprit,wits,心眼,NOUN,B2
espèce,species,物种,NOUN,B2
espérer,to hope to wish,希望,VERB,B2
esquisser,to outline,勾勒,VERB,B2
esquiver,to evade,逃避,VERB,B2
essayist,essayist,词,NOUN,C1
essayistic,essayistic,词,ADJ,C1
essayistic quality,essayistic quality,词,NOUN,C1
essence,essence,本质,NOUN,B2
essence core,essence core,词,NOUN,B2
essentiality,essentiality,词,NOUN,C1
essentiellement,basically,基本上,ADV,B2
essuie-glace,wiper,雨刷,NOUN,B2
esteemed guest,esteemed guest,嘉宾,NOUN,B2
esthétique,aesthetics,美学,NOUN,B2
estimation,estimation,词,NOUN,C1
estime,esteem,尊重,NOUN,B2
estrange,estrange,词,VERB,C1
estuaire,estuary,河口,NOUN,B2
etc,etc,等等,NOUN,B2
etc.,etc.,词,ADV,C1
etch,etch,词,VERB,C1
eternally receive,eternally receive,永受,NOUN,C1
eternity without beginning,eternity without beginning,词,NOUN,C1
eternity without end,eternity without end,词,NOUN,C1
ethereal,ethereal,飘渺的,ADJ,B2
ethereum,ethereum,以太坊,NOUN,B2
ethical,ethical,道德的,ADJ,B2
ethnic Chinese,ethnic Chinese,华裔,NOUN,B1
ethnicité,ethnicity,种族,NOUN,B2
ethnographie,ethnography,人种学,NOUN,B2
ethnologie,ethnology,民族学,NOUN,B2
etymology,etymology,词源学,NOUN,B2
eulogize,eulogize,词,VERB,C1
eunuch,eunuch,词,NOUN,C1
euphemistic,euphemistic,委婉的,ADJ,B2
euphonic,euphonic,悦耳的,ADJ,B2
euphoric,euphoric,词,ADJ,C1
europe,europe,欧洲,PROPN,B2
euthanasia,euthanasia,词,NOUN,C1
evanesce,evanesce,词,VERB,C1
evangelical,evangelical,词,ADJ,C1
evangelist,evangelist,词,NOUN,C1
evangelization,evangelization,词,NOUN,C1
evaporating,evaporating,词,ADJ,C1
evasion,evasion,逃避,NOUN,B2
eve,eve,前夕,NOUN,C1
even,even,甚至,ADV,B2
even if (adp),even if,就算,ADP,A2
even me,even me,连我,NOUN,C1
even pulse,even pulse,脉象平,NOUN,C1
even you,even you,连你,PRON,B2
evening chat,evening chat,晚间闲谈,NOUN,B2
evening gathering,evening gathering,词,NOUN,C1
evening meal,evening meal,晚餐,NOUN,B2
evening newspaper,evening newspaper,晚报,NOUN,C1
evening night,evening night,晚上,NOUN,A1
evening party,evening party,词,NOUN,B1
evenly,evenly,均匀地,ADV,B2
events,events,事件,NOUN,C1
eventual,eventual,词,ADJ,C1
eventual outcome,eventual outcome,词,NOUN,C1
eventuate,eventuate,词,VERB,C1
ever,ever,,NOUN,B2
everlasting,everlasting,词,ADJ,C1
everlastingness,everlastingness,词,NOUN,C1
every,every,每个,PRON,B2
every day (noun),every day,每天,NOUN,C1
every other,every other,每隔一个,DET,B2
every other sunday,every other sunday,每隔一周的星期日,NOUN,B2
every time,every time,每次,NOUN,C1
everybody,everybody,词,PRON,A1
everyday family life,everyday family life,家常,NOUN,C1
everyday life,everyday life,日常生活,NOUN,B2
everydayness,everydayness,词,NOUN,B2
everyone,everyone,各位,NOUN,B2
everyone gives their own view,everyone gives their own view,各抒己见,NOUN,B2
evidence bag,evidence bag,,NOUN,B2
evidentiary weight,evidentiary weight,词,NOUN,C1
evil,evil,邪,PART,B2
evil (adj),evil,词,ADJ,B1
evil move,evil move,邪招,NOUN,C1
evince,evince,词,VERB,C1
eviscerate,eviscerate,词,VERB,C1
evocation,evocation,唤起,NOUN,B2
evocative,evocative,引起回忆的,ADJ,B2
evolutionary,evolutionary,词,ADJ,C1
exact,exact,精确的,ADJ,B2
exactitude,exactitude,词,NOUN,C1
exactly just,exactly just,恰好,ADV,B2
exactly the same,exactly the same,一模一样,ADJ,B2
exactness,exactness,精确,NOUN,B2
exagéré,exaggerated,夸张的,ADJ,B2
exaltation,exaltation,狂热,NOUN,B2
exalted,exalted,狂热的,ADJ,B2
exam evening,exam evening,,NOUN,B2
exam paper,exam paper,试卷,NOUN,B2
exam to take an exam,exam to take an exam,考试,NOUN,A1
examen,exam,考试,NOUN,B2
examen,examination,考试,NOUN,B2
examiner,review,回顾,NOUN,B2
examiner,screen,屏幕,NOUN,B2
examiner,to review,复习,VERB,B2
examiner,to screen,筛选,VERB,B2
exaspération,exasperation,恼怒,NOUN,B2
excavated,excavated,词,ADJ,B1
excavator,excavator,挖掘机,NOUN,B2
excellence,excellence,卓越,NOUN,B2
excellent,excellent,优秀的,ADJ,B2
exceller,to excel,擅长,VERB,B2
excentrique,weirdo,怪人,NOUN,B2
except unless,except unless,词,ADP,A2
exception,exception,例外,NOUN,B2
exceptionality,exceptionality,特殊性,NOUN,B2
excessiveness,excessiveness,词,NOUN,C1
exchange goods,exchange goods,换货,NOUN,B2
exchange greetings,exchange greetings,寒暄,VERB,C1
exchange meeting,exchange meeting,交流会,NOUN,B2
exchange money,exchange money,词,NOUN,A1
exchange of accusations,exchange of accusations,词,NOUN,C1
exchange of verses,exchange of verses,词,NOUN,C1
exchange rate,exchange rate,汇率,NOUN,B1
exchange student,exchange student,交流生,NOUN,C1
exchanger,exchanger,词,NOUN,C1
exchanges,exchanges,词,NOUN,C1
excise (noun),excise,词,NOUN,C1
excise (verb),excise,词,VERB,C1
excitability,excitability,兴奋性,NOUN,B2
excitant,exciting,令人兴奋的,ADJ,B2
excité,excited,兴奋的,ADJ,B2
exclamation,exclamation,感叹,NOUN,B2
exclamation (punct),exclamation,词,PUNCT,A2
exclu,excluded,排除在外的,ADJ,B2
exclusion,exclusion,排除,NOUN,B2
exclusionary,exclusionary,排他性的,ADJ,B2
exclusive dedication,exclusive dedication,词,NOUN,C1
exclusivism,exclusivism,词,NOUN,C1
exclusivité,exclusivity,排他性,NOUN,B2
excommunication,excommunication,绝罚,NOUN,B2
excrement,excrement,排泄物,NOUN,B2
excrescence,excrescence,词,NOUN,C1
excrete,excrete,词,VERB,C1
excretion,excretion,排泄,NOUN,B2
exculpation,exculpation,开脱,NOUN,B2
excursion,excursion,郊游,NOUN,B2
excuse,apology,道歉,NOUN,B2
excuse,excuse,借口,NOUN,B2
excuse me (intj),excuse me,劳驾,INTJ,B1
excuse me (verb),excuse me,失陪,VERB,B2
excès,excess,过量,NOUN,B2
execution by firing squad,execution by firing squad,词,NOUN,C1
executory,executory,词,ADJ,C1
exemplar,exemplar,楷模,NOUN,C1
exemplary country,exemplary country,模范国家,NOUN,B2
exemption from admission exam,exemption from admission exam,推免,NOUN,C1
exercice,exercise,锻炼,NOUN,B2
exercise book,exercise book,词,NOUN,C1
exercise equipment,exercise equipment,词,NOUN,B2
exercise of authority,exercise of authority,词,NOUN,B2
exercises,exercises,词,NOUN,B2
exert,exert,词,VERB,C1
exhalation,exhalation,呼气,NOUN,B2
exhaust gas,exhaust gas,废气,NOUN,C1
exhaustif,comprehensive,全面的,ADJ,B2
exhausting,exhausting,词,ADJ,B2
exhibit (noun),exhibit,证物,NOUN,B2
exhibition center,exhibition center,展览中心,NOUN,C1
exhibition match,exhibition match,表演赛,NOUN,C1
exhibitor,exhibitor,词,NOUN,C1
exhilarate,exhilarate,词,VERB,C1
exhortation,exhortation,劝诫,NOUN,B2
exhorter,to urge,强烈要求,VERB,B2
exhumation,exhumation,掘墓,NOUN,B2
exigent,exigent,词,ADJ,C1
exiled,exiled,词,ADJ,C1
existence,existence,存在,NOUN,B2
existential,existential,存在主义的,ADJ,B2
exit (verb),exit,词,VERB,A1
exodus,exodus,词,NOUN,C1
exoneration,exoneration,词,NOUN,C1
exorbitant,exorbitant,过高的,ADJ,B2
exorcism,exorcism,词,NOUN,C1
exotic,exotic,异国情调的,ADJ,B2
exoticism,exoticism,异国情调,NOUN,B2
expanse,expanse,词,NOUN,B2
expansion,expansion,扩张,NOUN,B2
expansionism,expansionism,扩张主义,NOUN,C1
expansive,expansive,扩张的,ADJ,B2
expatiate,expatiate,词,VERB,C1
expatriation,expatriation,词,NOUN,C1
expectant,expectant,词,ADJ,C1
expectoration,expectoration,词,NOUN,C1
expedite,expedite,词,VERB,C1
expeditionary,expeditionary,词,ADJ,C1
expeditious,expeditious,迅速的,ADJ,B2
expenditures,expenditures,支出,NOUN,C1
expensiveness,expensiveness,词,NOUN,B2
experience exchange,experience exchange,经验交流,NOUN,B2
experiences,experiences,经验,NOUN,C1
experiential marker,experiential marker,过,PART,A2
experimentation,experimentation,词,NOUN,C1
expert,expert,专家,NOUN,B2
expert opinion,expert opinion,专家意见,NOUN,B2
expertise,expertise,专业知识,NOUN,B2
expertise center,expertise center,专业中心,NOUN,B2
expiate,expiate,词,VERB,C1
expiration,expiration,词,NOUN,C1
expirer,to expire,到期,VERB,B2
explanatory,explanatory,解释的,ADJ,B2
expletive,expletive,词,NOUN,C1
explicable,explicable,可解释的,ADJ,B2
explicate,explicate,词,VERB,C1
exploit (noun),exploit,词,NOUN,C1
exploitable,exploitable,词,ADJ,C1
exploitation,exploitation,利用,NOUN,B2
exploits,exploits,词,NOUN,C1
exploration,exploration,探索,NOUN,B2
exploratory,exploratory,词,ADJ,C1
explosif,explosive,爆炸性的,ADJ,B2
explosion,explosion,爆炸,NOUN,B2
explosion-proof,explosion-proof,防爆,ADJ,B2
explosive (noun),explosive,词,NOUN,B2
explosives,explosives,炸药,NOUN,B2
exponent,exponent,指数,NOUN,B2
exportation,exportation,词,NOUN,C1
exports,exports,词,NOUN,C1
exposer,to expound,阐述,VERB,B2
exposition,exposition,阐述,NOUN,B2
exposition,exposure,暴露,NOUN,B2
expostulate,expostulate,词,VERB,C1
express,express,明确的,ADJ,B2
express car,express car,快车,NOUN,B2
express delivery,express delivery,快递,NOUN,C1
expression,expression,表达,NOUN,B2
expression of opinion,expression of opinion,意见表达,NOUN,B2
expressionism,expressionism,词,NOUN,C1
expressiveness,expressiveness,表现力,NOUN,B2
expropriation,expropriation,征用,NOUN,B2
expulsion,eviction,驱逐,NOUN,B2
expulsion,expulsion,驱逐,NOUN,B2
expunge,expunge,词,VERB,C1
expédier,to ship out,出货,VERB,B2
expérience,experiment,实验,NOUN,B2
expérimenter,to experience,经历,VERB,B2
exquisiteness,exquisiteness,词,NOUN,C1
extemporize,extemporize,词,VERB,C1
extended,extended,广泛的,ADJ,B2
extended reality,extended reality,扩展现实,NOUN,C1
extension,extension,延伸,NOUN,B2
extension,spread,传播,NOUN,B2
extenuate,extenuate,词,VERB,C1
extenuating,extenuating,词,ADJ,C1
exterior,exterior,在外,NOUN,B2
extermination,extermination,灭绝,NOUN,B2
external hard drive,external hard drive,移动硬盘,NOUN,B2
extinct,extinct,灭绝的,ADJ,B2
extinction,extinction,灭绝,NOUN,B2
extinguishable,extinguishable,词,ADJ,C1
extinguished listless,extinguished listless,熄灭的/无精打采的,ADJ,C1
extinguishing,extinguishing,词,NOUN,C1
extirpation,extirpation,切除,NOUN,B2
extolling,extolling,词,NOUN,C1
extorquer,to extort,敲诈,VERB,B2
extort a confession,extort a confession,逼供,VERB,C1
extra,extra,额外的,ADJ,B2
extra (adv),extra,词,ADV,A1
extra drink,extra drink,多喝,NOUN,C1
extraction,extraction,提取,NOUN,B2
extradition,extradition,引渡,NOUN,B2
extrait,excerpt,摘录,NOUN,B2
extramarital,extramarital,词,ADJ,C1
extrapolation,extrapolation,词,NOUN,C1
extraterrestrial,extraterrestrial,外星的,ADJ,B2
extravagant,extravagant,奢侈的,ADJ,B2
extraversion,extraversion,词,NOUN,C1
extraversion,extroversion,外向,NOUN,B2
extreme (noun),extreme,至极,NOUN,B2
extreme cold,extreme cold,极寒,NOUN,C1
extreme height,extreme height,极高,NOUN,B2
extreme unction,extreme unction,词,NOUN,C1
extreme weather,extreme weather,极端天气,NOUN,C1
extremism,extremism,词,NOUN,C1
extremity,extremity,极为,NOUN,B2
extrinsic,extrinsic,词,ADJ,C1
extrovert,extrovert,词,ADJ,C1
extroverted,extroverted,外向,ADJ,B2
extrude,extrude,词,VERB,C1
extrême,extreme,أقصى,NOUN,B2
extrêmement,extremely,极其,ADV,B2
exuberance,exuberance,繁茂,NOUN,B2
exuberant,exuberant,繁茂的,ADJ,B2
exudation,exudation,词,NOUN,C1
exultation,exultation,欢腾,NOUN,B2
exécuteur,executor,遗嘱执行人,NOUN,B2
exécutif,executive,行政主管,NOUN,B2
eye (part),eye,眼,PART,A2
eye-care,eye-care,目养,NOUN,C1
eyebrows,eyebrows,词,NOUN,A1
eyes,eyes,眼中,NOUN,B2
eyesight,eyesight,视力,NOUN,B1
fable,fable,寓言,NOUN,B2
fabricant,maker,制造者,NOUN,B2
fabricated,fabricated,词,ADJ,B2
fabrication,fabrication,捏造,NOUN,B2
fabulist,fabulist,幻想家,NOUN,B2
fabulous,fabulous,极好的,ADJ,B2
face towel,face towel,面巾,NOUN,C1
face veil,face veil,词,NOUN,B2
facilitation,facilitation,词,NOUN,C1
facticity,facticity,词,NOUN,C1
faction,faction,派,NOUN,B2
factionalism,factionalism,派系主义,NOUN,B2
factious,factious,词,ADJ,C1
factotum,factotum,词,NOUN,C1
factual,factual,事实的,ADJ,B2
fad,fad,词,NOUN,C1
fade,bland,平淡的,ADJ,B2
fade away,fade away,词,VERB,C1
fading away,fading away,词,NOUN,C1
fag,fag,词,NOUN,C1
faggot,faggot,词,NOUN,C1
failed,failed,失败的,ADJ,B2
failing an exam,failing an exam,不及格,NOUN,B2
failing student,failing student,词,NOUN,B2
faille,loophole,漏洞,NOUN,B2
failure to act,failure to act,词,NOUN,C1
faint,faint,微弱的,ADJ,B2
faint (noun),faint,词,NOUN,C1
fair decent,fair decent,公平的/正派的,ADJ,B2
fair hair,fair hair,,NOUN,B2
fair-haired,fair-haired,词,ADJ,B1
faire,to make,制作,VERB,B2
faire appel,to appeal,呼吁,VERB,B2
faire attention,to pay attention,注意,VERB,B2
faire attention,to take care,照顾,VERB,B2
faire chanter,to blackmail,勒索,VERB,B2
faire connaissance,to get acquainted,相互认识,VERB,B2
faire d'une pierre deux coups,kill two birds with one stone,一举两得,ADJ,B2
faire du bruit,to make noise,闹得,VERB,B2
faire faillite,to go bankrupt,破产,VERB,B2
faire un discours,to make a speech,发言,VERB,B2
fairness,fairness,词,NOUN,B2
faisable,feasible,可行的,ADJ,B2
fait,done,事已,NOUN,B2
faithfully,faithfully,词,ADV,C1
faithlessness,faithlessness,弃义,NOUN,C1
fake and inferior,fake and inferior,伪劣,ADJ,C1
fake goods,fake goods,假货,NOUN,C1
falconry,falconry,猎鹰术,NOUN,B2
fall collapse,fall collapse,词,NOUN,C1
fall on,fall on,落在,NOUN,C1
fallibility,fallibility,易错性,NOUN,B2
fallible,fallible,词,ADJ,C1
falling into,falling into,落进,NOUN,C1
falling off horse,falling off horse,坠马,NOUN,C1
fallout,fallout,词,NOUN,C1
fallow land,fallow land,词,NOUN,B2
false oath,false oath,词,NOUN,C1
falsification,falsification,词,NOUN,C1
falsifier,to falsify,伪造,VERB,B2
falsity,falsity,虚假,NOUN,B2
falter,falter,词,VERB,C1
faltering,faltering,词,ADJ,C1
familial,familial,词,ADJ,B2
familiar with,familiar with,熟悉,ADJ,A2
familiarité,familiarity,مألوف,NOUN,B2
family background,family background,出身,NOUN,B2
family circle,family circle,家庭圈子,NOUN,B2
family composition,family composition,家庭构成,NOUN,B2
family happiness,family happiness,天伦之乐,NOUN,B2
family has,family has,家有,NOUN,C1
family life,family life,家庭生活,NOUN,B2
family portrait,family portrait,全家福,NOUN,B2
family relatives,family relatives,亲属,NOUN,B2
family reunification,family reunification,家庭团聚,NOUN,B2
family situation,family situation,词,NOUN,C1
family tension,family tension,家庭紧张,NOUN,B2
family therapy,family therapy,词,NOUN,C1
family tie,family tie,家庭纽带,NOUN,B2
famine,famine,饥荒,NOUN,B2
famish,famish,词,VERB,C1
famished,famished,词,ADJ,C1
famous brand,famous brand,名牌,NOUN,B2
famous catcher,famous catcher,名捕,NOUN,C1
famous family,famous family,名门,NOUN,B2
fanatic,fanatic,狂热的,ADJ,B2
fanatical,fanatical,词,ADJ,C1
fanatisme,fanaticism,狂热,NOUN,B2
fancy,fancy,词,ADJ,B1
fancy decoration,fancy decoration,词,NOUN,C1
fantasize,fantasize,词,VERB,C1
fantasizing,fantasizing,词,NOUN,C1
fantastique,fantastic,极好的,ADJ,B2
far away,far away,远远,ADV,B2
far from,far from,远非,NOUN,B2
farce,farce,闹剧,NOUN,B2
fare,fare,车费,NOUN,B2
farewell banquet,farewell banquet,告别宴,NOUN,C1
farm yard,farm yard,农场,NOUN,B2
farmland,farmland,农田,NOUN,C1
farmstead,farmstead,农庄,NOUN,B2
farrow,farrow,词,VERB,C1
fart (noun),fart,屁,NOUN,C1
fascinated,fascinated,着迷的,ADJ,B2
fascination,fascination,魅力,NOUN,B2
fascism,fascism,法西斯主义,NOUN,B2
fascist (noun),fascist,词,NOUN,C1
fashion plate,fashion plate,词,NOUN,C1
fashionable,fashionable,时髦,ADJ,B2
fast,fast,快地,ADV,B2
fast forward,fast forward,快进,VERB,C1
fastening,fastening,要扎紧,NOUN,B2
faster,faster,更快的,ADJ,B2
fatal,fatal,致命的,ADJ,B2
fatalist (adj),fatalist,宿命论的,ADJ,C1
fatalist (noun),fatalist,词,NOUN,C1
fatality,fatality,致命性,NOUN,B2
fateful,fateful,词,ADJ,C1
father (part),father,父,PART,B2
father and daughter,father and daughter,父女俩,NOUN,C1
fathom,fathom,词,VERB,C1
fatigue,fatigue,疲劳,NOUN,B2
fatigue,tiredness,疲劳,NOUN,B2
fatness,fatness,词,NOUN,C1
fats,fats,词,NOUN,C1
fatsoenlijk,fatsoenlijk,体面的,ADJ,B2
fatty,fatty,脂肪的,ADJ,B2
fatty acid,fatty acid,词,NOUN,C1
fatuous,fatuous,词,ADJ,C1
fatwa,fatwa,词,NOUN,B2
faucet,faucet,词,NOUN,C1
faucon,falcon,猎鹰,NOUN,B2
faulty,faulty,词,ADJ,C1
faute,fault,错误,NOUN,B2
fauteuil roulant,wheelchair,轮椅,NOUN,B2
faux,fake,假的,ADJ,B2
faveur,favor,恩惠,NOUN,B2
favor kindness,favor kindness,恩,NOUN,C1
favorite,favorite,最爱,NOUN,B2
favoritism,favoritism,偏袒,NOUN,B2
favourite,favourite,词,ADJ,B1
fawn,fawn,词,VERB,C1
fax,fax,传真,NOUN,B2
faze,faze,词,VERB,B1
façonner,to shape,塑造,VERB,B2
fear book,fear book,怕本,NOUN,B2
fear of heights,fear of heights,词,NOUN,B2
fearlessness,fearlessness,词,NOUN,C1
feast,feast,盛宴,NOUN,B2
february,february,二月,NOUN,B2
feces,feces,屎,NOUN,C1
fecundate,fecundate,词,VERB,C1
fecundity,fecundity,词,NOUN,C1
fed up (adj),fed up,词,ADJ,B1
federalization,federalization,联邦化,NOUN,B2
federalize,federalize,词,VERB,C1
feeble,feeble,虚弱的,ADJ,B2
feeble-minded,feeble-minded,弱智的,ADJ,B2
feeding,feeding,词,NOUN,C1
feel embarrassed or awkward,feel embarrassed or awkward,为难,ADJ,B2
feel unwell,feel unwell,难受,ADJ,B2
feeling emotion love,feeling emotion love,情,NOUN,C1
feigning ignorance,feigning ignorance,词,VERB,C1
feigning youthfulness,feigning youthfulness,装嫩,VERB,C1
felicitate,felicitate,词,VERB,C1
feline,feline,词,ADJ,C1
felt,felt,词,NOUN,C1
female general,female general,女将,NOUN,C1
female judge,female judge,词,NOUN,C1
female neighbor,female neighbor,词,NOUN,C1
female prosecutor,female prosecutor,词,NOUN,C1
female student,female student,词,NOUN,C1
female teacher,female teacher,词,NOUN,C1
female thief,female thief,女贼,NOUN,C1
females,females,词,NOUN,B2
feminization,feminization,词,NOUN,C1
femme,wife,妻子,NOUN,B2
fend,fend,词,VERB,C1
fender,fender,词,NOUN,C1
feng shui,feng shui,风水,NOUN,C1
fennec fox,fennec fox,词,NOUN,B2
fenouil,fennel,茴香,NOUN,B2
fente,split,分裂,NOUN,B2
fenugreek,fenugreek,词,NOUN,B2
fenêtre,window,窗户,NOUN,B2
feral,feral,词,ADJ,C1
fermata,fermata,词,NOUN,B2
ferme,firm,坚固的,ADJ,B2
fermentation,fermentation,发酵,NOUN,B2
fermented bean,fermented bean,豆豉,NOUN,C1
fermenter,to ferment,发酵,VERB,B2
fermer,to close the door,关门,VERB,B2
fern,fern,蕨类植物,NOUN,B2
fernbildung,fernbildung,词,NOUN,C1
fernerziehung,fernerziehung,词,NOUN,C1
fernfahrt,fernfahrt,词,NOUN,C1
fernfassung,fernfassung,词,NOUN,C1
fernforderung,fernforderung,词,NOUN,C1
ferngabe,ferngabe,词,NOUN,C1
ferngestaltung,ferngestaltung,词,NOUN,C1
fernkunft,fernkunft,词,NOUN,B2
fernleitung,fernleitung,词,NOUN,C1
fernmessung,fernmessung,词,NOUN,C1
fernnahme,fernnahme,词,NOUN,C1
fernordnung,fernordnung,词,NOUN,C1
fernpflegung,fernpflegung,词,NOUN,C1
fernrechnung,fernrechnung,词,NOUN,B2
fernregelung,fernregelung,词,NOUN,C1
fernrichtung,fernrichtung,词,NOUN,C1
fernschaft,fernschaft,词,NOUN,B2
fernschrift,fernschrift,词,NOUN,C1
fernsetzung,fernsetzung,词,NOUN,C1
fernsicht,fernsicht,词,NOUN,C1
fernsinnung,fernsinnung,词,NOUN,C1
fernsprache,fernsprache,词,NOUN,C1
fernstellung,fernstellung,词,NOUN,C1
fernsucht,fernsucht,词,NOUN,B2
fernsuchung,fernsuchung,词,NOUN,C1
fernteilung,fernteilung,词,NOUN,C1
ferntheilung,ferntheilung,词,NOUN,B2
ferntreibung,ferntreibung,词,NOUN,C1
fernwandel,fernwandel,词,NOUN,C1
fernwandlung,fernwandlung,词,NOUN,C1
fernweisung,fernweisung,词,NOUN,C1
fernwendung,fernwendung,词,NOUN,C1
fernwirkung,fernwirkung,词,NOUN,C1
ferret,ferret,雪貂,NOUN,B2
ferrule,ferrule,箍,NOUN,B2
ferry,ferry,渡轮,NOUN,B2
fertile,fertile,肥沃的,ADJ,B2
fertilisation,fertilization,施肥,NOUN,B2
fervent,fervent,词,ADJ,C1
fesse,ass,驴,NOUN,B2
fesses,buttocks,屁股,NOUN,B2
festival,festival,节日,NOUN,B2
festivals,festivals,词,NOUN,C1
festive,festive,节日的,ADJ,B2
festivity,festivity,词,NOUN,C1
fete,fete,词,VERB,C1
fetid,fetid,词,ADJ,C1
fetishism,fetishism,词,NOUN,B2
fetter,fetter,词,VERB,C1
feud end,feud end,仇终,NOUN,C1
feudal ethics,feudal ethics,礼教,NOUN,B2
feuille,sheet,床单,NOUN,B2
feux d'artifice,fireworks,烟花,NOUN,B2
feverish,feverish,词,ADJ,C1
few,few,几下,NOUN,B2
fewer,fewer,较少的,ADJ,B2
fez,fez,词,NOUN,B2
fiable,trustworthy,值得信赖的,ADJ,B2
fiancee,fiancee,未婚妻,NOUN,B2
fiancé,fiance,未婚夫,NOUN,B2
fib,fib,词,VERB,C1
fibrous,fibrous,词,ADJ,C1
fickleness,fickleness,反复无常,NOUN,B2
fiction,fiction,小说,NOUN,B2
fictional character,fictional character,虚构角色,NOUN,B2
fictionalization,fictionalization,词,NOUN,C1
fictionalize,fictionalize,词,VERB,C1
fictionnel,fictional,虚构的,ADJ,B2
fiddle (noun),fiddle,词,NOUN,B2
fiddle (verb),fiddle,词,VERB,C1
fidget,fidget,词,VERB,C1
fiduciary,fiduciary,词,ADJ,C1
fidèle,faithful,忠诚的,ADJ,B2
fief,fief,封地,NOUN,B2
field (adj),field,词,ADJ,C1
field medic,field medic,战地医生,NOUN,B2
fieldwork,fieldwork,词,NOUN,B1
fiend,fiend,词,NOUN,C1
fierce one,fierce one,词,NOUN,B2
fiery,fiery,热烈的,ADJ,B2
fifteen,fifteen,十五,NUM,B2
fifth,fifth,第五,NUM,B2
fig,fig,词,NOUN,C1
fig tree,fig tree,词,NOUN,C1
fight back,fight back,抗击,VERB,C1
fighting,fighting,词,NOUN,B2
figuration,figuration,群演,NOUN,B2
figurative language,figurative language,词,NOUN,C1
figuratively,figuratively,比喻地,ADV,B2
figure,figure,图形,NOUN,B2
figure skating,figure skating,花样滑冰,NOUN,C1
fil,wire,电线,NOUN,B2
filament,filament,词,NOUN,C1
filch,filch,词,VERB,C1
file,queue,队列,NOUN,B2
file a case,file a case,立案,VERB,B2
file expense,file expense,报账,VERB,B2
filet,tenderloin,里脊,NOUN,B2
filial,filial,孝顺,ADJ,B2
filibuster,filibuster,词,NOUN,C1
filigree,filigree,词,NOUN,C1
filings,filings,词,NOUN,C1
filipino,filipino,菲律宾的,ADJ,B2
fill pack,fill pack,装满,VERB,B2
fille,daughter,女儿,NOUN,B2
filled,filled,充满的,ADJ,B2
fillet (noun),fillet,词,NOUN,C1
fillet (verb),fillet,词,VERB,C1
filling,filling,词,NOUN,B2
film,movie,电影,NOUN,B2
film art,film art,词,NOUN,C1
film industry,film industry,电影业,NOUN,B2
film movie,film movie,电影,NOUN,B2
film roll,film roll,胶卷,NOUN,B2
film star,film star,,NOUN,B2
film studio,film studio,电影制片厂,NOUN,B2
fils aîné,eldest son,长子,NOUN,B2
filthy,filthy,肮脏的,ADJ,B2
fin,fin,词,NOUN,B2
final account,final account,决算,NOUN,B2
final accounts,final accounts,决算,NOUN,C1
final exam,final exam,期末考,NOUN,B2
final gathering,final gathering,末日集合,NOUN,C1
final judgment,final judgment,终审,NOUN,C1
final score,final score,最终比分,NOUN,B2
finalement,after all,毕竟,ADV,B2
finalement,eventually,最终,ADV,B2
finalement,ultimately,最终,ADV,B2
finality,finality,词,NOUN,C1
finals,finals,决赛,NOUN,B1
finance,finance,金融,NOUN,B2
financement,financing,融资,NOUN,B2
financer,to finance,资助,VERB,B2
finances,finances,财政,NOUN,B2
financial center,financial center,金融中心,NOUN,B2
financial liability,financial liability,词,NOUN,C1
financial loss,financial loss,赔本,NOUN,C1
financier,financier,资助者,NOUN,B2
find,find,发现物,NOUN,B2
find back,find back,找回来,NOUN,C1
finding comfort in company,finding comfort in company,寻得陪伴,NOUN,C1
fine arts,fine arts,美术,NOUN,B1
fine pretty,fine pretty,美丽的,ADJ,B2
fine print,fine print,词,NOUN,C1
fine well,fine well,词,ADJ,A1
finger toe,finger toe,手指/脚趾,NOUN,A1
fini,finite,有限的,ADJ,B2
finial,finial,词,NOUN,C1
finish end,finish end,词,VERB,A1
finished,finished,完蛋,VERB,C1
finished laughter,finished laughter,笑完,NOUN,B2
finition,finishing,装修,NOUN,B2
finnish,finnish,芬兰的,ADJ,B2
fir forest,fir forest,杉林,NOUN,C1
fire a gun,fire a gun,开枪,VERB,B2
fire brigade,fire brigade,消防队,NOUN,B2
fire department,fire department,词,NOUN,B2
fire extinguisher,fire extinguisher,词,NOUN,C1
fire kick,fire kick,词,VERB,A2
fire station,fire station,词,NOUN,C1
firearms,firearms,枪支,NOUN,B2
fired,fired,被解雇的,ADJ,B2
firedamp,firedamp,词,NOUN,C1
firework,firework,词,NOUN,B2
firm entrenchment,firm entrenchment,词,NOUN,C1
firm fixed,firm fixed,词,ADJ,B1
firmament,firmament,词,NOUN,C1
firmly,firmly,词,ADV,C1
first (noun),first,先将,NOUN,C1
first (num),first,词,NUM,A2
first aid,first aid,词,NOUN,B2
first fruit,first fruit,初熟果实,NOUN,C1
first instance,first instance,初审,NOUN,C1
first-class,first-class,一流,ADJ,B2
firstly,firstly,首先,ADV,B2
firstly (noun),firstly,先是,NOUN,C1
fiscal,fiscal,词,ADJ,C1
fisheries,fisheries,词,NOUN,B2
fishery,fishery,渔业,NOUN,B2
fishhook,fishhook,词,NOUN,B2
fishing rod,fishing rod,钓竿,NOUN,B2
fishmonger,fishmonger,词,NOUN,B2
fission,fission,裂变,NOUN,B2
fissure,fissure,裂缝,NOUN,B2
fissure,rift,裂痕,NOUN,B2
fit (noun),fit,词,NOUN,B2
fitting out,fitting out,词,NOUN,B2
fittings,fittings,水龙头配件,NOUN,B2
five (adj),five,词,ADJ,C1
five organs,five organs,五脏,NOUN,B2
fixation,fixation,词,NOUN,C1
fixed-term imprisonment,fixed-term imprisonment,有期徒刑,NOUN,C1
fixer,gaze,目视,NOUN,B2
fixer,to gaze,凝视,VERB,B2
fixer,to stare,凝视,VERB,B2
fizz,fizz,词,VERB,C1
fizzle,fizzle,词,VERB,C1
fjeld cleft,fjeld cleft,,NOUN,B2
flabbergast,flabbergast,词,VERB,C1
flabby,flabby,词,ADJ,B2
flaccid,flaccid,松弛的,ADJ,B2
flaccidity,flaccidity,词,NOUN,C1
flacon,flask,小瓶,NOUN,B2
flag (part),flag,旗,PART,C1
flagellation,flagellation,词,NOUN,C1
flagrant,flagrant,词,ADJ,C1
flagrante delicto,flagrante delicto,词,NOUN,C1
flail,flail,词,VERB,C1
flair,flair,词,NOUN,C1
flake (verb),flake,词,VERB,C1
flame retardant,flame retardant,阻燃剂,NOUN,C1
flaming,flaming,词,ADJ,C1
flammable,flammable,易燃的,ADJ,B2
flammable ice,flammable ice,可燃冰,NOUN,C1
flange,flange,词,NOUN,C1
flank (verb),flank,词,VERB,C1
flanking,flanking,包抄,NOUN,B2
flap (noun),flap,词,NOUN,C1
flare,flare,词,VERB,C1
flash (noun),flash,词,NOUN,B2
flashback,flashback,词,NOUN,C1
flashlight,flashlight,手电筒,NOUN,B2
flat (noun),flat,词,NOUN,B1
flat-nosed,flat-nosed,扁鼻子的,ADJ,B2
flatter,to flatter,奉承,VERB,B2
flatterie,flattery,奉承,NOUN,B2
flattering,flattering,词,ADJ,C1
flaunt,flaunt,词,VERB,C1
flawed,flawed,词,ADJ,C1
flay,flay,词,VERB,C1
flea,flea,蚤,NOUN,C1
fleck,fleck,词,NOUN,C1
fleece (noun),fleece,词,NOUN,C1
flegme,phlegm,痰,NOUN,B2
flemish,flemish,佛兰芒的,ADJ,B2
fleurir,to flourish,繁荣,VERB,B2
flex,flex,词,VERB,C1
flexion,flexion,词,NOUN,C1
flic,cop,警察,NOUN,B2
flick,flick,词,VERB,C1
flicker,flicker,词,VERB,C1
flinch,flinch,词,VERB,C1
fling (noun),fling,词,NOUN,C1
fling (verb),fling,词,VERB,C1
flip,flip,词,VERB,B2
flirt,flirt,调情者,NOUN,B2
flirt (verb),flirt,词,VERB,B2
flirtation,flirtation,词,NOUN,C1
flirting,flirting,词,NOUN,C1
flit,flit,词,VERB,C1
float (noun),float,词,NOUN,B2
floating (noun),floating,词,NOUN,C1
floating dust,floating dust,浮尘,NOUN,B2
flocon,snowflake,雪花,NOUN,B2
flogging,flogging,词,NOUN,C1
flooded,flooded,词,ADJ,B2
floor mat,floor mat,地垫,NOUN,C1
floor projectile,floor projectile,词,NOUN,C1
floor story,floor story,词,NOUN,A2
floorboard,floorboard,木地板,NOUN,B2
flop,flop,词,VERB,C1
floral,floral,词,ADJ,C1
florid,florid,辞藻华丽的,ADJ,B2
florist,florist,词,NOUN,C1
flotation,flotation,词,NOUN,C1
flotter,to float,漂浮,VERB,B2
flou,unclear,不清楚的,ADJ,B2
flounce,flounce,词,VERB,C1
flounder,flounder,词,VERB,C1
floundering,floundering,词,NOUN,C1
flourishing,flourishing,繁荣的,ADJ,B2
flourishing (noun),flourishing,词,NOUN,C1
flower arranging,flower arranging,整花,NOUN,C1
flower bed,flower bed,花圃,NOUN,C1
flower shadow,flower shadow,花影,NOUN,C1
fluctuation,fluctuation,波动,NOUN,B2
fluency,fluency,流利,NOUN,B2
fluff,fluff,词,NOUN,C1
fluid,fluid,液体,NOUN,B2
fluide,fluent,流利的,ADJ,B2
fluidity,fluidity,流畅,NOUN,B2
fluidize,fluidize,词,VERB,C1
fluids,fluids,词,NOUN,C1
fluke,fluke,词,NOUN,B2
flunk,flunk,词,VERB,C1
fluorescence,fluorescence,词,NOUN,C1
fluorescent,fluorescent,词,ADJ,C1
fluorine,fluorine,词,NOUN,C1
flushing,flushing,潮红,NOUN,C1
fluster (noun),fluster,词,NOUN,C1
flustered,flustered,慌张,ADJ,B2
flutist,flutist,词,NOUN,C1
flutter (noun),flutter,词,NOUN,B2
flux,flux,变迁,NOUN,B2
flying,flying,飞行的,ADJ,B2
flyting poems,flyting poems,词,NOUN,C1
fob,fob,词,NOUN,C1
focalization,focalization,词,NOUN,C1
focused,focused,专注的,ADJ,B2
foe,foe,敌友,NOUN,B2
fog light,fog light,雾灯,NOUN,C1
foggy,foggy,词,ADJ,C1
foggy day,foggy day,雾天,NOUN,C1
foil (noun),foil,词,NOUN,C1
foin,hay,干草,NOUN,B2
fois,times,倍,NOUN,B2
fold over,fold over,词,VERB,C1
foldable,foldable,词,ADJ,C1
foliaceous,foliaceous,词,ADJ,C1
foliage,foliage,枝叶,NOUN,B2
foliar,foliar,词,ADJ,C1
foliar fertilizer,foliar fertilizer,叶面肥,NOUN,B2
folk (noun),folk,苍生,NOUN,B2
folk oboe,folk oboe,词,NOUN,B2
folk singer,folk singer,词,NOUN,C1
folklore,folklore,民俗,NOUN,B2
folkloric,folkloric,词,ADJ,C1
folksy,folksy,乡土的,ADJ,B2
followers,followers,词,NOUN,C1
following (adj),following,词,ADJ,B2
following (adp),following,词,ADP,C1
following next,following next,词,ADJ,A2
following page,following page,,NOUN,B2
following the example of,following the example of,词,NOUN,C1
folly,folly,愚妄,NOUN,C1
foment,foment,词,VERB,C1
fonctionner,to work out,成功,VERB,B2
fondle,fondle,词,VERB,C1
fondness,fondness,词,NOUN,B2
food chain,food chain,食物链,NOUN,C1
food dish,food dish,菜,NOUN,A1
foolhardiness,foolhardiness,词,NOUN,C1
foolishness,foolishness,词,NOUN,B1
foot-warming,foot-warming,捂脚,NOUN,B2
football,football,足球,NOUN,B2
football camp,football camp,词,NOUN,B2
football player,football player,词,NOUN,C1
foothill,foothill,词,NOUN,B2
footnote,footnote,词,NOUN,C1
footprint,footprint,足迹,NOUN,B2
footsteps,footsteps,后尘,NOUN,C1
footstool,footstool,词,NOUN,C1
for a lifetime,for a lifetime,一辈子,ADV,A2
for a long time,for a long time,很久,ADV,C1
for a moment,for a moment,片刻,ADV,B2
for a time,for a time,一度,ADV,B2
for because,for because,因为,CCONJ,B2
for each other,for each other,相互,ADV,B2
for guidance orientation,for guidance orientation,词,ADV,C1
for hours,for hours,词,ADJ,B2
for my sake,for my sake,词,ADV,C1
for now (part),for now,权,PART,C1
for sale,for sale,待售,ADJ,B2
for that,for that,词,ADV,A2
for that purpose,for that purpose,为此,ADV,B2
for the,for the,词,ADP,A2
for the sake of argument,for the sake of argument,词,ADV,C1
for this,for this,为此,ADV,B2
for this purpose,for this purpose,为此,ADV,B2
for to,for to,为,ADP,B2
for what purpose,for what purpose,为了什么目的,ADV,B2
for your sake,for your sake,词,ADV,B2
forage,forage,词,VERB,C1
foray,foray,词,NOUN,C1
forbear,forbear,词,VERB,C1
forbearing,forbearing,词,ADJ,C1
force,force,力量,NOUN,B2
force interne,internal force,内力,NOUN,B2
forced labor,forced labor,词,NOUN,C1
forceful,forceful,词,ADJ,B2
forcing submission,forcing submission,词,NOUN,C1
forcé,forced,强迫的,ADJ,B2
ford,ford,词,NOUN,B2
forearm,forearm,词,NOUN,C1
foreboding,foreboding,词,NOUN,C1
forecast (verb),forecast,词,VERB,B2
foreclose,foreclose,词,VERB,C1
foredoom,foredoom,词,VERB,C1
forego,forego,词,VERB,C1
foreground,foreground,词,NOUN,C1
foreign currency,foreign currency,外币,NOUN,C1
foreign debt,foreign debt,外债,NOUN,B2
foreign exchange,foreign exchange,外汇,NOUN,B2
foreign strange,foreign strange,外国的/陌生的,ADJ,B2
foreknow,foreknow,词,VERB,C1
foreman,foreman,词,NOUN,B2
forenoon,forenoon,词,NOUN,A1
forensic,forensic,法医的,ADJ,B2
forensic evidence collection,forensic evidence collection,词,NOUN,C1
foreshadow,foreshadow,词,VERB,C1
foreshadowing,foreshadowing,词,NOUN,C1
foreshorten,foreshorten,词,VERB,C1
forest (adj),forest,词,ADJ,C1
forest ranger,forest ranger,词,NOUN,C1
forest-related,forest-related,词,ADJ,B2
forestall,forestall,词,VERB,C1
foretell,foretell,词,VERB,C1
forewarn,forewarn,词,VERB,C1
forfeit,forfeit,词,VERB,C1
forge (noun),forge,词,NOUN,C1
forge ahead,forge ahead,进取,VERB,C1
forged,forged,词,ADJ,C1
forger,forger,词,NOUN,C1
forgetfulness,forgetfulness,词,NOUN,B2
forgetting,forgetting,你忘,NOUN,C1
forging,forging,词,NOUN,C1
forgiving,forgiving,词,ADJ,C1
forgo,forgo,词,VERB,C1
formal notice,formal notice,词,NOUN,C1
formalisme,formalism,形式主义,NOUN,B2
formalist (adj),formalist,词,ADJ,C1
formalist (noun),formalist,词,NOUN,C1
format,format,格式,NOUN,B2
formation,formation,组建,NOUN,B2
former,to form,形成,VERB,B2
former subordinates,former subordinates,旧部,NOUN,C1
formulation,formulation,配方,NOUN,B2
formule,formula,公式,NOUN,B2
fornicate,fornicate,词,VERB,C1
forsake,forsake,词,VERB,C1
forswear,forswear,词,VERB,C1
fort,fort,堡垒,NOUN,B2
forthcoming,forthcoming,词,ADJ,C1
fortification,fortification,词,NOUN,C1
fortlet,fortlet,词,NOUN,C1
fortune,fortune,运气,NOUN,B2
fortune teller,fortune teller,占卜者,NOUN,B2
forum,forum,论坛,NOUN,B2
forums,forums,词,NOUN,C1
forward (verb),forward,词,VERB,B2
forêt de conifères,coniferous forest,针叶林,NOUN,B2
fossil fuel,fossil fuel,化石燃料,NOUN,B2
fossilized,fossilized,词,ADJ,C1
fossils,fossils,化石,NOUN,C1
foster,foster,词,VERB,B2
fou,fool,傻瓜,NOUN,B2
fou,madman,疯子,NOUN,B2
foul,foul,词,NOUN,B2
foul smell,foul smell,骚味,NOUN,B2
foul-mouthed,foul-mouthed,词,ADJ,C1
found a country,found a country,建国,VERB,B2
foundation base,foundation base,基础,NOUN,B2
foundation course,foundation course,基础课,NOUN,C1
foundations,foundations,词,NOUN,C1
founding,founding,成立,NOUN,B2
four,oven,烤箱,NOUN,B2
four (adj),four,词,ADJ,C1
four limbs,four limbs,四肢,NOUN,B2
fournir des preuves,to provide evidence,举证,VERB,B2
fournir des retours,to provide feedback,反馈,VERB,B2
fournisseur,provider,提供者,NOUN,B2
fourrage,fodder,饲料,NOUN,B2
fourth (num),fourth,词,NUM,B1
fowl,fowl,词,NOUN,C1
foyer,focus,焦点,NOUN,B2
foyer,foyer,词,NOUN,C1
foyer,home family,家,NOUN,B2
fractal,fractal,分形,NOUN,B2
fraction,fraction,分数,NOUN,B2
fractional,fractional,分数的,ADJ,B2
fracture,fracture,骨折,NOUN,B2
fractured,fractured,词,ADJ,C1
fragile,flimsy,脆弱的,ADJ,B2
fragile,fragile,易碎的,ADJ,B2
fragment,fragment,碎片,NOUN,B2
fragmentation,fragmentation,碎片化,NOUN,B2
fragrance,fragrance,香味,NOUN,B2
frais,cool,凉爽的,ADJ,B2
frame of reference,frame of reference,词,NOUN,C1
framework-related,framework-related,词,ADJ,C1
framing,framing,词,NOUN,C1
franchise,franchise,特许经营权,NOUN,B2
franciscan,franciscan,方济各会的,ADJ,B2
frantic,frantic,狂乱的,ADJ,B2
français,french,法语,NOUN,B2
frapper,kick,踢,NOUN,B2
frapper,to kick,踢,VERB,B2
frapper,to strike,打击,VERB,B2
fraternal,fraternal,词,ADJ,C1
fraternity,fraternity,词,NOUN,C1
fratricide,fratricide,杀兄弟,NOUN,B2
fratrie,siblings,兄弟姐妹,NOUN,B2
fraud prevention,fraud prevention,词,NOUN,C1
fraudster,fraudster,词,NOUN,C1
fraudulent,fraudulent,词,ADJ,C1
fraudulent concealment,fraudulent concealment,词,NOUN,C1
fray,fray,词,VERB,C1
frayed,frayed,词,ADJ,C1
frazzle,frazzle,词,VERB,C1
fraîcheur,coolness,凉爽,NOUN,B2
freak,freak,怪人,NOUN,B2
freckles,freckles,词,NOUN,B2
free association,free association,词,NOUN,C1
free of charge (adj),free of charge,免费,ADJ,A2
free of charge (adv),free of charge,词,ADV,B1
free off,free off,空闲的/休假,ADJ,B2
free will,free will,词,NOUN,B2
freedmen clients,freedmen clients,词,NOUN,C1
freedom of assembly,freedom of assembly,集会自由,NOUN,B2
freedom of choice,freedom of choice,选择自由,NOUN,B2
freedom of opinion,freedom of opinion,意见自由,NOUN,B2
freedom of religion,freedom of religion,宗教自由,NOUN,B2
freedom of speech,freedom of speech,言论自由,NOUN,B2
freedom of the press,freedom of the press,出版自由,NOUN,B2
freezing,freezing,极冷的,ADJ,B2
freight,freight,货物,NOUN,B2
frequencies,frequencies,词,NOUN,B2
frequency (adj),frequency,词,ADJ,C1
fresh,fresh,,NOUN,B2
fresh soft,fresh soft,词,ADJ,A1
freshness bloom,freshness bloom,清新/鲜艳,NOUN,C1
fret,fret,词,VERB,C1
friar,friar,词,NOUN,C1
friche,wasteland,荒地,NOUN,B2
friction,friction,摩擦,NOUN,B2
frictionless,frictionless,无摩擦的,ADJ,B2
fried,fried,词,ADJ,B1
fried food,fried food,词,NOUN,C1
friend female,friend female,词,NOUN,A1
friend male,friend male,词,NOUN,A1
friends,friends,词,NOUN,B1
friends with,friends with,词,ADJ,B2
frightful,frightful,词,ADJ,B1
frigid,frigid,寒冷的,ADJ,B2
frill,frill,词,NOUN,C1
frire,to deep-fry,油炸,VERB,B2
frisian,frisian,弗里斯兰的,ADJ,B2
frisk,frisk,词,VERB,C1
frisson,shudder,战栗,NOUN,B2
frites,fries,炸薯条,NOUN,B2
fritter,fritter,词,VERB,C1
frivol,frivol,词,VERB,C1
frivolous,frivolous,轻浮的,ADJ,B2
frizz,frizz,词,VERB,C1
frock,frock,词,NOUN,C1
froid,cold,寒冷,NOUN,B2
from Cadiz,from Cadiz,词,ADJ,C1
from Granada,from Granada,词,ADJ,C1
from Havana,from Havana,词,ADJ,C1
from Seville,from Seville,词,ADJ,C1
from above,from above,从上方,ADV,B2
from away from,from away from,离,ADP,B2
from beginning to end,from beginning to end,始终,ADV,B2
from behind,from behind,从后面,ADV,B2
from brocade,from brocade,从锦,NOUN,C1
from day,from day,日起,NOUN,B2
from each other,from each other,词,ADV,C1
from here,from here,从这里,ADV,B2
from home,from home,从家里,ADV,B2
from it,from it,从中,ADV,B2
from one,from one,从一,NOUN,C1
from onward,from onward,词,ADP,A1
from tavern,from tavern,从醉仙楼,NOUN,C1
from the,from the,词,ADP,C1
from then on,from then on,从此,ADV,B2
from there,from there,从那里,ADV,B2
from this,from this,由此,ADV,B2
from time to time,from time to time,不时,ADV,B2
from what,from what,词,ADV,B2
from where,from where,从哪里,ADV,B2
from which,from which,从中,ADV,B2
from within,from within,从内部,ADV,B2
front,front,前面,NOUN,B2
front door,front door,正门,NOUN,B2
front line,front line,前线,NOUN,B2
front page,front page,头版,NOUN,B2
front part,front part,前部,NOUN,C1
front scout,front scout,前方探子来,NOUN,C1
frontier,frontier,前沿,NOUN,B2
frontiers,frontiers,词,NOUN,C1
frontière,border,边境的,ADJ,B2
frontrunner,frontrunner,词,NOUN,C1
frost,frost,霜,NOUN,B2
frostbite,frostbite,冻伤,NOUN,B2
frosted,frosted,词,ADJ,C1
frosty,frosty,词,ADJ,A1
froth,froth,泡沫,NOUN,B2
frown (noun),frown,frown,NOUN,B2
frown (verb),frown,词,VERB,C1
frowning,frowning,词,NOUN,C1
frozen,frozen,冻僵的,ADJ,B2
frozen (noun),frozen,词,NOUN,B2
fructify,fructify,词,VERB,C1
frugal,frugal,节俭的,ADJ,B2
fruit juice,fruit juice,果汁,NOUN,A1
fruit tree,fruit tree,果树的,ADJ,B2
fruitful,fruitful,词,ADJ,C1
fruitfully,fruitfully,词,ADV,C1
fruiting,fruiting,词,ADJ,C1
fruitless,fruitless,词,ADJ,C1
frustrated,frustrated,沮丧的,ADJ,B2
frustration,frustration,挫折,NOUN,B2
fry,to fry,油炸,VERB,B2
fryer,fryer,词,NOUN,C1
frénésie,frenzy,疯狂,NOUN,B2
fuchsia,fuchsia,词,NOUN,C1
fuddle,fuddle,词,VERB,C1
fudge,fudge,词,NOUN,C1
fuel gauge,fuel gauge,油表,NOUN,C1
fuels,fuels,词,NOUN,B2
fuels hydrocarbons,fuels hydrocarbons,词,NOUN,C1
fugitive (adj),fugitive,词,ADJ,B2
fugitive (noun),fugitive,词,NOUN,B2
fuir,leak,泄漏,NOUN,B2
fuir,to leak,泄漏,VERB,B2
fulcrum,fulcrum,词,NOUN,C1
fulfil,fulfil,词,VERB,C1
fulfill,to fulfill,履行,VERB,B2
fulfillment,fulfillment,满足,NOUN,B2
full amount,full amount,足足,NOUN,C1
full drunk,full drunk,满的/醉的,ADJ,B2
full fed,full fed,词,ADJ,A1
full fed up,full fed up,词,ADJ,B1
full moon,full moon,满月,NOUN,B2
full moon banquet,full moon banquet,满月酒,NOUN,C1
full name,full name,大名,NOUN,B2
full of life,full of life,充满活力的,ADJ,B2
full payment,full payment,全款,NOUN,C1
full power,full power,全力,NOUN,B2
full satiated,full satiated,词,ADJ,A2
full stop,full stop,词,NOUN,B2
full-fledged,full-fledged,词,ADJ,C1
full-time,full-time,全职,ADJ,B2
fullness,fullness,词,NOUN,C1
fulminate,fulminate,词,VERB,C1
fumarole,fumarole,词,NOUN,C1
fumble,fumble,词,VERB,C1
fume,fume,词,NOUN,C1
fumigation,fumigation,词,NOUN,C1
fun,fun,有趣的,ADJ,B2
fun (noun),fun,乐趣,NOUN,A1
fun joke,fun joke,乐趣/玩笑,NOUN,B2
function,to function,运作,VERB,B2
functionalism,functionalism,功能主义,NOUN,B2
fund,fund,基金,NOUN,B2
fundamental,fundamental,基本的,ADJ,B2
fundamental rights,fundamental rights,词,NOUN,C1
fundamentalism,fundamentalism,原教旨主义,NOUN,B2
funding,funding,词,NOUN,B2
fundraise,fundraise,募款,VERB,C1
fundraiser,fundraiser,词,NOUN,C1
fundraising,fundraising,集资,NOUN,C1
funds,funds,经费,NOUN,C1
funeral (adj),funeral,词,ADJ,C1
funeral home,funeral home,,NOUN,B2
funeral rites,funeral rites,词,NOUN,C1
fungal,fungal,词,ADJ,C1
fungi,fungi,词,NOUN,B2
fungibility,fungibility,词,NOUN,C1
fungus,fungus,真菌,NOUN,C1
funnel,funnel,漏斗,NOUN,B2
funniness,funniness,,NOUN,B2
furbish,furbish,词,VERB,C1
furl,furl,词,VERB,C1
furlough (noun),furlough,词,NOUN,C1
furnish,to furnish,提供,VERB,B2
furnished,furnished,词,ADJ,B2
furnishing,furnishing,室内布置,NOUN,B2
further,further,进一步的,ADJ,B2
further (adv),further,词,ADV,B2
further additional,further additional,词,ADJ,B2
further debate,further debate,再辩,NOUN,B2
further on,further on,更远处,ADV,B2
further study,further study,进修,NOUN,C1
further to in reference,further to in reference,词,ADV,C1
furthermore,furthermore,此外,ADV,B2
furthest,furthest,最远,ADV,B2
furtive,furtive,鬼鬼祟祟的,ADJ,B2
furtively,furtively,词,ADV,C1
furuncle,furuncle,词,NOUN,C1
fuse,fuse,保险丝,NOUN,B2
fuselage,fuselage,机身,NOUN,B2
fusillade,shootout,枪战,NOUN,B2
fusion,fusion,融合,NOUN,B2
fusion,merge,合并,NOUN,B2
fuss,fuss,大惊小怪,NOUN,B2
futile,futile,词,ADJ,C1
futility,futility,无用,NOUN,B2
future,future,未来的,ADJ,B2
future prospects,future prospects,出息,AUX,B2
futures,futures,期货,NOUN,C1
futurism,futurism,未来主义,NOUN,B2
futurist,futurist,词,NOUN,C1
fuzzy,fuzzy,词,ADJ,C1
fédération,federation,联邦,NOUN,B2
fée,fairy,仙女,NOUN,B2
félicitation,congratulation,祝贺,NOUN,B2
féminin,female,女性的,ADJ,B2
féminisme,feminism,女权主义,NOUN,B2
féodal,feudal,封建,ADJ,B2
féodalisme,feudalism,封建主义,NOUN,B2
férocity,ferocity,凶猛,NOUN,B2
férocity,fierceness,凶猛,NOUN,B2
fête,feud,世仇,NOUN,B2
gad,gad,词,VERB,C1
gadget,gadget,小装置,NOUN,B2
gag,gag,词,NOUN,C1
gain,gain,收益,NOUN,B2
gainsay,gainsay,词,VERB,C1
gala,gala,晚会,NOUN,C1
galactic,galactic,词,ADJ,C1
galerie d'art,art gallery,美术馆,NOUN,B2
galician,galician,加利西亚的,ADJ,B2
gallantry,gallantry,英勇,NOUN,B2
gallbladder,gallbladder,词,NOUN,C1
gallery owner,gallery owner,词,NOUN,C1
galley,galley,词,NOUN,C1
gallon,gallon,词,NOUN,C1
galloping,galloping,词,ADJ,C1
gallows,gallows,词,NOUN,C1
gallows humor,gallows humor,绞刑架幽默,NOUN,B2
galvanization,galvanization,词,NOUN,C1
galvanized,galvanized,词,ADJ,C1
gamble,gamble,赌博,NOUN,B2
gamble,to gamble,赌博,VERB,B2
gamble (noun),gamble,就赌,NOUN,C1
gambling,gambling,词,NOUN,C1
gambol,gambol,词,VERB,C1
game play,game play,游戏/比赛,NOUN,B2
game rule,game rule,游戏规则,NOUN,B2
gamete,gamete,配子,NOUN,B2
gang,gang,帮派,NOUN,B2
gangster,gangster,黑帮成员,NOUN,B2
gaol,gaol,词,NOUN,C1
gaping,gaping,,NOUN,B2
garage,garage,车库,NOUN,B2
garantie,warranty,保修单,NOUN,B2
garb,garb,词,NOUN,C1
garbage,garbage,词,NOUN,B2
garble,garble,词,VERB,C1
garde,custody,监护,NOUN,B2
garde d'escorte,escort guard,镖师,NOUN,B2
garde du corps,bodyguard,保镖,NOUN,B2
garder,to guard,看守,VERB,B2
gardien,warden,看守人,NOUN,B2
gargle (noun),gargle,词,NOUN,C1
gargle (verb),gargle,词,VERB,C1
gargoyle,gargoyle,滴水嘴兽,NOUN,B2
garland,garland,花环,NOUN,B2
garment (part),garment,衣,PART,B2
garner,garner,词,VERB,C1
garrison towns,garrison towns,词,NOUN,C1
garrulous,garrulous,喋喋不休的,ADJ,B2
gars,guy,家伙,NOUN,B2
gas flame,gas flame,煤气火焰,NOUN,B2
gas meter,gas meter,,NOUN,B2
gas pipeline,gas pipeline,词,NOUN,C1
gaseous,gaseous,气态的,ADJ,B2
gash,gash,词,NOUN,C1
gasket,gasket,词,NOUN,B1
gasp (noun),gasp,词,NOUN,B2
gasp (verb),gasp,词,VERB,B2
gaspilleur,wasteful,浪费的,ADJ,B2
gastronome,gastronome,词,NOUN,C1
gastronomic,gastronomic,美食的,ADJ,B2
gastroscopy,gastroscopy,胃镜,NOUN,B2
gatekeeper,gatekeeper,道口看守员,NOUN,B2
gateway,gateway,词,NOUN,C1
gather (noun),gather,词,NOUN,C1
gather happily,gather happily,欢聚,VERB,C1
gauche,left,左边,ADV,B2
gauge (noun),gauge,词,NOUN,C1
gauge meter,gauge meter,词,NOUN,C1
gaunt,gaunt,词,ADJ,C1
gauze,gauze,纱布,NOUN,C1
gay,gay,快乐的,ADJ,B2
gay (noun),gay,同性恋者,NOUN,B2
gay man,gay man,男同性恋者,NOUN,B2
gaze (noun),gaze,目视,NOUN,B2
gazelle,gazelle,词,NOUN,B1
gazette,gazette,词,NOUN,C1
gearbox,gearbox,变速箱,NOUN,B2
geek,geek,极客,NOUN,C1
geerziehung,geerziehung,词,NOUN,C1
gefahrt,gefahrt,词,NOUN,B2
gefassung,gefassung,词,NOUN,C1
geforderung,geforderung,词,NOUN,B2
gegabe,gegabe,词,NOUN,C1
gegestaltung,gegestaltung,词,NOUN,C1
gekunft,gekunft,词,NOUN,C1
gel,freezing,冻结,NOUN,B2
gel,gel,词,NOUN,C1
gelatin,gelatin,词,NOUN,C1
gelatinous,gelatinous,胶状的,ADJ,C1
geld,geld,词,VERB,C1
gem,gem,宝石,NOUN,B2
gemstone,gemstone,词,NOUN,C1
genahme,genahme,词,NOUN,C1
gendarme,gendarme,词,NOUN,B1
gendarmerie,gendarmerie,词,NOUN,C1
gender equality,gender equality,性别平等,NOUN,B2
gender parity,gender parity,词,NOUN,C1
gene therapy,gene therapy,基因治疗,NOUN,C1
genealogies,genealogies,家谱,NOUN,C1
genealogist,genealogist,词,NOUN,C1
general (noun),general,将军,NOUN,B2
general assembly,general assembly,词,NOUN,C1
general course,general course,公共课,NOUN,B2
general manager,general manager,总经理,NOUN,C1
generally accepted,generally accepted,公认,ADJ,B2
generally speaking,generally speaking,一般而言,ADV,B2
generation change,generation change,换代,NOUN,C1
generations,generations,词,NOUN,B2
generative grammar,generative grammar,生成语法,NOUN,C1
generatrix,generatrix,母线,NOUN,B2
genesis emergence,genesis emergence,词,NOUN,C1
genetic modification,genetic modification,基因改造,NOUN,B2
genetics,genetics,遗传学,NOUN,B2
genial,genial,词,ADJ,C1
genital,genital,生殖器,NOUN,B2
genocide,genocide,种族灭绝,NOUN,B2
genou,knee,膝盖,NOUN,B2
genoux,lap,大腿部,NOUN,B2
genre,gender,性别,NOUN,B2
genre,genre,类型,NOUN,B2
genre classification,genre classification,词,NOUN,C1
gens ordinaires,ordinary people,老百姓,NOUN,B2
gentle reproach,gentle reproach,词,NOUN,C1
gentlemen,gentlemen,词,NOUN,C1
gentleness,gentleness,词,NOUN,C1
gentrification,gentrification,词,NOUN,C1
genuflect,genuflect,词,VERB,C1
genuflection,genuflection,词,NOUN,C1
genuine article,genuine article,真品,NOUN,C1
genuine goods,genuine goods,真货,NOUN,C1
genuine product,genuine product,正品,NOUN,B2
genuineness,genuineness,真成,NOUN,C1
genus,genus,词,NOUN,C1
geocentric,geocentric,词,ADJ,C1
geographer,geographer,词,NOUN,C1
geometer,geometer,几何学家,NOUN,B2
geometry,geometry,几何学,NOUN,B2
geophysics,geophysics,词,NOUN,C1
geostrategic,geostrategic,词,ADJ,C1
geothermal,geothermal,地热,ADJ,C1
gepflegung,gepflegung,词,NOUN,C1
geregelung,geregelung,词,NOUN,C1
geriatric,geriatric,词,ADJ,C1
gerichtung,gerichtung,词,NOUN,B2
german class,german class,德语课,NOUN,B2
german person,german person,德国人,NOUN,B2
germanic,germanic,日耳曼的,ADJ,B2
germe,germ,病菌,NOUN,B2
germicidal,germicidal,杀菌的,ADJ,B2
germination,germination,发芽,NOUN,B2
geschaft,geschaft,词,NOUN,C1
geschrift,geschrift,词,NOUN,C1
gesetzung,gesetzung,词,NOUN,C1
gesicht,gesicht,词,NOUN,C1
gesinnung,gesinnung,词,NOUN,B2
gesprache,gesprache,词,NOUN,C1
gestation,gestation,词,NOUN,C1
gestion,management,管理,NOUN,B2
gestural,gestural,手势的,ADJ,B2
gesucht,gesucht,词,NOUN,B2
gesuchung,gesuchung,词,NOUN,C1
get off car,get off car,下车,VERB,B2
get out,get out,词,VERB,C1
geteilung,geteilung,词,NOUN,B2
getheilung,getheilung,词,NOUN,B2
getreibung,getreibung,词,NOUN,B2
getting rich,getting rich,词,NOUN,C1
gewandel,gewandel,词,NOUN,C1
geweisung,geweisung,词,NOUN,C1
gewirkung,gewirkung,词,NOUN,C1
ghaita,ghaita,词,NOUN,B2
gharar,gharar,词,NOUN,C1
ghoriba cookie,ghoriba cookie,词,NOUN,B2
ghostly,ghostly,词,ADJ,C1
ghostly look,ghostly look,鬼样子,NOUN,B2
gibber,gibber,词,VERB,C1
gibberish,gibberish,词,NOUN,C1
gibe,gibe,词,VERB,C1
giddy,giddy,头晕的,ADJ,B2
giftedness,giftedness,词,NOUN,C1
gigantesque,giant,巨大的,ADJ,B2
gigolo,gigolo,面首,NOUN,B2
gilding,gilding,词,NOUN,C1
gills,gills,词,NOUN,B2
gin,gin,金酒,NOUN,B2
ginseng,ginseng,人参,NOUN,B2
girafe,giraffe,长颈鹿,NOUN,B2
girdle,girdle,词,NOUN,C1
girl daughter,girl daughter,词,NOUN,A1
girl girlfriend,girl girlfriend,女孩/女朋友,NOUN,B2
give a farewell dinner,give a farewell dinner,饯行,VERB,C1
give change,give change,找零,VERB,C1
give mother,give mother,给娘,NOUN,C1
give you (noun),give you,送你,NOUN,C1
given,given,给定的,ADJ,B2
given datum,given datum,词,NOUN,C1
given that,given that,鉴于,SCONJ,B2
giving,giving,给人,NOUN,C1
giving of oneself,giving of oneself,词,NOUN,C1
glacial,glacial,词,ADJ,C1
glacial,ice-cold,冰冷的,ADJ,B2
glacier,glacier,冰川,NOUN,B2
gladden,gladden,词,VERB,C1
gladiator,gladiator,词,NOUN,C1
gladly,gladly,乐意地,ADV,B2
gladly willingly,gladly willingly,乐意地/宁愿,ADV,B2
gladness,gladness,欢喜,NOUN,C1
glamour,glamour,词,NOUN,C1
glance,glance,一瞥,NOUN,B2
glare,glare,词,VERB,C1
glass bottle,glass bottle,词,NOUN,B1
glass noodles,glass noodles,粉丝,NOUN,B2
glasses spectacles,glasses spectacles,词,NOUN,A1
glaze,glaze,词,VERB,C1
gleam,gleam,词,NOUN,C1
glebe,glebe,词,NOUN,C1
gleeful,gleeful,词,ADJ,C1
glib,glib,伶牙俐齿的,ADJ,B2
gliding,gliding,滑翔,NOUN,B2
glimmer,glimmer,词,NOUN,C1
glimpse,glimpse,一瞥,NOUN,B2
glint,glint,词,NOUN,C1
glissement de terrain,landslide,滑坡,NOUN,B2
glisten,glisten,词,VERB,C1
glitch,glitch,故障,NOUN,C1
glitter (noun),glitter,词,NOUN,B2
glitter (verb),glitter,词,VERB,C1
gloat,gloat,词,VERB,C1
gloating,gloating,词,NOUN,C1
global (noun),global,全球,NOUN,B2
globalization process,globalization process,全球化进程,NOUN,B2
gloire vaine,empty fame,虚名,NOUN,B2
glomerulus,glomerulus,词,NOUN,C1
glorifier,to glorify,赞美,VERB,B2
gloriously,gloriously,词,ADV,C1
gloriousness,gloriousness,光荣,NOUN,B2
glossary,glossary,词汇表,NOUN,B2
glossator,glossator,词,NOUN,C1
gloves,gloves,词,NOUN,B2
glow (verb),glow,词,VERB,B2
glower,glower,词,VERB,C1
glucose,glucose,词,NOUN,C1
glut,glut,词,NOUN,C1
gluteal,gluteal,词,ADJ,C1
glutinous rice,glutinous rice,糯米,NOUN,C1
glutinous rice ball,glutinous rice ball,汤圆,NOUN,C1
glutton,glutton,词,NOUN,C1
glyph,glyph,词,NOUN,C1
gnash,gnash,词,VERB,C1
gnash one's teeth,gnash one's teeth,咬牙切齿,VERB,B2
gnosticism,gnosticism,灵知主义,NOUN,C1
go away,go away,词,VERB,C1
go wrong,go wrong,词,VERB,C1
goalkeeper,goalkeeper,守门员,NOUN,B2
gobble,gobble,词,VERB,C1
goblin,goblin,词,NOUN,C1
god of death,god of death,杀神,NOUN,C1
god of exams,god of exams,魁星,NOUN,C1
godliness,godliness,词,NOUN,C1
goggle,goggle,词,VERB,C1
going,going,词,NOUN,B2
going with me,going with me,跟我去,NOUN,C1
golf,golf,高尔夫,NOUN,B2
gondolier,gondolier,词,NOUN,C1
gong,gong,锣,NOUN,B2
good behavior,good behavior,,NOUN,B2
good cooked,good cooked,词,ADJ,A1
good day,good day,你好,INTJ,B2
good faith,good faith,信义,NOUN,B2
good hall,good hall,好殿,NOUN,B2
good heavens,good heavens,天哪,INTJ,B2
good lord,good lord,词,INTJ,B2
good medicine,good medicine,好药,NOUN,B2
good morning,good morning,早上好,INTJ,B2
good nature,good nature,词,NOUN,B2
good news,good news,有好事,NOUN,C1
good night,good night,晚安,INTJ,B2
good offices,good offices,词,NOUN,C1
good thing,good thing,好事,NOUN,B2
good well,good well,好/很好,ADJ,B2
good-looking person,good-looking person,帅哥/美女,NOUN,B2
good-natured,good-natured,词,ADJ,B2
good-naturedness,good-naturedness,温和,NOUN,B2
goodbye kiss,goodbye kiss,,NOUN,B2
goodbye phone,goodbye phone,再见（电话用语）,NOUN,B2
gorge,gorge,词,NOUN,C1
gosh,gosh,天哪,INTJ,B2
gospel,gospel,词,NOUN,C1
gossipmonger,gossipmonger,词,NOUN,B2
gossipy,gossipy,爱传流言的,ADJ,B2
gothenburg,gothenburg,哥德堡,PROPN,B2
gouge,gouge,词,VERB,C1
gourmandise,gluttony,暴食,NOUN,B2
gourmet,gourmet,美食家,NOUN,B2
govern a country,govern a country,治国,VERB,C1
governability,governability,可治理性,NOUN,B2
governable,governable,可管理的,ADJ,B2
governess,governess,词,NOUN,C1
governorate,governorate,词,NOUN,C1
grab,grab,揪,NOUN,B2
gracefulness,gracefulness,词,NOUN,C1
gracieux,graceful,优雅的,ADJ,B2
gracious,gracious,亲切的,ADJ,B2
gradation,gradation,渐变,NOUN,B2
grade,grade,等级,NOUN,B2
grade (verb),grade,分级,VERB,C1
graduate school,graduate school,研究生院,NOUN,C1
graduate student,graduate student,研究生,NOUN,B2
graduation,graduation,毕业,NOUN,B2
graduation photo,graduation photo,毕业照,NOUN,C1
graduation thesis,graduation thesis,毕业论文,NOUN,C1
graffiti,graffiti,涂鸦,NOUN,C1
grail,grail,圣杯,NOUN,B2
grain,grain,谷物,NOUN,B2
graine de pastèque,watermelon seed,西瓜子,NOUN,B2
graisser,to grease,涂油,VERB,B2
grammatical,grammatical,词,ADJ,C1
grammaticality,grammaticality,合语法性,NOUN,B2
gramophone,gramophone,词,NOUN,C1
granary,granary,词,NOUN,C1
grand,biggest,最大,ADJ,B2
grand,grand,宏伟的,ADJ,B2
grand,tall,高的,ADJ,B2
grand duchy,grand duchy,大公国,NOUN,B2
grand duke,grand duke,大公,NOUN,B2
grand livre,ledger,总账,NOUN,B2
grand magasin,department store,百货商店,NOUN,B2
grand master,grand master,大师,NOUN,B2
grand officer,grand officer,大官,NOUN,B2
grand plan,grand plan,大计,NOUN,C1
grand pouvoir,great power,大国,NOUN,B2
grand service,great favor,大恩,NOUN,B2
grand theater,grand theater,大剧院,NOUN,B2
grand-mère,grandma,奶奶,NOUN,B2
grand-mère,grandmother,祖母,NOUN,B2
grand-père,grandfather,祖父,NOUN,B2
grande distance,grand distance,雄远,NOUN,B2
grande offense,great offense,冒犯大,NOUN,B2
grande puissance,powerful nation,强国,NOUN,B2
grandeur,grandeur,宏伟,NOUN,B2
grandiloquence,grandiloquence,词,NOUN,C1
grandiloquent,grandiloquent,夸张的,ADJ,B2
grandiose,grandiose,浮夸的,ADJ,B2
grandiosity,grandiosity,宏伟,NOUN,B2
grandpa,grandpa,爷爷,NOUN,B2
grandparent,grandparent,词,NOUN,B2
grandparenthood,grandparenthood,祖父母身份,NOUN,B2
grandparents,grandparents,祖父母,NOUN,B2
granitic,granitic,词,ADJ,C1
granting of respite,granting of respite,词,NOUN,C1
grants,grants,词,NOUN,C1
granular,granular,词,ADJ,C1
granule,granule,词,NOUN,C1
grapes,grapes,词,NOUN,A1
graph,graph,词,NOUN,C1
graphic artist,graphic artist,词,NOUN,C1
graphic designer,graphic designer,图形设计师,NOUN,B2
graphics card,graphics card,显卡,NOUN,B2
graphique,graphic,图形的,ADJ,B2
graphology,graphology,笔迹学,NOUN,B2
grappe,cluster,簇,NOUN,B2
grapple,grapple,词,VERB,C1
gras,greasy,油腻的,ADJ,B2
grasp (noun),grasp,把及,NOUN,C1
grasp understand,grasp understand,词,VERB,B1
grasshopper,grasshopper,词,NOUN,B1
grassroots,grassroots,词,ADJ,C1
grate,grate,词,VERB,C1
gratification,gratification,词,NOUN,C1
gratified,gratified,欣慰,ADJ,C1
gratitude,gratitude,感激,NOUN,B2
gratitude and enmity,gratitude and enmity,恩仇,NOUN,C1
gratitude and resentment personal feud,gratitude and resentment personal feud,恩怨,NOUN,B2
gratuity,gratuity,酬金,NOUN,B2
grave desecration,grave desecration,亵渎坟墓,NOUN,B2
graveyard,graveyard,墓地,NOUN,B2
gravid,gravid,怀孕的,ADJ,B2
gravitas,gravitas,词,NOUN,C1
gravitation,gravitation,引力,NOUN,B2
gravitational,gravitational,引力的,ADJ,B2
gravity of loss,gravity of loss,词,NOUN,C1
gray hair,gray hair,词,NOUN,B2
grayish,grayish,词,ADJ,C1
grease (noun),grease,词,NOUN,C1
great (adv),great,词,ADV,B1
great chaos,great chaos,大乱,NOUN,C1
great joy,great joy,大喜,NOUN,B2
great merit,great merit,大功,NOUN,B2
great victory,great victory,大胜,NOUN,B2
greaten,greaten,词,VERB,C1
greatest,greatest,词,NOUN,B2
greedy ambition,greedy ambition,贪欲,NOUN,C1
greek,greek,希腊语,NOUN,B2
green blue,green blue,青,ADJ,B2
green pepper,green pepper,青椒,NOUN,C1
green rice ball,green rice ball,青团,NOUN,C1
green-clad,green-clad,,NOUN,B2
greenhouse gas,greenhouse gas,温室气体,NOUN,B2
greening,greening,绿化,NOUN,C1
greeter,greeter,迎宾,NOUN,C1
greetings,greetings,,NOUN,B2
greffe,graft,嫁接,NOUN,B2
gregarious,gregarious,爱社交的,ADJ,B2
grenade,grenade,手榴弹,NOUN,B2
grenadier,grenadier,词,NOUN,C1
grenouille,frog,青蛙,NOUN,B2
grey area,grey area,灰色地带,NOUN,B2
griddle flatbread,griddle flatbread,词,NOUN,B2
grieve,grieve,词,VERB,C1
grieved,grieved,词,ADJ,B2
grievously unjust,grievously unjust,词,ADJ,C1
grill (noun),grill,词,NOUN,B2
grille,grille,格栅,NOUN,B2
grilled,grilled,词,ADJ,B1
grilling,grilling,烧烤,NOUN,B2
grimace,grimace,词,NOUN,C1
grimness,grimness,词,NOUN,C1
grinder,grinder,词,NOUN,C1
grip (noun),grip,握呀,NOUN,C1
gripe,gripe,词,VERB,C1
gris,gray,灰色的,ADJ,B2
grit,grit,词,NOUN,C1
groan,groan,呻吟,NOUN,B2
grocer,grocer,词,NOUN,A2
grocery,grocery,词,NOUN,B2
grognement,growl,低吼,NOUN,B2
gronder,to scold,训斥,VERB,B2
grooved,grooved,词,ADJ,C1
grope,grope,词,VERB,C1
gros,wholesale,批发,NOUN,B2
grossier,gross,总的,ADJ,B2
grotesque,grotesque,怪诞的,ADJ,B2
grotto,grotto,洞穴,NOUN,B2
ground (adj),ground,磨碎的,ADJ,B1
ground basis,ground basis,基础/理由,NOUN,B2
groundbreaking ceremony,groundbreaking ceremony,奠基仪式,NOUN,C1
grounding,grounding,扎根,NOUN,C1
grounds of judgment,grounds of judgment,词,NOUN,C1
groundwater pollution,groundwater pollution,地下水污染,NOUN,B2
group assignment,group assignment,小组作业,NOUN,C1
group chat,group chat,群聊,NOUN,C1
group cohesion,group cohesion,词,NOUN,C1
group culture,group culture,群体文化,NOUN,B2
group dynamics,group dynamics,词,NOUN,C1
group harmony,group harmony,词,NOUN,C1
group identity,group identity,词,NOUN,C1
group individual,group individual,群体个体,NOUN,B2
group leader,group leader,组长,NOUN,C1
group member,group member,群体成员,NOUN,B2
group mentality,group mentality,群体心态,NOUN,B2
group norm,group norm,群体规范,NOUN,B2
group photo,group photo,合影,NOUN,B1
group solidarity,group solidarity,群体团结,NOUN,B2
group weakness,group weakness,词,NOUN,C1
group work,group work,群体工作,NOUN,B2
grouse,grouse,词,VERB,C1
grovel,grovel,词,VERB,C1
grown,grown,长大的,ADJ,B2
growth rate,growth rate,词,NOUN,C1
grub,grub,词,NOUN,C1
grue,crane,起重机,NOUN,B2
grueling,grueling,词,ADJ,C1
gruff,gruff,阴沉的,ADJ,B2
grumpy,grumpy,脾气坏的,ADJ,B2
grunt,grunt,词,VERB,B2
grâce à,thanks to,多亏,ADP,B2
guarantees,guarantees,词,NOUN,C1
guarding,guarding,守住,NOUN,C1
guardrail,guardrail,词,NOUN,C1
guards,guards,警卫,NOUN,B2
guerre mondiale,world war,世界大战,NOUN,B2
guerrilla fighter,guerrilla fighter,词,NOUN,C1
guest house,guest house,招待所,NOUN,C1
guest tester,guest tester,,NOUN,B2
guffaw,guffaw,哄笑,NOUN,B2
guidance,guidance,指导,NOUN,B2
guide,guide,导游,NOUN,B2
guidebook,guidebook,词,NOUN,B1
guided tour,guided tour,导游,NOUN,B2
guideline,guideline,指导方针,NOUN,B2
guiding light,guiding light,词,NOUN,C1
guild,guild,行会,NOUN,B2
guild (adj),guild,词,ADJ,C1
guilder,guilder,盾,NOUN,B2
guillotine,guillotine,断头台,NOUN,B2
guilt-ridden,guilt-ridden,内疚的,ADJ,B2
guilty owes,guilty owes,有罪的/欠钱的,ADJ,B2
guitar music,guitar music,词,NOUN,C1
gunshot,gunshot,枪声,NOUN,B2
guqin,guqin,古琴,NOUN,B2
gurgle (noun),gurgle,词,NOUN,C1
gush (noun),gush,词,NOUN,B2
gustatory,gustatory,词,ADJ,C1
guttural,guttural,词,ADJ,C1
guzheng,guzheng,古筝,NOUN,C1
guzzle,guzzle,词,VERB,C1
guérir,to cure,治愈,VERB,B2
gymnast,gymnast,体操运动员,NOUN,B2
gymnastic,gymnastic,词,ADJ,C1
gymnastique,gymnastics,体操,NOUN,B2
gynaecology,gynaecology,妇科,NOUN,B2
gynecologist,gynecologist,词,NOUN,C1
gyroscope,gyroscope,词,NOUN,C1
gémir,to wail,哀号,VERB,B2
gémir,to whine,哀叹,VERB,B2
génie,genius,天才,NOUN,B2
généalogie,genealogy,家谱学,NOUN,B2
général,general,将军,NOUN,B2
génération mutuelle,mutual generation,相生,NOUN,B2
géologique,geological,地质的,ADJ,B2
géopolitique,geopolitics,地缘政治,NOUN,B2
gênant,troublesome,麻烦的,ADJ,B2
ha,ha,哈,INTJ,B2
habiliter,to empower,授权,VERB,B2
habit formation,habit formation,词,NOUN,C1
habitability,habitability,词,NOUN,C1
habitat,habitat,栖息地,NOUN,B2
habiter,to inhabit,居住,VERB,B2
habitlessness,habitlessness,无习惯,NOUN,B2
habitual behavior,habitual behavior,习惯行为,NOUN,B2
habituation,habituation,习惯化,NOUN,B2
habitude,habitually in the past,往常,NOUN,B2
habituellement,usually,通常,ADV,B2
habitus,habitus,词,NOUN,C1
habous endowments,habous endowments,词,NOUN,C1
hacher,chop,砍,NOUN,B2
hacher,to chop,砍,VERB,B2
hacker,hacker,黑客,NOUN,C1
hackneyed,hackneyed,词,ADJ,C1
hadith prophetic saying,hadith prophetic saying,圣训,NOUN,B2
hadra,hadra,词,NOUN,B2
hag,hag,老妇,NOUN,B2
haha,haha,哈哈,INTJ,B2
haine,hate,仇恨,NOUN,B2
haine,hatred,仇恨,NOUN,B2
hair-raising,hair-raising,词,ADJ,B2
haircut,haircut,词,NOUN,C1
hakawati,hakawati,词,NOUN,B2
half (num),half,半,NUM,A1
half hour,half hour,半小时,NOUN,B2
half inch,half inch,半寸,NOUN,C1
half of a match,half of a match,半场,NOUN,B1
half-day,half-day,半天,NOUN,B2
half-year,half-year,半年,NOUN,B2
halfway,halfway,半途,ADV,B2
halfway (noun),halfway,中途,NOUN,C1
hall,hall,大厅,NOUN,B2
hall (part),hall,殿,PART,B2
hallelujah,hallelujah,哈利路亚,INTJ,B2
hallowed,hallowed,词,ADJ,C1
hallucination,hallucination,幻觉,NOUN,B2
halo,halo,词,NOUN,B2
haléter,to pant,喘气,VERB,B2
hamburger,hamburger,汉堡包,NOUN,B2
hand wash,hand wash,手洗,VERB,C1
hand wound,hand wound,手伤,NOUN,B1
handball,handball,手球,NOUN,C1
handbrake,handbrake,手刹,NOUN,C1
handful,handful,词,NOUN,B2
handguard,handguard,护手,NOUN,B2
handicap,handicap,词,NOUN,C1
handiness,handiness,趁手,NOUN,C1
handwritten document,handwritten document,手写件,NOUN,C1
handy,handy,词,ADJ,B1
handyman,handyman,工匠,NOUN,B2
hanged,hanged,被绞死的,ADJ,B2
hangover,hangover,词,NOUN,B2
haphazard,haphazard,词,ADJ,C1
hapless,hapless,词,ADJ,C1
happen to,happen to,词,VERB,C1
happily,happily,快乐地,ADV,B2
happy cheerful,happy cheerful,词,ADJ,B1
happy event,happy event,喜事,NOUN,B2
harangue (noun),harangue,词,NOUN,B2
harassed,harassed,词,ADJ,C1
harassments,harassments,词,NOUN,C1
harbinger,harbinger,词,NOUN,C1
harbour,harbour,港口,NOUN,B2
harceler,to nag,唠叨,VERB,B2
hard,hard,努力地,ADV,B2
hard and soft,hard and soft,刚柔,NOUN,B2
hard drive,hard drive,硬盘,NOUN,C1
hard to achieve,hard to achieve,难以实现,ADJ,C1
hard to adapt,hard to adapt,难以适应,ADJ,B2
hard to adjust,hard to adjust,难以调整,ADJ,C1
hard to complete,hard to complete,难以完成,ADJ,B2
hard to confirm,hard to confirm,难以确认,ADJ,C1
hard to decide,hard to decide,难以决定,ADJ,B2
hard to determine,hard to determine,难以确定,ADJ,B2
hard to execute,hard to execute,难以执行,ADJ,B2
hard to identify,hard to identify,难以辨别,ADJ,C1
hard to implement,hard to implement,难以实施,ADJ,B2
hard to judge,hard to judge,难以判断,ADJ,B2
hard to manage,hard to manage,难以管理,ADJ,C1
hard to measure,hard to measure,难以衡量,ADJ,B2
hard to operate,hard to operate,难以操作,ADJ,B2
hard to part with,hard to part with,难以割舍,ADJ,C1
hard to please,hard to please,词,ADJ,C1
hard to promote,hard to promote,难以推行,ADJ,B2
hard to reach,hard to reach,难以达成,ADJ,C1
hard to satisfy,hard to satisfy,难以满足,ADJ,B2
hard to spread,hard to spread,难以推广,ADJ,B2
hard training,hard training,苦练,NOUN,C1
hard-working,hard-working,辛苦,ADJ,A2
hardening,hardening,词,NOUN,C1
harder,harder,词,ADJ,A2
hardship,hardship,艰难,NOUN,B2
hardship of circumstances,hardship of circumstances,词,NOUN,C1
hardship of life,hardship of life,词,NOUN,C1
hardware (adj),hardware,词,ADJ,C1
hardware (noun),hardware,硬件,NOUN,B1
hardware store,hardware store,词,NOUN,C1
hare,hare,野兔,NOUN,B2
harm intention,harm intention,想害,NOUN,C1
harm strength might,harm strength might,词,NOUN,C1
harmonie sociale,social harmony,社会和谐,NOUN,B2
harried,harried,词,ADJ,C1
harshness,harshness,词,NOUN,B2
harvest crop,harvest crop,词,NOUN,B2
hashtag,hashtag,词,NOUN,B2
hassle,hassle,麻烦,NOUN,B2
hastily,hastily,急忙,ADV,B2
hatch,hatch,舱口,NOUN,B2
hatching,hatching,词,NOUN,C1
haughty,haughty,傲慢的,ADJ,B2
haul,haul,词,VERB,B2
haunt,haunt,词,VERB,C1
have a look,have a look,看一看啦,NOUN,C1
have back,have back,词,VERB,C1
have time,have time,词,VERB,B2
have to (adv),have to,不得不,ADV,A1
have to (aux),have to,必须,AUX,B2
have to (noun),have to,还得,NOUN,B2
having a birthday,having a birthday,过生日的,ADJ,B2
having a cold,having a cold,感冒的,ADJ,B2
having item,having item,有件,NOUN,C1
hazard lights,hazard lights,双闪,NOUN,C1
hazard report,hazard report,危险报告,NOUN,B2
he him,he him,他,PRON,B2
he she,he she,伊,PRON,B2
he this one,he this one,他/这位,PRON,B2
head cold,head cold,词,NOUN,B1
head falls,head falls,立马人头落地,NOUN,C1
head of state,head of state,元首,NOUN,B2
head office,head office,词,NOUN,C1
head teacher,head teacher,班主任,NOUN,B1
headed by,headed by,为首,VERB,B2
header,header,头球,NOUN,B2
heading,heading,标题,NOUN,B2
headlight,headlight,大灯,NOUN,C1
headline,headline,标题,NOUN,B2
headlines,headlines,词,NOUN,B2
headscarf,headscarf,头巾,NOUN,B2
headstrong,headstrong,词,ADJ,C1
healer,healer,词,NOUN,B2
healing power,healing power,疗效,NOUN,B2
health care,health care,词,NOUN,B2
health policy,health policy,健康政策,NOUN,B2
healthcare,healthcare,医疗保健,NOUN,B2
healthcare worker,healthcare worker,医护人员,NOUN,B2
healthy correct strong,healthy correct strong,词,ADJ,A1
hearing aid,hearing aid,词,NOUN,B2
hearsay,hearsay,词,NOUN,C1
heart,heart,心,ADV,B2
heart disease,heart disease,心脏病,NOUN,B2
heart meridian,heart meridian,心脉……,NOUN,B2
heart's blood,heart's blood,心血,NOUN,C1
heart-to-heart disclosure,heart-to-heart disclosure,词,NOUN,C1
heartbreaking,heartbreaking,词,ADJ,C1
heartbroken,heartbroken,词,ADJ,C1
heartburn,heartburn,词,NOUN,B1
heartfelt,heartfelt,衷心的,ADJ,B2
heartfelt (noun),heartfelt,词,NOUN,B2
hearth,hearth,壁炉,NOUN,B2
heartless,heartless,词,ADJ,C1
heartlessness,heartlessness,无情,NOUN,B2
heartrending,heartrending,词,ADJ,C1
hearts,hearts,心,NOUN,B2
heated,heated,激昂的,ADJ,B2
heath,heath,石楠荒原,NOUN,B2
heatsink,heatsink,散热器,NOUN,C1
heatstroke,heatstroke,中暑,NOUN,C1
heaven and earth,heaven and earth,天地,NOUN,B2
heaven's blessing,heaven's blessing,受天之庆,NOUN,C1
heavenly body,heavenly body,词,NOUN,B2
heavenly kingdom,heavenly kingdom,词,NOUN,C1
heavy body,heavy body,重体,NOUN,B2
heavy capacity,heavy capacity,重容,NOUN,B2
heavy class,heavy class,重类,NOUN,B2
heavy effect,heavy effect,重效,NOUN,B2
heavy energy,heavy energy,重能,NOUN,C1
heavy fog,heavy fog,大雾,NOUN,C1
heavy form,heavy form,重式,NOUN,C1
heavy industry,heavy industry,重工,NOUN,C1
heavy method,heavy method,重法,NOUN,C1
heavy mold,heavy mold,重模,NOUN,C1
heavy rain,heavy rain,大雨,NOUN,B2
heavy result,heavy result,重果,NOUN,C1
heavy rule,heavy rule,重则,NOUN,C1
heavy snow,heavy snow,大雪,NOUN,B2
heavy substance,heavy substance,重实,NOUN,C1
heavy system,heavy system,重系,NOUN,B2
hectare,hectare,词,NOUN,C1
hectic,hectic,忙乱,NOUN,B2
hectic (adj),hectic,词,ADJ,C1
hedonist,hedonist,词,NOUN,C1
hedonistic,hedonistic,享乐主义的,ADJ,B2
heedlessness,heedlessness,词,NOUN,C1
hefen,hefen,河粉,NOUN,C1
heinous,heinous,词,ADJ,C1
hello (adv),hello,词,ADV,B1
hello (part),hello,词,PART,A2
hello bye,hello bye,词,INTJ,B2
hello peace,hello peace,词,NOUN,A1
hello polite,hello polite,您好,INTJ,C1
helper,helper,助手,NOUN,B2
helplessly,helplessly,无力,ADV,C1
hem,hem,边缘,NOUN,B2
hemiplegia,hemiplegia,词,NOUN,C1
hemisphere,hemisphere,半球,NOUN,B2
hemistich,hemistich,词,NOUN,C1
hemorrhoid,hemorrhoid,词,NOUN,C1
hemostat,hemostat,词,NOUN,C1
hence,hence,因此,ADV,B2
henceforth,henceforth,从此以后,ADV,B2
henchman,henchman,词,NOUN,C1
henhouse,henhouse,词,NOUN,C1
hennir,to neigh,嘶鸣,VERB,B2
hepatic,hepatic,肝脏的,ADJ,B2
her,her,她的,DET,B2
her (pron),her,词,PRON,A1
her their,her their,词,DET,A1
herald,herald,词,NOUN,C1
heraldry,heraldry,词,NOUN,C1
herbaceous,herbaceous,草本的,ADJ,B2
herbalism,herbalism,词,NOUN,C1
herbalist,herbalist,词,NOUN,B1
herbarium,herbarium,词,NOUN,C1
herbe,herb,草药,NOUN,B2
herbicide,herbicide,除草剂,NOUN,B2
herbs,herbs,词,NOUN,B2
herd mentality,herd mentality,从众心理,NOUN,C1
here (noun),here,此地,NOUN,B2
here (pron),here,这儿,PRON,A1
here hither,here hither,这里/到这里,ADV,B2
here you go,here you go,请,INTJ,B2
hereafter,hereafter,词,NOUN,C1
herein,herein,词,ADV,B1
heresiarch,heresiarch,词,NOUN,C1
heretical,heretical,词,ADJ,C1
heretical innovation,heretical innovation,词,NOUN,C1
hermeneutics,hermeneutics,词,NOUN,C1
hermetic,hermetic,词,ADJ,C1
hermitage,hermitage,词,NOUN,B2
heroic deeds,heroic deeds,词,NOUN,C1
heroic feat,heroic feat,壮举,NOUN,C1
heroic poetry,heroic poetry,词,NOUN,C1
heroin vapor,heroin vapor,,NOUN,B2
heroine,heroine,词,NOUN,B1
heron,heron,词,NOUN,C1
heterodox,heterodox,异端的,ADJ,B2
heterodoxy,heterodoxy,词,NOUN,C1
heterogeneity,heterogeneity,异质性,NOUN,B2
heterosexual,heterosexual,词,ADJ,C1
heures supplémentaires,overtime,加班,NOUN,B2
heureusement,fortunately,幸运地,ADV,B2
heureux,fortunate,幸运的,ADJ,B2
heureux,glad,高兴的,ADJ,B2
hexadecimal,hexadecimal,词,ADJ,C1
hexagon,hexagon,六边形,NOUN,B2
heyday,heyday,词,NOUN,C1
hidden,hidden,隐藏的,ADJ,B2
hidden arrow,hidden arrow,暗箭,NOUN,C1
hidden edge,hidden edge,揣而锐,NOUN,C1
hidden intentions,hidden intentions,词,NOUN,C1
hidden master,hidden master,江湖里卧虎,NOUN,B2
hidden matters,hidden matters,词,NOUN,C1
hide-and-seek,hide-and-seek,捉迷藏,NOUN,B2
hideous,hideous,丑陋的,ADJ,B2
hider,hider,词,NOUN,B2
hiding place,hiding place,藏身处,NOUN,B2
hieratic,hieratic,词,ADJ,C1
hieroglyphic,hieroglyphic,词,NOUN,C1
high cost of living,high cost of living,词,NOUN,B2
high level,high level,高级,ADJ,A2
high morale,high morale,高昂,NOUN,C1
high official,high official,大官,NOUN,C1
high pressure,high pressure,高气压,NOUN,C1
high quality,high quality,优质,ADJ,C1
high school entrance examination,high school entrance examination,中考,NOUN,C1
high school graduate,high school graduate,高中毕业生,NOUN,B2
high tall,high tall,高的,ADJ,B2
high-grade,high-grade,高档,ADJ,B2
high-speed,high-speed,高速,ADJ,B2
higher professional education,higher professional education,高等专业教育,NOUN,B2
highest,highest,最高的,ADJ,B2
highland,highland,山地,NOUN,C1
highlands,highlands,词,NOUN,B2
highlight,highlight,亮点,NOUN,B2
hijack,hijack,词,VERB,C1
hijacking,hijacking,词,NOUN,C1
hilarious,hilarious,滑稽的,ADJ,B2
him,him,他,PRON,B2
him dative,him dative,词,PRON,A2
himself herself,himself herself,词,PRON,A1
hint,hint,暗示,NOUN,B2
hinterbildung,hinterbildung,词,NOUN,C1
hintererziehung,hintererziehung,词,NOUN,C1
hinterfahrt,hinterfahrt,词,NOUN,C1
hinterfassung,hinterfassung,词,NOUN,B2
hinterforderung,hinterforderung,词,NOUN,C1
hintergabe,hintergabe,词,NOUN,C1
hintergestaltung,hintergestaltung,词,NOUN,C1
hinterkunft,hinterkunft,词,NOUN,C1
hinterleitung,hinterleitung,词,NOUN,B2
hintermessung,hintermessung,词,NOUN,C1
hinternahme,hinternahme,词,NOUN,C1
hinterordnung,hinterordnung,词,NOUN,C1
hinterpflegung,hinterpflegung,词,NOUN,C1
hinterrechnung,hinterrechnung,词,NOUN,B2
hinterregelung,hinterregelung,词,NOUN,B2
hinterrichtung,hinterrichtung,词,NOUN,B2
hinterschaft,hinterschaft,词,NOUN,C1
hinterschrift,hinterschrift,词,NOUN,C1
hintersetzung,hintersetzung,词,NOUN,C1
hintersicht,hintersicht,词,NOUN,B2
hintersinnung,hintersinnung,词,NOUN,C1
hintersprache,hintersprache,词,NOUN,C1
hinterstellung,hinterstellung,词,NOUN,C1
hintersucht,hintersucht,词,NOUN,B2
hintersuchung,hintersuchung,词,NOUN,B2
hinterteilung,hinterteilung,词,NOUN,C1
hintertheilung,hintertheilung,词,NOUN,B2
hintertreibung,hintertreibung,词,NOUN,C1
hinterwandel,hinterwandel,词,NOUN,B2
hinterwandlung,hinterwandlung,词,NOUN,C1
hinterweisung,hinterweisung,词,NOUN,B2
hinterwendung,hinterwendung,词,NOUN,B2
hinterwirkung,hinterwirkung,词,NOUN,C1
hirsute,hirsute,词,ADJ,C1
his certainty,his certainty,他定,NOUN,C1
his her its,his her its,其,PRON,B2
his her its their,his her its their,他的/她的/它的/他们的,DET,B2
his her own,his her own,他/她自己的,DET,B2
his hers theirs,his hers theirs,词,PRON,A2
his refusal,his refusal,他绝,NOUN,C1
hispanic,hispanic,西班牙的,ADJ,B2
hiss,hiss,嘶嘶声,NOUN,B2
histoire,history,历史,NOUN,B2
historical record,historical record,历史纪录,NOUN,B2
historical site,historical site,古迹,NOUN,B2
historicism,historicism,历史主义,NOUN,B2
historicist,historicist,历史主义者,NOUN,B2
historicity,historicity,历史性,NOUN,B2
historicization,historicization,词,NOUN,C1
historiographie,historiography,史学,NOUN,B2
historique,historic,历史性的,ADJ,B2
history education,history education,词,NOUN,C1
history story,history story,历史/故事,NOUN,B2
histrionic,histrionic,词,ADJ,C1
hit beat,hit beat,词,VERB,A2
hither,hither,到这里,ADV,B2
hmm,hmm,嗯,INTJ,B2
hocher,to nod,点头,VERB,B2
hocherziehung,hocherziehung,词,NOUN,C1
hochfahrt,hochfahrt,词,NOUN,C1
hochfassung,hochfassung,词,NOUN,C1
hochforderung,hochforderung,词,NOUN,B2
hochgabe,hochgabe,词,NOUN,B2
hochgestaltung,hochgestaltung,词,NOUN,C1
hochkunft,hochkunft,词,NOUN,B2
hochnahme,hochnahme,词,NOUN,C1
hochpflegung,hochpflegung,词,NOUN,C1
hochregelung,hochregelung,词,NOUN,C1
hochrichtung,hochrichtung,词,NOUN,C1
hochschaft,hochschaft,词,NOUN,C1
hochschrift,hochschrift,词,NOUN,C1
hochsetzung,hochsetzung,词,NOUN,C1
hochsicht,hochsicht,词,NOUN,C1
hochsinnung,hochsinnung,词,NOUN,C1
hochsprache,hochsprache,词,NOUN,C1
hochsucht,hochsucht,词,NOUN,C1
hochsuchung,hochsuchung,词,NOUN,C1
hochteilung,hochteilung,词,NOUN,C1
hochtheilung,hochtheilung,词,NOUN,C1
hochtreibung,hochtreibung,词,NOUN,C1
hochwandel,hochwandel,词,NOUN,C1
hochweisung,hochweisung,词,NOUN,B2
hochwirkung,hochwirkung,词,NOUN,C1
hock,hock,词,NOUN,C1
hockey,hockey,曲棍球,NOUN,C1
hockey sur glace,ice hockey,冰球,NOUN,B2
hold catch,hold catch,词,VERB,A1
hold together,hold together,词,VERB,C1
holding,holding,别放,NOUN,B2
holdup,holdup,词,NOUN,B2
holiday feast,holiday feast,词,NOUN,A2
holism,holism,整体论,NOUN,B2
holistique,holistic,整体的,ADJ,B2
hollowed,hollowed,掏空的,ADJ,B2
holm oak,holm oak,词,NOUN,C1
hologram,hologram,词,NOUN,C1
holy decree,holy decree,圣令,NOUN,B2
holy empress,holy empress,圣后,NOUN,C1
homage,homage,词,NOUN,C1
home (adv),home,词,ADV,B1
home-based,home-based,词,ADJ,C1
home-loving,home-loving,顾家的,ADJ,B2
homelessness,homelessness,词,NOUN,B2
homemade,homemade,词,ADJ,B2
homeopathy,homeopathy,词,NOUN,C1
homestay,homestay,民宿,NOUN,B2
hometown,hometown,家乡,NOUN,B1
homeward,homeward,,NOUN,B2
homework duty,homework duty,词,NOUN,A2
homicide,homicide,杀人,NOUN,B2
homiletic,homiletic,词,ADJ,C1
hominization,hominization,词,NOUN,C1
homme d'affaires,businessman,商人,NOUN,B2
homogeneity,homogeneity,同质性,NOUN,B2
homonym,homonym,词,NOUN,C1
homosexuel,homosexual,同性恋的,ADJ,B2
homothety,homothety,位似,NOUN,C1
honor culture,honor culture,荣誉文化,NOUN,B2
honorability,honorability,词,NOUN,C1
honorable,honorable,可敬的,ADJ,B2
honoree,honoree,词,NOUN,C1
honorific,honorific,词,ADJ,C1
honoré,honored,尊敬的,ADJ,B2
honte,shame,羞愧,NOUN,B2
honte,to shame,使羞愧,VERB,B2
honteux,ashamed,羞愧的,ADJ,B2
hooligan,hooligan,流氓,NOUN,B2
hooray,hooray,万岁,INTJ,B2
hoped-for,hoped-for,词,ADJ,C1
hopeful,hopeful,词,ADJ,C1
hopefully,hopefully,希望,ADV,B2
hopeless,hopeless,绝望的,ADJ,B2
hopelessly,hopelessly,绝望地,ADV,B2
hopelessness,hopelessness,词,NOUN,C1
horde,horde,词,NOUN,B2
horizon,horizon,地平线,NOUN,B2
horizontal,horizontal,横,ADJ,B1
hormone,hormone,激素,NOUN,B2
horny,horny,性欲的,ADJ,B2
horoscope,horoscope,星座运势,NOUN,B2
horrible,horrible,可怕的,ADJ,B2
horrified,horrified,惊骇的,ADJ,B2
horrifying,horrifying,令人毛骨悚然的,ADJ,B2
hors d'oeuvre,hors d'oeuvre,词,NOUN,C1
hors de,out of,从...出来,ADP,B2
horse departure,horse departure,马去,NOUN,B2
horseback riding,horseback riding,骑马,NOUN,B2
horseshoe,horseshoe,词,NOUN,C1
hose,hose,软管,NOUN,B2
hospice,hospice,词,NOUN,C1
hospital bed,hospital bed,病床,NOUN,C1
hospitality industry,hospitality industry,餐饮酒店业,NOUN,B2
hospitalization,hospitalization,词,NOUN,C1
host of angels,host of angels,天使群,NOUN,B2
hostel,hostel,词,NOUN,C1
hostile,hostile,敌对的,ADJ,B2
hosting,hosting,托管,NOUN,C1
hot air balloon,hot air balloon,热气球,NOUN,B2
hot dog stand,hot dog stand,小吃摊,NOUN,B2
hot dry wind,hot dry wind,词,NOUN,B2
hot spring,hot spring,温泉,NOUN,C1
hot water,hot water,热水,NOUN,B2
hotbed,hotbed,词,NOUN,C1
hotel room,hotel room,酒店房间,NOUN,B2
hothead,hothead,急性子的人,NOUN,B2
hourly,hourly,按小时,ADV,C1
house arrest,house arrest,软禁,NOUN,B2
house call,house call,词,NOUN,C1
house search,house search,词,NOUN,B2
household,household,家庭的,ADJ,B2
household income,household income,家庭收入,NOUN,B2
housekeeper,housekeeper,词,NOUN,C1
housework,housework,家务,NOUN,B2
hover,to hover,盘旋,VERB,B2
how,how,又怎会,NOUN,B2
how (aux),how,怎会,AUX,B2
how (pron),how,怎么,PRON,A1
how about,how about,怎么样,PRON,A1
how come,how come,怎么会,INTJ,B2
how could there be,how could there be,哪有,PRON,B2
how dare,how dare,岂敢,NOUN,B2
how enough,how enough,哪够,NOUN,B2
how long,how long,多久,ADV,B2
how many,how many,多少,NUM,B2
how many (pron),how many,多少,PRON,A1
how much,how much,多少,PRON,B2
how to do it,how to do it,办呢,ADV,B2
however,however,然而,CCONJ,B2
howl (noun),howl,词,NOUN,B2
hubbub,hubbub,词,NOUN,C1
hubris,hubris,词,NOUN,C1
hudud punishments,hudud punishments,词,NOUN,C1
hug,hug,拥抱,NOUN,B2
hug,to hug,拥抱,VERB,B2
huge,huge,巨大的,ADJ,B2
huh,huh,哈,INTJ,B2
human,human,人类,NOUN,B2
human being,human being,词,NOUN,B1
human capacity,human capacity,人会,NOUN,B2
human law,human law,人法,NOUN,C1
human life,human life,人命,NOUN,B2
human nature,human nature,人性,NOUN,B2
human need,human need,人要,NOUN,B2
human rights (adj),human rights,词,ADJ,C1
human rights (noun),human rights,人权,NOUN,C1
human rights work,human rights work,词,NOUN,C1
humane,humane,人道的,ADJ,B2
humanities,humanities,人文学科,NOUN,B2
humanity,humanity,人类,NOUN,B2
humanization,humanization,人性化,NOUN,B2
humble,humble,谦逊的,ADJ,B2
humble send-off,humble send-off,恭送,NOUN,C1
humble servant,humble servant,卑职,NOUN,C1
humid,humid,潮湿的,ADJ,B2
humid weather after cold spell,humid weather after cold spell,回南天,NOUN,B2
humide,wet,湿的,ADJ,B2
humidity,humidity,湿度,NOUN,B2
humiliating,humiliating,令人羞辱的,ADJ,B2
humming,humming,词,NOUN,B2
hummingbird,hummingbird,词,NOUN,B2
humorist,humorist,词,NOUN,C1
humorous,humorous,幽默的,ADJ,B2
hump,hump,驼峰,NOUN,B2
hunch,hunch,词,NOUN,B2
hunchbacked,hunchbacked,驼背的,ADJ,B2
hundred,hundred,百,NUM,B2
hundred million,hundred million,亿,NUM,B2
hundreds (noun),hundreds,词,NOUN,B2
hundreds (num),hundreds,词,NUM,B2
hungarian,hungarian,匈牙利的,ADJ,B2
hungry,hungry,饥饿的,ADJ,B2
hunt,hunt,狩猎,NOUN,B2
hurrah,hurrah,万岁,INTJ,B2
hurricane,hurricane,飓风,NOUN,B2
hurriedly,hurriedly,赶紧,ADV,B2
hurry,hurry,匆忙,NOUN,B2
hurry,to hurry,赶快,VERB,B2
hurry (noun),hurry,快些,NOUN,A1
hurt,to hurt,受伤,VERB,B2
husband's parents,husband's parents,公婆,NOUN,B2
husband-slaying,husband-slaying,手刃亲夫,NOUN,C1
hyaline,hyaline,词,ADJ,C1
hybridism,hybridism,词,NOUN,C1
hybridity,hybridity,词,NOUN,C1
hybridization,hybridization,杂交,NOUN,B2
hydrant,hydrant,词,NOUN,C1
hydration,hydration,词,NOUN,C1
hydroelectric,hydroelectric,水力发电的,ADJ,C1
hydrogen energy,hydrogen energy,氢能,NOUN,B2
hydrography,hydrography,词,NOUN,C1
hydrology,hydrology,词,NOUN,C1
hydrophobia,hydrophobia,词,NOUN,C1
hydropic,hydropic,词,ADJ,C1
hydrosphere,hydrosphere,词,NOUN,C1
hydrotherapy,hydrotherapy,词,NOUN,C1
hyena,hyena,鬣狗,NOUN,B2
hygienic,hygienic,卫生的,ADJ,B2
hymnal,hymnal,词,NOUN,C1
hymne,hymn,赞美诗,NOUN,B2
hyper-category,hyper-category,超目,NOUN,C1
hyper-cause,hyper-cause,超因,NOUN,C1
hyper-effect,hyper-effect,超果,NOUN,C1
hyper-efficacy,hyper-efficacy,超效,NOUN,B2
hyper-idea,hyper-idea,超念,NOUN,C1
hyper-intent,hyper-intent,超意,NOUN,B2
hyper-meaning,hyper-meaning,超义,NOUN,C1
hyper-origin,hyper-origin,超原,NOUN,B2
hyper-price,hyper-price,超价,NOUN,C1
hyper-shadow,hyper-shadow,超影,NOUN,C1
hyper-sound,hyper-sound,超响,NOUN,C1
hyper-target,hyper-target,超的,NOUN,B2
hyper-utilisation,hyper-use,超用,NOUN,B2
hyper-value,hyper-value,超值,NOUN,C1
hyper-view,hyper-view,超观,NOUN,C1
hyperbaton,hyperbaton,词,NOUN,C1
hyperbole,hyperbole,夸张,NOUN,B2
hyperbolic,hyperbolic,词,ADJ,C1
hypertension,hypertension,词,NOUN,C1
hypertensive,hypertensive,词,ADJ,C1
hypnose,hypnosis,催眠,NOUN,B2
hypochondria,hypochondria,词,NOUN,C1
hypochondriac,hypochondriac,词,NOUN,C1
hypocrite,hypocrite,伪君子,NOUN,B2
hypotension,hypotension,词,NOUN,C1
hypotensive,hypotensive,词,ADJ,C1
hypothesize,hypothesize,词,VERB,B2
hypothetically,hypothetically,词,ADV,C1
hypothèse,assumption,假设,NOUN,B2
hysterectomy,hysterectomy,词,NOUN,C1
hysteria,hysteria,词,NOUN,C1
hâtif,hasty,仓促的,ADJ,B2
hé,hey,嘿,INTJ,B2
héhé,hehe,嘿嘿,INTJ,B2
hémoglobine,hemoglobin,血红蛋白,NOUN,B2
hérisson,hedgehog,刺猬,NOUN,B2
héritage,legacy,遗产,NOUN,B2
héros,hero,英雄,NOUN,B2
héroïque,heroic,英勇的,ADJ,B2
héroïsme,heroism,英雄主义,NOUN,B2
hérédité,heredity,遗传,NOUN,B2
hérétique,heretic,异端,NOUN,B2
hôtel de ville,city hall,市政厅,NOUN,B2
i,i,我连,NOUN,B2
i'm afraid,i'm afraid,恐怕,ADV,B2
i-than,i-than,我比,NOUN,B2
ice cold,ice cold,冰冷的,ADJ,B2
ice pick,ice pick,,NOUN,B2
ici,here,此地,NOUN,B2
icicle,icicle,词,NOUN,B2
iconic,iconic,词,ADJ,C1
iconicity,iconicity,词,NOUN,C1
iconoclast,iconoclast,偶像破坏者,NOUN,B2
iconoclastic,iconoclastic,词,ADJ,C1
iconographic,iconographic,词,ADJ,C1
ideal (noun),ideal,理想,NOUN,B2
idealization,idealization,理想化,NOUN,B2
ideational,ideational,词,ADJ,C1
identification,identification,身份证明,NOUN,B2
identitarianism,identitarianism,词,NOUN,C1
identité,id,证件,NOUN,B2
identité sociale,social identity,社会身份,NOUN,B2
ideologization,ideologization,词,NOUN,C1
idiomatic,idiomatic,词,ADJ,C1
idiosyncratic,idiosyncratic,词,ADJ,C1
idiot,idiot,傻瓜,ADJ,B2
idiotic,idiotic,愚蠢的,ADJ,B2
idiotie,idiocy,愚蠢,NOUN,B2
idolatry,idolatry,词,NOUN,B2
idyllic,idyllic,词,ADJ,C1
idéal,ideal,理想,NOUN,B2
if (adp),if,若,ADP,A2
if (aux),if,若要,AUX,B2
if (noun),if,若就,NOUN,C1
if (part),if,的话,PART,A2
if I,if I,我若,SCONJ,B2
if counterfactual,if counterfactual,词,SCONJ,A2
if necessary,if necessary,词,ADV,C1
if only,if only,但愿,VERB,B2
igneous,igneous,火成的,ADJ,B2
ignoble malice,ignoble malice,词,NOUN,C1
ignominious,ignominious,词,ADJ,C1
ignorance,ignorance,无知,NOUN,B2
ignorant,ignorant,无知的,ADJ,B2
il,it,它,PRON,B2
il y a encore du temps,to there's still time,来得及,VERB,B2
il y a longtemps,long ago,早已,ADV,B2
iliac,iliac,词,ADJ,C1
illiteracy,illiteracy,词,NOUN,C1
illiterate,illiterate,词,ADJ,B2
illogical,illogical,不合逻辑的,ADJ,B2
illumination,enlightenment,澄清,NOUN,B2
illuminationism,illuminationism,照明主义,NOUN,C1
illusion,illusion,幻觉,NOUN,B2
illustration,illustration,插图,NOUN,B2
illustrative,illustrative,词,ADJ,C1
illégalité,illegality,非法,NOUN,B2
image,image,形象,NOUN,B2
image,picture,图画,NOUN,B2
image formation,image formation,形象塑造,NOUN,B2
imaginary (noun),imaginary,词,NOUN,C1
imagination,imagination,想象力,NOUN,B2
imaginative,imaginative,富有想象力的,ADJ,B2
imagined,imagined,想象的,ADJ,C1
imaging,imaging,词,NOUN,C1
imam,imam,伊玛目,NOUN,B2
imamate,imamate,词,NOUN,C1
imbalanced,imbalanced,失衡,ADJ,C1
imbecility,imbecility,愚蠢,NOUN,B2
imitatif,imitative,模仿性,ADJ,B2
imitation,imitation,模仿,NOUN,B2
immaculate,immaculate,词,ADJ,C1
immanence,immanence,内在性,NOUN,B2
immanent,immanent,词,ADJ,C1
immatriculation,vehicle registration,行驶证,NOUN,B2
immature,immature,不成熟的,ADJ,B2
immediacy,immediacy,词,NOUN,C1
immemorial,immemorial,词,ADJ,C1
immense,immense,巨大的,ADJ,B2
immensely,immensely,词,ADV,B2
immensity,immensity,词,NOUN,C1
immerse,immerse,词,VERB,C1
immersed,immersed,词,ADJ,C1
immersion,immersion,沉浸,NOUN,B2
immigration,immigration,移民,NOUN,B2
immigrer,to immigrate,移入,VERB,B2
imminence,imminence,就将,NOUN,C1
imminent,imminent,即将来临的,ADJ,B2
immobilier,real estate,不动产,NOUN,B2
immobility,immobility,都无动,NOUN,B2
immoderate,immoderate,词,ADJ,C1
immoderation,immoderation,词,NOUN,C1
immoral,immoral,不道德的,ADJ,B2
immorality,immorality,词,NOUN,C1
immortal,immortal,不朽的,ADJ,B2
immovable,immovable,不可移动的,ADJ,B2
immunothérapie,immunotherapy,免疫治疗,NOUN,B2
immédiatement,immediately,立即,ADV,B2
impartial,impartial,词,ADJ,C1
impasse,impasse,词,NOUN,C1
impassive,impassive,词,ADJ,C1
impatience,impatience,词,NOUN,C1
impatient,impatient,不耐烦的,ADJ,B2
impeccable,impeccable,无瑕疵的,ADJ,B2
impediment,impediment,障碍,NOUN,B2
impel,to impel,推动,VERB,B2
impenetrable,impenetrable,不可穿透的,ADJ,B2
imperceptible,imperceptible,词,ADJ,C1
imperfection,imperfection,词,NOUN,C1
imperial brother,imperial brother,你皇弟,NOUN,C1
imperial consort,imperial consort,皇妃,NOUN,C1
imperial court,imperial court,朝廷,NOUN,B2
imperial decree,imperial decree,御令,NOUN,C1
imperial face,imperial face,朕面,NOUN,C1
imperial family,imperial family,皇室,NOUN,B2
imperial father,imperial father,父皇,NOUN,B2
imperial father's will,imperial father's will,父皇要,NOUN,B2
imperial gaze,imperial gaze,朕看,NOUN,B2
imperial guard,imperial guard,御林,NOUN,B2
imperial or royal court,imperial or royal court,朝,NOUN,B1
imperial physician,imperial physician,太医,NOUN,B2
imperial relatives,imperial relatives,皇亲,NOUN,B2
imperial share,imperial share,皇分,NOUN,C1
imperial son-in-law,imperial son-in-law,驸马,NOUN,C1
imperial use,imperial use,朕以,NOUN,C1
imperialist,imperialist,帝国主义的,ADJ,B2
imperious,imperious,词,ADJ,C1
impersonal,impersonal,词,ADJ,C1
impersonation,impersonation,词,NOUN,B2
impertinence,impertinence,词,NOUN,C1
impertinent,impertinent,词,ADJ,C1
imperturbability,imperturbability,词,NOUN,C1
imperturbable,unruffled,从容,ADJ,B2
impetuosity,impetuosity,词,NOUN,C1
impetuous,impetuous,词,ADJ,B2
impetus,impetus,词,NOUN,C1
impiety,impiety,词,NOUN,C1
impious,impious,词,ADJ,B2
implantation,implantation,词,NOUN,C1
implausible,implausible,词,ADJ,C1
implement,to implement,实施,VERB,B2
implementation,implementation,实施,NOUN,B2
implicate,to implicate,连累,VERB,B2
implicated,implicated,牵连的,ADJ,C1
implication,implication,含义,NOUN,B2
impliqué,involved,涉及的,ADJ,B2
implore,to implore,恳求,VERB,B2
impolite,impolite,不礼貌的,ADJ,B2
impoliteness,impoliteness,词,NOUN,C1
import,import,进口,NOUN,B2
import,to import,进口,VERB,B2
import (noun),import,词,NOUN,B2
importance,importance,重要性,NOUN,B2
important,important,重要的,ADJ,B2
important case,important case,要案,NOUN,B2
important matter,important matter,事要,NOUN,C1
important thing,important thing,词,NOUN,C1
importation,importation,进口,NOUN,B2
imports,imports,词,NOUN,C1
imposition,imposition,词,NOUN,C1
impossibility,impossibility,不可能,NOUN,B2
impossible,impossible,不可能的,ADJ,B2
imposture,imposture,词,NOUN,C1
impotence,impotence,无力,NOUN,B2
impotent,impotent,词,ADJ,C1
impoverished,impoverished,贫困的,ADJ,B2
impoverishment,impoverishment,词,NOUN,C1
imprecation,imprecation,词,NOUN,C1
imprecise,imprecise,词,ADJ,C1
impregnation,impregnation,词,NOUN,C1
impressed,impressed,印象深刻的,ADJ,B2
impression,impression,印象,NOUN,B2
impressions,impressions,感想,NOUN,B2
impressive,impressive,令人印象深刻的,ADJ,B2
imprison,to imprison,监禁,VERB,B2
imprisoned,imprisoned,被监禁的,ADJ,B2
improbable,unlikely,不太可能的,ADJ,B2
impromptu,impromptu,即兴的,ADJ,B2
improper,improper,不合适的,ADJ,B2
improvidence,improvidence,词,NOUN,C1
improvisation,improvisation,即兴创作,NOUN,B2
improvised,improvised,即兴的,ADJ,B2
imprudence,imprudence,词,NOUN,C1
imprudence,recklessness,轻率,NOUN,B2
imprudent,imprudent,词,ADJ,C1
impudence,impudence,厚颜无耻,NOUN,B2
impudent,impudent,无礼的,ADJ,B2
impudent,shameless,无耻的,ADJ,B2
impuissant,helpless,无助的,ADJ,B2
impulsive,impulsive,冲动的,ADJ,B2
impulsiveness,impulsiveness,冲动,NOUN,B2
impulsivity,impulsivity,词,NOUN,C1
impure,impure,词,ADJ,C1
impurity,impurity,不纯,NOUN,B2
imputation,imputation,词,NOUN,C1
in,in,进来,ADV,B2
in a great rush,in a great rush,慌忙,ADJ,C1
in a hurry (adj),in a hurry,词,ADJ,B1
in a hurry (adv),in a hurry,词,ADV,A2
in a while,in a while,待会儿,ADV,C1
in a word,in a word,总之,ADV,B1
in absentia (adj),in absentia,词,ADJ,C1
in absentia (adv),in absentia,词,ADV,B2
in accordance (adj),in accordance,词,ADJ,B2
in accordance (noun),in accordance,依照,NOUN,C1
in addition,in addition,此外,ADV,B2
in addition to,in addition to,除...之外,ADP,B2
in advance,in advance,事先,ADV,B2
in agreement,in agreement,词,ADV,C1
in anticipation of,in anticipation of,词,ADV,C1
in between,in between,在中间,ADV,B2
in book,in book,书里,NOUN,C1
in case,in case,如果,SCONJ,B2
in case sth happens,in case sth happens,一旦,SCONJ,B2
in cash,in cash,词,ADV,B2
in conclusion,in conclusion,词,ADV,C1
in continuous succession,in continuous succession,词,ADV,C1
in detail,in detail,详细地,ADV,B2
in every detail,in every detail,词,ADV,C1
in fact,in fact,事实上,ADV,B2
in front,in front,在前面,ADV,B2
in front of before,in front of before,在...前,ADP,B2
in here,in here,在这里面,ADV,B2
in high spirits,in high spirits,兴致勃勃,ADJ,B2
in installments,in installments,分期付款,ADV,B1
in it,in it,在里面,ADV,B2
in its entirety,in its entirety,词,ADV,C1
in me,in me,我中,NOUN,C1
in mind,in mind,记住,ADV,B2
in need,in need,词,ADJ,A2
in one's heart,in one's heart,心里,NOUN,C1
in order,in order,依次,ADV,B2
in order to,in order to,以期,SCONJ,B2
in order to (adp),in order to,为了,ADP,A1
in order to avoid,in order to avoid,以免,SCONJ,B2
in order to so that,in order to so that,以便,SCONJ,A2
in other words,in other words,换言之,ADV,B2
in parallel with,in parallel with,词,ADV,C1
in particular,in particular,词,ADV,B2
in passing,in passing,顺便,ADV,B2
in peace,in peace,不受打扰地,ADV,B2
in presence of parties,in presence of parties,词,ADJ,C1
in private,in private,私下地,ADV,B2
in question,in question,词,ADV,C1
in return,in return,作为回报,NOUN,B2
in street,in street,当街,NOUN,C1
in summary,in summary,综上所述,ADV,B2
in the back,in the back,在后面,ADV,B2
in the body,in the body,体内,NOUN,B2
in the end,in the end,到底,ADV,A2
in the evening,in the evening,词,ADV,B2
in the final analysis,in the final analysis,归根结底,ADV,B2
in the future,in the future,词,ADV,B2
in the middle,in the middle,词,ADV,B1
in the middle of doing,in the middle of doing,正在,ADV,B2
in the morning,in the morning,词,ADV,C1
in the mouth,in the mouth,嘴里,NOUN,B2
in the past (adv),in the past,词,ADV,B2
in the past (noun),in the past,以往,NOUN,B2
in the world,in the world,世上,NOUN,B2
in there,in there,在那里面,ADV,B2
in those days,in those days,当年,NOUN,B2
in those days (adv),in those days,在那些日子/当时,ADV,C1
in time (adj),in time,词,ADJ,B1
in two,in two,成两半,ADV,B2
in unison,in unison,齐声,ADV,B2
in vain,in vain,徒劳,NOUN,B2
in view of,in view of,鉴于,ADP,B2
in which,in which,在其中,PRON,B2
in writing (adv),in writing,词,ADV,B2
in-law,in-law,词,NOUN,A2
inaccessible,inaccessible,词,ADJ,C1
inaccurate,inaccurate,词,ADJ,C1
inaction,inaction,词,NOUN,C1
inactive,inactive,词,ADJ,C1
inactivity,inactivity,不活跃,NOUN,B2
inadequate,inadequate,不足的,ADJ,B2
inadvertent,inadvertent,词,ADJ,C1
inadvertently,inadvertently,词,ADV,B2
inalienable,inalienable,词,ADJ,C1
inane,inane,词,ADJ,C1
inanimate,inanimate,词,ADJ,C1
inappreciable,inappreciable,词,ADJ,C1
inappropriateness,inappropriateness,不妥,NOUN,B2
inapproprié,inappropriate,不恰当的,ADJ,B2
inaptitude,non-ability,非能,NOUN,B2
inatteignable,unattainable,难以获得的,ADJ,B2
inattentive,inattentive,词,ADJ,C1
inaudible,inaudible,词,ADJ,B2
inauguration,inauguration,开幕,NOUN,B2
inboard,inboard,船内的,ADV,B2
inborn nature,inborn nature,词,NOUN,C1
incandescence,incandescence,词,NOUN,C1
incandescent,incandescent,白炽的,ADJ,B2
incantation,incantation,咒语,NOUN,B2
incapable,incapable,词,ADJ,B1
incapacity,incapacity,词,NOUN,C1
incapacité,inability,无能,NOUN,B2
incarnation,incarnation,词,NOUN,C1
incendiary,incendiary,词,ADJ,C1
incentivization,incentivization,词,NOUN,C1
inceptive,inceptive,词,ADJ,C1
incessant,incessant,持续的,ADJ,B2
inchoative,inchoative,词,ADJ,C1
incidence,incidence,发生率,NOUN,B2
incident,incident,事件,NOUN,B2
incidental,incidental,偶然的,ADJ,B2
incineration,incineration,词,NOUN,C1
incinerator,incinerator,词,NOUN,C1
incinérer,to incinerate,焚烧,VERB,B2
incipient,incipient,初期的,ADJ,B2
incision,incision,切口,NOUN,B2
incisive,incisive,深刻的,ADJ,B2
incitation,incitement,煽动,NOUN,B2
inciting,inciting,词,ADJ,C1
inclemency,inclemency,词,NOUN,C1
inclement,inclement,严酷的,ADJ,B2
inclinaison,reclining,躺下,NOUN,B2
including,including,包括,ADP,B2
including (adv),including,词,ADV,A2
inclusion,inclusion,包含,NOUN,B2
inclusion inverse,reverse inclusion,反纳,NOUN,B2
incognito,incognito,词,ADJ,C1
incoherence,incoherence,不连贯,NOUN,B2
incohérent,inconsistent,不一致的,ADJ,B2
incombustible,fireproof,防火的,ADJ,B2
income tax,income tax,所得税,NOUN,B2
incommensurable,immeasurable,不可估量的,ADJ,B2
incommunicado,incommunicado,词,ADJ,C1
incompatibilité,incompatibility,不兼容,NOUN,B2
incompatible,incompatible,词,ADJ,C1
incompetence,incompetence,词,NOUN,C1
incomplete (noun),incomplete,不全,NOUN,C1
incompleteness,incompleteness,不完整,NOUN,B2
incomprehension,incomprehension,词,NOUN,C1
inconceivable unimaginable,inconceivable unimaginable,不可思议,ADJ,B2
incongruity,incongruity,不协调,NOUN,B2
incongruous,incongruous,不协调的,ADJ,B2
inconsiderate,inconsiderate,词,ADJ,C1
inconsolable,inconsolable,词,ADJ,C1
inconspicuous,inconspicuous,词,ADJ,C1
inconstant,inconstant,词,ADJ,C1
incontrôlable,uncontrollable,无法控制的,ADJ,B2
inconvenience (noun),inconvenience,词,NOUN,C1
inconvenient,inconvenient,词,ADJ,C1
incorporation,incorporation,纳入,NOUN,B2
incorrect,incorrect,不正确的,ADJ,B2
incorrectness,incorrectness,词,NOUN,C1
incorruptible,incorruptible,廉洁,ADJ,C1
increased,increased,增加的,ADJ,B2
increases,increases,增加,NOUN,C1
increasing,increasing,增加的,ADJ,B2
incredible,incredible,难以置信的,ADJ,B2
incredible,unbelievable,难以置信的,ADJ,B2
incredible amazing,incredible amazing,词,ADJ,A1
incredulous,incredulous,词,ADJ,C1
incremental,incremental,渐进性,ADJ,B2
incrédulité,disbelief,不信,NOUN,B2
incubateur,incubator,孵化器,NOUN,B2
incubation,incubation,孵化,NOUN,B2
inculcate,inculcate,词,VERB,C1
incumbent,incumbent,词,ADJ,C1
incurable,incurable,不可救药,ADJ,B2
incurable (noun),incurable,难治,NOUN,C1
incursion,incursion,词,NOUN,C1
indecent,indecent,词,ADJ,C1
indecipherable,indecipherable,词,ADJ,C1
indecision,indecision,词,NOUN,C1
indeed (part),indeed,了吧,PART,B2
indefinite,indefinite,词,ADJ,C1
indescriptible,indescribable,难以形容的,ADJ,B2
indeterminate,indeterminate,词,ADJ,C1
index,index,索引,NOUN,B2
indexed,indexed,词,ADJ,C1
indexes,indexes,词,NOUN,C1
indian,indian,印度的,ADJ,B2
indication,indication,指示,NOUN,B2
indifférent,indifferent,冷漠的,ADJ,B2
indigenous people,indigenous people,原住民,NOUN,B2
indigent,indigent,词,ADJ,C1
indigestion,indigestion,消化不良,NOUN,B2
indignation,indignation,愤慨,NOUN,B2
indignation juste,righteous indignation,义愤,NOUN,B2
indigne,unworthy,你不配,NOUN,B2
indignity,indignity,词,NOUN,C1
indigné,indignant,愤慨的,ADJ,B2
indirect,indirect,词,ADJ,C1
indiscreet,indiscreet,词,ADJ,C1
indispensable,indispensable,不可或缺的,ADJ,B2
indistinct,indistinct,模糊的,ADJ,B2
indistinguishable,indistinguishable,词,ADJ,C1
individual personal,individual personal,个人,NOUN,B1
individual specific,individual specific,个别,ADJ,B2
individualité,individuality,个性,NOUN,B2
individualization,individualization,词,NOUN,C1
indolent,indolent,词,ADJ,C1
indomitable,indomitable,词,ADJ,C1
indonesian,indonesian,印度尼西亚的,ADJ,B2
indoors,indoors,在室内,ADV,B2
induction,induction,词,NOUN,C1
inductive,inductive,词,ADJ,C1
induire,to induce,引起,VERB,B2
indulge,indulge,词,VERB,C1
indulgence,indulgence,词,NOUN,C1
indulgent,indulgent,词,ADJ,C1
industrious,industrious,勤劳的,ADJ,B2
indécis,indecisive,犹豫不决的,ADJ,B2
indélébile,indelible,不可磨灭的,ADJ,B2
indéniable,undeniable,不可否认的,ADJ,B2
indépendance,independence,独立,NOUN,B2
inedible,inedible,词,ADJ,C1
ineffable,ineffable,词,ADJ,C1
ineffective,ineffective,词,ADJ,C1
ineffectiveness,ineffectiveness,! 无效,NOUN,B2
inefficace,inefficient,低效的,ADJ,B2
inefficiency,inefficiency,低效,NOUN,B2
inept,inept,词,ADJ,C1
ineptitude,ineptitude,词,NOUN,C1
inequity,inequity,词,NOUN,C1
inert,inert,惰性的,ADJ,B2
inertness,inertness,词,NOUN,B2
inescapable blame,inescapable blame,难辞其咎,NOUN,C1
inestimable,inestimable,难以估量,ADJ,C1
inevitable,inevitable,,NOUN,B2
inevitably,inevitably,不免,ADV,B1
inexact,inexact,词,ADJ,C1
inexhaustible,inexhaustible,词,ADJ,C1
inexpressive,inexpressive,词,ADJ,C1
inexpérimenté,inexperienced,生疏的,ADJ,B2
infamous,infamous,声名狼藉的,ADJ,B2
infantilism,infantilism,词,NOUN,C1
infatuated,infatuated,词,ADJ,B2
infeasibility,infeasibility,不可行性,NOUN,C1
infected,infected,被感染的,ADJ,B2
infecter,to infect,感染,VERB,B2
infection,infection,感染,NOUN,B2
inferential,inferential,词,ADJ,C1
infertility,infertility,词,NOUN,C1
infiltration,infiltration,混进,NOUN,C1
infiltrator,infiltrator,词,NOUN,C1
infinitive marker,infinitive marker,去,PART,B2
infinity,infinity,词,NOUN,C1
inflamed,inflamed,激烈的,ADJ,B2
inflammable,inflammable,易燃的,ADJ,B2
inflammation,inflammation,炎症,NOUN,B2
inflated,inflated,膨胀的,ADJ,B1
inflation,inflation,通货膨胀,NOUN,B2
inflection,inflection,词尾,NOUN,B2
inflexibility,inflexibility,僵化,NOUN,B2
influenceur,influencer,网红,NOUN,B2
influential,influential,词,ADJ,C1
influential person,influential person,词,NOUN,C1
informateur,informant,线人,NOUN,B2
informatics,informatics,词,NOUN,B2
information,information,信息,NOUN,B2
information desk,information desk,词,NOUN,B1
information exchange,information exchange,词,NOUN,B2
informative,informative,提供信息的,ADJ,B2
informed,informed,见多识广的,ADJ,B2
informedness,informedness,知情度,NOUN,B2
informel,informal,非正式的,ADJ,B2
informer,informer,词,NOUN,C1
informers,informers,词,NOUN,C1
infraction,infraction,词,NOUN,C1
infractions,infractions,词,NOUN,C1
infrastructural,infrastructural,词,ADJ,C1
infrastructure,infrastructure,基础设施,NOUN,B2
infringement,infringement,侵犯,NOUN,C1
inférer,to infer,推断,VERB,B2
ingratitude,ingratitude,词,NOUN,C1
ingredients,ingredients,词,NOUN,B1
ingérer,to ingest,服用,VERB,B2
inhabited,inhabited,词,ADJ,C1
inharmonious,inharmonious,词,ADJ,C1
inherence,inherence,固有,NOUN,B2
inherent (noun),inherent,自有,NOUN,C1
inheritance law,inheritance law,继承法,NOUN,B2
inherited,inherited,词,ADJ,C1
inhibited,inhibited,词,ADJ,B2
inhibition,inhibition,抑制,NOUN,B2
inhospitable,inhospitable,词,ADJ,C1
inhumanity,inhumanity,词,NOUN,C1
inimitability,inimitability,词,NOUN,C1
inimitié personnelle,personal enmity,私仇,NOUN,B2
initial,initial,最初的,ADJ,B2
initial capping,initial capping,始加,NOUN,C1
initial stage,initial stage,初期,NOUN,B2
initial suffering,initial suffering,先受,NOUN,C1
initialization,initialization,词,NOUN,C1
initiation,initiation,词,NOUN,C1
initiative,initiative,主动权,NOUN,B2
initier,to initiate,发起,VERB,B2
injured,injured,受伤的,ADJ,B2
injury recovery,injury recovery,好伤,NOUN,C1
injuste,unjust,不公正的,ADJ,B2
injustice,injustice,不公,NOUN,B2
inkling,inkling,预感,NOUN,B2
inkstone,inkstone,砚,NOUN,C1
inkwell,inkwell,词,NOUN,C1
inlay,inlay,镶,NOUN,C1
inmate,inmate,词,NOUN,C1
innate disposition,innate disposition,词,NOUN,C1
innate nature,innate nature,词,NOUN,B2
innate qualities,innate qualities,词,NOUN,C1
inner heart,inner heart,内心,NOUN,B2
inner self,inner self,词,NOUN,C1
inner side,inner side,内侧,NOUN,B2
inner workings,inner workings,词,NOUN,C1
innermost,innermost,最里面的,ADV,B2
innocence,innocence,无辜,NOUN,B2
innocent,innocent,无辜的,ADJ,B2
innocent (adv),innocent,无辜地,ADV,B2
innocent person,innocent person,词,NOUN,C1
innovation,innovation,创新,NOUN,B2
innuendo,innuendo,词,NOUN,C1
inné,innate,天生的,ADJ,B2
inoffensif,harmless,无害的,ADJ,B2
inopportune,inopportune,词,ADJ,C1
inorganic,inorganic,词,ADJ,C1
inpatient department,inpatient department,住院部,NOUN,B2
inputs,inputs,词,NOUN,C1
inquiet,uneasy,不安的,ADJ,B2
inquisition,inquisition,宗教裁判所,NOUN,B2
inquisitive,inquisitive,好奇的,ADJ,B2
insane,insane,疯狂的,ADJ,B2
insanely,insanely,疯狂地,ADV,B2
insatiable,insatiable,不知足的,ADJ,B2
inscription,enrollment,注册,NOUN,B2
inscription,inscription,刻有,NOUN,B2
inscrutable,inscrutable,词,ADJ,C1
insect-proof,insect-proof,防虫,ADJ,C1
insecticide,insecticide,杀虫剂,NOUN,B2
insemination,insemination,词,NOUN,C1
insensible,callous,冷酷,ADJ,B2
insensitivity,insensitivity,词,NOUN,C1
insertion,insertion,词,NOUN,B2
inside,inside,内部,NOUN,B2
inside in,inside in,里,NOUN,B2
inside of,inside of,在...里面,ADP,B2
insightfulness,insightfulness,洞察,NOUN,B2
insincere,insincere,词,ADJ,C1
insinuation,insinuation,暗示,NOUN,B2
insipid,insipid,词,ADJ,C1
insistence persistence,insistence persistence,词,NOUN,B2
insolence,insolence,无礼,NOUN,B2
insolence rudeness,insolence rudeness,词,NOUN,B2
insolent,insolent,傲慢的,ADJ,B2
insolent conceit,insolent conceit,词,NOUN,C1
insomnie,sleeplessness,失眠,NOUN,B2
insourcing,insourcing,内包,NOUN,C1
inspect and accept,inspect and accept,验收,VERB,C1
inspect goods,inspect goods,验货,VERB,C1
inspection,inspection,检查,NOUN,B2
inspectorate,inspectorate,词,NOUN,C1
inspiration,inspiration,灵感,NOUN,B2
inspired,inspired,受启发的,ADJ,B2
inspiring,inspiring,鼓舞人心的,ADJ,B2
installation,facility,设施,NOUN,B2
installation,installation,安装,NOUN,B2
installation assembly,installation assembly,词,NOUN,C1
installations,facilities,设施,NOUN,B2
installed,installed,词,ADJ,C1
installment plan,installment plan,词,NOUN,B2
installments,installments,词,NOUN,B2
instance,instance,例子,NOUN,B2
instant,instant,فور,NOUN,B2
instantaneously,instantaneously,瞬间地,ADV,C1
instead (adp),instead,词,ADP,C1
instead of,instead of,词,ADP,A2
instigation,instigation,怂恿,NOUN,C1
instigator,instigator,词,NOUN,C1
instinct,instinct,本能,NOUN,B2
instinctuality,instinctuality,词,NOUN,C1
institution,institution,机构,NOUN,B2
institutionalized,institutionalized,词,ADJ,C1
institutionnalisation,institutionalization,制度化,NOUN,B2
instruction,instruction,指示,NOUN,B2
instrument,instrument,乐器,NOUN,B2
instrumental improvisation,instrumental improvisation,器乐即兴演奏,NOUN,C1
instrumental piece,instrumental piece,词,NOUN,C1
instrumentalist (adj),instrumentalist,词,ADJ,C1
instrumentalist (noun),instrumentalist,词,NOUN,B2
insufferable,insufferable,词,ADJ,C1
insulator,insulator,词,NOUN,B2
insurances,insurances,词,NOUN,C1
insured,insured,词,NOUN,B2
insurgency,insurgency,词,NOUN,C1
insurmontable,insurmountable,不可逾越的,ADJ,B2
insurrection,insurrection,起义,NOUN,B2
intact,intact,完好无损的,ADJ,B2
intake,intake,词,NOUN,C1
intangible,intangible,无形的,ADJ,B2
integer,integer,词,NOUN,C1
integral,integral,不可或缺的,ADJ,B2
integrity trustworthiness,integrity trustworthiness,诚实/正直,NOUN,B2
intellect,intellect,智力,NOUN,B2
intellectual,intellectual,知识的,ADJ,B2
intellectual (noun),intellectual,词,NOUN,B2
intellectual life,intellectual life,精神生活,NOUN,B2
intelligence,intelligence,智力,NOUN,B2
intelligence information,intelligence information,情报,NOUN,B2
intelligence service,intelligence service,情报机构,NOUN,B2
intelligence-related,intelligence-related,词,ADJ,C1
intelligent,intelligent,聪明的,ADJ,B2
intelligent,smart,聪明的,ADJ,B2
intelligible,intelligible,词,ADJ,C1
intemperate,intemperate,词,ADJ,C1
intended,intended,预定的,ADJ,B2
intended (noun),intended,intended,NOUN,B2
intended meaning,intended meaning,词,NOUN,C1
intense,intense,强烈的,ADJ,B2
intensification,intensification,词,NOUN,C1
intensive care,intensive care,重症监护,NOUN,B2
intention,intent,意图,NOUN,B2
intention contraire,contrary intention,反意,NOUN,B2
intentionality,intentionality,词,NOUN,C1
intentionnel,intentional,故意的,ADJ,B2
intentions,intentions,词,NOUN,C1
interaction,interaction,互动,NOUN,B2
interaction sociale,social interaction,社会互动,NOUN,B2
interactivity,interactivity,词,NOUN,C1
intercession,intercession,词,NOUN,C1
intercity bus,intercity bus,词,NOUN,B2
interconnection,interconnection,词,NOUN,C1
interdicted person,interdicted person,词,NOUN,C1
interdiction,ban,禁令,NOUN,B2
interdiction,interdiction,词,NOUN,C1
interdit,forbidden,被禁止的,ADJ,B2
interest rate,interest rate,利率,NOUN,B2
interesting things,interesting things,词,NOUN,C1
interface,interface,接口,NOUN,B2
interférence,interference,干扰,NOUN,B2
interférer,to interfere,干涉,VERB,B2
interim (adj),interim,词,ADJ,C1
interjection,interjection,词,NOUN,C1
interlaced,interlaced,词,ADJ,C1
interlocked,interlocked,词,ADJ,C1
interlocuteur,interlocutor,对话者,NOUN,B2
intermediate,intermediate,中级的,ADJ,B2
intermission,intermission,词,NOUN,C1
intermittent,intermittent,间歇的,ADJ,B2
internal affairs,internal affairs,内政,NOUN,C1
internal medicine,internal medicine,内科,NOUN,B1
internal rhyme,internal rhyme,词,NOUN,C1
international,international,国际的,ADJ,B2
internationalization,internationalization,词,NOUN,C1
interne,internal,内部的,ADJ,B2
internet,internet,互联网,NOUN,B2
interpellation,interpellation,词,NOUN,C1
interpersonal,interpersonal,人际的,ADJ,B2
interpretive,interpretive,词,ADJ,C1
interrogation room,interrogation room,审讯室,NOUN,B2
interrompre,to cut short,截断,VERB,B2
interrupted,interrupted,词,ADJ,B2
intersection,intersection,交叉点,NOUN,B2
intertextuality,intertextuality,词,NOUN,C1
intertwined,intertwined,词,ADJ,C1
interval,interval,词,NOUN,C1
intervalle,meantime,同时,NOUN,B2
intervention,intervention,干预,NOUN,B2
interviewer,interviewer,词,NOUN,C1
interviewer,to interview,采访,VERB,B2
intestines,intestines,词,NOUN,B2
intimate (noun),intimate,词,NOUN,B2
intimate friendship,intimate friendship,词,NOUN,C1
intimidation,intimidation,恐吓,NOUN,B2
intimider,to intimidate,恐吓,VERB,B2
into (adp),into,词,ADP,A1
into (adv),into,词,ADV,B1
intolerant,intolerant,不容忍的,ADJ,B2
intonation,intonation,语调,NOUN,B2
intonational quality,intonational quality,词,NOUN,C1
intoxication,intoxication,词,NOUN,C1
intraitable,intractable,难处理的,ADJ,B2
intransigence,intransigence,词,NOUN,C1
intransigent,intransigent,不妥协的,ADJ,B2
intravenous drip,intravenous drip,输液,NOUN,B2
intricacy,intricacy,词,NOUN,C1
intricate,intricate,错综复杂的,ADJ,B2
intrigue (noun),intrigue,词,NOUN,C1
intriguing,intriguing,词,ADJ,C1
introduction,introduction,介绍,NOUN,B2
introspection,introspection,内省,NOUN,B2
introversion,introversion,词,NOUN,B2
introverti,introverted,内向的,ADJ,B2
intrusion,intrusion,闯入,NOUN,B2
intrusive,intrusive,词,ADJ,C1
intrépide,intrepid,无畏的,ADJ,B2
intrônisation,enthronement,登基,NOUN,B2
intuition,intuition,直觉,NOUN,B2
intuitionist,intuitionist,词,ADJ,C1
intuitive,intuitive,词,ADJ,C1
intérieur,inner,内部的,ADJ,B2
intérieur,inside,在内部,ADP,B2
intérieur modifié,amended interior,改内,NOUN,B2
inure,inure,词,VERB,C1
inutile,unnecessary,不必要的,ADJ,B2
inutile,no need,不用,AUX,B2
invalidated,invalidated,词,ADJ,C1
invalidity,invalidity,词,NOUN,C1
invariable,invariable,词,ADJ,C1
invasion,invasion,入侵,NOUN,B2
invention,invention,发明,NOUN,B2
inventorying,inventorying,清点,NOUN,B2
inverse,inverse,词,NOUN,C1
inversion,inversion,反演,NOUN,B2
inverted,inverted,词,ADJ,C1
investigated,investigated,被调查的,ADJ,B2
investigative,investigative,词,ADJ,C1
investment (adj),investment,词,ADJ,C1
invincibility,invincibility,不胜,NOUN,C1
invincible,invincible,无敌的,ADJ,B2
inviolate,inviolate,词,ADJ,C1
invisible,invisible,看不见的,ADJ,B2
invitation,invitation,邀请,NOUN,B2
invitational tournament,invitational tournament,邀请赛,NOUN,C1
invite offer,invite offer,词,VERB,A2
invited,invited,词,ADJ,C1
invocation,invocation,词,NOUN,C1
invocations,invocations,词,NOUN,C1
invoicing,invoicing,开票,NOUN,B2
involontairement,can't help,不由得,ADV,B2
involuntary,involuntary,无意识的,ADJ,B2
involved party,involved party,词,NOUN,C1
invulnerability,invulnerability,词,NOUN,C1
inward,inward,词,ADJ,C1
inwardly,inwardly,内在地,ADV,C1
inégal,unequal,不平等的,ADJ,B2
iodine deficiency,iodine deficiency,词,NOUN,C1
ion,ion,词,NOUN,C1
iranian,iranian,伊朗的,ADJ,B2
irascible,irascible,易怒的,ADJ,B2
iris,iris,词,NOUN,B2
irish,irish,爱尔兰的,ADJ,B2
irish person,irish person,爱尔兰人,NOUN,B2
irksome,irksome,词,ADJ,C1
iron arm,iron arm,铁臂,NOUN,C1
ironclad case,ironclad case,铁案,NOUN,C1
irrational,irrational,非理性的,ADJ,B2
irrationalité,irrationality,非理性,NOUN,B2
irrelevance,irrelevance,无关,NOUN,B2
irreligious,irreligious,词,ADJ,C1
irremplaçable,irreplaceable,不可替代的,ADJ,B2
irretrievable,irretrievable,词,ADJ,C1
irreversibility,irreversibility,词,NOUN,C1
irrigation,irrigation,词,NOUN,B2
irritability,irritability,词,NOUN,C1
irritable,irritable,易怒的,ADJ,B2
irritable boredom,irritable boredom,词,NOUN,C1
irritating,irritating,令人恼火的,ADJ,B2
irritation,irritation,刺激,NOUN,B2
irréconciliable,irreconcilable,不可调和的,ADJ,B2
irrésistible,irresistible,不可抗拒的,ADJ,B2
is not (adv),is not,并非,ADV,C1
is not (verb),is not,不是,VERB,B2
islamic,islamic,伊斯兰的,ADJ,B2
islamization,islamization,词,NOUN,C1
islander,islander,词,NOUN,C1
isolated reports,isolated reports,词,NOUN,C1
isolation,insulation,绝缘,NOUN,B2
isotope,isotope,同位素,NOUN,B2
isthmus,isthmus,词,NOUN,C1
it,it,对此,ADV,B2
it (noun),it,信息技术,NOUN,B2
it can be seen,it can be seen,可见,ADV,B2
it common,it common,它 (通性),PRON,B2
it doesn't matter,it doesn't matter,没关系,ADJ,A1
it goes without saying,it goes without saying,不言而喻,VERB,B2
it is a pity,it is a pity,可惜,ADJ,B2
it is said that,it is said that,据说,VERB,B2
it neuter,it neuter,它 (中性),PRON,B2
italian (noun),italian,意大利人,NOUN,B2
italien,italian,意大利人,NOUN,B2
itching powder,itching powder,痒痒粉,NOUN,B2
item,item,重目,NOUN,C1
iterative,iterative,词,ADJ,C1
itinerant,itinerant,巡回的,ADJ,B2
its,its,它的,PRON,B2
its doing,its doing,它干,NOUN,B2
itself,itself,它自己,PRON,B2
ivory,ivory,象牙,NOUN,C1
jack plug,jack plug,词,NOUN,C1
jackal,jackal,词,NOUN,B2
jade,jade,这玉,NOUN,B2
jade,jade ware,玉器,NOUN,B2
jade palace,jade palace,玉府,NOUN,B2
jade tree,jade tree,玉树,NOUN,C1
jaded,jaded,厌倦的,ADJ,B2
jadeite,jadeite,翡翠,NOUN,C1
jailer,jailer,词,NOUN,B2
jalousie,jealousy,嫉妒,NOUN,B2
janitor,janitor,词,NOUN,B2
japanese (noun),japanese,日本人,NOUN,B2
japonais,japanese,日本人,NOUN,B2
jargon,jargon,行话,NOUN,B2
jargon-heavy,jargon-heavy,词,ADJ,C1
jarring,jarring,词,ADJ,C1
jasmine,jasmine,词,NOUN,C1
jasmine tea,jasmine tea,词,NOUN,C1
jaws,jaws,词,NOUN,C1
je ne mérite pas ton éloge,i don't deserve your praise,不敢当,INTJ,B2
jeans,jeans,牛仔裤,NOUN,B2
jest,jest,词,NOUN,C1
jet,jet,喷气式飞机,NOUN,B2
jet-black,jet-black,乌黑,ADJ,B2
jeter,to discard,丢弃,VERB,B2
jeter un coup d'œil,to glance,瞥,VERB,B2
jeu,play,剧本,NOUN,B2
jeune fille,maiden,少女,NOUN,B2
jewel robbery,jewel robbery,词,NOUN,C1
jeweler,jeweler,词,NOUN,B2
jewelry making,jewelry making,词,NOUN,B2
jewish,jewish,犹太的,ADJ,B2
jews,jews,犹太人,NOUN,B2
jeûner,to fast,禁食,VERB,B2
jianghu,jianghu,江湖,NOUN,B2
jianghu world,jianghu world,江湖上,NOUN,B2
jiaolong,jiaolong,娇龙,NOUN,B2
jin,jin,斤,NOUN,B2
jinn,jinn,词,NOUN,B2
jizya tax,jizya tax,词,NOUN,C1
job interview,job interview,词,NOUN,B2
job position,job position,词,NOUN,A1
jocular,jocular,词,ADJ,C1
jocularity,jocularity,词,NOUN,B2
jog,jog,词,VERB,A1
jogging,jogging,词,NOUN,C1
joie de vivre,joie de vivre,生活乐趣,NOUN,B2
joint,joint,关节,NOUN,B2
joint examination,joint examination,联考,NOUN,B2
joint liability,joint liability,词,NOUN,C1
joint pain,joint pain,关节痛,NOUN,C1
jointness,jointness,词,NOUN,C1
joker,joker,词,NOUN,C1
joking,joking,词,NOUN,B2
jour de l'an,new year's day,元旦,NOUN,B2
jour et nuit,day and night,昼夜,NOUN,B2
jour ordinaire,ordinary day,平日,NOUN,B2
jour ouvrable,weekday,工作日,NOUN,B2
journal,journal,词,NOUN,C1
journal article,journal article,期刊论文,NOUN,B2
journalier,day laborer,日工,NOUN,B2
journalism,journalism,新闻业,NOUN,B2
journeying,journeying,词,NOUN,C1
joust,joust,词,NOUN,B1
jubilant,jubilant,词,ADJ,C1
jubilé,jubilee,禧年,NOUN,B2
judge sentence,judge sentence,词,VERB,B2
judgeable,judgeable,词,ADJ,C1
judgement,judgement,评估,NOUN,B2
judicial (noun),judicial,司法,NOUN,B2
judicious,judicious,词,ADJ,C1
judo,judo,柔道,NOUN,C1
jugement modifié,amended judgment,改断,NOUN,B2
juif,jew,犹太人,NOUN,B2
jujube,jujube,枣子,NOUN,B2
jumble,jumble,词,NOUN,B2
junction,junction,词,NOUN,C1
juncture,juncture,词,NOUN,B2
jungle,jungle,丛林,NOUN,B2
jungles,jungles,词,NOUN,B2
junior jersey,junior jersey,,NOUN,B2
juniper,juniper,词,NOUN,B2
junk,junk,破烂货,NOUN,B2
junkie,junkie,词,NOUN,C1
juridiction,jurisdiction area,辖区,NOUN,B2
jurisprudence,jurisprudence,法理学,NOUN,B2
juristic preference,juristic preference,词,NOUN,C1
jury,jury,陪审团,NOUN,B2
jury service,jury service,陪审,NOUN,C1
jusqu'ici,so far,到目前为止,ADV,B2
jusqu'à,up to,为止,ADP,B2
just,just,公正,ADJ,B2
just as,just as,词,ADV,A2
just enough,just enough,便够,NOUN,C1
just in case,just in case,万一,SCONJ,A2
just in time,just in time,正好,ADV,A2
just like that,just like that,随便地,ADV,B2
just now (noun),just now,我刚才,NOUN,C1
just over,just over,稍微超过,ADV,B2
just precis,just precis,恰好,ADV,B2
just right perfect,just right perfect,恰到好处,ADJ,C1
juste,fair,公平的,ADJ,B2
juste,righteous,正直的,ADJ,B2
juste,just right,恰到好处,ADV,B2
justice,justice,正义,NOUN,B2
justifiability,justifiability,正当性,NOUN,C1
justifiable,justifiable,词,ADJ,C1
justification,justification,理由,NOUN,B2
justified,justified,有根据的,ADJ,B2
justness,justness,公正,NOUN,B2
juvenile delinquency,juvenile delinquency,词,NOUN,B2
juxtapose,juxtapose,词,VERB,C1
kaleidoscope,kaleidoscope,词,NOUN,B2
karaté,karate,空手道,NOUN,B2
kasbah,kasbah,词,NOUN,B1
kayaking,kayaking,皮划艇,NOUN,C1
keen eager,keen eager,渴望的,ADJ,B2
keenly,keenly,词,ADV,C1
keenness,keenness,词,NOUN,B2
keep away,keep away,词,VERB,C1
keeping,keeping,娘存,NOUN,C1
keeping up with,keeping up with,词,NOUN,B2
kendo,kendo,剑道,NOUN,C1
kept,kept,词,ADJ,B2
kerosene,kerosene,火油,NOUN,C1
key point,key point,要点,NOUN,C1
khul',khul',女方离婚,NOUN,C1
kick (noun),kick,词,NOUN,B1
kickback,kickback,回扣,NOUN,C1
kidnapped,kidnapped,被绑架的,ADJ,B2
kidnapper,kidnapper,绑架者,NOUN,B2
kidnapper,to kidnap,绑架,VERB,B2
kids,kids,孩子,NOUN,B2
killed,killed,,NOUN,B2
killing,killing,词,NOUN,B2
kilogramme,kilogram,千克,NOUN,B2
kilomètre,kilometer,公里,NOUN,B2
kin,kin,宗族,NOUN,B2
kind sort,kind sort,种类,NOUN,B2
kind species,kind species,种类/物种,NOUN,B2
kind type,kind type,词,NOUN,A1
kind words,kind words,好言,NOUN,C1
kindergarten,kindergarten,幼儿园,NOUN,B1
kindheartedness,kindheartedness,词,NOUN,B2
kindly (adj),kindly,慈祥,ADJ,C1
kindly (verb),kindly,敬请,VERB,B2
kindness gentleness,kindness gentleness,词,NOUN,B2
kindred spirit,kindred spirit,志同道合者,NOUN,B2
king,king,王,PART,B2
kiss (noun),kiss,词,NOUN,A2
kit,kit,词,NOUN,B2
kitchen annex,kitchen annex,词,NOUN,B1
kitten,kitten,小猫,NOUN,B2
kiwi,kiwi,猕猴桃,NOUN,C1
klaxonner,to honk,按喇叭,VERB,B2
knack,knack,窍,NOUN,C1
kneader,kneader,词,NOUN,C1
kneeling,kneeling,跪,NOUN,B2
kneeling (adj),kneeling,词,ADJ,C1
knife wound,knife wound,词,NOUN,B2
knight-errant,knight-errant,侠,NOUN,C1
knock,knock,敲击,NOUN,B2
knocked out,knocked out,被淘汰的,ADJ,B2
knocking,knocking,词,NOUN,B1
knockout match,knockout match,淘汰赛,NOUN,B2
knowledge exchange,knowledge exchange,知识交流,NOUN,B2
knowledge gained,knowledge gained,心得,NOUN,C1
knowledge of human nature,knowledge of human nature,词,NOUN,C1
knowledge transfer,knowledge transfer,知识传授,NOUN,B2
known famous,known famous,著名的/熟悉的,ADJ,B2
kohl,kohl,词,NOUN,A1
laazima,laazima,词,NOUN,B2
lab,lab,实验室,NOUN,B2
laba porridge,laba porridge,腊八粥,NOUN,C1
labile,labile,不稳定的,ADJ,B2
labor market,labor market,劳动力市场,NOUN,B2
labor-related,labor-related,词,ADJ,C1
laboratory (adj),laboratory,词,ADJ,C1
laborer,laborer,词,NOUN,B2
laborieux,laborious,费力的,ADJ,B2
laborious striving,laborious striving,词,NOUN,C1
laboriously,laboriously,词,ADV,C1
labour market,labour market,词,NOUN,B1
labyrinth,labyrinth,词,NOUN,C1
labyrinthine,labyrinthine,词,ADJ,C1
lack of affection,lack of affection,词,NOUN,C1
lack of appetite,lack of appetite,词,NOUN,C1
lack of knowledge,lack of knowledge,词,NOUN,C1
lacquer,lacquer,词,NOUN,C1
lacquerware,lacquerware,漆器,NOUN,C1
lacunary,lacunary,残缺的,ADJ,B2
ladies and gentlemen,ladies and gentlemen,词,NOUN,C1
ladle,ladle,词,NOUN,A2
lagoon,lagoon,词,NOUN,C1
laideur,ugliness,丑陋,NOUN,B2
laisser,let,让,AUX,B2
laisser,to leave behind,留下,VERB,B2
laitue,lettuce,生菜,NOUN,B2
lake (part),lake,湖,PART,A2
lakeside,lakeside,湖上,NOUN,B2
lamb leg,lamb leg,羊腿,NOUN,C1
lame person,lame person,词,NOUN,B2
lament (noun),lament,词,NOUN,C1
lamentable,lamentable,词,ADJ,C1
lamp niche,lamp niche,词,NOUN,C1
lampe,lamp,灯,NOUN,B2
lance,spear,长矛,NOUN,B2
lancet,lancet,柳叶刀 / 刺血针,NOUN,C1
land (adj),land,بري,ADJ,B2
land expansion,land expansion,拓土,NOUN,B2
land ownership,land ownership,词,NOUN,C1
land policy,land policy,土地政策,NOUN,B2
land register,land register,地籍,NOUN,B2
land tax,land tax,词,NOUN,C1
land titling,land titling,词,NOUN,B2
land use,land use,土地利用,NOUN,B2
landfill,landfill,填埋,NOUN,C1
landmark (adj),landmark,标志性,ADJ,C1
landmark (noun),landmark,词,NOUN,C1
landmine,landmine,词,NOUN,C1
landowner,landowner,词,NOUN,C1
landscape photo,landscape photo,风景照,NOUN,C1
language use,language use,语言使用,NOUN,B2
langue,tongue,舌头,NOUN,B2
languid,languid,词,ADJ,C1
lantern,lantern,灯笼,NOUN,B2
lapidary,lapidary,简略的,ADJ,B2
laptop,laptop,笔记本电脑,NOUN,B2
large,large,词,ADJ,A2
large amount,large amount,大量,NOUN,B2
large clay jar,large clay jar,词,NOUN,B1
large estate,large estate,词,NOUN,C1
large landowner,large landowner,词,NOUN,C1
large place used for a specific purpose,large place used for a specific purpose,场,NOUN,A2
large serving bowl,large serving bowl,词,NOUN,B1
large-scale (noun),large-scale,大举,NOUN,C1
largely,largely,主要地,ADV,B2
larger,larger,再大,NOUN,B2
larme,tears,眼泪,NOUN,B2
larynx,larynx,喉,NOUN,B2
lassitude,lassitude,词,NOUN,C1
last (num),last,词,NUM,A2
last evening,last evening,,NOUN,B2
last name,last name,姓,NOUN,B2
last night,last night,昨晚,ADV,B2
last time,last time,上次,NOUN,B2
last week,last week,上周,NOUN,B2
lasting,lasting,词,ADJ,C1
late,late,晚才,NOUN,B2
late afternoon,late afternoon,词,NOUN,C1
late arrival,late arrival,去晚,NOUN,C1
late behind,late behind,词,ADJ,B2
late night,late night,深夜,NOUN,C1
late spring cold snap,late spring cold snap,倒春寒,NOUN,B2
late stage,late stage,晚期,NOUN,C1
lately,lately,词,ADV,A2
latent,latent,潜在的,ADJ,B2
later stage,later stage,后期,NOUN,B2
latest,latest,最新的,ADJ,B2
latest (adv),latest,最迟/最近,ADV,B1
lathe,lathe,词,NOUN,C1
lathing turning,lathing turning,词,NOUN,C1
latin,latin,拉丁的,ADJ,B2
latin dance,latin dance,拉丁舞,NOUN,B2
latitude,latitude,词,NOUN,C1
latrine,outhouse,茅房,NOUN,B2
latéral,lateral,侧面的,ADJ,B2
laudable,laudable,词,ADJ,C1
laugh,laugh,笑,NOUN,B2
laugh again,laugh again,又笑,NOUN,C1
laughing,laughing,词,ADJ,C1
launch ceremony,launch ceremony,启动仪式,NOUN,C1
lave,lava,熔岩,NOUN,B2
lave-linge,washing machine,洗衣机,NOUN,B2
lavish,lavish,词,ADJ,C1
law,law,法,PART,B2
law firm,law firm,律师事务所,NOUN,B2
law team,law team,法律/团队,NOUN,B2
law-abiding,law-abiding,守法,ADJ,C1
lawless,lawless,无法的,ADJ,B2
lawlessness,lawlessness,词,NOUN,C1
lawsuit demand,lawsuit demand,词,NOUN,B1
lawyer female,lawyer female,词,NOUN,B2
laxative,laxative,词,NOUN,C1
lay (adj),lay,词,ADJ,C1
layer (verb),layer,压条,VERB,C1
layer shift,layer shift,词,NOUN,B2
layer storage,layer storage,层/仓库,NOUN,B2
lazybones,lazybones,词,NOUN,C1
le long de,along,沿着,ADP,B2
le reste,the rest,其余,NOUN,B2
lead actor,lead actor,主演,NOUN,B2
leader,pace-setter,标兵,NOUN,B2
leader female,leader female,词,NOUN,C1
leader ladder,leader ladder,词,NOUN,B1
leadership,leadership,领导能力,NOUN,B2
leading (noun),leading,正带,NOUN,C1
leading role,leading role,主角,NOUN,B2
leaf litter,leaf litter,词,NOUN,C1
leaf page,leaf page,叶子,NOUN,B2
leafiness,leafiness,词,NOUN,C1
leafy,leafy,枝叶茂密的,ADJ,B2
leapfrog,leapfrog,跳跃式,ADJ,C1
learned,learned,词,ADJ,C1
learning curve,learning curve,学习曲线,NOUN,B2
leash,leash,词,NOUN,B2
least,least,最少,ADV,B2
least (adj),least,词,ADJ,A1
leather goods,leather goods,词,NOUN,C1
leather jacket,leather jacket,词,NOUN,C1
leather shoes,leather shoes,皮鞋,NOUN,B1
leathery,leathery,词,ADJ,B2
leave hospital,leave hospital,出院,VERB,C1
leave office,leave office,卸任,VERB,C1
led astray,led astray,词,ADJ,C1
left,left,左,NOUN,B2
left (adv),left,左边,ADV,B2
left hand,left hand,左手,NOUN,C1
left over,left over,词,ADJ,A2
leftism,leftism,词,NOUN,C1
leftist,leftist,词,ADJ,C1
leftovers,leftovers,剩菜,NOUN,B2
legal capacity,legal capacity,词,NOUN,C1
legal challenge,legal challenge,词,NOUN,B2
legal consideration,legal consideration,词,NOUN,C1
legal fees,legal fees,词,NOUN,C1
legal guardian,legal guardian,词,NOUN,C1
legal representative,legal representative,词,NOUN,C1
legation,legation,公使馆,NOUN,B2
legible,legible,词,ADJ,C1
legion unit,legion unit,,NOUN,B2
legislative elections,legislative elections,词,NOUN,C1
legislator,legislator,词,NOUN,C1
legitimization,legitimization,词,NOUN,B2
leisurely,leisurely,词,ADJ,C1
lemon verbena,lemon verbena,词,NOUN,B2
lender,lender,词,NOUN,B2
lending,lending,词,NOUN,C1
lengthy,lengthy,词,ADJ,C1
lens,lens,词,NOUN,C1
lent,slow,慢的,ADJ,B2
lent,lent,大斋期,NOUN,B2
lentement,slowly,缓慢地,ADV,B2
lentils,lentils,词,NOUN,A2
lesbian,lesbian,女同性恋的,ADJ,B2
less,less,较少的,ADJ,B2
less starch,less starch,粉少,NOUN,C1
let alone (cconj),let alone,何况,CCONJ,B1
lethargic,lethargic,昏睡的,ADJ,B2
lethargy,lethargy,词,NOUN,C1
letter mail,letter mail,信,NOUN,B2
letter of the alphabet,letter of the alphabet,字母,NOUN,C1
letter paper,letter paper,信纸,NOUN,B2
leurre,lure,诱惑,NOUN,B2
lever crane,lever crane,词,NOUN,C1
leverage,leverage,词,NOUN,B2
levity,levity,词,NOUN,C1
lexical,lexical,词,ADJ,C1
liabilities,liabilities,词,NOUN,C1
liaison,liaison,联络,NOUN,B2
libel,libel,词,NOUN,C1
liberalize,liberalize,自由化,! VERB,B2
liberating,liberating,解放的,ADJ,B2
liberty,liberty,词,NOUN,B2
libération,release,释放,NOUN,B2
libérer,to liberate,解放,VERB,B2
licensed goods,licensed goods,行货,NOUN,C1
licenses,licenses,词,NOUN,C1
licensor,licensor,词,NOUN,C1
licentious,licentious,放荡的,ADJ,B2
lichen,lichen,词,NOUN,B2
lien,bond,纽带,NOUN,B2
lier,to bind,捆绑,VERB,B2
lieu,location,地点,NOUN,B2
lieu,venue,场地,NOUN,B2
lieu de travail,workplace,工作场所,NOUN,B2
lieutenant,lieutenant,中尉,NOUN,B2
life (part),life,生,PART,A2
life connection,life connection,连命,NOUN,C1
life sentence,life sentence,无期徒刑,NOUN,B2
life span,life span,寿命,NOUN,B1
life's work,life's work,毕生事业,NOUN,B2
life-size,life-size,真人大小的,ADJ,B2
lifeguard,lifeguard,词,NOUN,B2
lifeless,lifeless,无生命的,ADJ,B2
lifelong,lifelong,终身,ADJ,B2
lifelong promise,lifelong promise,许白首不离,NOUN,B2
lifestyle,lifestyle,生活方式,NOUN,B2
light blue,light blue,词,ADJ,A1
light brown,light brown,浅棕色的,ADJ,B2
light bulb,light bulb,词,NOUN,B2
light grey,light grey,浅灰色的,ADJ,B2
light load,light load,轻装,NOUN,C1
light rain,light rain,小雨,NOUN,B2
light sleep,light sleep,词,NOUN,C1
light snow,light snow,小雪,NOUN,B2
light up turn on,light up turn on,词,VERB,A1
light-colored,light-colored,词,ADJ,A2
light-year,light-year,,NOUN,B2
lightbulb,lightbulb,词,NOUN,A1
lightest,lightest,最轻,NOUN,C1
lighting,lighting,词,NOUN,B2
like,like,点赞,NOUN,B2
like (part),like,似的,PART,B1
like as,like as,如同/好像,ADV,B2
like that,like that,像那样,ADV,B2
like this,like this,,NOUN,B2
like this (adv),like this,词,ADV,B1
likeable,likeable,词,ADJ,C1
likely (adj),likely,词,ADJ,A1
likely (adv),likely,词,ADV,A1
likely source,likely source,词,NOUN,C1
limb,limb,肢体,NOUN,B2
limbo,limbo,limbo,NOUN,B2
limbs,limbs,手脚,NOUN,B2
limbs faculties,limbs faculties,词,NOUN,C1
liminal,liminal,阈限的,ADJ,B2
limit border,limit border,界限,NOUN,B2
limited liability company,limited liability company,词,NOUN,C1
limitless,limitless,不可限量,ADJ,C1
limits,limits,词,NOUN,B2
limité,limited,有限的,ADJ,B2
limpidity,limpidity,词,NOUN,C1
lin,linen,线麻,NOUN,B2
line of conduct,line of conduct,行为方针,NOUN,B2
line-up,line-up,阵容,NOUN,B2
lineages,lineages,词,NOUN,C1
liner,liner,词,NOUN,C1
lines,lines,台词,NOUN,B2
linge,laundry,洗衣,NOUN,B2
lingerie,underwear,内衣,NOUN,B2
lingering stun,lingering stun,还愣,NOUN,C1
lingual,lingual,语言的,ADJ,B2
linguist,linguist,词,NOUN,C1
linguistic intuition,linguistic intuition,词,NOUN,C1
linguistique,linguistics,语言学,NOUN,B2
link (adj),link,词,ADJ,C1
link connector,link connector,词,NOUN,C1
linkage (noun),linkage,词,NOUN,C1
linking,linking,词,NOUN,C1
linéaire,linear,线性的,ADJ,B2
lion,lion,狮子,NOUN,B2
lip service,lip service,词,NOUN,C1
lipless,lipless,词,ADJ,C1
liqueur,liquor,烈酒,NOUN,B2
liquid,liquid,液态的,ADJ,B2
liquidation,liquidation,清算,NOUN,B2
lisp (noun),lisp,词,NOUN,C1
lissément,smoothly,顺利,ADV,B2
listen (intj),listen,词,INTJ,B2
listen up,listen up,听着,INTJ,B2
listening,listening,也听,NOUN,B2
listing,listing,词,NOUN,C1
listless,listless,词,ADJ,C1
litanies,litanies,词,NOUN,C1
literalism,literalism,词,NOUN,C1
literally,literally,字面上地,ADV,B2
literariness,literariness,词,NOUN,C1
literary thefts,literary thefts,词,NOUN,C1
lithe,lithe,词,ADJ,C1
lithography,lithography,词,NOUN,C1
litigation against a judge,litigation against a judge,词,NOUN,C1
litre,litre,升,NOUN,B2
litterateur,litterateur,词,NOUN,C1
little,little,少,DET,B2
little (adj),little,词,ADJ,A1
little bitch,little bitch,小婊子,NOUN,B2
little boy,little boy,小男孩,NOUN,B2
little brother,little brother,小弟弟,NOUN,B2
little dragon,little dragon,小龙……,NOUN,C1
little finger,little finger,小指,NOUN,B2
little hand,little hand,小手,NOUN,B2
little heart,little heart,小心脏,NOUN,B2
little one,little one,小家伙,NOUN,B2
little sister,little sister,妹妹,NOUN,B2
little son,little son,小儿子,NOUN,B2
little sun,little sun,小太阳,NOUN,B2
little thing,little thing,词,NOUN,B2
little town,little town,词,NOUN,C1
littérature,literature,文学,NOUN,B2
liturgical,liturgical,词,ADJ,C1
live (adj),live,词,ADJ,B1
live in peace and work happily,live in peace and work happily,安居乐业,VERB,C1
live stream,live stream,词,NOUN,B2
live to,live to,活到,NOUN,C1
livelihood,livelihood,词,NOUN,C1
livestock farming,livestock farming,词,NOUN,C1
livestream,livestream,直播,NOUN,C1
living being,living being,词,NOUN,C1
livre,pound,磅,NOUN,B2
livrer,to deliver,递送,VERB,B2
load cargo,load cargo,货物/负荷,NOUN,B2
loaded,loaded,词,ADJ,C1
loanword,loanword,外来词,NOUN,C1
loathing,loathing,,NOUN,B2
loathsome,loathsome,词,ADJ,C1
lobby,lobby,词,NOUN,C1
lobe,lobe,词,NOUN,A2
local,local,当地的,ADJ,B2
local (noun),local,当地,NOUN,A2
local elections,local elections,地方选举,NOUN,C1
local tyrant,local tyrant,豪强,NOUN,B2
localism,localism,词,NOUN,C1
locked,locked,锁定的,ADJ,B2
locked in,locked in,被关在里面的,ADJ,B2
locomotive,locomotive,词,NOUN,C1
lodges,lodges,道堂,NOUN,C1
loft,loft,词,NOUN,C1
loftiness,loftiness,高尚,NOUN,C1
logarithm,logarithm,词,NOUN,C1
logic modification,logic modification,改逻,NOUN,B2
logique,logical,合乎逻辑的,ADJ,B2
logique,logic,逻辑,NOUN,B2
logistical,logistical,词,ADJ,C1
logistics (adj),logistics,词,ADJ,C1
logo,logo,标识,NOUN,C1
lonely soul,lonely soul,孤魂,NOUN,C1
long,long,长的,ADJ,B2
long (noun),long,long,NOUN,B2
long absence,long absence,久违,NOUN,C1
long pipe,long pipe,词,NOUN,B2
long poem,long poem,词,NOUN,C1
long story,long story,话长,NOUN,C1
long stretch of time,long stretch of time,词,NOUN,C1
long time (noun),long time,许久,NOUN,C1
long-distance,long-distance,长途,ADJ,B2
long-distance runner,long-distance runner,长跑运动员,NOUN,B2
long-established,long-established,词,ADJ,C1
long-lasting,long-lasting,持久的,ADJ,B2
long-running,long-running,词,ADJ,C1
long-term,long-term,长期性,ADJ,C1
long-winded,long-winded,啰唆,ADJ,B2
longan,longan,龙眼,NOUN,C1
longer,longer,更长的,ADJ,B2
longest,longest,أطول,NOUN,B1
longevity,longevity,词,NOUN,C1
longtemps,long time,长时间,ADV,B2
longueur,length,长度,NOUN,B2
loofah,loofah,丝瓜,NOUN,C1
look around,look around,词,VERB,C1
loom,loom,词,NOUN,B2
looming,looming,词,ADJ,C1
loopholes,loopholes,词,NOUN,C1
loose,loose,松的,ADJ,B2
loose thread,loose thread,线头,NOUN,B2
looseness,looseness,词,NOUN,C1
loquacious,loquacious,词,ADJ,C1
loquat,loquat,枇杷,NOUN,C1
lord god,lord god,上帝,NOUN,B2
lose an election,lose an election,落选,VERB,C1
lose face,lose face,丢脸,VERB,B2
lose heart,lose heart,灰心,VERB,B2
losses,losses,词,NOUN,B1
lost,lost,迷失的,ADJ,B2
lost tradition,lost tradition,失传,NOUN,C1
lot,lot,许多,NOUN,B2
lotar,lotar,词,NOUN,C1
lots,lots,大量,NOUN,B2
lottery ticket,lottery ticket,彩票,NOUN,C1
lotus root,lotus root,莲藕,NOUN,C1
loud and clear,loud and clear,响亮,ADJ,B2
loudly,loudly,大声地,ADV,B2
loudspeaker,loudspeaker,扬声器,NOUN,B2
louer,to praise,赞扬,VERB,B2
lourd,sluggish,迟钝的,ADJ,B2
lousy servant,lousy servant,臭当差,NOUN,C1
love and esteem,love and esteem,爱戴,VERB,C1
love ardently,love ardently,热爱,VERB,B1
love at first sight,love at first sight,词,NOUN,C1
loved,loved,被爱的,ADJ,B2
lovely,lovely,美好的,ADJ,B2
lover sweetheart,lover sweetheart,情人,NOUN,B2
lovesickness,lovesickness,词,NOUN,C1
lovestruck,lovestruck,词,ADJ,C1
low blow,low blow,词,NOUN,C1
low point,low point,词,NOUN,C1
low pressure,low pressure,低气压,NOUN,C1
low-carbon,low-carbon,低碳,ADJ,C1
lower,lower,较低的,ADJ,B2
lower (noun),lower,词,NOUN,B2
lower part,lower part,下部,NOUN,C1
lowest,lowest,最低的,ADJ,B2
lowland,lowland,低地,NOUN,B2
lowly,lowly,词,ADJ,B2
loyal,loyal,忠诚的,ADJ,B2
loyalism,loyalism,词,NOUN,C1
loyalty fidelity,loyalty fidelity,词,NOUN,B2
loyalty to authority,loyalty to authority,服从权威,NOUN,B2
lubrication,lubrication,词,NOUN,C1
lucid,lucid,词,ADJ,C1
luck turn,luck turn,词,NOUN,A2
lucky (noun),lucky,吉祥,NOUN,B2
lucky money,lucky money,压岁钱,NOUN,B2
lucky one,lucky one,词,NOUN,B2
lucubrate,lucubrate,词,VERB,C1
lucubration,lucubration,词,NOUN,C1
lueur,glow,光芒,NOUN,B2
lui,him,他吧,NOUN,B2
lukewarmness,lukewarmness,词,NOUN,C1
lullaby,lullaby,词,NOUN,C1
luminosity,luminosity,词,NOUN,C1
lump in throat,lump in throat,词,NOUN,C1
lunar calendar,lunar calendar,农历,NOUN,B2
lunar phase,lunar phase,月相,NOUN,C1
lunatic,lunatic,疯子,NOUN,B2
lunch break,lunch break,午休,NOUN,B2
lune de miel,honeymoon,蜜月,NOUN,B2
lupini beans,lupini beans,词,NOUN,B2
lurid,lurid,词,ADJ,C1
lute,lute,词,NOUN,C1
lutte,struggle,斗争,NOUN,B2
lutter,to vie,竞争,VERB,B2
lychee,lychee,荔枝,NOUN,C1
lymphe,lymph,淋巴,NOUN,B2
lyre,lyre,词,NOUN,B2
lyricism,lyricism,词,NOUN,C1
là,there,那儿,NOUN,B2
là-bas,over there,在那边,ADV,B2
lâcher,to let go,放开,VERB,B2
légal,lawful,合法的,ADJ,B2
légitimer,to legitimize,使合法,VERB,B2
légume,vegetable,蔬菜,NOUN,B2
ma résidence,my residence,我府,NOUN,B2
macabre,macabre,词,ADJ,C1
macaw,macaw,词,NOUN,C1
macerate,macerate,词,VERB,C1
machination,machination,词,NOUN,C1
machine,machine,机器,NOUN,B2
machine (adj),machine,词,ADJ,B2
machine learning,machine learning,机器学习,NOUN,B2
machine lourde,heavy machine,重机,NOUN,B2
machine wash,machine wash,机洗,VERB,B2
machinery,machinery,词,NOUN,C1
macro,macro,宏观,ADJ,C1
macroeconomic,macroeconomic,宏观经济学的,ADJ,B2
macroscopique,macroscopic,宏观的,ADJ,B2
mad,mad,词,ADJ,A1
made,made,制成的,ADJ,B2
maelstrom,maelstrom,词,NOUN,C1
mafia,mafia,黑手党,NOUN,B2
magazine,magazine,杂志,NOUN,B2
magically,magically,魔法地,ADV,B2
magnanimous,magnanimous,宽宏大量的,ADJ,B2
magnanimous pardon,magnanimous pardon,词,NOUN,C1
magnetism,magnetism,词,NOUN,C1
magnification,magnification,增大,NOUN,C1
magnifique,gorgeous,华丽的,ADJ,B2
magnitude,magnitude,词,NOUN,C1
mai,may,五月,NOUN,B2
maigre,lean,瘦的,ADJ,B2
mail (verb),mail,寄送,VERB,C1
main camp,main camp,大营,NOUN,B2
main reason,main reason,主要原因,NOUN,B2
main road,main road,主路,NOUN,B2
main street,main street,大街,NOUN,B2
main text,main text,词,NOUN,C1
main thing,main thing,词,NOUN,B2
mainstream,mainstream,主流的,ADJ,B2
mais,but,然而,ADV,B2
mais je,but i,可我,ADV,B2
mais vous,but you,但您,NOUN,B2
maison,home,家,NOUN,B2
maison d'édition,publishing house,出版社,NOUN,B2
majeur,major,少校,NOUN,B2
major (noun),major,主修,NOUN,B2
major case,major case,大案,NOUN,B2
major defense,major defense,大防,NOUN,C1
major event,major event,大事,NOUN,B2
make amends,make amends,词,VERB,C1
make flexible,make flexible,词,VERB,C1
makeover,makeover,改容,NOUN,C1
makeshift solution,makeshift solution,词,NOUN,B2
makeup leave,makeup leave,补休,NOUN,B2
makhzen-related,makhzen-related,词,ADJ,C1
making,making,词,NOUN,B2
mal,evil,恶行,NOUN,B2
malade,ill,生病的,ADJ,B2
maladie,disease,疾病,NOUN,B2
maladie,malady,弊病,NOUN,B2
maladjusted,maladjusted,适应不良的,ADJ,B2
maladjustment,maladjustment,词,NOUN,C1
malchanceux,unlucky,倒霉的,ADJ,B2
male,male,男性,NOUN,B2
male goat,male goat,词,NOUN,B2
malevolent,malevolent,词,ADJ,C1
malgré,to in spite of,不顾,VERB,B2
malheureusement,unfortunately,不幸地,ADV,B2
malheureux,unfortunate,不幸的,ADJ,B2
malhun,malhun,词,NOUN,B2
malice,malice,恶意,NOUN,B2
malicious,malicious,恶意的,ADJ,B2
malicious words,malicious words,恶言,NOUN,B2
malignancy,malignancy,词,NOUN,C1
maliki school,maliki school,词,NOUN,C1
malin,malignant,恶性的,ADJ,B2
mall,mall,词,NOUN,B2
malleability,malleability,词,NOUN,C1
malleable,malleable,词,ADJ,C1
mallow greens,mallow greens,词,NOUN,B2
malmo,malmo,马尔默,PROPN,B2
malnutrition,malnutrition,营养不良,NOUN,B2
malpractice,malpractice,弊端,NOUN,C1
mammalian,mammalian,词,ADJ,C1
managed,managed,,NOUN,B2
management pipe,management pipe,管理层/管道,NOUN,B2
managing director,managing director,总经理,NOUN,B2
mandataire,proxy,代理人,NOUN,B2
mane,mane,词,NOUN,C1
mango,mango,芒果,NOUN,B2
mangosteen,mangosteen,山竹,NOUN,B2
mangrove,mangrove,红树林,NOUN,B2
mania,mania,狂躁症,NOUN,B2
manifestation,manifestation,词,NOUN,C1
manifesto,manifesto,宣言,NOUN,B2
manifold,manifold,多方面的,ADJ,B2
manipulable,manipulable,可操纵的,ADJ,B2
manipulation,handling,处理,NOUN,B2
manipulation,manipulation,操纵,NOUN,B2
manliness,manliness,词,NOUN,C1
manly deed,manly deed,词,NOUN,C1
manly virtue,manly virtue,词,NOUN,C1
mannerly,mannerly,有礼貌的,ADJ,B2
manners,manners,词,NOUN,B2
mannish,mannish,像男人的,ADJ,B2
manoir,mansion,豪宅,NOUN,B2
manor (part),manor,庄,PART,B2
manor lord,manor lord,庄主,NOUN,B2
manquer,lack,缺乏,NOUN,B2
manquer,to be missing,缺少,VERB,B2
manquer,to lack,缺乏,VERB,B2
manslaughter,manslaughter,词,NOUN,C1
mantra,mantra,心诀,NOUN,B2
manual,manual,手工的,ADJ,B2
manual (noun),manual,词,NOUN,B1
manufacture,manufacture,制造,NOUN,B2
manumission,manumission,词,NOUN,C1
manure (noun),manure,词,NOUN,C1
many,many,许多,DET,B2
many (noun),many,多……,NOUN,B2
many (pron),many,词,PRON,B1
many things,many things,许多事物,PRON,B2
many whips,many whips,好多鞭,NOUN,C1
maple,maple,词,NOUN,B2
mapping,mapping,梳理,NOUN,B2
maqam,maqam,词,NOUN,B2
maqama,maqama,词,NOUN,C1
marathon,marathon,马拉松,NOUN,B2
marbly,marbly,大理石般的,ADJ,B2
marc,dregs,渣滓,NOUN,B2
marchandage,haggling,计较,NOUN,B2
marchandise,commodity,商品,NOUN,B2
marchandises,goods,商品,NOUN,B2
marché noir,black market,黑市,NOUN,B2
mare,mare,词,NOUN,B2
marginal,marginal,边缘的,ADJ,B2
mariable,marriageable,适婚,NOUN,B2
marinade,marinade,词,NOUN,B2
marine,marine,海洋的,ADJ,B2
marine,navy,海军,NOUN,B2
marine (noun),marine,海军陆战队员,NOUN,B2
marine corps,marine corps,海军陆战队,NOUN,B2
mariner,to pickle,腌渍,VERB,B2
maritime,maritime,海事的,ADJ,B2
marié,married,已婚的,ADJ,B2
marié,groom,新郎,NOUN,B2
market (adj),market,词,ADJ,C1
market inspection,market inspection,词,NOUN,C1
market inspector,market inspector,词,NOUN,C1
markets,markets,词,NOUN,C1
maroon,maroon,深红色,ADJ,B2
marque,mark,标记,NOUN,B2
marriage contract,marriage contract,婚约,NOUN,C1
marriage leave,marriage leave,婚假,NOUN,B2
marsh,marsh,词,NOUN,C1
marshy,marshy,沼泽般的,ADJ,B2
martial (adj),martial,词,ADJ,B2
martial (part),martial,武,PART,B2
martial arts,martial arts,武术,NOUN,B1
martyr,martyr,词,NOUN,C1
marée basse,low tide,退潮,NOUN,B2
marée haute,high tide,涨潮,NOUN,B2
masculine (noun),masculine,masculine,NOUN,B2
masculinity,masculinity,词,NOUN,C1
masculinization,masculinization,词,NOUN,C1
mask (verb),mask,词,VERB,C1
masochism,masochism,词,NOUN,C1
mass (adj),mass,词,ADJ,C1
mass appeal,mass appeal,词,NOUN,C1
mass innovation,mass innovation,众创,NOUN,B2
mass media,mass media,大众媒体,NOUN,B2
mass-transmitted,mass-transmitted,词,ADJ,C1
massacre,massacre,大屠杀,NOUN,B2
massage (noun),massage,词,NOUN,B2
massage (verb),massage,词,VERB,B2
masses,masses,群众,NOUN,C1
masseur,masseur,按摩师,NOUN,B2
mast (noun),mast,词,NOUN,C1
master,master's degree,硕士学位,NOUN,B2
master (part),master,爷,PART,A2
master and disciple,master and disciple,师徒,NOUN,C1
master copy,master copy,底本,NOUN,C1
master gives,master gives,爷给,NOUN,C1
master's grudge,master's grudge,师仇,NOUN,B2
master's possession,master's possession,爷有,NOUN,B2
master's wife,master's wife,师娘,NOUN,B1
master's wife sits,master's wife sits,师娘坐,NOUN,C1
mastermind,mastermind,词,NOUN,C1
mat,mat,词,NOUN,B2
matches,matches,词,NOUN,C1
matching use,matching use,配用,NOUN,C1
mate,mate,词,NOUN,A2
material (adj),material,词,ADJ,C1
maternal grace,maternal grace,母恩难,NOUN,B2
maternal grandmother,maternal grandmother,外婆,NOUN,B2
maternity leave,maternity leave,产假,NOUN,C1
maternity matron,maternity matron,月嫂,NOUN,C1
maths,math,数学,NOUN,B2
mathématiques,mathematics,数学,NOUN,B2
matière,matter,事情,NOUN,B2
matière,stuff,东西,NOUN,B2
matière principale,major course,专业课,NOUN,B2
matriarch,matriarch,女家长,NOUN,B2
matriarchy,matriarchy,词,NOUN,C1
matter affair,matter affair,事情,NOUN,A1
matter of conscience,matter of conscience,良心问题,NOUN,B2
matter of time,matter of time,时间问题,NOUN,B2
mature,mature,成熟的,ADJ,B2
maudire,to curse,诅咒,VERB,B2
maudit,damn,该死的,ADJ,B2
mausoleum,mausoleum,词,NOUN,B1
mauvaise herbe,weed,杂草,NOUN,B2
maverick,maverick,词,NOUN,C1
mawkish,mawkish,词,ADJ,C1
mawwal,mawwal,词,NOUN,B2
maximal,maximal,最大的,ADJ,B2
maxime,maxim,格言,NOUN,B2
maximization,maximization,词,NOUN,C1
maximum,utmost,你尽,NOUN,B2
maximum (noun),maximum,词,NOUN,B2
may (aux),may,词,AUX,A1
may be allowed,may be allowed,词,AUX,A2
may subjunctive,may subjunctive,词,AUX,C1
maybe possible,maybe possible,可能,ADV,A1
mayoral,mayoral,市长的,ADJ,B2
maze,maze,词,NOUN,C1
maze labyrinth,maze labyrinth,词,NOUN,C1
maîtriser,to master,掌握,VERB,B2
maïs,corn,玉米,NOUN,B2
me (noun),me,我?,NOUN,B2
me accusative,me accusative,词,PRON,A2
me dative,me dative,词,PRON,A2
mead,mead,词,NOUN,C1
meager,meager,词,ADJ,C1
mean (noun),mean,词,NOUN,C1
meander,meander,词,NOUN,C1
meandering,meandering,蜿蜒的,ADJ,B2
meaning content,meaning content,语义内容,NOUN,B2
meaningful,meaningful,有意义的,ADJ,B2
meaningless,meaningless,毫无意义的,ADJ,B2
meanness,meanness,词,NOUN,C1
measurable,measurable,词,ADJ,C1
measure word events items,measure word events items,件,NOUN,A1
measure word flat objects,measure word flat objects,张,NOUN,B2
measure word general,measure word general,个,NUM,B2
measurements,measurements,词,NOUN,C1
meat-eating,meat-eating,开荤,NOUN,C1
meatballs,meatballs,肉丸,NOUN,B2
mechanics,mechanics,词,NOUN,C1
mechanization,mechanization,词,NOUN,C1
mechanized,mechanized,词,ADJ,C1
medal awarding,medal awarding,授勋,NOUN,B2
meddlesome (adj),meddlesome,词,ADJ,C1
meddlesome (noun),meddlesome,多事,NOUN,C1
meddling,meddling,掺和,NOUN,C1
media (adj),media,词,ADJ,C1
media professionals,media professionals,词,NOUN,C1
mediator,mediator,调解人,NOUN,C1
medical care,medical care,医疗,NOUN,B2
medical checkup,medical checkup,词,NOUN,A2
medical examiner,medical examiner,法医,NOUN,B2
medical help,medical help,,NOUN,B2
medical practitioner,medical practitioner,词,NOUN,C1
medical test,medical test,词,NOUN,B1
medical tests,medical tests,词,NOUN,B2
medical visit,medical visit,看病,NOUN,C1
medication completion,medication completion,完药,NOUN,C1
medicine pool,medicine pool,药池,NOUN,B2
mediocrity,mediocrity,庸庸碌碌,NOUN,B2
medium-sized,medium-sized,词,ADJ,C1
meek,meek,温顺的,ADJ,B2
meekness,meekness,词,NOUN,B2
meeting hit,meeting hit,会面/击中,NOUN,B2
meeting point,meeting point,词,NOUN,C1
megabyte,megabyte,词,NOUN,C1
megalomania,megalomania,狂妄自大,NOUN,B2
megalomaniac,megalomaniac,词,ADJ,C1
megalomanic,megalomanic,狂妄自大的,ADJ,B2
megaphone,megaphone,扩音器,NOUN,C1
meilleur,best,最好的,ADJ,B2
meilleur,better,越好,NOUN,B2
mellifluous,mellifluous,词,ADJ,C1
mellifluousness,mellifluousness,词,NOUN,C1
melodious,melodious,词,ADJ,C1
melodiousness,melodiousness,词,NOUN,C1
melodrama,melodrama,词,NOUN,C1
melon,melon,香瓜,NOUN,C1
melted,melted,词,ADJ,C1
melting,melting,词,NOUN,B2
member of parliament,member of parliament,议员,NOUN,B2
member state,member state,成员国,NOUN,B2
membrane,membrane,词,NOUN,C1
membre de la famille,family member,家庭成员,NOUN,B2
memoir,memoir,回忆录,NOUN,B2
memorable,memorable,难忘的,ADJ,B2
memorial (adj),memorial,词,ADJ,C1
memorizer,memorizer,词,NOUN,C1
memory loss,memory loss,词,NOUN,C1
men,men,词,NOUN,C1
menace,menace,词,NOUN,C1
mendacious,mendacious,词,ADJ,C1
mendiant,beggar,乞丐,NOUN,B2
mener la guerre,to wage war,作战,VERB,B2
menotte,handcuff,手铐,NOUN,B2
menses,menses,词,NOUN,B2
mensonge,falsehood,谎言,NOUN,B2
mental,mental,精神的,ADJ,B2
mental hospital,mental hospital,精神病院,NOUN,B2
mention,mention,提及,NOUN,B2
mentioned,mentioned,词,ADJ,B2
mentor,mentor,导师,NOUN,B2
mentoring,mentoring,词,NOUN,B2
menu,menu,菜单,NOUN,B2
mer de sang,blood sea,血海,NOUN,B2
mercantile,mercantile,词,ADJ,C1
mercenaries,mercenaries,词,NOUN,C1
mercenary (adj),mercenary,词,ADJ,C1
merchant ship,merchant ship,商船,NOUN,C1
merci,thanks,谢谢,INTJ,B2
merciful,merciful,词,ADJ,B2
mercredi,wednesday,星期三,NOUN,B2
mercurial,mercurial,词,ADJ,C1
mercy blow,mercy blow,致命一击,NOUN,B2
merely (noun),merely,不就,NOUN,C1
merged,merged,词,ADJ,C1
merger,merger,合并,NOUN,B2
meridian,meridian,经脉,NOUN,B2
meridians,meridians,筋脉,NOUN,B2
merits,merits,词,NOUN,C1
merriment,merriment,词,NOUN,C1
merveilleux,wonderful,极好的,ADJ,B2
mesh,mesh,词,NOUN,C1
mesmerizing,mesmerizing,词,ADJ,C1
message,message,信息,NOUN,B2
message errand,message errand,消息/差事,NOUN,B2
metabolic,metabolic,代谢的,ADJ,B2
metalinguistic,metalinguistic,词,ADJ,C1
metamorphic,metamorphic,变质的,ADJ,B2
metaverse,metaverse,元宇宙,NOUN,C1
meteor,meteor,词,NOUN,B2
meteorite,meteorite,词,NOUN,C1
meteorological observations,meteorological observations,词,NOUN,C1
metering,metering,词,ADJ,C1
methodical,methodical,词,ADJ,C1
methodological,methodological,方法论的,ADJ,B2
metrical foot,metrical foot,词,NOUN,C1
metropolises,metropolises,词,NOUN,C1
mettle,mettle,词,NOUN,C1
mettre en danger,to endanger,危及,VERB,B2
mettre à jour,to update,更新,VERB,B2
mettre à niveau,to upgrade,升级,VERB,B2
mexicain,mexican,墨西哥的,ADJ,B2
mezzanine,mezzanine,夹层,NOUN,B2
microbe,microbe,词,NOUN,C1
microchip,microchip,词,NOUN,C1
microeconomic,microeconomic,微观经济学的,ADJ,B2
microscope,microscope,显微镜,NOUN,B2
microscopic,microscopic,微观的,ADJ,B2
microscopic (noun),microscopic,微观,NOUN,C1
mid-morning,mid-morning,词,NOUN,C1
midday heat,midday heat,词,NOUN,B1
middle,middle,中间,ADV,B2
middle (adj),middle,词,ADJ,B2
middle class,middle class,中产阶层,NOUN,B2
middle part,middle part,中部,NOUN,B2
middle school,middle school,词,NOUN,B1
middle stage,middle stage,中期,NOUN,B2
middle third of a month,middle third of a month,中旬,NOUN,B2
middleman,middleman,中间人,NOUN,C1
midfielder,midfielder,中场球员,NOUN,B2
midpoint,midpoint,词,NOUN,B2
midterm exam,midterm exam,期中考,NOUN,B2
midwife,midwife,词,NOUN,C1
might as well,might as well,不妨,ADV,B2
mighty,mighty,词,ADJ,B1
mighty man,mighty man,强人,NOUN,B2
mighty very,mighty very,非常,ADJ,B2
migraine,migraine,偏头痛,NOUN,B2
migrant,migrant,词,NOUN,B2
migrate,to migrate,迁移,VERB,B2
migration,migration,移民,NOUN,B2
mild,mild,温和的,ADJ,B2
mildew,mildew,词,VERB,C1
mile,mile,英里,NOUN,B2
milestone,milestone,里程碑,NOUN,B2
milieu,midst,中间,NOUN,B2
militant,militant,词,ADJ,C1
militaristic,militaristic,词,ADJ,C1
militarization,militarization,词,NOUN,C1
military,military,军队,NOUN,B2
military affairs,military affairs,军事,NOUN,B1
military camp,military camp,军营,NOUN,C1
military campaign,military campaign,战役,NOUN,B2
military intelligence,military intelligence,军情,NOUN,B2
military merit,military merit,军功,NOUN,C1
military order,military order,军令,NOUN,B2
military pay,military pay,军饷,NOUN,B2
military power,military power,兵权,NOUN,B2
milk tooth,milk tooth,,NOUN,B2
milking,milking,词,NOUN,C1
milkman,milkman,词,NOUN,C1
milky,milky,乳白色的,ADJ,B2
mill (verb),mill,碾磨,VERB,C1
millenary,millenary,词,ADJ,C1
miller,miller,词,NOUN,B2
millet,millet,小米,NOUN,C1
millier de plomb,lead thousand,率千,NOUN,B2
million,million,百万,NOUN,B2
million (num),million,词,NUM,A1
millions of,millions of,数百万的,NUM,B2
mime (noun),mime,词,NOUN,C1
minaret,minaret,词,NOUN,B1
minatory,minatory,词,ADJ,C1
minced meat,minced meat,词,NOUN,A2
mind,to mind,介意,VERB,B2
mindfulness,mindfulness,从正念,NOUN,C1
mindset,mindset,词,NOUN,B2
mine,mine,矿井,NOUN,B2
mine (pron),mine,词,PRON,C1
mine (verb),mine,开采,VERB,C1
mineral,mineral,矿物,NOUN,B2
mineral metal,mineral metal,词,NOUN,C1
mineral spring,mineral spring,矿泉,NOUN,C1
mineral water,mineral water,矿泉水,NOUN,B2
miniature painting,miniature painting,词,NOUN,C1
minibus,minibus,中巴,NOUN,B2
minimalist,minimalist,词,NOUN,C1
minimization,minimization,词,NOUN,C1
minimum,minimum,词,NOUN,B2
minister,minister,臣,PART,B2
ministerial,ministerial,部长的,ADJ,B2
minivan,minivan,小型货车,NOUN,B2
minor,minor,未成年人,NOUN,B2
minor (adj),minor,较小的,ADJ,B2
minor course,minor course,辅修课,NOUN,B2
minor pilgrimage,minor pilgrimage,副朝,NOUN,B2
minority group,minority group,少数群体,NOUN,B2
mint,mint,薄荷,NOUN,B2
minuit,midnight,午夜,NOUN,B2
minus,minus,减,NOUN,B2
minuscule,minuscule,极小的,ADJ,B2
minutage,timing,时机,NOUN,B2
minute,minute,分钟,NOUN,B2
minutes,minutes,词,NOUN,B2
miracle,miracle,奇迹,NOUN,B2
miraculous,miraculous,词,ADJ,C1
mirage,mirage,词,NOUN,C1
mirthful,mirthful,词,ADJ,C1
misanthrope,misanthrope,厌世者,NOUN,B2
misanthropic,misanthropic,词,ADJ,C1
miscarriage of justice,miscarriage of justice,错案,NOUN,C1
mischief,mischief,词,NOUN,C1
misconception,misconception,误解,NOUN,B2
misdemeanor,misdemeanor,词,NOUN,B2
miserable tragic,miserable tragic,悲惨,ADJ,C1
miserliness,miserliness,词,NOUN,C1
miserly,miserly,吝啬的,ADJ,B2
misery,misery,痛苦,NOUN,B2
misfortune,misfortune,不幸,NOUN,B2
mishap,mishap,词,NOUN,C1
mishearing,mishearing,听错,NOUN,C1
misjudge,misjudge,词,VERB,C1
mislead,to mislead,误导,VERB,B2
mismatch,mismatch,词,NOUN,C1
misplaced,misplaced,不合时宜的,ADJ,B2
miss teacher,miss teacher,小姐/老师,NOUN,B2
misserziehung,misserziehung,词,NOUN,C1
missfahrt,missfahrt,词,NOUN,C1
missfassung,missfassung,词,NOUN,B2
missforderung,missforderung,词,NOUN,C1
missgabe,missgabe,词,NOUN,C1
missgestaltung,missgestaltung,词,NOUN,C1
missile,missile,导弹,NOUN,B2
mission,mission,任务,NOUN,B2
missionary,missionary,词,NOUN,C1
missionizing,missionizing,词,ADJ,C1
missions,missions,词,NOUN,C1
missive,missive,词,NOUN,C1
misskunft,misskunft,词,NOUN,C1
missnahme,missnahme,词,NOUN,C1
misspflegung,misspflegung,词,NOUN,C1
missregelung,missregelung,词,NOUN,C1
missrichtung,missrichtung,词,NOUN,C1
missschaft,missschaft,词,NOUN,B2
missschrift,missschrift,词,NOUN,B2
misssetzung,misssetzung,词,NOUN,C1
misssicht,misssicht,词,NOUN,B2
misssinnung,misssinnung,词,NOUN,C1
misssprache,misssprache,词,NOUN,C1
misssucht,misssucht,词,NOUN,C1
misssuchung,misssuchung,词,NOUN,C1
missteilung,missteilung,词,NOUN,C1
misstep,misstep,失足,NOUN,B2
misstheilung,misstheilung,词,NOUN,B2
misstreibung,misstreibung,词,NOUN,B2
misswandel,misswandel,词,NOUN,C1
missweisung,missweisung,词,NOUN,C1
misswirkung,misswirkung,词,NOUN,C1
mistake,to mistake,弄错,VERB,B2
mistaken,mistaken,错误的,ADJ,B2
mistreat,to mistreat,أساء,VERB,B2
misunderstand,to misunderstand,误解,VERB,B2
misunderstood,misunderstood,词,ADJ,C1
miterziehung,miterziehung,词,NOUN,C1
mitfahrt,mitfahrt,词,NOUN,B2
mitfassung,mitfassung,词,NOUN,C1
mitforderung,mitforderung,词,NOUN,C1
mitgabe,mitgabe,词,NOUN,C1
mitgestaltung,mitgestaltung,词,NOUN,C1
mitigating,mitigating,词,ADJ,C1
mitigating factor,mitigating factor,词,NOUN,B2
mitigation,mitigation,词,NOUN,C1
mitkunft,mitkunft,词,NOUN,C1
mitnahme,mitnahme,词,NOUN,C1
mitpflegung,mitpflegung,词,NOUN,B2
mitregelung,mitregelung,词,NOUN,C1
mitrichtung,mitrichtung,词,NOUN,C1
mitschaft,mitschaft,词,NOUN,C1
mitschrift,mitschrift,词,NOUN,C1
mitsetzung,mitsetzung,词,NOUN,B2
mitsicht,mitsicht,词,NOUN,B2
mitsinnung,mitsinnung,词,NOUN,C1
mitsprache,mitsprache,词,NOUN,C1
mitsucht,mitsucht,词,NOUN,C1
mitsuchung,mitsuchung,词,NOUN,C1
mitteilung,mitteilung,词,NOUN,C1
mittheilung,mittheilung,词,NOUN,B2
mittreibung,mittreibung,词,NOUN,C1
mitwandel,mitwandel,词,NOUN,C1
mitweisung,mitweisung,词,NOUN,C1
mitwirkung,mitwirkung,词,NOUN,C1
mix bar,mix bar,混吧,NOUN,B2
mixed forest,mixed forest,混交林,NOUN,B2
mixed reality,mixed reality,混合现实,NOUN,C1
mixer,mixer,词,NOUN,C1
moan,moan,呻吟,NOUN,B2
moan,to moan,呻吟,VERB,B2
mob,mob,词,NOUN,B2
mobile,mobile,移动的,ADJ,B2
mobile (noun),mobile,词,NOUN,B2
mobile payment,mobile payment,移动支付,NOUN,B2
mock exam,mock exam,模拟考,NOUN,B2
mock exam questions,mock exam questions,模拟题,NOUN,C1
mocker,mocker,词,NOUN,B2
mockery,mockery,词,NOUN,C1
modal particle,modal particle,呢,PART,B2
modal particle suggestion,modal particle suggestion,吧,PART,B2
modder,modder,改客,NOUN,B2
mode,mode,方式,NOUN,B2
model prototype,model prototype,词,NOUN,C1
modem,modem,词,NOUN,C1
moderate rain,moderate rain,中雨,NOUN,B2
moderate snow,moderate snow,中雪,NOUN,C1
modern dance,modern dance,现代舞,NOUN,B2
modern times,modern times,现代,NOUN,B2
modernist,modernist,词,ADJ,C1
modernity,modernity,词,NOUN,C1
modesty bashfulness,modesty bashfulness,词,NOUN,B2
modification,modification,修改,NOUN,B2
modified ability,modified ability,改能,NOUN,B2
modified category,modified category,改类,NOUN,B2
modified effect,modified effect,改效,NOUN,B2
modified model,modified model,改模,NOUN,B2
modified one,modified one,改的,NOUN,C1
modified route,modified route,改途,NOUN,C1
modified skill,modified skill,改技,NOUN,C1
modified sound,modified sound,改响,NOUN,B2
modified structure,modified structure,改结,NOUN,C1
modified system,modified system,改系,NOUN,B2
modified track,modified track,改迹,NOUN,C1
modified warfare,modified warfare,改战,NOUN,C1
modular,modular,模块化的,ADJ,B2
modulation,modulation,词,NOUN,C1
module,module,词,NOUN,C1
modèle,role model,榜样,NOUN,B2
moi,me,لي,NOUN,B2
moi-même,myself,我自,NOUN,B2
moineau,sparrow,麻雀,NOUN,B2
moist,moist,潮湿的,ADJ,B2
moisten,moisten,词,VERB,C1
moisture,moisture,湿气,NOUN,B2
moisture-proof,moisture-proof,防潮,ADJ,B2
moisturizer,moisturizer,词,NOUN,B2
molar,molar,词,NOUN,A2
mold-resistant,mold-resistant,防霉,ADJ,C1
molding,molding,词,NOUN,C1
moldy,moldy,发霉的,ADJ,B1
molecular,molecular,词,ADJ,C1
mollesse,too soft,太软,NOUN,B2
mollify,mollify,词,VERB,C1
molten,molten,词,ADJ,C1
mom mother,mom mother,妈妈,NOUN,A1
moment,a while,一会儿,NOUN,B2
moment,moment,时刻,NOUN,B2
moment,point in time,时间点,NOUN,B2
momentous,momentous,词,ADJ,C1
momentum,momentum,势头,NOUN,B2
mommy,mommy,词,NOUN,B1
mon grand,my big one,我偌大,NOUN,B2
monarchy,monarchy,君主制,NOUN,B2
monastic community,monastic community,词,NOUN,C1
monasticism,monasticism,词,NOUN,C1
monde entier,whole world,全世界,NOUN,B2
mondial,worldwide,全世界的,ADJ,B2
monetization,monetization,词,NOUN,C1
money laundering,money laundering,洗钱,NOUN,B2
money transfer,money transfer,词,NOUN,B1
mongoose,mongoose,词,NOUN,B2
monism,monism,词,NOUN,C1
monitor,monitor,显示器,NOUN,B2
monitor,to monitor,监控,VERB,B2
monitoring,monitoring,监控,NOUN,B2
monitoring room,monitoring room,监控室,NOUN,B2
monkey ape,monkey ape,猿/猴,NOUN,B2
monolithic,monolithic,单一的,ADJ,B2
monologue,monologue,词,NOUN,B2
monopolistic,monopolistic,垄断的,ADJ,B2
monopolize,to monopolize,垄断,VERB,B2
monotheism,monotheism,词,NOUN,C1
monotonic,monotonic,词,ADJ,C1
monotonous,monotonous,单调的,ADJ,B2
monotony,monotony,词,NOUN,C1
monsieur,mr.,先生,NOUN,B2
monsieur,sir,郎,PART,B2
montagne,mountain,山,NOUN,B2
monter,to ascend,上升,VERB,B2
monter,to come up,出现,VERB,B2
monter,to rise,上升,VERB,B2
month ago,month ago,月前,NOUN,B2
month moon,month moon,月,NOUN,B2
monthly,monthly,每月的,ADV,B2
monthly exam,monthly exam,月考,NOUN,B2
monthly magazine,monthly magazine,月刊,NOUN,B2
monthly report,monthly report,月报,NOUN,C1
monument,monument,纪念碑,NOUN,B2
monumental,monumental,词,ADJ,C1
moodiness,moodiness,词,NOUN,B2
mooncake,mooncake,月饼,NOUN,B2
moonlight,moonlight,月色,NOUN,B2
moor,moor,荒野,NOUN,B2
mooring,mooring,词,NOUN,C1
moose,moose,驼鹿,NOUN,B2
moral,moral,道德,NOUN,B2
moral (adj),moral,道德的,ADJ,C1
moral character,moral character,品德,NOUN,B2
moral defect,moral defect,词,NOUN,C1
moral fable,moral fable,词,NOUN,C1
moral portrait,moral portrait,词,NOUN,C1
moral restraint,moral restraint,词,NOUN,C1
morale,morale,人心,NOUN,B2
moralization,moralization,词,NOUN,C1
moralizing,moralizing,说教的,ADJ,B2
moralizing (noun),moralizing,词,NOUN,C1
morals,morals,道德,NOUN,B2
morass,morass,词,NOUN,C1
morceau,lump,块,NOUN,B2
more,more,更多,ADJ,B2
more (noun),more,你越,NOUN,B2
more beautiful,more beautiful,更美的,ADJ,B2
more expensive,more expensive,更贵的,ADJ,B2
more fun,more fun,更有趣的,ADJ,B2
more important,more important,更重要的,ADJ,B2
more often,more often,更频繁,ADV,B2
more personal,more personal,词,ADJ,C1
more pl,more pl,更多,ADJ,B2
more than,more than,不止,ADV,B2
moreover,moreover,此外,ADV,B2
moreover (cconj),moreover,而且,CCONJ,B2
morgue,morgue,词,NOUN,B1
morning newspaper,morning newspaper,晨报,NOUN,B2
moroccanization,moroccanization,词,NOUN,C1
moron,moron,词,NOUN,C1
morose,morose,词,ADJ,C1
morpheme,morpheme,语素,NOUN,C1
morphine,morphine,吗啡,NOUN,B2
morphological,morphological,形态的,ADJ,B2
morsure,biting,尖刻的,ADJ,B2
mort,dead,死的,ADJ,B2
mortal (noun),mortal,词,NOUN,B2
mortal fear,mortal fear,极度恐惧,NOUN,B2
mortar,mortar,词,NOUN,C1
mortuary,mortuary,词,NOUN,B2
moslem,moslem,词,NOUN,C1
mosquito-proof,mosquito-proof,防蚊,ADJ,C1
moss,moss,苔藓,NOUN,B2
most,most,大多数,ADJ,B2
most (adv),most,最,ADV,B2
most (det),most,词,DET,B2
most (noun),most,大部分,NOUN,B2
most famous,most famous,词,ADJ,B2
most important,most important,最要紧,NOUN,C1
most important thing,most important thing,最重要的事,NOUN,B2
most like,most like,最像,NOUN,C1
mot de maître,master's word,爷说,NOUN,B2
mot de passe,password,密码,NOUN,B2
motel,motel,汽车旅馆,NOUN,B2
moth,moth,词,NOUN,B2
mother,mother,娘,PART,B2
mother's reassurance,mother's reassurance,娘放心,NOUN,B2
mother's words,mother's words,娘说,NOUN,B2
motherboard,motherboard,主板,NOUN,C1
motherfucker,motherfucker,混蛋,NOUN,B2
motherland,motherland,祖国,NOUN,B2
motif,motif,主题,NOUN,B2
motif,pattern,模式,NOUN,B2
motion,motion,运动,NOUN,B2
motion picture,motion picture,电影,NOUN,B2
motivation,motivation,动机,NOUN,B2
motive for murder,motive for murder,词,NOUN,C1
motor,motor,发动机,NOUN,B2
motor (adj),motor,运动的,ADJ,C1
motorway,motorway,高速公路,NOUN,B2
motto,motto,座右铭,NOUN,B2
mouette,seagull,海鸥,NOUN,B2
mountain closure,mountain closure,山闭,NOUN,C1
mountaineer,mountaineer,词,NOUN,C1
mountaineering,mountaineering,登山,NOUN,B2
mountains and rivers,mountains and rivers,山川,NOUN,C1
mousseux,foamy,多泡沫的,ADJ,B2
mouth animal,mouth animal,词,NOUN,B1
mouton,mutton,羊肉,NOUN,B2
move fast,move fast,快搬,NOUN,C1
moving,moving,感人的,ADJ,B2
mow,mow,词,VERB,B2
mp,mp,国会议员,NOUN,B2
mr master,mr master,先生/主人,NOUN,B2
mrouzia,mrouzia,词,NOUN,B2
much,much,很多,ADV,B2
much (adj),much,词,ADJ,A1
much many,much many,许多,ADJ,B2
mucus,mucus,黏液,NOUN,B2
muddied,muddied,词,ADJ,C1
muddy (adj),muddy,词,ADJ,C1
mudslide,mudslide,泥石流,NOUN,B2
mudslinging,mudslinging,词,NOUN,C1
mudslinging exchanges,mudslinging exchanges,词,NOUN,C1
muezzin,muezzin,词,NOUN,B2
muffin,muffin,玛芬蛋糕,NOUN,B2
mufti,mufti,词,NOUN,C1
mug (noun),mug,词,NOUN,B2
mulberry,mulberry,桑葚,NOUN,B2
mulberry thread,mulberry thread,桑皮线,NOUN,C1
mulch,mulch,词,NOUN,C1
multi-level garage,multi-level garage,立体车库,NOUN,B2
multipart,multipart,多部分的,ADJ,B2
multiple,multiple,词,ADJ,B2
multiplicity,multiplicity,词,NOUN,C1
multiplier,multiplier,词,NOUN,C1
mum,mum,词,NOUN,A2
mundane,mundane,词,ADJ,C1
munificence,munificence,慷慨,NOUN,B2
munificent,munificent,词,ADJ,C1
munitions,munitions,军械,NOUN,C1
muqarnas,muqarnas,词,NOUN,C1
murabaha,murabaha,成本加成销售,NOUN,C1
mural,mural,词,NOUN,C1
murder case,murder case,词,NOUN,B2
murder scene,murder scene,词,NOUN,C1
murder victim,murder victim,词,NOUN,C1
murderer female,murderer female,词,NOUN,B2
murk of dawn,murk of dawn,词,NOUN,C1
murky,murky,词,ADJ,C1
murmuring,murmuring,词,NOUN,C1
muscle,muscle,肌肉,NOUN,B2
muse,muse,词,VERB,B2
museau,snout,口鼻,NOUN,B2
museum piece,museum piece,博物馆藏品,NOUN,B2
mushroom fungus,mushroom fungus,词,NOUN,C1
musical,musical,موسيقي,ADJ,B2
musical (noun),musical,音乐剧,NOUN,B2
musical composition,musical composition,词,NOUN,C1
musical instrument,musical instrument,乐器,NOUN,C1
musical note,musical note,词,NOUN,C1
musicality,musicality,词,NOUN,C1
musique pop,pop music,流行音乐,NOUN,B2
musk,musk,麝香,NOUN,B2
muslim,muslim,مسلم,NOUN,B2
must (adv),must,务必,ADV,B2
must (noun),must,必呢,NOUN,C1
must listen,must listen,得听,NOUN,B2
must not,must not,不得,AUX,B2
mustache,mustache,胡子,NOUN,B2
mutable,mutable,词,ADJ,C1
mutagenic,mutagenic,词,ADJ,C1
mutation,mutation,突变,NOUN,B2
mutazilites,mutazilites,词,NOUN,C1
mute person,mute person,词,NOUN,B2
mutilate,mutilate,词,VERB,C1
mutiny (noun),mutiny,兵变,NOUN,B2
muttering,muttering,念叨,NOUN,C1
mutual affection,mutual affection,词,NOUN,C1
mutual compassion,mutual compassion,互悯,NOUN,C1
mutual consent,mutual consent,词,NOUN,C1
mutual dependence,mutual dependence,相依,NOUN,B2
mutual forgiveness,mutual forgiveness,词,NOUN,C1
mutual pulling,mutual pulling,词,NOUN,C1
mutual support,mutual support,互助,NOUN,C1
mutual treatment,mutual treatment,相待,NOUN,B2
mutual understanding,mutual understanding,词,NOUN,B1
mutual visit,mutual visit,互访,NOUN,B2
muwashshah,muwashshah,词,NOUN,B2
muzzling,muzzling,词,NOUN,C1
my (pron),my,词,PRON,A1
my audience,my audience,我要见,NOUN,B2
my break,my break,我破,NOUN,C1
my calculation,my calculation,我算,NOUN,C1
my death,my death,我死,NOUN,B2
my envoy,my envoy,我使,NOUN,C1
my exit,my exit,我出,NOUN,B2
my name,my name,我叫,NOUN,C1
my scrutiny,my scrutiny,我看你,NOUN,B2
my support,my support,我撑,NOUN,B2
my take,my take,待我拿,NOUN,C1
my taking,my taking,我拿,NOUN,B2
my turn,my turn,我来吧,NOUN,C1
my writing,my writing,我写,NOUN,C1
myriad,myriad,词,ADJ,C1
myself,myself,我自己,PRON,B2
mystic female,mystic female,玄牝,NOUN,C1
mysticism,mysticism,神秘主义,NOUN,B2
mythicality,mythicality,神话性,NOUN,C1
mythologization,mythologization,神话化,NOUN,C1
mécanisme modifié,altered mechanism,改机,NOUN,B2
mécaniste,mechanistic,机制性,ADJ,B2
méchant,nasty,令人不快的,ADJ,B2
mécontentement,displeasure,不悦,NOUN,B2
médecin,physician,内科医生,NOUN,B2
médicament,medication,药物,NOUN,B2
médier,to mediate,调解,VERB,B2
méditation,meditation,冥想,NOUN,B2
mélancolique,melancholy,忧郁,ADJ,B2
mémorandum,memorandum,备忘录,NOUN,B2
mémorial,memorial,纪念碑,NOUN,B2
méprisable,despicable,可鄙的,ADJ,B2
mépriser,to look down upon,看不起,VERB,B2
métaphysique,metaphysics,形而上学,NOUN,B2
métro,subway,地铁,NOUN,B2
même,even,偶数的,ADJ,B2
même si,even if,即使,SCONJ,B2
nacherziehung,nacherziehung,词,NOUN,C1
nachfahrt,nachfahrt,词,NOUN,C1
nachfassung,nachfassung,词,NOUN,B2
nachforderung,nachforderung,词,NOUN,C1
nachgabe,nachgabe,词,NOUN,C1
nachgestaltung,nachgestaltung,词,NOUN,C1
nachkunft,nachkunft,词,NOUN,C1
nachnahme,nachnahme,词,NOUN,C1
nachpflegung,nachpflegung,词,NOUN,C1
nachregelung,nachregelung,词,NOUN,C1
nachrichtung,nachrichtung,词,NOUN,B2
nachschaft,nachschaft,词,NOUN,B2
nachschrift,nachschrift,词,NOUN,C1
nachsetzung,nachsetzung,词,NOUN,C1
nachsicht,nachsicht,词,NOUN,C1
nachsinnung,nachsinnung,词,NOUN,B2
nachsprache,nachsprache,词,NOUN,C1
nachsucht,nachsucht,词,NOUN,B2
nachsuchung,nachsuchung,词,NOUN,B2
nachteilung,nachteilung,词,NOUN,C1
nachtheilung,nachtheilung,词,NOUN,B2
nachtreibung,nachtreibung,词,NOUN,C1
nachwandel,nachwandel,词,NOUN,B2
nachweisung,nachweisung,词,NOUN,B2
nachwirkung,nachwirkung,词,NOUN,B2
nadir,nadir,最低点,NOUN,B2
nah,nah,不,INTJ,B2
nahbildung,nahbildung,词,NOUN,C1
naherziehung,naherziehung,词,NOUN,B2
nahfahrt,nahfahrt,词,NOUN,B2
nahfassung,nahfassung,词,NOUN,B2
nahforderung,nahforderung,词,NOUN,C1
nahgabe,nahgabe,词,NOUN,C1
nahgestaltung,nahgestaltung,词,NOUN,C1
nahkunft,nahkunft,词,NOUN,C1
nahleitung,nahleitung,词,NOUN,C1
nahmessung,nahmessung,词,NOUN,C1
nahnahme,nahnahme,词,NOUN,C1
nahordnung,nahordnung,词,NOUN,C1
nahpflegung,nahpflegung,词,NOUN,C1
nahrechnung,nahrechnung,词,NOUN,C1
nahregelung,nahregelung,词,NOUN,C1
nahrichtung,nahrichtung,词,NOUN,C1
nahschaft,nahschaft,词,NOUN,C1
nahschrift,nahschrift,词,NOUN,C1
nahsetzung,nahsetzung,词,NOUN,C1
nahsicht,nahsicht,词,NOUN,C1
nahsinnung,nahsinnung,词,NOUN,C1
nahsprache,nahsprache,词,NOUN,C1
nahstellung,nahstellung,词,NOUN,C1
nahsucht,nahsucht,词,NOUN,C1
nahsuchung,nahsuchung,词,NOUN,C1
nahteilung,nahteilung,词,NOUN,C1
nahtheilung,nahtheilung,词,NOUN,C1
nahtreibung,nahtreibung,词,NOUN,C1
nahwandel,nahwandel,词,NOUN,C1
nahwandlung,nahwandlung,词,NOUN,C1
nahweisung,nahweisung,词,NOUN,C1
nahwendung,nahwendung,词,NOUN,C1
nahwirkung,nahwirkung,词,NOUN,C1
name-calling,name-calling,词,NOUN,C1
nameable,nameable,可命名的,ADJ,B2
named,named,词,ADP,C1
nanotechnologie,nanotechnology,纳米技术,NOUN,B2
narcotics,narcotics,词,NOUN,C1
narrated,narrated,词,ADJ,C1
narration,narration,词,NOUN,B2
narratives,narratives,词,NOUN,C1
narrativity,narrativity,词,NOUN,C1
narrators,narrators,词,NOUN,C1
narrowing,narrowing,变窄,NOUN,B2
nascent,nascent,词,ADJ,C1
nation,nation,国家,NOUN,B2
national,national,国家的,ADJ,B2
national anthem,national anthem,国歌,NOUN,B2
national character,national character,民族性,NOUN,C1
national coach,national coach,国家队教练,NOUN,B2
national currency,national currency,国币,NOUN,C1
national debt,national debt,国债,NOUN,C1
national defense,national defense,国防,NOUN,B2
national highway,national highway,国道,NOUN,B2
national record,national record,全国纪录,NOUN,B2
national team,national team,词,NOUN,B1
nationalité,nationality,国籍,NOUN,B2
nationwide,nationwide,全国,NOUN,B2
native (noun),native,词,NOUN,C1
native american,native american,印第安人,NOUN,B2
natives inhabitants,natives inhabitants,当地人,NOUN,C1
natural gas,natural gas,天然气,NOUN,B2
natural law,natural law,自然法则,NOUN,C1
naturalism,naturalism,词,NOUN,C1
nature,nature,本性,NOUN,B2
nauseous,nauseous,恶心的,ADJ,B2
nauseous disgusting,nauseous disgusting,恶心,ADJ,B2
naval,naval,词,ADJ,C1
navigation,navigation,导航；航行,NOUN,B2
navigational,navigational,词,ADJ,C1
nazi,nazi,纳粹分子,NOUN,B2
ne,not,不,PART,B2
ne pas,do not,莫,ADV,B2
ne pas devoir,should not,不该,AUX,B2
ne pas faire,won't do,不行,ADJ,B2
ne pas faire,to won't do,不成,VERB,B2
near,near,在附近,ADP,B2
near-dry,near-dry,近干,NOUN,B2
nearby,nearby,附近的,ADJ,B2
nearby (noun),nearby,附近,NOUN,B2
nearest,nearest,最近的,ADJ,B2
nearest (noun),nearest,词,NOUN,B2
nearness,nearness,词,NOUN,B2
neat,neat,整洁的,ADJ,B2
neatly,neatly,整洁地,ADV,B2
nebulous,nebulous,词,ADJ,C1
necessarily incumbent,necessarily incumbent,词,ADV,C1
necklace chain,necklace chain,词,NOUN,A1
neckline,neckline,词,NOUN,C1
nectar,nectar,词,NOUN,C1
need not (adv),need not,不必,ADV,B1
need not (aux),need not,无须,AUX,C1
nefarious,nefarious,词,ADJ,C1
negativity,negativity,消极,NOUN,B2
neglect (noun),neglect,词,NOUN,C1
negotiator,negotiator,词,NOUN,C1
neigh (noun),neigh,词,NOUN,C1
neighbor female,neighbor female,词,NOUN,B2
neighborhood head,neighborhood head,里长,NOUN,B2
neighbors,neighbors,词,NOUN,B1
neighbour,neighbour,邻居,NOUN,B2
neighbourhood,neighbourhood,社区,NOUN,B2
neither (adv),neither,词,ADV,A1
neither (det),neither,词,DET,A2
nemesis,nemesis,词,NOUN,C1
neophyte,neophyte,新手；初学者,NOUN,B2
nephews,nephews,子侄,NOUN,B2
nerd,nerd,书呆子,NOUN,B2
nerve pain,nerve pain,神经痛,NOUN,C1
nervosité,nervousness,紧张,NOUN,B2
nettle,nettle,词,NOUN,C1
nettoyage,cleansing,清洗,NOUN,B2
network card,network card,网卡,NOUN,B2
networked,networked,联网的,ADJ,C1
networking,networking,词,NOUN,C1
neuf,nine,九,NUM,B2
neural,neural,词,ADJ,C1
neurological,neurological,词,ADJ,C1
neuroscience,neuroscience,词,NOUN,C1
neuroticism,neuroticism,词,NOUN,C1
neutron,neutron,词,NOUN,C1
new beginning,new beginning,词,NOUN,C1
new construction,new construction,新建建筑,NOUN,B2
new development,new development,词,NOUN,C1
new moon,new moon,新月,NOUN,B2
newly acquired,newly acquired,词,ADJ,C1
newly introduced,newly introduced,词,ADJ,C1
news bulletin,news bulletin,词,NOUN,B2
news reporting,news reporting,新闻报道,NOUN,B2
newsletter,newsletter,简报,NOUN,B2
next (adv),next,其次,ADV,B2
next door,next door,在隔壁,ADV,B2
next meeting,next meeting,下回遇,NOUN,B2
next time,next time,下次,NOUN,B2
next to (adv),next to,词,ADV,B2
next week,next week,下周,NOUN,B2
ney,ney,词,NOUN,B2
ni,neither,也不,CCONJ,B2
nice to meet you,nice to meet you,幸会,INTJ,C1
nicely nice,nicely nice,美好地,ADV,B2
niceness,niceness,,NOUN,B2
niche,niche,词,NOUN,C1
nickel,nickel,镍,NOUN,B2
nigella seeds,nigella seeds,词,NOUN,B2
night school,night school,夜校,NOUN,C1
nihilistic,nihilistic,词,ADJ,C1
nimble,nimble,敏捷的,ADJ,B2
nine (noun),nine,词,NOUN,B2
nine schools,nine schools,九流,NOUN,C1
nineteen,nineteen,十九,NUM,B2
ninth (noun),ninth,词,NOUN,B2
nirvana,nirvana,元寂,NOUN,C1
no,no,不,INTJ,B2
no (det),no,毫无,DET,A2
no (part),no,词,PART,B2
no attachment,no attachment,无牵,NOUN,C1
no benefit,no benefit,无一利,NOUN,B2
no burial place,no burial place,无葬身,NOUN,C1
no heaven,no heaven,无天,NOUN,C1
no matter (adj),no matter,词,ADJ,C1
no matter (sconj),no matter,不拘,SCONJ,B2
no matter what,no matter what,无论,ADV,B2
no not,no not,不,ADV,B2
no not any,no not any,没有,DET,B2
no one (noun),no one,谁都不,NOUN,C1
no one (pron),no one,词,PRON,A1
no parking zone,no parking zone,禁停区,NOUN,C1
no wonder,no wonder,难怪,ADV,B2
no worry,no worry,无挂,NOUN,C1
nobility of character,nobility of character,词,NOUN,C1
noble,noble,高尚的,ADJ,B2
noble,nobleman,贵族,NOUN,B2
noble qualities,noble qualities,词,NOUN,C1
noble trait,noble trait,词,NOUN,C1
node,node,词,NOUN,C1
noise nuisance,noise nuisance,噪音扰民,NOUN,B2
noises,noises,噪音,NOUN,B2
noisome,noisome,词,ADJ,C1
nomads,nomads,词,NOUN,B2
nominal,nominal,词,ADJ,C1
nomination,nomination,提名,NOUN,B2
nominee,nominee,词,NOUN,C1
nommer,to appoint,任命,VERB,B2
nommer,to nominate,提名,VERB,B2
non,no,毫无,DET,B2
non,nope,不,INTJ,B2
non autorisé,not allowed,不准,ADJ,B2
non conforme,noncompliant,违规,ADJ,B2
non imposable,tax-exempt,免税,ADJ,B2
non négligeable,negligible not,不可忽视,ADJ,B2
non pertinent,irrelevant,不相关的,ADJ,B2
non refroidi,uncooled,未寒,NOUN,B2
non seulement,not only,不光,CCONJ,B2
non-above,non-above,非上,NOUN,C1
non-abstraction,non-abstraction,非抽,NOUN,B2
non-acceptance,non-acceptance,非纳,NOUN,C1
non-action,non-action,非作,NOUN,B2
non-analysis,non-analysis,非分,NOUN,C1
non-argument,non-argument,非辩,NOUN,B2
non-art,non-art,非艺,NOUN,C1
non-assistance,non-assistance,勿助,NOUN,B2
non-body,non-body,非体,NOUN,C1
non-but,non-but,非而,NOUN,C1
non-cause,non-cause,非因,NOUN,C1
non-class,non-class,非类,NOUN,C1
non-compliance,non-compliance,词,NOUN,C1
non-concept,non-concept,非概,NOUN,B2
non-concrete,non-concrete,非具,NOUN,C1
non-construction,non-construction,非建,NOUN,B2
non-contingent,non-contingent,非偶,NOUN,B2
non-criterion,non-criterion,非准,NOUN,C1
non-croyance,non-belief,非信,NOUN,B2
non-decision,non-decision,非断,NOUN,C1
non-deduction,non-deduction,非演,NOUN,C1
non-direction,non-direction,非方,NOUN,C1
non-domain,non-domain,非畴,NOUN,B2
non-edit,non-edit,非辑,NOUN,C1
non-effect,non-effect,非效,NOUN,B2
non-esprit,non-mind,非心,NOUN,B2
non-essential,non-essential,非本,NOUN,B2
non-extendable,non-extendable,词,ADJ,C1
non-form,non-form,非式,NOUN,B2
non-general,non-general,非般,NOUN,B2
non-gestion,non-management,管不,NOUN,B2
non-goal,non-goal,非目,NOUN,C1
non-growth,non-growth,勿长,NOUN,C1
non-guerre,non-war,非战,NOUN,B2
non-image,non-image,非象,NOUN,C1
non-induction,non-induction,非归,NOUN,B2
non-inférence,non-inference,非推,NOUN,B2
non-institution,non-institution,非制,NOUN,B2
non-intent,non-intent,非意,NOUN,C1
non-internal,non-internal,非内,NOUN,C1
non-iron,non-iron,免烫,ADJ,B2
non-judgment,non-judgment,非判,NOUN,C1
non-knot,non-knot,非结,NOUN,B2
non-layer,non-layer,非层,NOUN,C1
non-limit,non-limit,非限,NOUN,C1
non-logic,non-logic,非逻,NOUN,C1
non-machine,non-machine,非机,NOUN,B2
non-measure,non-measure,非度,NOUN,C1
non-modèle,non-model,非模,NOUN,B2
non-momentum,non-momentum,非势,NOUN,C1
non-mérite,non-merit,非功,NOUN,B2
non-nature,non-nature,非性,NOUN,B2
non-necessary,non-necessary,非必,NOUN,B2
non-niveau,non-level,非级,NOUN,B2
non-number,non-number,非数,NOUN,B2
non-object,non-object,非客,NOUN,C1
non-observation,non-observation,非察,NOUN,B2
non-ombre,non-shadow,非影,NOUN,B2
non-orbite,non-orbit,非轨,NOUN,B2
non-ordre,non-order,非序,NOUN,B2
non-orientation,non-orientation,非向,NOUN,C1
non-origin,non-origin,非原,NOUN,B2
non-paradigm,non-paradigm,非范,NOUN,C1
non-path,non-path,非径,NOUN,C1
non-pensée,non-thought,非念,NOUN,B2
non-perception,non-perception,非想,NOUN,C1
non-possible,non-possible,非可,NOUN,B2
non-present,non-present,非现,NOUN,C1
non-preuve,non-evidence,非据,NOUN,B2
non-price,non-price,非价,NOUN,C1
non-principle,non-principle,非则,NOUN,C1
non-process,non-process,非程,NOUN,C1
non-profit,non-profit,非营利性,ADJ,C1
non-purpose,non-purpose,非的,NOUN,C1
non-quantity,non-quantity,非量,NOUN,C1
non-reality,non-reality,非实,NOUN,B2
non-realm,non-realm,非界,NOUN,C1
non-renewable,non-renewable,不可再生,ADJ,C1
non-result,non-result,非果,NOUN,C1
non-righteousness,non-righteousness,非义,NOUN,B2
non-road,non-road,非路,NOUN,C1
non-route,non-route,非途,NOUN,C1
non-segment,non-segment,非段,NOUN,C1
non-sens,nonsense,胡说,NOUN,B2
non-shape,non-shape,非形,NOUN,C1
non-skill,non-skill,非技,NOUN,B2
non-slip,non-slip,防滑,ADJ,C1
non-so,non-so,非然,NOUN,B2
non-sole,non-sole,非唯,NOUN,B2
non-son,non-sound,非响,NOUN,B2
non-spécifique,non-specific,非殊,NOUN,B2
non-stage,non-stage,非阶,NOUN,C1
non-standard,non-standard,非标,NOUN,B2
non-step,non-step,非步,NOUN,B2
non-stop,non-stop,不停,ADJ,B2
non-stratégie,non-strategy,非略,NOUN,B2
non-structure,non-structure,非构,NOUN,C1
non-subject,non-subject,非主,NOUN,B2
non-substance,non-substance,非质,NOUN,B2
non-sudden,non-sudden,非骤,NOUN,B2
non-surface,non-surface,非面,NOUN,C1
non-synthesis,non-synthesis,非合,NOUN,C1
non-system,non-system,非系,NOUN,C1
non-technique,non-technique,非术,NOUN,B2
non-theory,non-theory,非论,NOUN,B2
non-thing,non-thing,非物,NOUN,B2
non-tolerance,non-tolerance,非容,NOUN,C1
non-trace,non-trace,非迹,NOUN,B2
non-type,non-type,非型,NOUN,B2
non-universal,non-universal,非一,NOUN,C1
non-use,non-use,非用,NOUN,C1
non-utilisation,do not use,别用,NOUN,B2
non-value,non-value,非值,NOUN,C1
non-view,non-view,非观,NOUN,B2
non-work,non-work,非工,NOUN,B2
non-état,non-state,非态,NOUN,B2
nonchalant,nonchalant,词,ADJ,C1
nonconformist,nonconformist,词,NOUN,C1
none (pron),none,没有一个,PRON,A2
nonexistent,nonexistent,词,ADJ,C1
nonlinear,nonlinear,词,ADJ,C1
nonmetal,nonmetal,词,NOUN,C1
nonviolence,nonviolence,非暴力,NOUN,B2
noodles,noodles,面条,NOUN,A1
nor,nor,也不,CCONJ,B2
nordique,northern,北方的,ADJ,B2
normal,normal,正常的,ADJ,B2
normal ordinary,normal ordinary,词,ADJ,A2
normalization,normalization,词,NOUN,C1
normativity,normativity,词,NOUN,C1
norme,norm,规范,NOUN,B2
northeast,northeast,词,NOUN,C1
northward,northward,向北,ADV,B2
norwegian,norwegian,挪威的,ADJ,B2
nosy,nosy,爱打听的,ADJ,B2
not (part),not,不,PART,A1
not afraid,not afraid,不怕,VERB,B2
not as good as,not as good as,不如,VERB,B1
not bad,not bad,不错,ADJ,B2
not care,not care,词,VERB,C1
not catch up,not catch up,非赶,NOUN,B2
not count,not count,不算,VERB,B2
not enough,not enough,不够,ADJ,B2
not far,not far,不远,ADJ,B2
not go,not go,不去,VERB,B2
not good,not good,不好,ADJ,B2
not hard,not hard,不难,ADV,B2
not intentional,not intentional,不是故意,ADJ,B2
not necessarily,not necessarily,不见得,ADV,B2
not only (adv),not only,不仅,ADV,A1
not say,not say,不说,VERB,B2
not stint,not stint,不惜,VERB,B2
not to have,not to have,无,VERB,A2
not very,not very,不太,ADV,B2
not very good,not very good,不太好,ADJ,B2
not yet,not yet,未,ADV,B2
notable,notable,显著的,ADJ,B2
notables,notables,词,NOUN,B2
notarisation,notarization,公证,NOUN,B2
note,note,笔记,NOUN,B2
note patch,note patch,词,NOUN,C1
notepad,notepad,记事本,NOUN,B2
noteworthy,noteworthy,词,ADJ,C1
nothing but,nothing but,无非,NOUN,C1
nothingness nonexistence,nothingness nonexistence,词,NOUN,C1
notification,notification,通知,NOUN,B2
notifications,notifications,词,NOUN,C1
notifier,to notify,通知,VERB,B2
notion,notion,词,NOUN,B2
notions,smattering,少量,NOUN,B2
nounou,nanny,保姆,NOUN,B2
nourishment,nourishment,营养,NOUN,B2
nourrir,to nurture,养育,VERB,B2
nourrissement,nurturing,养好,NOUN,B2
nourriture,feed,饲料,NOUN,B2
nous,us,你我,NOUN,B2
nous,we,我们,PRON,B2
nous,we or us including both the speaker and the person s spoken to,咱们,PRON,B2
nous deux,we two,我俩,PRON,B2
novice,novice,词,NOUN,C1
now,now,此刻,NOUN,B2
noxious,noxious,词,ADJ,C1
noël,christmas,圣诞节,NOUN,B2
nuageux,cloudy,阴沉的,ADJ,B2
nuance,nuance,细微差别,NOUN,B2
nuclear (noun),nuclear,词,NOUN,B2
nuclear energy,nuclear energy,核能,NOUN,B2
nuclear power,nuclear power,核能,NOUN,B2
nuclear war,nuclear war,核战争,NOUN,B2
nuclear weapon,nuclear weapon,核武器,NOUN,B2
nucleic acid test,nucleic acid test,核酸检测,NOUN,C1
nucleus,nucleus,词,NOUN,B2
nudge,nudge,词,NOUN,B2
nudity,nudity,词,NOUN,C1
nuisance,nuisance,麻烦事,NOUN,B2
null and void,null and void,无效的,ADJ,C1
nulle part,nowhere,无处,ADV,B2
nullify,nullify,词,VERB,C1
numb,numb,麻木的,ADJ,B2
numb powder,numb powder,五麻散,NOUN,B2
number date,number date,号,NOUN,B2
number of people,number of people,人数,NOUN,B2
number one,number one,第一名,NOUN,B2
numbering,numbering,词,NOUN,C1
numeral,numeral,词,NOUN,C1
numerical,numerical,词,ADJ,C1
numismatic,numismatic,钱币学的,ADJ,B2
numérisation,digitization,数字化,NOUN,B2
numéro de semaine,week number,周次,NOUN,B2
numéro deux,number two,二号,NOUN,B2
nunation,nunation,词,NOUN,C1
nursing home,nursing home,养老院,NOUN,C1
nutrition,nutrition,营养,NOUN,B2
nutritional,nutritional,词,ADJ,C1
nuts,nuts,疯狂的,ADJ,B2
nylon,nylon,尼龙,NOUN,C1
nécessiter,need,需要,AUX,B2
nécessiter,to need,需要,VERB,B2
négater,to negate,否定,VERB,B2
négation,negation,否定,NOUN,B2
négligent,negligent,疏忽的,ADJ,B2
négliger,to disregard,忽视,VERB,B2
négliger,to neglect,忽视,VERB,B2
nœud serré,heavy knot,重结,NOUN,B2
o,o,词,PART,B1
o'clock (adv),o'clock,词,ADV,B2
o'clock (noun),o'clock,点,NOUN,B2
oak,oak,词,NOUN,B1
oasis,oasis,绿洲,NOUN,B2
oath of allegiance,oath of allegiance,词,NOUN,C1
oats,oats,燕麦,NOUN,C1
obdurate,obdurate,词,ADJ,C1
obelisk,obelisk,词,NOUN,C1
oberbildung,oberbildung,词,NOUN,B2
obererziehung,obererziehung,词,NOUN,B2
oberfahrt,oberfahrt,词,NOUN,C1
oberfassung,oberfassung,词,NOUN,C1
oberforderung,oberforderung,词,NOUN,C1
obergabe,obergabe,词,NOUN,C1
obergestaltung,obergestaltung,词,NOUN,C1
oberkunft,oberkunft,词,NOUN,C1
oberleitung,oberleitung,词,NOUN,B2
obermessung,obermessung,词,NOUN,C1
obernahme,obernahme,词,NOUN,C1
oberordnung,oberordnung,词,NOUN,C1
oberpflegung,oberpflegung,词,NOUN,C1
oberrechnung,oberrechnung,词,NOUN,C1
oberregelung,oberregelung,词,NOUN,C1
oberrichtung,oberrichtung,词,NOUN,C1
oberschaft,oberschaft,词,NOUN,C1
oberschrift,oberschrift,词,NOUN,C1
obersetzung,obersetzung,词,NOUN,C1
obersicht,obersicht,词,NOUN,C1
obersinnung,obersinnung,词,NOUN,C1
obersprache,obersprache,词,NOUN,C1
oberstellung,oberstellung,词,NOUN,C1
obersucht,obersucht,词,NOUN,C1
obersuchung,obersuchung,词,NOUN,B2
oberteilung,oberteilung,词,NOUN,C1
obertheilung,obertheilung,词,NOUN,C1
obertreibung,obertreibung,词,NOUN,C1
oberwandel,oberwandel,词,NOUN,C1
oberwandlung,oberwandlung,词,NOUN,B2
oberweisung,oberweisung,词,NOUN,C1
oberwendung,oberwendung,词,NOUN,C1
oberwirkung,oberwirkung,词,NOUN,C1
obey orders,obey orders,听命,VERB,C1
obfuscate,obfuscate,词,VERB,C1
obituary notice,obituary notice,词,NOUN,C1
object marker,object marker,把,ADP,A1
objection,objection,异议,NOUN,B2
objective,objective,客观的,ADJ,B2
objective (noun),objective,宗旨,NOUN,B2
objectivism,objectivism,词,NOUN,C1
obligation,obligation,义务,NOUN,B2
obligatoire,mandatory,强制的,ADJ,B2
obligatory,obligatory,词,ADJ,C1
obliging,obliging,词,ADJ,B2
oblique,oblique,斜的,ADJ,B2
oblique weird,oblique weird,倾斜的 / 古怪的,ADJ,B2
obliterate,obliterate,词,VERB,C1
obliteration,obliteration,词,NOUN,C1
oblivion,oblivion,词,NOUN,C1
oblivious,oblivious,词,ADJ,C1
obscene,obscene,淫秽的,ADJ,B2
obscenity,obscenity,词,NOUN,C1
obscurantist,obscurantist,词,ADJ,C1
obscure (adj),obscure,词,ADJ,C1
obsequious,obsequious,词,ADJ,C1
observable,observable,可观测的,ADJ,B2
observation,observation,观察,NOUN,B2
observation skill,observation skill,,NOUN,B2
observational,observational,词,ADJ,C1
observe,to observe,观察,VERB,B2
observers,observers,词,NOUN,C1
obsess,obsess,词,VERB,B2
obsessed,obsessed,着迷的,ADJ,B2
obsession with youth,obsession with youth,词,NOUN,C1
obstacle,obstacle,障碍,NOUN,B2
obstinacy,obstinacy,顽固,NOUN,C1
obstreperous,obstreperous,词,ADJ,C1
obstruct,to obstruct,阻碍,VERB,B2
obstruction,obstruction,阻塞,NOUN,B2
obtaining governance,obtaining governance,得治道,NOUN,C1
obtrusive,obtrusive,词,ADJ,C1
obtuse,obtuse,词,ADJ,C1
obviate,obviate,词,VERB,C1
obvious,obvious,明显的,ADJ,B2
obvious at a glance,obvious at a glance,一目了然,ADJ,B2
obviously,obviously,显然,ADV,B2
obéir,to obey,服从,VERB,B2
obéissant,obedient,顺从的,ADJ,B2
occasion,occasion,场合,NOUN,B2
occasional,occasional,词,ADJ,C1
occupation,occupation,职业,NOUN,B2
occupational pension,occupational pension,职业养老金,NOUN,B2
occupied,occupied,被占用的,ADJ,B2
occupying strategic point,occupying strategic point,踞险,NOUN,C1
occupé,busy,忙碌的,ADJ,B2
occurrence,occurrence,发生,NOUN,B2
octave,octave,词,NOUN,C1
octopus,octopus,词,NOUN,B2
octroi,bestowal,授予,NOUN,B2
odd,odd,奇怪的,ADJ,B2
oddball,oddball,怪人,NOUN,B2
odds,odds,赔率,NOUN,B2
odious,odious,词,ADJ,C1
odometer,odometer,里程表,NOUN,C1
odor,odor,词,NOUN,C1
odorlessness,odorlessness,词,NOUN,C1
odyssey,odyssey,词,NOUN,C1
of,of,之,PART,B2
of a woman to marry,of a woman to marry,嫁,VERB,B1
of all things,of all things,偏偏,ADV,B2
of by,of by,的/被,ADP,B2
of course,of course,理所当然的,ADJ,B2
of course (adv),of course,当然,ADV,B2
of course (intj),of course,词,INTJ,C1
of first instance,of first instance,词,ADJ,C1
of it,of it,其中,ADV,B2
of old,of old,词,ADV,C1
of the,of the,词,ADP,A1
of the noose,of the noose,词,ADJ,C1
of this,of this,词,ADV,B1
of utrecht,of utrecht,乌得勒支的,ADJ,B2
off,off,关,ADP,B2
off (adv),off,词,ADV,B2
off-center,off-center,词,ADJ,C1
off-road vehicle,off-road vehicle,越野车,NOUN,B2
off-track,off-track,词,ADJ,C1
offcuts,offcuts,词,NOUN,C1
offence,offence,罪行,NOUN,B2
offend,to offend,冒犯,VERB,B2
offensive,offensive,冒犯的,ADJ,B2
offensive (noun),offensive,词,NOUN,C1
office work,office work,办公室工作,NOUN,B2
official,official,官员,NOUN,B2
official business,official business,公事,NOUN,C1
official report,official report,词,NOUN,B1
official statement,official statement,词,NOUN,B2
officials,officials,官员,NOUN,B2
officious,officious,词,ADJ,C1
oh,oh,哇,PART,B2
oh (part),oh,呀,PART,B2
oh I see,oh I see,词,INTJ,A1
oh my,oh my,哎呀,INTJ,B2
oh my god,oh my god,我的天,INTJ,B2
oh really,oh really,真的吗,INTJ,B2
oh well,oh well,算了,INTJ,B2
oil lamp,oil lamp,词,NOUN,C1
oil painting,oil painting,油画,NOUN,C1
oil petroleum,oil petroleum,词,NOUN,C1
oil press,oil press,榨油机,NOUN,B2
oilfield,oilfield,词,NOUN,C1
oisif,idle,懒惰的,ADJ,B2
okay,okay,好的,INTJ,B2
okay (adj),okay,词,ADJ,A1
okay (noun),okay,好啊,NOUN,C1
old (noun),old,夙,NOUN,B1
old age,old age,老年,NOUN,B2
old dog,old dog,蔡老狗,NOUN,C1
old friend,old friend,旧友,NOUN,C1
old grudge,old grudge,旧恨,NOUN,C1
old man,old man,老人,NOUN,B2
old master,old master,老太爷,NOUN,B2
old minister,old minister,老臣,NOUN,B2
old people,old people,词,ADJ,A1
old person,old person,老人,NOUN,B2
old servant,old servant,老奴,NOUN,B2
old thief,old thief,老贼,NOUN,C1
old woman,old woman,老妇人,NOUN,B2
old-age,old-age,晚年,NOUN,C1
old-fashioned,old-fashioned,老式的,ADJ,B2
older,older,年长的,ADJ,B2
older brother,older brother,大哥哥,NOUN,B2
older brother's wife,older brother's wife,嫂子,NOUN,C1
older sister,older sister,姐姐,NOUN,B2
older woman,older woman,老妇人,NOUN,B2
oldest,oldest,词,ADJ,C1
oleander,oleander,词,NOUN,B2
olfactory,olfactory,词,ADJ,C1
olives,olives,词,NOUN,A2
ombre de neige,snow shadow,雪影姐姐,NOUN,B2
omelette,omelette,煎蛋卷,NOUN,B2
omettre,to leave out,省略,VERB,B2
ominous,ominous,不祥的,ADJ,B2
omit,to omit,省略,VERB,B2
omnipotent,omnipotent,词,ADJ,C1
omniscient,omniscient,词,ADJ,C1
on,on,在...上,ADP,B2
on (adv),on,进行中,ADV,A2
on (noun),on,on,NOUN,B2
on behalf of,on behalf of,代表,ADP,B2
on board,on board,在船上,ADV,B2
on condition,on condition,词,SCONJ,C1
on head,on head,当头,NOUN,B2
on it,on it,在上面,ADV,B2
on one hand,on one hand,一方面,ADV,B2
on shift,on shift,当班,VERB,C1
on that,on that,词,ADV,B1
on that day,on that day,词,ADV,C1
on the contrary,on the contrary,相反,ADV,B2
on the one hand,on the one hand,一方面,ADV,B2
on the other hand,on the other hand,另一方面,ADV,B2
on the spot,on the spot,当场,ADV,B2
on the way,on the way,在路上,ADV,B2
on this,on this,词,ADV,C1
on time,on time,准时,ADV,B2
on top of,on top of,在...上面,ADP,B2
on what,on what,在什么上面,ADV,B2
on which,on which,在其上,PRON,B2
once,once,一次,ADV,B2
once (num),once,一次,NUM,B2
once again,once again,再次,ADV,B2
once more,once more,再次,ADV,B2
oncle maternel,maternal uncle,舅舅,NOUN,B2
oncology,oncology,词,NOUN,C1
one (adj),one,词,ADJ,A2
one (noun),one,one,NOUN,B2
one after another,one after another,接连地,ADV,B2
one and a half,one and a half,一个半,NUM,B2
one book,one book,一本,NUM,B2
one building,one building,一座,NUM,B2
one cup,one cup,一杯,NUM,B2
one day,one day,一天,NUM,B2
one day (adv),one day,总有一天,ADV,C1
one event,one event,一场,NUM,B2
one family,one family,一家,NUM,B2
one flat,one flat,一张,NUM,B2
one handful,one handful,一把,NUM,B2
one head,one head,一头,NUM,B2
one hundred,one hundred,一百,NUM,B2
one impersonal,one impersonal,词,PRON,A2
one long,one long,一条,NUM,B2
one machine,one machine,一架,NUM,B2
one matter,one matter,一事,NOUN,B2
one night,one night,一晚,NUM,B2
one of,one of,之一,NOUN,B2
one person,one person,一人,NOUN,C1
one piece,one piece,一块,NUM,B2
one set,one set,一套,NUM,B2
one shot,one shot,一枪,NUM,B2
one side,one side,一边,NOUN,A1
one step,one step,一步,NUM,B2
one stick,one stick,一支,NUM,B2
one who,one who,者,PART,B1
one year,one year,一年,NUM,B2
one you,one you,人们,PRON,B2
one's heart's content,one's heart's content,尽情,ADV,B2
one's thoughts,one's thoughts,心眼儿,NOUN,C1
one-sided,one-sided,单方面的,ADJ,B2
one-sidedness,one-sidedness,片面性,NOUN,B2
one-upmanship,one-upmanship,词,NOUN,C1
one-way,one-way,单向的,ADJ,B2
one-way street,one-way street,单行道,NOUN,C1
one-way traffic,one-way traffic,单向通行,NOUN,B2
onerous,onerous,词,ADJ,C1
oneself (adv),oneself,词,ADV,A1
oneself reflexive,oneself reflexive,词,PRON,A2
ongoing,ongoing,进行中的,ADJ,B2
ongoing (noun),ongoing,词,NOUN,B2
online,online,词,ADJ,B1
online dating profile,online dating profile,,NOUN,B2
online store,online store,词,NOUN,C1
only,only,唯一的,ADJ,B2
only (det),only,词,DET,B2
only (sconj),only,而已,SCONJ,B2
only bringing,only bringing,只带,NOUN,C1
only just,only just,才,ADV,B2
only son,only son,独子,NOUN,C1
only then,only then,才,ADV,B2
only-me,only-me,只我,NOUN,B2
oops,oops,词,INTJ,C1
oozing,oozing,词,NOUN,B2
opaque,opaque,词,ADJ,C1
open,open,开放地,ADV,B2
open account,open account,开户,VERB,C1
open air,open air,词,NOUN,C1
open class,open class,公开课,NOUN,B2
open fire,open fire,开火,VERB,C1
open ground,open ground,词,NOUN,C1
open theft,open theft,明拿,NOUN,B2
open tournament,open tournament,公开赛,NOUN,B2
open up,open up,开拓,VERB,B2
open-minded,open-minded,思想开明的,ADJ,B2
open-mindedness,open-mindedness,词,NOUN,C1
opening,opening,开口,NOUN,B2
opening ceremony,opening ceremony,开幕仪式,NOUN,B2
openness,openness,开放,NOUN,B2
operating room,operating room,手术室,NOUN,C1
operating system,operating system,操作系统,NOUN,C1
operation business,operation business,词,NOUN,B2
operation room,operation room,操作室,NOUN,C1
operationalization,operationalization,词,NOUN,B2
operative part,operative part,词,NOUN,C1
operetta,operetta,词,NOUN,C1
opium den,opium den,词,NOUN,B2
opportune,opportune,词,ADJ,C1
opportunism,opportunism,词,NOUN,C1
opportunistic,opportunistic,词,ADJ,B2
opposite,opposite,对立面,NOUN,B2
opposite (adp),opposite,对面,ADP,B2
opposite side,opposite side,对面,NOUN,A2
opposite-side,opposite-side,反方,NOUN,C1
opposition,opposition,对立,NOUN,B2
oppress,to oppress,压迫,VERB,B2
oppressed,oppressed,词,ADJ,B1
oppression,oppression,压迫,NOUN,B2
oppressive,oppressive,压迫的,ADJ,B2
oppressive weight,oppressive weight,词,NOUN,C1
opt,opt,词,VERB,C1
optical,optical,光学的,ADJ,B2
optical illusion,optical illusion,词,NOUN,C1
optician,optician,词,NOUN,C1
optics,optics,光学,NOUN,B2
optimal,optimal,最佳的,ADJ,B2
optimum,optimum,词,NOUN,C1
option,option,选择,NOUN,B2
optional,optional,可选的,ADJ,B2
options,options,期权,NOUN,B2
opulence,opulence,词,NOUN,C1
opulent,opulent,豪华的,ADJ,B2
or (noun),or,或是,NOUN,B2
or (part),or,或,PART,C1
or something,or something,词,ADV,C1
oracle,oracle,神谕,NOUN,B2
oracular,oracular,词,ADJ,C1
oral,oral,口头的,ADJ,B2
oral cavity,oral cavity,口腔,NOUN,B2
oral narratives,oral narratives,词,NOUN,C1
oral transmission,oral transmission,词,NOUN,C1
orality,orality,词,NOUN,C1
orally,orally,词,ADV,B2
orange,orange,橙色,NOUN,B2
orange (adj),orange,橙色的,ADJ,B2
orange color,orange color,词,ADJ,A1
orange juice,orange juice,橙汁,NOUN,B2
oratory,oratory,词,NOUN,C1
orbital,orbital,词,ADJ,C1
orchestrate,orchestrate,词,VERB,C1
orchestration,orchestration,词,NOUN,C1
orchid,orchid,兰,NOUN,B2
ordain,ordain,词,VERB,C1
order mission,order mission,词,NOUN,A2
orderliness,orderliness,有序性,NOUN,B2
ordinairement,ordinarily,通常,ADV,B2
ordinance,ordinance,条例,NOUN,B2
ordinateur,computer,电脑,NOUN,B2
ordonné,orderly,有序的,ADJ,B2
ordre public,public order,治安,NOUN,B2
oreille de bois,wood ear mushroom,木耳,NOUN,B2
organic fertilizer,organic fertilizer,有机肥,NOUN,C1
organically,organically,有机地,ADV,B2
organism,organism,词,NOUN,C1
organisé,organized,有组织的,ADJ,B2
orientalism,orientalism,词,NOUN,C1
orientalist,orientalist,词,NOUN,C1
orientation,orientation,取向,NOUN,B2
original,original,最初的,ADJ,B2
original (noun),original,正本,NOUN,B2
original edition,original edition,原版,NOUN,C1
original manufacturer,original manufacturer,原厂,NOUN,C1
original owner,original owner,原主,NOUN,C1
original state,original state,本就,NOUN,B2
originally (part),originally,原,PART,B2
originating,originating,词,ADJ,B1
originator,originator,词,NOUN,C1
originer,to originate,发源,VERB,B2
ornamental,ornamental,词,ADJ,C1
ornamentation,ornamentation,词,NOUN,C1
ornate,ornate,词,ADJ,C1
orphanage,orphanage,孤儿院,NOUN,C1
orphaned,orphaned,无父母的,ADJ,B2
orthodoxy,orthodoxy,至正,NOUN,C1
orthogonality,orthogonality,词,NOUN,C1
orthographic,orthographic,词,ADJ,C1
os,bone,骨头,NOUN,B2
oscillating,oscillating,词,ADJ,C1
oscillation,oscillation,词,NOUN,C1
oscillator,oscillator,振荡器,NOUN,C1
osseous,osseous,词,ADJ,C1
ostensible,ostensible,词,ADJ,C1
ostentation,ostentation,词,NOUN,C1
ostentatious,ostentatious,词,ADJ,C1
ostracism,ostracism,词,NOUN,C1
ostrich,ostrich,词,NOUN,B2
other,other,其他,NOUN,B2
other (det),other,词,DET,B2
other (pron),other,其它,PRON,B2
other others,other others,其他,DET,B2
other people,other people,人家,NOUN,B2
otherwise,otherwise,要不,PART,B2
otherwise (cconj),otherwise,否则,CCONJ,A2
otherworldly,otherworldly,词,ADJ,C1
ought,ought,应该,AUX,B2
ought to,ought to,词,AUX,A2
our (pron),our,词,PRON,A1
our this,our this,咱这,NOUN,C1
ourselves,ourselves,我们自己,PRON,B2
out,out,出,ADP,B2
out here,out here,这里外面,ADV,B2
out of control,out of control,失控,VERB,B2
out of place,out of place,格格不入的,ADJ,B2
out there,out there,词,ADV,B2
outbreak,outbreak,爆发,NOUN,B2
outdoor,outdoor,词,ADJ,C1
outdoor pool,outdoor pool,词,NOUN,C1
outdoors,outdoors,户外,ADV,B2
outer,outer,外部的,ADJ,B2
outer frontier,outer frontier,塞外,NOUN,B2
outer side,outer side,外侧,NOUN,C1
outer space,outer space,太空,NOUN,B2
outer-gate,outer-gate,外门,NOUN,B2
outermost,outermost,词,ADJ,C1
outfit,outfit,服装,NOUN,B2
outgoing,outgoing,外向的,ADJ,C1
outil,tools,工具,NOUN,B2
outlandish,outlandish,古怪的,ADJ,B2
outlast,outlast,词,VERB,B2
outlaw,outlaw,歹徒,NOUN,B2
outpatient,outpatient,门诊,NOUN,B2
outpost,outpost,前哨,NOUN,C1
output,output,词,NOUN,B2
output value,output value,产值,NOUN,C1
outputs,outputs,词,NOUN,C1
outrage,outrage,愤怒,NOUN,B2
outrageous,outrageous,词,ADJ,B2
outright,outright,词,ADV,C1
outset,outset,词,NOUN,C1
outside,outside,在外面,ADP,B2
outside of,outside of,在...之外,ADP,B2
outside place,outside place,外地,NOUN,B2
outside this,outside this,这外,NOUN,C1
outside world,outside world,外界,NOUN,B2
outsider,outsider,外人,NOUN,B2
outskirts,outskirts,词,NOUN,B1
outstanding merit,outstanding merit,奇功,NOUN,B2
outward,outward,向外,ADV,B2
outward (adj),outward,词,ADJ,C1
outward journey,outward journey,词,NOUN,C1
ouverture des offres,bid opening,开标,NOUN,B2
ovarian,ovarian,词,ADJ,C1
over,over,过去,ADV,B2
over about,over about,在...上方,ADP,B2
over it,over it,词,ADV,B1
over-accuracy,over-accuracy,超准,NOUN,C1
over-art,over-art,超艺,NOUN,C1
over-body,over-body,超体,NOUN,C1
over-boundary,over-boundary,超界,NOUN,C1
over-class,over-class,超类,NOUN,C1
over-degree,over-degree,超阶,NOUN,B2
over-diameter,over-diameter,超径,NOUN,C1
over-direction,over-direction,超向,NOUN,C1
over-energy,over-energy,超能,NOUN,C1
over-form,over-form,超式,NOUN,B2
over-function,over-function,超功,NOUN,C1
over-layer,over-layer,超层,NOUN,C1
over-limit,over-limit,超限,NOUN,C1
over-machine,over-machine,超机,NOUN,C1
over-model,over-model,超模,NOUN,B2
over-operation,over-operation,超作,NOUN,C1
over-order,over-order,超序,NOUN,B2
over-path,over-path,超路,NOUN,C1
over-plan,over-plan,超略,NOUN,C1
over-range,over-range,超范,NOUN,C1
over-route,over-route,超途,NOUN,C1
over-segment,over-segment,超段,NOUN,C1
over-side,over-side,超方,NOUN,B2
over-skill,over-skill,超技,NOUN,B2
over-standard,over-standard,超标,NOUN,C1
over-step,over-step,超步,NOUN,C1
over-structure,over-structure,超结,NOUN,C1
over-surface,over-surface,超面,NOUN,B2
over-surge,over-surge,超骤,NOUN,C1
over-system,over-system,超系,NOUN,C1
over-technique,over-technique,超术,NOUN,C1
over-trace,over-trace,超迹,NOUN,C1
over-track,over-track,超轨,NOUN,C1
over-type,over-type,超型,NOUN,C1
over-war,over-war,超战,NOUN,B2
over-work,over-work,超工,NOUN,C1
overall (adj),overall,全局性,ADJ,C1
overall situation,overall situation,全局,NOUN,B2
overbearing arrogance,overbearing arrogance,词,NOUN,C1
overcrowding,overcrowding,词,NOUN,C1
overdose,overdose,过量,NOUN,B2
overfall,overfall,,NOUN,B2
overflowing exuberant,overflowing exuberant,词,ADJ,C1
overhead,overhead,词,NOUN,C1
overjoyed,overjoyed,痛快,ADJ,B1
overlapping,overlapping,重叠的,ADJ,C1
overly familiar,overly familiar,词,ADJ,B2
overreach,overreach,词,NOUN,C1
overrule,overrule,词,VERB,C1
overseas,overseas,词,ADV,B2
oversight,oversight,疏忽,NOUN,B2
overt,overt,词,ADJ,C1
overthinking,overthinking,你想多,NOUN,B2
overthrow,overthrow,扳倒,NOUN,B2
overthrow projection,overthrow projection,词,NOUN,C1
overweight,overweight,词,ADJ,C1
overwhelming,overwhelming,压倒性的,ADJ,B2
ow,ow,词,INTJ,C1
owed,owed,欠下的,ADJ,B2
own,own,自己的,DET,B2
owned,owned,被拥有的,ADJ,A1
ox,ox,词,NOUN,C1
oxidation,oxidation,词,NOUN,C1
oxidized,oxidized,词,ADJ,C1
oxygen-rich,oxygen-rich,词,ADJ,C1
oysters,oysters,词,NOUN,B2
ozone,ozone,词,NOUN,B2
pacific,pacific,词,ADJ,B2
pacifier,pacifier,奶嘴,NOUN,B2
packet,packet,小包裹,NOUN,B2
pacte,covenant,契约,NOUN,B2
pacts,pacts,词,NOUN,C1
padding,padding,词,NOUN,C1
paddle,paddle,词,VERB,C1
padlock,padlock,词,NOUN,B2
page,page,页,NOUN,B2
pagoda,pagoda,塔,NOUN,B1
paiement intégral,payment all,付都,NOUN,B2
paiement électronique,electronic payment,电子支付,NOUN,B2
pain,loaf,一条面包,NOUN,B2
pain farci à la vapeur,steamed stuffed bun,包子,NOUN,B2
pain hurt,pain hurt,疼痛,ADJ,B2
pain relief,pain relief,,NOUN,B2
pained,pained,词,ADJ,C1
painless,painless,,NOUN,B2
pains,pains,苦心,NOUN,C1
painstaking,painstaking,词,ADJ,C1
paint dye,paint dye,词,VERB,A1
pair,peer,同龄人,NOUN,B2
paire,a pair,一对,NUM,B2
paired accompanied,paired accompanied,成对的 / 伴随的,ADJ,B2
pairing,pairing,可配,NOUN,C1
palace maid,palace maid,宫女,NOUN,C1
palanquin,palanquin,词,NOUN,B1
palatable,palatable,词,ADJ,C1
palestinian,palestinian,巴勒斯坦的,ADJ,B2
palisade,palisade,词,NOUN,C1
pallid,pallid,词,ADJ,C1
palm grove,palm grove,词,NOUN,B2
palm reading,palm reading,手相,NOUN,C1
palpable,palpable,词,ADJ,C1
palpage de melon,melon groping,摸瓜,NOUN,B2
paltriness,paltriness,词,NOUN,C1
paltry,paltry,词,ADJ,C1
pamphlet,pamphlet,词,NOUN,C1
pan-fry,pan-fry,煎,VERB,B1
panacea,panacea,词,NOUN,C1
panda,panda,熊猫,NOUN,B2
panel of judges,panel of judges,词,NOUN,B2
panneau de direction,direction sign,指示牌,NOUN,B2
panneau routier,road sign,路标,NOUN,B2
panties,panties,词,NOUN,C1
pants,pants,裤子,NOUN,B2
pants trousers,pants trousers,词,NOUN,A1
papal bull,papal bull,词,NOUN,B2
papaye,papaya,木瓜,NOUN,B2
pape,pope,教皇,NOUN,B2
paper napkin,paper napkin,餐巾纸,NOUN,C1
paper-based,paper-based,词,ADJ,C1
paperless,paperless,词,ADJ,C1
papeterie,stationery,文具,NOUN,B2
paquet,bundle,捆,NOUN,B2
par exemple,for example,例如,ADV,B2
par lequel,whereby,其中,ADV,B2
par là,thereby,从而,ADV,B2
par tous les moyens,by fair means or foul,不择手段,ADV,B2
par écrit,in writing,书面,NOUN,B2
parachuting,parachuting,跳伞,NOUN,C1
paradis,paradise,天堂,NOUN,B2
parage,whereabouts,行踪,NOUN,B2
paragraph heel,paragraph heel,词,NOUN,C1
parallelism,parallelism,词,NOUN,C1
paralympic,paralympic,残奥会的,ADJ,B2
paralysed,paralysed,瘫痪的,ADJ,B2
paralyser,to paralyze,使瘫痪,VERB,B2
paralyzed,paralyzed,瘫痪的,ADJ,B2
paramount,paramount,词,ADJ,C1
parangon,paragon,典范,NOUN,B2
paranoid,paranoid,词,ADJ,B2
parapet,parapet,词,NOUN,C1
paraphrase,paraphrase,词,VERB,B2
parasite,parasite,寄生虫,NOUN,C1
parasol,parasol,词,NOUN,B1
parce que,because,因为,SCONJ,B2
parcel,parcel,包裹,NOUN,B2
parch,parch,词,VERB,C1
pardon (noun),pardon,莫怪,NOUN,B2
pardoning,pardoning,词,NOUN,C1
pardonner,pardon,赦免,NOUN,B2
pardonner,to pardon,赦免,VERB,B2
parent,parent,父母,NOUN,B2
parent-friendly,parent-friendly,,NOUN,B2
parentes,female relatives,女眷,NOUN,B2
parenthesis,parenthesis,词,NOUN,C1
parents,parents,父母,NOUN,B2
parfum céleste,heavenly fragrance,天香,NOUN,B2
parfumé,fragrant,芬芳的,ADJ,B2
paria,outcast,被遗弃者,NOUN,B2
pariah,pariah,词,NOUN,C1
parish,parish,词,NOUN,B2
parish priest,parish priest,本堂神父,NOUN,B2
parishioner,parishioner,教区居民,NOUN,B2
parishioners,parishioners,词,NOUN,C1
parking space,parking space,停车位,NOUN,C1
parlement,parliament,议会,NOUN,B2
parler,talk,谈话,NOUN,B2
parler,to talk,谈话,VERB,B2
parley,parley,词,NOUN,C1
parliamentarism,parliamentarism,议会制,NOUN,C1
parliamentary elections,parliamentary elections,议会选举,NOUN,B2
parlor,parlor,词,NOUN,C1
parole,parole,假释,NOUN,B2
paroles,lyrics,歌词,NOUN,B2
paroles du seigneur,lord's words,主说,NOUN,B2
parquet,parquet,词,NOUN,C1
parse,parse,解析,VERB,B2
part,share,股份,NOUN,B2
part forever,part forever,永别,VERB,B2
part-time job,part-time job,兼职,NOUN,B2
part-time worker,part-time worker,兼职工,NOUN,B2
partial basis,partial basis,分据,NOUN,B2
partial category,partial category,分畴,NOUN,C1
partial idea,partial idea,分想,NOUN,C1
partial image,partial image,分象,NOUN,B2
partial mark,partial mark,分标,NOUN,C1
partial nature,partial nature,分性,NOUN,C1
partial norm,partial norm,分范,NOUN,B2
partial potential,partial potential,分势,NOUN,C1
partial price,partial price,分价,NOUN,C1
partial quality,partial quality,分质,NOUN,C1
partial standard,partial standard,分准,NOUN,C1
partial state,partial state,分态,NOUN,C1
partial target,partial target,分的,NOUN,C1
partial thought,partial thought,分思,NOUN,C1
partial value,partial value,分值,NOUN,C1
partial view,partial view,分观,NOUN,C1
participant,participant,参与者,NOUN,B2
participation,participation,参与,NOUN,B2
particle (part),particle,么,PART,B2
particularize,particularize,词,VERB,B2
partie arrière,rear part,后部,NOUN,B2
partiellement,partly,部分地,ADV,B2
partir,to depart,离开,VERB,B2
partir,to part,分离,VERB,B2
partisan (adj),partisan,词,ADJ,C1
partisan (noun),partisan,词,NOUN,C1
partisanship,partisanship,党派性,NOUN,C1
partition,partition,词,NOUN,C1
partitioning,partitioning,词,NOUN,C1
partner female,partner female,词,NOUN,B2
partridge,partridge,词,NOUN,B2
party concert,party concert,词,NOUN,B1
party to the contract,party to the contract,词,NOUN,B2
pashalik,pashalik,词,NOUN,C1
pass (noun),pass,过得,NOUN,C1
passable,passable,词,ADJ,C1
passage,passage,段落,NOUN,B2
passage,passing,过世,NOUN,B2
passe-temps,hobby,爱好,NOUN,B2
passed,passed,递,ADJ,B2
passer,to come over,顺道来访,VERB,B2
passer,to pass by,经过,VERB,B2
passer en premier,to go first,先去,VERB,B2
passerelle,pedestrian bridge,天桥,NOUN,B2
passion,passion,激情,NOUN,B2
passionate love,passionate love,词,NOUN,C1
passive reliance on others,passive reliance on others,词,NOUN,C1
passé,past,过去的,ADJ,B2
past,past,经过,ADV,B2
past (adj),past,past,ADJ,A1
past (adp),past,词,ADP,B2
past events,past events,往事,NOUN,B2
past matter,past matter,这夙,NOUN,C1
past moment,past moment,我方才,NOUN,C1
pastime,pastime,爱好,NOUN,B2
pastoral (adj),pastoral,词,ADJ,C1
patch,patch,补丁,NOUN,B2
patch tire,patch tire,补胎,VERB,C1
paternal grandmother,paternal grandmother,祖母,NOUN,B2
paternity leave,paternity leave,陪产假,NOUN,B2
patience,patience,耐心,NOUN,B2
patient,patient,耐心的,ADJ,B2
patient (noun),patient,病人,NOUN,A2
patient female,patient female,词,NOUN,B2
patient sufferer,patient sufferer,患者,NOUN,B2
patriarch,patriarch,词,NOUN,C1
patricide,patricide,弑父,NOUN,B2
patrie,homeland,家乡,NOUN,B2
patriotique,patriotic,爱国的,ADJ,B2
patriotisme,patriotism,爱国主义,NOUN,B2
patrol duty,patrol duty,词,NOUN,B2
paucity,paucity,词,NOUN,C1
pauper,pauper,词,NOUN,B2
pave,pave,词,VERB,C1
pave with bricks,pave with bricks,词,VERB,C1
pave with flags,pave with flags,词,VERB,C1
pavement,pavement,人行道,NOUN,B2
pavilion (part),pavilion,阁,PART,C1
pavillon,pavilion,亭子,NOUN,B2
paving,paving,铺路,NOUN,B2
pay foreign exchange,pay foreign exchange,付汇,VERB,C1
payer des impôts,to pay tax,纳税,VERB,B2
payer en souriant,to pay smilingly,笑付,VERB,B2
payments,payments,词,NOUN,C1
paysage,scenery,风景,NOUN,B2
pea,pea,词,NOUN,C1
peach tree,peach tree,词,NOUN,C1
peanut field,peanut field,词,NOUN,B2
peat,peat,泥炭,NOUN,B2
peau fine,fine skin,细皮,NOUN,B2
peccadillo,peccadillo,词,NOUN,C1
peculiarity,peculiarity,词,NOUN,B2
pecuniary,pecuniary,词,ADJ,C1
pedantic,pedantic,词,ADJ,C1
peddler,peddler,小贩,NOUN,B2
pedestrian tunnel,pedestrian tunnel,过街隧道,NOUN,B2
pediment,pediment,词,NOUN,C1
peek,peek,词,VERB,C1
peel (noun),peel,词,NOUN,B2
peephole,peephole,门镜,NOUN,B2
peer review,peer review,词,NOUN,C1
peerless,peerless,词,ADJ,C1
peg,peg,词,NOUN,C1
peigner,to comb,梳头,VERB,B2
peine de mort,death penalty,死刑,NOUN,B2
peinture,paint,油漆,NOUN,B2
pejorative,pejorative,词,ADJ,C1
peler,peel,皮,NOUN,B2
peler,to peel,削皮,VERB,B2
pellucid,pellucid,词,ADJ,C1
pelvis,pelvis,词,NOUN,B2
pelvis basin,pelvis basin,骨盆/盆地,NOUN,B2
penalties,penalties,处罚,NOUN,C1
penance,penance,忏悔,NOUN,B2
penchant,penchant,词,NOUN,C1
pendant des années,for years,多年,ADV,B2
pending,pending,词,ADJ,B1
penguin,penguin,词,NOUN,A1
penis,penis,词,NOUN,B2
penitent,penitent,词,ADJ,C1
pennant,pennant,词,NOUN,C1
penniless,penniless,词,ADJ,B1
pension,pension,养老金,NOUN,B2
pension alimentaire,alimony,赡养费,NOUN,B2
pensive,pensive,沉思的,ADJ,B2
pensée unique,single thought,一念,NOUN,B2
penury,penury,词,NOUN,C1
people,people,人们,PRON,B2
people nation,people nation,人民 / 民族,NOUN,B2
peppermint,peppermint,词,NOUN,C1
per,per,每,ADP,B2
perception,perception,感知,NOUN,B2
perception opinion,perception opinion,看法,NOUN,B2
percussion instruments,percussion instruments,词,NOUN,C1
percuter,to collide,碰撞,VERB,B2
perfection,perfection,完美,NOUN,B2
perfidious,perfidious,词,ADJ,C1
performative,performative,词,ADJ,C1
performativity,performativity,词,NOUN,C1
performer,performer,词,NOUN,C1
perfunctory,perfunctory,词,ADJ,C1
perhaps (noun),perhaps,或許,NOUN,C1
perhaps (part),perhaps,词,PART,C1
perhaps maybe,perhaps maybe,词,SCONJ,A2
perilla,perilla,紫苏,NOUN,B2
period,period,句号,PUNCT,B2
period epoch,period epoch,词,NOUN,B2
period of time,period of time,期间,NOUN,B1
periodical,periodical,词,NOUN,C1
periodization,periodization,分期,NOUN,C1
periphery,periphery,边缘,NOUN,B2
perishing,perishing,,NOUN,B2
perks,perks,词,NOUN,C1
permanence,permanence,持久,NOUN,B2
permanent,permanent,永久的,ADJ,B2
permanently,permanently,词,ADV,C1
permeability,permeability,词,NOUN,C1
permettre,not allow,不许,AUX,B2
permettre,to enable,使能够,VERB,B2
permis,permit,许可证,NOUN,B2
permis de conduire,driver's license,驾驶证,NOUN,B2
permissible,permissible,词,ADJ,C1
permission,permission,许可,NOUN,B2
permutations,permutations,词,NOUN,C1
perméable,permeable,可渗透的,ADJ,B2
perpendiculaire,perpendicular,垂直的,ADJ,B2
perplex,perplex,词,VERB,C1
perplexer,puzzle,谜题,NOUN,B2
perplexer,to puzzle,使困惑,VERB,B2
persimmon,persimmon,柿子,NOUN,C1
person involved,person involved,当事人,NOUN,C1
personable,personable,词,ADJ,C1
personal,personal,私事,NOUN,B2
personal best,personal best,,NOUN,B2
personal effort,personal effort,亲力,NOUN,B2
personal integrity,personal integrity,个人隐私,NOUN,B2
personal leave,personal leave,事假,NOUN,C1
personalization,personalization,词,NOUN,C1
personally experience,personally experience,亲历,VERB,C1
personne,nobody,没有人,PRON,B2
personne âgée,elderly,年长的,ADJ,B2
personnel,personal,个人的,ADJ,B2
personnel,personnel,人员,NOUN,B2
perspective,outlook,前景,NOUN,B2
perspective,perspective,视角,NOUN,B2
perspective,prospect,前景,NOUN,B2
perspectives,perspectives,词,NOUN,C1
perspectivism,perspectivism,词,NOUN,C1
perspicace,astute,精明的,ADJ,B2
perspicacious,perspicacious,词,ADJ,C1
perspicacité,insight,洞察力,NOUN,B2
persuasion,coaxing,哄得,NOUN,B2
persuasion,persuasion,说服,NOUN,B2
perte,lose,上丢,NOUN,B2
pertinent,pertinent,词,ADJ,C1
pervasive,pervasive,词,ADJ,C1
pest,pest,词,NOUN,C1
pesticide,pesticide,杀虫剂,NOUN,B2
pesticides,pesticides,词,NOUN,C1
pestilent,pestilent,词,ADJ,C1
petal,petal,词,NOUN,C1
petit,smallest,最小的,ADJ,B2
petit,cub,幼兽,NOUN,B2
petit neuf,little nine,小九,NOUN,B2
petit onze,little eleven,小十一,NOUN,B2
petit-enfant,grandchild,孙辈,NOUN,B2
petite amie,girlfriend,女朋友,NOUN,B2
petitesse,smallness,小小,NOUN,B2
petition for review,petition for review,词,NOUN,C1
petrochemicals,petrochemicals,词,NOUN,C1
petrol,petrol,汽油,NOUN,B2
petty,petty,词,ADJ,B2
petulant,petulant,词,ADJ,C1
peu,few,很少的,ADJ,B2
peu important,unimportant,不重要的,ADJ,B2
peu importe,no matter,不论,CCONJ,B2
peu profond,shallow,浅的,ADJ,B2
peu sûr,insecure,不安全的,ADJ,B2
peuple,folk,民间的,ADJ,B2
peut-être,maybe,也许,ADV,B2
peut-être,perhaps,也许,ADV,B2
phantasmagorical,phantasmagorical,词,ADJ,C1
phantom,phantom,词,NOUN,C1
pharisee,pharisee,法利赛人,NOUN,B2
pharmacie,pharmacy,药房,NOUN,B2
pharynx,pharynx,词,NOUN,B2
phase,phase,阶段,NOUN,B2
phased (adv),phased,词,ADV,B1
phased nature,phased nature,词,NOUN,C1
phasic,phasic,词,ADJ,C1
pheasant,pheasant,词,NOUN,C1
phenomenal,phenomenal,非凡的,ADJ,B2
phenomenological,phenomenological,词,ADJ,C1
phew,phew,词,INTJ,C1
philanthropic,philanthropic,词,ADJ,C1
philanthropist,philanthropist,慈善家,NOUN,B2
philatelist,philatelist,词,NOUN,C1
philately,philately,词,NOUN,C1
philharmonic,philharmonic,词,NOUN,C1
philosophizing,philosophizing,词,NOUN,C1
philosophy of life,philosophy of life,词,NOUN,B2
phishing,phishing,词,NOUN,B2
phlebitis,phlebitis,静脉炎,NOUN,B2
phlegmatic,phlegmatic,冷静的,ADJ,B2
phloem,phloem,词,ADJ,C1
phoenix camp,phoenix camp,凤字营,NOUN,B2
phoenix character,phoenix character,凤字,NOUN,B2
phoenix coronet,phoenix coronet,凤冠,NOUN,B2
phone credit,phone credit,词,NOUN,B1
phone number,phone number,电话号码,NOUN,B2
phoneme,phoneme,词,NOUN,C1
phonologie,phonology,音系学,NOUN,B2
phony,phony,假的,ADJ,B2
phosphate,phosphate,词,NOUN,B2
phosphorescence,phosphorescence,词,NOUN,C1
phosphorescent,phosphorescent,词,ADJ,C1
photo,photo,照片,NOUN,B2
photo album,photo album,影集,NOUN,C1
photo d'identité,id photo,证件照,NOUN,B2
photo de mariage,wedding photo,婚纱照,NOUN,B2
photo model,photo model,模特,NOUN,B2
photocopier,photocopy,复印件,NOUN,B2
photocopier,to photocopy,复印,VERB,B2
photogenic,photogenic,词,ADJ,C1
photographe,photographer,摄影师,NOUN,B2
photographie,photography,摄影,NOUN,B2
photographier,photograph,照片,NOUN,B2
photographier,to photograph,拍照,VERB,B2
photogravure,photogravure,词,NOUN,C1
photon,photon,光子,NOUN,B2
photophobia,photophobia,词,NOUN,C1
phototypy,phototypy,词,NOUN,C1
phrase,phrase,短语,NOUN,B2
phraseology,phraseology,词,NOUN,C1
phrasing,phrasing,措辞,NOUN,B2
physiognomonie,face reading,面相,NOUN,B2
physiognomonie,physiognomy,面相,NOUN,B2
physiotherapy,physiotherapy,物理治疗,NOUN,B2
physique,physics,物理,NOUN,B2
phénix,phoenix,拿凤,NOUN,B2
piano,piano,钢琴,NOUN,B2
piano music,piano music,词,NOUN,B2
picaresque,picaresque,词,ADJ,C1
pick up a car,pick up a car,取车,VERB,B2
pickle (noun),pickle,词,NOUN,C1
pickles,pickles,词,NOUN,B2
pickup,pickup,拾音器,NOUN,C1
pickup truck,pickup truck,皮卡,NOUN,B2
picotement,tingling,麻木感,NOUN,B2
pictogram,pictogram,词,NOUN,C1
picture photo,picture photo,词,NOUN,A2
pie,pie,派,NOUN,B2
piece of bread,piece of bread,词,NOUN,B2
piecework,piecework,词,NOUN,C1
pier,pier,码头,NOUN,B2
piety pity,piety pity,词,NOUN,B2
pigeon,pigeon,鸽子,NOUN,B2
pile,a pile,一堆,NUM,B2
piling up,piling up,堆砌,NOUN,B2
pillage,plunder,掠夺,NOUN,B2
pills,pills,词,NOUN,B2
pimp,pimp,词,NOUN,C1
pimple,pimple,词,NOUN,B2
pince,clamp,夹钳,NOUN,B2
pincer,pinch,捏,NOUN,B2
pincer,to pinch,捏,VERB,B2
pinch (noun),pinch,词,NOUN,C1
pine,pine,松树,NOUN,B2
pine forest,pine forest,松林,NOUN,B2
pine needle,pine needle,针叶,NOUN,B2
pine nut,pine nut,松子,NOUN,C1
pink (noun),pink,词,NOUN,B1
pious,pious,虔诚的,ADJ,B2
pipa,pipa,琵琶,NOUN,B2
pipe dream,pipe dream,词,NOUN,C1
piquant,piquant,词,ADJ,C1
pique-nique,picnic,野餐,NOUN,B2
pirate,pirate,海盗,NOUN,B2
pirated,pirated,词,ADJ,B2
piscine,pool,池,PART,B2
pisser,to pee,小便,VERB,B2
pistache,pistachio,开心果,NOUN,B2
piston,piston,词,NOUN,C1
pitch,pitch,词,NOUN,B1
pitch darkness,pitch darkness,词,NOUN,C1
piteous,piteous,可怜的,ADJ,B2
pithy,pithy,词,ADJ,C1
pitiable,pitiable,词,ADJ,C1
pitoyable,pitiful,可怜的,ADJ,B2
pitoyable,pity,可惜,ADJ,B2
pittance,pittance,词,NOUN,C1
pity compassion,pity compassion,词,NOUN,B2
pivot,pivot,词,NOUN,B2
pivotal,hold the balance of power,举足轻重,ADJ,B2
pivotal,pivotal,词,ADJ,C1
pizza,pizza,词,NOUN,B1
pièce,coin,硬币,NOUN,B2
pièce,classifier for paintings cloth etc.,幅,NUM,B2
pièce de théâtre,stage play,舞台剧,NOUN,B2
place of,place of,之地,NOUN,B2
place of origin,place of origin,原产,NOUN,C1
place of residence,place of residence,居住地,NOUN,B2
place value,place value,位值,NOUN,C1
placed before,placed before,词,ADJ,B2
placement,placement,放置,NOUN,B2
placenta,placenta,词,NOUN,B2
placental,placental,词,ADJ,C1
placid,placid,词,ADJ,C1
plain (adj),plain,词,ADJ,B1
plain and simple,plain and simple,朴素,ADJ,B2
plainte,grievance,弊端,NOUN,B2
plaintive,plaintive,哀伤的,ADJ,C1
plaintive sorrow,plaintive sorrow,词,NOUN,C1
plan,plan,计划,NOUN,B2
plantain,plantain,芭蕉,NOUN,B2
plantation,plantation,人工林,NOUN,B2
plantation,planting,种植,NOUN,B2
plantation de thé,tea plantation,茶园,NOUN,B2
plaque d'immatriculation,license plate,车牌,NOUN,B2
plaquette,platelet,血小板,NOUN,B2
plaqué,plated,镀层的,ADJ,B2
plasma,plasma,血浆,NOUN,B2
plastic (adj),plastic,塑料,ADJ,B1
plastic arts,plastic arts,词,NOUN,C1
plastic bag,plastic bag,塑料袋,NOUN,A2
plastique,plastic,塑料的,ADJ,B2
plat,flat,扁平的,ADJ,B2
plateau,plateau,高原,NOUN,B2
platforms,platforms,词,NOUN,C1
platitude,platitude,词,NOUN,C1
plausibility,plausibility,词,NOUN,B2
plausible,plausible,似是而非的,ADJ,B2
play game,play game,游戏/玩耍,NOUN,B2
playback,playback,回放,NOUN,C1
playfulness,playfulness,词,NOUN,B2
playground,playground,操场,NOUN,B2
playing,playing,词,NOUN,B2
plays,plays,词,NOUN,C1
pleader,pleader,辩护人,NOUN,C1
pleading,pleading,词,NOUN,B2
pleasant surprise,pleasant surprise,惊喜,NOUN,C1
pleasant to listen to,pleasant to listen to,好听,ADJ,B2
please,please,请,INTJ,B2
please come in,please come in,请进,NOUN,C1
please to invite,please to invite,请,VERB,A1
please you're welcome,please you're welcome,词,INTJ,A2
pleased,pleased,词,ADJ,B1
plebeian,plebeian,词,ADJ,C1
pledge allegiance,pledge allegiance,效忠,VERB,C1
plenary,plenary,词,ADJ,C1
plentiful,plentiful,词,ADJ,B2
plenty,plenty,充足地,ADV,B2
plenty (noun),plenty,大量,NOUN,A2
pleurer,to weep,哭泣,VERB,B2
pleurs,crying,,NOUN,B2
pliable,pliable,词,ADJ,C1
pliant,pliant,词,ADJ,C1
plomberie,plumbing,管道工程,NOUN,B2
plonger,to dip,蘸,VERB,B2
plongée sous-marine,scuba diving,潜水,NOUN,B2
plot episode,plot episode,情节,NOUN,C1
plot of land,plot of land,词,NOUN,B2
plow,plow,词,NOUN,B2
plow handle,plow handle,词,NOUN,C1
plucky,plucky,勇敢的,ADJ,B2
pluie verglacée,freezing rain,冻雨,NOUN,B2
plum rain season,plum rain season,梅雨,NOUN,B2
plumb,plumb,词,NOUN,C1
plump,plump,词,ADJ,C1
plundering,plundering,掠夺,NOUN,B2
plunge,plunge,词,VERB,C1
plural (part),plural,们,PART,A1
pluralisme,pluralism,多元主义,NOUN,B2
plus,no longer,不再,ADV,B2
plus,plus,加上,VERB,B2
plus tard,later,后来,ADV,B2
plutôt,instead,代替,ADV,B2
plutôt,or rather,或者,ADV,B2
plâtrer,to apply a cast,打石膏,VERB,B2
poach,poach,词,VERB,C1
podcast,podcast,播客,NOUN,B2
poetic imitations,poetic imitations,词,NOUN,C1
poetic mastery,poetic mastery,词,NOUN,C1
poetic quality,poetic quality,诗意,NOUN,C1
poetic talent,poetic talent,词,NOUN,C1
poetics,poetics,词,NOUN,C1
poignant,poignant,词,ADJ,C1
poignarder,to stab,刺,VERB,B2
poignée,hilt,剑柄,NOUN,B2
poignée de porte,door handle,门把手,NOUN,B2
point de vue,viewpoint,观点,NOUN,B2
point grade,point grade,词,NOUN,A2
point of view,point of view,词,NOUN,C1
pointer,point,点,NOUN,B2
pointer,to point,指向,VERB,B2
pointless,pointless,词,ADJ,C1
pointless effort,pointless effort,干吗费神费力,NOUN,C1
pointlessly,pointlessly,徒劳地,ADV,B2
pointwise,pointwise,词,ADJ,C1
poison,poison,毒药,NOUN,B2
poison flow,poison flow,毒走,NOUN,C1
poison gas,poison gas,毒气,NOUN,B2
poisoned,poisoned,,NOUN,B2
poke,poke,词,VERB,B2
polar technology,polar technology,极地技术,NOUN,B2
polarity,polarity,极性,NOUN,C1
polemic,polemic,词,NOUN,C1
police,police,警察,NOUN,B2
police chief,police chief,警察局长,NOUN,B2
police officer female,police officer female,词,NOUN,B2
police report,police report,,NOUN,B2
policier,policeman,警察,NOUN,B2
policy-related,policy-related,词,ADJ,C1
polish,polish,精炼,NOUN,B2
polished,polished,词,ADJ,C1
polishing,polishing,词,NOUN,B2
politic,politic,词,ADJ,C1
politicization,politicization,词,NOUN,C1
politique,policy,政策,NOUN,B2
politique,politics,政治,NOUN,B2
pollinic,pollinic,词,ADJ,C1
pollinisation,pollination,授粉,NOUN,B2
pollster,pollster,词,NOUN,C1
pollution,pollution,污染,NOUN,B2
pollué,polluted,受污染的,ADJ,B2
polyester,polyester,涤纶,NOUN,B2
polygon,polygon,多边形,NOUN,C1
polytunnel,polytunnel,大棚,NOUN,B2
polémique,polemical,论战的,ADJ,B2
pomp,pomp,词,NOUN,C1
pompous,pompous,浮夸的,ADJ,B2
pomélo,pomelo,柚子,NOUN,B2
ponctuel,punctual,准时的,ADJ,B2
ponderous,ponderous,词,ADJ,C1
pontage,bypass surgery,搭桥手术,NOUN,B2
pool,pool,水池,NOUN,B2
pooled,pooled,词,ADJ,C1
poor devil,poor devil,可怜虫,NOUN,B2
poor person,poor person,词,NOUN,B2
poor quality,poor quality,劣质,ADJ,B2
poor style,poor style,词,NOUN,C1
poor wretched,poor wretched,可怜的,ADJ,B2
poorer,poorer,更穷的,ADJ,B2
poorest,poorest,最穷的,ADJ,B2
pop,pop,词,NOUN,B1
popcorn,popcorn,词,ADJ,C1
pops,pops,词,NOUN,C1
populariser,to popularize,推广,VERB,B2
population,population,人口,NOUN,B2
populism,populism,民粹主义,NOUN,C1
populous,populous,词,ADJ,C1
porcelain,porcelain,瓷器,NOUN,B2
pornographie,porn,色情,NOUN,B2
porosity,porosity,词,NOUN,C1
porous,porous,词,ADJ,C1
port,port,港口,NOUN,B2
port harbor,port harbor,词,NOUN,A1
portable,portable,词,ADJ,C1
porte latérale,side door,侧门,NOUN,B2
portentous,portentous,词,ADJ,C1
porter,to wear,穿,VERB,B2
porteur,porter,搬运工,NOUN,B2
portfolios,portfolios,词,NOUN,C1
portico,portico,词,NOUN,C1
portion,portion,部分,NOUN,B2
portrait,portrait,肖像,NOUN,B2
portrait artistique,artistic portrait,艺术照,NOUN,B2
portrait subject,portrait subject,词,NOUN,C1
portrayal,portrayal,词,NOUN,B2
portuguese,portuguese,葡萄牙语,NOUN,B2
poser,to lay,放置,VERB,B2
posh,posh,上流的,ADJ,B2
posit,posit,词,VERB,B2
position,position,位置,NOUN,B2
position of authority,position of authority,! 权威地位,NOUN,B2
positions,positions,词,NOUN,C1
positivist,positivist,词,ADJ,C1
positivity,positivity,词,NOUN,B2
possession,possession,财产,NOUN,B2
possessive,possessive,词,ADJ,C1
possessive particle,possessive particle,的,PART,A1
possible,possible,可能的,ADJ,B2
possible future,possible future,词,ADJ,C1
posséder,to possess,拥有,VERB,B2
postage,postage,邮资,NOUN,B2
postage stamp,postage stamp,邮票,NOUN,C1
postal,postal,词,ADJ,C1
postal code,postal code,邮政编码,NOUN,B2
postdoctoral researcher,postdoctoral researcher,博士后,NOUN,B2
postman,postman,词,NOUN,B2
postmark,postmark,邮戳,NOUN,C1
postponement,postponement,延期,NOUN,B2
postscript,postscript,词,NOUN,C1
posture,posture,作势,NOUN,B2
posture,stance,立场,NOUN,B2
postwar,postwar,战后,NOUN,B2
pot,pot,锅,NOUN,B2
potency,potency,药效,NOUN,B2
potent,potent,词,ADJ,C1
potential,potential,潜在的,ADJ,B2
potion,potion,词,NOUN,B2
potter,potter,词,NOUN,B2
pouce,inch,بوصة,NOUN,B2
pouch,pouch,词,NOUN,C1
poudre,powder,粉末,NOUN,B2
pouilleux,lousy,糟糕的,ADJ,B2
pouls,pulse,脉搏,NOUN,B2
poultice,poultice,词,NOUN,B2
pounding,pounding,捶,NOUN,B2
pour,for the sake of,为了,ADP,B2
pour,for it,为此,ADV,B2
pour into,pour into,倾注,VERB,B2
pour l'instant,for now,暂时,ADV,B2
pour toujours,forever,永远,ADV,B2
pourcent,percent,百分比,NOUN,B2
pourquoi,for what,为了什么,ADV,B2
poursuite,prosecution,起诉,NOUN,B2
poursuite,pursuit,追求,NOUN,B2
poursuivre,to pursue,追求,VERB,B2
pousser,to push,推,VERB,B2
pouvoir,can,能够,AUX,B2
pouvoir,can only,只能,AUX,B2
pouvoir,cannot,不能,AUX,B2
power grid,power grid,电网,NOUN,B2
power outlet,power outlet,插座,NOUN,B1
power plant,power plant,发电厂,NOUN,B2
power station,power station,发电厂,NOUN,B2
power struggle,power struggle,词,NOUN,C1
power supply,power supply,电源,NOUN,C1
power tilt,power tilt,权倾,NOUN,C1
powers,powers,词,NOUN,C1
poêle,pan,平底锅,NOUN,B2
practice exercises,practice exercises,练习题,NOUN,C1
practicing,practicing,词,ADJ,C1
pragmatic,pragmatic,务实,ADJ,B2
pragmatics,pragmatics,词,NOUN,C1
pragmatist,pragmatist,词,NOUN,C1
prairie,grassland,草地,NOUN,B2
prairie,prairie,词,NOUN,C1
praise singer,praise singer,词,NOUN,C1
prank,prank,恶作剧,NOUN,B2
pratique,practice,练习,NOUN,B2
prawn,prawn,词,NOUN,C1
prayer beads,prayer beads,词,NOUN,C1
prayer niche,prayer niche,词,NOUN,B2
prayer room,prayer room,祈祷室,NOUN,B2
prayer trap,prayer trap,,NOUN,B2
pre,pre,,NOUN,B2
pre-Islamic era,pre-Islamic era,词,NOUN,C1
pre-dawn meal,pre-dawn meal,词,NOUN,B1
pre-eternity,pre-eternity,词,NOUN,C1
precautionary,precautionary,词,ADJ,C1
precedence,precedence,也先,NOUN,C1
precinct,precinct,辖区,NOUN,B2
precipice,precipice,词,NOUN,C1
precipitate,precipitate,词,VERB,C1
precipitous,precipitous,词,ADJ,C1
preclude,preclude,词,VERB,C1
precocious talent,precocious talent,词,NOUN,C1
preconception,preconception,,NOUN,B2
predisposition,predisposition,天赋,NOUN,B2
predominantly,predominantly,词,ADV,C1
preeminent,preeminent,词,ADJ,C1
preemption,preemption,先发制人,NOUN,C1
preemption right,preemption right,词,NOUN,C1
preemptively,preemptively,词,ADV,C1
prefectural registrar,prefectural registrar,府典,NOUN,B2
prefectures,prefectures,词,NOUN,C1
pregnant woman,pregnant woman,孕妇,NOUN,B2
prejudiced,prejudiced,有偏见的,ADJ,B2
preliminary investigation,preliminary investigation,,NOUN,B2
premature baby,premature baby,词,NOUN,B2
prematurity,prematurity,词,NOUN,C1
premeditate,premeditate,词,VERB,C1
premier,premier,总理,NOUN,B2
premier bouchage,first capping,首加缁布冠,NOUN,B2
premier jet,first draft,初稿,NOUN,B2
premier mérite,first merit,首功,NOUN,B2
premiere,premiere,首演,NOUN,B2
premium,premium,溢价,NOUN,B2
premonition,premonition,预感,NOUN,B2
prendre le petit-déjeuner,to have breakfast,吃早餐,VERB,B2
prendre le relais,to take over,接管,VERB,B2
prendre sa retraite,to retire,退休,VERB,B2
prendre soin de,to take care of,照顾,VERB,B2
prendre un congé,to take a leave of absence,休学,VERB,B2
preoccupation,preoccupation,preoccupation,NOUN,B2
preparatory (noun),preparatory,词,NOUN,B2
prepare (noun),prepare,备上,NOUN,C1
prepared,prepared,准备好的,ADJ,B2
preparedness,preparedness,词,NOUN,B1
preponderance,preponderance,词,NOUN,C1
prerequisite,prerequisite,前提,NOUN,B2
prerequisite course,prerequisite course,先修课,NOUN,C1
preschool,preschool,幼儿园,NOUN,B2
prescient,prescient,词,ADJ,C1
present,present,礼物,NOUN,B2
present available,present available,存在的 / 可获得的,ADJ,A2
present knowledge,present knowledge,通今,NOUN,C1
present time,present time,现在,NOUN,B2
presentation,presentation,展示,NOUN,B2
preservative,preservative,防腐剂,NOUN,B2
preserve,to preserve,保护,VERB,B2
president female,president female,女总统,NOUN,B2
president of a country,president of a country,总统,NOUN,B1
presidential election,presidential election,总统选举,NOUN,B2
presidential elections,presidential elections,词,NOUN,C1
presidentialism,presidentialism,词,NOUN,C1
presque,nearly,几乎,ADV,B2
press conference,press conference,新闻发布会,NOUN,B2
press freedom,press freedom,新闻自由,NOUN,B2
pressing,pressing,紧迫的,ADJ,B2
prestige,prestige,声望,NOUN,B2
presume,to presume,假定,VERB,B2
presumption of continuity,presumption of continuity,词,NOUN,C1
presumptuous,presumptuous,词,ADJ,C1
pretend,to pretend,假装,VERB,B2
pretend to be,to pretend to be,冒充,VERB,B2
pretending to forget,pretending to forget,词,VERB,C1
pretext,pretext,借口,NOUN,B2
preuve,evidence,证据,NOUN,B2
preuve matérielle,physical evidence,物证,NOUN,B2
prevailing,prevailing,词,ADJ,C1
prevalence,prevalence,词,NOUN,C1
prevalent,prevalent,词,ADJ,C1
prevaricate,prevaricate,词,VERB,C1
prevent,to prevent,阻止,VERB,B2
preventive,preventive,词,ADJ,B2
preview,preview,词,NOUN,C1
previous,previous,,NOUN,B2
prey,prey,猎物,NOUN,B2
price capping,price capping,词,NOUN,C1
price change,price change,改价,NOUN,C1
prices,prices,词,NOUN,C1
priesthood,priesthood,词,NOUN,C1
primal,primal,词,ADJ,C1
primarily,primarily,词,ADV,C1
primary school,primary school,小学,NOUN,B2
primate,primate,词,NOUN,C1
prime,prime,首要的,ADJ,B1
prime matter,prime matter,词,NOUN,C1
prime minister,prime minister,总理,NOUN,B2
primeval forest,primeval forest,原始森林,NOUN,C1
primordial chaos,primordial chaos,词,NOUN,C1
prince,prince,王子,NOUN,B2
principal,leading,领先的,ADJ,B2
principal (adj),principal,词,ADJ,B2
printed,printed,词,ADJ,C1
printed form,printed form,词,NOUN,B1
printing press,printing press,词,NOUN,C1
printout,printout,打印件,NOUN,B2
prise,plug,插头,NOUN,B2
prise,taking,拍摄,NOUN,B2
prison,jail,监狱,NOUN,B2
prison,prison,监狱,NOUN,B2
pristine,pristine,词,ADJ,C1
privacy,privacy,隐私,NOUN,B2
private accessory prosecution,private accessory prosecution,词,NOUN,C1
private car service,private car service,专车,NOUN,C1
private debt,private debt,私债,NOUN,B2
private life,private life,私生活,NOUN,B2
privatization,privatization,词,NOUN,B2
prize,prize,奖品,NOUN,B2
pro-war,pro-war,主战,NOUN,C1
proactive,proactive,积极主动的,ADJ,B2
probability,probability,概率,NOUN,B2
probable,probable,可能的,ADJ,B2
probation,probation,缓刑,NOUN,B2
probative,probative,词,ADJ,C1
probing the depths,probing the depths,词,NOUN,C1
probiotic,probiotic,益生菌,NOUN,C1
problematic issue,problematic issue,词,NOUN,C1
problème difficile,difficult problem,难题,NOUN,B2
procedural,procedural,程序的,ADJ,B2
procedure,procedure,程序,NOUN,B2
procedures,procedures,词,NOUN,C1
process,process,过程,NOUN,B2
process,to process,处理,VERB,B2
processable,processable,词,ADJ,C1
processing,processing,处理,NOUN,B2
processing (adj),processing,词,ADJ,C1
prochain,next,接下来,ADV,B2
proche,near,近,ADJ,B2
proclamation,proclamation,宣大,NOUN,B2
proclivity,proclivity,词,NOUN,C1
procès,lawsuit,诉讼,NOUN,B2
prodigal,prodigal,词,ADJ,C1
prodigality,prodigality,挥霍,NOUN,C1
prodigious,prodigious,词,ADJ,C1
production,production,生产,NOUN,B2
profane,profane,词,ADJ,C1
profane,layman,外行,NOUN,B2
profess,profess,词,VERB,B2
profession juridique,legal profession,律师业,NOUN,B2
professional,professional,专业人士,NOUN,B2
professional formation,professional formation,职业养成,NOUN,B2
professionalism,professionalism,词,NOUN,B2
professionally active,professionally active,在职,NOUN,B2
professor,professor,教授,NOUN,B2
professorship,professorship,词,NOUN,C1
proffer,proffer,词,VERB,C1
proficiency,proficiency,词,NOUN,C1
proficient,proficient,熟练的,ADJ,B2
profit-making,profit-making,营利性,ADJ,B2
profits,profits,词,NOUN,B2
profligate,profligate,词,ADJ,C1
profound,profound,深刻的,ADJ,B2
profuse,profuse,词,ADJ,C1
profusion,profusion,词,NOUN,C1
program schedule,program schedule,词,NOUN,A2
programmed,programmed,词,ADJ,C1
programmer,programmer,程序员,NOUN,B2
progress report,progress report,进度报告,NOUN,B2
progressif,gradual,逐渐的,ADJ,B2
prohibit,to prohibit,禁止,VERB,B2
prohibited,prohibited,词,ADJ,C1
prohibited items,prohibited items,词,NOUN,B2
prohibition sign,prohibition sign,禁令牌,NOUN,C1
prohibitive,prohibitive,词,ADJ,C1
project assignment,project assignment,项目作业,NOUN,B2
project report,project report,项目报告,NOUN,B2
projectile,projectile,词,NOUN,C1
projection,projection,词,NOUN,C1
projections,projections,词,NOUN,C1
proliferate,proliferate,扩散,! VERB,B2
proliferation of evil,proliferation of evil,蔓延,NOUN,C1
prolific,prolific,多产的,ADJ,B2
prolix,prolix,冗长的,ADJ,B2
promenade,ride,行程,NOUN,B2
promenade,walk,行走,NOUN,B2
promettre,to pledge,保证,VERB,B2
prominence,prominence,词,NOUN,B2
prominent,prominent,突出的,ADJ,B2
prominent family,prominent family,望族,NOUN,C1
promiscuous,promiscuous,滥交的,ADJ,B2
promising,promising,有前途的,ADJ,B2
promissory note,promissory note,本票,NOUN,B2
promoted,promoted,词,ADJ,B1
promoter,promoter,推动者,NOUN,B2
promotion,promotion,晋升,NOUN,B2
prompt,prompt,词,ADJ,C1
promptement,promptly,迅速地,ADV,B2
promptness,promptness,词,NOUN,C1
promulguer,to enact,颁布,VERB,B2
prone,prone,词,ADJ,C1
pronounced,pronounced,显著的,ADJ,B2
proofread,proofread,校对,VERB,C1
propel,propel,推动,VERB,B2
propellant,propellant,词,NOUN,C1
property owner,property owner,房主,NOUN,B2
property right,property right,所有权,NOUN,B2
prophethood,prophethood,词,NOUN,C1
prophétiser,to prophesy,预言,VERB,B2
propitious,propitious,词,ADJ,C1
proportion,proportion,比例,NOUN,B2
proportionality,proportionality,词,NOUN,C1
proposal suggestion,proposal suggestion,建议,NOUN,B2
proposition,proposition,主张,NOUN,B2
propre,own,自己的,ADJ,B2
propre,proper,适当的,ADJ,B2
propreté,cleanliness,清洁,NOUN,B2
proprietor,proprietor,词,NOUN,C1
propriétaire,landlord,房东,NOUN,B2
propriété,ownership,,NOUN,B2
propriété,propriety,分寸,NOUN,B2
propulsion,propulsion,词,NOUN,C1
pros and cons,pros and cons,利害,NOUN,B2
prosaïque,prosaic,平淡无奇的,ADJ,B2
prose,prose,散文,NOUN,B2
prose writer,prose writer,词,NOUN,C1
prosecutions,prosecutions,词,NOUN,C1
prosecutor's office,prosecutor's office,词,NOUN,B2
prospecting drilling,prospecting drilling,词,NOUN,C1
prospects,prospects,前途,NOUN,B1
prostitution,prostitution,词,NOUN,B2
prostituée,prostitute,妓女,NOUN,B2
protection,protection,保护,NOUN,B2
protection of Majesty,protection of Majesty,保陛,NOUN,C1
protector,protector,保护者,NOUN,B2
protest movement,protest movement,词,NOUN,C1
proton,proton,词,NOUN,C1
prototype,prototype,词,NOUN,C1
protract,protract,词,VERB,C1
protracted,protracted,词,ADJ,C1
protractor,protractor,量角器,NOUN,C1
proud of oneself,proud of oneself,得意,ADJ,A2
proud refusal,proud refusal,词,NOUN,C1
provable,provable,可证明的,ADJ,B2
proverbs,proverbs,词,NOUN,C1
providential,providential,词,ADJ,C1
province,province,省,NOUN,B2
provinces,provinces,词,NOUN,C1
provincial,provincial,地方的,ADJ,B2
provision,provision,词,NOUN,C1
provisional,provisional,临时的,ADJ,B2
provisions,provisions,储备,NOUN,B2
provocation,provocation,挑衅,NOUN,B2
provocative,provocative,挑衅的,ADJ,B2
prowess,prowess,词,NOUN,C1
prowl,prowl,词,VERB,C1
proximité,closeness,接近,NOUN,B2
proximité,proximity,邻近,NOUN,B2
prudence,prudence,谨慎,NOUN,B2
prudent,prudent,谨慎的,ADJ,B2
prune,prune,修剪,VERB,C1
pruning,pruning,词,NOUN,C1
précieux,valuable,有价值的,ADJ,B2
préciosité,preciousness,珍贵,NOUN,B2
précipitation,precipitation,降水,NOUN,B2
précédent,precedent,先例,NOUN,B2
prédateur,predatory,掠夺的,ADJ,B2
prédication,preaching,劝诫,NOUN,B2
préférence gustative,taste preference,口味,NOUN,B2
préparer,to prepare,准备,VERB,B2
préparer une leçon,to prepare a lesson,预习,VERB,B2
préposé,attendant,服务员,NOUN,B2
psoriasis,psoriasis,词,NOUN,C1
psst,psst,词,INTJ,C1
psychiatre,psychiatrist,精神科医生,NOUN,B2
psychopathy,psychopathy,词,NOUN,C1
public,public,公共的,ADJ,B2
public (noun),public,公众,NOUN,B1
public bath,public bath,公共浴室,NOUN,A2
public debt,public debt,公债,NOUN,C1
public fountain,public fountain,公共喷泉,NOUN,C1
public holiday (noun),public holiday,词,NOUN,C1
public opinion,public opinion,社会舆论,NOUN,C1
public relations,public relations,公关,NOUN,B2
public security,public security,社会治安,NOUN,C1
public security bureau,public security bureau,公安局,NOUN,B2
public square,public square,广场,NOUN,B1
publiciser,to advertise,做广告,VERB,B2
publicity,publicity,宣传,NOUN,B2
publicité,advertisement,广告,NOUN,B2
puce,chip,碎片,NOUN,B2
puddle,puddle,水坑,NOUN,B2
puerile,puerile,词,ADJ,C1
puff pastry,puff pastry,词,NOUN,C1
pugnacious,pugnacious,词,ADJ,C1
puissance,might,威力,NOUN,B2
puissant,puissant,词,ADJ,C1
puits,a well,井,NOUN,B2
pull (noun),pull,别拉,NOUN,C1
pulley,pulley,词,NOUN,C1
pulling,pulling,拔,NOUN,B2
pulpy,pulpy,髓质的,ADJ,C1
pummel,pummel,词,VERB,C1
pump air,pump air,打气,VERB,C1
pumping,pumping,词,NOUN,C1
pumpkin,pumpkin,南瓜,NOUN,C1
pumpkin seed,pumpkin seed,南瓜子,NOUN,B2
punch (verb),punch,词,VERB,B2
punch drink,punch drink,词,NOUN,C1
punctilious,punctilious,词,ADJ,C1
pundit,pundit,词,NOUN,C1
pungent,pungent,词,ADJ,C1
punishable,punishable,可处罚的,ADJ,B2
punitive,punitive,惩罚性的,ADJ,B2
puny,puny,瘦弱的,ADJ,B2
pupil female,pupil female,词,NOUN,C1
puppet show,puppet show,木偶戏,NOUN,C1
puppets,puppets,词,NOUN,B2
puppy,puppy,小狗,NOUN,B2
purchase price,purchase price,购买价,NOUN,B2
purification,purification,净化,NOUN,B2
purifying,purifying,净化的,ADJ,B2
puritanical,puritanical,词,ADJ,C1
purple (noun),purple,词,NOUN,A2
purple needle,purple needle,紫阴针,NOUN,B2
purpose design,purpose design,词,NOUN,C1
purse,purse,词,NOUN,B1
pursuant to (adp),pursuant to,词,ADP,C1
pursuant to (adv),pursuant to,依照/根据,ADV,C1
pursuer,pursuer,追兵,NOUN,B2
purveyor,purveyor,词,NOUN,C1
pus,pus,词,NOUN,C1
push (noun),push,词,NOUN,C1
push further,push further,进尺,NOUN,B2
pushover,pushover,善茬,NOUN,B2
put forward,put forward,提出,VERB,B2
putative,putative,词,ADJ,C1
putrid,putrid,词,ADJ,C1
puéril,childish,幼稚的,ADJ,B2
pâte,paste,酱,NOUN,B2
pâtes,pasta,意大利面,NOUN,B2
pâturage,grazing,放牧,NOUN,B2
père,father,父,PART,B2
père Noël,santa claus,圣诞老人,NOUN,B2
pédagogique,pedagogical,教学的,ADJ,B2
périphérique,ring road,绕城,NOUN,B2
pétrole,petroleum,石油,NOUN,B2
pêche,peach,桃子,NOUN,B2
qasida form,qasida form,词,NOUN,C1
qraqeb,qraqeb,克拉克斯布,NOUN,B2
quackery,quackery,词,NOUN,B2
quai,dock,码头,NOUN,B2
quai,quay,码头,NOUN,B2
quaint,quaint,词,ADJ,C1
qualification,qualification,资格,NOUN,B2
qualifications,qualifications,资格,NOUN,B2
qualifier,qualifier,资格赛,NOUN,C1
qualifiers,qualifiers,词,NOUN,B2
qualifié,qualified,合格的,ADJ,B2
qualifying,qualifying,词,ADJ,C1
qualitatif,qualitative,定性的,ADJ,B2
quand,when,当...时,ADV,B2
quand même,anyway,无论如何,ADV,B2
quandary,quandary,词,NOUN,B2
quantifiable,quantifiable,可量化的,ADJ,B2
quantité,quantity,数量,NOUN,B2
quarantine (noun),quarantine,词,NOUN,C1
quarantine (verb),quarantine,隔离,VERB,C1
quarrelsome,quarrelsome,词,ADJ,C1
quarry,quarry,词,NOUN,B1
quarter of an hour,quarter of an hour,词,NOUN,C1
quarterly report,quarterly report,季报,NOUN,C1
quartz,quartz,词,NOUN,C1
quasi,quasi,词,ADV,B2
quaternary,quaternary,第四的,ADJ,B2
quatre-vingt-dix,ninety,九十,NUM,B2
que,than,比,ADP,B2
que,what,什么,ADV,B2
que,whether or not,是否,SCONJ,B2
queer,queer,词,ADJ,C1
quelconque,any,任何,DET,B2
quelque chose,anything,任何事,PRON,B2
quench,quench,词,VERB,C1
querelle,quarreling,再吵,NOUN,B2
querulous,querulous,词,ADJ,C1
question,question,问题,NOUN,B2
question mark,question mark,词,PUNCT,A2
question particle,question particle,吗,PART,A1
question rhétorique,rhetorical question,宁非,NOUN,B2
questioning (adj),questioning,词,ADJ,C1
questionnaire,questionnaire,词,NOUN,C1
questions,questions,词,NOUN,C1
queue,tail,尾巴,NOUN,B2
qui,whom,谁,PRON,B2
quibble,quibble,词,NOUN,C1
quibbling,quibbling,词,NOUN,C1
quick arrival,quick arrival,赶紧到,NOUN,B2
quick departure,quick departure,快去,NOUN,C1
quick lie-down,quick lie-down,快躺,NOUN,B2
quick removal,quick removal,赶快脱,NOUN,B2
quick speech,quick speech,快说,NOUN,B2
quick thought,quick thought,快想,NOUN,C1
quick wit,quick wit,机智,NOUN,B2
quick-frying,quick-frying,溜,NOUN,C1
quick-witted,quick-witted,词,ADJ,C1
quickly (part),quickly,速,PART,C1
quiconque,anyone,任何人,PRON,B2
quiescent,quiescent,词,ADJ,C1
quiet (noun),quiet,词,NOUN,A1
quietly,quietly,悄悄,ADV,B1
quill,quill,词,NOUN,C1
quint,quint,词,NOUN,C1
quintain,quintain,五联诗,NOUN,C1
quintessential,quintessential,词,ADJ,C1
quip,quip,词,NOUN,C1
quirk,quirk,词,NOUN,C1
quirky,quirky,词,ADJ,C1
quit,quit,词,VERB,A2
quite (noun),quite,还挺,NOUN,C1
quite a few,quite a few,不少,ADJ,B2
quite good,quite good,挺好,NOUN,B2
quits,quits,词,ADJ,C1
quitter le travail,to get off work,下班,VERB,B2
quivering,quivering,颤抖的,ADJ,B2
quixotic,quixotic,词,ADJ,C1
quota sharing,quota sharing,配额分享,NOUN,C1
quotable,quotable,可估价的,ADJ,B2
quotidian,quotidian,词,ADJ,C1
quotidien,every day,天天,ADV,B2
quotidien,daily newspaper,日报,NOUN,B2
quotient,quotient,词,NOUN,B2
quête,quest,探索,NOUN,B2
rabble,rabble,词,NOUN,C1
raccourcir,to shorten,缩短,VERB,B2
racist,racist,种族主义的,ADJ,B2
raconter,to narrate,叙述,VERB,B2
raconter,to relate to narrate,叙述,VERB,B2
radar,radar,词,NOUN,B2
radiant,radiant,容光焕发的,ADJ,B2
radiation,radiation,辐射,NOUN,B2
radiation-proof,radiation-proof,防辐射,ADJ,C1
radical,radical,激进的,ADJ,B2
radicalism,radicalism,词,NOUN,C1
radio,radio,收音机,NOUN,B2
radio silence,radio silence,词,NOUN,C1
radiography rays,radiography rays,词,NOUN,C1
radiology,radiology,词,NOUN,C1
radiotherapy,radiotherapy,放疗,NOUN,B2
radius,radius,半径,NOUN,B2
raffinage,refining,提炼,NOUN,B2
raffinement,refinement,修养,NOUN,B2
rage,rage,愤怒,NOUN,B2
rage de dents,toothache,牙痛,NOUN,B2
rags,rags,词,NOUN,B2
ragtag,ragtag,词,ADJ,C1
rai,rai,词,NOUN,B2
raid,raid,突袭,NOUN,B2
raider,raider,词,NOUN,C1
raids,raids,词,NOUN,C1
railing,railing,栏杆,NOUN,B2
railroad,railroad,词,NOUN,B2
rails,rails,词,NOUN,C1
railway,railway,铁路,NOUN,B2
rain clouds,rain clouds,词,NOUN,C1
rainforest,rainforest,雨林,NOUN,B2
rainstorm,rainstorm,暴雨,NOUN,B2
rainy day,rainy day,雨天,NOUN,C1
raise,to raise,举起,VERB,B2
raise (noun),raise,词,NOUN,B1
raise donations,to raise donations,募捐,VERB,B2
raisin,raisin,词,NOUN,A1
raising tiger,raising tiger,养虎,NOUN,C1
raisins,raisins,词,NOUN,A2
raisonnable,reasonable,合理的,ADJ,B2
raisonnement,reasoning,论证,NOUN,B2
rajaz poem,rajaz poem,词,NOUN,C1
rake,rake,耙子,NOUN,B2
rally (noun),rally,词,NOUN,B2
rambunctious,rambunctious,词,ADJ,C1
rampant tyranny,rampant tyranny,横行,NOUN,B2
rampiner,to crawl,爬行,VERB,B2
ramshackle,ramshackle,词,ADJ,C1
ran,ran,跑,ADJ,B2
ranch,ranch,词,NOUN,B2
rancher,rancher,词,NOUN,C1
rancor,rancor,怨恨,NOUN,B2
rancorous,rancorous,词,ADJ,C1
rancunier,spiteful,怀恨的,ADJ,B2
random movement,random movement,乱动,NOUN,C1
random posting,random posting,乱贴,NOUN,B2
randomly,randomly,词,ADV,B2
randonner,to hike,徒步旅行,VERB,B2
randonnée,hiking,徒步,NOUN,B2
range zone,range zone,词,NOUN,C1
ranger,ranger,词,NOUN,B2
ranger,to put in order,收拾,VERB,B2
rank conferral,rank conferral,授衔,NOUN,C1
rapacious,rapacious,词,ADJ,C1
rape,rape,强奸,NOUN,B2
rape,to rape,强奸,VERB,B2
rapid,rapid,迅速的,ADJ,B2
rapide,fast quick,快的,ADJ,B2
rapidly,rapidly,词,ADV,B2
rapier,rapier,词,NOUN,C1
rapport,intercourse,性交,NOUN,B2
rapporter,to fetch,取来,VERB,B2
rapporteur,rapporteur,词,NOUN,C1
rapprochement,rapprochement,和解,NOUN,B2
rapturous,rapturous,词,ADJ,C1
raquette,bat,蝙蝠,NOUN,B2
rare,rare,稀有的,ADJ,B2
rare,scarce,稀少的,ADJ,B2
rare earth,rare earth,稀土,NOUN,B2
rare sight,rare sight,少见,NOUN,B2
rarefaction,rarefaction,稀薄,NOUN,B2
rarity,rarity,希罕,NOUN,C1
rascal,rascal,无赖,NOUN,B2
rash,rash,轻率的,ADJ,B2
rash (noun),rash,词,NOUN,B2
rashly,rashly,轻举,ADV,B2
rashness,rashness,你贸然,NOUN,C1
raspy,raspy,词,ADJ,C1
rassemblement,gathering,聚集,NOUN,B2
rassurance,reassurance,安抚,NOUN,B2
rat,rat,老鼠,NOUN,B2
rat-proof,rat-proof,防鼠,ADJ,B2
rate percentage,rate percentage,词,NOUN,B2
rather but,rather but,词,CCONJ,A2
rather more precisely,rather more precisely,词,ADV,C1
rather on the contrary,rather on the contrary,词,CCONJ,B2
rather than,rather than,与其,CCONJ,B1
rating,rating,评分,NOUN,B2
ratio,ratio,比率,NOUN,B2
ration,ration,配给,NOUN,B2
rational,rational,词,ADJ,B2
rationalist,rationalist,词,NOUN,B2
rationalization conservation,rationalization conservation,词,NOUN,C1
rattling,rattling,词,NOUN,C1
raucous,raucous,词,ADJ,C1
ravage (noun),ravage,词,NOUN,C1
raven,raven,乌鸦,NOUN,B2
ravenous,ravenous,词,ADJ,C1
ravioli,dumpling,丸子,NOUN,B2
raw material,raw material,原材料,NOUN,B2
raw material scarcity,raw material scarcity,词,NOUN,C1
raw ore,raw ore,词,ADJ,C1
ray,ray,光线,NOUN,B2
rayonnement,radiance,光辉,NOUN,B2
rays,rays,词,NOUN,B2
rays of light,rays of light,光芒,NOUN,B2
raze,raze,词,VERB,C1
razor blade,razor blade,词,NOUN,B1
re-ability,re-ability,再能,NOUN,C1
re-abruptness,re-abruptness,再骤,NOUN,B2
re-accident,re-accident,重偶,NOUN,C1
re-admission,re-admission,重纳,NOUN,B2
re-analysis,re-analysis,重析,NOUN,B2
re-argument,re-argument,重论,NOUN,B2
re-art,re-art,再艺,NOUN,C1
re-attribution,re-attribution,再归,NOUN,C1
re-basis,re-basis,再据,NOUN,B2
re-battle,re-battle,重战,NOUN,B2
re-boundary,re-boundary,重界,NOUN,B2
re-categorization,re-categorization,改畴,NOUN,C1
re-cause,re-cause,再因,NOUN,C1
re-combination,re-combination,再合,NOUN,C1
re-concretization,re-concretization,再具,NOUN,B2
re-contingency,re-contingency,再偶,NOUN,C1
re-count,re-count,重数,NOUN,B2
re-course,re-course,重途,NOUN,B2
re-creation,re-creation,再作,NOUN,B2
re-criterion,re-criterion,重准,NOUN,B2
re-decision,re-decision,再断,NOUN,C1
re-differentiation,re-differentiation,再殊,NOUN,C1
re-direction,re-direction,再方,NOUN,C1
re-distinction,re-distinction,重殊,NOUN,C1
re-division,re-division,再分,NOUN,C1
re-domain,re-domain,再畴,NOUN,C1
re-echo,re-echo,再响,NOUN,B2
re-edited collection,re-edited collection,再辑,NOUN,C1
re-editing,re-editing,改辑,NOUN,C1
re-efficacy,re-efficacy,再效,NOUN,C1
re-elect,re-elect,连任,VERB,C1
re-enactment,re-enactment,再演,NOUN,B2
re-equipment,re-equipment,重具,NOUN,C1
re-essence,re-essence,重本,NOUN,C1
re-essentialization,re-essentialization,再本,NOUN,C1
re-evidence,re-evidence,重据,NOUN,B2
re-examination,re-examination,改察,NOUN,C1
re-extraction,re-extraction,再抽,NOUN,C1
re-face,re-face,重面,NOUN,B2
re-form,re-form,再形,NOUN,C1
re-fruit,re-fruit,再果,NOUN,B2
re-generalization,re-generalization,重般,NOUN,B2
re-grade,re-grade,再级,NOUN,C1
re-grading,re-grading,改级,NOUN,B2
re-image,re-image,再象,NOUN,C1
re-imagination,re-imagination,再想,NOUN,C1
re-imaging,re-imaging,改象,NOUN,C1
re-inclusion,re-inclusion,再纳,NOUN,C1
re-inference,re-inference,再推,NOUN,C1
re-inner,re-inner,再内,NOUN,B2
re-interior,re-interior,重内,NOUN,B2
re-interpretation,re-interpretation,再绎,NOUN,B2
re-iteration,re-iteration,重遍,NOUN,C1
re-judgment,re-judgment,再判,NOUN,B2
re-layer,re-layer,再层,NOUN,C1
re-layering,re-layering,改层,NOUN,B2
re-limit,re-limit,重限,NOUN,B2
re-limitation,re-limitation,改限,NOUN,C1
re-lineage,re-lineage,再系,NOUN,C1
re-logic,re-logic,再逻,NOUN,B2
re-mark,re-mark,再标,NOUN,C1
re-marking,re-marking,改标,NOUN,C1
re-measurement,re-measurement,改量,NOUN,C1
re-merit,re-merit,再功,NOUN,C1
re-method,re-method,再法,NOUN,C1
re-model,re-model,再范,NOUN,C1
re-momentum,re-momentum,再势,NOUN,C1
re-naturalization,re-naturalization,再然,NOUN,C1
re-nature,re-nature,再性,NOUN,C1
re-necessitation,re-necessitation,再必,NOUN,C1
re-necessity,re-necessity,重必,NOUN,C1
re-number,re-number,再数,NOUN,C1
re-observation,re-observation,再观,NOUN,B2
re-opportunity,re-opportunity,再机,NOUN,B2
re-orientation,re-orientation,再向,NOUN,C1
re-origin,re-origin,再原,NOUN,C1
re-popularization,re-popularization,再普,NOUN,B2
re-possibility,re-possibility,重可,NOUN,B2
re-process,re-process,再程,NOUN,B2
re-proof,re-proof,再证,NOUN,C1
re-quality,re-quality,重质,NOUN,C1
re-reality,re-reality,再实,NOUN,C1
re-route,re-route,重路,NOUN,B2
re-rule,re-rule,再则,NOUN,C1
re-sampling,re-sampling,重抽,NOUN,C1
re-search,re-search,我再搜一,NOUN,C1
re-segment,re-segment,再段,NOUN,C1
re-segmentation,re-segmentation,改段,NOUN,C1
re-shape,re-shape,重形,NOUN,C1
re-signification,re-meaning,再义,NOUN,B2
re-skill,re-skill,再技,NOUN,C1
re-sole,re-sole,再唯,NOUN,B2
re-specialization,re-specialization,重特,NOUN,B2
re-staging,re-staging,改阶,NOUN,B2
re-standardization,re-standardization,改范,NOUN,C1
re-state,re-state,再态,NOUN,C1
re-step,re-step,再步,NOUN,C1
re-stepping,re-stepping,改步,NOUN,C1
re-strategy,re-strategy,再略,NOUN,C1
re-substance,re-substance,再质,NOUN,B2
re-suffering,re-suffering,再受,NOUN,B2
re-surface,re-surface,再面,NOUN,C1
re-surfacing,re-surfacing,改面,NOUN,C1
re-synthesis,re-synthesis,再综,NOUN,B2
re-system,re-system,重制,NOUN,C1
re-technique,re-technique,重术,NOUN,C1
re-thought,re-thought,再思,NOUN,C1
re-tier,re-tier,再阶,NOUN,C1
re-tolerance,re-tolerance,再容,NOUN,B2
re-trace,re-trace,再迹,NOUN,C1
re-track,re-track,再轨,NOUN,C1
re-traversal,re-traversal,再遍,NOUN,B2
re-unification,re-unification,再一,NOUN,C1
re-universalization,re-universalization,重普,NOUN,C1
re-verification,re-verification,改证,NOUN,B2
reach,reach,范围,NOUN,B2
reach position,reach position,及位,NOUN,B2
reach suffice,reach suffice,词,VERB,B2
reactionary,reactionary,反动,ADJ,B2
read out,read out,宣读,VERB,C1
readability,readability,词,NOUN,C1
readiness,readiness,准备就绪,NOUN,B2
readiness to help,readiness to help,词,NOUN,C1
ready finished,ready finished,准备好的/完成的,ADJ,B2
reaffirm,reaffirm,词,VERB,B2
real estate (noun),real estate,不动产,NOUN,B2
real estate agent,real estate agent,词,NOUN,C1
real person,real person,真人,NOUN,C1
real trouble,real trouble,真麻烦,NOUN,C1
realist,realist,词,NOUN,C1
realization,realization,后知,NOUN,C1
really (noun),really,真是,NOUN,C1
really not,really not,真不,ADV,A2
really pass,really pass,真过,NOUN,C1
really should,really should,真该,NOUN,C1
really true,really true,真,ADV,A1
reaper,reaper,词,NOUN,C1
reappearance,reappearance,再现,NOUN,C1
rear,rear,后面的,ADJ,B2
rearing,rearing,养有,NOUN,C1
rearmament,rearmament,词,NOUN,C1
rearview mirror,rearview mirror,后视镜,NOUN,C1
reason and justice common sense,reason and justice common sense,情理,NOUN,B2
reasoned,reasoned,经过推理的,ADJ,B2
rebab,rebab,列巴布琴,NOUN,B2
reboisement,afforestation,植树造林,NOUN,B2
reboot,reboot,词,VERB,C1
rebound (verb),rebound,词,VERB,C1
rebuff,rebuff,词,VERB,C1
recalcitrant,recalcitrant,词,ADJ,C1
recalibrate,recalibrate,词,VERB,B2
recalibration,recalibration,改准,NOUN,C1
recall,recall,回忆,NOUN,B2
recant,recant,词,VERB,C1
recapitulate,recapitulate,词,VERB,C1
recede,recede,词,VERB,C1
receding ebbing,receding ebbing,衰退/退潮,NOUN,C1
receipts,receipts,词,NOUN,C1
receivables,receivables,词,NOUN,C1
receive foreign exchange,receive foreign exchange,收汇,VERB,C1
recent past,recent past,前些,NOUN,C1
recess,recess,词,NOUN,C1
recevoir des ordres,to receive orders,受命,VERB,B2
recevoir du courrier,to receive mail,收件,VERB,B2
recevoir une attention mondiale,to receive worldwide attention,举世瞩目,VERB,B2
recharge (noun),recharge,词,NOUN,B2
recherche,search,搜索,NOUN,B2
rechercher,to research,研究,VERB,B2
recidivism,recidivism,词,NOUN,B2
reciprocate,reciprocate,词,VERB,C1
recitation,recitation,词,NOUN,C1
reckoning,reckoning,它算,NOUN,C1
reclamation,reclamation,收复,NOUN,B2
reclassification,reclassification,再类,NOUN,C1
recline,recline,词,VERB,C1
reclusive,reclusive,词,ADJ,C1
recognized,recognized,词,NOUN,B2
recombination,recombination,再结,NOUN,C1
recommandation d'autrui,recommendation by others,他荐,NOUN,B2
recommended,recommended,词,ADJ,C1
recompense,recompense,词,VERB,C1
recondite,recondite,词,ADJ,C1
reconfiguration,reconfiguration,再构,NOUN,C1
reconnaissance,reconnaissance,侦察,NOUN,B2
reconnaissance faciale,face recognition,认人,NOUN,B2
reconnaissant,grateful,感激的,ADJ,B2
reconnoiter,reconnoiter,词,VERB,C1
reconsidération,reconsideration,重思,NOUN,B2
reconsidérer,to reconsider,重新考虑,VERB,B2
reconstruire,to rebuild,重建,VERB,B2
reconstruire,to reconstruct,重建,VERB,B2
record personnel,personal record,个人纪录,NOUN,B2
recorded broadcast,recorded broadcast,录播,NOUN,C1
recorder,recorder,记录者,NOUN,C1
recounting,recounting,再叙,NOUN,B2
recoup,recoup,词,VERB,C1
recours,resort,度假胜地,NOUN,B2
recruitment-related,recruitment-related,词,ADJ,C1
rectifier,rectifier,词,NOUN,C1
recueil de poésie,poetry collection,诗集,NOUN,B2
recuperation,recuperation,养伤,NOUN,B2
recur,recur,词,VERB,B2
recursive,recursive,词,ADJ,C1
recycled item,recycled item,再物,NOUN,B2
recycler,to recycle,回收利用,VERB,B2
red blood cell,red blood cell,红细胞,NOUN,C1
red robe,red robe,红衣,NOUN,B2
redact,redact,词,VERB,C1
redesign,redesign,词,NOUN,C1
redire,to retell,转述,VERB,B2
redolent,redolent,词,ADJ,C1
redoubtable,redoubtable,词,ADJ,C1
redrawing,redrawing,重新绘制,NOUN,B2
redress,redress,词,VERB,B2
reductionism,reductionism,词,NOUN,C1
redundant,redundant,多余的,ADJ,B2
redéfinition,redefinition,改界,NOUN,B2
reed bed,reed bed,词,NOUN,B2
reed pen,reed pen,词,NOUN,C1
reef,reef,词,NOUN,B2
reefs,reefs,词,NOUN,B2
refereed,refereed,词,ADJ,C1
references,references,词,NOUN,C1
referral,referral,词,NOUN,C1
refinement elevation,refinement elevation,词,NOUN,C1
refinery,refinery,词,NOUN,C1
reflective,reflective,词,ADJ,C1
reformatory,reformatory,词,NOUN,C1
reformist,reformist,改良型,ADJ,C1
reforms,reforms,词,NOUN,C1
reformulation,reformulation,重新表述,NOUN,B2
refractory,refractory,词,ADJ,C1
refreshing,refreshing,令人清爽的,ADJ,B2
refrigeration,refrigeration,词,NOUN,C1
refroidir,to cool down,冷却,VERB,B2
refuge,refuge,避难所,NOUN,B2
refulgent,refulgent,词,ADJ,C1
refurbish,refurbish,词,VERB,C1
refus temporaire,temporary refusal,暂不,NOUN,B2
refusal to take oath,refusal to take oath,词,NOUN,C1
refuser poliment,to decline politely,婉拒,VERB,B2
regal,regal,词,ADJ,C1
regard,look,看,NOUN,B2
regard (noun),regard,得顾,NOUN,C1
regard (verb),regard,词,VERB,B2
regarder,to look at,观看,VERB,B2
regardless,regardless,不管,ADP,B2
regardless (adv),regardless,不管,ADV,B2
regardless (sconj),regardless,任凭,SCONJ,B2
regenerate,regenerate,再生,VERB,C1
regimen,regimen,词,NOUN,C1
regionalism,regionalism,区域主义,NOUN,C1
regionalization,regionalization,词,NOUN,C1
regions,regions,地区,NOUN,C1
registered,registered,注册的,ADJ,B2
regret,regret,后悔,NOUN,B2
regrettable,regrettable,词,ADJ,B2
regularly,regularly,定期地,ADV,B2
regulated,regulated,词,ADJ,C1
regulator,regulator,词,NOUN,C1
rehabilitative,rehabilitative,词,ADJ,B2
rehearsal,rehearsal,排练,NOUN,B2
reification,reification,词,NOUN,C1
reincarnation,reincarnation,再体,NOUN,B2
reinforced,reinforced,词,ADJ,C1
reining,reining,勒马,NOUN,B2
reins,reins,词,NOUN,B2
rejustification,re-reason,重理,NOUN,B2
relapse (verb),relapse,词,VERB,B2
relation,relation,词,NOUN,B1
relativement,relatively,相对地,ADV,B2
relativement parlant,relatively speaking,相对而言,ADV,B2
relativist,relativist,词,ADJ,C1
relaxed comfortable,relaxed comfortable,词,ADJ,A2
relaxed loose,relaxed loose,放松的 / 松的,ADJ,B2
release after serving sentence,release after serving sentence,刑满释放,VERB,C1
released,released,获释的,ADJ,B2
religieuse,nun,修女,NOUN,B2
religion,religion,宗教,NOUN,B2
religiosity,religiosity,笃信宗教,NOUN,B2
religious chanter,religious chanter,词,NOUN,C1
religious chanting,religious chanting,词,NOUN,C1
religious scholar,religious scholar,词,NOUN,B1
religious strife,religious strife,宗教纷争,NOUN,B2
religious war,religious war,宗教战争,NOUN,B2
religiousness,religiousness,虔诚,NOUN,B2
relinquish,relinquish,词,VERB,C1
relinquishment,relinquishment,词,NOUN,C1
relique,relic,圣物,NOUN,B2
relocaliser,to relocate,调动,VERB,B2
reluctant,reluctant,不情愿的,ADJ,B2
remainder,remainder,剩余部分,NOUN,B2
remaining,remaining,,NOUN,B2
remaining (adj),remaining,词,ADJ,C1
remains,remains,残骸,NOUN,B2
remand,remand,词,NOUN,B2
remaniement,reshaping,改形,NOUN,B2
remanufacture,remanufacture,再制,NOUN,B2
remark (verb),remark,词,VERB,B2
remarkable,remarkable,非凡的,ADJ,B2
remarks,remarks,说些,NOUN,C1
remarquable,outstanding,杰出的,ADJ,B2
rematch,rematch,再战,NOUN,C1
remedial,remedial,词,ADJ,C1
remediation,remediation,词,NOUN,B2
remedy,remedy,补救措施,NOUN,B2
remember,to remember,记得,VERB,B2
remembrance,remembrance,纪念,NOUN,B2
remettre,to hand over,交付,VERB,B2
remind,to remind,提醒,VERB,B2
reminisce,reminisce,词,VERB,C1
reminiscence,reminiscence,词,NOUN,C1
reminiscent,reminiscent,词,ADJ,C1
remise,handover,拿给,NOUN,B2
remiss,remiss,词,ADJ,C1
remit,remit,词,VERB,C1
remittance,remittance,汇款,NOUN,C1
remnant,remnant,词,NOUN,C1
remodel,remodel,再模,NOUN,C1
remorse,remorse,悔恨,NOUN,B2
remorse regret,remorse regret,悔恨,NOUN,C1
remorseful,remorseful,悔恨的,ADJ,B2
remote,remote,遥远的,ADJ,B2
remote-controlled car,remote-controlled car,遥控车,NOUN,B2
removal,removal,移除,NOUN,B2
removal deforestation,removal deforestation,词,NOUN,C1
remove stitches,remove stitches,拆线,VERB,C1
removed,removed,移除的,ADJ,B2
removing roots,removing roots,除根,NOUN,C1
remplir,to fill in,填写,VERB,B2
renaissance,renaissance,复兴,NOUN,B2
renascent,renascent,词,ADJ,C1
rencontrer,encounter,相遇,NOUN,B2
rencontrer,to encounter,遭遇,VERB,B2
rend,rend,词,VERB,C1
render,render,词,VERB,C1
rendezvous,rendezvous,约会,NOUN,B2
rendition,rendition,词,NOUN,C1
rendre hommage,to pay respects,参见,VERB,B2
renegade,renegade,词,NOUN,C1
renege,to renege,食言,VERB,B2
renewable energy,renewable energy,可再生能源,NOUN,C1
renewalism,renewalism,革新主义,NOUN,C1
renewed heart,renewed heart,再心,NOUN,C1
renewed respect,renewed respect,刮目相看,NOUN,C1
renewer,renewer,词,NOUN,C1
renminbi,renminbi,人民币,NOUN,B2
renounce,renounce,词,VERB,C1
rent a car,rent a car,租车,VERB,C1
rentierism,rentierism,词,NOUN,C1
renumbering,renumbering,改数,NOUN,C1
renvoi,court dismissal,退朝,NOUN,B2
reoperation,reoperation,再术,NOUN,B2
reordering,reordering,改序,NOUN,B2
reorientation,reorientation,改态,NOUN,C1
reparable,reparable,词,ADJ,C1
reparation,reparation,赔偿,NOUN,B2
repast,repast,词,NOUN,C1
repatriate,repatriate,词,VERB,C1
repay,to repay,偿还,VERB,B2
repayment,repayment,偿还,NOUN,B2
repayment time,repayment time,还时,NOUN,C1
repeat customer,repeat customer,再客,NOUN,C1
repeat offender,repeat offender,词,NOUN,B2
repeated,repeated,反复的,ADJ,B2
repeatedly,repeatedly,反复地,ADV,B2
repelling,repelling,词,VERB,C1
repent,to repent,悔改,VERB,B2
repetitive,repetitive,词,ADJ,C1
rephotography,rephotography,再影,NOUN,C1
repiquer,to plant out,定植,VERB,B2
replacement for Jin,replacement for Jin,替锦,NOUN,C1
replanning,replanning,再策,NOUN,B2
replenish,replenish,词,VERB,C1
replica,replica,词,NOUN,C1
reply,reply,回复,NOUN,B2
reply,to reply,回复,VERB,B2
reply to your-highness,reply to your-highness,回殿下,NOUN,B2
report a crime,report a crime,报案,VERB,C1
report an offense,report an offense,检举,VERB,C1
report back,report back,复命,VERB,B2
report completion,report completion,交差,VERB,C1
report denunciation,report denunciation,词,NOUN,B1
report loss,report loss,挂失,VERB,C1
reportage,reportage,词,NOUN,C1
reporter,reporter,记者,NOUN,B2
reporter,to postpone,推迟,VERB,B2
reporting,reporting,报道,NOUN,B2
repositioning,repositioning,重新定位,NOUN,B2
reprehensible,reprehensible,应受谴责的,ADJ,B2
representation,representation,代表,NOUN,B2
representational,representational,词,ADJ,C1
repressed,repressed,词,ADJ,C1
repressive,repressive,压制的,ADJ,B2
reprice,reprice,再价,NOUN,B2
reprint,reprint,词,NOUN,C1
reprisal,reprisal,词,NOUN,C1
reproachable,reproachable,应受责备的,ADJ,B2
reprobate,reprobate,词,NOUN,C1
reproduction,reproduction,繁殖,NOUN,B2
reproductive,reproductive,词,ADJ,C1
reprogramming,reprogramming,改程,NOUN,B2
reptiles,reptiles,词,NOUN,B2
republicanism,republicanism,词,NOUN,C1
repudiate,repudiate,词,VERB,C1
repudiation,repudiation,词,NOUN,C1
repugnant,repugnant,词,ADJ,C1
repulse,repulse,击退,NOUN,B2
repulsive,repulsive,令人反感的,ADJ,B2
reputable,reputable,词,ADJ,C1
repute,repute,词,NOUN,C1
requantification,re-quantity,再量,NOUN,B2
request,to request,请求,VERB,B2
request to rest,request to rest,请息,NOUN,C1
required,required,必需的,ADJ,B2
required course,required course,必修课,NOUN,C1
requirements,requirements,词,NOUN,C1
requisite,requisite,词,NOUN,C1
reroutage,re-path,重径,NOUN,B2
reroutage,re-routing,改轨,NOUN,B2
resaisie,retype,再型,NOUN,B2
rescind,rescind,词,VERB,C1
research center,research center,研究中心,NOUN,C1
research topic,research topic,课题,NOUN,B2
resent,resent,词,VERB,C1
reserve price,reserve price,底价,NOUN,C1
reserve protected area,reserve protected area,词,NOUN,C1
reserves,reserves,储备,NOUN,B2
resettlement,resettlement,重新安置,NOUN,B2
residence housing,residence housing,词,NOUN,A2
resident,resident,定居的,ADJ,B2
residential,residential,词,ADJ,B2
residue,residue,词,NOUN,C1
residues waste,residues waste,残留物 / 废弃物,NOUN,C1
resigned submission,resigned submission,词,NOUN,C1
resilient,resilient,词,ADJ,C1
resistance movement,resistance movement,抵抗运动,NOUN,B2
resistor,resistor,词,NOUN,C1
resolve doubts,resolve doubts,解惑,VERB,B2
resoumission,re-submission,再上,NOUN,B2
resource shortage,resource shortage,资源短缺,NOUN,B2
resourcefulness,resourcefulness,想方设法地,NOUN,C1
respect,respect,尊重,NOUN,B2
respectful welcome,respectful welcome,恭迎,NOUN,C1
respectively,respectively,词,ADV,C1
respectueux,respectful deferential,恭敬,ADJ,B2
respiration,respiration,呼吸作用,NOUN,B2
resplendent,resplendent,词,ADJ,C1
responsabilité,accountability,问责制,NOUN,B2
responsabilité,liability,责任,NOUN,B2
responsable,person in charge,负责人,NOUN,B2
ressemblance,likeness,就象,NOUN,B2
ressource,resource,资源,NOUN,B2
rest assured,rest assured,放心的,ADJ,B2
rest stop,rest stop,词,NOUN,B1
restate,restate,词,VERB,B2
restaurant,restaurant,餐厅,NOUN,B2
restauration,restoration,恢复,NOUN,B2
rester,to be left over,剩余,VERB,B2
restitution,restitution,词,NOUN,C1
restive,restive,词,ADJ,C1
restless,restless,词,ADJ,B2
restock,restock,补货,VERB,C1
restrain,restrain,词,VERB,C1
restriction,restriction,限制,NOUN,B2
restriction de plaque d'immatriculation,license plate restriction,限号,NOUN,B2
restriction mutuelle,mutual restriction,相克,NOUN,B2
restructuration,restructuring,重组,NOUN,B2
restyle,restyle,再式,NOUN,C1
results,results,词,NOUN,C1
resurgent,resurgent,词,ADJ,C1
resuscitate,resuscitate,词,VERB,C1
reséquencement,re-sequencing,改骤,NOUN,B2
retailer,retailer,零售商,NOUN,B2
retaliate,retaliate,词,VERB,C1
retaliation,retaliation,词,NOUN,C1
retarded,retarded,词,ADJ,C1
retenir,to withhold,扣留,VERB,B2
retention,retention,我留,NOUN,B2
retenue,restraint,隐忍,NOUN,B2
rethinking,rethinking,重想,NOUN,B2
reticent,reticent,沉默寡言的,ADJ,B2
retina,retina,词,NOUN,B2
retinue,retinue,词,NOUN,B2
retirement pension,retirement pension,退休金,NOUN,B2
retourner d'abord,to return first,先回,VERB,B2
retrait de chaussures,shoe removal,鞋脱,NOUN,B2
retraité,retired,退休的,ADJ,B2
retranslation,retranslation,重译,NOUN,B2
retrial,retrial,再审,NOUN,B2
retribution,retribution,报应,NOUN,C1
retroactive,retroactive,词,ADJ,C1
retrospect,retrospect,词,NOUN,C1
retrospective (adj),retrospective,词,ADJ,C1
return Susha,return Susha,回夙砂,NOUN,C1
return destination,return destination,回哪,NOUN,B2
return goods,return goods,退货,NOUN,C1
return mansion first,return mansion first,先回府,NOUN,B2
return property,return property,物归,NOUN,C1
return to,return to,回到,VERB,B2
return visit,return visit,回访,VERB,B2
returning farmland to forest,returning farmland to forest,退耕还林,NOUN,B2
reunion dinner,reunion dinner,团圆饭,NOUN,C1
reunite,reunite,团圆,VERB,B2
revealing,revealing,现出,NOUN,B2
revel,revel,词,VERB,C1
revelry,revelry,狂欢,NOUN,B2
revenir,to go back,回去,VERB,B2
revenue,revenue,收入,NOUN,C1
revenues,revenues,词,NOUN,C1
revenus et dépenses,income and expense,收支,NOUN,B2
reverberation,reverberation,词,NOUN,C1
reverent,reverent,虔诚的,ADJ,B2
reverie,reverie,词,NOUN,C1
revers,reverse side,反面,NOUN,B2
reverse (adj),reverse,反,ADJ,B2
reverse compilation,reverse compilation,反辑,NOUN,B2
reverse deduction,reverse deduction,反绎,NOUN,C1
reverse division,reverse division,反分,NOUN,C1
reverse effect,reverse effect,反效,NOUN,C1
reverse generalization,reverse generalization,反概,NOUN,C1
reverse guest,reverse guest,反客,NOUN,C1
reverse host,reverse host,反主,NOUN,C1
reverse induction,reverse induction,反归,NOUN,C1
reverse inference,reverse inference,反推,NOUN,C1
reverse judgment,reverse judgment,反判,NOUN,C1
reverse manifestation,reverse manifestation,反现,NOUN,C1
reverse origin,reverse origin,反原,NOUN,B2
reverse result,reverse result,反果,NOUN,B2
reverse thought,reverse thought,反念,NOUN,B2
reverse up,reverse up,反上,NOUN,C1
reverse-direction,reverse-direction,反向,NOUN,C1
reverse-order,reverse-order,反序,NOUN,C1
revile,revile,词,VERB,C1
revised deduction,revised deduction,改演,NOUN,C1
revised estimate,revised estimate,改概,NOUN,C1
revised image,revised image,改影,NOUN,B2
revised item,revised item,改目,NOUN,C1
revitalize a nation,revitalize a nation,兴国,VERB,C1
revivalism,revivalism,词,NOUN,C1
revolver,revolver,词,NOUN,C1
revue trimestrielle,quarterly magazine,季刊,NOUN,B2
revulsion,revulsion,词,NOUN,C1
rewatch,rewatch,回看,VERB,C1
rewind,rewind,快退,VERB,C1
rework,rework,再工,NOUN,C1
rhetorical clarity,rhetorical clarity,词,NOUN,C1
rhetorical embellishment,rhetorical embellishment,词,NOUN,C1
rhetorical shift of person,rhetorical shift of person,词,NOUN,C1
rheumatism,rheumatism,词,NOUN,C1
rhinoceros horn,rhinoceros horn,犀角,NOUN,C1
rhymed prose,rhymed prose,词,NOUN,C1
rhythmicity,rhythmicity,节奏性,NOUN,C1
rhétorique,rhetorical,修辞的,ADJ,B2
riad,riad,词,NOUN,B1
rial,rial,词,NOUN,A2
ribald,ribald,词,ADJ,C1
ribat fortified convent,ribat fortified convent,词,NOUN,C1
ribs,ribs,肋骨,NOUN,B2
ricaner,to giggle,咯咯笑,VERB,B2
rice cake,rice cake,年糕,NOUN,C1
rice noodles,rice noodles,米粉,NOUN,B2
rice vermicelli,rice vermicelli,米线,NOUN,C1
rich man,rich man,词,NOUN,C1
richement doté par la nature,richly endowed by nature,得天独厚,ADJ,B2
richer,richer,更富的,ADJ,B2
rickety,rickety,词,ADJ,C1
ricochet,ricochet,词,NOUN,C1
ride lift,ride lift,搭车,NOUN,B2
ride-hailing service,ride-hailing service,网约车,NOUN,C1
ridicule (noun),ridicule,词,NOUN,C1
ridiculing,ridiculing,词,NOUN,C1
riding,riding,词,NOUN,B2
riding me,riding me,骑我,NOUN,C1
rife,rife,词,ADJ,C1
riffraff,riffraff,词,NOUN,C1
right (intj),right,词,INTJ,C1
right or wrong,right or wrong,对不对,NOUN,C1
right path,right path,正道,NOUN,C1
right side,right side,右侧,NOUN,C1
rightism,rightism,词,NOUN,C1
rightist,rightist,词,ADJ,C1
rightly,rightly,正确地,ADV,B2
rights and interests,rights and interests,权益,NOUN,B2
rigidly moral,rigidly moral,词,ADJ,C1
rile,rile,词,VERB,C1
rim,rim,词,NOUN,C1
rings,rings,词,NOUN,B2
ripeness,ripeness,该熟,NOUN,B2
ripple,ripple,词,NOUN,C1
rire,laughter,笑声,NOUN,B2
rising (adj),rising,词,ADJ,C1
rising (noun),rising,词,NOUN,B2
rising above pettiness,rising above pettiness,词,NOUN,C1
risks,risks,词,NOUN,C1
risque,risque,有伤风化的,ADJ,B2
risque de mort,risking death,冒死,NOUN,B2
risquer sa vie,to risk life,拼命,VERB,B2
risqué,risky,危险的,ADJ,B2
rite,rite,词,NOUN,C1
rites,rites,词,NOUN,C1
ritual handwashing,ritual handwashing,奉匜沃盥,NOUN,C1
ritual impurity,ritual impurity,词,NOUN,C1
ritualism,ritualism,词,NOUN,C1
rituals,rituals,仪式,NOUN,B2
rival,rival,对手,NOUN,B2
river bank,river bank,河岸,NOUN,B2
river-gauging,river-gauging,词,ADJ,C1
riverbed,riverbed,词,NOUN,B2
riverside,riverside,河边,NOUN,C1
riz cuit,cooked rice,米饭,NOUN,B2
roadblock,roadblock,,NOUN,B2
roaming,roaming,词,NOUN,C1
roar (noun),roar,词,NOUN,B2
roast lamb (noun),roast lamb,烤全羊,NOUN,C1
roasted,roasted,词,ADJ,B2
robe,robe,词,NOUN,B2
robe noire,black robe,黑衣,NOUN,B2
robot,robot,机器人,NOUN,B2
robotic,robotic,词,ADJ,C1
robotics,robotics,词,NOUN,C1
robotization,robotization,词,NOUN,C1
robustness,robustness,词,NOUN,C1
rocaille,rockery,假山,NOUN,B2
rock cliff,rock cliff,词,NOUN,A1
rock climbing,rock climbing,攀岩,NOUN,C1
rock music,rock music,词,NOUN,B2
rock slab,rock slab,岩板,NOUN,B2
rocket (adj),rocket,词,ADJ,C1
rocky,rocky,词,ADJ,C1
rocky desertification,rocky desertification,石漠化,NOUN,C1
rococo,rococo,词,ADJ,C1
rod,rod,词,NOUN,B1
rogue,rogue,词,NOUN,B2
rolled,rolled,词,ADJ,C1
rolling,rolling,词,NOUN,C1
roman,novel,小说,NOUN,B2
roman,roman,罗马人,NOUN,B2
romance,romance,浪漫,NOUN,B2
romanian,romanian,罗马尼亚人,NOUN,B2
romantic love,romantic love,恋爱,NOUN,B1
rondin,log,日志,NOUN,B2
ronger,to gnaw,啃,VERB,B2
roof,to roof,房顶,VERB,B2
roof terrace,roof terrace,词,NOUN,A2
roof tiles,roof tiles,词,NOUN,B1
roof top,roof top,上房顶,NOUN,C1
roominess,roominess,词,NOUN,C1
roommate,roommate,室友,NOUN,B2
rooster,rooster,公鸡,NOUN,B2
roots,roots,词,NOUN,C1
rose,rose,玫瑰,NOUN,B2
roster,roster,词,NOUN,C1
rot decomposition,rot decomposition,词,NOUN,C1
rotating,rotating,词,ADJ,C1
rotating leave,rotating leave,轮休,NOUN,B2
rotation de poste,shift rotation,倒班,NOUN,B2
rote learning,rote learning,词,NOUN,B2
rote teaching,rote teaching,词,NOUN,C1
roter,to burp,打嗝,VERB,B2
rotund,rotund,词,ADJ,C1
rotunda,rotunda,词,NOUN,C1
roturier,commoner,平民,NOUN,B2
rouge à lèvres,lipstick,口红,NOUN,B2
rough,rough,粗糙的,ADJ,B2
roughly,roughly,大约,ADV,B2
round,round,轮 / 回合,NOUN,B2
round-robin tournament,round-robin tournament,循环赛,NOUN,B2
route provinciale,provincial highway,省道,NOUN,B2
router,router,路由器,NOUN,B2
routine,routine,常规,NOUN,B2
routing,routing,词,NOUN,C1
rove,rove,词,VERB,C1
row series,row series,词,NOUN,B1
rowboat,rowboat,词,NOUN,B2
rowdiness,rowdiness,撒酒疯,NOUN,C1
rowing,rowing,赛艇,NOUN,C1
royal,royal,皇家的,ADJ,B2
royal court,royal court,词,NOUN,C1
royaume,kingdom,王国,NOUN,B2
royaume,realm,领域,NOUN,B2
rubber,rubber,橡胶,NOUN,B2
rubbing,rubbing,摩擦,NOUN,B2
rubbish,rubbish,垃圾,NOUN,B2
rubbish bin,rubbish bin,垃圾桶,NOUN,A2
rubicund,rubicund,词,ADJ,C1
ruckus,ruckus,词,NOUN,C1
rudeness,rudeness,粗鲁,NOUN,B2
rudimentary,rudimentary,词,ADJ,C1
rue à double sens,two-way street,双行道,NOUN,B2
rueful,rueful,词,ADJ,C1
rug,rug,地毯,NOUN,B2
rugby,rugby,橄榄球,NOUN,C1
rugir,to roar,咆哮,VERB,B2
ruin relic,ruin relic,词,NOUN,B2
ruine familiale,family ruin,家破,NOUN,B2
ruined,ruined,词,ADJ,B2
ruins,ruins,废墟,NOUN,B2
rule of law,rule of law,法治,NOUN,B2
rulebook,rulebook,规则体系,NOUN,B2
ruler,ruler,统治者,NOUN,B2
ruling (noun),ruling,裁决,NOUN,C1
rumble,rumble,咕,NOUN,C1
rumbling,rumbling,词,NOUN,C1
ruminant,ruminant,词,NOUN,C1
ruminate,ruminate,词,VERB,C1
rumination,rumination,词,NOUN,C1
ruminative,ruminative,词,ADJ,C1
rummage,rummage,词,VERB,C1
rumors,rumors,词,NOUN,B2
run,run,跑步,NOUN,B2
run away fled,run away fled,词,VERB,A1
run into,to run into,碰见,VERB,B2
run over,run over,被碾过的,ADJ,B2
run over,to run over,碾过,VERB,B2
run over (adj),run over,词,ADJ,B2
run quickly,to run quickly,奔驰,VERB,B2
run to jog,to run to jog,跑步,VERB,B2
run-down,run-down,词,ADJ,C1
run-up,run-up,助跑,NOUN,B2
runaway,runaway,,NOUN,B2
running,running,进行中的,NOUN,B2
running around,running around,跑遍,NOUN,B2
running away,running away,出走,NOUN,C1
running over,running over,词,NOUN,C1
runny nose,runny nose,流鼻涕,NOUN,B2
runway,runway,词,NOUN,C1
rupture,rupture,破裂,NOUN,B2
rural,rural,乡村的,ADJ,B2
rural (noun),rural,词,NOUN,B2
rural area,rural area,农村,NOUN,A2
rurality,rurality,词,NOUN,C1
ruralization,ruralization,词,NOUN,C1
ruse,ruse,词,NOUN,C1
rush,rush,赶往,NOUN,B2
rush about,to rush about,奔波,VERB,B2
rushing,rushing,居赶,NOUN,B2
russian,russian,俄罗斯人,NOUN,B2
rust inhibitor,rust inhibitor,防锈剂,NOUN,B2
rust-proof,rust-proof,防锈,ADJ,B2
rusty,rusty,词,ADJ,C1
ruthless,ruthless,无情的,ADJ,B2
ruthlessness,ruthlessness,无情,NOUN,B2
rythme,re-pace,重骤,NOUN,B2
règlements,regulations,法规,NOUN,B2
réaliser,to do to make,做,VERB,B2
réaliser,to realize,意识到,VERB,B2
récemment,recently,最近,ADV,B2
réchauffement climatique,global warming,气候变暖,NOUN,B2
récit,narrative,叙述；故事,NOUN,B2
réciter,to recite,背诵,VERB,B2
réclamer,to reclaim,收回,VERB,B2
réclusion à perpétuité,life imprisonment,无期徒刑,NOUN,B2
récolte,crop,庄稼,NOUN,B2
récompense,reward,奖励,NOUN,B2
récupération,retrieval,检索,NOUN,B2
récupération,retrieve qingming,拿回青冥,NOUN,B2
récupérer,to recuperate,恢复,VERB,B2
récupérer,to retrieve,取回,VERB,B2
récurrence,recurrence,往复,NOUN,B2
réflexion inverse,reverse reflection,反影,NOUN,B2
réfléchir,to ponder,沉思,VERB,B2
réforme,reform,改革,NOUN,B2
réformisme,reformism,改唯,NOUN,B2
réfrigérateur,fridge,冰箱,NOUN,B2
réfutation,rebuttal,反驳,NOUN,B2
réfuter,to rebut,反驳,VERB,B2
référer,to refer,参考,VERB,B2
régions occidentales,western regions,西域,NOUN,B2
régresser,to regress,倒退,VERB,B2
régressif,regressive,退步的,ADJ,B2
réitérer,to reiterate,重申,VERB,B2
réorganisation,re-order,重序,NOUN,B2
répandu,widespread,广泛的,ADJ,B2
réparer,to mend,修补,VERB,B2
répondre,to respond,回应,VERB,B2
répondre à,to respond to,回应,VERB,B2
réponse,response,回应,NOUN,B2
réprimande,rebuke,责备,NOUN,B2
réserve,reserve,预备,NOUN,B2
réserve naturelle,nature reserve,自然保护区,NOUN,B2
réserver,to book,预订,VERB,B2
résumé,resume,简历,NOUN,B2
réticence,unwillingness,不甘,NOUN,B2
rétribution à vie,life retribution,偿命,NOUN,B2
rétroaction,feedback,反馈,NOUN,B2
rétrécir,to shrink,收缩,VERB,B2
réunion d'affaires,business meeting,洽谈会,NOUN,B2
réunion secrète,secret meeting,密会,NOUN,B2
réussi,successful,成功的,ADJ,B2
réutilisation,reuse,重用,NOUN,B2
réveil,alarm clock,闹钟,NOUN,B2
réversion,reversion,重归,NOUN,B2
révoquer,to revoke,撤销,VERB,B2
rééditer,to reissue,补办,VERB,B2
rêver,to dream,做梦,VERB,B2
rôtir l'agneau,to roast lamb,烤羊,VERB,B2
s'abstenir,to refrain,克制,VERB,B2
s'accroupir,to crouch,蹲下,VERB,B2
s'accumuler,to accrue,积累,VERB,B2
s'allonger,to lie down,躺,VERB,B2
s'apaiser,to subside,平息,VERB,B2
s'appeler,to be called,叫做,VERB,B2
s'appuyer,to draw on the experience of,借鉴,VERB,B2
s'arrêter,pause,暂停,NOUN,B2
s'arrêter,to pause,暂停,VERB,B2
s'asseoir,to sit down,坐下,VERB,B2
s'assurer,to make sure,确保,VERB,B2
s'efforcer,to do one's best,尽力,VERB,B2
s'efforcer,to work hard for sth to strive for success,争气,VERB,B2
s'efforcer de,to try hard to,力图,VERB,B2
s'empêcher,to cannot help,忍不住,VERB,B2
s'endormir,to fall asleep,入睡,VERB,B2
s'enflammer,to fester,溃烂,VERB,B2
s'entrencher,to entrench,巩固,VERB,B2
s'estomper,to fade,褪色,VERB,B2
s'excuser,to apologize,道歉,VERB,B2
s'habituer,to get used to,习惯于,VERB,B2
s'il vous plaît,please,请,ADV,B2
s'occuper de,to look after,照料,VERB,B2
s'étonner,wonder,奇迹,NOUN,B2
s'étonner,to wonder,觉得奇怪,VERB,B2
s'évanouir,to faint,昏倒,VERB,B2
sabbath,sabbath,安息日,NOUN,B2
sabbatical,sabbatical,词,NOUN,C1
saber,saber,词,NOUN,C1
sabotage (adj),sabotage,词,ADJ,C1
saboteur,saboteur,词,NOUN,B2
sac à main,handbag,手提包,NOUN,B2
saccharine,saccharine,词,ADJ,C1
sack,sack,麻袋,NOUN,B2
sacrifice,sacrifice,牺牲,NOUN,B2
sacrificed,sacrificed,牺牲,ADJ,B2
sacrilege,sacrilege,亵渎,NOUN,B2
sacrilegious,sacrilegious,词,ADJ,B2
sacrosanct,sacrosanct,词,ADJ,C1
sad,sad,悲伤的,ADJ,B2
sad sorrowful,sad sorrowful,悲伤,ADJ,B2
saddening,saddening,词,ADJ,C1
saddle pad,saddle pad,词,NOUN,B2
saddlebags,saddlebags,词,NOUN,B2
sadism,sadism,词,NOUN,C1
sadly,sadly,词,ADV,B2
safe,safe,安全的,ADJ,B2
safe (noun),safe,保险箱,NOUN,B2
safe container,safe container,词,NOUN,C1
safe haven,safe haven,避风港,NOUN,B2
safe secure,safe secure,安全的/可靠的,ADJ,B2
safely,safely,安然,ADV,C1
safety report,safety report,安全报告,NOUN,B2
safflower,safflower,红花,NOUN,B2
saffron,saffron,词,NOUN,A2
sage,wise,明智的,ADJ,B2
sage,sage,词,NOUN,C1
sagittarius,sagittarius,射手座,NOUN,B2
saignement,bleeding,出血,NOUN,B2
sail,sail,帆,NOUN,B2
sail,to sail,航行,VERB,B2
sail (noun),sail,帆,NOUN,B2
sailboat,sailboat,,NOUN,B2
sailors,sailors,词,NOUN,B2
saint,holy,神圣的,ADJ,B2
saint,saint,圣人,NOUN,B2
saintly miracles,saintly miracles,圣徒奇迹,NOUN,C1
saints,saints,词,NOUN,C1
saisir,to grab,抓,VERB,B2
saisir,to grasp,抓住,VERB,B2
saisir fermement,to grasp firmly,抓紧,VERB,B2
sake,sake,缘故,NOUN,B2
salacious,salacious,词,ADJ,C1
salad lettuce,salad lettuce,沙拉/生菜,NOUN,B2
salaire,wage,工资,NOUN,B2
salaires,wages,工资,NOUN,B2
salaried,salaried,词,ADJ,B2
sale,dirty,脏的,ADJ,B2
salesman,salesman,词,NOUN,B2
saleté,dirt,污垢,NOUN,B2
salient,salient,词,ADJ,C1
salinity,salinity,词,NOUN,B2
salinization,salinization,盐碱化,NOUN,C1
saliva,saliva,词,NOUN,B2
salle d'attente,waiting room,候诊室,NOUN,B2
salle de bain,bathroom,浴室,NOUN,B2
salle de classe,classroom,教室,NOUN,B2
salle de commandement,command room,指挥室,NOUN,B2
salle de contrôle,control room,控制室,NOUN,B2
salle de sport,gym,健身房,NOUN,B2
salle des fêtes,affair hall,事殿,NOUN,B2
salon,lounge,休息室,NOUN,B2
salon,salon,沙龙,NOUN,B2
salt flat,salt flat,词,NOUN,B2
salt shaker,salt shaker,,NOUN,B2
salted,salted,词,ADJ,B2
salubrious,salubrious,词,ADJ,C1
salut,hi,嗨,INTJ,B2
salut,salvation,拯救,NOUN,B2
salutary,salutary,词,ADJ,C1
salvage,salvage,词,NOUN,C1
salve,salve,词,NOUN,C1
salé,salty,咸的,ADJ,B2
sama,sama,词,NOUN,B2
same (adv),same,一律,ADV,B2
same (det),same,词,DET,A1
same (noun),same,同,NOUN,B2
sample rehearsal,sample rehearsal,样品 / 排练,NOUN,B2
sanctification,sanctification,词,NOUN,C1
sanctimonious,sanctimonious,伪善的,ADJ,B2
sanction,sanction,制裁,NOUN,B2
sanctity,sanctity,词,NOUN,C1
sanctuaire,shrine,مشعر,NOUN,B2
sand and dust,sand and dust,沙尘,NOUN,B2
sand size,sand size,砂大,NOUN,C1
sands,sands,词,NOUN,B2
sandwich,sandwich,三明治,NOUN,B2
sandy,sandy,词,ADJ,B2
sane,sane,神志正常的,ADJ,B2
sang-froid,cold blood,冷血,NOUN,B2
sanglot,sobbing,抽泣,NOUN,B2
sangloter,to sob,啜泣,VERB,B2
sanguinary,sanguinary,词,ADJ,C1
sanguine,sanguine,词,ADJ,C1
sanitary pad,sanitary pad,卫生巾,NOUN,C1
sans fil,wireless,无线的,ADJ,B2
sans-abri,homeless,无家可归的,ADJ,B2
santur,santur,词,NOUN,C1
santé mentale,sanity,理智,NOUN,B2
saplings,saplings,词,NOUN,C1
sarcasm,sarcasm,词,NOUN,C1
sarcastic,sarcastic,词,ADJ,C1
sardonic,sardonic,词,ADJ,C1
sarrasin,buckwheat,荞麦,NOUN,B2
sat,sat,词,NOUN,B1
sated,sated,词,ADJ,B2
satellite,satellite,卫星,NOUN,B2
satire,satire,讽刺,NOUN,B2
satisfaction,satisfaction,满意,NOUN,B2
satisfait,satisfied,满意的,ADJ,B2
satisfying,satisfying,令人满意的,ADJ,B2
satiété,satiety,饱足,NOUN,B2
saturated (adj),saturated,饱和,ADJ,B2
saturated (noun),saturated,浇满,NOUN,C1
sauce,sauce,酱汁,NOUN,B2
saucy,saucy,下流的,ADJ,B2
sauna,sauna,桑拿,NOUN,B2
saunter,saunter,词,VERB,C1
sauvetage,rescue,救援,NOUN,B2
sauvetage,rescue a-fang,救阿方,NOUN,B2
sauveur,savior,救星,NOUN,B2
savage,savage,savage,NOUN,B2
savant,savant,词,NOUN,C1
savant,scholar,学者,NOUN,B2
save me,save me,救我,NOUN,C1
saver,saver,词,NOUN,C1
saving,saving,储蓄,NOUN,B2
saving the root,saving the root,救本,NOUN,C1
savoir reconnaître,to know to recognize,认识,VERB,B2
savory,savory,词,ADJ,C1
savvy,savvy,词,ADJ,C1
sawdust,sawdust,词,NOUN,C1
say he,say he,说他,NOUN,C1
sayings,sayings,词,NOUN,C1
sayings and traditions,sayings and traditions,词,NOUN,C1
scaffolding,scaffolding,词,NOUN,C1
scalar,scalar,词,ADJ,C1
scald (noun),scald,烫伤,NOUN,C1
scallion,scallion,词,NOUN,B2
scalpel,scalpel,手术刀,NOUN,B2
scaly,scaly,有鳞的,ADJ,B2
scammer,scammer,词,NOUN,B2
scan,scan,扫描件,NOUN,B2
scandinavian,scandinavian,斯堪的纳维亚的,ADJ,B2
scanner,scanner,扫描仪,NOUN,C1
scant,scant,词,ADJ,C1
scantily,scantily,词,ADV,C1
scapegoat,scapegoat,词,NOUN,C1
scarce commodity,scarce commodity,紧缺商品,NOUN,B2
scarcely,scarcely,几乎不,ADV,B2
scarecrow,scarecrow,词,NOUN,C1
scarf shawl,scarf shawl,词,NOUN,A1
scathing,scathing,词,ADJ,C1
scatterbrained,scatterbrained,词,ADJ,B2
scattering,scattering,词,NOUN,B2
sceller,to seal,密封,VERB,B2
scene stage,scene stage,场景/舞台,NOUN,B2
scenic spot,scenic spot,名胜,NOUN,B2
scenography,scenography,词,NOUN,C1
sceptical,sceptical,词,ADJ,C1
sceptique,skeptical,怀疑的,ADJ,B2
schematic,schematic,概要的,ADJ,B2
schism,schism,分裂,NOUN,B2
schizophrenic,schizophrenic,词,ADJ,C1
schizophrénie,schizophrenia,精神分裂症,NOUN,B2
scholing,scholing,受过训练,NOUN,B2
school bench,school bench,词,NOUN,A1
school year,school year,学年,NOUN,B2
schoolbag,schoolbag,词,NOUN,A1
schoolboy,schoolboy,学生,NOUN,B2
schooled person,schooled person,受过培训者,NOUN,B2
schooling,schooling,词,NOUN,C1
schoolyard,schoolyard,词,NOUN,A1
schéma,scheme,计划,NOUN,B2
science,science,科学,NOUN,B2
scientifique,scientist,科学家,NOUN,B2
scientists,scientists,科学家,NOUN,B2
scintillate,scintillate,词,VERB,C1
scoff (noun),scoff,词,NOUN,C1
scoff (verb),scoff,词,VERB,C1
scolder,to scald,烫伤,VERB,B2
scoop,scoop,词,NOUN,B2
scorching,scorching,灼热的,ADJ,B2
score,score,比分,NOUN,B2
scorn,scorn,轻蔑,NOUN,B2
scorn (verb),scorn,藐视,VERB,C1
scornful,scornful,词,ADJ,C1
scorpion,scorpion,词,NOUN,A1
scottish,scottish,苏格兰的,ADJ,B2
scour,scour,词,VERB,C1
scout,scout,侦察员,NOUN,B2
scrappy,scrappy,词,ADJ,C1
scraps,scraps,屑,NOUN,C1
scratch,scratch,抓痕,NOUN,B2
scream (noun),scream,尖叫,NOUN,B2
screaming,screaming,词,NOUN,B2
screen window,screen window,纱窗,NOUN,C1
screw (noun),screw,词,NOUN,C1
screw up,screw up,词,VERB,C1
scribal misreading,scribal misreading,词,NOUN,C1
scribble (noun),scribble,词,NOUN,C1
scribe,scribe,词,NOUN,C1
script,script,剧本,NOUN,B2
scripture,scripture,经,NOUN,B2
scrupulosity,scrupulosity,词,NOUN,C1
scrupulousness,scrupulousness,词,NOUN,C1
scruter,to scrutinize,仔细检查,VERB,B2
scrutiny,scrutiny,明察,NOUN,B2
sculpteur,sculptor,雕塑家,NOUN,B2
sculptural,sculptural,词,ADJ,C1
sculpture,sculpture,雕塑,NOUN,B2
scumbag,scumbag,词,NOUN,C1
scurrilous,scurrilous,词,ADJ,C1
scurry,scurry,词,VERB,C1
scurvy,scurvy,词,NOUN,C1
scuttle,scuttle,词,VERB,C1
scythe,scythe,镰刀,NOUN,B2
scène,stage,阶段,NOUN,B2
scène de crime,crime scene,犯罪现场,NOUN,B2
scélérat,villain,反派,NOUN,B2
scénario,script for play,剧本,NOUN,B2
se cacher,to hide oneself,躲藏,VERB,B2
se comporter,to behave,表现,VERB,B2
se conformer,to comply,遵守,VERB,B2
se conformer à,to comply with,遵守,VERB,B2
se connecter,to go online,上网,VERB,B2
se doucher,shower,淋浴,NOUN,B2
se doucher,to shower,淋浴,VERB,B2
se débrouiller,to make do,做,VERB,B2
se déguiser,to dress up,盛装打扮,VERB,B2
se faufiler,to sneak,潜行,VERB,B2
se fier,to rely,依赖,VERB,B2
se fier,to trust,信任,VERB,B2
se fier à,to rely on,依靠,VERB,B2
se fâcher,to get angry,生气,VERB,B2
se lever,to get up,起床,VERB,B2
se lever,to stand up,站起来,VERB,B2
se maquiller,to apply makeup,化妆,VERB,B2
se perdre,to get lost,迷路,VERB,B2
se plaindre,to complain,抱怨,VERB,B2
se quereller,to quarrel,争吵,VERB,B2
se retirer,retreat,撤退,NOUN,B2
se retirer,to retreat,撤退,VERB,B2
se retourner,to turn around,转身,VERB,B2
se soustraire,to abscond,潜逃,VERB,B2
se séparer,to secede,脱离,VERB,B2
se taire,silence,沉默,NOUN,B2
se taire,to silence,خرس,VERB,B2
se tenir côte à côte,to stand side by side,并列,VERB,B2
se tenir debout,to stand,站立,VERB,B2
se terminer,to end up,最终到达,VERB,B2
se tromper,to make a mistake,弄错,VERB,B2
se vanter,to boast,吹嘘,VERB,B2
se venger,to take revenge,报复,VERB,B2
sea level rise,sea level rise,海平面上升,NOUN,B2
sea of fire,sea of fire,火海,NOUN,C1
seafood,seafood,海鲜,NOUN,B1
seam,seam,词,NOUN,C1
seamless,seamless,无缝的,ADJ,B2
seaplane,seaplane,水上飞机,NOUN,B2
seaport,seaport,海港,NOUN,C1
search engine,search engine,搜索引擎,NOUN,B2
search warrant,search warrant,词,NOUN,C1
searing,searing,词,NOUN,B2
seashell,seashell,词,NOUN,B2
seaside,seaside,海滨,NOUN,C1
seasonal pasture camp,seasonal pasture camp,词,NOUN,B2
seasoned,seasoned,词,ADJ,B2
seasoned experience,seasoned experience,词,NOUN,C1
seasoning,seasoning,词,NOUN,C1
seat belt,seat belt,安全带,NOUN,C1
seats,seats,词,NOUN,C1
seclusion,seclusion,闭关,NOUN,B2
second (num),second,词,NUM,A1
second again,second again,词,ADJ,A1
second brother,second brother,二弟,NOUN,B2
second capping,second capping,次加皮弁,NOUN,C1
second cousin,second cousin,再从,NOUN,C1
second letter,second letter,再信,NOUN,B2
second look,second look,再目,NOUN,B2
second master,second master,再主,NOUN,C1
second place in a sports contest,second place in a sports contest,亚军,NOUN,B2
second unit of time,second unit of time,秒,NOUN,B2
second-hand,second-hand,词,ADJ,C1
secondary sword,secondary sword,从剑,NOUN,C1
seconde fois,second time,再而,NOUN,B2
secondment,secondment,词,NOUN,C1
secouriste,paramedic,急救人员,NOUN,B2
secours,go help,去帮,NOUN,B2
secret,secret,秘密的,ADJ,B2
secret (noun),secret,奥秘,NOUN,A2
secret (part),secret,诀,PART,B2
secret alliance,secret alliance,暗通锦,NOUN,B2
secret recipe,secret recipe,秘制,NOUN,C1
secret service,secret service,词,NOUN,B2
secrets,secrets,词,NOUN,C1
sect taifa,sect taifa,词,NOUN,C1
sectaire,sectarian,宗派的,ADJ,B2
sectarianism,sectarianism,词,NOUN,C1
section chief,section chief,课长,NOUN,B2
sectoral,sectoral,词,ADJ,C1
secular,secular,词,ADJ,C1
secularization,secularization,世俗化,NOUN,C1
secure (adj),secure,词,ADJ,B1
security matter,security matter,词,NOUN,C1
security service,security service,词,NOUN,C1
securocratic,securocratic,词,ADJ,C1
sedate,sedate,词,ADJ,C1
sedative,sedative,词,NOUN,C1
sedentary,sedentary,久坐的,ADJ,B2
sedimentary,sedimentary,沉积的,ADJ,C1
sedimentation,sedimentation,词,NOUN,C1
sediments deposits,sediments deposits,词,NOUN,C1
sedulous,sedulous,词,ADJ,C1
see off (verb),see off,送别,VERB,C1
see you,see you,词,VERB,A2
seedling,seedling,词,NOUN,B2
seeds,seeds,词,NOUN,B2
seek truth from facts,to seek truth from facts,实事求是,VERB,B2
seeker,seeker,寻求者,NOUN,B2
seeking,seeking,寻求,NOUN,B2
seeking blessing,seeking blessing,词,NOUN,C1
seeking foreign backing,seeking foreign backing,词,NOUN,C1
seeking forgiveness,seeking forgiveness,词,NOUN,C1
seeking instant benefit,seeking instant benefit,急功近利,ADJ,B2
seeking intercession,seeking intercession,词,NOUN,C1
seemingly,seemingly,表面上,ADV,B2
seemly,seemly,词,ADJ,C1
seems like,seems like,像是,VERB,B2
seen,seen,被看见,ADJ,B2
seethe,seethe,词,VERB,C1
segment (noun),segment,词,NOUN,B2
seigneur Yu,lord yu,玉大人,NOUN,B2
seize heir,seize heir,夺嫡,NOUN,C1
seizing opportunity,seizing opportunity,借机,NOUN,C1
seldom,seldom,很少,ADV,B2
select seeds,select seeds,选种,VERB,C1
selected,selected,选中的,ADJ,B2
self,self,自我,NOUN,B2
self (adv),self,词,ADV,B2
self (pron),self,自己,PRON,A1
self-abasement,self-abasement,词,NOUN,C1
self-care,self-care,自我护理,NOUN,B2
self-concern,self-concern,自顾,NOUN,B2
self-confidence,self-confidence,自信,NOUN,B2
self-confident,self-confident,自信的,ADJ,B2
self-deception,self-deception,词,NOUN,C1
self-defense,self-defense,自卫,NOUN,B2
self-diminishment,self-diminishment,词,NOUN,C1
self-drive,self-drive,自驾,VERB,C1
self-esteem,self-esteem,自尊,NOUN,B2
self-evident,self-evident,,NOUN,B2
self-evident (adj),self-evident,词,ADJ,C1
self-image,self-image,自我形象,NOUN,B2
self-interest,self-interest,私利,NOUN,B2
self-made,self-made,词,ADJ,C1
self-recommendation,self-recommendation,自荐,NOUN,C1
self-reliance,self-reliance,自食,NOUN,C1
self-respect,self-respect,词,NOUN,B2
self-sacrifice,self-sacrifice,舍己,NOUN,B2
self-satisfaction,self-satisfaction,词,NOUN,C1
self-worth,self-worth,自我价值,NOUN,B2
selfie,selfie,自拍,NOUN,B2
selfish,selfish,自私的,ADJ,B2
selfish (noun),selfish,selfish,NOUN,B2
selfishness,selfishness,自私,NOUN,B2
selfless,selfless,词,ADJ,B2
selfless devotion,selfless devotion,词,NOUN,C1
seller,seller,售货员,NOUN,B2
sellou,sellou,塞卢能量膏,NOUN,B2
semantic,semantic,词,ADJ,C1
semblance,semblance,词,NOUN,C1
semester,semester,学期,NOUN,B2
semicolon,semicolon,分号,PUNCT,B2
semiconductor,semiconductor,半导体,NOUN,B2
semifinal,semifinal,半决赛,NOUN,C1
seminal,seminal,词,ADJ,C1
seminary,seminary,词,NOUN,C1
senator,senator,参议员,NOUN,B2
send off,send off,欢送,VERB,C1
senile,senile,词,ADJ,C1
senior,senior,前辈,NOUN,B2
senior female student,senior female student,学姐,NOUN,C1
senior male student,senior male student,学长,NOUN,B2
seniors,seniors,词,NOUN,C1
sens altéré,altered meaning,改义,NOUN,B2
sens partiel,partial meaning,分义,NOUN,B2
sensation,sensation,感觉,NOUN,B2
sensationalism,sensationalism,词,NOUN,C1
sense of duty,sense of duty,责任感,NOUN,B2
sense of humor,sense of humor,词,NOUN,B2
sense of shame,sense of shame,,NOUN,B2
sense of smell,sense of smell,嗅觉,NOUN,B2
senseless,senseless,无意义的,ADJ,B2
sensibly,sensibly,明智地,ADV,B2
sensitive to cold,sensitive to cold,词,ADJ,C1
sensitization,sensitization,词,NOUN,B2
sensor donor,sensor donor,传感器/捐献者,NOUN,B2
sensors,sensors,词,NOUN,B2
sentence,sentence,句子,NOUN,B2
sentence,to sentence,判决,VERB,B2
sentence enforcement,sentence enforcement,判决执行,NOUN,C1
sentence verdict,sentence verdict,词,NOUN,B2
sentenced,sentenced,被判刑的,ADJ,B2
sentences,sentences,句子,NOUN,B2
sentencing,sentencing,量刑,NOUN,B2
sentient,sentient,词,ADJ,C1
sentiment,sentiment,情感,NOUN,B2
sentir,to smell,闻,VERB,B2
sentry,sentry,卫兵,NOUN,B2
sentry post,sentry post,哨所,NOUN,C1
separate,separate,分开的,ADJ,B2
separated,separated,分开的,ADJ,B2
separatism,separatism,词,NOUN,C1
sequential,sequential,词,ADJ,C1
seraphic,seraphic,词,ADJ,C1
serendipity,serendipity,词,NOUN,C1
serene,serene,宁静的,ADJ,B2
serial killer,serial killer,连环杀手,NOUN,B2
serialized drama,serialized drama,连续剧,NOUN,B2
series of conversations,series of conversations,系列对话,NOUN,B2
seriousness,seriousness,严肃,NOUN,B2
sermon,sermon,布道,NOUN,B2
serpentine,serpentine,词,ADJ,C1
serrer,to squeeze,挤压,VERB,B2
serum,serum,词,NOUN,B2
servante,maid,女仆,NOUN,B2
serve as dog,serve as dog,效犬,NOUN,C1
serve markup,serve markup,发球/加价,NOUN,B2
serve one's country,serve one's country,报国,VERB,C1
server,server,服务器,NOUN,B2
serveuse,waitress,女服务员,NOUN,B2
service,ward,病房,NOUN,B2
service counter,service counter,词,NOUN,B1
service favor,service favor,词,NOUN,A2
service of process,service of process,词,NOUN,C1
service road,service road,辅路,NOUN,B2
service user,service user,词,NOUN,C1
service users,service users,词,NOUN,C1
service year,service year,,NOUN,B2
services,services,词,NOUN,C1
serviette,napkin,餐巾,NOUN,B2
servile,servile,词,ADJ,C1
serving,serving,词,NOUN,B2
servitude,servitude,奴役,NOUN,C1
sesame,sesame,芝麻,NOUN,B2
session,session,会议,NOUN,B2
set,set,一套,NOUN,B2
set,to set,设置,VERB,B2
set (noun),set,集合,NOUN,B1
set a record,set a record,创造纪录,VERB,B2
set of ideals,set of ideals,思想体系,NOUN,B2
set off,to set off,出发,VERB,B2
set square,set square,词,NOUN,B2
set up,to set up,建立,VERB,B2
set-off,set-off,词,NOUN,C1
setting,setting,词,NOUN,B1
setting splinting,setting splinting,词,NOUN,C1
settings,settings,词,NOUN,C1
settle foreign exchange,settle foreign exchange,结汇,VERB,C1
settlement deal,settlement deal,词,NOUN,C1
seul,alone,独自,ADV,B2
seulement,merely,仅仅,ADV,B2
seven (adj),seven,词,ADJ,B2
seventeen,seventeen,十七,NUM,B2
seventy,seventy,七十,NUM,B2
sever,sever,词,VERB,C1
several,several,若干,NOUN,B2
several (adj),several,词,ADJ,A2
several (part),several,数,PART,B2
several (pron),several,词,PRON,A2
several times (adv),several times,词,ADV,C1
several times (noun),several times,几遍,NOUN,B2
severance,severance,词,NOUN,C1
sevrer,to wean,断奶,VERB,B2
sewage,sewage,词,NOUN,C1
sewer,sewer,词,NOUN,C1
sewing needle,sewing needle,词,NOUN,C1
sex appeal,sex appeal,性感,NOUN,B2
sex gender,sex gender,词,NOUN,B2
sexagesimal,sexagesimal,词,ADJ,C1
sexily,sexily,性感地,ADV,B2
sexy,sexy,性感的,ADJ,B2
sfouf,sfouf,词,NOUN,B2
sh,sh,词,INTJ,C1
sha dynasty,sha dynasty,砂朝,NOUN,B2
shabby,shabby,词,ADJ,B2
shackle,shackle,镣铐,NOUN,B2
shading,shading,阴影,NOUN,B2
shadow,shadow,影子,NOUN,B2
shadow guard,shadow guard,暗卫,NOUN,B2
shadow play,shadow play,皮影戏,NOUN,C1
shadows,shadows,词,NOUN,C1
shady suspicious,shady suspicious,可疑的,ADJ,B2
shafii school,shafii school,词,NOUN,C1
shaft,shaft,词,NOUN,B2
shake hands,to shake hands,握手,VERB,B2
shake off,shake off,词,VERB,B2
shale gas,shale gas,页岩气,NOUN,C1
shall will,shall will,将要,AUX,B2
shambles,shambles,词,NOUN,C1
shame culture,shame culture,羞耻文化,NOUN,B2
shame disgrace,shame disgrace,词,NOUN,B2
shame pity,shame pity,遗憾,NOUN,B2
shameless person,shameless person,厚颜无耻的人,NOUN,B2
shantytown,shantytown,词,NOUN,B2
shards,shards,词,NOUN,B2
shares,shares,词,NOUN,C1
sharifs,sharifs,词,NOUN,C1
sharing,sharing,分享,NOUN,B2
sharp object,sharp object,锐之物,NOUN,C1
sharp pointed end,sharp pointed end,尖端,NOUN,C1
sharp-witted,sharp-witted,词,ADJ,C1
sharply,sharply,词,ADV,B2
shavings,shavings,刨花,NOUN,C1
she (noun),she,可她,NOUN,B2
she they,she they,她,PRON,B2
shear,shear,词,NOUN,C1
shearing,shearing,词,NOUN,C1
shedding,shedding,,NOUN,B2
sheepskin,sheepskin,词,NOUN,B2
sheer cliffs precipitous rocks,sheer cliffs precipitous rocks,悬崖峭壁,NOUN,C1
sheet of paper,sheet of paper,词,NOUN,B2
sheikh,sheikh,词,NOUN,C1
sheikhdom,sheikhdom,词,NOUN,C1
sheltered one,sheltered one,词,NOUN,B2
shenanigan,shenanigan,词,NOUN,C1
sheng,sheng,笙,NOUN,C1
sheriff,sheriff,词,NOUN,B1
shh,shh,嘘,INTJ,B2
shibboleth,shibboleth,词,NOUN,C1
shift (noun),shift,轮班,NOUN,C1
shift work,shift work,轮班,NOUN,B2
shiitake mushroom,shiitake mushroom,香菇,NOUN,C1
shimmer,shimmer,词,VERB,C1
shining,shining,词,ADJ,C1
shiny,shiny,词,ADJ,B2
ship (verb),ship,发货,VERB,C1
ship captain,ship captain,词,NOUN,C1
shipment,shipment,货物,NOUN,B2
shirk,shirk,词,VERB,C1
shit,shit,恐惧,NOUN,B2
shit (adj),shit,该死的,ADJ,B2
shit crap,shit crap,废话,NOUN,B2
shitty,shitty,词,ADJ,B2
shivers,shivers,词,NOUN,B2
shocked,shocked,震惊的,ADJ,B2
shockproof,shockproof,防震,ADJ,C1
shoddy,shoddy,词,ADJ,C1
shoe polish,shoe polish,词,NOUN,B2
shoot at,shoot at,词,VERB,C1
shooting down,shooting down,射落马下,NOUN,C1
shooting star,shooting star,流星,NOUN,B2
shopping,shopping,购物,NOUN,B2
shopping mall,shopping mall,商场,NOUN,B2
short circuit,short circuit,词,NOUN,B2
short news item,short news item,短新闻,NOUN,B2
short piece,short piece,词,NOUN,C1
short rest,short rest,歇一,NOUN,B2
short story,short story,词,NOUN,C1
short while,short while,词,NOUN,C1
short-tempered,short-tempered,易怒,ADJ,C1
shortcomings,shortcomings,词,NOUN,C1
shorter,shorter,更短的,ADJ,B2
shortest,shortest,词,NOUN,B2
shortly,shortly,不久,ADV,B2
shotgun,shotgun,猎枪,NOUN,B2
should (adv),should,你该,ADV,B2
should must,should must,词,AUX,A2
should ought to,should ought to,应该,AUX,B2
show (part),show,秀,PART,C1
show favoritism,show favoritism,徇私,VERB,B2
show of hands,show of hands,举手,NOUN,B2
showing,showing,表现,NOUN,B2
showing off,showing off,词,NOUN,C1
showy,showy,词,ADJ,B2
shred,shred,词,NOUN,B2
shriek,shriek,词,VERB,C1
shrill,shrill,尖锐的,ADJ,B2
shrinkage,shrinkage,词,NOUN,C1
shrivel,shrivel,词,VERB,C1
shrug,shrug,词,VERB,C1
shrunken,shrunken,词,ADJ,B2
shun,shun,词,VERB,C1
shut,shut,词,VERB,A1
shutdown,shutdown,词,NOUN,C1
si,whether,能否,NOUN,B2
si quand,if when,如果,SCONJ,B2
sibilant,sibilant,词,ADJ,C1
sibling,sibling,兄弟姐妹,NOUN,B2
sick leave,sick leave,病假,NOUN,B2
sick nauseous,sick nauseous,恶心的,ADJ,B2
sickle,sickle,词,NOUN,B2
sickly,sickly,词,ADJ,C1
sickness,sickness,词,NOUN,B2
side,side,骄傲的,ADJ,B2
side effect,side effect,副作用,NOUN,B2
side page,side page,侧面/页,NOUN,B2
sideburn,sideburn,词,NOUN,B1
siege time,siege time,攻城时,NOUN,C1
sifflet,whistle,口哨,NOUN,B2
sifted,sifted,词,ADJ,C1
sighing,sighing,叹息的,ADJ,B2
sightseeing,sightseeing,词,NOUN,C1
signaler,signal,信号,NOUN,B2
signaler,to signal,示意,VERB,B2
signboard,signboard,招牌,NOUN,B2
signe du zodiaque,zodiac sign,属相,NOUN,B2
signed,signed,词,ADJ,B2
signer pour,to sign for,签收,VERB,B2
signification,significance,含义,NOUN,B2
signified,signified,词,NOUN,C1
signifier,signifier,词,NOUN,C1
signifier,to signify,意味着,VERB,B2
signing ceremony,signing ceremony,签约仪式,NOUN,B2
siheyuan,siheyuan,四合院,NOUN,C1
silenced,silenced,词,ADJ,C1
silencing,silencing,词,NOUN,C1
silent quiet,silent quiet,词,ADJ,A1
silently,silently,词,ADV,C1
silk material,silk material,丝料,NOUN,C1
silly thing,silly thing,词,NOUN,C1
silos,silos,词,NOUN,C1
silt,silt,词,NOUN,C1
silver,silver,银,NOUN,B2
simian,simian,词,ADJ,C1
simile,simile,明喻,NOUN,B2
similitude,commonality,共同点,NOUN,B2
simple,simple,简单的,ADJ,B2
simple pure,simple pure,单纯,ADJ,B2
simple-minded,simple-minded,词,ADJ,C1
simplification,simplification,简化,NOUN,C1
simplified,simplified,词,ADJ,B2
simplism,simplism,简单化,NOUN,C1
simulation,simulation,模拟,NOUN,B2
simultaneously with,simultaneously with,词,ADV,C1
since (part),since,以来,PART,B2
since then,since then,从那以后,ADV,B2
since then (sconj),since then,词,SCONJ,A2
sincerity devotion,sincerity devotion,词,NOUN,B2
sinecure,sinecure,词,NOUN,C1
sinew,sinew,词,NOUN,C1
single,single,单曲,NOUN,B2
single person,single person,词,NOUN,B2
single stroke,single stroke,一举,NOUN,C1
singular (adj),singular,词,ADJ,C1
singular (noun),singular,词,NOUN,B2
singularity,singularity,单一性,NOUN,B2
sinister,sinister,不祥的,ADJ,B2
sinking,sinking,沉?,NOUN,C1
sinner,sinner,罪人,NOUN,B2
sinuous,sinuous,词,ADJ,C1
sir (part),sir,郎,PART,B2
sirène,mermaid,美人鱼,NOUN,B2
sister yu,sister yu,俞姐,NOUN,B2
sister-in-law (part),sister-in-law,嫂,PART,B1
sisters,sisters,姊妹,NOUN,B2
sit cross-legged,sit cross-legged,词,VERB,B2
sit-in,sit-in,词,NOUN,B2
sit-in participant,sit-in participant,词,NOUN,C1
site,site,词,NOUN,B1
site web,website,网站,NOUN,B2
sitter,sitter,词,NOUN,B1
sitting,sitting,词,NOUN,B2
sitting stably,sitting stably,坐得,NOUN,C1
situation,plight,处境,NOUN,B2
situation,situation,情况,NOUN,B2
six,six,六,NUM,B2
six-year-old,six-year-old,,NOUN,B2
sixième,sixth,第六,ADJ,B2
sixteen,sixteen,十六,NUM,B2
sixth,sixth,,NOUN,B2
size measure,size measure,尺寸 / 测量,NOUN,A2
siège,headquarters,总部,NOUN,B2
siège,siege,围攻,NOUN,B2
skater,skater,,NOUN,B2
skeletal,skeletal,词,ADJ,C1
skeptic,skeptic,词,NOUN,C1
sketchiness,sketchiness,词,NOUN,C1
ski,ski,滑雪板,NOUN,B2
ski,skiing,滑雪,NOUN,B2
ski resort,ski resort,滑雪场,NOUN,C1
skiff,skiff,词,NOUN,C1
skilful,skilful,熟练的,ADJ,B2
skillful,skillful,熟练的,ADJ,B2
skillfulness,skillfulness,词,NOUN,B2
skin hide,skin hide,皮肤/皮革,NOUN,B2
skip a grade,skip a grade,跳级,VERB,C1
skirmish,skirmish,小规模战斗,NOUN,B2
sky blue,sky blue,天蓝色,ADJ,B2
slack,slack,词,ADJ,B2
slack off,slack off,词,VERB,C1
slackness,slackness,词,NOUN,C1
slake,slake,词,VERB,C1
slam,slam,,NOUN,B2
slam (verb),slam,词,VERB,B2
slanted,slanted,斜,ADJ,B2
slavery bondage,slavery bondage,词,NOUN,C1
slaying,slaying,杀掉,NOUN,C1
sleek,sleek,词,ADJ,C1
sleep bar,sleep bar,睡吧,NOUN,B2
sleep sleepiness,sleep sleepiness,词,NOUN,A2
sleeper,sleeper,词,NOUN,C1
sleepy,sleepy,困,ADJ,A2
sleet,sleet,雨夹雪,NOUN,C1
sleigh,sleigh,雪橇,NOUN,C1
slender,slender,纤细的,ADJ,B2
slenderness,slenderness,纤细,NOUN,B2
slick,slick,词,ADJ,C1
sliding,sliding,滑动的,ADJ,B2
slight (adj),slight,词,ADJ,B2
slight chill,slight chill,点凉,NOUN,C1
slim,slim,苗条,ADJ,B2
slimy,slimy,粘滑的,ADJ,B2
sling,sling,词,NOUN,C1
slip (noun),slip,词,NOUN,C1
slip in,slip in,塞入,VERB,B2
slither,slither,词,VERB,C1
slogan,slogan,口号,NOUN,B2
slothful,slothful,懒惰的,ADJ,B2
slovenly,slovenly,词,ADJ,C1
slow pace,slow pace,你慢点,NOUN,C1
slower,slower,更慢,ADJ,B2
sluice,sluice,水闸,NOUN,C1
slur,slur,词,VERB,C1
slut,slut,荡妇,NOUN,B2
small basket,small basket,词,NOUN,C1
small cave,small cave,词,NOUN,B2
small dog,small dog,词,NOUN,C1
small forge,small forge,词,NOUN,C1
small gift,small gift,小礼物,NOUN,B2
small loaf,small loaf,词,NOUN,B2
small room,small room,词,NOUN,B1
small step,small step,词,NOUN,C1
small sword,small sword,词,NOUN,C1
small things,small things,琐事,NOUN,B2
small window,small window,词,NOUN,A2
smart clever,smart clever,聪明的,ADJ,B2
smart contract,smart contract,智能合约,NOUN,C1
smarting,smarting,词,NOUN,C1
smear,smear,抹,NOUN,C1
smelly,smelly,臭,ADJ,B2
smelt,smelt,词,VERB,C1
smelting,smelting,词,NOUN,C1
smile (noun),smile,似笑,NOUN,A2
smirk,smirk,词,VERB,C1
smitten,smitten,词,ADJ,C1
smock,smock,词,NOUN,B2
smog,smog,雾霾,NOUN,C1
smoked,smoked,词,ADJ,C1
smoking (adj),smoking,词,ADJ,C1
smooth (noun),smooth,能磨平,NOUN,C1
smooth sailing,smooth sailing,一帆风顺,ADJ,B2
smoothness,smoothness,词,NOUN,C1
smuggle,smuggle,词,VERB,C1
smuggled goods,smuggled goods,水货,NOUN,C1
snaffle,snaffle,词,NOUN,B2
snap (noun),snap,词,NOUN,B2
snap (verb),snap,词,VERB,C1
snare,snare,词,NOUN,C1
snazzy,snazzy,时髦的,ADJ,B2
sneakers,sneakers,词,NOUN,B2
sneaking,sneaking,词,NOUN,B2
sneer,sneer,词,VERB,C1
sneeze (noun),sneeze,词,NOUN,C1
sneezing,sneezing,词,NOUN,C1
sniffle,sniffle,词,VERB,C1
sniper,sniper,狙击手,NOUN,B2
snippet,snippet,词,NOUN,C1
snitch,snitch,告密者,NOUN,B2
snob,snob,词,NOUN,C1
snobbery,snobbery,词,NOUN,C1
snooping,snooping,词,NOUN,C1
snore (noun),snore,打呼,NOUN,B2
snoring,snoring,词,NOUN,B2
snort (noun),snort,词,NOUN,B2
snot,snot,鼻涕,NOUN,B2
snow fungus,snow fungus,银耳,NOUN,B2
snow lotus,snow lotus,雪莲,NOUN,B2
snow-white,snow-white,词,ADJ,C1
snowy,snowy,词,ADJ,C1
snowy day,snowy day,雪天,NOUN,C1
snub (noun),snub,词,NOUN,C1
so (sconj),so,遂,SCONJ,B2
so as not to,so as not to,免得,SCONJ,B2
so as to,so as to,俾使,SCONJ,B2
so thus,so thus,所以/如此,ADV,B2
so to speak,so to speak,可以说,ADV,B2
so-and-so,so-and-so,词,PRON,C1
so-called,so-called,,NOUN,B2
soaking,soaking,等你泡,NOUN,B2
soap (verb),soap,词,VERB,C1
sobriquet,sobriquet,词,NOUN,C1
soccer,soccer,足球,NOUN,B2
sociable,sociable,好交际的,ADJ,B2
social,social,社会的,ADJ,B2
social action,social action,社会行动,NOUN,C1
social activity,social activity,社会活动,NOUN,B2
social analysis,social analysis,社会分析,NOUN,C1
social appeal,social appeal,社会呼吁,NOUN,B2
social assessment,social assessment,社会评估,NOUN,C1
social awareness,social awareness,社会觉悟,NOUN,B2
social benefit,social benefit,社会效益,NOUN,C1
social change,social change,社会变迁,NOUN,C1
social collaboration,social collaboration,社会协作,NOUN,C1
social commentary,social commentary,社会评论,NOUN,C1
social communication,social communication,社会沟通,NOUN,C1
social competition,social competition,社会竞争,NOUN,B2
social conflict,social conflict,社会冲突,NOUN,C1
social consensus,social consensus,社会共识,NOUN,B2
social contract,social contract,社会契约,NOUN,C1
social contribution,social contribution,社会贡献,NOUN,C1
social cooperation,social cooperation,社会合作,NOUN,C1
social cost,social cost,社会成本,NOUN,C1
social credit,social credit,社会信用,NOUN,B2
social crisis,social crisis,社会危机,NOUN,C1
social criticism,social criticism,社会批评,NOUN,C1
social custom,social custom,社会习俗,NOUN,B2
social development,social development,社会发展,NOUN,B2
social discrimination,social discrimination,社会歧视,NOUN,C1
social enlightenment,social enlightenment,社会启蒙,NOUN,C1
social equality,social equality,社会平等,NOUN,B2
social ethos,social ethos,社会风气,NOUN,B2
social event,social event,社会事件,NOUN,C1
social evolution,social evolution,社会演变,NOUN,C1
social exclusion,social exclusion,社会排斥,NOUN,C1
social expectation,social expectation,社会期望,NOUN,C1
social experiment,social experiment,社会实验,NOUN,B2
social fairness,social fairness,社会公平,NOUN,B2
social habit,social habit,社会习惯,NOUN,C1
social hierarchy,social hierarchy,社会等级,NOUN,B2
social inclusion,social inclusion,社会包容,NOUN,B2
social inequality,social inequality,社会不平等,NOUN,C1
social initiative,social initiative,社会倡议,NOUN,C1
social insurance,social insurance,社会保险,NOUN,C1
social integration,social integration,社会融入,NOUN,C1
social issue,social issue,社会问题,NOUN,C1
social justice,social justice,社会正义,NOUN,B2
social mediation,social mediation,社会调解,NOUN,B2
social mobility,social mobility,社会流动,NOUN,C1
social mobilization,social mobilization,社会动员,NOUN,B2
social morality,social morality,社会公德,NOUN,B2
social movement,social movement,社会运动,NOUN,B2
social network,social network,社会网络,NOUN,C1
social news,social news,社会新闻,NOUN,B2
social norm,social norm,社会规范,NOUN,C1
social obligation,social obligation,社会义务,NOUN,C1
social order,social order,社会秩序,NOUN,B2
social organization,social organization,社会组织,NOUN,B2
social participation,social participation,社会参与,NOUN,C1
social phenomenon,social phenomenon,社会现象,NOUN,B2
social practice,social practice,社会实践,NOUN,B2
social prejudice,social prejudice,社会偏见,NOUN,C1
social pressure,social pressure,社会压力,NOUN,B2
social prestige,social prestige,社会声望,NOUN,C1
social problem,social problem,社会问题,NOUN,B2
social progress,social progress,社会进步,NOUN,B2
social recognition,social recognition,社会认可,NOUN,C1
social reconciliation,social reconciliation,社会和解,NOUN,B2
social reflection,social reflection,社会反思,NOUN,C1
social reform,social reform,社会改革,NOUN,C1
social relations,social relations,社会关系,NOUN,C1
social research,social research,社会研究,NOUN,C1
social responsibility,social responsibility,社会责任,NOUN,C1
social revolution,social revolution,社会革命,NOUN,B2
social rights,social rights,社会权利,NOUN,C1
social role,social role,社会角色,NOUN,B2
social science,social science,社会科学,NOUN,B2
social security,social security,社会保障,NOUN,C1
social stability,social stability,社会稳定,NOUN,B2
social standard,social standard,社会标准,NOUN,C1
social statistics,social statistics,社会统计,NOUN,B2
social status,social status,社会地位,NOUN,C1
social stratification,social stratification,社会分层,NOUN,B2
social structure,social structure,社会结构,NOUN,B2
social survey,social survey,社会调查,NOUN,C1
social system,social system,社会制度,NOUN,C1
social tension,social tension,词,NOUN,C1
social tradition,social tradition,社会传统,NOUN,B2
social transformation,social transformation,社会转型,NOUN,C1
social trend,social trend,社会趋势,NOUN,B2
social trust,social trust,社会信任,NOUN,B2
social turmoil,social turmoil,社会动荡,NOUN,C1
social value,social value,社会价值,NOUN,B2
social welfare,social welfare,社会福利,NOUN,C1
social worker,social worker,社工,NOUN,C1
socialism,socialism,词,NOUN,C1
socialist,socialist,社会主义的,ADJ,B2
socialize,to socialize,交往,VERB,B2
socializing,socializing,交际,NOUN,B1
socially,socially,在社会上,ADV,B2
societal,societal,社会的,ADJ,B2
sociology,sociology,社会学,NOUN,B2
softball,softball,垒球,NOUN,B2
softness,softness,词,NOUN,B2
softness pliancy,softness pliancy,词,NOUN,C1
software (adj),software,词,ADJ,C1
soil,soil,土壤,NOUN,B2
soil erosion,soil erosion,水土流失,NOUN,C1
soil investigation,soil investigation,词,NOUN,C1
soir,tonight,今晚,NOUN,B2
sojourn,sojourn,逗留,NOUN,B2
sol,floor,地板,NOUN,B2
solace,solace,安慰,NOUN,B2
solar (adj),solar,词,ADJ,B1
solar (noun),solar,词,NOUN,B2
solar energy,solar energy,太阳能,NOUN,C1
solar panel,solar panel,太阳能电池板,NOUN,B2
solar physics,solar physics,词,NOUN,C1
soldiers,soldiers,官兵,NOUN,B2
solely,solely,词,ADV,C1
solemn,solemn,,NOUN,B2
solemnity,solemnity,词,NOUN,C1
solfege,solfege,词,NOUN,C1
solicit donations,to solicit donations,募捐,VERB,B2
solicitor,solicitor,词,NOUN,C1
solicitous,solicitous,词,ADJ,C1
solid,solid,3D模型 / 实体,NOUN,B2
solid substantial,solid substantial,结实的/大量的,ADJ,B2
solid-state drive,solid-state drive,固态硬盘,NOUN,B2
solide,sturdy,坚固的,ADJ,B2
solidifying,solidifying,词,ADJ,C1
solidity,solidity,固,NOUN,C1
solitaire,lonely,孤独的,ADJ,B2
solitude,loneliness,孤独,NOUN,B2
solitude,solitude,孤独,NOUN,B2
solliciter une audience,to seek audience,求见,VERB,B2
soloist,soloist,词,NOUN,C1
solstice,solstice,词,NOUN,C1
solute,solute,词,NOUN,C1
solution,solution,解决方案,NOUN,B2
solve a case,solve a case,破案,VERB,B2
solvent,solvent,溶剂,NOUN,B2
somber,somber,词,ADJ,B2
sombre,gloomy,阴郁的,ADJ,B2
sombre,grim,严酷的,ADJ,B2
some,some,一些,PRON,B2
some (adj),some,某些,ADJ,A2
some (noun),some,词,NOUN,B2
some many a,some many a,词,DET,A2
some out,some out,出些,NOUN,B2
some stink,some stink,些臭,NOUN,C1
some things,some things,一些事情,PRON,B2
somebody,somebody,词,PRON,A1
somehow,somehow,以某种方式,ADV,B2
someone stealing,someone stealing,有人偷,NOUN,C1
someone's,someone's,某人的,PRON,B2
something,something,某事,PRON,B2
something (noun),something,شي,NOUN,B2
something better,something better,词,NOUN,C1
something like that,something like that,类似的事物,PRON,B2
sometime,sometime,在某个时候,ADV,B2
somewhat,somewhat,词,ADV,C1
somewhere,somewhere,某处,ADV,B2
somewhere (noun),somewhere,somewhere,NOUN,B2
somewhere else,somewhere else,词,ADV,B1
sommet,top,顶部,NOUN,B2
somnolence,drowsiness,昏睡,NOUN,B2
somnolent,somnolent,词,ADJ,C1
son of a bitch,son of a bitch,词,NOUN,B2
sonata,sonata,词,NOUN,C1
song (part),song,歌,PART,B2
song festival,song festival,音乐节,NOUN,B2
song grass,song grass,歌草,NOUN,C1
song of praise,song of praise,赞歌,NOUN,B2
sonnerie,ringing,铃声,NOUN,B2
sonorous,sonorous,词,ADJ,C1
sooner or later (adv),sooner or later,早晚,ADV,C1
sooner or later (noun),sooner or later,我迟早,NOUN,C1
soot,soot,烟灰,NOUN,B2
soothing,soothing,词,ADJ,C1
soothsayer,soothsayer,词,NOUN,B2
sophisme,fallacy,谬误,NOUN,B2
sophistic,sophistic,词,ADJ,C1
sophistry,sophistry,诡辩,NOUN,B2
sophomoric,sophomoric,词,ADJ,C1
soporific,soporific,词,ADJ,C1
sorcery,sorcery,巫术,NOUN,B2
sorcier,wizard,巫师,NOUN,B2
sorcière,witch,女巫,NOUN,B2
sore,sore,疼痛的,ADJ,B2
sore (adv),sore,词,ADV,A2
sore throat,sore throat,喉咙痛,NOUN,C1
sorghum,sorghum,高粱,NOUN,B2
sorrow and indignation,sorrow and indignation,悲愤,NOUN,C1
sorrowful pitiful,sorrowful pitiful,悲哀,ADJ,C1
sorry,sorry,抱歉,INTJ,B2
sorry (noun),sorry,词,NOUN,A1
sort,sort,种类,NOUN,B2
sortie,outing,郊游,NOUN,B2
sortie,sortie,词,NOUN,C1
sortie,way out,出路,NOUN,B2
sortie de retrait,seclusion exit,出关,NOUN,B2
sortilège,spell,咒语,NOUN,B2
sortir,to come out,出来,VERB,B2
sot,silly,愚蠢的,ADJ,B2
sotte fille,silly girl,傻丫头,NOUN,B2
soudain,sudden,突然的,ADJ,B2
souffrir d'insomnie,to suffer from insomnia,失眠,VERB,B2
sought,sought,,NOUN,B2
sought-after,sought-after,词,ADJ,C1
souhait,wish,愿望,NOUN,B2
soul,soul,灵魂,NOUN,B2
soul spirit,soul spirit,词,NOUN,B2
souligner,to highlight,强调,VERB,B2
souligner,to point out,指出,VERB,B2
soulmate,soulmate,词,NOUN,C1
soulèvement,uprising,起义,NOUN,B2
soumettre,to subdue,制服,VERB,B2
sound,sound,声音,NOUN,B2
sound,to sound,响起,VERB,B2
sound card,sound card,声卡,NOUN,B2
sound clip,sound clip,音频片段,NOUN,B2
sound judgment,sound judgment,词,NOUN,C1
sound of activity,sound of activity,动静,NOUN,B2
sound sleep,sound sleep,你踏实睡,NOUN,B2
soundness,soundness,好端端,NOUN,B2
soundness of judgment,soundness of judgment,词,NOUN,C1
soundtrack,soundtrack,! 音轨,NOUN,B2
soupirer,sigh,叹息,NOUN,B2
soupirer,to sigh,叹气,VERB,B2
soupirer de chagrin,to sigh with sorrow,感慨,VERB,B2
sour,sour,酸的,ADJ,B2
sour cherry,sour cherry,词,NOUN,C1
source,source,来源,NOUN,B2
source citation,source citation,出处注明,NOUN,B2
source material,source material,素材,NOUN,C1
sources,sources,词,NOUN,C1
sourdough,sourdough,词,NOUN,C1
sourire,smile,微笑,NOUN,B2
sourire,to grin,咧嘴笑,VERB,B2
sous-estimation,underestimation,小看,NOUN,B2
sous-estimer,to underestimate,低估,VERB,B2
sous-marin,submarine,潜水艇,NOUN,B2
sous-sol,basement,地下室,NOUN,B2
sous-sol,underground,地铁,NOUN,B2
souscrire,to underwrite,承保,VERB,B2
south african,south african,南非的,ADJ,B2
south gate,south gate,南关,NOUN,B2
southeast,southeast,东南,NOUN,B2
southeast (adj),southeast,词,ADJ,C1
southern part,southern part,南部,NOUN,B2
southerner,southerner,词,NOUN,B2
southward,southward,向南,ADV,B2
southwest,southwest,西南的,ADJ,B2
soutien,endorsement,背书,NOUN,B2
souvenir,souvenir,纪念品,NOUN,B2
souvent,many times,多次,ADV,B2
souverain,sovereign,君主,NOUN,B2
souveraineté,sovereignty,主权,NOUN,B2
sovereign (adj),sovereign,主权,ADJ,B2
sow,sow,母猪,NOUN,B2
soy milk,soy milk,豆浆,NOUN,B2
soy sauce,soy sauce,酱油,NOUN,B2
space (adj),space,词,ADJ,C1
space technology,space technology,航天技术,NOUN,C1
spacieux,spacious,宽敞的,ADJ,B2
spaciousness,spaciousness,词,NOUN,C1
spadix,spadix,词,NOUN,C1
span cleaner,span cleaner,词,NOUN,B2
span duration,span duration,词,NOUN,C1
spandex,spandex,氨纶,NOUN,C1
spanish (noun),spanish,词,NOUN,B2
spanking,spanking,词,NOUN,B2
spar,spar,词,VERB,C1
spare (adj),spare,词,ADJ,B1
sparkle (noun),sparkle,词,NOUN,C1
sparkling,sparkling,词,ADJ,B2
sparrowhawk,sparrowhawk,雀鹰,NOUN,B2
sparse,sparse,词,ADJ,C1
sparse forest,sparse forest,疏林,NOUN,C1
spasm convulsion,spasm convulsion,词,NOUN,C1
spasmodic,spasmodic,词,ADJ,C1
spate,spate,词,NOUN,C1
spatial,spatial,空间的,ADJ,B2
spatula,spatula,刮刀,NOUN,B2
speaking,speaking,说京,NOUN,B2
speaking of,speaking of,说起,NOUN,C1
speaking of which,speaking of which,词,ADV,C1
special agent,special agent,特工,NOUN,B2
special issue,special issue,特刊,NOUN,C1
special offer,special offer,特价,NOUN,B2
special window,special window,词,NOUN,B2
special zone,special zone,特区,NOUN,B2
special-purpose trip,special-purpose trip,专程,ADV,B2
specialized subject,specialized subject,专科,NOUN,B2
specially,specially,特意,ADV,B1
specifications,specifications,词,NOUN,C1
spectacle,spectacle,词,NOUN,B2
spectacles,spectacles,眼镜,NOUN,B2
specter,specter,词,NOUN,C1
spectral,spectral,幽灵般的,ADJ,B2
spectrometer,spectrometer,词,NOUN,C1
speculative,speculative,词,ADJ,B2
speech (part),speech,语,PART,C1
speed bumps,speed bumps,词,NOUN,C1
speed limit sign,speed limit sign,限速牌,NOUN,B2
speed measurement,speed measurement,测速,NOUN,B2
speed radar,speed radar,词,NOUN,B1
speed skating,speed skating,速度滑冰,NOUN,C1
speeding,speeding,超速,NOUN,C1
spelling,spelling,拼写,NOUN,B2
spend the night,spend the night,词,VERB,B2
spending,spending,行用,NOUN,B2
spendthrift,spendthrift,词,NOUN,C1
spent,spent,词,ADJ,B2
sperm,sperm,精子,NOUN,B2
spherical,spherical,词,ADJ,C1
sphincter,sphincter,词,NOUN,C1
sphère,sphere,领域,NOUN,B2
spice,spice,香料,NOUN,B2
spices,spices,词,NOUN,B1
spicy,spicy,辣,ADJ,A2
spike,spike,词,NOUN,B2
spill (noun),spill,词,NOUN,C1
spilling,spilling,词,NOUN,C1
spin (noun),spin,词,NOUN,C1
spinach,spinach,菠菜,NOUN,B2
spinal cord,spinal cord,脊髓,NOUN,B2
spine,spine,脊柱,NOUN,B2
spinning,spinning,纺纱,NOUN,B2
spinsterhood,spinsterhood,词,NOUN,B2
spiral pattern,spiral pattern,旋纹,NOUN,B2
spirit (part),spirit,神,PART,A2
spirit world,spirit world,灵界,NOUN,B2
spirited,spirited,活泼的,ADJ,B2
spiritual,spiritual,精神的,ADJ,B2
spiritual retreat,spiritual retreat,词,NOUN,C1
spiritual striving,spiritual striving,精神奋斗,NOUN,C1
spiritualité,spirituality,灵性,NOUN,B2
spite,spite,恶意,NOUN,B2
spittle,spittle,唾沫,NOUN,B2
splash,splash,扑通,NOUN,B2
splay,splay,词,VERB,C1
spleen,spleen,词,NOUN,B2
splendeur,splendor,辉煌,NOUN,B2
splinter (noun),splinter,词,NOUN,B2
splitter,splitter,词,NOUN,C1
spoiled,spoiled,词,ADJ,B2
spoiled child,spoiled child,词,NOUN,B1
spoiler,spoiler,词,NOUN,C1
spoils,spoils,词,NOUN,C1
spoils of war,spoils of war,词,NOUN,C1
spoliation,spoliation,词,NOUN,C1
sponge,sponge,词,NOUN,B2
sponger,sponger,词,NOUN,C1
spongy,spongy,词,ADJ,C1
sponsor (noun),sponsor,词,NOUN,B2
spontaneity,spontaneity,词,NOUN,C1
spoonful,spoonful,词,NOUN,B2
sporadic,sporadic,词,ADJ,C1
sport,sport,运动,NOUN,B2
sports,sports,体育,NOUN,B2
sports exercise,sports exercise,运动,NOUN,B2
sports field,sports field,运动场,NOUN,C1
sports park,sports park,运动公园,NOUN,B2
sporty,sporty,运动的,ADJ,B2
spot,spot,地点,NOUN,B2
spot goods,spot goods,现货,NOUN,C1
sprayer sprinkler,sprayer sprinkler,词,NOUN,C1
spreading,spreading,词,NOUN,C1
spree,spree,词,NOUN,C1
spring eye,spring eye,泉,NOUN,B1
spring water,spring water,泉水,NOUN,C1
sprinkling,sprinkling,词,NOUN,B2
sprite,sprite,词,NOUN,C1
spry,spry,词,ADJ,C1
spurious,spurious,虚假的,ADJ,B2
spurn,spurn,词,VERB,C1
spurt,spurt,词,VERB,C1
sputum,sputum,词,NOUN,C1
spécial,special,特别的,ADJ,B2
spécialité,specialty,专业,NOUN,B2
spéculer,to speculate,推测,VERB,B2
squabble (noun),squabble,词,NOUN,B2
squabble (verb),squabble,词,VERB,C1
squad leader,squad leader,伍长,NOUN,C1
squadron,squadron,词,NOUN,B1
squander (noun),squander,词,NOUN,C1
squanderer,squanderer,词,NOUN,C1
squandering,squandering,挥霍,NOUN,B2
square (adj),square,方,ADJ,B2
square as in square foot,square as in square foot,平方,NOUN,B1
square dance,square dance,广场舞,NOUN,C1
squeak,squeak,吱吱声,NOUN,B2
squeal,squeal,词,VERB,C1
squelch,squelch,词,VERB,C1
squid,squid,鱿鱼,NOUN,B2
squire,squire,词,NOUN,C1
squirrel wheel,squirrel wheel,仓鼠轮,NOUN,B2
stab (noun),stab,捅,NOUN,C1
stabilité,stability,稳定,NOUN,B2
stable,steady,稳定的,ADJ,B2
stable,stable,畜舍,NOUN,B2
stably,stably,稳定地,ADV,B2
stack (noun),stack,词,NOUN,B2
staff (verb),staff,词,VERB,B1
staff officer,staff officer,参谋,NOUN,B2
staging,staging,上演,NOUN,B2
stagnant,stagnant,停滞的,ADJ,B2
stagnation,stagnation,停滞,NOUN,B2
staid,staid,词,ADJ,C1
staircase,staircase,词,NOUN,B1
stairwell,stairwell,楼梯间,NOUN,C1
stakes,stakes,词,NOUN,B2
stalemate,stalemate,词,NOUN,C1
stalking,stalking,词,NOUN,C1
stalling,stalling,词,NOUN,B2
stalwart,stalwart,词,ADJ,C1
stamina,stamina,词,NOUN,C1
stammering,stammering,词,NOUN,C1
stampede,stampede,溃逃,NOUN,B2
stanch,stanch,词,VERB,C1
stand,stand,摊位,NOUN,B2
standard (adj),standard,词,ADJ,C1
standard criterion,standard criterion,词,NOUN,C1
standby,standby,待机,VERB,C1
standing (adj),standing,持久的,ADJ,B2
standing (noun),standing,就站,NOUN,B2
standoffish,standoffish,词,ADJ,B2
standpoint,standpoint,立场,NOUN,B2
stands,stands,词,NOUN,B2
staple,staple,词,NOUN,C1
star celebrity,star celebrity,词,NOUN,B1
star search,star search,找星,NOUN,B2
starboard,starboard,词,NOUN,C1
starch,starch,芡,NOUN,C1
stark,stark,词,ADJ,B2
starling,starling,词,NOUN,B2
starter,starter,词,NOUN,C1
starting point,starting point,出发点,NOUN,B2
starting premise,starting premise,词,NOUN,C1
startling,startling,词,ADJ,C1
starvation,starvation,词,NOUN,C1
starved,starved,饥饿的,ADJ,B2
state (adj),state,词,ADJ,B1
state federal,state federal,州,NOUN,B2
state of emergency,state of emergency,词,NOUN,C1
state of mind,state of mind,精神状态,NOUN,B2
state relatives,state relatives,国戚,NOUN,B2
state secretary,state secretary,国务秘书,NOUN,B2
state truce,state truce,国罢,NOUN,B2
state-run,state-run,公办,NOUN,C1
statements,statements,词,NOUN,C1
static (noun),static,词,NOUN,B2
statics,statics,词,NOUN,C1
station de radio,radio station,广播电台,NOUN,B2
statism,statism,词,NOUN,C1
statistic,statistic,统计数据,NOUN,B2
statistical,statistical,统计的,ADJ,B2
statistiques,statistics,统计学,NOUN,B2
statization,statization,词,NOUN,C1
statue,statue,雕像,NOUN,B2
statut,status,地位,NOUN,B2
statute,statute,词,NOUN,C1
statute of limitations,statute of limitations,词,NOUN,B2
statutory rape,statutory rape,词,NOUN,C1
staunch,staunch,坚定的,ADJ,B2
stave,stave,词,NOUN,C1
stay remain,stay remain,词,VERB,A1
staying,staying,得留,NOUN,C1
staying behind,staying behind,我留下,NOUN,B2
steadfast,steadfast,词,ADJ,C1
steadfastness,steadfastness,词,NOUN,B2
steadily,steadily,稳定地,ADV,B2
steadiness,steadiness,稳倒,NOUN,C1
steak,steak,牛排,NOUN,B2
stealthily,stealthily,词,ADV,B2
stealthy,stealthy,词,ADJ,C1
steamed,steamed,词,ADJ,B2
steamed bun,steamed bun,馒头,NOUN,B2
steamed fish,steamed fish,花雕蒸鳜,NOUN,B2
steep,steep,陡峭的,ADJ,B2
steering,steering,掌舵的,ADJ,B2
steering control,steering control,词,NOUN,C1
steering wheel,steering wheel,方向盘,NOUN,B2
stellar,stellar,杰出的,ADJ,B2
stem (adj),stem,词,ADJ,C1
stem cell,stem cell,干细胞,NOUN,C1
stench,stench,恶臭,NOUN,B2
stent,stent,支架,NOUN,C1
stentorian,stentorian,词,ADJ,C1
step,step,步骤,NOUN,B2
step,to step,踩,VERB,B2
stepfather,stepfather,词,NOUN,A1
stepmother,stepmother,后母,NOUN,B2
steppe,steppe,词,NOUN,C1
steppes,steppes,草原,NOUN,B2
steps,steps,台阶,NOUN,B2
stereotypical,stereotypical,词,ADJ,C1
stereotyping,stereotyping,词,NOUN,C1
stereotypy routineness,stereotypy routineness,词,NOUN,C1
sterility,sterility,词,NOUN,C1
sterilization,sterilization,词,NOUN,B2
sterilizer,sterilizer,词,NOUN,C1
stern (adj),stern,词,ADJ,C1
stevedore,stevedore,词,NOUN,C1
stew,stew,炖菜,NOUN,B2
stew,to stew,炖,VERB,B2
sticker,sticker,贴,NOUN,C1
sticking point,sticking point,词,NOUN,C1
stickler,stickler,词,NOUN,C1
sticky note,sticky note,便签,NOUN,B2
stiff glove,stiff glove,,NOUN,B2
stiffness,stiffness,僵硬,NOUN,B2
stifle,stifle,词,VERB,C1
stifling,stifling,词,ADJ,B2
stigma,stigma,耻辱,NOUN,B2
stiletto,stiletto,词,NOUN,C1
still,still,仍然,ADV,B2
still also,still also,还,ADV,A1
stillness,stillness,静中,NOUN,B2
stilted,stilted,词,ADJ,C1
stimulant,stimulant,兴奋剂,NOUN,B2
stimulating,stimulating,词,ADJ,C1
sting,sting,刺,NOUN,B2
stink,stink,恶臭,NOUN,B2
stinking,stinking,发臭的,ADJ,B2
stipend,stipend,津贴,NOUN,B2
stipulation,stipulation,词,NOUN,C1
stir,stir,搅拌,NOUN,B2
stir-fry,stir-fry,炒,VERB,B1
stitch,stitch,针脚,NOUN,B2
stitches,stitches,词,NOUN,B1
stitching,stitching,缝合,NOUN,B2
stock,stock,库存,NOUN,B2
stock exchange,stock exchange,证券交易所,NOUN,B2
stock market,stock market,股市,NOUN,B2
stock-market,stock-market,词,ADJ,B2
stockholm,stockholm,斯德哥尔摩,PROPN,B2
stocking,stocking,词,NOUN,C1
stockpile,stockpile,储备,NOUN,B2
stodgy,stodgy,词,ADJ,C1
stoic,stoic,坚忍的,ADJ,B2
stolen,stolen,被偷的,ADJ,B2
stolen one,stolen one,词,NOUN,B2
stolid,stolid,冷漠的,ADJ,B2
stomach,stomach,胃,NOUN,B2
stomach ache,stomach ache,词,NOUN,C1
stomachache,stomachache,肚子痛,NOUN,B2
stone,stone,石,PART,B2
stone emerging,stone emerging,石出,NOUN,C1
stoning,stoning,石刑,NOUN,C1
stop bleeding,stop bleeding,止血,VERB,B2
stop me,to stop me,拦我,VERB,B2
stop-arguing,stop-arguing,都别争,NOUN,C1
storage room,storage room,储藏室,NOUN,B2
store,store,商店,NOUN,B2
store enrouleur,roller blind,卷帘,NOUN,B2
storehouse,storehouse,库房,NOUN,C1
stork,stork,词,NOUN,B1
storm (verb),storm,强袭,VERB,C1
storm surge,storm surge,风暴潮,NOUN,C1
storming,storming,词,NOUN,C1
stormy,stormy,有暴风雨的,ADJ,B2
story history,story history,词,NOUN,A1
stout,stout,词,ADJ,C1
stove,stove,炉灶,NOUN,B2
stowage,stowage,词,NOUN,C1
strabismus,strabismus,词,NOUN,B2
straight,straight,笔直的,ADJ,B2
straight (adv),straight,直接地,ADV,B1
straight (noun),straight,直的,NOUN,B2
straight ahead,straight ahead,词,ADV,B2
straight direct,straight direct,词,ADJ,A1
straight line,straight line,词,NOUN,C1
straightforward,straightforward,直率的,ADJ,B2
strain,strain,压力,NOUN,B2
strain,to strain,努力,VERB,B2
straitened circumstances,straitened circumstances,词,NOUN,C1
straitjacket,straitjacket,词,NOUN,C1
strange,strange,奇怪的,ADJ,B2
strange troops,strange troops,怪兵,NOUN,B2
strangely,strangely,奇怪地,ADV,B2
strangeness,strangeness,奇怪,NOUN,B2
stranger,stranger,陌生人,NOUN,B2
strangest,strangest,词,NOUN,C1
strangulation,strangulation,词,NOUN,C1
strapping,strapping,词,ADJ,C1
stratagem,stratagem,策略,NOUN,B2
strategize,strategize,运筹,VERB,C1
strategy,strategy,策略,NOUN,B2
stratification,stratification,词,NOUN,C1
stratigraphic,stratigraphic,词,ADJ,C1
stratum,stratum,阶层,NOUN,B2
strawberry,strawberry,草莓,NOUN,B2
straying,straying,跑丢,NOUN,C1
street dance,street dance,街舞,NOUN,C1
street kid,street kid,词,NOUN,B2
street lighting,street lighting,词,NOUN,B1
street parking,street parking,路边停车,NOUN,C1
strengthening,strengthening,词,NOUN,C1
strenuous,strenuous,费力的,ADJ,B2
stress (noun),stress,压力,NOUN,B1
stressed,stressed,焦虑的,ADJ,B2
stretch (noun),stretch,舒展,NOUN,B2
stretch out,stretch out,词,VERB,B2
stretched,stretched,词,ADJ,C1
strict,strict,严格的,ADJ,B2
strictly prohibit,strictly prohibit,严禁,VERB,B2
strictness,strictness,词,NOUN,B2
strident,strident,刺耳的,ADJ,B2
strife,strife,词,NOUN,B2
strike-related,strike-related,词,ADJ,C1
strikebreaker,strikebreaker,词,NOUN,C1
string instruments,string instruments,词,NOUN,C1
string music,string music,词,NOUN,C1
stringent,stringent,词,ADJ,C1
stripping,stripping,剥离的,ADJ,B2
striving,striving,追求,NOUN,B2
striving to be first and fearing to be last,striving to be first and fearing to be last,争先恐后,VERB,B2
strong will,strong will,毅力,NOUN,C1
strongest,strongest,词,NOUN,B2
structural particle after verb,structural particle after verb,得,PART,A1
structuralism,structuralism,词,NOUN,C1
structuralist,structuralist,词,ADJ,C1
structure,structure,结构,NOUN,B2
structured,structured,词,ADJ,C1
structuredness,structuredness,结构性,NOUN,B2
structures,structures,词,NOUN,C1
stubbornness,stubbornness,固执,NOUN,B2
student loan,student loan,助学贷款,NOUN,B2
student residence,student residence,学生宿舍,NOUN,B2
studio,studio,工作室,NOUN,B2
studious,studious,词,ADJ,C1
study tour,study tour,游学,NOUN,C1
stuffed,stuffed,词,ADJ,B1
stuffed crab,stuffed crab,蟹酿,NOUN,B2
stuffy nose,stuffy nose,鼻塞,NOUN,C1
stumble (noun),stumble,词,NOUN,C1
stunner,stunner,词,NOUN,B2
stunt,stunt,词,NOUN,B2
stupefied,stupefied,词,ADJ,C1
stupendous,stupendous,词,ADJ,C1
stupid things,stupid things,蠢事,NOUN,B2
stupide,foolish,愚蠢的,ADJ,B2
stuttering,stuttering,词,NOUN,C1
style,style,风格,NOUN,B2
stylistics,stylistics,词,NOUN,C1
stylo,pen,钢笔,NOUN,B2
stymie,stymie,词,VERB,C1
suave,suave,词,ADJ,C1
sub-construction,sub-construction,分建,NOUN,C1
sub-degree,sub-degree,分度,NOUN,C1
sub-method,sub-method,分法,NOUN,B2
sub-observation,sub-observation,分察,NOUN,C1
sub-principle,sub-principle,分理,NOUN,C1
sub-proof,sub-proof,分证,NOUN,C1
sub-reality,sub-reality,分实,NOUN,B2
sub-rule,sub-rule,分则,NOUN,C1
sub-structure,sub-structure,分构,NOUN,C1
sub-system,sub-system,分制,NOUN,C1
sub-theory,sub-theory,分论,NOUN,C1
subaltern,subaltern,词,NOUN,C1
subcategory,subcategory,分目,NOUN,B2
subdivision,subdivision,词,NOUN,B2
subduing object,subduing object,克一物,NOUN,C1
subject field,subject field,科目 / 领域,NOUN,B2
subject matter,subject matter,题材,NOUN,C1
subject topic,subject topic,主题/话题,NOUN,B2
subjectivism,subjectivism,词,NOUN,C1
subjectivity,subjectivity,词,NOUN,B2
sublimation,sublimation,词,NOUN,C1
sublime,sublime,崇高的,ADJ,B2
subliminal,subliminal,词,ADJ,C1
subliming,subliming,词,ADJ,C1
sublimity,sublimity,词,NOUN,C1
submerger,to overwhelm,使不知所措,VERB,B2
submerger,to submerge,淹没,VERB,B2
submissive,submissive,词,ADJ,C1
submit bid,submit bid,投标,VERB,C1
submit to,submit to,顺从,VERB,B2
subordination,subordination,隶属,NOUN,C1
subordonné,subordinate,下属,NOUN,B2
subpoena,subpoena,词,NOUN,B2
subservient,subservient,词,ADJ,C1
substance,substance,物质,NOUN,B2
substandard,substandard,,NOUN,B2
substantiation,substantiation,论证,NOUN,B2
substantive,substantive,实质性的,ADJ,B2
substitute (verb),substitute,代换,VERB,C1
substitutes,substitutes,词,NOUN,C1
substitution,substitution,词,NOUN,C1
subterfuge,subterfuge,词,NOUN,C1
subterranean,subterranean,词,ADJ,C1
subtitles,subtitles,词,NOUN,A2
subtitling,subtitling,词,NOUN,C1
suburban,suburban,词,ADJ,C1
subversion,subversion,词,NOUN,C1
subversive,subversive,词,ADJ,C1
subvert,subvert,词,VERB,C1
succer,to suck,吸,VERB,B2
succession,succession,连续,NOUN,B2
successive generations,successive generations,历代,NOUN,B2
succinct,succinct,简明的,ADJ,B2
succomber,to succumb,屈服,VERB,B2
succor,succor,词,NOUN,C1
succulent,succulent,词,ADJ,C1
such (adj),such,样,ADJ,A1
such a,such a,这样的,DET,B2
such a thing,such a thing,词,PRON,B1
sucking,sucking,嗦,NOUN,B2
sudden braking,sudden braking,词,NOUN,C1
sudden death,sudden death,暴毙,NOUN,C1
suffering (adj),suffering,词,ADJ,C1
sufficient flight,sufficient flight,飞够,NOUN,B2
sufficient matter,sufficient matter,事足,NOUN,C1
suffire,to be enough,足够,VERB,B2
suffisance,sufficiency,充足,NOUN,B2
suffocating,suffocating,词,ADJ,B2
suffocation,suffocation,窒息,NOUN,B2
suffrage,suffrage,词,NOUN,C1
suffuse,suffuse,词,VERB,C1
sugarcane,sugarcane,甘蔗,NOUN,C1
sugarcane juice,sugarcane juice,词,NOUN,C1
suggestion,suggestion,建议,NOUN,B2
suggestiveness,suggestiveness,词,NOUN,C1
suicidal,suicidal,自杀的,ADJ,B2
suicidal thought,suicidal thought,,NOUN,B2
suicide,suicide,自杀,NOUN,B2
suicide candidate,suicide candidate,,NOUN,B2
suit,suit,西装,NOUN,B2
suitcase,suitcase,手提箱,NOUN,B2
suite,suite,套房,NOUN,B2
suiveur,follower,追随者,NOUN,B2
suivi,follow-up,跟进,NOUN,B2
sujet,topic,话题,NOUN,B2
sujet spécial,special topic,专题,NOUN,B2
sukuk,sukuk,词,NOUN,C1
sukuk issuance,sukuk issuance,词,NOUN,C1
sulfide,sulfide,词,NOUN,C1
sulfuric,sulfuric,词,NOUN,B2
sullen,sullen,词,ADJ,C1
sullenness,sullenness,词,NOUN,C1
sully,sully,词,VERB,C1
sultan,sultan,苏丹,NOUN,B2
sultanate,sultanate,苏丹国,NOUN,C1
sultanic,sultanic,词,ADJ,C1
sultriness,sultriness,词,NOUN,B2
sultry,sultry,词,ADJ,C1
sum total,sum total,总而,NOUN,B2
summarization,summarization,词,NOUN,B2
summarizing,summarizing,词,NOUN,C1
summer,summer,夏天,NOUN,B2
summer camp,summer camp,夏令营,NOUN,B2
summer grass,summer grass,夏草,NOUN,B2
summer vacationers,summer vacationers,词,NOUN,B2
sumptuousness,sumptuousness,词,NOUN,C1
sun sensitivity,sun sensitivity,,NOUN,B2
sun-protective,sun-protective,防晒,ADJ,C1
sundae,sundae,词,NOUN,C1
sunder,sunder,词,VERB,C1
sundown,sundown,日暮,NOUN,C1
sundry,sundry,词,ADJ,C1
sunflower seed,sunflower seed,葵花籽,NOUN,C1
sunglasses,sunglasses,太阳镜,NOUN,B2
sunny day,sunny day,晴天,NOUN,C1
sunrise,sunrise,日出,NOUN,B2
sunset,sunset,日落,NOUN,B2
sunshine,sunshine,阳光,NOUN,B2
suona,suona,唢呐,NOUN,C1
super (adj),super,词,ADJ,A2
super (adv),super,词,ADV,A1
super dead,super dead,,NOUN,B2
super high,super high,,NOUN,B2
super-basis,super-basis,超据,NOUN,B2
super-capacity,super-capacity,超容,NOUN,C1
super-comprehensive,super-comprehensive,超遍,NOUN,B2
super-construction,super-construction,超建,NOUN,C1
super-dimension,super-dimension,超度,NOUN,C1
super-distinction,super-distinction,超殊,NOUN,B2
super-even,super-even,超偶,NOUN,C1
super-form,super-form,超形,NOUN,B2
super-general,super-general,超般,NOUN,C1
super-grade,super-grade,超级,NOUN,B2
super-image,super-image,超象,NOUN,C1
super-imagination,super-imagination,超想,NOUN,C1
super-instrument,super-instrument,超具,NOUN,C1
super-internal,super-internal,超内,NOUN,B2
super-method,super-method,超法,NOUN,C1
super-nature,super-nature,超性,NOUN,C1
super-necessity,super-necessity,超必,NOUN,B2
super-number,super-number,超数,NOUN,B2
super-observation,super-observation,超察,NOUN,B2
super-possibility,super-possibility,超可,NOUN,C1
super-principle,super-principle,超则,NOUN,B2
super-proof,super-proof,超证,NOUN,B2
super-quality,super-quality,超质,NOUN,B2
super-quantity,super-quantity,超量,NOUN,B2
super-reality,super-reality,超实,NOUN,C1
super-reason,super-reason,超理,NOUN,C1
super-root,super-root,超本,NOUN,B2
super-special,super-special,超特,NOUN,B2
super-state,super-state,超态,NOUN,B2
super-structure,super-structure,超构,NOUN,C1
super-system,super-system,超制,NOUN,B2
super-theory,super-theory,超论,NOUN,C1
super-thought,super-thought,超思,NOUN,B2
super-trend,super-trend,超势,NOUN,C1
super-unity,super-unity,超一,NOUN,B2
super-universal,super-universal,超普,NOUN,C1
superannuated,superannuated,词,ADJ,C1
supercilious,supercilious,词,ADJ,C1
superficiality,superficiality,词,NOUN,C1
superfluous,superfluous,多余的,ADJ,B2
superhero,superhero,超级英雄,NOUN,B2
superintendent,superintendent,词,NOUN,C1
superior,superior,更好的,ADJ,B2
superior (noun),superior,上级,NOUN,B2
superlative,superlative,词,ADJ,C1
supernumerary,supernumerary,词,ADJ,C1
supersede,supersede,词,VERB,C1
superstition,superstition,迷信,NOUN,B2
superstitious,superstitious,迷信的,ADJ,B2
supervision,supervision,监督,NOUN,B2
supine,supine,词,ADJ,C1
supplant,supplant,词,VERB,C1
supple,supple,词,ADJ,C1
supplement,supplement,补充,NOUN,B2
supplement,to supplement,补充,VERB,B2
supplication,supplication,恳求,NOUN,B2
supplier,to beg,乞求,VERB,B2
supplies,supplies,必需品,NOUN,B2
supply chain,supply chain,供应链,NOUN,C1
supply does not meet demand,supply does not meet demand,供不应求,ADJ,B2
supplying,supplying,词,NOUN,C1
support pillar,support pillar,词,NOUN,C1
supportable,bearable,可忍受的,ADJ,B2
supported,supported,词,ADJ,B2
supporter,supporter,支持者,NOUN,B2
supporter,to bear,忍受,VERB,B2
supporter,to cannot bear,不堪,VERB,B2
supporters,supporters,词,NOUN,B2
supposition,guess,猜测,NOUN,B2
supposition,supposition,词,NOUN,C1
suppository,suppository,词,NOUN,C1
suppress,to suppress,压制,VERB,B2
suppressed grief,suppressed grief,压抑的悲伤,NOUN,C1
suppression,suppression,抑,NOUN,B2
suppression of us,suppression of us,压咱,NOUN,C1
supprimer,to delete,删除,VERB,B2
suppuration,suppuration,词,NOUN,C1
supreme court,supreme court,最高法院,NOUN,C1
supreme fate,supreme fate,上缘,NOUN,B2
supérieur,higher,更高的,ADJ,B2
supérieur,upper,上面的,ADJ,B2
sur-domaine,over-domain,超畴,NOUN,B2
surcoup,over-stroke,超程,NOUN,B2
sure,sure,当然,ADV,B2
sure safe,sure safe,确定的,ADJ,B2
surely safe,surely safe,肯定地,ADV,B2
suretyship,suretyship,保证,NOUN,C1
surface,surface,表面,NOUN,B2
surfeit,surfeit,词,NOUN,C1
surfing,surfing,冲浪,NOUN,B2
surgical,surgical,外科的,ADJ,B2
surging effusive,surging effusive,词,ADJ,C1
surly,surly,词,ADJ,C1
surmise,surmise,词,VERB,C1
surmount,surmount,词,VERB,C1
surname,surname,姓氏,NOUN,B2
surname Zhuang,surname Zhuang,姓庄,NOUN,C1
surpassing,surpassing,可越,NOUN,C1
surprise,surprise,惊喜,NOUN,B2
surprise attack,surprise attack,偷袭,NOUN,C1
surprised,surprised,惊讶的,ADJ,B2
surrender,to surrender,投降,VERB,B2
surreptitious,surreptitious,秘密的,ADJ,B2
surrogate,surrogate,词,NOUN,C1
surrounding,surrounding,词,ADJ,C1
surrounding area,surrounding area,周边,NOUN,B2
surstratégie,over-strategy,超策,NOUN,B2
surveil,to surveil,监视,VERB,B2
surveillance,surveillance,监视,NOUN,B2
survey,survey,调查,NOUN,B2
survival,survival,生存,NOUN,B2
survival of the fittest,survival of the fittest,优胜劣汰,NOUN,B2
susceptible,susceptible,词,ADJ,C1
susha,susha,夙砂大,NOUN,B2
suspect,suspect,嫌疑人,NOUN,B2
suspended,suspended,悬浮的,ADJ,B2
suspended sentence,suspended sentence,缓刑,NOUN,C1
suspense,suspense,悬念,NOUN,B2
suspension,suspension,暂停,NOUN,B2
suspicions,suspicions,词,NOUN,C1
suspicious,suspicious,可疑的,ADJ,B2
sustain,sustain,词,VERB,C1
sustainability policy,sustainability policy,词,NOUN,C1
sustenance,sustenance,食物,NOUN,B2
suture,suture,缝合,NOUN,B2
suture,to suture,缝合,VERB,B2
svelte,svelte,词,ADJ,C1
swab,swab,词,NOUN,B2
swagger (noun),swagger,词,NOUN,B2
swamp,swamp,沼泽,NOUN,B2
swap,swap,词,VERB,B2
swarm,swarm,蜂群,NOUN,B2
swarthy,swarthy,词,ADJ,C1
sway,to sway,摇摆,VERB,B2
sweat,sweat,汗水,NOUN,B2
sweater knitwear,sweater knitwear,词,NOUN,A1
sweden,sweden,瑞典,PROPN,B2
swedish,swedish,瑞典的,ADJ,B2
sweep,sweep,扫,NOUN,B2
sweepings,sweepings,扫出的垃圾,NOUN,B2
sweet,sweet,甜的,ADJ,B2
sweet (noun),sweet,糖果,NOUN,C1
sweet dream,sweet dream,美梦,NOUN,B2
sweet potato,sweet potato,红薯,NOUN,B2
sweeten,to sweeten,使变甜,VERB,B2
sweetheart,sweetheart,爱人,NOUN,B2
sweetie,sweetie,亲爱的,NOUN,B2
sweetness,sweetness,,NOUN,B2
sweets,sweets,甜食,NOUN,B2
swelling,swelling,词,NOUN,B2
swelter,swelter,词,VERB,C1
swift,swift,词,ADJ,C1
swiftness,swiftness,词,NOUN,C1
swim training,swim training,,NOUN,B2
swimwear,swimwear,,NOUN,B2
swindle,to swindle,诈骗,VERB,B2
swine,swine,猪,NOUN,B2
swinging,swinging,swinging,NOUN,B2
swirl,swirl,词,VERB,C1
swiss,swiss,瑞士的,ADJ,B2
switch key,switch key,词,NOUN,C1
switch room,switch room,配电室,NOUN,B2
switchboard,switchboard,总机,NOUN,B2
switchman,switchman,词,NOUN,C1
swollen,swollen,肿胀的,ADJ,B2
sword,sword,剑,NOUN,B2
sword entrustment,sword entrustment,剑就托,NOUN,C1
sword placement,sword placement,剑放,NOUN,B2
sword practice,sword practice,练刀练,NOUN,C1
sword provocation,sword provocation,剑惹,NOUN,B2
sword recognition,sword recognition,认剑,NOUN,B2
sword return,sword return,来还剑,NOUN,C1
sword strike,sword strike,看剑,NOUN,B2
swordless,swordless,剑不,NOUN,B2
swordplay,swordplay,剑走,NOUN,B2
swords,swords,刀剑,NOUN,C1
swordsman,swordsman,剑客,NOUN,B2
swordsmanship,swordsmanship,剑术,NOUN,B2
sycophant,sycophant,词,NOUN,C1
sycophantic,sycophantic,词,ADJ,B2
syllabification,syllabification,词,NOUN,C1
syllabus,syllabus,教学大纲,NOUN,B2
symbolization,symbolization,词,NOUN,C1
symbolize,to symbolize,象征,VERB,B2
symmetric,symmetric,词,ADJ,C1
sympathetic,sympathetic,同情的,ADJ,B2
sympathy empathy,sympathy empathy,同情/共情,NOUN,B2
symptom,symptom,症状,NOUN,B2
symptom (part),symptom,症,PART,B2
symptoms,symptoms,词,NOUN,B1
sync,sync,同步,NOUN,B2
synchronized,synchronized,词,ADJ,C1
synchronous,synchronous,同步的,ADJ,B2
synchrony,synchrony,词,NOUN,C1
syncopate,syncopate,词,VERB,C1
syndicat,union,工会,NOUN,B2
syndicate,syndicate,词,NOUN,C1
syndrome,syndrome,综合征,NOUN,B2
synergy,synergy,协同效应,NOUN,B2
synopsis,synopsis,词,NOUN,C1
synoptic,synoptic,概要的,ADJ,B2
syntactic,syntactic,词,ADJ,C1
synthesize,to synthesize,合成,VERB,B2
synthetic fiber,synthetic fiber,化纤,NOUN,B2
syrian,syrian,叙利亚的,ADJ,B2
syringe,syringe,注射器,NOUN,B2
systemless,systemless,无系统的,ADJ,B2
t-shirt,t-shirt,T 恤衫,NOUN,B2
tabernacle,tabernacle,词,NOUN,C1
table,table,桌子,NOUN,B2
table grape,table grape,提子,NOUN,B2
table tennis,table tennis,乒乓球,NOUN,A2
tableau,tableau,词,NOUN,C1
tableau de bord,dashboard,仪表盘,NOUN,B2
tableau noir,blackboard,黑板,NOUN,B2
taboo (adj),taboo,词,ADJ,C1
tache,blot,污点,NOUN,B2
tachometer,tachometer,转速表,NOUN,B2
tacitly accept,tacitly accept,默认,VERB,C1
taciturn,taciturn,沉默寡言的,ADJ,B2
tackle,to tackle,处理,VERB,B2
tackling,tackling,马具,NOUN,B2
tacky,tacky,词,ADJ,B2
tacky thing,tacky thing,俗气的事,NOUN,B2
tact,tact,词,NOUN,C1
tactful,tactful,圆滑的,ADJ,B2
tactful appeasement,tactful appeasement,词,NOUN,C1
tactical,tactical,词,ADJ,C1
tactician,tactician,词,NOUN,C1
tactics,tactics,战术,NOUN,B2
tactile,tactile,词,ADJ,C1
tactile paving,tactile paving,盲道,NOUN,B2
tactless,tactless,不得体的,ADJ,B2
taekwondo,taekwondo,跆拳道,NOUN,B2
tag (noun),tag,词,NOUN,B2
taille,waist,腰,NOUN,B2
taillight,taillight,尾灯,NOUN,B2
take a bribe,take a bribe,受贿,VERB,C1
take a look,take a look,瞧一瞧,NOUN,C1
take a photo,take a photo,照相,VERB,B2
take a stand,take a stand,表态,VERB,C1
take advantage of Feng,take advantage of Feng,趁凤,NOUN,C1
take an x-ray,take an x-ray,拍片,VERB,C1
take medicine,take medicine,服药,VERB,C1
take refuge,take refuge,避难,VERB,C1
taken,taken,词,ADJ,C1
taken away,taken away,拿去,NOUN,C1
takeover,takeover,词,NOUN,C1
taking command,taking command,挂帅,NOUN,B2
talent,talent,天赋,NOUN,B2
talisman,talisman,词,NOUN,B2
talk show,talk show,脱口秀,NOUN,C1
talked,talked,词,ADJ,C1
talks,talks,会谈,NOUN,C1
tall and slender,tall and slender,词,ADJ,C1
tally,tally,词,VERB,C1
tamable,tamable,词,ADJ,C1
tambourine,tambourine,词,NOUN,B2
tame (adj),tame,词,ADJ,A1
taming,taming,词,NOUN,C1
tamis,sieve,筛子,NOUN,B2
tamiser,to sift,筛选,VERB,B2
tamper,tamper,词,VERB,C1
tandis que,while,一会儿,NOUN,B2
tangente,tangent,切线,NOUN,B2
tangential,tangential,词,ADJ,C1
tangerine,tangerine,桔子,NOUN,B1
tangibility,tangibility,词,NOUN,C1
tangible,tangible,有形的,ADJ,B2
tangible benefit,tangible benefit,实惠,NOUN,C1
tangle,tangle,混乱,NOUN,B2
tanned,tanned,词,ADJ,B2
tannery,tannery,词,NOUN,B2
tanneur,tanner,制革工,NOUN,B2
tant,so much,那么多,DET,B2
tant que,as long as,طالما,CCONJ,B2
tantamount,tantamount,词,ADJ,C1
tante maternelle,maternal aunt,姨母,NOUN,B2
tante paternelle,paternal aunt,姑母,NOUN,B2
tantrum,tantrum,词,NOUN,C1
tape,tape,词,NOUN,A2
tapoter,to pat,轻拍,VERB,B2
tarab,tarab,词,NOUN,B2
target group,target group,词,NOUN,C1
targeted,targeted,有针对性的,ADJ,B2
targeted therapy,targeted therapy,靶向治疗,NOUN,C1
tarif,tariff,费率,NOUN,B2
taro,taro,芋头,NOUN,B2
tarry,tarry,词,VERB,C1
tas,heap,堆,NOUN,B2
tas,pile,堆,NOUN,B2
tasteless,tasteless,无味的,ADJ,B2
tasting,tasting,词,NOUN,C1
tasty,tasty,美味的,ADJ,B2
tasty delicious,tasty delicious,好吃,ADJ,B2
tatter,tatter,词,NOUN,C1
tawdry,tawdry,词,ADJ,C1
tax (adj),tax,词,ADJ,C1
tax evasion,tax evasion,逃税,NOUN,B2
tax rate,tax rate,税率,NOUN,B2
tax return,tax return,报税,NOUN,B2
tax revenue,tax revenue,税收,NOUN,B2
taxe,carbon tax,碳税,NOUN,B2
taxer,to tax,征税,VERB,B2
taxi,taxi,出租车,NOUN,B2
taxi driver,taxi driver,词,NOUN,C1
taxi ride,taxi ride,词,NOUN,A2
te voilà,look at you,你看你,NOUN,B2
tea bar,tea bar,茶吧,NOUN,C1
tea party,tea party,茶话会,NOUN,B2
teacher female,teacher female,词,NOUN,B2
teacher training,teacher training,师范,NOUN,C1
teaching,teaching,教学的,ADJ,B2
teaching material,teaching material,教材,NOUN,B1
team leader,team leader,领队,NOUN,C1
team member,team member,队员,NOUN,C1
tearing,tearing,tearing,NOUN,B2
technique,technical,技术的,ADJ,B2
technique,technique,技巧,NOUN,B2
technocrat,technocrat,词,NOUN,C1
technocratic,technocratic,技术官僚的,ADJ,B2
technologie verte,green technology,绿色技术,NOUN,B2
teddy bear,teddy bear,词,NOUN,B2
tedious,tedious,乏味的,ADJ,B2
tedium,tedium,词,NOUN,C1
teem,teem,词,VERB,C1
teeter,teeter,词,VERB,C1
teeth,teeth,词,NOUN,A1
teething,teething,词,NOUN,B1
teetotal,teetotal,词,ADJ,C1
tel,such,如此,DET,B2
telecommunications,telecommunications,词,NOUN,C1
telegram,telegram,电报,NOUN,B2
telegraph lightning,telegraph lightning,词,NOUN,C1
teleological,teleological,目的论的,ADJ,B2
telepathy,telepathy,词,NOUN,C1
telephone number,telephone number,电话号码,NOUN,B2
telephone ringing,telephone ringing,词,NOUN,C1
telephones,telephones,电话,NOUN,B2
television set,television set,词,NOUN,B1
teller,teller,词,NOUN,B2
telltale,telltale,词,ADJ,C1
temperament dispositions,temperament dispositions,词,NOUN,C1
temperamental,temperamental,词,ADJ,C1
temperance,temperance,词,NOUN,C1
temperate,temperate,词,ADJ,C1
temperature gauge,temperature gauge,温度表,NOUN,C1
tempest,tempest,词,NOUN,C1
tempestuous,tempestuous,词,ADJ,C1
temple,temple,寺庙,NOUN,B2
temporal (noun),temporal,词,NOUN,B2
temporality,temporality,时间性,NOUN,C1
temps,weather,天气,NOUN,B2
temps de correspondance,matching time,对时,NOUN,B2
temps libre,free time,业余时间,NOUN,B2
temps libre,spare time,业余,NOUN,B2
temptation,temptation,词,NOUN,B2
tempérament,temper,脾气,NOUN,B2
température,temperature,温度,NOUN,B2
tempête de sable,sandstorm,沙尘暴,NOUN,B2
ten (noun),ten,词,NOUN,B2
ten million,ten million,千万,NUM,B2
ten reishi,ten reishi,灵芝十株,NOUN,C1
ten thousand (noun),ten thousand,你万,NOUN,C1
ten thousand (num),ten thousand,万,NUM,A1
ten thousand years,ten thousand years,万年,NOUN,B2
tenable,tenable,词,ADJ,C1
tend,tend,词,VERB,B2
tendance,tendency,趋势,NOUN,B2
tender (noun),tender,词,NOUN,C1
tender affection,tender affection,词,NOUN,C1
tender mercy,tender mercy,词,NOUN,C1
tender-hearted,tender-hearted,词,ADJ,C1
tendering,tendering,招标,NOUN,B2
tendering meeting,tendering meeting,招标会,NOUN,B2
tendon,tendon,肌腱,NOUN,B2
tendre,tender,嫩的,ADJ,B2
tendu,taut,绷紧的,ADJ,B2
tenement,tenement,词,NOUN,C1
tenet,tenet,词,NOUN,C1
tennis,tennis,网球,NOUN,B2
tens,tens,词,NOUN,B2
tens of thousands,tens of thousands,数万,NUM,B2
tense (noun),tense,词,NOUN,B1
tense angry,tense angry,词,ADJ,A2
tense excited,tense excited,词,ADJ,B2
tensile,tensile,词,ADJ,C1
tension,tension,紧张,NOUN,B2
tension artérielle,blood pressure,血压,NOUN,B2
tentatif,tentative,暂定的,ADJ,B2
tentative échouée,failed bid,流标,NOUN,B2
tenth (noun),tenth,词,NOUN,B2
tenue,attire,服装,NOUN,B2
tenuous,tenuous,词,ADJ,C1
tenure,tenure,词,NOUN,B2
tepid,tepid,词,ADJ,C1
term of office,term of office,词,NOUN,C1
term transition,term transition,换届,NOUN,C1
terminal,terminal,终点站,NOUN,B2
terminal (adj),terminal,终末的,ADJ,B2
terminer,end,端,PART,B2
terminer,to end,结束,VERB,B2
terminologique,terminological,术语的,ADJ,B2
terminus,terminus,,NOUN,B2
tern path,tern path,,NOUN,B2
terrain,grounds,论据,NOUN,B2
terrain,terrain,地形,NOUN,B2
terre interdite,forbidden land,禁地,NOUN,B2
terrible,terrible,可怕的,ADJ,B2
terribleness,terribleness,,NOUN,B2
terribly,terribly,可怕地/非常,ADV,B2
terrified,terrified,极度恐惧的,ADJ,B2
terrifier,to terrify,使恐惧,VERB,B2
terrifying terrible,terrifying terrible,恐怖,ADJ,B1
territorial,territorial,领土的,ADJ,B2
territoriality,territoriality,词,NOUN,C1
territory expansion,territory expansion,开疆,NOUN,B2
terrorist (adj),terrorist,词,ADJ,C1
terrorists,terrorists,恐怖分子们,NOUN,B2
terse,terse,简练的,ADJ,B2
terseness,terseness,词,NOUN,C1
test,test,测试,NOUN,B2
test drive,test drive,,NOUN,B2
test hebdomadaire,weekly test,周测,NOUN,B2
test of courage,test of courage,勇气测试,NOUN,B2
test tube,test tube,词,NOUN,C1
testamentary substitution,testamentary substitution,词,NOUN,C1
testicular,testicular,词,ADJ,C1
tether,tether,词,NOUN,C1
textile,textile,纺织,NOUN,B2
textuality,textuality,词,NOUN,C1
textuel,textual,文本的,ADJ,B2
texture,texture,词,NOUN,C1
than (adv),than,词,ADV,A1
thank god,thank god,谢天谢地,INTJ,B2
thanks a lot,thanks a lot,多谢,INTJ,B2
thanks sir,thanks sir,谢过大人,NOUN,C1
tharid,tharid,词,NOUN,B2
that,that,那个,DET,B2
that (noun),that,将那,NOUN,C1
that cliff,that cliff,那山崖,NOUN,C1
that conjunction,that conjunction,词,SCONJ,A2
that day,that day,那日,NOUN,B2
that evening,that evening,当晚,NOUN,B2
that feminine,that feminine,词,DET,A1
that is (sconj),that is,就是,SCONJ,B2
that is (verb),that is,便是,VERB,B2
that is good,that is good,那就好,NOUN,C1
that is to say,that is to say,也就是说,SCONJ,B2
that is to say (cconj),that is to say,即,CCONJ,C1
that little bit,that little bit,那点,NOUN,C1
that masculine,that masculine,词,DET,A1
that nephew,that nephew,那侄儿,NOUN,B2
that neutral over there,that neutral over there,词,PRON,B1
that night,that night,那晚,NOUN,B2
that pair,that pair,那付,NOUN,B2
that place,that place,在那,NOUN,B2
that stretch,that stretch,那片,NOUN,B2
that sword,that sword,那剑,NOUN,C1
that time,that time,那时,NOUN,C1
that to,that to,那/去,PART,B2
that way,that way,往那边,ADV,B2
that which,that which,所,PART,B2
that yonder,that yonder,那个,DET,B2
the Abbewegung,the Abbewegung,词,NOUN,C1
the Abbildung,the Abbildung,词,NOUN,C1
the Abbruch,the Abbruch,词,NOUN,C1
the Abend,the Abend,词,NOUN,C1
the Abendessen,the Abendessen,词,NOUN,C1
the Abendrot,the Abendrot,词,NOUN,C1
the Abenteuer,the Abenteuer,词,NOUN,C1
the Aber,the Aber,词,NOUN,C1
the Aberweiterung,the Aberweiterung,词,NOUN,C1
the Abfahrt,the Abfahrt,词,NOUN,C1
the Abfall,the Abfall,词,NOUN,C1
the Abflug,the Abflug,词,NOUN,C1
the Abform,the Abform,词,NOUN,C1
the Abgabe,the Abgabe,词,NOUN,C1
the Abhalt,the Abhalt,词,NOUN,C1
the Abkehr,the Abkehr,词,NOUN,C1
the Abkopplung,the Abkopplung,词,NOUN,C1
the Ablauf,the Ablauf,词,NOUN,C1
the Ablehnung,the Ablehnung,词,NOUN,C1
the Ableitung,the Ableitung,词,NOUN,C1
the Ablesung,the Ablesung,词,NOUN,C1
the Abmacht,the Abmacht,词,NOUN,C1
the Abmachung,the Abmachung,词,NOUN,C1
the Abminderung,the Abminderung,词,NOUN,C1
the Abmischung,the Abmischung,词,NOUN,C1
the Abnahme,the Abnahme,词,NOUN,C1
the Abneigung,the Abneigung,词,NOUN,C1
the Abrechnung,the Abrechnung,词,NOUN,C1
the Absammlung,the Absammlung,词,NOUN,C1
the Abschied,the Abschied,词,NOUN,C1
the Abschluss,the Abschluss,词,NOUN,C1
the Absicht,the Absicht,词,NOUN,C1
the Absolvent,the Absolvent,词,NOUN,C1
the Abstammung,the Abstammung,词,NOUN,C1
the Abstand,the Abstand,词,NOUN,C1
the Abstellung,the Abstellung,词,NOUN,C1
the Abstieg,the Abstieg,词,NOUN,C1
the Abstrich,the Abstrich,词,NOUN,C1
the Absturz,the Absturz,词,NOUN,C1
the Abteilung,the Abteilung,词,NOUN,C1
the Abtreibung,the Abtreibung,词,NOUN,C1
the Abverbesserung,the Abverbesserung,词,NOUN,C1
the Abvereinfachung,the Abvereinfachung,词,NOUN,C1
the Abvertiefung,the Abvertiefung,词,NOUN,C1
the Abwanderung,the Abwanderung,词,NOUN,C1
the Abwandlung,the Abwandlung,词,NOUN,C1
the Abwehr,the Abwehr,词,NOUN,C1
the Abwendung,the Abwendung,词,NOUN,C1
the Abwerk,the Abwerk,词,NOUN,C1
the Abwertung,the Abwertung,词,NOUN,C1
the Abzahlung,the Abzahlung,词,NOUN,C1
the Abzweigung,the Abzweigung,词,NOUN,C1
the Achtung,the Achtung,词,NOUN,C1
the Acker,the Acker,词,NOUN,C1
the Adel,the Adel,词,NOUN,C1
the Adelsitz,the Adelsitz,词,NOUN,C1
the Adelstitel,the Adelstitel,词,NOUN,C1
the Adern,the Adern,词,NOUN,C1
the Adler,the Adler,词,NOUN,C1
the Admiral,the Admiral,词,NOUN,C1
the Adresse,the Adresse,词,NOUN,C1
the Advokat,the Advokat,词,NOUN,C1
the Affe,the Affe,词,NOUN,C1
the Affekt,the Affekt,词,NOUN,C1
the Aggression,the Aggression,词,NOUN,C1
the Agrar,the Agrar,词,NOUN,C1
the Ahne,the Ahne,词,NOUN,C1
the Ahnen,the Ahnen,词,NOUN,C1
the Akrobat,the Akrobat,词,NOUN,C1
the Akt,the Akt,词,NOUN,C1
the Akteur,the Akteur,词,NOUN,C1
the Aktie,the Aktie,词,NOUN,C1
the Akzent,the Akzent,词,NOUN,C1
the Alchimie,the Alchimie,词,NOUN,C1
the Algebra,the Algebra,词,NOUN,C1
the Algorithmus,the Algorithmus,词,NOUN,C1
the Alleinherrschaft,the Alleinherrschaft,词,NOUN,C1
the Allergie,the Allergie,词,NOUN,C1
the Allmende,the Allmende,词,NOUN,C1
the Almanach,the Almanach,词,NOUN,C1
the Almosen,the Almosen,词,NOUN,C1
the Alp,the Alp,词,NOUN,C1
the Alpdruck,the Alpdruck,词,NOUN,C1
the Alter,the Alter,词,NOUN,C1
the Altmetall,the Altmetall,词,NOUN,C1
the Altpapier,the Altpapier,词,NOUN,C1
the Aluminium,the Aluminium,词,NOUN,C1
the Amateur,the Amateur,词,NOUN,C1
the Ameise,the Ameise,词,NOUN,C1
the Amme,the Amme,词,NOUN,C1
the Amtes,the Amtes,词,NOUN,C1
the Amtszeit,the Amtszeit,词,NOUN,C1
the Anbau,the Anbau,词,NOUN,C1
the Anbewegung,the Anbewegung,词,NOUN,C1
the Anbiederung,the Anbiederung,词,NOUN,C1
the Anbildung,the Anbildung,词,NOUN,C1
the Anbindng,the Anbindng,词,NOUN,C1
the Anbohrung,the Anbohrung,词,NOUN,C1
the Anerweiterung,the Anerweiterung,词,NOUN,C1
the Anfall,the Anfall,词,NOUN,C1
the Anfang,the Anfang,词,NOUN,C1
the Anflug,the Anflug,词,NOUN,C1
the Anfrage,the Anfrage,词,NOUN,C1
the Angebot,the Angebot,词,NOUN,C1
the Angeklagte,the Angeklagte,词,NOUN,C1
the Angelpunkt,the Angelpunkt,词,NOUN,C1
the Angestellte,the Angestellte,词,NOUN,C1
the Angleichung,the Angleichung,词,NOUN,C1
the Anhalt,the Anhalt,词,NOUN,C1
the Anhandlung,the Anhandlung,词,NOUN,C1
the Ankraft,the Ankraft,词,NOUN,C1
the Ankunft,the Ankunft,词,NOUN,C1
the Anlage,the Anlage,词,NOUN,C1
the Anleitung,the Anleitung,词,NOUN,C1
the Anliegen,the Anliegen,词,NOUN,C1
the Anmacht,the Anmacht,词,NOUN,C1
the Anmerkung,the Anmerkung,词,NOUN,C1
the Anmessung,the Anmessung,词,NOUN,C1
the Anminderung,the Anminderung,词,NOUN,C1
the Anmischung,the Anmischung,词,NOUN,C1
the Anrechnung,the Anrechnung,词,NOUN,C1
the Anruf,the Anruf,词,NOUN,C1
the Ansammlung,the Ansammlung,词,NOUN,C1
the Anschein,the Anschein,词,NOUN,C1
the Anspruch,the Anspruch,词,NOUN,C1
the Anstalt,the Anstalt,词,NOUN,C1
the Ansteigerung,the Ansteigerung,词,NOUN,C1
the Anstieg,the Anstieg,词,NOUN,C1
the Anstoff,the Anstoff,词,NOUN,C1
the Antenne,the Antenne,词,NOUN,C1
the Anthropologie,the Anthropologie,词,NOUN,C1
the Antibiotikum,the Antibiotikum,词,NOUN,C1
the Anverbesserung,the Anverbesserung,词,NOUN,C1
the Anvertiefung,the Anvertiefung,词,NOUN,C1
the Anverwandte,the Anverwandte,词,NOUN,C1
the Anwandlung,the Anwandlung,词,NOUN,C1
the Anwendung,the Anwendung,词,NOUN,C1
the Anwert,the Anwert,词,NOUN,C1
the Aufbildung,the Aufbildung,词,NOUN,C1
the Aufbindung,the Aufbindung,词,NOUN,C1
the Auferweiterung,the Auferweiterung,词,NOUN,C1
the Aufform,the Aufform,词,NOUN,C1
the Aufhandlung,the Aufhandlung,词,NOUN,C1
the Aufkraft,the Aufkraft,词,NOUN,C1
the Aufmacht,the Aufmacht,词,NOUN,C1
the Aufmessung,the Aufmessung,词,NOUN,C1
the Aufminderung,the Aufminderung,词,NOUN,C1
the Aufmischung,the Aufmischung,词,NOUN,C1
the Aufrechnung,the Aufrechnung,词,NOUN,C1
the Aufsammlung,the Aufsammlung,词,NOUN,C1
the Aufsteigerung,the Aufsteigerung,词,NOUN,C1
the Aufstellung,the Aufstellung,词,NOUN,C1
the Aufverbesserung,the Aufverbesserung,词,NOUN,C1
the Aufvereinfachung,the Aufvereinfachung,词,NOUN,C1
the Aufvertiefung,the Aufvertiefung,词,NOUN,C1
the Aufwerk,the Aufwerk,词,NOUN,C1
the Ausbewegung,the Ausbewegung,词,NOUN,C1
the Ausbindung,the Ausbindung,词,NOUN,C1
the Ausform,the Ausform,词,NOUN,C1
the Ausheilung,the Ausheilung,词,NOUN,C1
the Auskraft,the Auskraft,词,NOUN,C1
the Ausmacht,the Ausmacht,词,NOUN,C1
the Ausmessung,the Ausmessung,词,NOUN,C1
the Ausminderung,the Ausminderung,词,NOUN,C1
the Ausmischung,the Ausmischung,词,NOUN,C1
the Ausordnung,the Ausordnung,词,NOUN,C1
the Ausrechnung,the Ausrechnung,词,NOUN,C1
the Aussammlung,the Aussammlung,词,NOUN,C1
the Aussteigerung,the Aussteigerung,词,NOUN,C1
the Ausstoff,the Ausstoff,词,NOUN,C1
the Ausverbesserung,the Ausverbesserung,词,NOUN,C1
the Ausvereinfachung,the Ausvereinfachung,词,NOUN,C1
the Auswandlung,the Auswandlung,词,NOUN,C1
the Auswerk,the Auswerk,词,NOUN,C1
the Auswert,the Auswert,词,NOUN,C1
the Bebewegung,the Bebewegung,词,NOUN,C1
the Bebildung,the Bebildung,词,NOUN,C1
the Bebindung,the Bebindung,词,NOUN,C1
the Beform,the Beform,词,NOUN,C1
the Behandlung,the Behandlung,词,NOUN,C1
the Beheilung,the Beheilung,词,NOUN,C1
the Bemacht,the Bemacht,词,NOUN,C1
the Bemischung,the Bemischung,词,NOUN,C1
the Besammlung,the Besammlung,词,NOUN,C1
the Besteigerung,the Besteigerung,词,NOUN,C1
the Bestoff,the Bestoff,词,NOUN,C1
the Beverbesserung,the Beverbesserung,词,NOUN,C1
the Bewandlung,the Bewandlung,词,NOUN,C1
the Bewerk,the Bewerk,词,NOUN,C1
the Bewert,the Bewert,词,NOUN,C1
the Earth,the Earth,地球,NOUN,A2
the Einbewegung,the Einbewegung,词,NOUN,C1
the Einbildung,the Einbildung,词,NOUN,C1
the Einbindung,the Einbindung,词,NOUN,C1
the Einerweiterung,the Einerweiterung,词,NOUN,C1
the Einform,the Einform,词,NOUN,C1
the Einhandlung,the Einhandlung,词,NOUN,C1
the Einheilung,the Einheilung,词,NOUN,C1
the Einkraft,the Einkraft,词,NOUN,C1
the Einmacht,the Einmacht,词,NOUN,C1
the Einminderung,the Einminderung,词,NOUN,C1
the Einmischung,the Einmischung,词,NOUN,C1
the Einordnung,the Einordnung,词,NOUN,C1
the Einrechnung,the Einrechnung,词,NOUN,C1
the Einsammlung,the Einsammlung,词,NOUN,C1
the Einsteigerung,the Einsteigerung,词,NOUN,C1
the Einstellung,the Einstellung,词,NOUN,C1
the Einstoff,the Einstoff,词,NOUN,C1
the Einverbesserung,the Einverbesserung,词,NOUN,C1
the Einvereinfachung,the Einvereinfachung,词,NOUN,C1
the Einvertiefung,the Einvertiefung,词,NOUN,C1
the Einwandlung,the Einwandlung,词,NOUN,C1
the Einwendung,the Einwendung,词,NOUN,C1
the Einwert,the Einwert,词,NOUN,C1
the Erbewegung,the Erbewegung,词,NOUN,C1
the Erbildung,the Erbildung,词,NOUN,C1
the Erbindung,the Erbindung,词,NOUN,C1
the Erform,the Erform,词,NOUN,C1
the Erhandlung,the Erhandlung,词,NOUN,C1
the Erheilung,the Erheilung,词,NOUN,C1
the Erkraft,the Erkraft,词,NOUN,C1
the Ermacht,the Ermacht,词,NOUN,C1
the Ermessung,the Ermessung,词,NOUN,C1
the Erminderung,the Erminderung,词,NOUN,C1
the Ermischung,the Ermischung,词,NOUN,C1
the Erordnung,the Erordnung,词,NOUN,C1
the Errechnung,the Errechnung,词,NOUN,C1
the Ersammlung,the Ersammlung,词,NOUN,C1
the Ersteigerung,the Ersteigerung,词,NOUN,C1
the Erstellung,the Erstellung,词,NOUN,C1
the Erstoff,the Erstoff,词,NOUN,C1
the Erverbesserung,the Erverbesserung,词,NOUN,C1
the Ervertiefung,the Ervertiefung,词,NOUN,C1
the Erwandlung,the Erwandlung,词,NOUN,C1
the Erwerk,the Erwerk,词,NOUN,C1
the Erwert,the Erwert,词,NOUN,C1
the Erzbewegung,the Erzbewegung,词,NOUN,C1
the Erzbildung,the Erzbildung,词,NOUN,C1
the Erzbindung,the Erzbindung,词,NOUN,C1
the Erzform,the Erzform,词,NOUN,C1
the Erzhandlung,the Erzhandlung,词,NOUN,C1
the Erzleitung,the Erzleitung,词,NOUN,C1
the Erzmacht,the Erzmacht,词,NOUN,C1
the Erzmessung,the Erzmessung,词,NOUN,C1
the Erzminderung,the Erzminderung,词,NOUN,C1
the Erzordnung,the Erzordnung,词,NOUN,C1
the Erzrechnung,the Erzrechnung,词,NOUN,C1
the Erzsammlung,the Erzsammlung,词,NOUN,C1
the Erzstellung,the Erzstellung,词,NOUN,C1
the Erzstoff,the Erzstoff,词,NOUN,C1
the Erzverbesserung,the Erzverbesserung,词,NOUN,C1
the Erzvereinfachung,the Erzvereinfachung,词,NOUN,C1
the Erzwandlung,the Erzwandlung,词,NOUN,C1
the Erzwert,the Erzwert,词,NOUN,C1
the Gebewegung,the Gebewegung,词,NOUN,C1
the Geerweiterung,the Geerweiterung,词,NOUN,C1
the Gehandlung,the Gehandlung,词,NOUN,C1
the Geheilung,the Geheilung,词,NOUN,C1
the Gekraft,the Gekraft,词,NOUN,C1
the Geleitung,the Geleitung,词,NOUN,C1
the Gemacht,the Gemacht,词,NOUN,C1
the Gemessung,the Gemessung,词,NOUN,C1
the Geminderung,the Geminderung,词,NOUN,C1
the Geordnung,the Geordnung,词,NOUN,C1
the Gerechnung,the Gerechnung,词,NOUN,C1
the Gesammlung,the Gesammlung,词,NOUN,C1
the Gesteigerung,the Gesteigerung,词,NOUN,C1
the Gestellung,the Gestellung,词,NOUN,C1
the Gevereinfachung,the Gevereinfachung,词,NOUN,C1
the Gevertiefung,the Gevertiefung,词,NOUN,C1
the Gewandlung,the Gewandlung,词,NOUN,C1
the Gewerk,the Gewerk,词,NOUN,C1
the Gewert,the Gewert,词,NOUN,C1
the Grundbewegung,the Grundbewegung,词,NOUN,C1
the Grundbindung,the Grundbindung,词,NOUN,C1
the Grunderweiterung,the Grunderweiterung,词,NOUN,C1
the Grundform,the Grundform,词,NOUN,C1
the Grundhandlung,the Grundhandlung,词,NOUN,C1
the Grundheilung,the Grundheilung,词,NOUN,C1
the Grundkraft,the Grundkraft,词,NOUN,C1
the Grundleitung,the Grundleitung,词,NOUN,C1
the Grundmacht,the Grundmacht,词,NOUN,C1
the Grundmessung,the Grundmessung,词,NOUN,C1
the Grundminderung,the Grundminderung,词,NOUN,C1
the Grundmischung,the Grundmischung,词,NOUN,C1
the Grundordnung,the Grundordnung,词,NOUN,C1
the Grundrechnung,the Grundrechnung,词,NOUN,C1
the Grundsammlung,the Grundsammlung,词,NOUN,C1
the Grundsteigerung,the Grundsteigerung,词,NOUN,C1
the Grundstellung,the Grundstellung,词,NOUN,C1
the Grundvereinfachung,the Grundvereinfachung,词,NOUN,C1
the Grundvertiefung,the Grundvertiefung,词,NOUN,C1
the Grundwandlung,the Grundwandlung,词,NOUN,C1
the Grundwendung,the Grundwendung,词,NOUN,C1
the Grundwerk,the Grundwerk,词,NOUN,C1
the Grundwert,the Grundwert,词,NOUN,C1
the Hochbewegung,the Hochbewegung,词,NOUN,C1
the Hochbildung,the Hochbildung,词,NOUN,C1
the Hocherweiterung,the Hocherweiterung,词,NOUN,C1
the Hochform,the Hochform,词,NOUN,C1
the Hochhandlung,the Hochhandlung,词,NOUN,C1
the Hochheilung,the Hochheilung,词,NOUN,C1
the Hochkraft,the Hochkraft,词,NOUN,C1
the Hochmacht,the Hochmacht,词,NOUN,C1
the Hochmessung,the Hochmessung,词,NOUN,C1
the Hochmischung,the Hochmischung,词,NOUN,C1
the Hochrechnung,the Hochrechnung,词,NOUN,C1
the Hochstellung,the Hochstellung,词,NOUN,C1
the Hochverbesserung,the Hochverbesserung,词,NOUN,C1
the Hochvereinfachung,the Hochvereinfachung,词,NOUN,C1
the Hochwandlung,the Hochwandlung,词,NOUN,C1
the Hochwendung,the Hochwendung,词,NOUN,C1
the Hochwerk,the Hochwerk,词,NOUN,C1
the Hochwert,the Hochwert,词,NOUN,C1
the Internet,the Internet,互联网,NOUN,B2
the Missbindung,the Missbindung,词,NOUN,C1
the Misserweiterung,the Misserweiterung,词,NOUN,C1
the Missform,the Missform,词,NOUN,C1
the Misshandlung,the Misshandlung,词,NOUN,C1
the Missheilung,the Missheilung,词,NOUN,C1
the Missleitung,the Missleitung,词,NOUN,C1
the Missmacht,the Missmacht,词,NOUN,C1
the Missmessung,the Missmessung,词,NOUN,C1
the Missminderung,the Missminderung,词,NOUN,C1
the Missmischung,the Missmischung,词,NOUN,C1
the Misssammlung,the Misssammlung,词,NOUN,C1
the Misssteigerung,the Misssteigerung,词,NOUN,C1
the Missstellung,the Missstellung,词,NOUN,C1
the Missverbesserung,the Missverbesserung,词,NOUN,C1
the Missvereinfachung,the Missvereinfachung,词,NOUN,C1
the Misswandlung,the Misswandlung,词,NOUN,C1
the Misswendung,the Misswendung,词,NOUN,C1
the Misswerk,the Misswerk,词,NOUN,C1
the Misswert,the Misswert,词,NOUN,C1
the Mitbewegung,the Mitbewegung,词,NOUN,C1
the Mitbindung,the Mitbindung,词,NOUN,C1
the Miterweiterung,the Miterweiterung,词,NOUN,C1
the Mitform,the Mitform,词,NOUN,C1
the Mithandlung,the Mithandlung,词,NOUN,C1
the Mitleitung,the Mitleitung,词,NOUN,C1
the Mitmacht,the Mitmacht,词,NOUN,C1
the Mitmessung,the Mitmessung,词,NOUN,C1
the Mitminderung,the Mitminderung,词,NOUN,C1
the Mitmischung,the Mitmischung,词,NOUN,C1
the Mitrechnung,the Mitrechnung,词,NOUN,C1
the Mitsammlung,the Mitsammlung,词,NOUN,C1
the Mitsteigerung,the Mitsteigerung,词,NOUN,C1
the Mitstoff,the Mitstoff,词,NOUN,C1
the Mitvereinfachung,the Mitvereinfachung,词,NOUN,C1
the Mitvertiefung,the Mitvertiefung,词,NOUN,C1
the Mitwandlung,the Mitwandlung,词,NOUN,C1
the Mitwendung,the Mitwendung,词,NOUN,C1
the Mitwerk,the Mitwerk,词,NOUN,C1
the Mitwert,the Mitwert,词,NOUN,C1
the Nachbewegung,the Nachbewegung,词,NOUN,C1
the Nacherweiterung,the Nacherweiterung,词,NOUN,C1
the Nachform,the Nachform,词,NOUN,C1
the Nachhandlung,the Nachhandlung,词,NOUN,C1
the Nachkraft,the Nachkraft,词,NOUN,C1
the Nachmacht,the Nachmacht,词,NOUN,C1
the Nachminderung,the Nachminderung,词,NOUN,C1
the Nachmischung,the Nachmischung,词,NOUN,C1
the Nachordnung,the Nachordnung,词,NOUN,C1
the Nachrechnung,the Nachrechnung,词,NOUN,C1
the Nachsammlung,the Nachsammlung,词,NOUN,C1
the Nachsteigerung,the Nachsteigerung,词,NOUN,C1
the Nachstellung,the Nachstellung,词,NOUN,C1
the Nachverbesserung,the Nachverbesserung,词,NOUN,C1
the Nachvereinfachung,the Nachvereinfachung,词,NOUN,C1
the Nachvertiefung,the Nachvertiefung,词,NOUN,C1
the Nachwandlung,the Nachwandlung,词,NOUN,C1
the Nachwendung,the Nachwendung,词,NOUN,C1
the Nachwerk,the Nachwerk,词,NOUN,C1
the Nachwert,the Nachwert,词,NOUN,C1
the Tiefbewegung,the Tiefbewegung,词,NOUN,C1
the Tiefbildung,the Tiefbildung,词,NOUN,C1
the Tieferweiterung,the Tieferweiterung,词,NOUN,C1
the Tiefform,the Tiefform,词,NOUN,C1
the Tiefhandlung,the Tiefhandlung,词,NOUN,C1
the Tiefheilung,the Tiefheilung,词,NOUN,C1
the Tiefkraft,the Tiefkraft,词,NOUN,C1
the Tiefmacht,the Tiefmacht,词,NOUN,C1
the Tiefmessung,the Tiefmessung,词,NOUN,C1
the Tiefminderung,the Tiefminderung,词,NOUN,C1
the Tiefmischung,the Tiefmischung,词,NOUN,C1
the Tiefordnung,the Tiefordnung,词,NOUN,C1
the Tiefsammlung,the Tiefsammlung,词,NOUN,C1
the Tiefsteigerung,the Tiefsteigerung,词,NOUN,C1
the Tiefstellung,the Tiefstellung,词,NOUN,C1
the Tiefvereinfachung,the Tiefvereinfachung,词,NOUN,C1
the Tiefvertiefung,the Tiefvertiefung,词,NOUN,C1
the Tiefwandlung,the Tiefwandlung,词,NOUN,C1
the Tiefwendung,the Tiefwendung,词,NOUN,C1
the Tiefwerk,the Tiefwerk,词,NOUN,C1
the Tiefwert,the Tiefwert,词,NOUN,C1
the Unbewegung,the Unbewegung,词,NOUN,C1
the Unbindung,the Unbindung,词,NOUN,C1
the Unerweiterung,the Unerweiterung,词,NOUN,C1
the Unform,the Unform,词,NOUN,C1
the Unhandlung,the Unhandlung,词,NOUN,C1
the Unheilung,the Unheilung,词,NOUN,C1
the Unkraft,the Unkraft,词,NOUN,C1
the Unmacht,the Unmacht,词,NOUN,C1
the Unmessung,the Unmessung,词,NOUN,C1
the Unordnung,the Unordnung,词,NOUN,C1
the Unrechnung,the Unrechnung,词,NOUN,C1
the Unsammlung,the Unsammlung,词,NOUN,C1
the Unsteigerung,the Unsteigerung,词,NOUN,C1
the Unstoff,the Unstoff,词,NOUN,C1
the Unterbewegung,the Unterbewegung,词,NOUN,C1
the Unterbildung,the Unterbildung,词,NOUN,C1
the Unterbindung,the Unterbindung,词,NOUN,C1
the Unterform,the Unterform,词,NOUN,C1
the Unterhandlung,the Unterhandlung,词,NOUN,C1
the Unterkraft,the Unterkraft,词,NOUN,C1
the Untermacht,the Untermacht,词,NOUN,C1
the Untermessung,the Untermessung,词,NOUN,C1
the Unterminderung,the Unterminderung,词,NOUN,C1
the Untermischung,the Untermischung,词,NOUN,C1
the Unterrechnung,the Unterrechnung,词,NOUN,C1
the Untersammlung,the Untersammlung,词,NOUN,C1
the Untersteigerung,the Untersteigerung,词,NOUN,C1
the Unterstellung,the Unterstellung,词,NOUN,C1
the Unterstoff,the Unterstoff,词,NOUN,C1
the Unterverbesserung,the Unterverbesserung,词,NOUN,C1
the Untervereinfachung,the Untervereinfachung,词,NOUN,C1
the Untervertiefung,the Untervertiefung,词,NOUN,C1
the Unterwandlung,the Unterwandlung,词,NOUN,C1
the Unterwendung,the Unterwendung,词,NOUN,C1
the Unterwerk,the Unterwerk,词,NOUN,C1
the Unterwert,the Unterwert,词,NOUN,C1
the Unverbesserung,the Unverbesserung,词,NOUN,C1
the Unvereinfachung,the Unvereinfachung,词,NOUN,C1
the Unvertiefung,the Unvertiefung,词,NOUN,C1
the Unwerk,the Unwerk,词,NOUN,C1
the Unwert,the Unwert,词,NOUN,C1
the Urbildung,the Urbildung,词,NOUN,C1
the Urbindung,the Urbindung,词,NOUN,C1
the Urerweiterung,the Urerweiterung,词,NOUN,C1
the Urform,the Urform,词,NOUN,C1
the Urhandlung,the Urhandlung,词,NOUN,C1
the Urkraft,the Urkraft,词,NOUN,C1
the Urleitung,the Urleitung,词,NOUN,C1
the Urmacht,the Urmacht,词,NOUN,C1
the Urmessung,the Urmessung,词,NOUN,C1
the Urminderung,the Urminderung,词,NOUN,C1
the Urordnung,the Urordnung,词,NOUN,C1
the Ursteigerung,the Ursteigerung,词,NOUN,C1
the Urvereinfachung,the Urvereinfachung,词,NOUN,C1
the Urwandlung,the Urwandlung,词,NOUN,C1
the Urwendung,the Urwendung,词,NOUN,C1
the Urwerk,the Urwerk,词,NOUN,C1
the Urwert,the Urwert,词,NOUN,C1
the Verbewegung,the Verbewegung,词,NOUN,C1
the Verbildung,the Verbildung,词,NOUN,C1
the Verbindung,the Verbindung,词,NOUN,C1
the Vererweiterung,the Vererweiterung,词,NOUN,C1
the Verheilung,the Verheilung,词,NOUN,C1
the Verkraft,the Verkraft,词,NOUN,C1
the Verleitung,the Verleitung,词,NOUN,C1
the Vermessung,the Vermessung,词,NOUN,C1
the Vermischung,the Vermischung,词,NOUN,C1
the Verordnung,the Verordnung,词,NOUN,C1
the Verrechnung,the Verrechnung,词,NOUN,C1
the Verstbewegung,the Verstbewegung,词,NOUN,C1
the Verstbildung,the Verstbildung,词,NOUN,C1
the Versteigerung,the Versteigerung,词,NOUN,C1
the Versterweiterung,the Versterweiterung,词,NOUN,C1
the Verstform,the Verstform,词,NOUN,C1
the Verstheilung,the Verstheilung,词,NOUN,C1
the Verstkraft,the Verstkraft,词,NOUN,C1
the Verstmacht,the Verstmacht,词,NOUN,C1
the Verstmessung,the Verstmessung,词,NOUN,C1
the Verstminderung,the Verstminderung,词,NOUN,C1
the Verstmischung,the Verstmischung,词,NOUN,C1
the Verstoff,the Verstoff,词,NOUN,C1
the Verstordnung,the Verstordnung,词,NOUN,C1
the Verstrechnung,the Verstrechnung,词,NOUN,C1
the Verstsammlung,the Verstsammlung,词,NOUN,C1
the Verststeigerung,the Verststeigerung,词,NOUN,C1
the Verststellung,the Verststellung,词,NOUN,C1
the Verstverbesserung,the Verstverbesserung,词,NOUN,C1
the Verstvertiefung,the Verstvertiefung,词,NOUN,C1
the Verstwandlung,the Verstwandlung,词,NOUN,C1
the Verstwendung,the Verstwendung,词,NOUN,C1
the Verstwert,the Verstwert,词,NOUN,C1
the Ververeinfachung,the Ververeinfachung,词,NOUN,C1
the Verwendung,the Verwendung,词,NOUN,C1
the Verwerk,the Verwerk,词,NOUN,C1
the Verwert,the Verwert,词,NOUN,C1
the Vorbewegung,the Vorbewegung,词,NOUN,C1
the Vorbildung,the Vorbildung,词,NOUN,C1
the Vorform,the Vorform,词,NOUN,C1
the Vorhandlung,the Vorhandlung,词,NOUN,C1
the Vorheilung,the Vorheilung,词,NOUN,C1
the Vorleitung,the Vorleitung,词,NOUN,C1
the Vormacht,the Vormacht,词,NOUN,C1
the Vormessung,the Vormessung,词,NOUN,C1
the Vorminderung,the Vorminderung,词,NOUN,C1
the Vormischung,the Vormischung,词,NOUN,C1
the Vorsammlung,the Vorsammlung,词,NOUN,C1
the Vorsteigerung,the Vorsteigerung,词,NOUN,C1
the Vorstoff,the Vorstoff,词,NOUN,C1
the Vorvereinfachung,the Vorvereinfachung,词,NOUN,C1
the Vorvertiefung,the Vorvertiefung,词,NOUN,C1
the Vorwandlung,the Vorwandlung,词,NOUN,C1
the Vorwendung,the Vorwendung,词,NOUN,C1
the Vorwerk,the Vorwerk,词,NOUN,C1
the Weitbewegung,the Weitbewegung,词,NOUN,C1
the Weitbildung,the Weitbildung,词,NOUN,C1
the Weitbindung,the Weitbindung,词,NOUN,C1
the Weiterweiterung,the Weiterweiterung,词,NOUN,C1
the Weitform,the Weitform,词,NOUN,C1
the Weithandlung,the Weithandlung,词,NOUN,C1
the Weitkraft,the Weitkraft,词,NOUN,C1
the Weitleitung,the Weitleitung,词,NOUN,C1
the Weitmacht,the Weitmacht,词,NOUN,C1
the Weitmessung,the Weitmessung,词,NOUN,C1
the Weitrechnung,the Weitrechnung,词,NOUN,C1
the Weitsammlung,the Weitsammlung,词,NOUN,C1
the Weitstellung,the Weitstellung,词,NOUN,C1
the Weitvereinfachung,the Weitvereinfachung,词,NOUN,C1
the Weitvertiefung,the Weitvertiefung,词,NOUN,C1
the Weitwandlung,the Weitwandlung,词,NOUN,C1
the Weitwerk,the Weitwerk,词,NOUN,C1
the Weitwert,the Weitwert,词,NOUN,C1
the Zerbewegung,the Zerbewegung,词,NOUN,C1
the Zerbindung,the Zerbindung,词,NOUN,C1
the Zerform,the Zerform,词,NOUN,C1
the Zerheilung,the Zerheilung,词,NOUN,C1
the Zerleitung,the Zerleitung,词,NOUN,C1
the Zermacht,the Zermacht,词,NOUN,C1
the Zermessung,the Zermessung,词,NOUN,C1
the Zerminderung,the Zerminderung,词,NOUN,C1
the Zermischung,the Zermischung,词,NOUN,C1
the Zersammlung,the Zersammlung,词,NOUN,C1
the Zersteigerung,the Zersteigerung,词,NOUN,C1
the Zerstellung,the Zerstellung,词,NOUN,C1
the Zerstoff,the Zerstoff,词,NOUN,C1
the Zerverbesserung,the Zerverbesserung,词,NOUN,C1
the Zervertiefung,the Zervertiefung,词,NOUN,C1
the Zerwandlung,the Zerwandlung,词,NOUN,C1
the Zerwendung,the Zerwendung,词,NOUN,C1
the Zerwerk,the Zerwerk,词,NOUN,C1
the Zerwert,the Zerwert,词,NOUN,C1
the Zubewegung,the Zubewegung,词,NOUN,C1
the Zubildung,the Zubildung,词,NOUN,C1
the Zubindung,the Zubindung,词,NOUN,C1
the Zuerweiterung,the Zuerweiterung,词,NOUN,C1
the Zuform,the Zuform,词,NOUN,C1
the Zuheilung,the Zuheilung,词,NOUN,C1
the Zukraft,the Zukraft,词,NOUN,C1
the Zuleitung,the Zuleitung,词,NOUN,C1
the Zumacht,the Zumacht,词,NOUN,C1
the Zumessung,the Zumessung,词,NOUN,C1
the Zuminderung,the Zuminderung,词,NOUN,C1
the Zumischung,the Zumischung,词,NOUN,C1
the Zuordnung,the Zuordnung,词,NOUN,C1
the Zusammlung,the Zusammlung,词,NOUN,C1
the Zusteigerung,the Zusteigerung,词,NOUN,C1
the Zustellung,the Zustellung,词,NOUN,C1
the Zustoff,the Zustoff,词,NOUN,C1
the Zuverbesserung,the Zuverbesserung,词,NOUN,C1
the Zuvereinfachung,the Zuvereinfachung,词,NOUN,C1
the Zuvertiefung,the Zuvertiefung,词,NOUN,C1
the Zuwendung,the Zuwendung,词,NOUN,C1
the Zuwerk,the Zuwerk,词,NOUN,C1
the Zuwert,the Zuwert,词,NOUN,C1
the abbindung,the abbindung,复合词,NOUN,B2
the abgrund,the abgrund,名词,NOUN,B2
the abhandlung,the abhandlung,复合词,NOUN,B2
the abhang,the abhang,名词,NOUN,B2
the abheilung,the abheilung,复合词,NOUN,B2
the abholung,the abholung,名词,NOUN,B2
the abkraft,the abkraft,复合词,NOUN,B2
the abmessung,the abmessung,复合词,NOUN,B2
the abordnung,the abordnung,复合词,NOUN,B2
the absteigerung,the absteigerung,复合词,NOUN,B2
the abstoff,the abstoff,复合词,NOUN,B2
the abweisung,the abweisung,名词,NOUN,B2
the abwert,the abwert,复合词,NOUN,B2
the abwurf,the abwurf,名词,NOUN,B2
the ackerbau,the ackerbau,名词,NOUN,B2
the adoption,the adoption,名词,NOUN,B2
the adressat,the adressat,名词,NOUN,B2
the akademie,the akademie,名词,NOUN,B2
the akkord,the akkord,名词,NOUN,B2
the akkumulator,the akkumulator,名词,NOUN,B2
the aktion,the aktion,名词,NOUN,B2
the aktivist,the aktivist,名词,NOUN,B2
the aktnadel,the aktnadel,名词,NOUN,B2
the aktpunkt,the aktpunkt,名词,NOUN,B2
the aktuar,the aktuar,名词,NOUN,B2
the albatros,the albatros,名词,NOUN,B2
the alias,the alias,名词,NOUN,B2
the allianz,the allianz,名词,NOUN,B2
the alpen,the alpen,名词,NOUN,B2
the alphabet,the alphabet,名词,NOUN,B2
the alpinismus,the alpinismus,名词,NOUN,B2
the altertum,the altertum,名词,NOUN,B2
the altruismus,the altruismus,名词,NOUN,B2
the amboss,the amboss,名词,NOUN,B2
the anbeginn,the anbeginn,名词,NOUN,B2
the anbettlung,the anbettlung,名词,NOUN,B2
the anbieter,the anbieter,名词,NOUN,B2
the anbindung,the anbindung,复合词,NOUN,B2
the anbruch,the anbruch,名词,NOUN,B2
the andrang,the andrang,名词,NOUN,B2
the anform,the anform,复合词,NOUN,B2
the angriff,the angriff,名词,NOUN,B2
the anheilung,the anheilung,复合词,NOUN,B2
the anordnung,the anordnung,复合词,NOUN,B2
the anreiz,the anreiz,名词,NOUN,B2
the ansage,the ansage,名词,NOUN,B2
the anschlag,the anschlag,名词,NOUN,B2
the anteil,the anteil,名词,NOUN,B2
the antrag,the antrag,名词,NOUN,B2
the anvereinfachung,the anvereinfachung,复合词,NOUN,B2
the anwerk,the anwerk,复合词,NOUN,B2
the aufbewegung,the aufbewegung,复合词,NOUN,B2
the aufheilung,the aufheilung,复合词,NOUN,B2
the aufleitung,the aufleitung,复合词,NOUN,B2
the aufordnung,the aufordnung,复合词,NOUN,B2
the aufstoff,the aufstoff,复合词,NOUN,B2
the aufwandlung,the aufwandlung,复合词,NOUN,B2
the aufwendung,the aufwendung,复合词,NOUN,B2
the aufwert,the aufwert,复合词,NOUN,B2
the ausbildung,the ausbildung,复合词,NOUN,B2
the auserweiterung,the auserweiterung,复合词,NOUN,B2
the aushandlung,the aushandlung,复合词,NOUN,B2
the ausleitung,the ausleitung,复合词,NOUN,B2
the ausstellung,the ausstellung,复合词,NOUN,B2
the ausvertiefung,the ausvertiefung,复合词,NOUN,B2
the auswendung,the auswendung,复合词,NOUN,B2
the beerweiterung,the beerweiterung,复合词,NOUN,B2
the bekraft,the bekraft,复合词,NOUN,B2
the beleitung,the beleitung,复合词,NOUN,B2
the bemessung,the bemessung,复合词,NOUN,B2
the beminderung,the beminderung,复合词,NOUN,B2
the beordnung,the beordnung,复合词,NOUN,B2
the berechnung,the berechnung,复合词,NOUN,B2
the best,the best,词,NOUN,C1
the bevereinfachung,the bevereinfachung,复合词,NOUN,B2
the bevertiefung,the bevertiefung,复合词,NOUN,B2
the bewendung,the bewendung,复合词,NOUN,B2
the career,the career,职业生涯,NOUN,B2
the cash register,the cash register,收银台,NOUN,B2
the casinos,the casinos,赌场,NOUN,B2
the cavalry,the cavalry,骑兵,NOUN,B2
the chain,the chain,链条,NOUN,B2
the chinese,the chinese,中国人,NOUN,B2
the day after tomorrow,the day after tomorrow,后天,ADV,B2
the day after tomorrow (noun),the day after tomorrow,词,NOUN,B2
the day before yesterday,the day before yesterday,前天,ADV,B2
the devil bastard,the devil bastard,混蛋,NOUN,B2
the einmessung,the einmessung,复合词,NOUN,B2
the einwerk,the einwerk,复合词,NOUN,B2
the emperor,the emperor,皇帝,NOUN,B2
the end,the end,尽头,NOUN,B2
the ererweiterung,the ererweiterung,复合词,NOUN,B2
the erleitung,the erleitung,复合词,NOUN,B2
the ervereinfachung,the ervereinfachung,复合词,NOUN,B2
the erwendung,the erwendung,复合词,NOUN,B2
the erzerweiterung,the erzerweiterung,复合词,NOUN,B2
the erzheilung,the erzheilung,复合词,NOUN,B2
the erzkraft,the erzkraft,复合词,NOUN,B2
the erzmischung,the erzmischung,复合词,NOUN,B2
the erzsteigerung,the erzsteigerung,复合词,NOUN,B2
the erzvertiefung,the erzvertiefung,复合词,NOUN,B2
the erzwendung,the erzwendung,复合词,NOUN,B2
the erzwerk,the erzwerk,复合词,NOUN,B2
the following,the following,词,PRON,C1
the gains do not make up for the losses,the gains do not make up for the losses,得不偿失,VERB,C1
the gebildung,the gebildung,复合词,NOUN,B2
the gebindung,the gebindung,复合词,NOUN,B2
the geform,the geform,复合词,NOUN,B2
the gemischung,the gemischung,复合词,NOUN,B2
the gestoff,the gestoff,复合词,NOUN,B2
the geverbesserung,the geverbesserung,复合词,NOUN,B2
the gewendung,the gewendung,复合词,NOUN,B2
the grundbildung,the grundbildung,复合词,NOUN,B2
the grundstoff,the grundstoff,复合词,NOUN,B2
the grundverbesserung,the grundverbesserung,复合词,NOUN,B2
the guy,the guy,那个男人,NOUN,B2
the guy's,the guy's,那个男人的,NOUN,B2
the hochbindung,the hochbindung,复合词,NOUN,B2
the hochleitung,the hochleitung,复合词,NOUN,B2
the hochminderung,the hochminderung,复合词,NOUN,B2
the hochordnung,the hochordnung,复合词,NOUN,B2
the hochsammlung,the hochsammlung,复合词,NOUN,B2
the hochsteigerung,the hochsteigerung,复合词,NOUN,B2
the hochstoff,the hochstoff,复合词,NOUN,B2
the hochvertiefung,the hochvertiefung,复合词,NOUN,B2
the house,the house,庄家,NOUN,C1
the human world,the human world,人间,NOUN,B2
the it,the it,那,DET,B2
the masculine,the masculine,词,DET,A2
the masses,the masses,大众,NOUN,C1
the missbewegung,the missbewegung,复合词,NOUN,B2
the missbildung,the missbildung,复合词,NOUN,B2
the misskraft,the misskraft,复合词,NOUN,B2
the missordnung,the missordnung,复合词,NOUN,B2
the missrechnung,the missrechnung,复合词,NOUN,B2
the missstoff,the missstoff,复合词,NOUN,B2
the missvertiefung,the missvertiefung,复合词,NOUN,B2
the mitbildung,the mitbildung,复合词,NOUN,B2
the mitheilung,the mitheilung,复合词,NOUN,B2
the mitkraft,the mitkraft,复合词,NOUN,B2
the mitordnung,the mitordnung,复合词,NOUN,B2
the mitstellung,the mitstellung,复合词,NOUN,B2
the mitverbesserung,the mitverbesserung,复合词,NOUN,B2
the more,the more,越,ADV,B2
the morning after,the morning after,词,NOUN,C1
the morning of,the morning of,词,NOUN,C1
the nachbildung,the nachbildung,复合词,NOUN,B2
the nachbindung,the nachbindung,复合词,NOUN,B2
the nachheilung,the nachheilung,复合词,NOUN,B2
the nachleitung,the nachleitung,复合词,NOUN,B2
the nachmessung,the nachmessung,复合词,NOUN,B2
the nachstoff,the nachstoff,复合词,NOUN,B2
the north pole,the north pole,北极,NOUN,B2
the one,the one,,NOUN,B2
the one (det),the one,词,DET,B1
the one (pron),the one,那个人,PRON,B1
the other day,the other day,前几天,ADV,B2
the other evening,the other evening,前几天晚上,ADV,B2
the outside world,the outside world,外界,NOUN,B2
the reason why,the reason why,之所以,SCONJ,B2
the rich,the rich,富人,NOUN,B2
the safe,the safe,保险箱,NOUN,B2
the same,the same,相同的,ADJ,B2
the same (det),the same,词,DET,A2
the same (pron),the same,词,PRON,C1
the sick,the sick,病人,NOUN,B2
the slightest amount or degree,the slightest amount or degree,丝毫,ADV,B1
the tiefbindung,the tiefbindung,复合词,NOUN,B2
the tiefleitung,the tiefleitung,复合词,NOUN,B2
the tiefrechnung,the tiefrechnung,复合词,NOUN,B2
the tiefstoff,the tiefstoff,复合词,NOUN,B2
the tiefverbesserung,the tiefverbesserung,复合词,NOUN,B2
the unbildung,the unbildung,复合词,NOUN,B2
the unleitung,the unleitung,复合词,NOUN,B2
the unminderung,the unminderung,复合词,NOUN,B2
the unmischung,the unmischung,复合词,NOUN,B2
the unseen,the unseen,词,NOUN,C1
the unstellung,the unstellung,复合词,NOUN,B2
the untererweiterung,the untererweiterung,复合词,NOUN,B2
the unterheilung,the unterheilung,复合词,NOUN,B2
the unterleitung,the unterleitung,复合词,NOUN,B2
the unterordnung,the unterordnung,复合词,NOUN,B2
the unwandlung,the unwandlung,复合词,NOUN,B2
the unwendung,the unwendung,复合词,NOUN,B2
the urbewegung,the urbewegung,复合词,NOUN,B2
the urheilung,the urheilung,复合词,NOUN,B2
the urmischung,the urmischung,复合词,NOUN,B2
the urrechnung,the urrechnung,复合词,NOUN,B2
the ursammlung,the ursammlung,复合词,NOUN,B2
the urstellung,the urstellung,复合词,NOUN,B2
the urstoff,the urstoff,复合词,NOUN,B2
the urverbesserung,the urverbesserung,复合词,NOUN,B2
the urvertiefung,the urvertiefung,复合词,NOUN,B2
the verform,the verform,复合词,NOUN,B2
the verhandlung,the verhandlung,复合词,NOUN,B2
the vermacht,the vermacht,复合词,NOUN,B2
the verminderung,the verminderung,复合词,NOUN,B2
the verstbindung,the verstbindung,复合词,NOUN,B2
the verstellung,the verstellung,复合词,NOUN,B2
the versthandlung,the versthandlung,复合词,NOUN,B2
the verstleitung,the verstleitung,复合词,NOUN,B2
the verststoff,the verststoff,复合词,NOUN,B2
the verstvereinfachung,the verstvereinfachung,复合词,NOUN,B2
the verstwerk,the verstwerk,复合词,NOUN,B2
the ververbesserung,the ververbesserung,复合词,NOUN,B2
the ververtiefung,the ververtiefung,复合词,NOUN,B2
the verwandlung,the verwandlung,复合词,NOUN,B2
the very,the very,正是,ADV,B2
the vorbindung,the vorbindung,复合词,NOUN,B2
the vorerweiterung,the vorerweiterung,复合词,NOUN,B2
the vorkraft,the vorkraft,复合词,NOUN,B2
the vorordnung,the vorordnung,复合词,NOUN,B2
the vorrechnung,the vorrechnung,复合词,NOUN,B2
the vorstellung,the vorstellung,复合词,NOUN,B2
the vorverbesserung,the vorverbesserung,复合词,NOUN,B2
the vorwert,the vorwert,复合词,NOUN,B2
the weitheilung,the weitheilung,复合词,NOUN,B2
the weitminderung,the weitminderung,复合词,NOUN,B2
the weitmischung,the weitmischung,复合词,NOUN,B2
the weitordnung,the weitordnung,复合词,NOUN,B2
the weitsteigerung,the weitsteigerung,复合词,NOUN,B2
the weitstoff,the weitstoff,复合词,NOUN,B2
the weitverbesserung,the weitverbesserung,复合词,NOUN,B2
the weitwendung,the weitwendung,复合词,NOUN,B2
the whole journey,the whole journey,一路,ADV,A2
the world,the world,天下,NOUN,B2
the zerbildung,the zerbildung,复合词,NOUN,B2
the zererweiterung,the zererweiterung,复合词,NOUN,B2
the zerhandlung,the zerhandlung,复合词,NOUN,B2
the zerkraft,the zerkraft,复合词,NOUN,B2
the zerordnung,the zerordnung,复合词,NOUN,B2
the zerrechnung,the zerrechnung,复合词,NOUN,B2
the zervereinfachung,the zervereinfachung,复合词,NOUN,B2
the zuhandlung,the zuhandlung,复合词,NOUN,B2
the zurechnung,the zurechnung,复合词,NOUN,B2
the zuwandlung,the zuwandlung,复合词,NOUN,B2
their,their,他们的,PRON,B2
them dative,them dative,词,PRON,A2
theme music,theme music,主题曲,NOUN,B2
then (noun),then,当时,NOUN,A2
then (sconj),then,我就,SCONJ,B2
then break,then break,便破,NOUN,C1
then he,then he,那他,NOUN,B2
then just,then just,就,ADV,A1
then mixed,then mixed,就杂,NOUN,C1
then-current,then-current,词,ADJ,C1
theocratic,theocratic,神权的,ADJ,B2
theodicy,theodicy,词,NOUN,C1
theorize,theorize,词,VERB,B2
there (noun),there,那儿,NOUN,B2
there (pron),there,那里,PRON,B1
there direction,there direction,词,ADV,B1
there is there are,there is there are,词,VERB,A1
there's not enough time to do sth,there's not enough time to do sth,来不及,VERB,A2
thereafter,thereafter,此后,ADV,B2
therefore (sconj),therefore,所以,SCONJ,B2
thermal,thermal,热的,ADJ,B2
thermal (noun),thermal,词,NOUN,B2
thesaurus,thesaurus,词,NOUN,C1
these,these,这些,DET,B2
these (pron),these,词,PRON,A1
these three,these three,这三,NOUN,B2
thespian,thespian,词,NOUN,C1
thetic,thetic,正题的,ADJ,B2
they female,they female,她们,PRON,B2
they things,they things,它们,PRON,B2
they two,they two,词,PRON,A1
thick,thick,厚的,ADJ,B2
thick fog,thick fog,浓雾,NOUN,C1
thicker,thicker,更厚的,ADJ,B2
thicket,thicket,灌木丛,NOUN,B2
thickets,thickets,词,NOUN,B2
thickness,thickness,厚度,NOUN,B2
thief,thief,小偷,NOUN,B2
thief here,thief here,有贼呀,NOUN,C1
thief presence,thief presence,有贼,NOUN,B2
thimble,thimble,顶针,NOUN,B2
thin iron,thin iron,薄铁,NOUN,C1
thin-walled,thin-walled,隔音差的,ADJ,B2
think about,think about,词,VERB,B1
think to want,to think to want,想,VERB,B2
think up,to think up,构思,VERB,B2
thinking,thinking,思维,NOUN,B2
thinner,thinner,更薄的,ADJ,B2
thinness,thinness,瘦,NOUN,B2
third,third,三分之一,NOUN,B2
third (num),third,词,NUM,B1
third bestowal,third bestowal,三授,NOUN,B2
third place,third place,季军,NOUN,B2
thirsty,thirsty,口渴的,ADJ,B2
this,this,您这,NOUN,B2
this afternoon,this afternoon,词,ADV,B2
this battle,this battle,此战,NOUN,B2
this capital,this capital,这京,NOUN,C1
this evening,this evening,今晚,ADV,B2
this feminine,this feminine,词,DET,A1
this heart,this heart,这心,NOUN,C1
this indeed,this indeed,这倒,NOUN,B2
this is,this is,这是,ADP,B2
this item,this item,这件,NOUN,B2
this masculine,this masculine,词,DET,A1
this matter,this matter,这事,NOUN,B2
this morning,this morning,今天早上,ADV,B2
this neutral,this neutral,词,PRON,A1
this piece,this piece,这块,NOUN,C1
this poison,this poison,这毒,NOUN,B2
this room,this room,这屋里,NOUN,C1
this route,this route,这路,NOUN,B2
this sword,this sword,这剑,NOUN,B2
this time,this time,词,ADV,B1
this trick,this trick,这招,NOUN,C1
this way,this way,这样,PRON,B2
this way (adv),this way,这边,ADV,B2
this year,this year,今年,NOUN,B2
this-camp,this-camp,这营,NOUN,B2
thorn,thorn,刺,NOUN,B2
thorny,thorny,词,ADJ,C1
thoroughly,thoroughly,词,ADV,B2
thoroughness,thoroughness,彻底,NOUN,B2
those,those,那些,DET,B2
those (pron),those,词,PRON,A1
thoughtful,thoughtful,体贴的,ADJ,B2
thoughtfully,thoughtfully,体贴地,ADV,B2
thousand (noun),thousand,词,NOUN,B2
thousands,thousands,数千,NOUN,B2
thousands (num),thousands,词,NUM,B1
thrall,thrall,词,NOUN,C1
thread (verb),thread,词,VERB,C1
threadbare,threadbare,词,ADJ,C1
threads,threads,词,NOUN,B2
threat,threat,威胁,NOUN,B2
threatened,threatened,词,ADJ,C1
threats,threats,词,NOUN,C1
three (adj),three,ثلاث,ADJ,C1
three moves,three moves,三招,NOUN,C1
three times,three times,词,ADV,B2
three-d printing,three-d printing,3D打印,NOUN,B2
three-edged needle,three-edged needle,三棱针,NOUN,C1
three-sided siege,three-sided siege,三面围,NOUN,B2
threshing floor,threshing floor,词,NOUN,B2
thrifty,thrifty,节俭的,ADJ,B2
thrill (noun),thrill,词,NOUN,B2
thrilled,thrilled,词,ADJ,B2
thriving one,thriving one,词,NOUN,B2
throne,throne,王座,NOUN,B2
throng,throng,词,NOUN,C1
through,through,通过,ADP,B2
throughout,throughout,词,ADP,B1
throw away,throw away,词,VERB,C1
throw out,throw out,词,VERB,C1
throwing,throwing,词,NOUN,B2
thrust,thrust,猛推,NOUN,B2
thrust toward,thrust toward,插向,NOUN,B2
thug,thug,暴徒,NOUN,B2
thunderous,thunderous,词,ADJ,B2
thundershower,thundershower,雷阵雨,NOUN,B2
thus (cconj),thus,因此,CCONJ,A2
thus (noun),thus,那就索,NOUN,C1
thus it can be seen,thus it can be seen,由此可见,ADV,B2
thyme,thyme,词,NOUN,B2
thyroid,thyroid,词,ADJ,B2
théocratie,theocracy,神权政治,NOUN,B2
tick,tick,滴答声,NOUN,B2
tickle,tickle,发痒,NOUN,B2
tidal,tidal,潮汐,ADJ,B2
tidal flat,tidal flat,滩涂,NOUN,C1
tidal movement,tidal movement,潮汐运动,NOUN,B2
tidy (adj),tidy,词,ADJ,B2
tie,to tie,联结,VERB,B2
tie mansion,tie mansion,铁府,NOUN,B2
tiebreaker,tiebreaker,词,NOUN,C1
tied hands,tied hands,束手,NOUN,C1
tieferziehung,tieferziehung,词,NOUN,C1
tieffahrt,tieffahrt,词,NOUN,C1
tieffassung,tieffassung,词,NOUN,C1
tiefforderung,tiefforderung,词,NOUN,C1
tiefgabe,tiefgabe,词,NOUN,C1
tiefgestaltung,tiefgestaltung,词,NOUN,C1
tiefkunft,tiefkunft,词,NOUN,C1
tiefnahme,tiefnahme,词,NOUN,C1
tiefpflegung,tiefpflegung,词,NOUN,C1
tiefregelung,tiefregelung,词,NOUN,C1
tiefrichtung,tiefrichtung,词,NOUN,C1
tiefschaft,tiefschaft,词,NOUN,C1
tiefschrift,tiefschrift,词,NOUN,C1
tiefsetzung,tiefsetzung,词,NOUN,C1
tiefsicht,tiefsicht,词,NOUN,C1
tiefsinnung,tiefsinnung,词,NOUN,C1
tiefsprache,tiefsprache,词,NOUN,C1
tiefsucht,tiefsucht,词,NOUN,C1
tiefsuchung,tiefsuchung,词,NOUN,B2
tiefteilung,tiefteilung,词,NOUN,C1
tieftheilung,tieftheilung,词,NOUN,C1
tieftreibung,tieftreibung,词,NOUN,C1
tiefwandel,tiefwandel,词,NOUN,C1
tiefweisung,tiefweisung,词,NOUN,C1
tiefwirkung,tiefwirkung,词,NOUN,C1
tier,tier,分阶,NOUN,C1
tight grip,tight grip,手握紧,NOUN,B2
tight narrow,tight narrow,词,ADJ,B1
tight-lipped,tight-lipped,词,ADJ,B2
tightfisted,tightfisted,词,ADJ,C1
tightly,tightly,词,ADV,C1
tightrope walker,tightrope walker,词,NOUN,C1
timber,timber,词,NOUN,C1
timbre,timbre,词,NOUN,C1
time era,time era,词,NOUN,A2
time occasion,time occasion,次,NOUN,B2
time occurrence measure word,time occurrence measure word,次,NOUN,A1
time once,time once,词,NOUN,A2
time out,time out,词,NOUN,B2
time to go to bed,time to go to bed,该睡觉了,ADV,B2
timeline,timeline,时间线,NOUN,B2
timely,timely,适时,ADJ,B2
timetable,timetable,时刻表,NOUN,B2
timid,timid,词,ADJ,B2
timidité,timidity,胆怯,NOUN,B2
timorous,timorous,词,ADJ,C1
tingling (adj),tingling,词,ADJ,C1
tinplate,tinplate,词,NOUN,C1
tinsmith,tinsmith,词,NOUN,C1
tint (adj),tint,词,ADJ,C1
tips,tips,词,NOUN,C1
tir,shot,射击,NOUN,B2
tirage,draw out,引出,NOUN,B2
tirage de sort,fortune telling,算命,NOUN,B2
tire pressure,tire pressure,胎压,NOUN,B2
tire tread,tire tread,胎纹,NOUN,C1
tired of,tired of,,NOUN,B2
tireless,tireless,不知疲倦的,ADJ,B2
tirer,to fire,开火,VERB,B2
tirer,to shoot,射击,VERB,B2
tiresome,tiresome,累人的,ADJ,B2
tiring,tiring,令人疲倦的,ADJ,B2
tissu,cloth,布,NOUN,B2
tissu,tissue,组织,NOUN,B2
tissu de soie,silk cloth,丝绸,NOUN,B2
tissue (adj),tissue,词,ADJ,C1
titanic,titanic,词,ADJ,C1
titillate,titillate,词,VERB,C1
titling,titling,词,NOUN,C1
titre honorifique,person honorific,位,NOUN,B2
tits,tits,词,NOUN,C1
titular,titular,词,ADJ,C1
to,to,去,PART,B2
to abbauen,to abbauen,词,VERB,C1
to abbilden,to abbilden,词,VERB,C1
to abbinden,to abbinden,词,VERB,C1
to abbrechen,to abbrechen,词,VERB,C1
to abdanken,to abdanken,动词,VERB,B2
to abdichten,to abdichten,词,VERB,C1
to abfallen,to abfallen,词,VERB,C1
to abfassen,to abfassen,词,VERB,C1
to abfedern,to abfedern,词,VERB,C1
to abfinden,to abfinden,词,VERB,C1
to abflachen,to abflachen,词,VERB,C1
to abfragen,to abfragen,词,VERB,C1
to abgelten,to abgelten,词,VERB,C1
to abgrenzen,to abgrenzen,词,VERB,C1
to abhalten,to abhalten,词,VERB,C1
to abhandeln,to abhandeln,词,VERB,C1
to abheben,to abheben,词,VERB,C1
to abkapseln,to abkapseln,词,VERB,C1
to abklingen,to abklingen,词,VERB,C1
to abkoppeln,to abkoppeln,词,VERB,C1
to ablehnen,to ablehnen,词,VERB,C1
to ableiten,to ableiten,词,VERB,C1
to abliefern,to abliefern,词,VERB,C1
to abmildern,to abmildern,词,VERB,C1
to abnehmen,to abnehmen,词,VERB,C1
to abnicken,to abnicken,词,VERB,C1
to abrangieren,to abrangieren,词,VERB,C1
to absagen,to absagen,动词,VERB,B2
to absaufen,to absaufen,词,VERB,C1
to absaugen,to absaugen,词,VERB,C1
to abschaffen,to abschaffen,词,VERB,C1
to abschatten,to abschatten,词,VERB,C1
to abschauen,to abschauen,词,VERB,C1
to abschieben,to abschieben,词,VERB,C1
to abschirmen,to abschirmen,词,VERB,C1
to abschlafen,to abschlafen,动词,VERB,B2
to abschlagen,to abschlagen,词,VERB,C1
to abschleifen,to abschleifen,词,VERB,C1
to abschrecken,to abschrecken,词,VERB,C1
to abschreiben,to abschreiben,词,VERB,C1
to abschweifen,to abschweifen,动词,VERB,B2
to abschwenken,to abschwenken,词,VERB,C1
to absenden,to absenden,词,VERB,C1
to absichern,to absichern,动词,VERB,B2
to absolve,to absolve,赦免,VERB,B2
to absolvieren,to absolvieren,词,VERB,C1
to absondern,to absondern,词,VERB,C1
to absorbieren,to absorbieren,词,VERB,C1
to abspannen,to abspannen,词,VERB,C1
to abspeisen,to abspeisen,词,VERB,C1
to absprechen,to absprechen,词,VERB,C1
to abstatten,to abstatten,词,VERB,C1
to abstehen,to abstehen,词,VERB,C1
to absteigen,to absteigen,词,VERB,C1
to abstellen,to abstellen,词,VERB,C1
to abstimmen,to abstimmen,动词,VERB,B2
to abstract,to abstract,抽象,VERB,B2
to abtasten,to abtasten,词,VERB,C1
to abtauchen,to abtauchen,词,VERB,C1
to abteilen,to abteilen,动词,VERB,B2
to abtippen,to abtippen,词,VERB,C1
to abtragen,to abtragen,词,VERB,C1
to abtrainieren,to abtrainieren,词,VERB,C1
to abtreiben,to abtreiben,词,VERB,C1
to abtrennen,to abtrennen,词,VERB,C1
to abtrocken,to abtrocken,动词,VERB,B2
to abtun,to abtun,动词,VERB,B2
to abturnen,to abturnen,词,VERB,C1
to abwandeln,to abwandeln,动词,VERB,B2
to abwarten,to abwarten,词,VERB,C1
to abwaschen,to abwaschen,词,VERB,C1
to abwechseln,to abwechseln,词,VERB,C1
to abwehren,to abwehren,词,VERB,C1
to abweisen,to abweisen,词,VERB,C1
to abwenden,to abwenden,词,VERB,C1
to abwerfen,to abwerfen,词,VERB,C1
to abwickeln,to abwickeln,词,VERB,C1
to abwiegen,to abwiegen,词,VERB,C1
to abwinken,to abwinken,词,VERB,C1
to abwirken,to abwirken,词,VERB,C1
to abwischen,to abwischen,词,VERB,C1
to abzahlen,to abzahlen,词,VERB,C1
to abzeichnen,to abzeichnen,词,VERB,C1
to abzocken,to abzocken,词,VERB,C1
to abzwecken,to abzwecken,动词,VERB,B2
to abzweigen,to abzweigen,词,VERB,C1
to acclaim,to acclaim,称赞,VERB,B2
to accommodate,to accommodate,容纳,VERB,B2
to accompany you,to accompany you,陪你,VERB,C1
to account for,to account for,说明,VERB,B2
to accounting,to accounting,核算,VERB,B2
to accredit,to accredit,认可,VERB,B2
to acknowledge,to acknowledge,承认,VERB,B2
to acquaint,to acquaint,使熟悉,VERB,B2
to act as host,to act as host,做东,VERB,B2
to act as intermediary,to act as intermediary,中介,NOUN,B1
to act despotically,to act despotically,词,VERB,C1
to act on,to act on,词,VERB,B2
to act on behalf of sb in a responsible position,to act on behalf of sb in a responsible position,代理,VERB,B2
to act pitiful,to act pitiful,词,VERB,B1
to act rashly,to act rashly,妄动,VERB,B2
to act wildly to act recklessly,to act wildly to act recklessly,乱来,VERB,B2
to adduce,to adduce,引证,VERB,B2
to adhere,to adhere,坚持,VERB,B2
to administer an oath,to administer an oath,词,VERB,C1
to admit fault,to admit fault,知错,VERB,C1
to admit to confess,to admit to confess,词,VERB,A2
to adore,to adore,爱慕,VERB,B2
to afforest,to afforest,造林,VERB,B2
to age,to age,变老,VERB,B2
to aggravate,to aggravate,加重,VERB,B2
to aggregate (verb),to aggregate,词,VERB,B2
to agitate,to agitate,鼓动,VERB,B2
to agree to approve,to agree to approve,词,VERB,A2
to agree with,to agree with,词,VERB,B2
to ail,to ail,使苦恼,VERB,B2
to aim (verb),to aim,词,VERB,B2
to alienate,to alienate,使疏远,VERB,B2
to align,to align,使一致,VERB,B2
to allege,to allege,宣称,VERB,B2
to alleviate,to alleviate,缓解,VERB,B2
to allocate,to allocate,分配,VERB,B2
to allude,to allude,暗指,VERB,B2
to almost (verb),to almost,词,VERB,B2
to alter,to alter,改变,VERB,B2
to amalgamate,to amalgamate,合并,VERB,B2
to amaze,to amaze,使吃惊,VERB,B2
to ambush,to ambush,埋伏,VERB,B2
to anathematize,to anathematize,词,VERB,C1
to anesthetize,to anesthetize,麻醉,VERB,B2
to annul,to annul,废除,VERB,B2
to answer to reply,to answer to reply,词,VERB,A2
to antagonize,to antagonize,使对立,VERB,B2
to anxious for quick results,to anxious for quick results,急于求成,VERB,B2
to apostatize,to apostatize,叛教,VERB,B2
to appeal to,to appeal to,词,VERB,C1
to apply be valid,to apply be valid,适用/有效,VERB,B2
to apply for,to apply for,词,VERB,B1
to apply for a job,to apply for a job,应聘,VERB,B2
to appoint and nominate,to appoint and nominate,任命,VERB,B2
to appoint official,to appoint official,命官,VERB,C1
to archive,to archive,归档,VERB,B2
to armor,to armor,装甲,VERB,B2
to arrange a meeting,to arrange a meeting,词,VERB,B1
to arrive to,to arrive to,到,VERB,A1
to ascend to promote,to ascend to promote,上升 / 晋升,VERB,B2
to ascribe,to ascribe,归因于,VERB,B2
to ask about,to ask about,打听,VERB,B1
to ask for,to ask for,词,VERB,A1
to ask rhetorically,to ask rhetorically,反问,VERB,B2
to asphalt,to asphalt,铺沥青,VERB,B2
to asphyxiate,to asphyxiate,使窒息,VERB,B2
to assent,to assent,同意,VERB,B2
to assume office,to assume office,就任,VERB,B2
to assume to think,to assume to think,词,VERB,A2
to atrophy (verb),to atrophy,词,VERB,B2
to attach importance to,to attach importance to,重视,VERB,A2
to attain enlightenment,to attain enlightenment,得道,VERB,B2
to attempt (verb),to attempt,企图,VERB,B2
to attend class,to attend class,上课,VERB,B2
to attend to prepare,to attend to prepare,词,VERB,A2
to attenuate,to attenuate,减弱,VERB,B2
to audit (verb),to audit,审核,VERB,B2
to augur,to augur,预言,VERB,B2
to auscultate,to auscultate,听诊,VERB,B2
to authenticate,to authenticate,认证,VERB,B2
to avail oneself of,to avail oneself of,趁,ADP,B2
to avenge oneself,to avenge oneself,词,VERB,C1
to await orders,to await orders,待命,VERB,B2
to bandage (verb),to bandage,包扎,VERB,B2
to bang (verb),to bang,词,VERB,C1
to bare,to bare,暴露,VERB,B2
to bargain (verb),to bargain,词,VERB,C1
to bark scold,to bark scold,吠/责骂,VERB,B2
to battle (verb),to battle,之战,VERB,B2
to be (aux),to be,词,AUX,B2
to be able (aux),to be able,能够,AUX,B1
to be absent-minded,to be absent-minded,词,VERB,B2
to be accused,to be accused,词,VERB,B2
to be acknowledged,to be acknowledged,词,VERB,B2
to be added,to be added,加入,VERB,B2
to be addressed,to be addressed,词,VERB,B2
to be admitted,to be admitted,词,VERB,B2
to be adopted,to be adopted,词,VERB,B2
to be afraid,to be afraid,害怕,VERB,B2
to be alleged,to be alleged,被声称,VERB,B2
to be allergic,to be allergic,过敏,VERB,B2
to be allowed (verb),to be allowed,词,VERB,B2
to be allowed to,to be allowed to,词,AUX,B1
to be allowed to may,to be allowed to may,词,AUX,A1
to be amazed surprised,to be amazed surprised,惊奇,ADJ,C1
to be analyzed,to be analyzed,词,VERB,B2
to be approved,to be approved,词,VERB,B2
to be arrested,to be arrested,词,VERB,B2
to be ascribed,to be ascribed,词,VERB,B2
to be assumed,to be assumed,词,VERB,B2
to be astonished,to be astonished,词,VERB,B2
to be attempted,to be attempted,词,VERB,B2
to be attributed,to be attributed,词,VERB,B2
to be banned,to be banned,词,VERB,B2
to be based on,to be based on,基于,VERB,B2
to be believed,to be believed,词,VERB,B2
to be broadcast,to be broadcast,词,VERB,B2
to be buried,to be buried,葬身,VERB,C1
to be calculated,to be calculated,词,VERB,B2
to be cancelled,to be cancelled,词,VERB,B2
to be careful,to be careful,小心,VERB,B2
to be classified,to be classified,词,VERB,B2
to be concluded,to be concluded,词,VERB,B2
to be confirmed,to be confirmed,被证实,VERB,B2
to be considered,to be considered,词,VERB,B2
to be content,to be content,词,VERB,C1
to be contradicted,to be contradicted,词,VERB,B2
to be correct,to be correct,正确,VERB,B2
to be counted,to be counted,被算作,VERB,B2
to be created,to be created,被创造,VERB,B2
to be dazzled,to be dazzled,词,VERB,B2
to be deduced,to be deduced,词,VERB,B2
to be deemed bad,to be deemed bad,词,VERB,B2
to be deemed likely,to be deemed likely,词,VERB,B2
to be defined,to be defined,词,VERB,B2
to be delayed,to be delayed,迟到,VERB,B2
to be demanded,to be demanded,词,VERB,B2
to be denied,to be denied,词,VERB,B2
to be derived,to be derived,词,VERB,B2
to be described,to be described,词,VERB,B2
to be detained,to be detained,词,VERB,B2
to be discovered,to be discovered,词,VERB,C1
to be discussed,to be discussed,词,VERB,B2
to be disgusted with,to be disgusted with,反感,VERB,B2
to be dissonant,to be dissonant,词,VERB,C1
to be driven,to be driven,被驱动,VERB,B2
to be equivalent,to be equivalent,词,VERB,C1
to be estimated,to be estimated,词,VERB,B2
to be evaluated,to be evaluated,词,VERB,B2
to be expected,to be expected,词,VERB,B2
to be far from,to be far from,绝非,VERB,B2
to be felled,to be felled,被砍倒,VERB,B2
to be fooled,to be fooled,词,VERB,C1
to be forbidden,to be forbidden,词,VERB,B2
to be fortunate,to be fortunate,词,VERB,B1
to be full of,to be full of,充满,VERB,B1
to be good for,to be good for,词,VERB,B2
to be grandiloquent,to be grandiloquent,词,VERB,C1
to be happy,to be happy,词,VERB,A2
to be heedless,to be heedless,词,VERB,B2
to be held,to be held,词,VERB,B2
to be here,to be here,在此,VERB,B2
to be honest,to be honest,诚实,VERB,A2
to be humiliated,to be humiliated,受辱,VERB,B1
to be imagined,to be imagined,词,VERB,B2
to be in,to be in,身处,VERB,C1
to be in a state,to be in a state,处于,VERB,B2
to be in contact with,to be in contact with,相处,VERB,B2
to be in position,to be in position,就位,VERB,C1
to be included,to be included,包含,VERB,B2
to be infatuated,to be infatuated,词,VERB,B2
to be inferred,to be inferred,词,VERB,B2
to be inspected,to be inspected,词,VERB,B2
to be interrelated,to be interrelated,相关,ADJ,B1
to be judged,to be judged,词,VERB,B2
to be justified,to be justified,词,VERB,B2
to be kidnapped,to be kidnapped,词,VERB,B2
to be known,to be known,词,VERB,B2
to be liable,to be liable,负责,VERB,B2
to be located at,to be located at,位于,VERB,B2
to be location,to be location,词,VERB,A1
to be lost,to be lost,词,VERB,B1
to be made available,to be made available,词,VERB,B2
to be measured,to be measured,词,VERB,B2
to be mentioned,to be mentioned,词,VERB,B2
to be moved,to be moved,感动,VERB,B2
to be named,to be named,词,VERB,B2
to be necessary must,to be necessary must,词,VERB,A2
to be needed,to be needed,被需要,VERB,B2
to be nicknamed,to be nicknamed,词,VERB,B2
to be not,to be not,词,VERB,A1
to be noticeable,to be noticeable,词,VERB,C1
to be noticed,to be noticed,被注意到,VERB,B2
to be observed,to be observed,词,VERB,B2
to be on person,to be on person,在身,VERB,C1
to be ongoing,to be ongoing,进行中,VERB,B2
to be open for business,to be open for business,营业,VERB,B2
to be out,to be out,出局,VERB,B2
to be out of tune,to be out of tune,词,VERB,C1
to be overdue,to be overdue,过期,VERB,B2
to be pardoned,to be pardoned,词,VERB,B2
to be pedantic,to be pedantic,词,VERB,C1
to be possible,to be possible,词,VERB,A1
to be predicted,to be predicted,词,VERB,B2
to be pregnant,to be pregnant,怀孕,VERB,B2
to be preoccupied,to be preoccupied,词,VERB,B2
to be presented,to be presented,词,VERB,B2
to be proper,to be proper,体统,VERB,B2
to be prosecuted,to be prosecuted,词,VERB,B2
to be proven,to be proven,被证明,VERB,B2
to be published,to be published,词,VERB,B2
to be punished,to be punished,受罚,VERB,B2
to be puzzled,to be puzzled,困惑,VERB,B2
to be received,to be received,词,VERB,B2
to be reckless,to be reckless,肆,VERB,B1
to be refuted,to be refuted,词,VERB,B2
to be related,to be related,词,VERB,C1
to be released,to be released,词,VERB,B2
to be relentless,to be relentless,词,VERB,C1
to be reluctant to part with,to be reluctant to part with,舍不得,VERB,B2
to be renowned,to be renowned,词,VERB,B2
to be requested,to be requested,词,VERB,B2
to be researched,to be researched,词,VERB,B2
to be responsible,to be responsible,负责,VERB,B2
to be said,to be said,词,VERB,B2
to be saved,to be saved,获救,VERB,B2
to be scarce,to be scarce,词,VERB,C1
to be seen,to be seen,词,VERB,B2
to be shy,to be shy,词,VERB,A2
to be skeptical,to be skeptical,怀疑,VERB,B2
to be sleepy,to be sleepy,我困,VERB,B2
to be sought,to be sought,词,VERB,B2
to be startled,to be startled,词,VERB,C1
to be struck,to be struck,被打击,VERB,B2
to be stuck,to be stuck,卡住,VERB,B2
to be studied,to be studied,词,VERB,B2
to be subject to,to be subject to,词,VERB,B2
to be suited,to be suited,词,VERB,B2
to be summoned,to be summoned,词,VERB,B2
to be taken,to be taken,被拿走,VERB,B2
to be taken in,to be taken in,上当,VERB,B2
to be tested,to be tested,词,VERB,B2
to be tired of,to be tired of,厌倦,VERB,B2
to be transferred,to be transferred,词,VERB,B2
to be translated,to be translated,词,VERB,B2
to be treated,to be treated,词,VERB,B2
to be tricked,to be tricked,被欺骗,VERB,B2
to be tried,to be tried,词,VERB,B2
to be unable,to be unable,无法,VERB,B1
to be unaware,to be unaware,不知道,VERB,B2
to be understood,to be understood,词,VERB,B2
to be unharmed,to be unharmed,无恙,VERB,B2
to be unnecessary,to be unnecessary,词,VERB,C1
to be unworthy,to be unworthy,词,VERB,C1
to be valid,to be valid,有效,VERB,B2
to be vigilant,to be vigilant,词,VERB,B2
to be visible,to be visible,可见,VERB,B2
to be widowed,to be widowed,词,VERB,C1
to be willing (aux),to be willing,愿意,AUX,B2
to be willing (verb),to be willing,能心,VERB,C1
to be with,to be with,和你,VERB,B2
to be worthy,to be worthy,词,VERB,B2
to be worthy of,to be worthy of,不愧,ADV,B2
to bear fruit,to bear fruit,词,VERB,C1
to beat up,to beat up,词,VERB,C1
to beatify,to beatify,宣福,VERB,B2
to beautify,to beautify,美化,VERB,B2
to become absorbed,to become absorbed,词,VERB,C1
to become alert,to become alert,词,VERB,B2
to become bold,to become bold,词,VERB,C1
to become certain,to become certain,词,VERB,B2
to become gangrenous,to become gangrenous,词,VERB,C1
to become independent,to become independent,词,VERB,C1
to become inflamed,to become inflamed,发炎,VERB,B2
to become invalid,to become invalid,作废,VERB,B2
to become minister,to become minister,词,VERB,C1
to become poor,to become poor,词,VERB,B2
to beep (verb),to beep,词,VERB,C1
to befriend,to befriend,与...交朋友,VERB,B2
to beget,to beget,引起,VERB,B2
to behave rudely,to behave rudely,词,VERB,C1
to behold,to behold,注视,VERB,B2
to beschieten,to beschieten,词,VERB,C1
to bet invest,to bet invest,下注/投资,VERB,B2
to bevriezen,to bevriezen,词,VERB,C1
to bewitch,to bewitch,迷住,VERB,B2
to bicker,to bicker,争吵,VERB,B2
to bid farewell,to bid farewell,词,VERB,B1
to bide,to bide,等待,VERB,B2
to bifurcate,to bifurcate,分叉,VERB,B2
to bisect,to bisect,平分,VERB,B2
to blaspheme,to blaspheme,亵渎,VERB,B2
to blaze (verb),to blaze,词,VERB,B2
to blind (verb),to blind,词,VERB,B2
to blink,to blink,眨眼,VERB,B2
to blow up,to blow up,炸毁,VERB,B2
to bluff,to bluff,虚张声势,VERB,B2
to blunder,to blunder,犯大错,VERB,B2
to boil cook,to boil cook,词,VERB,B1
to boost,to boost,促进,VERB,B2
to border (verb),to border,接壤,VERB,B2
to border on,to border on,词,VERB,C1
to botch,to botch,搞砸,VERB,B2
to bottle (verb),to bottle,词,VERB,C1
to box,to box,拳击,VERB,B2
to brandish,to brandish,挥舞,VERB,B2
to brawl (verb),to brawl,词,VERB,B1
to breach (verb),to breach,词,VERB,C1
to break a pledge,to break a pledge,词,VERB,C1
to break a record,to break a record,打破纪录,VERB,B2
to break away,to break away,词,VERB,C1
to break in,to break in,词,VERB,B2
to break off,to break off,中断,VERB,B2
to break out,to break out,爆发,VERB,B2
to break the back,to break the back,词,VERB,C1
to breathe again,to breathe again,松口气,VERB,B2
to bribe (verb),to bribe,行贿,VERB,B2
to bridle,to bridle,给...上笼头,VERB,B2
to bring about,to bring about,促成,VERB,B2
to bring along,to bring along,词,VERB,B1
to bring here,to bring here,词,VERB,C1
to bring lead,to bring lead,带来/引导,VERB,B2
to bring to,to bring to,带到,VERB,B2
to brood,to brood,沉思,VERB,B2
to bullshit,to bullshit,胡扯,VERB,B2
to bully,to bully,欺凌,VERB,B2
to bump,to bump,碰撞,VERB,B2
to bump push,to bump push,推/碰撞,VERB,B2
to bungle,to bungle,搞砸,VERB,B2
to burden (verb),to burden,词,VERB,B2
to burn food,to burn food,词,VERB,C1
to calcify,to calcify,词,VERB,C1
to calibrate,to calibrate,校准,VERB,B2
to call back,to call back,词,VERB,B2
to call name,to call name,词,VERB,A2
to call ring,to call ring,打电话,VERB,B2
to call to contact,to call to contact,词,VERB,A2
to calm down,to calm down,使平静,VERB,B2
to camouflage,to camouflage,伪装,VERB,B2
to canonize,to canonize,词,VERB,B2
to capitalize,to capitalize,利用,VERB,B2
to capitulate,to capitulate,投降,VERB,B2
to captain (verb),to captain,词,VERB,B2
to captivate,to captivate,迷住,VERB,B2
to care about,to care about,关心,VERB,A1
to carry on,to carry on,词,VERB,C1
to cash (verb),to cash,兑现,VERB,B2
to cast (verb),to cast,词,VERB,B2
to catalyze,to catalyze,催化,VERB,B2
to catch a cold,to catch a cold,感冒,VERB,A1
to catch cold,to catch cold,着凉,VERB,B1
to catechize,to catechize,词,VERB,B2
to categorize,to categorize,分类,VERB,B2
to cause death,to cause death,害死,VERB,C1
to cause remorse,to cause remorse,词,VERB,B2
to cauterize,to cauterize,烧灼,VERB,B2
to center,to center,居中,VERB,B2
to chain (verb),to chain,词,VERB,C1
to chair (verb),to chair,词,VERB,C1
to change clothes,to change clothes,更衣,VERB,B1
to change trains,to change trains,词,VERB,A1
to charge (verb),to charge,充电,VERB,B2
to cheer on,to cheer on,加油,VERB,B2
to chirp,to chirp,啁啾,VERB,B2
to chisel (verb),to chisel,词,VERB,B2
to circle (verb),to circle,词,VERB,B2
to circumcise,to circumcise,割礼,VERB,B2
to clash (verb),to clash,词,VERB,C1
to clear one's throat,to clear one's throat,词,VERB,C1
to clear up,to clear up,词,VERB,C1
to climb a mountain,to climb a mountain,爬山,VERB,B2
to climb mountain,to climb mountain,上山,VERB,C1
to climb rise,to climb rise,词,VERB,C1
to cling to,to cling to,词,VERB,B2
to cloister (verb),to cloister,词,VERB,C1
to clone (verb),to clone,词,VERB,C1
to close a deal,to close a deal,成交,VERB,C1
to close eyes,to close eyes,闭眼,VERB,B2
to cloy,to cloy,使厌烦,VERB,B2
to cluster (verb),to cluster,词,VERB,B2
to coagulate,to coagulate,词,VERB,B2
to coax,to coax,哄骗,VERB,B2
to codify,to codify,编纂,VERB,B2
to coerce,to coerce,强迫,VERB,B2
to cohabit,to cohabit,词,VERB,B2
to coil (verb),to coil,词,VERB,C1
to coin (verb),to coin,词,VERB,B2
to collate,to collate,核对,VERB,B2
to combat (verb),to combat,战斗,VERB,B2
to come (aux),to come,就来,AUX,C1
to come down,to come down,下来,VERB,B2
to come forward,to come forward,前来,VERB,B2
to come loose,to come loose,松脱,VERB,B2
to come true,to come true,词,VERB,B2
to comment (verb),to comment,词,VERB,B2
to comment on,to comment on,词,VERB,C1
to commentate,to commentate,评论,VERB,B2
to commercialize,to commercialize,商业化,VERB,B2
to commission,to commission,委托,VERB,B2
to commit fraud,to commit fraud,舞弊,VERB,B2
to compact (verb),to compact,词,VERB,C1
to compile,to compile,编译,VERB,B2
to complement,to complement,补充,VERB,B2
to compliment (verb),to compliment,词,VERB,C1
to compose (noun),to compose,合成,NOUN,B2
to computerize,to computerize,词,VERB,C1
to concern all,to concern all,凡事,VERB,B2
to conclude an agreement,to conclude an agreement,词,VERB,C1
to concretize,to concretize,词,VERB,C1
to condescend,to condescend,屈尊,VERB,B2
to condone,to condone,宽恕,VERB,B2
to conduct (verb),to conduct,指挥,VERB,B2
to confine,to confine,限制,VERB,B2
to connote,to connote,暗示,VERB,B2
to consider think,to consider think,考虑/思考,VERB,B2
to consign,to consign,移交,VERB,B2
to constipate,to constipate,词,VERB,C1
to constitutionalize,to constitutionalize,词,VERB,C1
to consult a reference,to consult a reference,参照,VERB,B2
to consummate,to consummate,完成,VERB,B2
to contend,to contend,主张,VERB,B2
to contextualize,to contextualize,置于语境,VERB,B2
to cook fix,to cook fix,做/修理,VERB,B2
to cope,to cope,应付,VERB,B2
to correspond (! verb),to correspond,词,! VERB,C1
to corrode,to corrode,腐蚀,VERB,B2
to countersign,to countersign,副署,VERB,B2
to court (verb),to court,词,VERB,B2
to cover retreat,to cover retreat,断后,VERB,C1
to cover up,to cover up,掩盖,VERB,B2
to covet,to covet,觊觎,VERB,B2
to crack seeds,to crack seeds,嗑,VERB,B2
to cram,to cram,填鸭式学习,VERB,B2
to crash,to crash,碰撞,VERB,B2
to creak,to creak,嘎吱作响,VERB,B2
to crossbreed,to crossbreed,杂交,VERB,B2
to crow (verb),to crow,词,VERB,C1
to crowd together,to crowd together,挤在一起,VERB,B2
to cry out,to cry out,词,VERB,B2
to culminate,to culminate,达到顶点,VERB,B2
to curtail,to curtail,削减,VERB,B2
to curve,to curve,弯曲,VERB,B2
to cushion (verb),to cushion,词,VERB,B2
to cut robe,to cut robe,割袍,VERB,B2
to cut the ribbon,to cut the ribbon,剪彩,VERB,B2
to cycle (verb),to cycle,循环,VERB,B2
to dampen,to dampen,使潮湿,VERB,B2
to dare to,to dare to,勇于,VERB,B2
to date,to date,注明日期,VERB,B2
to daunt,to daunt,使气馁,VERB,B2
to dawn (verb),to dawn,词,VERB,C1
to daydream,to daydream,幻想,VERB,B2
to daze,to daze,使茫然,VERB,B2
to deactivate,to deactivate,词,VERB,C1
to deafen,to deafen,使聋,VERB,B2
to deal,to deal,处理,VERB,B2
to debut,to debut,首次亮相,VERB,B2
to decant,to decant,倾析,VERB,B2
to decentralize,to decentralize,去中心化,VERB,B2
to decide determine,to decide determine,决定/确定,VERB,B2
to decimate,to decimate,大量削减,VERB,B2
to declare oneself,to declare oneself,词,VERB,B2
to declassify,to declassify,解密,VERB,B2
to decode,to decode,解码,VERB,B2
to decompress,to decompress,解压,VERB,B2
to decontextualize,to decontextualize,词,VERB,C1
to defame,to defame,诽谤,VERB,B2
to default (verb),to default,拖欠,VERB,B2
to defect (verb),to defect,叛变,VERB,B2
to defect to the enemy,to defect to the enemy,投敌,VERB,B2
to defend oneself,to defend oneself,词,VERB,B2
to defer,to defer,推迟,VERB,B2
to deflate,to deflate,使泄气,VERB,B2
to deform,to deform,使变形,VERB,B2
to deify,to deify,神化,VERB,B2
to deign,to deign,屈尊,VERB,B2
to dejta,to dejta,约会,VERB,B2
to delegitimize,to delegitimize,词,VERB,C1
to delimit,to delimit,词,VERB,C1
to delineate,to delineate,描绘,VERB,B2
to deliver to give as gift,to deliver to give as gift,送,VERB,B2
to delude oneself,to delude oneself,词,VERB,B2
to demarcate,to demarcate,划定界限,VERB,B2
to demilitarize,to demilitarize,非军事化,VERB,B2
to democratize,to democratize,民主化,VERB,B2
to denature,to denature,使变性,VERB,B2
to denigrate,to denigrate,诋毁,VERB,B2
to denominate,to denominate,命名,VERB,B2
to denote,to denote,表示,VERB,B2
to densify,to densify,词,VERB,C1
to depersonalize,to depersonalize,词,VERB,C1
to depilate,to depilate,脱毛,VERB,B2
to depopulate,to depopulate,使人口减少,VERB,B2
to deport,to deport,驱逐出境,VERB,B2
to deposit money,to deposit money,储蓄,VERB,B2
to deprave,to deprave,使堕落,VERB,B2
to depreciate,to depreciate,贬值,VERB,B2
to depress,to depress,使沮丧,VERB,B2
to deputize,to deputize,词,VERB,C1
to deregister,to deregister,注销,VERB,B2
to descend from,to descend from,起源于,VERB,B2
to desertify,to desertify,词,VERB,C1
to desolate (verb),to desolate,词,VERB,C1
to despair (verb),to despair,词,VERB,C1
to destroy (noun),to destroy,毁掉,NOUN,B2
to detest,to detest,厌恶,VERB,B2
to dethrone,to dethrone,废黜,VERB,B2
to detract,to detract,贬低,VERB,B2
to die for,to die for,死要,VERB,B2
to diet,to diet,减肥,VERB,B2
to digitalize,to digitalize,词,VERB,C1
to digitize,to digitize,数字化,VERB,B2
to dilute,to dilute,稀释,VERB,B2
to dirty (verb),to dirty,词,VERB,C1
to disabuse,to disabuse,纠正错误想法,VERB,B2
to disappear to vanish,to disappear to vanish,词,VERB,A2
to disarrange,to disarrange,弄乱,VERB,B2
to disarray (verb),to disarray,词,VERB,C1
to discern,to discern,辨别,VERB,B2
to discipline (verb),to discipline,处分,VERB,B2
to disconcert,to disconcert,使惊慌,VERB,B2
to disconsole,to disconsole,词,VERB,C1
to discriminate,to discriminate,歧视,VERB,B2
to disdain (verb),to disdain,词,VERB,C1
to disdain as beneath contempt,to disdain as beneath contempt,不屑一顾,VERB,B2
to disentail,to disentail,词,VERB,C1
to disentangle,to disentangle,解开,VERB,B2
to disfavor,to disfavor,不利于,VERB,B2
to disfigure,to disfigure,毁容,VERB,B2
to dishearten,to dishearten,使沮丧,VERB,B2
to dishevel,to dishevel,弄乱,VERB,B2
to disinherit,to disinherit,剥夺继承权,VERB,B2
to disintegrate,to disintegrate,瓦解,VERB,B2
to disjoint (verb),to disjoint,词,VERB,C1
to dismay,to dismay,使沮丧,VERB,B2
to dismiss fire,to dismiss fire,解雇,VERB,B2
to dismiss from office,to dismiss from office,词,VERB,C1
to disperse,to disperse,分散,VERB,B2
to display to bring into play,to display to bring into play,发挥,VERB,B1
to dispose,to dispose,处理,VERB,B2
to dispossess,to dispossess,剥夺,VERB,B2
to disproportion (verb),to disproportion,词,VERB,C1
to disqualify,to disqualify,取消资格,VERB,B2
to disrespect (verb),to disrespect,词,VERB,C1
to dissent (verb),to dissent,词,VERB,C1
to distance (verb),to distance,词,VERB,C1
to distress (verb),to distress,词,VERB,B2
to distrust (verb),to distrust,词,VERB,C1
to disturb to alarm,to disturb to alarm,惊动,VERB,C1
to disunite,to disunite,使分裂,VERB,B2
to divest,to divest,剥夺,VERB,B2
to divorce (verb),to divorce,离婚,VERB,B2
to do crafts,to do crafts,词,VERB,B1
to do harm,to do harm,伤害,VERB,B2
to do justice to,to do justice to,词,VERB,C1
to do make,to do make,词,VERB,A1
to do one's utmost,to do one's utmost,全力以赴,VERB,B2
to do sports,to do sports,运动,VERB,B2
to do what,to do what,干嘛,VERB,B2
to document (verb),to document,记录,VERB,B2
to domicile,to domicile,词,VERB,C1
to donate blood,to donate blood,献血,VERB,B2
to dote,to dote,词,VERB,B2
to drain (verb),to drain,词,VERB,C1
to drape over one's shoulders,to drape over one's shoulders,披,VERB,B1
to draw back,to draw back,词,VERB,C1
to draw support from,to draw support from,借助,VERB,B2
to draw water,to draw water,打水,VERB,B2
to drill (verb),to drill,词,VERB,B2
to drink a toast,to drink a toast,干杯,VERB,B2
to drink binge,to drink binge,狂饮,VERB,B2
to drip,to drip,滴,VERB,B2
to drive herd,to drive herd,驱赶/推动,VERB,B2
to drive there,to drive there,词,VERB,B2
to drop off,to drop off,放下,VERB,B2
to drown to sink,to drown to sink,词,VERB,A2
to dry clean,to dry clean,干洗,VERB,B2
to dry in the sun (aux),to dry in the sun,晒,AUX,B1
to dry in the sun (verb),to dry in the sun,晾晒,VERB,B2
to dry out,to dry out,词,VERB,C1
to duck,to duck,躲避,VERB,B2
to dump,to dump,抛弃,VERB,B2
to dust off,to dust off,词,VERB,C1
to each other (adv),to each other,词,ADV,C1
to earmark,to earmark,词,VERB,C1
to earn money,to earn money,挣钱,VERB,B2
to earnestly request,to earnestly request,恳请,VERB,B2
to eat animals,to eat animals,词,VERB,A2
to eavesdrop,to eavesdrop,偷听,VERB,B2
to edify,to edify,启发,VERB,B2
to eject,to eject,弹出,VERB,B2
to elapse,to elapse,流逝,VERB,B2
to elbow (verb),to elbow,词,VERB,B2
to elevate,to elevate,提升,VERB,B2
to elide,to elide,省略,VERB,B2
to elucidate,to elucidate,阐明,VERB,B2
to elude,to elude,逃避,VERB,B2
to email,to email,发邮件,VERB,B2
to embark,to embark,上船,VERB,B2
to embarrass,to embarrass,使尴尬,VERB,B2
to embolden,to embolden,使大胆,VERB,B2
to emerge one after another,to emerge one after another,层出不穷,ADJ,C1
to emigrate,to emigrate,移居国外,VERB,B2
to empty,to empty,倒空,VERB,B2
to encircle,to encircle,环绕,VERB,B2
to encode,to encode,编码,VERB,B2
to enervate,to enervate,使衰弱,VERB,B2
to engage in,to engage in,从事,VERB,B2
to engross,to engross,使全神贯注,VERB,B2
to enhance,to enhance,增强,VERB,B2
to enrage,to enrage,激怒,VERB,B2
to enrapture,to enrapture,使狂喜,VERB,B2
to enrol,to enrol,注册,VERB,B2
to enslave,to enslave,奴役,VERB,B2
to ensnare,to ensnare,诱捕,VERB,B2
to entail,to entail,牵涉,VERB,B2
to entail strenuous effort,to entail strenuous effort,吃力,NOUN,B2
to enter into,to enter into,词,VERB,B2
to enter palace,to enter palace,进宫,VERB,B1
to enter to advance,to enter to advance,进,VERB,A1
to enthrall,to enthrall,迷住,VERB,B2
to enthrone,to enthrone,立为王,VERB,B2
to enthuse,to enthuse,使热情,VERB,B2
to enunciate,to enunciate,阐明,VERB,B2
to envy (verb),to envy,羡慕,VERB,B2
to equal (verb),to equal,无异,VERB,B2
to equalize,to equalize,使相等,VERB,B2
to equate,to equate,等同,VERB,B2
to erect behave,to erect behave,建造,VERB,B2
to erode,to erode,侵蚀,VERB,B2
to espy,to espy,窥探,VERB,B2
to esteem,to esteem,推崇,VERB,B2
to eternalize,to eternalize,使永恒,VERB,B2
to ever (verb),to ever,何尝,VERB,B2
to evidence (verb),to evidence,词,VERB,C1
to exalt,to exalt,颂扬,VERB,B2
to exchange (verb),to exchange,交换,VERB,B2
to exchange currency,to exchange currency,换汇,VERB,B2
to exchange to replace,to exchange to replace,词,VERB,A2
to exclaim,to exclaim,呼喊,VERB,B2
to exculpate,to exculpate,开脱,VERB,B2
to execute by firing squad,to execute by firing squad,词,VERB,C1
to exemplify,to exemplify,举例说明,VERB,B2
to exert effort,to exert effort,使劲儿,VERB,B1
to exfoliate,to exfoliate,去角质,VERB,B2
to exist there is,to exist there is,存在/有,VERB,B2
to exit to go out,to exit to go out,出去,VERB,A2
to exorcise,to exorcise,驱魔,VERB,B2
to expectorate,to expectorate,吐痰,VERB,B2
to express sympathy,to express sympathy,慰问,VERB,C1
to expurgate,to expurgate,删节,VERB,B2
to externalize,to externalize,使外在化,VERB,B2
to extirpate,to extirpate,根除,VERB,B2
to extol,to extol,赞美,VERB,B2
to extort a bribe,to extort a bribe,索贿,VERB,B2
to extricate,to extricate,使摆脱,VERB,B2
to exude,to exude,散发,VERB,B2
to fabricate,to fabricate,捏造,VERB,B2
to fail to fulfill,to fail to fulfill,未履行,VERB,B2
to fake,to fake,伪造,VERB,B2
to fall behind,to fall behind,落后,VERB,B2
to fall crash,to fall crash,坠落/猛冲,VERB,B2
to fall down,to fall down,倒下,VERB,B2
to fall into,to fall into,陷入,VERB,B2
to fall silent,to fall silent,沉默,VERB,B2
to familiarize,to familiarize,使熟悉,VERB,B2
to fart (verb),to fart,放屁,VERB,B2
to fasten,to fasten,系紧,VERB,B2
to fatten,to fatten,养肥,VERB,B2
to fawn on,to fawn on,巴结,VERB,C1
to federate,to federate,词,VERB,C1
to feel cold,to feel cold,寒,VERB,C1
to feel dizzy,to feel dizzy,词,VERB,A2
to feel relieved,to feel relieved,放心,VERB,B2
to feel sorry for,to feel sorry for,惋惜,VERB,B2
to feel to think,to feel to think,觉得,VERB,A1
to feel wronged,to feel wronged,委屈,VERB,B2
to feign ignorance,to feign ignorance,词,VERB,C1
to fell,to fell,砍倒,VERB,B2
to fertilize,to fertilize,施肥,VERB,B2
to fight over to vie for,to fight over to vie for,争夺,VERB,B2
to figure (verb),to figure,词,VERB,C1
to file (verb),to file,词,VERB,C1
to file for record,to file for record,备案,VERB,B2
to fill in a blank,to fill in a blank,填空,VERB,A2
to finally,to finally,你可算,VERB,B2
to find employment,to find employment,就业,VERB,C1
to find medicine,to find medicine,找药,VERB,C1
to find oneself,to find oneself,处于,VERB,B2
to find you,to find you,找你,VERB,B2
to fine (verb),to fine,罚款,VERB,B2
to fit suit,to fit suit,适合,VERB,B2
to fix to prepare,to fix to prepare,词,VERB,A2
to flap,to flap,拍打,VERB,B2
to flatten,to flatten,使平坦,VERB,B2
to flee escape,to flee escape,逃跑,VERB,B2
to fleece (verb),to fleece,词,VERB,C1
to flog,to flog,鞭打,VERB,B2
to flood (verb),to flood,词,VERB,C1
to flow in,to flow in,词,VERB,C1
to flow into,to flow into,词,VERB,C1
to fluctuate,to fluctuate,波动,VERB,B2
to flush,to flush,冲洗,VERB,B2
to fluster,to fluster,使慌乱,VERB,B2
to foil (verb),to foil,词,VERB,C1
to foist,to foist,强加,VERB,B2
to follow up,to follow up,追问,VERB,B2
to food give birth,to food give birth,食物/生育,VERB,B2
to for example,to for example,比如,VERB,B2
to force-feed,to force-feed,词,VERB,C1
to forebode,to forebode,预兆,VERB,B2
to form a coalition,to form a coalition,词,VERB,C1
to formalize,to formalize,使正式化,VERB,B2
to fortify,to fortify,加强,VERB,B2
to fossilize,to fossilize,石化,VERB,B2
to fractionate,to fractionate,词,VERB,C1
to fracture (verb),to fracture,词,VERB,C1
to fragment (verb),to fragment,词,VERB,C1
to fraternize,to fraternize,勾结,VERB,B2
to frighten away,to frighten away,词,VERB,C1
to fuck,to fuck,词,VERB,B2
to fuck off,to fuck off,词,VERB,C1
to fumigate,to fumigate,熏蒸,VERB,B2
to function work,to function work,运作/起作用,VERB,B2
to furlough,to furlough,临时解雇,VERB,B2
to fuse (verb),to fuse,融合,VERB,B2
to gain,to gain,获得,VERB,B2
to gallop,to gallop,飞奔,VERB,B2
to galvanize,to galvanize,激励,VERB,B2
to gasify,to gasify,词,VERB,C1
to gather herbs,to gather herbs,采药,VERB,C1
to gather to collect,to gather to collect,词,VERB,A2
to gather to meet,to gather to meet,词,VERB,A2
to gauge,to gauge,测量,VERB,B2
to germinate,to germinate,发芽,VERB,B2
to gestate,to gestate,词,VERB,C1
to get a haircut,to get a haircut,理发,VERB,A2
to get acquire,to get acquire,获得/弄到,VERB,B2
to get along,to get along,词,VERB,B2
to get angry annoyed,to get angry annoyed,恼火,ADJ,C1
to get better,to get better,词,VERB,A2
to get bored,to get bored,词,VERB,B1
to get by,to get by,过得去,VERB,B2
to get cheaper,to get cheaper,词,VERB,A2
to get engaged,to get engaged,词,VERB,B1
to get expensive,to get expensive,词,VERB,A2
to get fond of,to get fond of,词,VERB,C1
to get into,to get into,陷入,VERB,B2
to get into debt,to get into debt,词,VERB,C1
to get off,to get off,词,VERB,B2
to get on,to get on,词,VERB,B2
to get on a vehicle,to get on a vehicle,上车,VERB,B2
to get rich,to get rich,发财,VERB,B2
to get sick,to get sick,生病,VERB,A1
to get started,to get started,词,VERB,C1
to get stoned,to get stoned,词,VERB,C1
to get stuck,to get stuck,卡住,VERB,B2
to get tired,to get tired,疲劳,VERB,A2
to get to know,to get to know,词,VERB,B1
to gift (verb),to gift,词,VERB,B1
to gird,to gird,束紧,VERB,B2
to give a discount,to give a discount,打折,VERB,A2
to give a gift,to give a gift,词,VERB,A2
to give a ride,to give a ride,载送一程,VERB,B2
to give as a gift,to give as a gift,赠送,VERB,B2
to give in,to give in,词,VERB,B2
to give oneself up,to give oneself up,投案,VERB,B2
to give or have an injection,to give or have an injection,打针,VERB,A2
to give rise to,to give rise to,引起,VERB,A2
to give up halfway,to give up halfway,半途而废,VERB,B2
to give you (verb),to give you,给你,VERB,B1
to glean,to glean,搜集,VERB,B2
to globalize,to globalize,使全球化,VERB,B2
to gloss over,to gloss over,词,VERB,B2
to glue (verb),to glue,词,VERB,C1
to go along,to go along,词,VERB,C1
to go back and forth,to go back and forth,往返,VERB,B1
to go bald,to go bald,词,VERB,C1
to go blind,to go blind,失明,VERB,B2
to go deep into,to go deep into,深入,VERB,B2
to go down to descend,to go down to descend,词,VERB,A2
to go forward,to go forward,往后,VERB,B2
to go home,to go home,回家,VERB,B2
to go in a direction,to go in a direction,往,VERB,A2
to go numb,to go numb,麻木,VERB,B2
to go on a business trip,to go on a business trip,出差,VERB,B2
to go on stage,to go on stage,上场,VERB,B2
to go there,to go there,词,VERB,B1
to go to bed,to go to bed,上床,VERB,B2
to go to school,to go to school,上学,VERB,B2
to go to work,to go to work,上班,VERB,A1
to go travel,to go travel,词,VERB,A1
to go up in smoke,to go up in smoke,化为乌有,VERB,B2
to go up to climb,to go up to climb,词,VERB,A2
to go upstairs,to go upstairs,上楼,VERB,B2
to goad,to goad,刺激,VERB,B2
to gossip,to gossip,闲聊,VERB,B2
to graspen,to graspen,抓住,VERB,B2
to gratify,to gratify,使满足,VERB,B2
to gravitate,to gravitate,受吸引,VERB,B2
to gray,to gray,变白,VERB,B2
to grill (verb),to grill,词,VERB,A2
to grow fond of,to grow fond of,词,VERB,C1
to growl,to growl,咆哮,VERB,B2
to guess divine,to guess divine,词,VERB,B2
to guess right,to guess right,猜中,VERB,B2
to guillotine,to guillotine,斩首,VERB,B2
to gurgle (verb),to gurgle,词,VERB,C1
to gush,to gush,涌出,VERB,B2
to half-close,to half-close,词,VERB,C1
to half-hear,to half-hear,词,VERB,C1
to half-open,to half-open,词,VERB,C1
to hallucinate,to hallucinate,词,VERB,B2
to hand in,to hand in,词,VERB,B2
to handcuff,to handcuff,给…戴手铐,VERB,B2
to handle affairs,to handle affairs,办事,VERB,B2
to hang to suspend,to hang to suspend,悬挂,VERB,C1
to harangue (verb),to harangue,词,VERB,B2
to harbor,to harbor,怀有,VERB,B2
to harm you,to harm you,害你,VERB,B2
to harmonize,to harmonize,使和谐,VERB,B2
to have (aux),to have,词,AUX,B2
to have a fever,to have a fever,发烧,VERB,B2
to have an attack,to have an attack,发作,VERB,B2
to have auxiliary,to have auxiliary,词,AUX,A1
to have had enough,to have had enough,受够了,VERB,B2
to have no choice,to have no choice,不得已,ADJ,B2
to have seen,to have seen,看过,VERB,B2
to have some,to have some,有些,VERB,B1
to have strength,to have strength,有力气,VERB,B2
to have summer vacation,to have summer vacation,放暑假,VERB,A2
to head (verb),to head,词,VERB,B2
to head for,to head for,前往,VERB,B2
to hear of,to hear of,词,VERB,B1
to hear that,to hear that,听说,VERB,B2
to herniate,to herniate,词,VERB,C1
to hide to disappear,to hide to disappear,词,VERB,A2
to hit the mark,to hit the mark,词,VERB,B2
to hoard,to hoard,词,VERB,C1
to hold a meeting,to hold a meeting,开会,VERB,B2
to hold a record,to hold a record,保持纪录,VERB,B2
to hold accountable,to hold accountable,问责,VERB,B2
to hold back,to hold back,憋,VERB,B2
to hold in the mouth,to hold in the mouth,叼,NOUN,B2
to hold keep,to hold keep,词,VERB,B2
to hold talks,to hold talks,词,VERB,C1
to hold up,to hold up,词,VERB,B2
to hold up stop,to hold up stop,词,VERB,A2
to homogenize,to homogenize,词,VERB,C1
to homologate,to homologate,词,VERB,C1
to hook (verb),to hook,词,VERB,C1
to hop,to hop,词,VERB,A1
to hope for,to hope for,盼望,VERB,B2
to hug (verb),to hug,词,VERB,B2
to humanize,to humanize,使人性化,VERB,B2
to hunt down,to hunt down,追杀,VERB,B2
to hurry back,to hurry back,急回,VERB,C1
to hurt (adj),to hurt,疼,ADJ,A1
to hush,to hush,别吵,VERB,B2
to hypnotize,to hypnotize,词,VERB,C1
to idealize,to idealize,理想化,VERB,B2
to idolize,to idolize,崇拜,VERB,B2
to ignite,to ignite,点燃,VERB,B2
to imbue,to imbue,词,VERB,C1
to immobilize,to immobilize,词,VERB,C1
to immunize,to immunize,免疫,VERB,B2
to impoverish,to impoverish,词,VERB,C1
to imprecate,to imprecate,词,VERB,C1
to impregnate,to impregnate,词,VERB,C1
to improvise,to improvise,即兴创作,VERB,B2
to incapacitate,to incapacitate,词,VERB,C1
to incentivize,to incentivize,词,VERB,C1
to incorporate,to incorporate,包含,VERB,B2
to incriminate,to incriminate,归罪,VERB,B2
to incur,to incur,招致,VERB,B2
to indicate interpret,to indicate interpret,表明/解释,VERB,B2
to indignate,to indignate,词,VERB,C1
to industrialize,to industrialize,工业化,VERB,B2
to inflate to blow,to inflate to blow,词,VERB,A2
to inflict,to inflict,词,VERB,C1
to inform to reach,to inform to reach,词,VERB,A2
to innovate,to innovate,词,VERB,C1
to input,to input,输入,VERB,B2
to insist to design,to insist to design,词,VERB,A2
to institute (verb),to institute,词,VERB,C1
to institutionalize,to institutionalize,制度化,VERB,C1
to instrumentalize,to instrumentalize,工具化,VERB,B2
to interlace,to interlace,词,VERB,C1
to interlock,to interlock,词,VERB,C1
to intermarry,to intermarry,联姻,VERB,B2
to intermix,to intermix,词,VERB,C1
to internalize,to internalize,词,VERB,C1
to interpolate,to interpolate,词,VERB,C1
to interweave,to interweave,词,VERB,C1
to intone,to intone,词,VERB,C1
to intuit,to intuit,词,VERB,C1
to inventory,to inventory,盘点,VERB,B2
to investigate (noun),to investigate,追究,NOUN,C1
to invite to bless,to invite to bless,词,VERB,A2
to invoice,to invoice,开票,VERB,B2
to ironize,to ironize,讽刺,VERB,B2
to issue (verb),to issue,发行,VERB,B2
to issue a fatwa,to issue a fatwa,词,VERB,C1
to issue exhibit,to issue exhibit,词,VERB,C1
to issue to publish,to issue to publish,发表,VERB,B1
to jam,to jam,堵塞,VERB,B2
to jeopardize to harm,to jeopardize to harm,危害,VERB,B1
to keep confidential,to keep confidential,保密,VERB,B2
to keep pace with,to keep pace with,词,VERB,C1
to keep secret,to keep secret,隐瞒,VERB,B2
to keep silent,to keep silent,保持沉默,VERB,B2
to keep thinking about,to keep thinking about,惦记,VERB,C1
to kidnapped,to kidnapped,绑架,VERB,B2
to kill you,to kill you,杀你,VERB,B2
to knead,to knead,词,VERB,A1
to kneel,to kneel,词,VERB,B1
to knock down,to knock down,词,VERB,B2
to knock to pound,to knock to pound,词,VERB,A2
to know a fact,to know a fact,词,VERB,A2
to know be acquainted,to know be acquainted,词,VERB,A2
to know feel,to know feel,认识/感觉,VERB,B2
to know nothing,to know nothing,一无所知,VERB,B2
to label (verb),to label,词,VERB,C1
to lack (verb),to lack,无凭,VERB,B2
to lack basis,to lack basis,无据,VERB,B2
to languish,to languish,词,VERB,C1
to laugh smile,to laugh smile,笑,VERB,A1
to lay down,to lay down,放下,VERB,B2
to lay put,to lay put,放,VERB,B2
to laze,to laze,词,VERB,C1
to lead astray,to lead astray,使入歧途,VERB,B2
to lead to put forward,to lead to put forward,率领 / 提出,VERB,B2
to leaf through,to leaf through,翻阅,VERB,B2
to leak (verb),to leak,泄密,VERB,B2
to lean out,to lean out,探出身体,VERB,B2
to leap (verb),to leap,跨越,VERB,B2
to learn a lesson,to learn a lesson,词,VERB,C1
to leave stick,to leave stick,离开/刺,VERB,B2
to leave to,to leave to,词,VERB,B2
to leave to abandon,to leave to abandon,词,VERB,A2
to lecture (verb),to lecture,宣讲,VERB,B2
to legislate,to legislate,词,VERB,C1
to lend to borrow,to lend to borrow,词,VERB,A2
to lessen,to lessen,词,VERB,B2
to let (aux),to let,让你,AUX,B2
to let alone (verb),to let alone,更何况,VERB,B2
to let in,to let in,词,VERB,C1
to let out,to let out,词,VERB,B1
to let to allow,to let to allow,让,VERB,B2
to lethargize,to lethargize,词,VERB,C1
to level,to level,夷平,VERB,B2
to levy,to levy,征收,VERB,C1
to license,to license,许可,VERB,B2
to lie in,to lie in,在于,VERB,B2
to lie tell untruth,to lie tell untruth,词,VERB,A2
to lie to,to lie to,对...说谎,VERB,B2
to lift oneself up,to lift oneself up,词,VERB,B2
to light a fire,to light a fire,生火,VERB,B2
to light ignite,to light ignite,点燃,VERB,B2
to like (aux),to like,词,AUX,A2
to linger,to linger,徘徊,VERB,B2
to linkage,to linkage,联动,VERB,B2
to liquefy,to liquefy,词,VERB,C1
to lisp (verb),to lisp,词,VERB,B2
to listen to,to listen to,词,VERB,B2
to litigate,to litigate,词,VERB,C1
to live on,to live on,词,VERB,C1
to loathe,to loathe,厌恶,VERB,B2
to localize,to localize,本地化,VERB,B2
to lock conclude,to lock conclude,词,VERB,B2
to lock in,to lock in,词,VERB,B2
to lodge,to lodge,借宿,VERB,B2
to lodge in,to lodge in,词,VERB,C1
to log in,to log in,登录,VERB,B2
to loiter,to loiter,词,VERB,C1
to long,to long,渴望,VERB,B2
to long for,to long for,渴望,VERB,B2
to look forward to,to look forward to,期待,VERB,B1
to look in all directions idiom,to look in all directions idiom,东张西望,VERB,B2
to look like,to look like,词,VERB,A2
to look quickly,to look quickly,快看,VERB,C1
to look to see to read,to look to see to read,看,VERB,A1
to lose bid,to lose bid,落标,VERB,B2
to lose one's job,to lose one's job,失业,VERB,B2
to lose one's temper,to lose one's temper,发火,VERB,B2
to lose one's way,to lose one's way,迷路,VERB,B2
to love dearly,to love dearly,心疼,VERB,B2
to lower the price of,to lower the price of,词,VERB,B2
to lug,to lug,搬运,VERB,B2
to lukewarm (verb),to lukewarm,词,VERB,C1
to lull,to lull,词,VERB,B2
to lull a baby,to lull a baby,哄婴儿,VERB,B1
to lunge,to lunge,词,VERB,C1
to lure (verb),to lure,词,VERB,B2
to lurk,to lurk,词,VERB,B2
to maintain oneself,to maintain oneself,词,VERB,B1
to make a decision,to make a decision,做主,VERB,B2
to make a fool of oneself,to make a fool of oneself,出洋相,VERB,B2
to make a phone call,to make a phone call,打电话,VERB,A1
to make drowsy,to make drowsy,词,VERB,B2
to make excuses,to make excuses,词,VERB,B2
to make fail,to make fail,词,VERB,C1
to make fall in love,to make fall in love,词,VERB,C1
to make happy,to make happy,词,VERB,B2
to make impossible,to make impossible,词,VERB,C1
to make independent,to make independent,使独立,VERB,B2
to make more expensive,to make more expensive,词,VERB,C1
to make out,to make out,接吻,VERB,B2
to make peace,to make peace,和亲,VERB,A2
to make persistent efforts,to make persistent efforts,再接再厉,VERB,B2
to make resemble,to make resemble,弄得像,NOUN,C1
to make sense,to make sense,讲得通,VERB,B2
to make uneasy,to make uneasy,词,VERB,C1
to manure (verb),to manure,词,VERB,C1
to map out,to map out,摸清,VERB,B2
to marry (noun),to marry,出阁,NOUN,C1
to marry a woman,to marry a woman,娶,VERB,B1
to marry daughter,to marry daughter,嫁闺,NOUN,C1
to mash (verb),to mash,词,VERB,A2
to maximize,to maximize,词,VERB,C1
to mean entail,to mean entail,意味着,VERB,B2
to mean to head to,to mean to head to,词,VERB,A2
to mean to think,to mean to think,词,VERB,C1
to meant,to meant,意思是,VERB,B2
to meddle,to meddle,干涉,VERB,B2
to memorize,to memorize,词,VERB,A2
to mention to remember,to mention to remember,词,VERB,A2
to mess about,to mess about,胡搞,VERB,B2
to mess around,to mess around,胡闹,VERB,B2
to militarize,to militarize,词,VERB,C1
to mince,to mince,词,VERB,B1
to mirror,to mirror,反映,VERB,B2
to misplace,to misplace,词,VERB,C1
to missed,to missed,错过,VERB,B2
to mix in,to mix in,词,VERB,B2
to mix together disparate substances,to mix together disparate substances,夹杂,VERB,B2
to moan (verb),to moan,词,VERB,B2
to model (verb),to model,词,VERB,C1
to modernize,to modernize,词,VERB,C1
to modulate,to modulate,调节,VERB,B2
to monitor (verb),to monitor,监察,VERB,B2
to moon (verb),to moon,词,VERB,A2
to moor (verb),to moor,词,VERB,B2
to mop (verb),to mop,词,VERB,A2
to mop to rinse,to mop to rinse,词,VERB,A2
to mourn,to mourn,哀悼,VERB,B2
to move on,to move on,词,VERB,C1
to move out,to move out,搬出,VERB,B2
to move sb emotionally,to move sb emotionally,感动,VERB,B2
to mud,to mud,弄脏,VERB,B2
to muddle,to muddle,词,VERB,C1
to muddy (verb),to muddy,词,VERB,C1
to muffle,to muffle,词,VERB,C1
to must (aux),to must,必,AUX,A1
to mutiny,to mutiny,煽动叛乱,VERB,B2
to mystify,to mystify,神秘化,VERB,B2
to navigate,to navigate,导航；航行,VERB,B2
to nearly succeed,to nearly succeed,垂成,VERB,B2
to need (aux),to need,还要,AUX,B2
to need must,to need must,词,VERB,A2
to not abandon,to not abandon,别丢下,VERB,B2
to not cry,to not cry,别哭,VERB,B2
to not fear,to not fear,别怕,VERB,B2
to not look,to not look,别看,VERB,C1
to not lose,to not lose,别丢,VERB,B2
to not run,to not run,别跑,VERB,B2
to not seen,to not seen,不见,VERB,B2
to not sleep,to not sleep,睡不,VERB,B2
to note down,to note down,词,VERB,B2
to nourish,to nourish,词,VERB,C1
to number (verb),to number,词,VERB,C1
to object,to object,反对,VERB,B2
to objectify,to objectify,客观化,VERB,B2
to obtain issuance,to obtain issuance,词,VERB,C1
to occupy oneself,to occupy oneself,从事,VERB,B2
to occur to,to occur to,词,VERB,B2
to open one's eyes,to open one's eyes,睁,VERB,B1
to operate manually,to operate manually,手动,VERB,C1
to operationalize,to operationalize,词,VERB,C1
to orient,to orient,定向,VERB,B2
to ostracize,to ostracize,排斥,VERB,B2
to outrage (verb),to outrage,词,VERB,C1
to overcast (verb),to overcast,词,VERB,C1
to overestimate,to overestimate,词,VERB,C1
to overlook,to overlook,忽视,VERB,B2
to overshadow,to overshadow,使黯然失色,VERB,B2
to oversleep,to oversleep,睡过头,VERB,B2
to overthrow,to overthrow,推翻,VERB,B2
to pace back and forth,to pace back and forth,徘徊,VERB,C1
to pacify,to pacify,平息,VERB,B2
to package (verb),to package,词,VERB,C1
to paint over,to paint over,重新粉刷,VERB,B2
to pair,to pair,配对,VERB,B2
to party,to party,狂欢,VERB,B2
to pass an exam,to pass an exam,及格,VERB,B1
to pass through,to pass through,通,VERB,B2
to pass time,to pass time,度过,VERB,B1
to paste (verb),to paste,粘贴,VERB,B1
to patch (verb),to patch,词,VERB,A2
to patrol,to patrol,巡逻,VERB,B2
to pauperize,to pauperize,使贫困,VERB,B2
to pause (verb),to pause,……,VERB,B2
to pawn (verb),to pawn,词,VERB,C1
to pay attention to,to pay attention to,关注,VERB,B2
to pay homage to,to pay homage to,词,VERB,C1
to pay off,to pay off,清偿,VERB,B2
to pay the bill,to pay the bill,买单,VERB,C1
to pay tribute,to pay tribute,致敬,VERB,B2
to pension off,to pension off,词,VERB,C1
to perforate,to perforate,词,VERB,C1
to perform umrah,to perform umrah,词,VERB,C1
to perjure,to perjure,词,VERB,B2
to permeate,to permeate,弥漫,VERB,C1
to perpetrate,to perpetrate,词,VERB,C1
to persevere,to persevere,坚持,VERB,B2
to persevere with,to persevere with,坚持,VERB,A2
to persist,to persist,坚持,VERB,B2
to personify,to personify,词,VERB,C1
to pester,to pester,词,VERB,C1
to phagocytize,to phagocytize,词,VERB,C1
to philosophize,to philosophize,词,VERB,C1
to phone (verb),to phone,词,VERB,B2
to photocopy (verb),to photocopy,复印,VERB,B2
to photograph (verb),to photograph,拍照,VERB,B2
to pick out,to pick out,挑选,VERB,B2
to pigeonhole,to pigeonhole,词,VERB,C1
to pilgrimage (verb),to pilgrimage,词,VERB,B2
to pioneer,to pioneer,首创,VERB,B2
to placate,to placate,安抚,VERB,B2
to place put,to place put,放置,VERB,B2
to plagiarize,to plagiarize,剽窃,VERB,B2
to plant beans,to plant beans,词,VERB,C1
to plant trees,to plant trees,植树,VERB,B2
to plaster (verb),to plaster,词,VERB,C1
to play a joke,to play a joke,开玩笑,VERB,A2
to play along,to play along,配合,VERB,B2
to play down,to play down,淡化,VERB,B2
to play football,to play football,踢足球,VERB,B2
to play sports,to play sports,做运动,VERB,B2
to plead guilty,to plead guilty,认罪,VERB,C1
to pledge mutually,to pledge mutually,词,VERB,C1
to pluck a string,to pluck a string,弹,VERB,A2
to plunder,to plunder,掠夺,VERB,B2
to point (verb),to point,指,VERB,B2
to point a gun,to point a gun,词,VERB,C1
to polarize,to polarize,使两极分化,VERB,B2
to polemicize,to polemicize,词,VERB,C1
to polish,to polish,擦亮,VERB,B2
to pollute,to pollute,词,VERB,B2
to postulate,to postulate,假定,VERB,B2
to pound (verb),to pound,词,VERB,B2
to powder,to powder,撒粉,VERB,B2
to practice fraud,to practice fraud,作弊,VERB,B2
to practice sword,to practice sword,练剑,VERB,B2
to premiere (verb),to premiere,词,VERB,C1
to pressurize,to pressurize,逼迫,VERB,B2
to presuppose,to presuppose,词,VERB,B2
to prick,to prick,扎,VERB,B2
to proceed in an orderly way,to proceed in an orderly way,循序渐进,VERB,C1
to process (verb),to process,加工,VERB,B2
to profile (verb),to profile,词,VERB,C1
to propagate,to propagate,传播,VERB,B2
to prosecute,to prosecute,起诉,VERB,B2
to protect oneself,to protect oneself,自保,VERB,C1
to protect to defend,to protect to defend,词,VERB,A2
to publicize,to publicize,宣传,VERB,B1
to publish to spread to hang laundry,to publish to spread to hang laundry,词,VERB,A2
to pucker,to pucker,噘,VERB,B2
to pull out hair,to pull out hair,词,VERB,C1
to pull through,to pull through,词,VERB,B2
to puncture deflate,to puncture deflate,刺破,VERB,B2
to purchase (verb),to purchase,词,VERB,B2
to purify,to purify,净化,VERB,B2
to purify certify,to purify certify,词,VERB,C1
to push through,to push through,推动,VERB,B2
to put away,to put away,收拾,VERB,B2
to put on makeup,to put on makeup,化妆,VERB,B2
to put on track,to put on track,使走上正轨,VERB,B2
to put set,to put set,放置,VERB,B2
to put standing,to put standing,词,VERB,A2
to puzzle (verb),to puzzle,迷惑,VERB,B2
to quantify,to quantify,词,VERB,B2
to question officially,to question officially,词,VERB,C1
to queue,to queue,排队,VERB,B2
to quit smoking,to quit smoking,戒烟,VERB,B1
to quiver,to quiver,颤抖,VERB,B2
to race (verb),to race,词,VERB,B1
to radiate,to radiate,辐射,VERB,B2
to raise a child,to raise a child,抚养孩子,VERB,B1
to raise bring up,to raise bring up,抚养,VERB,B2
to raise funds,to raise funds,筹资,VERB,B2
to raise seedlings,to raise seedlings,育苗,VERB,B2
to ram (verb),to ram,词,VERB,C1
to rant,to rant,咆哮,VERB,B2
to rape (verb),to rape,词,VERB,B2
to rationalize,to rationalize,合理化,VERB,B2
to rave,to rave,词,VERB,C1
to reach achieve,to reach achieve,词,VERB,B1
to reach out,to reach out,伸出,VERB,B2
to react reaction,to react reaction,反应,VERB,B1
to read aloud,to read aloud,词,VERB,B2
to read to be,to read to be,词,VERB,B1
to rebuke,to rebuke,斥责,VERB,B2
to receive a bonus,to receive a bonus,分红,VERB,B2
to receive payment,to receive payment,词,VERB,B1
to recommend for admission,to recommend for admission,保送,VERB,B2
to record sound,to record sound,录音,VERB,B2
to recover to retrieve,to recover to retrieve,词,VERB,A2
to recover to wake up,to recover to wake up,词,VERB,A2
to redeem,to redeem,赎回,VERB,B2
to reduce sentence,to reduce sentence,减刑,VERB,B2
to reflect deeply,to reflect deeply,词,VERB,B2
to reflect on,to reflect on,思考,VERB,B2
to refuel,to refuel,加油,VERB,B2
to regain,to regain,恢复,VERB,B2
to regionalize,to regionalize,区域化,VERB,B2
to register one's name,to register one's name,登记,VERB,B1
to register to record,to register to record,词,VERB,A2
to regret apologize,to regret apologize,遗憾/道歉,VERB,B2
to rehabilitate,to rehabilitate,使康复,VERB,B2
to rehearse,to rehearse,排练,VERB,B2
to rein in,to rein in,词,VERB,C1
to reinstate,to reinstate,恢复,VERB,B1
to relapse into crime,to relapse into crime,词,VERB,B2
to relate,to relate,联系,VERB,B2
to relate to,to relate to,有关,VERB,C1
to release from prison,to release from prison,释放,VERB,B2
to release let go,to release let go,释放/放手,VERB,B2
to release me,to release me,放我,VERB,B2
to remain to stay,to remain to stay,词,VERB,A2
to remediate,to remediate,整治,VERB,B2
to remove to pull out,to remove to pull out,词,VERB,A2
to rent out,to rent out,出租,VERB,B2
to reoffend,to reoffend,重犯,VERB,B2
to repeat a grade,to repeat a grade,留级,VERB,B2
to repel,to repel,击退,VERB,B2
to replace you,to replace you,替你,VERB,C1
to replicate,to replicate,复制,VERB,B2
to reply (verb),to reply,答辩,VERB,B2
to report to authorities,to report to authorities,举报,VERB,B2
to request leave,to request leave,请假,VERB,A2
to resemble (adj),to resemble,相似,ADJ,B1
to respect and love,to respect and love,敬爱,VERB,B1
to respond to a lawsuit,to respond to a lawsuit,应诉,VERB,B2
to restructure,to restructure,词,VERB,C1
to resume studies,to resume studies,复学,VERB,B2
to resurrect,to resurrect,复活,VERB,B2
to retort,to retort,反驳,VERB,B2
to retract,to retract,撤回,VERB,B2
to retreat (verb),to retreat,后退,VERB,B2
to return a car,to return a car,送车,VERB,B2
to return something,to return something,词,VERB,A2
to revalue,to revalue,重新估值,VERB,B2
to review (verb),to review,回顾,VERB,B2
to revitalize,to revitalize,使复苏,VERB,B2
to revolutionize,to revolutionize,革命化,VERB,B2
to revolve around,to revolve around,围绕,VERB,B2
to ride along,to ride along,词,VERB,B1
to rinse,to rinse,冲洗,VERB,B2
to roar with laughter,to roar with laughter,哄,VERB,B2
to roll up,to roll up,卷,VERB,B1
to roll up sleeves,to roll up sleeves,词,VERB,B1
to root out,to root out,词,VERB,C1
to rot,to rot,腐烂,VERB,B2
to rotate,to rotate,轮,VERB,C1
to round (verb),to round,词,VERB,A2
to ruffle,to ruffle,词,VERB,C1
to rule out,to rule out,词,VERB,C1
to run about,to run about,乱跑,VERB,C1
to run away,to run away,逃跑,VERB,B2
to sabotage,to sabotage,破坏,VERB,B2
to safeguard,to safeguard,保障,VERB,B2
to sanctify,to sanctify,使神圣,VERB,B2
to sanction,to sanction,认可,VERB,B2
to satiate,to satiate,使饱足,VERB,B2
to save seeds,to save seeds,留种,VERB,B2
to save you,to save you,救你,VERB,B1
to saw,to saw,锯,VERB,B2
to say goodbye fire,to say goodbye fire,词,VERB,B1
to scamper,to scamper,词,VERB,B2
to scan,to scan,扫描,VERB,B2
to scent,to scent,词,VERB,B2
to schematize,to schematize,词,VERB,C1
to scorch,to scorch,烧焦,VERB,B2
to score (verb),to score,词,VERB,B2
to scourge (verb),to scourge,词,VERB,C1
to scout,to scout,侦察,VERB,B2
to scrape,to scrape,词,VERB,B2
to scratch to rub,to scratch to rub,词,VERB,A2
to screen (verb),to screen,筛选,VERB,B2
to screw,to screw,拧,VERB,B2
to scribble (verb),to scribble,词,VERB,C1
to scrub,to scrub,擦洗,VERB,B2
to search apply,to search apply,寻找/申请,VERB,B2
to second (verb),to second,词,VERB,C1
to secrete,to secrete,分泌,VERB,B2
to secularize,to secularize,词,VERB,C1
to see emperor,to see emperor,面圣,VERB,C1
to seek clarification,to seek clarification,词,VERB,B2
to seek death,to seek death,求死,VERB,C1
to seek peace,to seek peace,主和,VERB,B2
to seek you,to seek you,寻你,VERB,B2
to seep,to seep,词,VERB,B2
to segment,to segment,细分,VERB,B2
to segregate,to segregate,隔离,VERB,B2
to sell foreign exchange,to sell foreign exchange,售汇,VERB,B2
to send (noun),to send,送去,NOUN,C1
to send back,to send back,传回,VERB,B2
to send mail,to send mail,寄件,VERB,B2
to send out,to send out,发出,VERB,B2
to sensitize,to sensitize,提高意识,VERB,B2
to sentence (verb),to sentence,量刑,VERB,B2
to separate divorce,to separate divorce,分离/离婚,VERB,B2
to sermonize,to sermonize,词,VERB,B2
to serve as,to serve as,充当,VERB,B2
to set on fire,to set on fire,词,VERB,C1
to set out,to set out,上路,VERB,B2
to set out on a journey,to set out on a journey,启程,VERB,B2
to set rates,to set rates,定价,VERB,B2
to settle up,to settle up,结账,VERB,B2
to sever ties,to sever ties,断义,VERB,C1
to sew in,to sew in,词,VERB,C1
to sexualize,to sexualize,词,VERB,C1
to shame (verb),to shame,羞辱,VERB,B2
to share divide,to share divide,分享,VERB,B2
to shed tears,to shed tears,流泪,VERB,A2
to shell (verb),to shell,词,VERB,C1
to shield (verb),to shield,包庇,VERB,B2
to shoe (verb),to shoe,词,VERB,C1
to shoot dead,to shoot dead,击毙,VERB,B2
to shoot through,to shoot through,射穿,VERB,C1
to shop be about,to shop be about,购物,VERB,B2
to shop for groceries,to shop for groceries,词,VERB,A2
to shout oneself hoarse,to shout oneself hoarse,词,VERB,C1
to show off,to show off,词,VERB,C1
to show partiality,to show partiality,偏袒,VERB,C1
to shower (verb),to shower,淋浴,VERB,B2
to shroud,to shroud,覆盖,VERB,B2
to shuffle,to shuffle,词,VERB,B2
to shunt,to shunt,分流,VERB,B2
to shut up,to shut up,闭嘴,VERB,B2
to sidestep,to sidestep,词,VERB,C1
to sigh (verb),to sigh,词,VERB,B2
to sight (verb),to sight,词,VERB,C1
to sightsee,to sightsee,游览,VERB,B2
to sign up,to sign up,报名,VERB,A2
to signal (verb),to signal,暗讯,VERB,B2
to silence (verb),to silence,灭口,VERB,B2
to singe,to singe,词,VERB,B2
to sit (noun),to sit,坐坐,NOUN,C1
to situate,to situate,定位,VERB,B2
to skein,to skein,绕成线团,VERB,B2
to skewer,to skewer,串起,VERB,B2
to ski,to ski,滑雪,VERB,B2
to skip,to skip,跳过,VERB,B2
to slay,to slay,词,VERB,C1
to slide,to slide,滑动,VERB,B2
to slight (verb),to slight,怠慢,VERB,B2
to slip away,to slip away,词,VERB,C1
to slope down,to slope down,词,VERB,B2
to snack eat sweets,to snack eat sweets,词,VERB,A1
to sneak away,to sneak away,溜走,VERB,B2
to sniff,to sniff,嗅,VERB,B2
to snoop,to snoop,窥探,VERB,B2
to snort (verb),to snort,词,VERB,B2
to snub,to snub,冷落,VERB,B2
to soil (verb),to soil,词,VERB,C1
to solder,to solder,焊接,VERB,B2
to solidify,to solidify,凝固,VERB,B2
to someone's face,to someone's face,当面,ADV,C1
to sort out,to sort out,词,VERB,B2
to sound (verb),to sound,响,VERB,B2
to sour (verb),to sour,词,VERB,C1
to spam,to spam,发垃圾信息,VERB,B2
to sparkle,to sparkle,闪耀,VERB,B2
to spatter,to spatter,血溅,VERB,C1
to specialize,to specialize,专攻,VERB,B2
to spectacularize,to spectacularize,词,VERB,C1
to spell,to spell,拼写,VERB,B2
to spend time,to spend time,词,VERB,A2
to spend time to judge to fulfill,to spend time to judge to fulfill,词,VERB,B1
to spend to exchange,to spend to exchange,词,VERB,A2
to spill,to spill,溢出,VERB,B2
to spirit away,to spirit away,变走,VERB,B2
to splash,to splash,溅,VERB,B2
to splint,to splint,用夹板固定,VERB,B2
to splinter (verb),to splinter,词,VERB,C1
to split one's sides,to split one's sides,词,VERB,C1
to sponsor,to sponsor,赞助,VERB,B2
to spray,to spray,喷洒,VERB,B2
to spread to make a bed,to spread to make a bed,词,VERB,A2
to sprout,to sprout,发芽,VERB,B2
to spy,to spy,监视,VERB,B2
to squeak,to squeak,吱吱叫,VERB,B2
to stack (verb),to stack,词,VERB,B2
to stage (verb),to stage,词,VERB,C1
to stalk,to stalk,跟踪,VERB,B2
to stamp (verb),to stamp,词,VERB,B2
to stand by,to stand by,词,VERB,B2
to standardize,to standardize,标准化,VERB,B2
to stare blankly,to stare blankly,发呆,VERB,B2
to start a business,to start a business,创业,VERB,B2
to state (verb),to state,陈述,VERB,B2
to statistics,to statistics,统计,VERB,B2
to stay awake,to stay awake,守夜,VERB,B2
to stay here,to stay here,留在这里,VERB,B2
to stay overnight,to stay overnight,词,VERB,B2
to steal away,to steal away,偷走,VERB,B2
to steal sword,to steal sword,偷剑,NOUN,B2
to steam (verb),to steam,蒸煮,VERB,B2
to steer control,to steer control,控制,VERB,B2
to step (verb),to step,步,VERB,B2
to step down,to step down,辞职,VERB,B2
to step in,to step in,介入,VERB,B2
to step on,to step on,踩,VERB,B2
to sterilize,to sterilize,词,VERB,C1
to stew (verb),to stew,炖煮,VERB,B2
to stick out,to stick out,伸出,VERB,B2
to stiffen,to stiffen,词,VERB,C1
to stint,to stint,吝啬,VERB,B2
to stir up trouble,to stir up trouble,惹祸,VERB,C1
to stitch,to stitch,缝,VERB,B2
to stock up,to stock up,进货,VERB,B2
to straighten up,to straighten up,词,VERB,B2
to strain (verb),to strain,词,VERB,B2
to stratify,to stratify,分层,VERB,B2
to stress (verb),to stress,词,VERB,C1
to stride (verb),to stride,词,VERB,B2
to string (verb),to string,词,VERB,C1
to string together,to string together,串,VERB,B2
to strip of leaves,to strip of leaves,词,VERB,C1
to strive for,to strive for,争取,VERB,B2
to study abroad,to study abroad,留学,VERB,A2
to study at university,to study at university,词,VERB,A2
to study deeply,to study deeply,钻研,VERB,B2
to study jointly,to study jointly,共同研究,VERB,C1
to study to learn,to study to learn,学习,VERB,B2
to stutter,to stutter,词,VERB,B2
to stylize,to stylize,风格化,VERB,B2
to subject (verb),to subject,词,VERB,C1
to sublimate,to sublimate,升华,VERB,B2
to subordinate,to subordinate,从属,VERB,B2
to substantiate,to substantiate,证实,VERB,B2
to succeed to pass,to succeed to pass,词,VERB,A2
to such an extent as to,to such an extent as to,以致,SCONJ,B2
to suddenly realize,to suddenly realize,恍然大悟,VERB,C1
to suffer from,to suffer from,词,VERB,B2
to suffer losses,to suffer losses,吃亏,VERB,B2
to suffice to reach,to suffice to reach,词,VERB,B1
to sum up,to sum up,总括,VERB,B2
to sunbathe,to sunbathe,词,VERB,B2
to supplement (verb),to supplement,补充,VERB,B2
to supplicate,to supplicate,恳求,VERB,B2
to support lean,to support lean,词,VERB,B1
to support with the hand,to support with the hand,扶,VERB,B2
to surf,to surf,词,VERB,C1
to surge (verb),to surge,词,VERB,B2
to surname (verb),to surname,词,VERB,B2
to survey (verb),to survey,调研,VERB,B2
to sustain injuries,to sustain injuries,受伤,VERB,B1
to suture (verb),to suture,缝合,VERB,B2
to swagger,to swagger,大摇大摆,VERB,B2
to swear an oath,to swear an oath,宣誓,VERB,C1
to swing,to swing,荡秋千,VERB,B2
to swipe,to swipe,词,VERB,C1
to switch,to switch,切换,VERB,B2
to switch off,to switch off,关掉,VERB,B2
to switch on,to switch on,开启,VERB,B2
to synchronize,to synchronize,词,VERB,C1
to tag (verb),to tag,词,VERB,C1
to take a bath,to take a bath,洗澡,VERB,A1
to take a course,to take a course,词,VERB,B2
to take a shower,to take a shower,词,VERB,A2
to take a walk,to take a walk,散步,VERB,A2
to take action,to take action,出手,VERB,B2
to take advantage of,to take advantage of,词,VERB,B1
to take amiss,to take amiss,词,VERB,C1
to take back,to take back,拿回,VERB,B2
to take bribes,to take bribes,词,VERB,C1
to take care of oneself,to take care of oneself,保重,VERB,B2
to take charge of,to take charge of,主持,VERB,B1
to take communion,to take communion,词,VERB,B2
to take down,to take down,词,VERB,C1
to take drugs,to take drugs,吸毒,VERB,B2
to take leave,to take leave,告辞,VERB,B2
to take minutes,to take minutes,记录,VERB,B2
to take off to remove,to take off to remove,词,VERB,A2
to take one's time,to take one's time,词,VERB,B2
to take out,to take out,拿出,VERB,B2
to take possession of,to take possession of,词,VERB,B2
to take precautions,to take precautions,戒备,NOUN,C1
to take risks,to take risks,冒险,VERB,B1
to take root,to take root,词,VERB,B2
to take time,to take time,词,VERB,B1
to take to bed,to take to bed,词,VERB,C1
to talk (verb),to talk,谈,VERB,B2
to talk chat,to talk chat,聊天/谈论,VERB,B2
to tarnish,to tarnish,词,VERB,C1
to task (verb),to task,词,VERB,C1
to tax to burden,to tax to burden,征税,VERB,B2
to teach reading,to teach reading,词,VERB,B2
to tear down,to tear down,拆除,VERB,B2
to tear to pieces,to tear to pieces,词,VERB,C1
to technologize,to technologize,技术化,VERB,B2
to telework,to telework,远程办公,VERB,B2
to tell to narrate,to tell to narrate,词,VERB,A2
to temper (verb),to temper,词,VERB,B2
to temporize,to temporize,拖延,VERB,B2
to tense (verb),to tense,词,VERB,B2
to text,to text,发短信,VERB,B2
to theatricalize,to theatricalize,戏剧化,VERB,B2
to thicken,to thicken,词,VERB,C1
to thin (verb),to thin,词,VERB,C1
to think back over sth,to think back over sth,反思,VERB,B2
to think it over,to think it over,思考,VERB,B2
to think of,to think of,想到,VERB,C1
to think opine,to think opine,认为,VERB,B2
to think up every possible method idiom to devise ways and means,to think up every possible method idiom to devise ways and means,想方设法,VERB,C1
to this (adv),to this,对此,ADV,C1
to thresh,to thresh,脱粒,VERB,B2
to thrill,to thrill,使兴奋,VERB,B2
to thrive,to thrive,茁壮成长,VERB,B2
to throw in,to throw in,词,VERB,B2
to throw oneself at,to throw oneself at,词,VERB,C1
to thrown,to thrown,扔,VERB,B2
to thrust (verb),to thrust,词,VERB,C1
to thunder (verb),to thunder,词,VERB,B2
to tidy,to tidy,整理,VERB,B2
to tidy to order,to tidy to order,词,VERB,B1
to tip,to tip,透露,VERB,B2
to tire get tired,to tire get tired,疲倦/厌烦,VERB,B2
to toast (verb),to toast,词,VERB,B2
to toil (verb),to toil,词,VERB,C1
to topple,to topple,词,VERB,C1
to torment,to torment,折磨,VERB,B2
to total (verb),to total,共计,VERB,B2
to totalize,to totalize,词,VERB,C1
to touch (verb),to touch,摸,VERB,A1
to tow,to tow,词,VERB,C1
to train exercise,to train exercise,训练/锻炼,VERB,B2
to transfer schools,to transfer schools,转学,VERB,B2
to transport (verb),to transport,输送,VERB,B2
to trap fell,to trap fell,困住/砍倒,VERB,B2
to travel far,to travel far,千里迢迢,VERB,C1
to travel trip,to travel trip,旅游,VERB,A1
to treasure (verb),to treasure,词,VERB,B2
to treat as,to treat as,当作,VERB,C1
to treat sb unfairly,to treat sb unfairly,亏待,VERB,B2
to treat wound,to treat wound,治伤,VERB,B2
to trivialize,to trivialize,使平庸,VERB,B2
to trouble (verb),to trouble,困扰,VERB,B2
to try to try on,to try to try on,尝试 / 试穿,VERB,A2
to tune,to tune,调谐,VERB,B2
to turn away,to turn away,转开,VERB,B2
to turn back,to turn back,词,VERB,B2
to turn off extinguish,to turn off extinguish,关闭/熄灭,VERB,B2
to turn on to employ,to turn on to employ,词,VERB,A2
to turn over,to turn over,翻,VERB,B1
to tweet,to tweet,发推文,VERB,B2
to twinkle,to twinkle,词,VERB,B2
to type,to type,打字,VERB,B2
to tyrannize,to tyrannize,词,VERB,C1
to unbalance,to unbalance,词,VERB,C1
to unbutton,to unbutton,解开纽扣,VERB,B2
to uncage,to uncage,词,VERB,C1
to uncouple,to uncouple,词,VERB,C1
to uncover to reveal,to uncover to reveal,词,VERB,A2
to underline,to underline,强调,VERB,B2
to understand by listening,to understand by listening,听懂,VERB,B2
to unearth,to unearth,发掘,VERB,B2
to unhinge,to unhinge,词,VERB,C1
to unplug,to unplug,词,VERB,C1
to unravel,to unravel,解开,VERB,B2
to unroll,to unroll,词,VERB,C1
to unsheathe,to unsheathe,词,VERB,C1
to untangle,to untangle,词,VERB,C1
to unwrap,to unwrap,词,VERB,B1
to use a wheelchair,to use a wheelchair,坐轮椅,VERB,B2
to use force,to use force,动武,VERB,B2
to use to usually,to use to usually,通常/习惯于,VERB,B2
to use up,to use up,用完,VERB,B2
to usually do,to usually do,词,VERB,C1
to vacuum (verb),to vacuum,词,VERB,A2
to validate,to validate,验证,VERB,B2
to valorize,to valorize,词,VERB,C1
to vampirize,to vampirize,吸血,VERB,B2
to vary,to vary,改变,VERB,B2
to vegetate,to vegetate,苟活,VERB,B2
to venerate,to venerate,崇敬,VERB,B2
to vent,to vent,倾诉,VERB,B2
to venture (verb),to venture,词,VERB,B2
to vibrate,to vibrate,振动,VERB,B2
to view,to view,参观,VERB,B2
to vilify,to vilify,诽谤,VERB,B2
to vote (verb),to vote,表决,VERB,B2
to vouch for,to vouch for,词,VERB,B2
to vow (verb),to vow,发誓,VERB,B2
to wait and see,to wait and see,等待观望,VERB,B2
to walk around,to walk around,四处走动,VERB,B2
to walk to go,to walk to go,走,VERB,A1
to wane,to wane,减弱,VERB,B2
to want (aux),to want,欲,AUX,A2
to want alive,to want alive,活要,VERB,C1
to wanted,to wanted,通缉,VERB,B2
to warm,to warm,加热,VERB,B2
to wash and iron,to wash and iron,洗熨,VERB,B2
to wash up,to wash up,词,VERB,A2
to wash with water,to wash with water,水洗,VERB,B2
to watch out,to watch out,小心,VERB,B2
to watch tv,to watch tv,看电视,VERB,B2
to wear down,to wear down,词,VERB,B2
to wear to get dressed,to wear to get dressed,词,VERB,A2
to wear to put on,to wear to put on,穿,VERB,A1
to wed,to wed,词,VERB,C1
to weed (verb),to weed,词,VERB,C1
to weigh options,to weigh options,词,VERB,B2
to whimper,to whimper,呜咽,VERB,B2
to whiten,to whiten,词,VERB,B2
to wield,to wield,行使,VERB,B2
to win inevitably,to win inevitably,必胜,VERB,B2
to wipe out,to wipe out,消灭,VERB,B2
to wipe to clean,to wipe to clean,词,VERB,A2
to wiretap,to wiretap,监听,VERB,B2
to wish one could,to wish one could,恨不得,VERB,B2
to wither,to wither,,VERB,B2
to woo,to woo,词,VERB,B2
to work hard,to work hard,努力,VERB,A1
to work hard for,to work hard for,力争,VERB,B2
to work overtime,to work overtime,加点,VERB,C1
to work part-time,to work part-time,打工,VERB,B2
to worry (adj),to worry,着急,ADJ,A1
to worry anxiety,to worry anxiety,词,VERB,A2
to worsen to deteriorate,to worsen to deteriorate,恶化,VERB,B2
to wrap up,to wrap up,词,VERB,B2
to wrestle,to wrestle,词,VERB,B2
to wriggle,to wriggle,词,VERB,B2
to wrinkle (verb),to wrinkle,词,VERB,C1
to write down,to write down,词,VERB,B2
to wrong (verb),to wrong,冤,VERB,B2
to wrong someone,to wrong someone,冤枉,VERB,B2
to yearn,to yearn,渴望,VERB,B2
to zero out,to zero out,清零,VERB,B2
toast,toast,你敬酒,NOUN,B2
tobacco,tobacco,烟草,NOUN,B2
today (noun),today,今,NOUN,B2
today's,today's,词,ADJ,C1
tofu,tofu,豆腐,NOUN,B2
tofu skin,tofu skin,腐竹,NOUN,C1
tofu séché,dried tofu,豆干,NOUN,B2
together,together,共同的,ADJ,B2
togetherness,togetherness,词,NOUN,C1
toilet paper,toilet paper,卫生纸,NOUN,C1
toilettes,toilet,厕所,NOUN,B2
toiling,toiling,词,ADJ,C1
told instructed,told instructed,被告知的,ADJ,B2
tolerant,tolerant,宽容的,ADJ,B2
tomb monument,tomb monument,墓碑,NOUN,B2
tombe,grave,坟墓,NOUN,B2
tomber,to drop,掉落,VERB,B2
tomber malade,to fall ill,患病,VERB,B2
tombstone,tombstone,词,NOUN,C1
tome,tome,词,NOUN,C1
tomorrow (noun),tomorrow,明天,NOUN,B2
tomorrow night,tomorrow night,明晚,ADV,B2
ton,tone,语气,NOUN,B2
tonality,tonality,词,NOUN,C1
tonic (noun),tonic,词,NOUN,C1
tonight,tonight,今晚,ADV,B2
tonsil,tonsil,词,NOUN,B2
too big,too big,太大,ADJ,B2
too heavy,too heavy,太重,ADJ,B2
too late,too late,太迟,ADV,B2
too particular,too particular,太介,ADJ,C1
too reckless,too reckless,太莽撞,NOUN,C1
too small,too small,太小,ADJ,B2
toothbrush,toothbrush,牙刷,NOUN,B2
toothless,toothless,无齿的,ADJ,B2
top,top,顶部的,ADJ,B2
top great,top great,顶部/极好,NOUN,B2
top priority,top priority,当务之急,NOUN,C1
top scorer,top scorer,词,NOUN,B2
topographical,topographical,词,ADJ,C1
tordu,crooked,弯曲的,ADJ,B2
torment (noun),torment,词,NOUN,C1
tormentor,tormentor,词,NOUN,B2
torpid,torpid,词,ADJ,C1
torpor,torpor,词,NOUN,C1
torque,torque,词,NOUN,C1
torrent,torrent,激流,NOUN,B2
torrid,torrid,词,ADJ,C1
torsion,torsion,扭转,NOUN,B2
tortious,tortious,词,ADJ,C1
tortoise,tortoise,词,NOUN,B1
tortue,turtle,海龟,NOUN,B2
tortuous,tortuous,词,ADJ,C1
torture,torture,酷刑,NOUN,B2
toss,toss,词,VERB,B2
total,total,完全的,ADJ,B2
total (noun),total,都加,NOUN,A2
totalitarianism,totalitarianism,词,NOUN,C1
totem,totem,词,NOUN,C1
totemism,totemism,词,NOUN,C1
touchabilité,touchability,能触摸,NOUN,B2
toucher,touch,接触,NOUN,B2
touching,touching,动人的,ADJ,B2
touchstone,touchstone,词,NOUN,C1
tough guy,tough guy,硬汉,NOUN,B2
toujours,ever,曾经,ADV,B2
toujours,to ever,里何尝,VERB,B2
tour,turn,转弯,NOUN,B2
tour guide,tour guide,导游,NOUN,A2
tourist,tourist,旅游的,ADJ,B2
touriste,tourist,游客,NOUN,B2
tourne-disque,record player,唱机,NOUN,B2
tout,whole,整个的,ADJ,B2
tout,all,全部,ADV,B2
tout,everything,一切,PRON,B2
tout,tout,词,VERB,C1
toute la journée,all day long,一整天,NOUN,B2
towards,towards,迎向,ADV,B2
towering,towering,词,ADJ,B2
town mayor,town mayor,镇长,NOUN,B2
township,township,乡镇,NOUN,B2
township head,township head,乡长,NOUN,B2
township road,township road,乡道,NOUN,B2
toxicity,toxicity,词,NOUN,C1
toxin,toxin,词,NOUN,C1
toxique,poisonous,有毒的,ADJ,B2
toys,toys,玩具,NOUN,B2
trace,trace,痕迹,NOUN,B2
trace element,trace element,微量元素,NOUN,C1
track and field,track and field,田径,NOUN,C1
track trace,track trace,痕迹/轨道,NOUN,B2
tracking,tracking,词,NOUN,C1
tractable,tractable,词,ADJ,C1
trade (verb),trade,词,VERB,A2
trade barrier,trade barrier,贸易壁垒,NOUN,B2
trade fair,trade fair,展销会,NOUN,C1
trade-off,trade-off,词,NOUN,C1
trademark,trademark,商标,NOUN,B2
trading practice,trading practice,词,NOUN,C1
tradition,tradition,传统,NOUN,B2
traditional chinese painting,traditional chinese painting,国画,NOUN,B2
traditional costume,traditional costume,传统服饰,NOUN,B2
traditional female singers,traditional female singers,词,NOUN,B1
traditionalism,traditionalism,词,NOUN,C1
traditions,traditions,词,NOUN,B1
traduce,traduce,词,VERB,C1
traffic light,traffic light,红绿灯,NOUN,B2
traffic restriction,traffic restriction,限行,NOUN,B2
traffic ticket,traffic ticket,词,NOUN,C1
trafficking,trafficking,词,NOUN,C1
tragically,tragically,悲剧地,ADV,B2
tragicness,tragicness,词,NOUN,C1
trail,trail,词,NOUN,B1
train,train,火车,NOUN,B2
train of thought,train of thought,思路,NOUN,B2
train ride,train ride,词,NOUN,A1
train station,train station,火车站,NOUN,B2
train ticket,train ticket,词,NOUN,A1
trained,trained,词,ADJ,C1
trainee,trainee,实习生,NOUN,B2
trainer,trainer,教练,NOUN,B2
trainer bastard,trainer bastard,,NOUN,B2
training center,training center,培训中心,NOUN,C1
trait,trait,特征,NOUN,B2
traiter,to deal with,处理,VERB,B2
traits qualities,traits qualities,词,NOUN,C1
tram,tram,有轨电车,NOUN,B2
trample,to trample,踩踏,VERB,B2
tranquil,tranquil,宁静的,ADJ,B2
tranquility,tranquility,词,NOUN,B1
trans-above,trans-above,超上,NOUN,C1
trans-abstraction,trans-abstraction,超抽,NOUN,B2
trans-analysis,trans-analysis,超分,NOUN,C1
trans-concept,trans-concept,超概,NOUN,C1
trans-decision,trans-decision,超断,NOUN,B2
trans-deduction,trans-deduction,超演,NOUN,B2
trans-dialectic,trans-dialectic,超辩,NOUN,B2
trans-er,trans-er,超而,NOUN,B2
trans-faith,trans-faith,超信,NOUN,C1
trans-guest,trans-guest,超客,NOUN,B2
trans-host,trans-host,超主,NOUN,C1
trans-idealism,trans-idealism,超唯,NOUN,B2
trans-inclusion,trans-inclusion,超纳,NOUN,C1
trans-induction,trans-induction,超归,NOUN,B2
trans-inference,trans-inference,超推,NOUN,B2
trans-judgment,trans-judgment,超判,NOUN,C1
trans-logic,trans-logic,超辑,NOUN,C1
trans-matter,trans-matter,超物,NOUN,B2
trans-mind,trans-mind,超心,NOUN,C1
trans-reality,trans-reality,超现,NOUN,C1
trans-synthesis,trans-synthesis,超合,NOUN,C1
transaction,transaction,交易,NOUN,B2
transcend,transcend,词,VERB,C1
transcendent,transcendent,卓越的,ADJ,B2
transcendental,transcendental,先验的,ADJ,B2
transcript,transcript,词,NOUN,C1
transfer to another hospital,transfer to another hospital,转院,VERB,C1
transfer window,transfer window,词,NOUN,B2
transferred,transferred,词,ADJ,C1
transfers,transfers,转会,NOUN,B2
transfix,transfix,词,VERB,C1
transformation,transformation,تحول,NOUN,B2
transformer converter,transformer converter,词,NOUN,C1
transgression,transgression,违犯,NOUN,B2
transhumance,transhumance,词,NOUN,B2
transient,transient,词,ADJ,C1
transistor,transistor,词,NOUN,C1
transit,transit,运输,NOUN,C1
transition,transition,过渡,NOUN,B2
transitivity,transitivity,及物性,NOUN,C1
transitory,transitory,词,ADJ,C1
translation,translation,翻译,NOUN,B2
translatology,translatology,词,NOUN,C1
translucent,translucent,词,ADJ,C1
transmettre,to convey,传达,VERB,B2
transmettre,to impart,传授,VERB,B2
transmettre,to pass on,转交,VERB,B2
transmission,transmission,传输,NOUN,B2
transmission to you,transmission to you,传你,NOUN,B2
transmitter,transmitter,发射台,NOUN,B2
transmute,transmute,词,VERB,C1
transnational,transnational,跨国性,ADJ,C1
transparent,transparent,透明的,ADJ,B2
transpire,transpire,词,VERB,C1
transplant (noun),transplant,移植,NOUN,C1
transplant (verb),transplant,移栽,VERB,C1
transport,transport,运输,NOUN,B2
transport,to transport,运输,VERB,B2
transport (adj),transport,词,ADJ,C1
transportation,transportation,词,NOUN,C1
transporter,transporter,词,NOUN,C1
transpose,transpose,词,VERB,C1
transregional,transregional,词,ADJ,C1
trapped,trapped,词,ADJ,A2
trapping,trapping,词,NOUN,C1
trash,trash,垃圾,NOUN,B2
trash bag,trash bag,垃圾袋,NOUN,B2
travail,labor,劳动,NOUN,B2
travail,travail,词,NOUN,C1
travail lourd,heavy work,重功,NOUN,B2
travailleur,hardworking,勤奋的,ADJ,B2
travaux administratifs,paperwork,文书工作,NOUN,B2
travel,to travel,旅行,VERB,B2
travel fatigue,travel fatigue,车马劳顿,NOUN,B2
travel guide,travel guide,词,NOUN,A1
traveled,traveled,词,ADJ,C1
traveler,traveler,旅行家,NOUN,B2
traverser,to go through,经历,VERB,B2
travesty,travesty,词,NOUN,C1
treacherous,treacherous,背叛的,ADJ,B2
treacherous minister,treacherous minister,奸臣,NOUN,B2
treacherousness,treacherousness,阴险,NOUN,B2
tread,to tread,踏上,VERB,B2
treason,treason,叛国罪,NOUN,B2
treasure land,treasure land,宝地,NOUN,C1
treasure room,treasure room,词,NOUN,C1
treat guests,to treat guests,请客,VERB,B2
treatise,treatise,词,NOUN,C1
treaty,treaty,条约,NOUN,B2
trek (noun),trek,词,NOUN,C1
tremendous,tremendous,词,ADJ,B2
tremulous,tremulous,颤抖的,ADJ,B2
trench coat,trench coat,词,NOUN,C1
trenchant,trenchant,词,ADJ,C1
trending,trending,词,ADJ,C1
trepidation,trepidation,词,NOUN,C1
trespass (noun),trespass,擅闯,NOUN,C1
trespass (verb),trespass,词,VERB,C1
trial,trial,试验,NOUN,B2
trial run,trial run,词,NOUN,B2
triangle,triangle,三角形,NOUN,B2
tribalism (adj),tribalism,词,ADJ,C1
tribalism (noun),tribalism,词,NOUN,C1
tribulation,tribulation,词,NOUN,C1
tribunal,tribunal,词,NOUN,C1
tribune,tribune,词,NOUN,C1
tricky,tricky,词,ADJ,B2
trifling,trifling,微不足道的,ADJ,B2
trigger (adj),trigger,词,ADJ,C1
trigger imprint,trigger imprint,印记,NOUN,B2
trigger mechanism,trigger mechanism,,NOUN,B2
trigonometry,trigonometry,词,NOUN,C1
trill,trill,词,NOUN,C1
trillion,trillion,词,NUM,B2
trim,trim,词,VERB,C1
trimestre,quarter of a year,季度,NOUN,B2
tringle à rideau,curtain rod,窗帘杆,NOUN,B2
trinket,trinket,小饰品,NOUN,B2
triple,triple,三倍的,ADJ,B2
trite,trite,陈腐的,ADJ,B2
triumph,triumph,胜利,NOUN,B2
trivia,trivia,词,NOUN,C1
trivializable,trivializable,可轻描淡写的,ADJ,B2
trocar,trocar,词,NOUN,C1
troglodyte,troglodyte,词,NOUN,C1
tromper,to trick,欺骗,VERB,B2
trompeur,deceitful,欺诈的,ADJ,B2
troop dispatch,troop dispatch,出兵,NOUN,B2
trop,too,太,ADV,B2
tropic,tropic,词,NOUN,C1
tropical,tropical,热带的,ADJ,B2
trouble entry,trouble entry,麻烦进,NOUN,C1
trouble spot,trouble spot,词,NOUN,C1
troublemaker,troublemaker,词,NOUN,B2
troubler,trouble,麻烦,NOUN,B2
troubler,to trouble,有劳,VERB,B2
troubling,troubling,令人担忧的,ADJ,B2
troupe,troop,部队,NOUN,B2
troupe,troupe,剧团,NOUN,B2
troupeau,flock,兽群,NOUN,B2
troupes,troops,部队,NOUN,B2
trowel,trowel,词,NOUN,B2
truculent,truculent,词,ADJ,C1
true qi,true qi,真气,NOUN,C1
truly,truly,确实,ADV,B2
truncate,truncate,词,VERB,C1
truncheon,truncheon,词,NOUN,C1
trust in God,trust in God,词,NOUN,C1
trustworthiness,trustworthiness,讲信,NOUN,B2
truthful,truthful,忠于事实的,ADJ,B2
try out,try out,词,VERB,C1
tsunami,tsunami,海啸,NOUN,C1
tube,tube,أنبوب,NOUN,B2
tug,tug,词,VERB,C1
tumoral,tumoral,词,ADJ,C1
tumult,tumult,词,NOUN,C1
tumulte,uproar,骚动,NOUN,B2
tumultuous,tumultuous,词,ADJ,C1
tuning,tuning,词,NOUN,C1
tunnel,tunnel,隧道,NOUN,B2
turban,turban,词,NOUN,B2
turbid,turbid,词,ADJ,C1
turbine,turbine,词,NOUN,C1
turbulence,turbulence,词,NOUN,C1
turbulent,turbulent,动荡的,ADJ,B2
turgid,turgid,词,ADJ,C1
turmeric,turmeric,词,NOUN,B2
turnaround,turnaround,转胜,NOUN,C1
turncoat,turncoat,词,NOUN,C1
turnoff,turnoff,词,NOUN,B2
turntable,turntable,,NOUN,B2
turpitude,turpitude,词,NOUN,C1
tutelary,tutelary,词,ADJ,C1
tutelle,tutelage,监护,NOUN,B2
tutor,tutor,导师,NOUN,C1
tutorat,tutoring,补习,NOUN,B2
tweezers,tweezers,词,NOUN,C1
twenty-five,twenty-five,词,NUM,C1
twenty-two-year-old,twenty-two-year-old,,NOUN,B2
twinning,twinning,词,NOUN,B2
twins,twins,双胞胎,NOUN,A2
twitching,twitching,抽搐的,ADJ,B2
two days,two days,两天,NUM,B2
two jin,two jin,两斤,NOUN,C1
two kinds,two kinds,两种,NUM,B2
two minutes,two minutes,两分钟,NUM,B2
two people,two people,两名,NUM,B2
two polite,two polite,两位,NUM,B2
two sons,two sons,儿俩,NOUN,B2
two thousand coins,two thousand coins,两千贯,NOUN,C1
two weeks,two weeks,两周,NUM,B2
two years,two years,两年,NUM,B2
two-dimensional,two-dimensional,二维的,ADJ,B2
two-headed,two-headed,双头的,ADJ,B2
twofold,twofold,双重的,ADJ,B2
tycoon,tycoon,词,NOUN,C1
type,type,类型,NOUN,B2
type like,type like,类型/比如,NOUN,B2
type lourd,heavy type,重型,NOUN,B2
typhon,typhoon,台风,NOUN,B2
typographical,typographical,排版的,ADJ,B2
tyrannical,tyrannical,专横的,ADJ,B2
tyrannical might,tyrannical might,词,NOUN,C1
tyrannically haughty,tyrannically haughty,词,ADJ,C1
tyrannie,tyranny,暴政,NOUN,B2
télescope,telescope,望远镜,NOUN,B2
télécharger,to download,下载,VERB,B2
téléphoner,phone,电话,NOUN,B2
téléphoner,to phone,打电话,VERB,B2
téléverser,to upload,上传,VERB,B2
télévision,television,电视,NOUN,B2
témoignage,witness testimony,人证,NOUN,B2
témoigner,to witness,目击,VERB,B2
témoin,eyewitness,目击,NOUN,B2
ubiquitous,ubiquitous,词,ADJ,C1
ukrainian,ukrainian,乌克兰的,ADJ,B2
ulcération,ulceration,溃疡,NOUN,B2
ulterior,ulterior,词,ADJ,C1
ultimate,ultimate,最终的,ADJ,B2
ultimate art,ultimate art,绝学,NOUN,B2
ultimate outcome,ultimate outcome,词,NOUN,C1
ultimatum,ultimatum,词,NOUN,C1
ultrasound,ultrasound,B超,NOUN,C1
ultraviolet radiation,ultraviolet radiation,紫外线,NOUN,C1
ululate,ululate,词,VERB,B2
ululation,ululation,词,NOUN,C1
ululations,ululations,欢呼声,NOUN,B1
um,um,嗯,INTJ,B2
umbrage,umbrage,词,NOUN,C1
un peu,a little,一点,ADJ,B2
un peu,a bit,一点,ADV,B2
unabated,unabated,词,ADJ,C1
unable,unable,词,ADJ,B2
unaccustomed,unaccustomed,词,ADJ,C1
unaffected,unaffected,词,ADJ,C1
unaffectionate,unaffectionate,词,ADJ,C1
unalterable,unalterable,词,ADJ,C1
unanimity,unanimity,词,NOUN,C1
unappealable,unappealable,词,ADJ,C1
unapproachable,unapproachable,词,ADJ,C1
unarmed,unarmed,手无寸铁的,ADJ,B2
unavoidable,unavoidable,不可避免,ADJ,C1
unaware,unaware,词,ADJ,B2
unbeatable,unbeatable,词,ADJ,C1
unbelieving,unbelieving,词,ADJ,C1
unbridled,unbridled,肆无忌惮的,ADJ,B2
uncanny,uncanny,词,ADJ,C1
unceasing,unceasing,不断,ADV,B2
unchanging,unchanging,词,ADJ,C1
uncivil,uncivil,词,ADJ,C1
unclassifiable,unclassifiable,词,ADJ,C1
unconquerable,unconquerable,词,ADJ,C1
unconscious (noun),unconscious,词,NOUN,C1
unconsciousness,unconsciousness,词,NOUN,C1
uncountable,uncountable,词,ADJ,C1
uncouth,uncouth,粗俗的,ADJ,B2
uncovered,uncovered,词,ADJ,A2
uncovering,uncovering,破获,NOUN,B2
uncritical,uncritical,不加批判的,ADJ,B2
unctuous,unctuous,谄媚的,ADJ,B2
uncultivated,uncultivated,词,ADJ,B2
undaunted,undaunted,词,ADJ,C1
undead,undead,词,NOUN,C1
under below,under below,在...下方,ADP,A2
under the,under the,词,ADP,B2
underclass,underclass,底层,NOUN,B2
undercover agent,undercover agent,卧底,NOUN,B2
undergraduate course,undergraduate course,本科,NOUN,B1
underground canal,underground canal,词,NOUN,B2
underground garage,underground garage,地下车库,NOUN,C1
underling,underling,词,NOUN,C1
undermining authority,undermining authority,削弱权威,NOUN,B2
underneath (adp),underneath,词,ADP,B1
underneath (noun),underneath,底下,NOUN,C1
underpass,underpass,地下通道,NOUN,C1
underpin,underpin,词,VERB,C1
underscore,underscore,词,VERB,C1
underside,underside,下方,NOUN,C1
understanding,understanding,体贴的,ADJ,B2
understood,understood,词,ADJ,A1
undervaluing,undervaluing,词,NOUN,C1
underwater,underwater,词,ADJ,B2
underworld,underworld,地下世界,NOUN,B2
undeserved,undeserved,词,ADJ,C1
undisturbed,undisturbed,词,ADJ,C1
undo (adj),undo,词,ADJ,C1
undoubted,undoubted,词,ADJ,C1
undoubtedly,undoubtedly,无疑地,ADV,B2
undulate,undulate,词,VERB,C1
unearned,unearned,浪得,NOUN,C1
unending flow,unending flow,川流不息,ADJ,C1
unequivocal,unequivocal,词,ADJ,C1
unerring,unerring,词,ADJ,C1
unerziehung,unerziehung,词,NOUN,B2
uneven,uneven,不均,ADJ,C1
unevenness,unevenness,词,NOUN,C1
unexpected event,unexpected event,变故,NOUN,B2
unfahrt,unfahrt,词,NOUN,B2
unfair prejudice,unfair prejudice,词,NOUN,C1
unfairness,unfairness,词,NOUN,C1
unfaithful,unfaithful,不忠的,ADJ,B2
unfamiliar,unfamiliar,生疏,ADJ,C1
unfamiliarity,unfamiliarity,不熟,NOUN,C1
unfassung,unfassung,词,NOUN,B2
unfathomable,unfathomable,词,ADJ,C1
unfavorable,unfavorable,词,ADJ,C1
unfettered,unfettered,词,ADJ,C1
unfinished,unfinished,词,ADJ,C1
unfolding,unfolding,词,NOUN,C1
unforderung,unforderung,词,NOUN,C1
unforeseeable,unforeseeable,词,ADJ,C1
unforgettable,unforgettable,词,ADJ,C1
unforgivable,unforgivable,不可原谅的,ADJ,B2
unforgivable (noun),unforgivable,词,NOUN,B2
unfounded,unfounded,词,ADJ,C1
unfriendly,unfriendly,不友好的,ADJ,B2
ungabe,ungabe,词,NOUN,C1
ungainly,ungainly,笨拙的,ADJ,B2
ungestaltung,ungestaltung,词,NOUN,C1
ungodliness,ungodliness,词,NOUN,C1
unhappiness,unhappiness,词,NOUN,C1
unharmed,unharmed,未受伤的,ADJ,B2
unhurried patience,unhurried patience,词,NOUN,C1
unicité,uniqueness,独特,NOUN,B2
unification,unification,统一,NOUN,B2
unified examination,unified examination,统考,NOUN,B2
unifier,to unify,统一,VERB,B2
uniformity,uniformity,统一性,NOUN,B2
unilateralism,unilateralism,词,NOUN,C1
unimpeachable,unimpeachable,词,ADJ,C1
unimpeded,unimpeded,词,ADJ,C1
uninhabited,uninhabited,词,ADJ,C1
uninhibited,uninhibited,词,ADJ,C1
unintelligible,unintelligible,词,ADJ,C1
uninterrupted,uninterrupted,词,ADJ,C1
unionist,unionist,词,ADJ,B2
unique,unique,独特的,ADJ,B2
unique (noun),unique,词,NOUN,B2
unité,unit,单元,NOUN,B2
universal total,universal total,词,ADJ,C1
universalité,universality,普遍性,NOUN,B2
universities,universities,大学,NOUN,B2
university (adj),university,词,ADJ,C1
university of applied sciences,university of applied sciences,应用科学大学,NOUN,B2
university student,university student,大学生,NOUN,B2
unjust death,unjust death,死得冤,NOUN,C1
unkempt,unkempt,词,ADJ,C1
unknown,unknown,未知数,NOUN,B2
unkunft,unkunft,词,NOUN,C1
unlawful,unlawful,非法的,ADJ,B2
unleashed,unleashed,词,ADJ,C1
unlike (adp),unlike,词,ADP,B2
unlike (verb),unlike,不像,VERB,B2
unlocked,unlocked,词,NOUN,B2
unmentionable,unmentionable,词,ADJ,C1
unmissable,unmissable,词,ADJ,C1
unmistakable,unmistakable,词,ADJ,C1
unmitigated,unmitigated,词,ADJ,C1
unnahme,unnahme,词,NOUN,B2
unnatural,unnatural,不自然的,ADJ,B2
unnoticed,unnoticed,词,ADJ,C1
unobtrusive,unobtrusive,词,ADJ,C1
unoccupied,unoccupied,词,ADJ,C1
unparalleled (adj),unparalleled,词,ADJ,C1
unparalleled (noun),unparalleled,绝世,NOUN,C1
unpflegung,unpflegung,词,NOUN,B2
unpopular,unpopular,词,ADJ,C1
unpostponable,unpostponable,词,ADJ,C1
unprecedented,unprecedented,史无前例的,ADJ,B2
unpredictable (noun),unpredictable,词,NOUN,B2
unprepared,unprepared,词,ADJ,C1
unproductive,unproductive,词,ADJ,C1
unpunished,unpunished,未受惩罚的,ADJ,B2
unreachable,unreachable,词,ADJ,C1
unreal,unreal,词,ADJ,C1
unreality,unreality,虚幻,NOUN,B2
unreasonable,unreasonable,不情,NOUN,B2
unreasonableness,unreasonableness,无理,NOUN,C1
unreflective,unreflective,词,ADJ,C1
unregelung,unregelung,词,NOUN,C1
unrelated,unrelated,词,ADJ,C1
unreliable,unreliable,词,ADJ,C1
unremitting,unremitting,词,ADJ,C1
unrepeatable,unrepeatable,词,ADJ,C1
unrepentant,unrepentant,词,ADJ,C1
unrequited,unrequited,词,ADJ,C1
unrichtung,unrichtung,词,NOUN,C1
unsafe,unsafe,词,ADJ,B1
unschaft,unschaft,词,NOUN,B2
unschrift,unschrift,词,NOUN,C1
unscrupulous,unscrupulous,肆无忌惮的,ADJ,B2
unscrupulousness,unscrupulousness,毫无良知,NOUN,B2
unsecured,unsecured,,NOUN,B2
unseemly,unseemly,词,ADJ,C1
unseen realities,unseen realities,词,NOUN,C1
unsetzung,unsetzung,词,NOUN,C1
unshakable,unshakable,词,ADJ,C1
unsicht,unsicht,词,NOUN,C1
unsinnung,unsinnung,词,NOUN,C1
unsociable,unsociable,词,ADJ,C1
unsolved case,unsolved case,疑案,NOUN,B2
unspeakable,unspeakable,词,ADJ,C1
unsprache,unsprache,词,NOUN,C1
unsteady,unsteady,词,ADJ,C1
unstinting,unstinting,词,ADJ,C1
unstoppable,unstoppable,不可阻挡,ADJ,B2
unsuccessful,unsuccessful,词,ADJ,C1
unsucht,unsucht,词,NOUN,C1
unsuchung,unsuchung,词,NOUN,C1
unsustainability,unsustainability,玩不长,NOUN,C1
unsustainable,unsustainable,难以持续,ADJ,C1
unteilung,unteilung,词,NOUN,C1
untenable,untenable,词,ADJ,C1
untererziehung,untererziehung,词,NOUN,C1
unterfahrt,unterfahrt,词,NOUN,C1
unterfassung,unterfassung,词,NOUN,C1
unterforderung,unterforderung,词,NOUN,C1
untergabe,untergabe,词,NOUN,C1
untergestaltung,untergestaltung,词,NOUN,C1
unternahme,unternahme,词,NOUN,C1
unterpflegung,unterpflegung,词,NOUN,B2
unterregelung,unterregelung,词,NOUN,C1
unterrichtung,unterrichtung,词,NOUN,C1
unterschaft,unterschaft,词,NOUN,C1
unterschrift,unterschrift,词,NOUN,C1
untersetzung,untersetzung,词,NOUN,B2
untersicht,untersicht,词,NOUN,C1
untersinnung,untersinnung,词,NOUN,B2
untersprache,untersprache,词,NOUN,C1
untersucht,untersucht,词,NOUN,C1
untersuchung,untersuchung,词,NOUN,C1
unterteilung,unterteilung,词,NOUN,C1
untertheilung,untertheilung,词,NOUN,C1
untertreibung,untertreibung,词,NOUN,B2
unterwandel,unterwandel,词,NOUN,C1
unterweisung,unterweisung,词,NOUN,C1
unterwirkung,unterwirkung,词,NOUN,C1
untheilung,untheilung,词,NOUN,C1
untidiness,untidiness,凌乱,NOUN,B2
untidy,untidy,词,ADJ,C1
until to,until to,词,ADP,A2
until up to,until up to,词,ADP,A1
untimely (adj),untimely,词,ADJ,C1
untimely (noun),untimely,词,NOUN,C1
untouched,untouched,词,ADJ,C1
untoward,untoward,词,ADJ,C1
untreibung,untreibung,词,NOUN,B2
unviable,unviable,词,ADJ,C1
unwandel,unwandel,词,NOUN,B2
unwanted,unwanted,不受欢迎的,ADJ,B2
unwarranted,unwarranted,词,ADJ,C1
unwashed,unwashed,洗不,NOUN,C1
unweisung,unweisung,词,NOUN,B2
unwell,unwell,词,ADJ,C1
unwieldy,unwieldy,词,ADJ,C1
unwilling,unwilling,不愿,VERB,B2
unwinnable,unwinnable,打不赢,NOUN,B2
unwirkung,unwirkung,词,NOUN,C1
unwise,unwise,词,ADJ,C1
unwitting,unwitting,词,ADJ,C1
unwonted,unwonted,词,ADJ,C1
up above,up above,上,ADP,A1
up there,up there,在那上面,ADV,B2
up to a time,up to a time,截至,VERB,C1
up-down,up-down,上下,NOUN,C1
upbeat,upbeat,轻快的,ADJ,B2
upbraid,upbraid,词,VERB,C1
update (noun),update,词,NOUN,B1
updated,updated,词,ADJ,C1
upgrade (noun),upgrade,词,NOUN,C1
upgraded,upgraded,词,ADJ,C1
uphold,uphold,词,VERB,C1
upholding of rights,upholding of rights,词,NOUN,C1
upload (noun),upload,词,NOUN,C1
upper class,upper class,上层,NOUN,B2
upper floor,upper floor,楼上,NOUN,B2
upper part,upper part,上部,NOUN,B2
upper reaches,upper reaches,上游,NOUN,B2
upper residence,upper residence,上住,NOUN,C1
upper voice,upper voice,词,NOUN,C1
upright,upright,直立地,ADV,B2
uprightness,uprightness,词,NOUN,B2
uprooted,uprooted,词,ADJ,C1
ups and downs,ups and downs,词,NOUN,B2
upset,upset,心烦的,ADJ,B2
upshot,upshot,词,NOUN,C1
upstart,upstart,暴发户,NOUN,B2
upstart (adj),upstart,词,ADJ,C1
upward,upward,向上,ADV,B2
upwards,upwards,向上,ADV,B2
urbane,urbane,词,ADJ,C1
urbanism,urbanism,词,NOUN,B2
urerziehung,urerziehung,词,NOUN,C1
urfahrt,urfahrt,词,NOUN,C1
urfassung,urfassung,词,NOUN,C1
urforderung,urforderung,词,NOUN,C1
urgabe,urgabe,词,NOUN,B2
urgence,urgency,紧急,NOUN,B2
urgent,urgent,紧急的,ADJ,B2
urgent camp report,urgent camp report,营急报,NOUN,C1
urgent message,urgent message,急讯,NOUN,C1
urgestaltung,urgestaltung,词,NOUN,B2
urine,urine,尿,NOUN,C1
urkunft,urkunft,词,NOUN,C1
urnahme,urnahme,词,NOUN,B2
urpflegung,urpflegung,词,NOUN,C1
urregelung,urregelung,词,NOUN,C1
urrichtung,urrichtung,词,NOUN,C1
urschaft,urschaft,词,NOUN,C1
urschrift,urschrift,词,NOUN,B2
ursetzung,ursetzung,词,NOUN,B2
ursicht,ursicht,词,NOUN,B2
ursinnung,ursinnung,词,NOUN,C1
ursprache,ursprache,词,NOUN,B2
ursucht,ursucht,词,NOUN,C1
ursuchung,ursuchung,词,NOUN,C1
urteilung,urteilung,词,NOUN,B2
urtheilung,urtheilung,词,NOUN,C1
urtreibung,urtreibung,词,NOUN,C1
urwandel,urwandel,词,NOUN,B2
urweisung,urweisung,词,NOUN,C1
urwirkung,urwirkung,词,NOUN,C1
us,us,我们,PRON,B2
usage,usage,还用,NOUN,C1
usage-based,usage-based,词,ADJ,C1
usb flash drive,usb flash drive,U盘,NOUN,B2
used,used,词,ADJ,C1
usefulness avail,usefulness avail,效用,NOUN,C1
uselessly,uselessly,词,ADV,C1
using this,using this,用这,NOUN,C1
usual thing,usual thing,惯例,NOUN,B2
usurpation,usurpation,词,NOUN,C1
usury,usury,词,NOUN,C1
uterine,uterine,词,ADJ,C1
utilisation,utilization,利用,NOUN,B2
utiliser,to utilize,利用,VERB,B2
utiliser des baguettes,to use chopsticks,动筷,VERB,B2
utiliser des béquilles,to use crutches,拄拐,VERB,B2
utility,utility,效用,NOUN,B2
utility meter,utility meter,公用事业表,NOUN,B1
utility room,utility room,杂物间,NOUN,C1
utmost extreme end,utmost extreme end,词,NOUN,C1
utopie,utopia,乌托邦,NOUN,B2
utopique,utopian,乌托邦式的,ADJ,B2
utter,utter,词,ADJ,C1
utterance-related,utterance-related,词,ADJ,C1
vacances,holiday,假期,NOUN,B2
vacances,vacation,假期,NOUN,B2
vacant,vacant,空缺的,ADJ,B2
vacant lot,vacant lot,空地,NOUN,C1
vacate,vacate,词,VERB,C1
vacation (verb),vacation,度假,VERB,C1
vaccinal,vaccinal,词,ADJ,C1
vaccination,vaccination,疫苗接种,NOUN,B2
vache,cow,奶牛,NOUN,B2
vacillate,vacillate,词,VERB,C1
vacuous,vacuous,词,ADJ,C1
vacuum,vacuum,真空的,ADJ,B2
vacuum (noun),vacuum,词,NOUN,B2
vacuum pump,vacuum pump,词,NOUN,C1
vagabond,vagabond,词,NOUN,C1
vagabond-poet life,vagabond-poet life,词,NOUN,C1
vagary,vagary,词,NOUN,C1
vagrancy,vagrancy,词,NOUN,C1
vagrant,vagrant,词,NOUN,C1
vague,vague,含糊的,ADJ,B2
vague de froid,cold wave,寒潮,NOUN,B2
vagueness,vagueness,模糊,NOUN,C1
vaillant,valiant,英勇的,ADJ,B2
vain,vain,徒劳的,ADJ,B2
vain (noun),vain,白白,NOUN,C1
vainglorious,vainglorious,词,ADJ,C1
vainglory,vainglory,词,NOUN,C1
vaisseau spatial,spaceship,宇宙飞船,NOUN,B2
vale of tears,vale of tears,词,NOUN,C1
valedictory,valedictory,词,ADJ,C1
valeur,value,价值,NOUN,B2
valiance,valiance,骁勇,NOUN,C1
valid,valid,有效的,ADJ,B2
validité,validity,有效期,NOUN,B2
value chain,value chain,价值链,NOUN,C1
value change,value change,改值,NOUN,B2
valued,valued,词,ADJ,C1
values,values,价值观,NOUN,B2
values base,values base,价值基础,NOUN,B2
valve,valve,词,NOUN,C1
vampire,vampire,吸血鬼,NOUN,B2
vanilla,vanilla,词,NOUN,C1
vanishing,vanishing,词,NOUN,C1
vaniteux,conceited,自负的,ADJ,B2
vanité,vanity,虚荣,NOUN,B2
vanner,to winnow,筛选,VERB,B2
vanquish,vanquish,词,VERB,C1
vantardise,boasting,夸耀,NOUN,B2
vapid,vapid,词,ADJ,C1
vapor,vapor,词,NOUN,C1
vaporizer,vaporizer,词,NOUN,C1
variable,variable,变量,NOUN,B2
variable (adj),variable,词,ADJ,C1
variables,variables,词,NOUN,C1
variance,variance,方差,NOUN,B2
variant,variant,变体,NOUN,B2
variation,variation,变化,NOUN,B2
variegate,variegate,词,VERB,C1
variété,variety,种类,NOUN,B2
varnish,varnish,清漆,NOUN,B2
varying,varying,词,ADJ,B2
vase,vase,花瓶,NOUN,B2
vassal,vassal,之臣,NOUN,C1
vaste,vast,巨大的,ADJ,B2
vastness,vastness,词,NOUN,B2
vat,vat,增值税,NOUN,B2
vault,vault,金库,NOUN,B2
vaulting pole,vaulting pole,词,NOUN,C1
vaunt,vaunt,词,VERB,C1
vaunted,vaunted,词,ADJ,B2
vector,vector,词,NOUN,C1
veer,veer,词,VERB,C1
vegetable selling,vegetable selling,卖菜,NOUN,C1
vegetables,vegetables,菜吧,NOUN,C1
vegetarian,vegetarian,素食者,NOUN,B2
vegetarian (adj),vegetarian,词,ADJ,A1
vehemence,vehemence,词,NOUN,C1
vehement,vehement,激烈的,ADJ,B2
vehicular,vehicular,词,ADJ,C1
veil,veil,词,NOUN,C1
veiled,veiled,隐晦的,ADJ,B2
veille,vigil,守夜,NOUN,B2
veine,vein,静脉,NOUN,B2
velarization,velarization,词,NOUN,C1
vendeur,salesperson,销售人员,NOUN,B2
vending machine,vending machine,自动售货机,NOUN,B2
vendredi,friday,星期五,NOUN,B2
veneer,veneer,词,NOUN,C1
venereal disease,venereal disease,性病,NOUN,B2
vengeance,vengeance,报复,NOUN,B2
venger,to avenge,复仇,VERB,B2
venial,venial,词,ADJ,C1
venir,to come here,来到这里,VERB,B2
venir,to not come,不来,VERB,B2
venom,venom,词,NOUN,C1
venomous,venomous,词,ADJ,C1
venomous dragon,venomous dragon,毒龙,NOUN,C1
vent (noun),vent,词,NOUN,B2
vente,sale,出售,NOUN,B2
ventilateur,fan,粉丝,NOUN,B2
venting,venting,出气,NOUN,C1
venting anger,venting anger,泄愤,NOUN,C1
ventre,belly,肚子,NOUN,B2
venture (noun),venture,词,NOUN,B2
veracity,veracity,词,NOUN,C1
verbal,verbal,言语的,ADJ,B2
verbal sparring,verbal sparring,词,NOUN,C1
verbalize,verbalize,词,VERB,B2
verbatim,verbatim,词,ADV,C1
verbosité,verbosity,冗长,NOUN,B2
verdant,verdant,词,ADJ,C1
vererziehung,vererziehung,词,NOUN,C1
verfahrt,verfahrt,词,NOUN,C1
verforderung,verforderung,词,NOUN,C1
vergabe,vergabe,词,NOUN,C1
verge,verge,词,NOUN,C1
verger,orchard,果园,NOUN,B2
vergestaltung,vergestaltung,词,NOUN,C1
verifiable,verifiable,词,ADJ,C1
verification,verification,词,NOUN,C1
veritable,veritable,词,ADJ,C1
verity,verity,词,NOUN,C1
verkunft,verkunft,词,NOUN,C1
vermilion,vermilion,词,NOUN,B2
vermine,vermin,害兽,NOUN,B2
vernacular,vernacular,词,NOUN,C1
vernahme,vernahme,词,NOUN,C1
vernal,vernal,春季的,ADJ,B2
vernier,vernier,词,NOUN,C1
verpflegung,verpflegung,词,NOUN,C1
verre,glass,玻璃,NOUN,B2
verregelung,verregelung,词,NOUN,C1
verrichtung,verrichtung,词,NOUN,C1
verrouiller,to lock,锁上,VERB,B2
vers,toward,朝向,ADP,B2
vers,towards,朝向,ADP,B2
vers le bas,downwards,向下,ADV,B2
verschaft,verschaft,词,NOUN,B2
verschrift,verschrift,词,NOUN,C1
verse,verse,词,NOUN,C1
verse of Quran,verse of Quran,词,NOUN,B2
versement,installment,分期付款,NOUN,B2
verser,to pour,倾倒,VERB,B2
versetzung,versetzung,词,NOUN,C1
versicht,versicht,词,NOUN,C1
versification,versification,词,NOUN,C1
versinnung,versinnung,词,NOUN,B2
version,version,版本,NOUN,B2
versprache,versprache,词,NOUN,C1
versucht,versucht,词,NOUN,C1
versuchung,versuchung,词,NOUN,C1
versus,versus,对,ADP,B2
versé,versed,精通的,ADJ,B2
vert,green,绿色的,ADJ,B2
vertebra,vertebra,词,NOUN,B2
verteilung,verteilung,词,NOUN,C1
vertex,vertex,词,NOUN,C1
vertheilung,vertheilung,词,NOUN,C1
vertical,vertical,垂直的,ADJ,B2
vertige,dizziness,眩晕,NOUN,B2
vertigo,vertigo,词,NOUN,C1
vertigo dizziness,vertigo dizziness,词,NOUN,C1
vertreibung,vertreibung,词,NOUN,C1
vertu,virtue,美德,NOUN,B2
verwandel,verwandel,词,NOUN,C1
verweisung,verweisung,词,NOUN,C1
verwirkung,verwirkung,词,NOUN,C1
very best,very best,最好的,ADJ,B2
very deep,very deep,很深,ADJ,B2
very fine,very fine,极细的,ADJ,B2
very good,very good,很好,ADJ,B2
very hard,very hard,极硬的,ADJ,B2
very heavy,very heavy,很重,ADJ,C1
very much,very much,万分,ADV,B2
very well,very well,词,ADV,B2
vessel,vessel,船,NOUN,B2
vestiaire,cloakroom,衣帽间,NOUN,B2
vestiaire,locker room,更衣室,NOUN,B2
vestige,vestige,词,NOUN,C1
vestige culturel,cultural relic,文物,NOUN,B2
veterinarian,veterinarian,词,NOUN,C1
veto,veto,否决,NOUN,B2
veuve,widow,寡妇,NOUN,B2
vex,vex,词,VERB,C1
vexation,vexation,词,NOUN,C1
viable,viable,可行的,ADJ,B2
vibrant,vibrant,词,ADJ,C1
vibration,vibration,振动,NOUN,B2
vicarious,vicarious,词,ADJ,C1
vice,vice,恶习,NOUN,B2
vice versa,vice versa,反之亦然,ADV,B2
vice versa (adj),vice versa,词,ADJ,B2
vice-minister,vice-minister,侍郎,NOUN,B2
vicious,vicious,词,ADJ,B2
vicissitude,vicissitude,变迁,NOUN,B2
victime,victim,受害者,NOUN,B2
victoire,victory,胜利,NOUN,B2
victory banquet,victory banquet,庆功宴,NOUN,B2
vide,empty,空的,ADJ,B2
vide,emptiness,空虚,NOUN,B2
video clip,video clip,视频片段,NOUN,B2
video on demand,video on demand,点播,NOUN,C1
videotape,videotape,词,NOUN,C1
vidéo,video,视频,NOUN,B2
vidéodisque,video disc,影碟,NOUN,B2
vie,life,生命,NOUN,B2
vie et mort,life and death,生死,NOUN,B2
vie ou mort,life-and-death,决生,NOUN,B2
vierge,virgin,处女,NOUN,B2
viewer,viewer,观众,NOUN,B2
viewing,viewing,词,NOUN,B1
views,views,观看次数,NOUN,B2
vigie,lookout,瞭望,NOUN,B2
vigilance,vigilance,警惕,NOUN,B2
vigilant,vigilant,警惕的,ADJ,B2
vigne,vine,藤蔓,NOUN,B2
vignette,vignette,词,NOUN,C1
vigor of prime,vigor of prime,词,NOUN,C1
vigorous,vigorous,词,ADJ,C1
vigueur,vigor,活力,NOUN,B2
vil,vile,卑鄙的,ADJ,B2
vile,vile,可憎地,ADV,B2
villa,villa,别墅,NOUN,B2
village,village,村庄,NOUN,B2
village road,village road,村道,NOUN,C1
villager,villager,村民,NOUN,C1
villainous,villainous,恶棍的,ADJ,B2
vin,wine,葡萄酒,NOUN,B2
vindicate,vindicate,词,VERB,C1
vindictive,vindictive,词,ADJ,C1
vineyard,vineyard,葡萄园,NOUN,C1
vingt,twenty,二十,NUM,B2
violate regulations,violate regulations,违规,VERB,C1
violation,violation,侵越,NOUN,B2
violations,violations,词,NOUN,C1
violence,violence,暴力,NOUN,B2
violent,violent,暴力的,ADJ,B2
violent act,violent act,词,NOUN,C1
violently,violently,暴力地,ADV,B2
violer,to violate,违反,VERB,B2
violet (adj),violet,词,ADJ,C1
violet (noun),violet,词,NOUN,B2
violon,violin,小提琴,NOUN,B2
viper,viper,词,NOUN,B2
viral,viral,病毒性的,ADJ,C1
virginal,virginal,处女的,ADJ,B2
virgule,fraction marker,分之,PART,B2
virtual reality,virtual reality,虚拟现实,NOUN,B2
virtuel,virtual,虚拟的,ADJ,B2
virtuellement,virtually,几乎,ADV,B2
virtuoso,virtuoso,词,NOUN,C1
virtuous,virtuous,有德行的,ADJ,B2
virulent,virulent,恶性的,ADJ,B2
virus,virus,病毒,NOUN,B2
visa,visa,签证,NOUN,B2
visage,face,脸,NOUN,B2
viscosity,viscosity,词,NOUN,C1
viscount,viscount,词,NOUN,C1
viser,aim,目标,NOUN,B2
viser,to aim,瞄准,VERB,B2
visibility,visibility,能见度,NOUN,B2
visible,visible,可见的,ADJ,B2
vision,vision,远见,NOUN,B2
vision du monde,worldview,世界观,NOUN,B2
visionary,visionary,词,NOUN,C1
visit (noun),visit,去看,NOUN,A2
visiter,visit,拜访,NOUN,B2
visiter,to visit,参观,VERB,B2
visiteur,visitor,访客,NOUN,B2
visiting ban,visiting ban,,NOUN,B2
visor,visor,词,NOUN,B2
visqueux,viscous,黏稠的,ADJ,B2
visualize,visualize,词,VERB,C1
visuel,visual,视觉的,ADJ,B2
vital,vital,词,ADJ,B2
vital point,vital point,要害,NOUN,B2
vitality,vitality,词,NOUN,B2
vitality powder,vitality powder,元散,NOUN,C1
vitamine,vitamin,维生素,NOUN,B2
vitiate,vitiate,词,VERB,C1
vitre,window glass,窗玻璃,NOUN,B2
vitriolic,vitriolic,词,ADJ,C1
vituperate,vituperate,词,VERB,C1
vivacious,vivacious,词,ADJ,C1
vivant,alive,活着的,ADJ,B2
vive,long live,万岁,INTJ,B2
vivid,vivid,生动的,ADJ,B2
vocabulary,vocabulary,词,NOUN,C1
vocal,vocal,直言的,ADJ,B2
vocalization,vocalization,词,NOUN,C1
vocation,calling,使命,NOUN,B2
vocation,vocation,词,NOUN,C1
vocationalization,vocationalization,词,NOUN,C1
vociferous,vociferous,词,ADJ,C1
vodka,vodka,词,NOUN,C1
vogue,vogue,流行,NOUN,B2
voice command,voice command,声令,NOUN,B2
voiceover,voiceover,词,NOUN,C1
voicing,voicing,词,NOUN,C1
void,void,最无,NOUN,B2
voie,lane,小巷,NOUN,B2
voile,sailing,航行,NOUN,B2
voir un cadavre,to see corpse,见尸,VERB,B2
voir à travers,to see through,看穿,VERB,B2
voisin,neighboring,邻近的,ADJ,B2
voisin,next door,隔壁,NOUN,B2
voiture de sport,sports car,跑车,NOUN,B2
voix,voice,声音,NOUN,B2
vol,flight,航班,NOUN,B2
vol,robbery,抢劫案,NOUN,B2
vol,theft,盗窃,NOUN,B2
volaille,poultry,家禽,NOUN,B2
volatil,volatile,易变的,ADJ,B2
volatility,volatility,词,NOUN,C1
volcan,volcano,火山,NOUN,B2
volcanic,volcanic,词,ADJ,C1
voler,to rob,抢劫,VERB,B2
voler,to steal,偷,VERB,B2
voleur,robber,强盗,NOUN,B2
volition,volition,词,NOUN,C1
volleyball,volleyball,排球,NOUN,B2
volontaire,voluntary,自愿的,ADJ,B2
volontaire,willful,任性的,ADJ,B2
volonté,willingness,乐意,NOUN,B2
voltage,voltage,词,NOUN,C1
voltiger,to flutter,飘动,VERB,B2
voluble,voluble,词,ADJ,C1
volume,measure word for books,本,NUM,B2
volume measure,volume measure,词,NOUN,B2
volumetric,volumetric,词,ADJ,C1
voluminous,voluminous,词,ADJ,C1
voluntarily,voluntarily,自愿地,ADV,B2
voluntariness,voluntariness,词,NOUN,C1
voluntarist,voluntarist,词,ADJ,C1
volunteer work,volunteer work,志愿工作,NOUN,B2
voluptuous,voluptuous,词,ADJ,C1
vomir,to vomit,呕吐,VERB,B2
vomit (noun),vomit,词,NOUN,B2
vomiting,vomiting,词,NOUN,C1
voracious,voracious,词,ADJ,C1
voracity,voracity,词,NOUN,C1
vorderbildung,vorderbildung,词,NOUN,C1
vordererziehung,vordererziehung,词,NOUN,C1
vorderfahrt,vorderfahrt,词,NOUN,C1
vorderfassung,vorderfassung,词,NOUN,B2
vorderforderung,vorderforderung,词,NOUN,C1
vordergabe,vordergabe,词,NOUN,C1
vordergestaltung,vordergestaltung,词,NOUN,C1
vorderkunft,vorderkunft,词,NOUN,C1
vorderleitung,vorderleitung,词,NOUN,B2
vordermessung,vordermessung,词,NOUN,C1
vordernahme,vordernahme,词,NOUN,C1
vorderordnung,vorderordnung,词,NOUN,C1
vorderpflegung,vorderpflegung,词,NOUN,C1
vorderrechnung,vorderrechnung,词,NOUN,C1
vorderregelung,vorderregelung,词,NOUN,C1
vorderrichtung,vorderrichtung,词,NOUN,B2
vorderschaft,vorderschaft,词,NOUN,C1
vorderschrift,vorderschrift,词,NOUN,C1
vordersetzung,vordersetzung,词,NOUN,B2
vordersicht,vordersicht,词,NOUN,C1
vordersinnung,vordersinnung,词,NOUN,B2
vordersprache,vordersprache,词,NOUN,C1
vorderstellung,vorderstellung,词,NOUN,C1
vordersucht,vordersucht,词,NOUN,C1
vordersuchung,vordersuchung,词,NOUN,C1
vorderteilung,vorderteilung,词,NOUN,C1
vordertheilung,vordertheilung,词,NOUN,C1
vordertreibung,vordertreibung,词,NOUN,C1
vorderwandel,vorderwandel,词,NOUN,B2
vorderwandlung,vorderwandlung,词,NOUN,C1
vorderweisung,vorderweisung,词,NOUN,B2
vorderwendung,vorderwendung,词,NOUN,C1
vorderwirkung,vorderwirkung,词,NOUN,C1
vorerziehung,vorerziehung,词,NOUN,B2
vorfahrt,vorfahrt,词,NOUN,C1
vorfassung,vorfassung,词,NOUN,C1
vorforderung,vorforderung,词,NOUN,C1
vorgabe,vorgabe,词,NOUN,C1
vorgestaltung,vorgestaltung,词,NOUN,C1
vorkunft,vorkunft,词,NOUN,C1
vornahme,vornahme,词,NOUN,C1
vorpflegung,vorpflegung,词,NOUN,C1
vorregelung,vorregelung,词,NOUN,C1
vorrichtung,vorrichtung,词,NOUN,C1
vorschaft,vorschaft,词,NOUN,C1
vorsetzung,vorsetzung,词,NOUN,C1
vorsicht,vorsicht,词,NOUN,C1
vorsinnung,vorsinnung,词,NOUN,C1
vorsprache,vorsprache,词,NOUN,C1
vorsucht,vorsucht,词,NOUN,C1
vorsuchung,vorsuchung,词,NOUN,C1
vorteilung,vorteilung,词,NOUN,B2
vortex,vortex,漩涡,NOUN,B2
vortheilung,vortheilung,词,NOUN,B2
vortreibung,vortreibung,词,NOUN,C1
vorwandel,vorwandel,词,NOUN,B2
vorweisung,vorweisung,词,NOUN,C1
vorwirkung,vorwirkung,词,NOUN,C1
votant,voter,选民,NOUN,B2
votary,votary,词,NOUN,C1
vote,voting,投票,NOUN,B2
voter,vote,投票,NOUN,B2
voter,to vote,表决,VERB,B2
votive offering,votive offering,词,NOUN,C1
vouch,vouch,词,VERB,C1
vouchsafe,vouchsafe,词,VERB,C1
vouloir,want,想,AUX,B2
vouloir,will,将要,AUX,B2
vouloir,willing,肯,AUX,B2
vouloir,to want to need will,要,VERB,B2
voulu,wanted,故意的,ADJ,B2
vowel,vowel,词,NOUN,C1
vowel inclination,vowel inclination,词,NOUN,C1
voyage,trip,旅行,NOUN,B2
voyage,voyage,词,NOUN,B2
voyeur,voyeur,词,NOUN,C1
vrac,bulk,主体,NOUN,B2
vrai,true,真实的,ADJ,B2
vrai cœur,true heart,本心,NOUN,B2
vraie concession,true concession,真让,NOUN,B2
vraie forme,true form,原形,NOUN,B2
vraiment,really,真正地,ADV,B2
vs,vs,与...相对,ADP,B2
vue,sight,视力,NOUN,B2
vue,view,观点,NOUN,B2
vue nocturne,night view,夜景,NOUN,B2
vulgaire,vulgar,粗俗的,ADJ,B2
vulgarité,vulgarity,粗俗,NOUN,B2
vulnerability,vulnerability,漏洞,NOUN,C1
vulnerable,vulnerable,易受伤害的,ADJ,B2
vulture,vulture,词,NOUN,B2
véhicule,vehicle,车辆,NOUN,B2
vénérable,venerable,值得尊敬的,ADJ,B2
vénération,veneration,崇敬,NOUN,B2
vénérer,to revere,尊敬,VERB,B2
vérifier,to verify,核实,VERB,B2
vérité,truth,真相,NOUN,B2
vétéran,veteran,老手,NOUN,B2
vêtements,clothes,衣服,NOUN,B2
vœu,vow,誓言,NOUN,B2
wading,wading,词,NOUN,B2
waft,waft,词,VERB,C1
wage earner,wage earner,词,NOUN,C1
wage labor,wage labor,雇佣劳动,NOUN,B2
wage murder unit,wage murder unit,词,NOUN,B2
wager,wager,词,NOUN,C1
waggish,waggish,词,ADJ,C1
wagon,wagon,词,NOUN,B2
wahhabism,wahhabism,词,NOUN,C1
wailing,wailing,词,NOUN,B2
waist token,waist token,腰牌,NOUN,B2
wait for opportunity,wait for opportunity,伺机,VERB,C1
wait inside,wait inside,里候,NOUN,B2
wait-and-see,wait-and-see,观望的,ADJ,B2
waiter attendant,waiter attendant,服务员,NOUN,B2
waiting,waiting,等他,NOUN,C1
waiting hall,waiting hall,候车室,NOUN,B2
waive,waive,词,VERB,C1
wake (noun),wake,词,NOUN,C1
wake up (noun),wake up,你醒醒,NOUN,C1
waken,waken,词,VERB,B2
walking,walking,词,NOUN,B1
wall fence,wall fence,词,NOUN,A2
wallow,wallow,词,VERB,C1
walnut,walnut,核桃,NOUN,B2
walnuts,walnuts,词,NOUN,B2
wan,wan,词,ADJ,B2
wanderer,wanderer,词,NOUN,C1
wandering (adj),wandering,词,ADJ,C1
wandering monk,wandering monk,游方,NOUN,B2
want (adp),want,我要,ADP,A2
wanted one,wanted one,词,NOUN,B2
wanted person,wanted person,词,NOUN,C1
wanting you,wanting you,要你,NOUN,B2
wanton,wanton,词,ADJ,C1
wantonly,wantonly,大肆,ADV,B2
wantonness,wantonness,肆意,NOUN,C1
war cessation,war cessation,战息,NOUN,B2
war-related,war-related,词,ADJ,B2
warble (noun),warble,词,NOUN,C1
warble (verb),warble,词,VERB,C1
warehouse store,warehouse store,词,NOUN,B1
warm-up,warm-up,词,NOUN,B1
warm-up match,warm-up match,热身赛,NOUN,C1
warmer,warmer,更暖的,ADJ,B2
warmonger,warmonger,词,NOUN,C1
warning (adj),warning,词,ADJ,C1
warning sign,warning sign,警示牌,NOUN,C1
warrant,warrant,令状,NOUN,B2
warrior (part),warrior,士,PART,B2
warship,warship,词,NOUN,C1
wary,wary,谨慎的,ADJ,B2
wash (noun),wash,冲走,NOUN,C1
wash clothes,wash clothes,词,VERB,A1
washer,washer,词,NOUN,B2
waste of time,waste of time,浪费时间,NOUN,B2
waste residue,waste residue,废渣,NOUN,B2
waste sorting,waste sorting,垃圾分类,NOUN,C1
wastewater,wastewater,废水,NOUN,C1
watch of the night,watch of the night,词,NOUN,C1
watch over,watch over,词,VERB,C1
watched,watched,词,NOUN,B2
watchtower,watchtower,词,NOUN,B2
water caltrop,water caltrop,菱角,NOUN,C1
water chestnut,water chestnut,荸荠,NOUN,C1
water garment,water garment,水衣,NOUN,C1
water jug,water jug,词,NOUN,B2
water phase,water phase,水相,NOUN,C1
water polo,water polo,水球,NOUN,C1
water source,water source,水源,NOUN,C1
watercourse,watercourse,河道,NOUN,B1
watering,watering,词,NOUN,B2
waterproof (verb),waterproof,词,VERB,C1
watershed,watershed,词,NOUN,C1
waterskin,waterskin,词,NOUN,B2
watertight,watertight,,NOUN,B2
waterwheel,waterwheel,词,NOUN,C1
wave (adj),wave,词,ADJ,C1
waver,waver,动摇,VERB,C1
waves,waves,词,NOUN,B1
wax,wax,蜡,NOUN,B2
waxen,waxen,词,ADJ,C1
way home,way home,词,NOUN,C1
way of thinking,way of thinking,词,NOUN,B2
waylay,waylay,词,VERB,C1
we two (noun),we two,们俩,NOUN,C1
weak point,weak point,弱点,NOUN,C1
weakened,weakened,词,ADJ,C1
weal,weal,词,NOUN,C1
wealthy,wealthy,富有的,ADJ,B2
wealthy nation,wealthy nation,富国,NOUN,C1
weapon arms,weapon arms,词,NOUN,A1
wear tear,wear tear,词,NOUN,C1
wearily,wearily,词,ADV,C1
wearisome,wearisome,词,ADJ,C1
weary,weary,疲倦的,ADJ,B2
weather institute,weather institute,词,NOUN,B2
weathering,weathering,词,NOUN,C1
weaver,weaver,词,NOUN,B1
webcam,webcam,网络摄像头,NOUN,B2
wedding banquet,wedding banquet,喜酒,NOUN,C1
wedding ceremony,wedding ceremony,婚礼,NOUN,B2
wedding date,wedding date,婚期,NOUN,C1
weeding,weeding,词,NOUN,C1
weeds,weeds,词,NOUN,C1
week-end,weekend,周末,NOUN,B2
weekly (adv),weekly,按周,ADV,C1
weekly (noun),weekly,周刊,NOUN,B2
weekly newspaper,weekly newspaper,周报,NOUN,C1
weeping,weeping,痛哭,NOUN,C1
weighing,weighing,词,NOUN,B2
weightlifting,weightlifting,举重,NOUN,B2
weiterziehung,weiterziehung,词,NOUN,C1
weitfahrt,weitfahrt,词,NOUN,C1
weitfassung,weitfassung,词,NOUN,C1
weitforderung,weitforderung,词,NOUN,C1
weitgabe,weitgabe,词,NOUN,C1
weitgestaltung,weitgestaltung,词,NOUN,C1
weitkunft,weitkunft,词,NOUN,C1
weitnahme,weitnahme,词,NOUN,C1
weitpflegung,weitpflegung,词,NOUN,C1
weitregelung,weitregelung,词,NOUN,B2
weitrichtung,weitrichtung,词,NOUN,C1
weitschaft,weitschaft,词,NOUN,C1
weitschrift,weitschrift,词,NOUN,C1
weitsetzung,weitsetzung,词,NOUN,C1
weitsicht,weitsicht,词,NOUN,B2
weitsinnung,weitsinnung,词,NOUN,C1
weitsprache,weitsprache,词,NOUN,C1
weitsucht,weitsucht,词,NOUN,C1
weitsuchung,weitsuchung,词,NOUN,B2
weitteilung,weitteilung,词,NOUN,B2
weittheilung,weittheilung,词,NOUN,C1
weittreibung,weittreibung,词,NOUN,C1
weitwandel,weitwandel,词,NOUN,B2
weitweisung,weitweisung,词,NOUN,B2
weitwirkung,weitwirkung,词,NOUN,C1
welcome (intj),welcome,词,INTJ,A1
welcome committee,welcome committee,,NOUN,B2
weld,weld,词,VERB,C1
welder,welder,词,NOUN,C1
welfare home,welfare home,福利院,NOUN,C1
well known,well known,家喻户晓,ADJ,C1
well-behaved,well-behaved,词,ADJ,B2
well-crafted,well-crafted,词,ADJ,B2
well-disposed,well-disposed,善意的,ADJ,B2
well-fitting of clothes,well-fitting of clothes,合身,NOUN,B2
well-groomed,well-groomed,整洁的,ADJ,B2
well-liked,well-liked,词,ADJ,B2
well-read,well-read,词,ADJ,C1
well-received,well-received,喜闻乐见,ADJ,B2
well-timed,well-timed,合时,ADJ,B2
wellness,wellness,我好,NOUN,C1
welter,welter,词,NOUN,C1
wend,wend,词,VERB,C1
werewolf,werewolf,狼人,NOUN,B2
westerner,westerner,词,NOUN,B2
westward,westward,向西,ADV,B2
westward (noun),westward,往西,NOUN,B2
wet nurse,wet nurse,词,NOUN,B1
wet shoes,wet shoes,鞋子湿,NOUN,C1
wet wipe,wet wipe,湿巾,NOUN,C1
wharf,wharf,码头,NOUN,B2
what (noun),what,有何,NOUN,C1
what about you,what about you,那你呢,NOUN,C1
what for,what for,词,ADV,A2
what is known,what is known,所知,NOUN,C1
what is said,what is said,所说,NOUN,C1
what is wrong,what is wrong,咋了,NOUN,C1
what kind,what kind,什么样,PRON,B2
what kind of,what kind of,什么样的,PRON,B2
what manner,what manner,成何,NOUN,C1
whatsoever,whatsoever,词,DET,B2
wheedle,wheedle,词,VERB,C1
wheel hub,wheel hub,轮毂,NOUN,C1
when (adp),when,之时,ADP,B2
when (adv),when,何时,ADV,A1
when than,when than,词,SCONJ,A2
when the time comes,when the time comes,到时候,ADV,B2
whenever,whenever,词,NOUN,B2
where (pron),where,哪儿,PRON,B2
where from,where from,哪来,PRON,B2
where i,where i,,NOUN,B2
where person,where person,人哪,NOUN,C1
where to,where to,词,ADV,A2
whereas (cconj),whereas,词,CCONJ,B2
whereas (sconj),whereas,词,SCONJ,C1
whereas since,whereas since,词,SCONJ,A2
wherever (adv),wherever,词,ADV,B1
wherever (cconj),wherever,词,CCONJ,C1
whet,whet,词,VERB,C1
whether,whether,是否,SCONJ,B2
whether (part),whether,词,PART,A1
whey,whey,乳清,NOUN,B2
which ones,which ones,哪些,PRON,B2
which seat,which seat,哪座,NOUN,B2
while,while,当...时,SCONJ,B2
whimsical,whimsical,词,ADJ,C1
whimsy,whimsy,词,NOUN,C1
whiny,whiny,词,ADJ,C1
whip (noun),whip,鞭,NOUN,B2
whirl,whirl,词,VERB,C1
whirring,whirring,词,NOUN,C1
whisk,whisk,打蛋器,NOUN,B2
whistleblower,whistleblower,词,NOUN,C1
whistling,whistling,词,NOUN,C1
white blood cell,white blood cell,白细胞,NOUN,B2
whitewash,whitewash,词,VERB,C1
whiting,whiting,词,NOUN,B2
whittle,whittle,词,VERB,C1
who (noun),who,谁敢,NOUN,B2
who believes,who believes,谁信,NOUN,C1
who polite,who polite,哪位,PRON,B2
who takes,who takes,谁拿,NOUN,C1
whole,whole,整体,NOUN,B2
whole body,whole body,全身,NOUN,B2
whole family,whole family,一家人,NOUN,B2
whole night,whole night,整夜,ADV,C1
wholehearted,wholehearted,词,ADJ,C1
wholesale (adv),wholesale,词,ADV,B1
wholesome,wholesome,词,ADJ,C1
whore,whore,妓女,NOUN,B2
whose (det),whose,词,DET,B2
why bother,why bother,何必,ADV,B2
why not,why not,何不,ADV,B2
wicked,wicked,邪恶的,ADJ,B2
wide-awake,wide-awake,词,ADJ,C1
widening,widening,加宽,NOUN,B2
widower,widower,词,NOUN,C1
widowhood,widowhood,词,NOUN,C1
wiederbildung,wiederbildung,词,NOUN,C1
wiedererziehung,wiedererziehung,词,NOUN,B2
wiederfahrt,wiederfahrt,词,NOUN,B2
wiederfassung,wiederfassung,词,NOUN,C1
wiederforderung,wiederforderung,词,NOUN,C1
wiedergabe,wiedergabe,词,NOUN,C1
wiedergestaltung,wiedergestaltung,词,NOUN,C1
wiederkunft,wiederkunft,词,NOUN,B2
wiederleitung,wiederleitung,词,NOUN,B2
wiedermessung,wiedermessung,词,NOUN,C1
wiedernahme,wiedernahme,词,NOUN,C1
wiederordnung,wiederordnung,词,NOUN,B2
wiederpflegung,wiederpflegung,词,NOUN,C1
wiederrechnung,wiederrechnung,词,NOUN,C1
wiederregelung,wiederregelung,词,NOUN,C1
wiederrichtung,wiederrichtung,词,NOUN,C1
wiederschaft,wiederschaft,词,NOUN,C1
wiederschrift,wiederschrift,词,NOUN,C1
wiedersetzung,wiedersetzung,词,NOUN,C1
wiedersicht,wiedersicht,词,NOUN,B2
wiedersinnung,wiedersinnung,词,NOUN,B2
wiedersprache,wiedersprache,词,NOUN,B2
wiederstellung,wiederstellung,词,NOUN,C1
wiedersucht,wiedersucht,词,NOUN,B2
wiedersuchung,wiedersuchung,词,NOUN,B2
wiederteilung,wiederteilung,词,NOUN,C1
wiedertheilung,wiedertheilung,词,NOUN,C1
wiedertreibung,wiedertreibung,词,NOUN,B2
wiederwandel,wiederwandel,词,NOUN,C1
wiederwandlung,wiederwandlung,词,NOUN,C1
wiederweisung,wiederweisung,词,NOUN,C1
wiederwendung,wiederwendung,词,NOUN,C1
wiederwirkung,wiederwirkung,词,NOUN,C1
wife mrs,wife mrs,妻子/夫人,NOUN,B2
wild beast,wild beast,猛兽,NOUN,B2
wild ghost,wild ghost,野鬼……,NOUN,C1
wild ones,wild ones,词,NOUN,C1
wilderness,wilderness,荒野,NOUN,B2
wildlife,wildlife,词,NOUN,C1
wile,wile,词,NOUN,C1
will (adv),will,将,ADV,C1
will give majesty,will give majesty,会给陛,NOUN,C1
will not (aux),will not,不会,AUX,B2
will not (part),will not,词,PART,A1
will shall,will shall,将要/会,AUX,B2
will surely,will surely,定会,AUX,B2
will surely (adv),will surely,总会,ADV,C1
will willpower,will willpower,词,NOUN,B2
willing to hear,willing to hear,愿闻,NOUN,C1
willow,willow,词,NOUN,B2
willowy,willowy,词,ADJ,C1
wily,wily,词,ADJ,C1
wimp,wimp,懦夫,NOUN,B2
win,win,胜利,NOUN,B2
win bid,win bid,中标,VERB,C1
wince,wince,词,VERB,C1
wind (adj),wind,词,ADJ,C1
wind direction,wind direction,风向,NOUN,C1
wind energy,wind energy,风能,NOUN,C1
wind force,wind force,风力,NOUN,B2
wind speed,wind speed,风速,NOUN,B2
winding,winding,蜿蜒的,ADJ,B2
windless,windless,无风的,ADJ,B2
windmill,windmill,词,NOUN,B2
window frame,window frame,窗框,NOUN,C1
windowsill,windowsill,窗台,NOUN,C1
windy,windy,有风的,ADJ,B2
windy day,windy day,风天,NOUN,B2
wings,wings,翅子,NOUN,C1
winning,winning,词,ADJ,C1
winning bid price,winning bid price,中标价,NOUN,B2
winsome,winsome,词,ADJ,C1
winter melon,winter melon,冬瓜,NOUN,C1
winter vacation,winter vacation,寒假,NOUN,B2
winter worm,winter worm,冬虫,NOUN,C1
wintering,wintering,连过冬,NOUN,C1
wired,wired,词,ADJ,C1
wishful thinking,wishful thinking,你休想,NOUN,C1
wistful,wistful,词,ADJ,C1
wit,wit,词,NOUN,C1
witch hunt,witch hunt,词,NOUN,C1
with each other,with each other,词,ADV,A2
with it,with it,在其中,ADV,B2
with me,with me,词,PRON,A1
with that,with that,以此,ADV,B2
with the aim of,with the aim of,词,ADP,C1
with this,with this,以此,ADV,B2
with what,with what,用什么,ADV,B2
with which,with which,词,PRON,A2
with you,with you,词,PRON,A1
withdraw a lawsuit,withdraw a lawsuit,撤诉,VERB,B2
withdrawn,withdrawn,词,ADJ,B2
withering,withering,词,NOUN,C1
within one's power,within one's power,力所能及,ADJ,B2
without exception,without exception,无例外的,ADV,B2
without further ado,without further ado,毫不犹豫地,ADV,B2
withstand,withstand,词,VERB,C1
witness examination,witness examination,证人询问,NOUN,B2
witness female,witness female,词,NOUN,B2
witness protection,witness protection,,NOUN,B2
witticism,witticism,词,NOUN,C1
wittiness,wittiness,风趣,NOUN,B2
witty saying,witty saying,词,NOUN,C1
wizened,wizened,词,ADJ,C1
woe (intj),woe,词,INTJ,B2
woe (noun),woe,词,NOUN,C1
woman-like,woman-like,妇似,NOUN,C1
women,women,词,NOUN,B2
women and children,women and children,妇孺,NOUN,C1
women's quarters,women's quarters,词,NOUN,C1
won't do (adj),won't do,不行,ADJ,B2
wonder (noun),wonder,太妙,NOUN,C1
wonderful,wonderful,极好地,ADV,B2
wont,wont,词,NOUN,C1
wonton,wonton,馄饨,NOUN,C1
wooded,wooded,树木茂盛的,ADJ,B2
wooden,wooden,木制的,ADJ,B2
woods,woods,林子,NOUN,B2
woody,woody,词,ADJ,C1
word choice,word choice,措辞,NOUN,B2
words,words,多说,NOUN,C1
work and rest,work and rest,作息,NOUN,B2
work environment,work environment,工作环境,NOUN,B2
work task,work task,工作任务,NOUN,B2
work to work,work to work,工作,NOUN,A1
workable,workable,可加工的,ADJ,B2
workday,workday,词,NOUN,C1
working,working,词,ADJ,C1
working class,working class,工人阶级,NOUN,B2
working day,working day,工作日,NOUN,B2
working method,working method,工作方式,NOUN,B2
workout,workout,词,NOUN,C1
works,works,词,NOUN,B2
workshops,workshops,词,NOUN,B2
world champion,world champion,世界冠军,NOUN,B2
world famous,world famous,举世闻名,ADJ,B2
world record,world record,世界纪录,NOUN,B2
world-famous,world-famous,词,ADJ,C1
worldliness,worldliness,词,NOUN,C1
worldly,worldly,世俗的,ADJ,B2
worm,worm,虫,NOUN,B2
wormwood,wormwood,词,NOUN,A2
worn,worn,磨损的,ADJ,B2
worries about the rear,worries about the rear,后顾之忧,NOUN,B2
worry relief,worry relief,排忧,NOUN,B2
worry-free,worry-free,无忧,NOUN,B2
worse,worse,更糟的事,NOUN,B2
worship,to worship,崇拜,VERB,B2
worst,worst,最坏的,ADJ,B2
worst (adv),worst,词,ADV,C1
worst (noun),worst,词,NOUN,C1
worst thing,worst thing,最坏的事,NOUN,B2
worth,worth,值得的,ADJ,B2
worth mentioning,worth mentioning,值得一提的,ADJ,B2
worth seeing,worth seeing,词,ADJ,C1
worthiness,worthiness,真配,NOUN,C1
worthless,worthless,无价值的,ADJ,B2
worthwhile (adj),worthwhile,词,ADJ,C1
worthwhile (noun),worthwhile,合算,NOUN,B2
worthy of the name,worthy of the name,名副其实,ADJ,B2
would,would,将要,AUX,B2
would like,would like,词,AUX,A2
would rather (adv),would rather,宁可,ADV,B1
would rather (sconj),would rather,宁愿,SCONJ,B2
wound,to wound,使受伤,VERB,B2
wounded,wounded,受伤的,ADJ,B2
wounded (noun),wounded,伤兵,NOUN,B2
woven rug,woven rug,词,NOUN,C1
wow,wow,哇,INTJ,B2
wraith,wraith,词,NOUN,C1
wrangle,wrangle,词,VERB,C1
wrapper,wrapper,词,NOUN,C1
wrapping,wrapping,包装,NOUN,B2
wrathful,wrathful,词,ADJ,C1
wreck,wreck,残骸,NOUN,B2
wreckage,wreckage,词,NOUN,C1
wrench,wrench,词,NOUN,C1
wrest,to wrest,强行夺取,VERB,B2
wrestling,wrestling,摔跤,NOUN,B2
wretch,wretch,令人厌恶的人,NOUN,B2
wretched,wretched,词,ADJ,C1
wretchedness,wretchedness,悲惨,NOUN,C1
wrinkle-resistant,wrinkle-resistant,防皱,ADJ,B2
wrinkles,wrinkles,词,NOUN,B2
wrinkling,wrinkling,起皱,NOUN,C1
writ,writ,词,NOUN,C1
writer,writer,作家,NOUN,B2
writhe,writhe,词,VERB,C1
written,written,书面的,ADJ,B2
written claim,written claim,词,NOUN,C1
written instruction,written instruction,批示,NOUN,C1
wrong,wrong,错误的,ADJ,B2
wrong mistake,wrong mistake,错误,ADJ,B2
wrongful conviction,wrongful conviction,冤案,NOUN,B2
wry,wry,词,ADJ,C1
wudang,wudang,武当,NOUN,B2
xenophobia,xenophobia,排外心理,NOUN,B2
xerography,xerography,词,NOUN,C1
xiao,xiao,箫,NOUN,C1
xiulian,xiulian,秀莲,NOUN,B2
yacht,yacht,词,NOUN,B2
yard,yard,院子,NOUN,B2
yarn,yarn,纱线,NOUN,B2
yeah,yeah,词,INTJ,A1
yeah yeah,yeah yeah,是是是,INTJ,B2
year after year,year after year,年复一年,ADV,C1
year beginning,year beginning,年初,NOUN,C1
year by year,year by year,逐年,ADV,B2
year of age,year of age,岁,NOUN,A1
year-old,year-old,词,ADJ,A1
year-round,year-round,常年,NOUN,C1
yearling sheep,yearling sheep,词,NOUN,B2
yearn for,to yearn for,渴望,VERB,B2
yearning,yearning,向往,NOUN,B2
years,years,数年,NOUN,B2
yeoman,yeoman,词,NOUN,C1
yep,yep,是的,INTJ,B2
yes,yes,是啊,NOUN,B2
yes (adv),yes,词,ADV,A2
yes (part),yes,是的,PART,B2
yes indeed,yes indeed,正是,INTJ,B2
yes indeed (adv),yes indeed,词,ADV,B2
yesterday,yesterday,بارحة,NOUN,B2
yet,yet,还,ADV,B2
yeux verts,green eyes,想碧眼,NOUN,B2
yikes,yikes,哎呀,INTJ,B2
yin needle,yin needle,阴针,NOUN,C1
yin pourpre,purple yin,紫阴,NOUN,B2
yo,yo,哟,PART,B2
yoga,yoga,瑜伽,NOUN,B2
yoga practice,yoga practice,瑜伽练习,NOUN,B2
yogurt,yogurt,酸奶,NOUN,B2
yore,yore,词,NOUN,C1
you (noun),you,你刚,NOUN,C1
you accusative,you accusative,词,PRON,A2
you and I,you and I,我和你,NOUN,B2
you are,you are,您在,NOUN,C1
you can,you can,您能,NOUN,B2
you cannot live,you cannot live,你也活不,NOUN,B2
you dative,you dative,词,PRON,A2
you except,you except,你除,NOUN,B2
you female,you female,妳,PRON,C1
you feminine,you feminine,词,PRON,A1
you formal,you formal,您,PRON,B2
you masculine,you masculine,词,PRON,A1
you plural,you plural,你们,PRON,B2
you polite,you polite,您,PRON,B2
you scared me,you scared me,你吓死我,NOUN,B2
you take,you take,你拿,NOUN,B2
you two,you two,你俩,NOUN,C1
you want sword,you want sword,你要剑……,NOUN,B2
you're welcome,you're welcome,不客气,INTJ,A1
young hero,young hero,少侠,NOUN,C1
young man,young man,年轻人,NOUN,B2
young master,young master,少庄主,NOUN,B2
young person,young person,年轻人,NOUN,B2
young wife,young wife,小媳,NOUN,B2
younger,younger,较年轻的,ADJ,B2
younger brother,younger brother,弟弟,NOUN,B2
younger sister,younger sister,妹妹,NOUN,A1
youngest,youngest,最年轻的,ADJ,B2
youngster,youngster,年少者,NOUN,B2
your,your,你的,PRON,B2
your arrow,your arrow,若非你一箭,NOUN,B2
your escort,your escort,您押,NOUN,C1
your excess,your excess,你多,NOUN,C1
your head,your head,你头上,NOUN,B2
your laugh,your laugh,你笑,NOUN,B2
your majesty,your majesty,陛下,NOUN,B2
your parents,your parents,你爹娘,NOUN,B2
your photo,your photo,照你,NOUN,B2
your pl,your pl,你们的,DET,B2
your plural,your plural,你们的,DET,B2
your plural (pron),your plural,词,PRON,A2
your reckoning,your reckoning,你算,NOUN,C1
your son,your son,儿臣,NOUN,B1
your trouble,your trouble,有劳你,NOUN,B2
your word,your word,听你,NOUN,B2
your wound,your wound,你这伤,NOUN,B2
yours,yours,你的,PRON,B2
yourself,yourself,你自己,PRON,B2
youth,youth,青年,NOUN,B2
youth culture,youth culture,词,NOUN,C1
youth people,youth people,词,NOUN,C1
youth trauma,youth trauma,童年创伤,NOUN,B2
youthful,youthful,词,ADJ,C1
youthful vigor,youthful vigor,词,NOUN,C1
yuan Chinese currency,yuan Chinese currency,元,NOUN,A1
yuanxiao,yuanxiao,元宵,NOUN,B2
yuck,yuck,呸,INTJ,B2
zajal,zajal,词,NOUN,B2
zany,zany,词,ADJ,C1
zeal,zeal,热情,NOUN,B2
zealot,zealot,词,NOUN,C1
zealous,zealous,词,ADJ,C1
zellige tiles,zellige tiles,词,NOUN,A2
zen master,zen master,禅师,NOUN,B2
zephyr,zephyr,词,NOUN,C1
zererziehung,zererziehung,词,NOUN,C1
zerfahrt,zerfahrt,词,NOUN,C1
zerfassung,zerfassung,词,NOUN,C1
zerforderung,zerforderung,词,NOUN,C1
zergabe,zergabe,词,NOUN,C1
zergestaltung,zergestaltung,词,NOUN,C1
zerkunft,zerkunft,词,NOUN,C1
zernahme,zernahme,词,NOUN,B2
zero,zero,零,NOUN,B2
zeroing,zeroing,词,NOUN,C1
zerpflegung,zerpflegung,词,NOUN,C1
zerregelung,zerregelung,词,NOUN,B2
zerrichtung,zerrichtung,词,NOUN,C1
zerschaft,zerschaft,词,NOUN,C1
zerschrift,zerschrift,词,NOUN,C1
zersetzung,zersetzung,词,NOUN,C1
zersicht,zersicht,词,NOUN,B2
zersinnung,zersinnung,词,NOUN,C1
zersprache,zersprache,词,NOUN,C1
zersucht,zersucht,词,NOUN,B2
zersuchung,zersuchung,词,NOUN,B2
zerteilung,zerteilung,词,NOUN,B2
zertheilung,zertheilung,词,NOUN,C1
zertreibung,zertreibung,词,NOUN,C1
zerwandel,zerwandel,词,NOUN,C1
zerweisung,zerweisung,词,NOUN,C1
zerwirkung,zerwirkung,词,NOUN,C1
zest,zest,词,NOUN,C1
zesty,zesty,词,ADJ,C1
zinc,zinc,锌,NOUN,B2
zombie,zombie,僵尸,NOUN,B2
zone,zone,区域,NOUN,B2
zone humide,wetland,湿地,NOUN,B2
zongzi,zongzi,粽子,NOUN,B2
zoo,zoo,动物园,NOUN,B2
zuerziehung,zuerziehung,词,NOUN,C1
zufahrt,zufahrt,词,NOUN,B2
zufassung,zufassung,词,NOUN,C1
zuforderung,zuforderung,词,NOUN,C1
zugabe,zugabe,词,NOUN,C1
zugestaltung,zugestaltung,词,NOUN,C1
zukunft,zukunft,词,NOUN,C1
zunahme,zunahme,词,NOUN,C1
zupflegung,zupflegung,词,NOUN,C1
zuregelung,zuregelung,词,NOUN,C1
zurichtung,zurichtung,词,NOUN,B2
zuschaft,zuschaft,词,NOUN,B2
zuschrift,zuschrift,词,NOUN,C1
zusetzung,zusetzung,词,NOUN,C1
zusicht,zusicht,词,NOUN,B2
zusinnung,zusinnung,词,NOUN,C1
zusprache,zusprache,词,NOUN,B2
zusucht,zusucht,词,NOUN,C1
zusuchung,zusuchung,词,NOUN,C1
zuteilung,zuteilung,词,NOUN,C1
zutheilung,zutheilung,词,NOUN,C1
zutreibung,zutreibung,词,NOUN,C1
zuwandel,zuwandel,词,NOUN,C1
zuweisung,zuweisung,词,NOUN,C1
zuwirkung,zuwirkung,词,NOUN,C1
zénith,zenith,顶点,NOUN,B2
zéro,zero,零,NUM,B2
État ennemi,enemy state,敌国,NOUN,B2
à,at,在,ADP,B2
à,to,到,ADP,B2
à cause de,because of,因为,ADP,B2
à ce moment-là,at that time,当时/那时,ADV,B2
à ce sujet,regarding this,对此,ADV,B2
à contrecœur,reluctantly,不情愿地,ADV,B2
à court terme,short-term,短期的,ADJ,B2
à côté de,next to,在...旁边,ADP,B2
à droite,right,右边,ADV,B2
à grande échelle,large-scale,大规模的,ADJ,B2
à l'aise,at ease,安心,ADJ,B2
à l'instant,just now,刚刚,ADV,B2
à l'origine,originally,最初,ADV,B2
à la maison,at home,在家,ADV,B2
à part,apart,分开,ADV,B2
à propos de,about,关于,ADP,B2
à temps,in time,及时地,ADV,B2
à tout moment,at any time,随时,ADV,B2
à venir,upcoming,مقبل,ADJ,B2
âge,age,年龄,NOUN,B2
âne,donkey,驴,NOUN,B2
éblouissant,dazzling,耀眼的,ADJ,B2
ébullition,boiling,沸腾,NOUN,B2
échafaudage,scaffold,脚手架,NOUN,B2
échange de poste,shift swap,换班,NOUN,B2
échanger,exchange,交换,NOUN,B2
échanger,to exchange,交换,VERB,B2
échantillon,sample,样本,NOUN,B2
échappée,ride break,骑破,NOUN,B2
écharpe,scarf,围巾,NOUN,B2
échec,falling though,虽坠,NOUN,B2
échecs,chess,国际象棋,NOUN,B2
échelle,ladder,梯子,NOUN,B2
échelonné,phased,阶段性,ADJ,B2
échu,overdue,逾期,ADJ,B2
échéance,deadline,截止日期,NOUN,B2
éclairer,to enlighten,启发,VERB,B2
éclairé,enlightened,开明的,ADJ,B2
éclat,luster,光泽,NOUN,B2
école,school,学校,NOUN,B2
écouter attentivement,to listen attentively,倾听,VERB,B2
écrasement,smashing,砸过,NOUN,B2
écraser,to smash,粉碎,VERB,B2
écriture,handwriting,笔迹,NOUN,B2
écureuil,squirrel,松鼠,NOUN,B2
écurie,stable,稳定的,ADJ,B2
éditeur,publisher,出版商,NOUN,B2
éducation,upbringing,教养,NOUN,B2
église,church,教堂,NOUN,B2
égout,drain,排水沟,NOUN,B2
élection,election,选举,NOUN,B2
électorat,electorate,选民,NOUN,B2
électricité,electricity,电,NOUN,B2
électrique,electric,电动的,ADJ,B2
électronique,electronic,电子的,ADJ,B2
élevé,lofty,崇高的,ADJ,B2
élimination,disposal,处理,NOUN,B2
élimination,elimination,消除,NOUN,B2
éliminer,to eliminate,消除,VERB,B2
éloge,eulogy,赞辞,NOUN,B2
éloigné,far,远的,ADJ,B2
éloquent,eloquent,雄辩的,ADJ,B2
élève,pupil,学生,NOUN,B2
élégant,elegant,优雅的,ADJ,B2
élégie,elegy,挽歌,NOUN,B2
élément,element,元素,NOUN,B2
éléphant,elephant,大象,NOUN,B2
élévation,elevation,提升,NOUN,B2
émanation,emanation,散发物,NOUN,B2
émergence,emergence,涌现,NOUN,B2
émerveillement,amazement,惊愕,NOUN,B2
émettre,issue,问题,NOUN,B2
émettre,to issue,颁布,VERB,B2
émeute,riot,骚乱,NOUN,B2
émission,emission,排放,NOUN,B2
émotion,emotion,情感,NOUN,B2
émotivité,emotionality,感性/情绪化,NOUN,B2
énergie,energy,能量,NOUN,B2
énergie hydraulique,hydro energy,水能,NOUN,B2
énergique,energetic,精力充沛的,ADJ,B2
énigme,riddle,谜语,NOUN,B2
énonciation,utterance,话语,NOUN,B2
énorme,enormous,巨大的,ADJ,B2
énormité,enormity,极恶,NOUN,B2
éparpiller,to scatter,分散,VERB,B2
éparpillé,scattered,分散的,ADJ,B2
épaule,shoulder,肩膀,NOUN,B2
éphémère,fleeting,短暂的,ADJ,B2
épinard d'eau,water spinach,空心菜,NOUN,B2
époustouflant,stunning,极好的,ADJ,B2
épuisement,exhaustion,疲惫,NOUN,B2
épuisé,exhausted,筋疲力尽的,ADJ,B2
équipage,crew,全体船员,NOUN,B2
équipe,team,团队,NOUN,B2
équipement essentiel,essential equipment,要置,NOUN,B2
établi,established,既定的,ADJ,B2
étagère,shelf,架子,NOUN,B2
étain,tin,锡,NOUN,B2
étanche,waterproof,防水的,ADJ,B2
étape finale,final stage,末期,NOUN,B2
étayer,to prop,撑,VERB,B2
éteindre,to turn off,关闭,VERB,B2
étendre,to expand,扩大,VERB,B2
étendre,to extend,延伸,VERB,B2
étendu,extensive,广泛的,ADJ,B2
étendue,extent,程度,NOUN,B2
éternel,eternal,永恒的,ADJ,B2
éternité,eternity,永恒,NOUN,B2
éthique,ethics,伦理学,NOUN,B2
étincelle,spark,火花,NOUN,B2
étiquette,label,标签,NOUN,B2
étiquette lourde,heavy etiquette,礼太重,NOUN,B2
étirer,stretch,伸展,NOUN,B2
étirer,to stretch,伸展,VERB,B2
étoile,star,星星,NOUN,B2
étonnant,amazing,令人惊叹的,ADJ,B2
étonnant,astonishing,令人惊讶的,ADJ,B2
étonnement,astonishment,惊讶,NOUN,B2
étonner,to astonish,使惊讶,VERB,B2
étourdi,dizzy,头晕的,ADJ,B2
étranger,foreign,外国的,ADJ,B2
étranger,abroad,国外,NOUN,B2
étranger,foreigner,外国人,NOUN,B2
étreinte,embrace,拥抱,NOUN,B2
étroit,narrow,狭窄的,ADJ,B2
étroitesse,narrowness,狭窄,NOUN,B2
étude,study,研究,NOUN,B2
études,studies,学业,NOUN,B2
étudiant,student,学生,NOUN,B2
étudiant,undergraduate,本科生,NOUN,B2
étudiant international,international student,留学生,NOUN,B2
évacuation,evacuation,疏散,NOUN,B2
évacuer,to evacuate,疏散,VERB,B2
évaluation,evaluation,评估,NOUN,B2
évaluation,valuation,估值,NOUN,B2
évaluation des offres,bid evaluation,评标,NOUN,B2
évaluer,to appraise,评估,VERB,B2
évaluer,to assess,评估,VERB,B2
évaporation,evaporation,蒸发,NOUN,B2
évasif,evasive,回避的,ADJ,B2
éveil social,social awakening,社会觉醒,NOUN,B2
évident,evident,明显的,ADJ,B2
évolution,evolution,进化,NOUN,B2
événement,event,事件,NOUN,B2
évêque,bishop,主教,NOUN,B2
être,be,是,AUX,B2
être,being,存在,NOUN,B2
être,to was,是,VERB,B2
être absent,to be absent,缺席,VERB,B2
être accro,to be addicted,上瘾,VERB,B2
être ainsi,to be so,然,VERB,B2
être autorisé,be allowed,允许,AUX,B2
être bon en,to be good at,擅长,VERB,B2
être brave,to be brave,勇善,VERB,B2
être contraint,to be forced,被迫,VERB,B2
être de service,to be on duty,值班,VERB,B2
être en retard,to be late,迟到,VERB,B2
être en sécurité,to be safe,安好,VERB,B2
être endommagé,to be damaged,受损,VERB,B2
être ensorcelé,to be entranced,出神,VERB,B2
être fait,to be done,被做,VERB,B2
être frappé,to be hit,中箭,VERB,B2
être honteux,to be ashamed,感到羞愧,VERB,B2
être jaloux,to be jealous,嫉妒,VERB,B2
être reconnaissant,to be grateful,感激,VERB,B2
être requis,to be required,被要求,VERB,B2
être responsable de,to be responsible for,负责,VERB,B2
être situé,to be located,位于,VERB,B2
être surpris,to be surprised,感到惊讶,VERB,B2
être utile,to be useful,有用,VERB,B2
être vaincu,to be defeated,会败,VERB,B2
être volé,to be stolen,失窃,VERB,B2
être élu,to be elected,当选,VERB,B2
île,island,岛屿,NOUN,B2
œil,eye,眼睛,NOUN,B2
œil vert,green eye,碧眼,NOUN,B2
œil vert,green-eyed,让碧眼,NOUN,B2
