Spanish_Lemma,English_Lemma,Chinese_Lemma,POS,CEFR
African,African,词,ADJ,B1
Ah Fang,Ah Fang,阿方啊,NOUN,C1
Alawi,Alawi,词,NOUN,C1
Alice,Alice,词,NOUN,B2
Alzheimer's disease,Alzheimer's disease,阿尔茨海默病,NOUN,C1
Amazigh,Amazigh,词,NOUN,C1
American (noun),American,词,NOUN,B2
Andalusian,Andalusian,词,ADJ,B2
Arabic (noun),Arabic,词,NOUN,B1
Arabic language,Arabic language,词,NOUN,A2
Arabs,Arabs,词,NOUN,B2
Atlantean,Atlantean,أطلانطي,ADJ,B1
Atlantic,Atlantic,词,ADJ,C1
Balkanization,Balkanization,词,NOUN,C1
Beijing opera,Beijing opera,京剧,NOUN,A2
Bitcoin,Bitcoin,比特币,NOUN,C1
Bluetooth,Bluetooth,蓝牙,NOUN,C1
Brother He,Brother He,郃弟,NOUN,B2
Brussels,Brussels,词,ADJ,C1
Calvinism,Calvinism,词,NOUN,C1
Changle Marquis,Changle Marquis,长乐小侯,NOUN,C1
Chengyang,Chengyang,承阳,NOUN,C1
Chinese (noun),Chinese,中文,NOUN,C1
Chinese chess,Chinese chess,象棋,NOUN,B2
Chinese person,Chinese person,词,NOUN,B2
Chinese yam,Chinese yam,山药,NOUN,C1
Chinese zodiac,Chinese zodiac,生肖,NOUN,B2
Christian (adj),Christian,词,ADJ,C1
Christmas Eve dinner,Christmas Eve dinner,词,NOUN,C1
Chu,Chu,楚,NOUN,C1
Commander Fu,Commander Fu,付都尉,NOUN,C1
Common Era,Common Era,公元,NOUN,B1
Congo,Congo,词,NOUN,C1
Consort Yuan,Consort Yuan,元妃,NOUN,C1
DIY,DIY,词,NOUN,C1
DNA,DNA,词,NOUN,B2
ECG,ECG,心电图,NOUN,C1
Ed,Ed,词,NOUN,B2
Egyptian (noun),Egyptian,词,NOUN,B2
England,England,词,PROPN,B1
English language,English language,词,NOUN,A2
Fang Wei,Fang Wei,房纬,NOUN,C1
Fauvism,Fauvism,词,NOUN,C1
Feng Suige,Feng Suige,凤随歌,NOUN,B2
France,France,词,NOUN,B1
French (adj),French,法语,ADJ,C1
French language,French language,词,NOUN,A2
French-speaking world,French-speaking world,词,NOUN,B2
Frenchification,Frenchification,词,NOUN,C1
Friday evening,Friday evening,词,NOUN,C1
Gnawa,Gnawa,词,NOUN,B2
Gothic,Gothic,词,ADJ,C1
Gu Yu,Gu Yu,跟辜余,NOUN,C1
Hassaniya Arabic,Hassaniya Arabic,词,NOUN,C1
He'er,He'er,郃儿,NOUN,C1
Hong Kong licensed goods,Hong Kong licensed goods,港行,NOUN,C1
Hurufiyya,Hurufiyya,词,NOUN,C1
I am,I am,我是,PRON,A1
I come well,I come well,我来好,NOUN,C1
I hate,I hate,我恨,NOUN,B2
I only,I only,我光,NOUN,C1
I see,I see,我见,NOUN,C1
IT-related,IT-related,词,ADJ,C1
Indian summer,Indian summer,秋老虎,NOUN,C1
Indians,Indians,词,NOUN,C1
Internet of Things,Internet of Things,物联网,NOUN,C1
Irish (noun),Irish,词,NOUN,C1
Islamic jurisprudence,Islamic jurisprudence,词,NOUN,C1
Islamic law,Islamic law,词,NOUN,B2
Islamism,Islamism,词,NOUN,C1
Israeli,Israeli,词,ADJ,B2
Italian (adj),Italian,意大利的,ADJ,C1
January evening,January evening,词,NOUN,B2
Japanese (adj),Japanese,日本的,ADJ,C1
Japanese person,Japanese person,词,NOUN,C1
Jesuit,Jesuit,词,NOUN,C1
Jewish quarter,Jewish quarter,词,NOUN,C1
Kufic,Kufic,词,ADJ,C1
Lantern Festival,Lantern Festival,元宵节,NOUN,B2
Limburgish,Limburgish,词,ADJ,C1
Ling,Ling,叫凌,NOUN,B2
Lu Ke,Lu Ke,陆珂,NOUN,B2
Lu family,Lu family,有鲁家,NOUN,C1
Maghrebi,Maghrebi,词,ADJ,C1
Makhzen,Makhzen,马赫曾,NOUN,C1
Mandarin,Mandarin,普通话,NOUN,A1
Marxist,Marxist,词,ADJ,C1
Mary,Mary,词,NOUN,B2
Master Gao's wife,Master Gao's wife,高师娘,NOUN,C1
Master Li,Master Li,李爷,NOUN,C1
Master Liu,Master Liu,刘爷,NOUN,B2
Milky Way,Milky Way,银河,NOUN,C1
Mindfulness Villa,Mindfulness Villa,正念山庄,NOUN,B2
Ministry of Justice,Ministry of Justice,刑部,NOUN,B1
Mm,Mm,词,INTJ,C1
Mon,Mon,词,NOUN,C1
Moroccan,Moroccan,词,ADJ,B2
Mr. sir,Mr. sir,先生,NOUN,B2
Ms.,Ms.,词,NOUN,C1
Murong,Murong,慕容,NOUN,B2
Muslim (adj),Muslim,词,ADJ,B1
Natan,Natan,词,NOUN,B2
National Day,National Day,国庆节,NOUN,B1
Navidad,christmas,圣诞节,NOUN,B2
New Year dress,New Year dress,词,NOUN,B2
New Year's Eve,New Year's Eve,除夕,NOUN,B2
New Year's Eve dinner,New Year's Eve dinner,年夜饭,NOUN,B2
No.,No.,词,NOUN,C1
Nordic,Nordic,词,ADJ,C1
Old Jiang,Old Jiang,老江,NOUN,B2
Old Qin,Old Qin,老秦,NOUN,B2
Olympics,Olympics,词,NOUN,B1
Parisian,Parisian,词,ADJ,B1
Parkinson's disease,Parkinson's disease,词,NOUN,C1
Pingling,Pingling,等平陵,NOUN,C1
Polaris,Polaris,北极星,NOUN,B2
Prophet birthday,Prophet birthday,词,NOUN,B2
QR code,QR code,二维码,NOUN,C1
Quran,Quran,词,NOUN,B2
Rotterdam,Rotterdam,词,ADJ,C1
SIM card,SIM card,词,NOUN,B1
Salafism,Salafism,词,NOUN,C1
San Nicolás,santa claus,圣诞老人,NOUN,B2
Saturday evening,Saturday evening,词,NOUN,C1
Serbian,Serbian,词,ADJ,C1
Shiism,Shiism,词,NOUN,C1
Sichuan pepper,Sichuan pepper,花椒,NOUN,C1
Song typeface,Song typeface,宋体,NOUN,C1
Spain,Spain,词,NOUN,B2
Standard Arabic,Standard Arabic,标准阿拉伯语,NOUN,C1
Su Sha,Su Sha,夙砂,NOUN,B2
Sufi,Sufi,词,NOUN,C1
Sufi order,Sufi order,词,NOUN,B2
Sufism,Sufism,词,NOUN,C1
Sunday someone,Sunday someone,词,NOUN,A2
Surinamese,Surinamese,词,ADJ,C1
Susha origin,Susha origin,我夙砂本,NOUN,C1
Swedish (adj),Swedish,瑞典的,ADJ,B2
T-junction,T-junction,丁字路口,NOUN,C1
TV ratings,TV ratings,词,NOUN,B1
TV series,TV series,词,NOUN,B1
Tai Chi,Tai Chi,太极,NOUN,C1
Tajwid,Tajwid,词,NOUN,C1
Thai,Thai,词,ADJ,C1
Tifinagh script,Tifinagh script,词,NOUN,C1
UV-resistant,UV-resistant,防紫外线,ADJ,C1
VIP room,VIP room,贵宾室,NOUN,C1
Whistles,Whistles,词,NOUN,C1
Wudang,wudang,武当,NOUN,B2
Wushk,Wushk,词,NOUN,B1
Xi Yang,Xi Yang,戏阳,NOUN,B1
Xiang Fengsui,Xiang Fengsui,向凤随,NOUN,C1
Yama,Yama,阎王,NOUN,C1
Yay,Yay,词,INTJ,C1
YouTuber,YouTuber,词,NOUN,B2
Your Highness,Your Highness,殿下,NOUN,B2
Youth Welfare Office,Youth Welfare Office,词,NOUN,C1
Yu family,Yu family,玉家,NOUN,C1
Zhuang,Zhuang,庄相,NOUN,C1
Zhuang Hun,Zhuang Hun,庄混,NOUN,B2
a an,a an,词,DET,A2
a big pile,a big pile,一大堆,NUM,B2
a chat,a chat,一聊,NOUN,B2
a corto plazo,short-term,短期的,ADJ,B2
a decade of a century e.g. the Sixties,a decade of a century e.g. the Sixties,年代,NOUN,B1
a few,a few,بضع,NOUN,B1
a little,a little,一点儿,ADV,B2
a lo largo de,along,沿着,ADP,B2
a long time,a long time,词,ADV,A2
a lot,a lot,很多,ADV,B2
a menos que,unless,除非,SCONJ,B2
a mess,a mess,一团糟,ADJ,B2
a one,a one,词,DET,A1
a partir de ahora,from now on,今后,ADV,B2
a pesar de,despite,尽管,ADP,B2
a pesar de,to in spite of,不顾,VERB,B2
a posteriori,a posteriori,词,ADJ,C1
a priori,a priori,词,ADJ,C1
a regañadientes,reluctantly,不情愿地,ADV,B2
a sound,a sound,一声,NUM,B2
a tiempo,in time,及时地,ADV,B2
a toast,a toast,我来敬,NOUN,C1
a través de,through,通过,ADP,B2
a veces,sometimes,有时,ADV,B2
abajo,below,在...下面,ADP,B2
abajo,down,顺...而下,ADP,B2
abate,abate,词,VERB,B2
abbey,abbey,词,NOUN,B2
abdication,abdication,退位,NOUN,C1
abdominal pain,abdominal pain,腹痛,NOUN,B2
abeja,bee,蜜蜂,NOUN,B2
aberrant,aberrant,词,ADJ,B2
aberziehung,aberziehung,词,NOUN,B2
abet,abet,词,VERB,B2
abfassung,abfassung,词,NOUN,B2
abforderung,abforderung,词,NOUN,C1
abgestaltung,abgestaltung,词,NOUN,C1
abhorrent,abhorrent,词,ADJ,B2
abjure,abjure,词,VERB,B2
abkunft,abkunft,词,NOUN,C1
ablaze keen,ablaze keen,燃烧的/敏锐的,ADJ,C1
able to play,able to play,能下,NOUN,B2
ablution,ablution,词,NOUN,B2
abogacía,legal profession,律师业,NOUN,B2
abogado,attorney,律师,NOUN,B2
abogar,to advocate,提倡,VERB,B2
abolition,abolition,废除,NOUN,B2
abominable,abominable,可憎的,ADJ,B2
abominate,abominate,词,VERB,B2
abomination,abomination,词,NOUN,B2
abordar,to tackle,处理,VERB,B2
about,about,大约,ADV,B2
about fifteen,about fifteen,词,NOUN,B2
about fifty,about fifty,五十左右,NOUN,B2
about it,about it,关于它,ADV,B2
about sixty,about sixty,六十来个,NOUN,B2
about ten,about ten,词,NOUN,B1
about that,about that,关于那个,ADV,B2
about thirty,about thirty,三十左右,NOUN,B2
about this,about this,关于这个,ADV,B2
about to,about to,快要,ADV,B2
about what,about what,词,ADV,B1
about which,about which,关于什么,PRON,B2
above,above,上面,ADV,B2
above (noun),above,重上,NOUN,C1
above all,above all,,NOUN,B2
above average,above average,词,ADJ,C1
above over,above over,词,ADP,A2
above-mentioned,above-mentioned,上述的,ADJ,B2
abpflegung,abpflegung,词,NOUN,C1
abrasive,abrasive,词,ADJ,B2
abrasión,abrasion,擦伤,NOUN,B2
abrazadera,clamp,夹钳,NOUN,B2
abregelung,abregelung,词,NOUN,C1
abrichtung,abrichtung,词,NOUN,C1
abroad,abroad,在国外,ADV,B2
abrogate,abrogate,词,VERB,B2
abschaft,abschaft,词,NOUN,C1
abschrift,abschrift,词,NOUN,C1
absent-minded,absent-minded,词,ADJ,B2
absenteeism,absenteeism,词,NOUN,C1
absetzung,absetzung,词,NOUN,C1
absinnung,absinnung,词,NOUN,C1
absolutely not,absolutely not,词,ADV,C1
absolution,absolution,词,NOUN,C1
absolutist,absolutist,词,ADJ,C1
absoluto,absolute,绝对的,ADJ,B2
absprache,absprache,词,NOUN,C1
abstenerse,to refrain,克制,VERB,B2
abstract (noun),abstract,词,NOUN,C1
abstractionism,abstractionism,词,NOUN,C1
absucht,absucht,词,NOUN,C1
absuchung,absuchung,词,NOUN,C1
absurdism,absurdism,词,NOUN,C1
absurdo,preposterous,荒谬的,ADJ,B2
abtheilung,abtheilung,词,NOUN,C1
abuela,grandma,奶奶,NOUN,B2
abundantly,abundantly,词,ADV,C1
aburrido,bored,无聊的,ADJ,B2
aburrido,boring,无聊的,ADJ,B2
abusar,to abuse,滥用,VERB,B2
abuse case,abuse case,词,NOUN,C1
abuse of power,abuse of power,词,NOUN,C1
abuser,abuser,滥用者,NOUN,B2
abuses,abuses,词,NOUN,C1
abusive,abusive,滥用的,ADJ,B2
abwandel,abwandel,词,NOUN,C1
abwirkung,abwirkung,词,NOUN,C1
abysmal,abysmal,词,ADJ,B2
acabado,finishing,装修,NOUN,B2
academic,academic,学者,NOUN,B2
academic degree,academic degree,学位,NOUN,C1
academic proficiency test,academic proficiency test,会考,NOUN,C1
academician,academician,院士,NOUN,B2
académico,academic,学术的,ADJ,B2
acantilado,cliff,悬崖,NOUN,B2
acariciar,to pat,轻拍,VERB,B2
accede,accede,词,VERB,B2
accept me,accept me,受我,NOUN,B2
accept orders,accept orders,领命,VERB,C1
accesión,accession,即位,NOUN,B2
accessibility,accessibility,可达性,NOUN,B2
accessibility features,accessibility features,词,NOUN,B2
accessible,accessible,易接近的,ADJ,B2
accessory,accessory,配件,NOUN,B2
accidental,accidental,偶然的,ADJ,B2
accidentalmente,accidentally,意外地,ADV,B2
accidentarse,to have an accident,遭遇意外,VERB,B2
accidente de coche,car accident,车祸,NOUN,B2
accionista,shareholder,股东,NOUN,B2
acclimatization,acclimatization,适应环境,NOUN,B2
acclimatize,acclimatize,词,VERB,B2
accommodating,accommodating,词,ADJ,B2
accompany or not,accompany or not,陪不,NOUN,B2
accompanying,accompanying,词,ADJ,C1
according to,according to,要照,NOUN,B2
according to that,according to that,词,ADV,C1
accordingly consequently,accordingly consequently,词,ADV,C1
accordion,accordion,手风琴,NOUN,B2
accost,accost,词,VERB,B2
accountable,accountable,负责任的,ADJ,B2
accounting (adj),accounting,词,ADJ,C1
accreditation,accreditation,词,NOUN,C1
accredited,accredited,认可的,ADJ,B2
acculturation,acculturation,文化涵化,NOUN,B2
accumulation,accumulation,积累,NOUN,B2
accumulator,accumulator,词,NOUN,C1
accuracy,accuracy,准确性,NOUN,B2
accused,accused,词,NOUN,B2
accused person,accused person,被告,NOUN,B2
accusing of treason,accusing of treason,词,NOUN,C1
accustomed,accustomed,习惯的,ADJ,B2
ace,ace,王牌,NOUN,B2
ace carcass,ace carcass,王牌/尸体,NOUN,B2
acedia spiritual sloth,acedia spiritual sloth,词,NOUN,C1
aceleración,acceleration,加速,NOUN,B2
acelerador,accelerator,油门,NOUN,B2
aceptación,acceptance,接受,NOUN,B2
acera,sidewalk,人行道,NOUN,B2
acerbate,acerbate,词,VERB,B2
acercamiento,rapprochement,和解,NOUN,B2
acero,steel,钢,NOUN,B2
achievable,achievable,可实现的,ADJ,B2
acid,acid,酸,NOUN,B2
acid sour,acid sour,词,ADJ,B2
acidic,acidic,词,ADJ,B2
acogedor,cozy,舒适的,ADJ,B2
acolyte,acolyte,词,NOUN,B2
acompañar,to come along,一起来,VERB,B2
acorn,acorn,词,NOUN,B1
acortar,to shorten,缩短,VERB,B2
acostarse,to lie down,躺,VERB,B2
acoustic,acoustic,声学的,ADJ,B2
acoustics,acoustics,声学,NOUN,B2
acquired,acquired,词,ADJ,B2
acquisition of ownership,acquisition of ownership,词,NOUN,C1
acquittal,acquittal,无罪释放,NOUN,B2
acrid,acrid,词,ADJ,B2
acrimonious,acrimonious,词,ADJ,B2
acrobat,acrobat,杂技演员,NOUN,B2
acrobatics,acrobatics,杂技,NOUN,B2
acronym,acronym,首字母缩略词,NOUN,B2
across,across,穿过,ADP,B2
across (adv),across,越过,ADV,C1
acrostic,acrostic,词,NOUN,C1
act,act,行动,NOUN,B2
act jointly,act jointly,合伙,NOUN,B2
act of kneeling,act of kneeling,词,NOUN,C1
acting,acting,行为,NOUN,B2
action document,action document,词,NOUN,B2
action plan,action plan,行动方案,NOUN,B2
activate,to activate,激活,VERB,B2
activation,activation,词,NOUN,B2
active,active,活跃的,ADJ,B2
active population,active population,词,NOUN,C1
activism,activism,激进主义,NOUN,B2
activist,activist,词,NOUN,C1
activities,activities,词,NOUN,B2
actor or actress,actor or actress,演员,NOUN,A2
acts of worship,acts of worship,词,NOUN,C1
actuación,performance,表现,NOUN,B2
actual,actual,实际的,ADJ,B2
actually,actually,实际上,ADV,B2
actually (noun),actually,倒也,NOUN,C1
actualmente,currently,目前,ADV,B2
actuate,actuate,词,VERB,B2
acuarela,watercolor,水彩画,NOUN,B2
acumen,acumen,词,NOUN,C1
acupoint strike,acupoint strike,点穴,NOUN,B2
acute,acute,剧烈的,ADJ,B2
acuteness sharpness,acuteness sharpness,词,NOUN,C1
adaptability,adaptability,词,NOUN,C1
adaptable,adaptable,词,ADJ,B2
adaptation,adaptation,适应,NOUN,B2
adaptive,adaptive,词,ADJ,C1
add-on,add-on,词,NOUN,C1
addendum,addendum,补遗,NOUN,C1
addict,addict,上瘾者,NOUN,B2
addictive,addictive,词,ADJ,B2
addition,addition,增加,NOUN,B2
additional,additional,额外的,ADJ,B2
additional extra,additional extra,词,ADJ,C1
additionally,additionally,另外,ADV,B2
adecuadamente,properly,适当地,ADV,B2
adecuado,proper,适当的,ADJ,B2
adelantar,to overtake,超过,VERB,B2
adelantar,to shift to an earlier date,提前,VERB,B2
adelante,ahead,在前面,ADV,B2
adelante,forth,向前,ADV,B2
además,furthermore,此外,ADV,B2
además,in addition,此外,ADV,B2
además,moreover,此外,ADV,B2
adept,adept,词,ADJ,B2
adequacy,adequacy,也不错,NOUN,B2
adequate suitable,adequate suitable,词,ADJ,C1
adherirse,to cling,紧贴,VERB,B2
adhesive bandage,adhesive bandage,词,NOUN,B2
adivinación,fortune telling,算命,NOUN,B2
adivinar,guess,猜测,NOUN,B2
adivinar,to guess,猜,VERB,B2
adiós,bye,再见,INTJ,B2
adjacency,adjacency,邻接,NOUN,B2
adjoin,adjoin,词,VERB,B2
adjourn,adjourn,词,VERB,B2
adjournment,adjournment,词,NOUN,C1
adjudge,adjudge,词,VERB,B2
adjudicate,adjudicate,裁决,VERB,B2
adjudication,adjudication,词,NOUN,C1
adjuntar,to attach,附加,VERB,B2
adjunto,deputy,副的,ADJ,B2
adjure,adjure,词,VERB,B2
adjustability,adjustability,词,NOUN,C1
adjustment,adjustment,调节,NOUN,B2
administer,to administer,管理,VERB,B2
administrative,administrative,行政的,ADJ,B2
administrative offense,administrative offense,词,NOUN,C1
administrator,administrator,管理员,NOUN,B2
admirable,admirable,词,ADJ,B2
admiral,admiral,海军上将,NOUN,B2
admiration,admiration,词,NOUN,B2
admire,to admire,钦佩,VERB,B2
admirer,admirer,仰慕者,NOUN,B2
admissibility acceptance,admissibility acceptance,词,NOUN,C1
admissible,admissible,词,ADJ,B2
admissible eligible,admissible eligible,词,ADJ,C1
admission,admission,词,NOUN,B1
admit,to admit,承认,VERB,B2
admitted,admitted,词,ADJ,B2
admittedly,admittedly,诚然,ADV,B2
admonish,to admonish,告诫,VERB,B2
adolescence,adolescence,词,NOUN,B2
adolescent,adolescent,青少年,NOUN,B2
adopted son,adopted son,义子,NOUN,B1
adopted-son,adopted-son,归义子,NOUN,C1
adoption,adoption,收养,NOUN,B2
adorable,adorable,词,ADJ,B2
adorar,worship,崇拜,NOUN,B2
adorar,to worship,崇拜,VERB,B2
adoration worship,adoration worship,词,NOUN,C1
adoul notaries,adoul notaries,词,NOUN,C1
adrenaline,adrenaline,词,NOUN,C1
adroit,adroit,词,ADJ,B2
adulación,sycophancy,阿谀奉承,NOUN,B2
adulation,adulation,词,NOUN,C1
adult,adult,成年的,ADJ,B2
adulterate,to adulterate,掺杂,VERB,B2
adultery,adultery,词,NOUN,C1
adulthood,adulthood,成年,NOUN,B2
advance guard,advance guard,先遣,NOUN,B2
advance payment,advance payment,预付款,NOUN,B2
advanced study,advanced study,深造,NOUN,B2
advanced technology,advanced technology,先进,ADJ,B2
advancement,advancement,晋升,NOUN,B2
advent,advent,到来,NOUN,B2
adventurous,adventurous,词,ADJ,B2
adversarial,adversarial,词,ADJ,B2
adversity,adversity,逆境,NOUN,B2
advertiser,advertiser,词,NOUN,B2
advertising,advertising,广告的,ADJ,B2
advisability,advisability,词,NOUN,C1
advisable,advisable,词,ADJ,B2
advisory,advisory,词,ADJ,C1
advocacy,advocacy,词,NOUN,C1
advocate (noun),advocate,词,NOUN,B2
aerodynamics,aerodynamics,词,NOUN,C1
aeronautical,aeronautical,词,ADJ,B2
aerosol,spray,喷雾,NOUN,B2
aesthetic taste,aesthetic taste,词,NOUN,C1
afeitar,to shave,剃,VERB,B2
affability,affability,词,NOUN,C1
affected,affected,受影响的,ADJ,B2
affected eloquence,affected eloquence,词,NOUN,C1
affected speech,affected speech,词,NOUN,C1
affectedness,affectedness,词,NOUN,C1
affidavit,affidavit,词,NOUN,B2
affinity,affinity,词,NOUN,C1
affirmative,affirmative,词,ADJ,B2
affix,affix,词,NOUN,B2
affliction,affliction,灾难,NOUN,C1
affluent,affluent,词,ADJ,B2
afford,afford,词,VERB,A2
affordability,affordability,得起,NOUN,B2
aficionado,amateur,业余爱好者,NOUN,B2
afiliado,affiliate,附属机构,NOUN,B2
afortunado,fortunate,幸运的,ADJ,B2
afraid,afraid,害怕的,ADJ,B2
afraid (noun),afraid,词,NOUN,B2
after,after,تلو,NOUN,B2
after (sconj),after,after,SCONJ,A1
after all just,after all just,毕竟刚,ADV,C1
after the example of,after the example of,词,NOUN,C1
after this,after this,词,ADV,B2
after to,after to,词,ADP,A2
after-class exercises,after-class exercises,课后题,NOUN,C1
aftermath,aftermath,随后,NOUN,C1
agacharse,to squat,蹲,VERB,B2
again,again,你又,NOUN,B2
against it,against it,词,ADV,A2
agarrar,grip,握法,NOUN,B2
agarrar,to grip,紧握,VERB,B2
agarre firme,tight grip,手握紧,NOUN,B2
agasajar,to treat guests,请客,VERB,B2
agate,agate,词,NOUN,B1
age lifetime,age lifetime,词,NOUN,A2
agenda,agenda,词,NOUN,C1
agenda item,agenda item,议题,NOUN,C1
agente,agent,代理人,NOUN,B2
agglomerate,agglomerate,词,NOUN,B2
aggravated,aggravated,词,ADJ,C1
aggravating,aggravating,词,ADJ,B2
aggravation,aggravation,词,NOUN,C1
aggregate (noun),aggregate,词,NOUN,B2
aggregation,aggregation,词,NOUN,C1
aggressor,aggressor,词,NOUN,C1
aghast,aghast,惊骇的,ADJ,B2
agitated,agitated,焦躁的,ADJ,B2
agitation,agitation,词,NOUN,B2
agnatic inheritance,agnatic inheritance,词,NOUN,C1
agnostic (noun),agnostic,词,NOUN,B2
agnosticism,agnosticism,词,NOUN,C1
ago,ago,以前,ADV,B2
agonize,agonize,词,VERB,B2
agree,agree,一致,ADJ,B2
agreeable,agreeable,词,ADJ,B2
agreed,agreed,一致的,ADJ,B2
agresividad,aggressiveness,攻击性,NOUN,B2
agricultura,agriculture,农业,NOUN,B2
agricultura,farming,农业,NOUN,B2
agrio,sour,酸的,ADJ,B2
agrícola,agricultural,农业的,ADJ,B2
aguantar,to hold on,抓住,VERB,B2
aguas abajo,downstream,下游,NOUN,B2
ah,ah,啊,INTJ,B2
ah (part),ah,水 水,PART,B2
aha,aha,啊哈,INTJ,B2
ahora mismo,just now,刚刚,ADV,B2
ahorrador,thrifty,节俭的,ADJ,B2
ahorrar,to spare,节省,VERB,B2
ahorro,savings,存款,NOUN,B2
aim destination,aim destination,目的/目的地,NOUN,C1
aimless,aimless,词,ADJ,C1
aims,aims,词,NOUN,C1
air conditioner,air conditioner,词,NOUN,B1
air force,air force,空军,NOUN,B2
air leak,air leak,漏气,NOUN,B2
air pressure,air pressure,气压,NOUN,B2
air raid,air raid,空袭,NOUN,B2
air temperature,air temperature,气温,NOUN,C1
airfield,airfield,飞机场,NOUN,B2
airline,airline,词,NOUN,C1
aisle,aisle,词,NOUN,B1
aita song,aita song,词,NOUN,C1
ajedrez,chess,国际象棋,NOUN,B2
ajetreo,busyness,事忙,NOUN,B2
ajo,garlic,大蒜,NOUN,B2
ajustado,fitting,合适的,ADJ,B2
al lado,beside next to,旁边,NOUN,B2
al menos,at least,至少,ADV,B2
al mismo tiempo,at the same time,同时,ADV,B2
al respecto,regarding this,对此,ADV,B2
alarm (verb),alarm,词,VERB,B2
alarm center,alarm center,报警中心,NOUN,B2
alarm system,alarm system,词,NOUN,C1
alarmante,alarming,令人担忧的,ADJ,B2
alarmism,alarmism,词,NOUN,C1
albaricoque,apricot,杏,NOUN,B2
alboroto,fuss,大惊小怪,NOUN,B2
albóndiga cocida,cooked meatball,丸子熟,NOUN,B2
alcaide,warden,看守人,NOUN,B2
alcanzable,reachable,可到达的,ADJ,B2
alcanzar,to attain,达到,VERB,B2
alcanzar,to reach,到达,VERB,B2
alchemy,alchemy,词,NOUN,C1
alcohol,alcohol,酒精,NOUN,B2
alcoholic,alcoholic,酒精的,ADJ,B2
alcohólico,alcoholic,酗酒者,NOUN,B2
alder,alder,桤木,NOUN,B2
alderman,alderman,市议员,NOUN,B2
aleación,alloy,合金,NOUN,B2
aleatorio,random,随机的,ADJ,B2
alegre,cheerful,愉快的,ADJ,B2
alemán,german,德国人,NOUN,B2
alert (noun),alert,警报,NOUN,B1
alerta,alert,警报,NOUN,B2
alerta temprana,early warning,预警,NOUN,B2
alertness,alertness,机敏,NOUN,C1
alfabético,alphabetical,按字母顺序的,ADJ,B2
alfilerar,to pin,别住,VERB,B2
alfombra,carpet,地毯,NOUN,B2
algae,algae,词,NOUN,B2
algebraic,algebraic,词,ADJ,C1
algoritmo,algorithm,算法,NOUN,B2
alguien,anyone,任何人,PRON,B2
alianza eterna,eternal alliance,永结,NOUN,B2
alianza matrimonial,marriage alliance,联姻,NOUN,B2
alicates,pliers,钳子,NOUN,B2
alienación,alienation,异化,NOUN,B2
alienating,alienating,使人疏远的,ADJ,B2
alike,alike,词,ADV,B1
alimento,feed,饲料,NOUN,B2
alimento,foodstuff,食品,NOUN,B2
alineación,alignment,结盟,NOUN,B2
alisar,smooth,光滑的,ADJ,B2
alisar,to smooth,使光滑,VERB,B2
alive living,alive living,活着的,ADJ,B2
alkalinity,alkalinity,词,NOUN,C1
all,all,جميع,NOUN,B2
all (adj),all,全,ADJ,B2
all (adv),all,全都,ADV,B2
all (pron),all,全部,PRON,A2
all along,all along,一路上,NOUN,B2
all at once,all at once,一下子,ADV,B2
all correct,all correct,都对,NOUN,C1
all day,all day,整天,ADV,B2
all day long (adv),all day long,成天,ADV,C1
all entirely,all entirely,词,DET,B2
all everyone,all everyone,所有/大家,PRON,B2
all good,all good,都好,NOUN,B2
all kinds,all kinds,各种各样的,DET,B2
all night,all night,通宵,NOUN,B2
all night (adv),all night,彻夜,ADV,C1
all not,all not,都别,ADV,C1
all of it,all of it,全部,PRON,B2
all of them,all of them,大家,PRON,B2
all out,all out,齐出,NOUN,C1
all over,all over,遍,ADV,A2
all passed,all passed,都过,NOUN,C1
all saints' day,all saints' day,诸圣节,NOUN,B2
all the more,all the more,更加,ADV,B2
all together,all together,词,ADV,C1
all with,all with,都与,NOUN,B2
all-clear,all-clear,许可信号,NOUN,B2
all-round,all-round,全面的,ADJ,B2
allanamiento,burglary,入室盗窃罪,NOUN,B2
allay,allay,词,VERB,C1
allegation,allegation,词,NOUN,C1
alleged presumed,alleged presumed,词,ADJ,C1
allegiance,allegiance,忠诚,NOUN,B2
allegorical,allegorical,词,ADJ,C1
allegory,allegory,词,NOUN,C1
alleys,alleys,词,NOUN,B2
allies,allies,盟友,NOUN,C1
alliteration,alliteration,词,NOUN,C1
allocation,allocation,词,NOUN,C1
allot,allot,词,VERB,C1
allotment,allotment,词,NOUN,C1
allure,allure,词,NOUN,C1
alluring,alluring,诱人的,ADJ,C1
allí,there,那儿,NOUN,B2
almacén,warehouse,仓库,NOUN,B2
almohada,pillow,枕头,NOUN,B2
almohadilla,pad,垫,NOUN,B2
almonds,almonds,词,NOUN,A2
alms,alms,词,NOUN,B2
alms zakat,alms zakat,词,NOUN,B2
alone,alone,单独的,ADJ,B2
aloof,aloof,词,ADJ,C1
aloud,aloud,出声地,ADV,B2
alpha,alpha,阿尔法,NOUN,B2
alphabet,alphabet,字母表,NOUN,B2
alpine,alpine,高山的,ADJ,B2
already may particle,already may particle,词,PART,A2
alrededor,around,在周围,ADP,B2
alrededores,surroundings,周围,NOUN,B2
alright (noun),alright,好吧,NOUN,B1
also (adp),also,也对,ADP,B2
also (aux),also,也要,AUX,B2
also (noun),also,词,NOUN,A2
also (sconj),also,也是,SCONJ,B1
also come,also come,也来,NOUN,B2
also fixed,also fixed,也定,NOUN,C1
also good,also good,也好,ADJ,B2
also will,also will,也会,NOUN,C1
altar,altar,词,NOUN,B2
alteration,alteration,改变,NOUN,B2
altered art,altered art,改艺,NOUN,B2
altered outcome,altered outcome,改果,NOUN,C1
altered path,altered path,改径,NOUN,B2
altered strategy,altered strategy,改略,NOUN,C1
altered type,altered type,改型,NOUN,C1
altered work,altered work,改作,NOUN,C1
alternancia,alternation,轮流,NOUN,B2
alternating,alternating,交替的,ADJ,B2
alternative,alternative,替代的,ADJ,B2
alternatively,alternatively,交替地,ADV,B2
alteza,highness,殿下,NOUN,B2
although,although,尽管,CCONJ,B2
although (adp),although,虽,ADP,B1
alto,high,高的,ADJ,B2
altogether,altogether,共,ADV,B2
altruistic,altruistic,利他的,ADJ,B2
alucinación,hallucination,幻觉,NOUN,B2
aluminio,aluminum,铝,NOUN,B2
alumnus,alumnus,校友,NOUN,B2
alusión,allusion,暗示,NOUN,B2
always have,always have,总有,VERB,C1
alérgico,allergic,过敏的,ADJ,B2
amado,beloved,爱人,NOUN,B2
amalgam conflation,amalgam conflation,混合 / 混淆,NOUN,B2
amamantar,to breastfeed,母乳喂养,VERB,B2
amanecer,sunrise,日出,NOUN,B2
amante,mistress,情妇,NOUN,B2
amargura,bitterness,苦涩,NOUN,B2
amazed,amazed,惊讶,ADJ,C1
ambas manos,both hands,双手,NOUN,B2
amber,amber,琥珀,NOUN,B2
ambicioso,ambitious,有雄心的,ADJ,B2
ambient surrounding,ambient surrounding,词,ADJ,C1
ambiguo,ambiguous,模棱两可的,ADJ,B2
ambivalence,ambivalence,词,NOUN,B2
ambos,both,两者都,CCONJ,B2
ameliorate,ameliorate,词,VERB,C1
amelioration,amelioration,词,NOUN,C1
amenazador,threatening,具有威胁性的,ADJ,B2
amended abstraction,amended abstraction,改抽,NOUN,B2
amended analysis,amended analysis,改析,NOUN,C1
amended classification,amended classification,改归,NOUN,B2
amended combination,amended combination,改合,NOUN,C1
amended concrete,amended concrete,改具,NOUN,B2
amended contingency,amended contingency,改偶,NOUN,C1
amended difference,amended difference,改殊,NOUN,C1
amended division,amended division,改分,NOUN,B2
amended essence,amended essence,改本,NOUN,B2
amended generality,amended generality,改般,NOUN,B2
amended inclusion,amended inclusion,改纳,NOUN,B2
amended inference,amended inference,改推,NOUN,C1
amended judgment,amended judgment,改断,NOUN,B2
amended necessity,amended necessity,改必,NOUN,C1
amended particular,amended particular,改特,NOUN,B2
amended possibility,amended possibility,改可,NOUN,B2
amended synthesis,amended synthesis,改综,NOUN,B2
amended unity,amended unity,改一,NOUN,B2
amended universality,amended universality,改普,NOUN,C1
amendments,amendments,词,NOUN,C1
american,american,美国的,ADJ,B2
amiable,amiable,和蔼可亲的,ADJ,B2
amicable,amicable,友好的,ADJ,B2
amicable out-of-court,amicable out-of-court,友好的 / 庭外和解的,ADJ,B2
amigable,friendly,友好的,ADJ,B2
amigo,buddy,伙伴,NOUN,B2
amino acid,amino acid,氨基酸,NOUN,C1
ammunition,ammunition,弹药,NOUN,B2
amnesia,amnesia,健忘症,NOUN,B2
among,among,在……之中,ADP,B2
among them,among them,其中,PRON,B2
among them (adv),among them,在其中,ADV,B2
amontonar,to pile up,堆积,VERB,B2
amoral,amoral,词,ADJ,C1
amortization,amortization,词,NOUN,C1
amount,amount,数量,NOUN,B2
amount to,to amount to,总计,VERB,B2
amphitheater lecture hall,amphitheater lecture hall,阶梯教室 / 圆形剧场,NOUN,B2
ample,ample,充足的,ADJ,B2
ample loose-fitting,ample loose-fitting,词,ADJ,C1
amplification,amplification,放大,NOUN,B2
amplifier,amplifier,放大器,NOUN,B2
amplitude range,amplitude range,词,NOUN,C1
amputation,amputation,截肢,NOUN,B2
amueblar,to furnish,提供,VERB,B2
amused,amused,词,ADJ,B2
amusement,amusement,娱乐,NOUN,B2
amusing,amusing,有趣的,ADJ,B2
an,an,词,DET,A1
an official standard,an official standard,标准,NOUN,B2
anacardo,cashew,腰果,NOUN,B2
anacoluthon,anacoluthon,词,NOUN,C1
anadiplosis,anadiplosis,词,NOUN,C1
anagram,anagram,字谜游戏,NOUN,B2
analgesia,analgesia,词,NOUN,C1
analgésico,painkiller,止痛药,NOUN,B2
analog,analog,模拟的,ADJ,B2
analogize,analogize,词,VERB,B2
analogous similar,analogous similar,词,ADJ,C1
analogy,analogy,类比,NOUN,B2
analyst,analyst,分析师,NOUN,B2
analytical,analytical,分析的,ADJ,B2
anamnesis case history,anamnesis case history,词,NOUN,C1
anaphora,anaphora,首语重复修辞,NOUN,B2
anarchical,anarchical,词,ADJ,C1
anarchism,anarchism,词,NOUN,C1
anarchist,anarchist,无政府主义者,NOUN,B2
anatomy dissection,anatomy dissection,词,NOUN,C1
ancestors,ancestors,祖先,NOUN,B2
ancestral,ancestral,词,ADJ,C1
anchor,anchor,锚,NOUN,B2
anchorage,anchorage,锚地,NOUN,B2
anchoring,anchoring,停泊,NOUN,B2
anchovy,anchovy,词,NOUN,B2
ancient,ancient,古老的,ADJ,B2
ancient rootedness,ancient rootedness,词,NOUN,C1
ancient temple,ancient temple,古寺,NOUN,C1
ancient times,ancient times,古代,NOUN,B2
and,and,重而,NOUN,B2
and (sconj),and,我也,SCONJ,B1
and so forth,and so forth,依此类推,ADV,B2
and so on,and so on,之类,NOUN,B2
and you,and you,而你…,NOUN,C1
androgynous,androgynous,词,ADJ,C1
anecdotal,anecdotal,词,ADJ,C1
anemic,anemic,词,ADJ,C1
anerziehung,anerziehung,词,NOUN,C1
anesthetic,anesthetic,麻醉剂,NOUN,B2
aneurysm,aneurysm,词,NOUN,C1
anfahrt,anfahrt,词,NOUN,C1
anfassung,anfassung,词,NOUN,C1
anforderung,anforderung,词,NOUN,C1
angabe,angabe,词,NOUN,C1
angelic,angelic,天使般的,ADJ,B2
angestaltung,angestaltung,词,NOUN,C1
angle,angle,角度,NOUN,B2
angle of approach,angle of approach,切入点,NOUN,B2
anguished,anguished,词,ADJ,C1
angular,angular,有角的,ADJ,B2
anhelar,to crave,渴望,VERB,B2
animal,animal,动物,NOUN,B2
animal pen,animal pen,词,NOUN,B1
animar,to cheer,欢呼,VERB,B2
animarse,to cheer up,使高兴,VERB,B2
animated,animated,词,ADJ,C1
animated film,animated film,动画片,NOUN,B2
animation,animation,动画,NOUN,B2
anise,anise,茴香,NOUN,B2
ankle,ankle,脚踝,NOUN,B2
annals,annals,编年史,NOUN,B2
annexation,annexation,吞并,NOUN,B2
annexes,annexes,词,NOUN,C1
annihilation,annihilation,寂灭,NOUN,B2
announcement,announcement,公告,NOUN,B2
annoyed,annoyed,恼火的,ADJ,B2
annual,annual,年度的,ADJ,B2
annual (noun),annual,年度,NOUN,C1
annual battle,annual battle,年仗,NOUN,C1
annual inspection,annual inspection,年检,NOUN,C1
annual leave,annual leave,年假,NOUN,B2
annual publication,annual publication,年刊,NOUN,C1
annual wage,annual wage,年薪,NOUN,B2
annuity private income,annuity private income,词,NOUN,C1
annulment,annulment,词,NOUN,C1
anodyne,anodyne,词,ADJ,C1
anoint,anoint,词,VERB,C1
anomalous,anomalous,词,ADJ,C1
anomie,anomie,词,NOUN,C1
anonymity,anonymity,词,NOUN,C1
anonymization,anonymization,词,NOUN,C1
anonymously,anonymously,词,ADV,B2
anorexia,anorexia,词,NOUN,C1
anormal,abnormal,异常的,ADJ,B2
anotar,to note,记录,VERB,B2
another day,another day,改日,NOUN,C1
another time,another time,词,ADV,C1
anpflegung,anpflegung,词,NOUN,C1
anregelung,anregelung,词,NOUN,C1
anrichtung,anrichtung,词,NOUN,B2
anschaft,anschaft,词,NOUN,C1
anschrift,anschrift,词,NOUN,B2
ansetzung,ansetzung,词,NOUN,C1
ansiar,to be eager for,巴不得,VERB,B2
ansicht,ansicht,词,NOUN,C1
ansinnung,ansinnung,词,NOUN,C1
ansioso,anxious,焦虑的,ADJ,B2
ansioso,eager,渴望的,ADJ,B2
ansprache,ansprache,词,NOUN,C1
ansucht,ansucht,词,NOUN,C1
ansuchung,ansuchung,词,NOUN,C1
answer questions,answer questions,答疑,VERB,C1
answers,answers,词,NOUN,C1
antagonistic,antagonistic,词,ADJ,C1
antecedent,antecedent,先行词,NOUN,B2
antediluvian,antediluvian,词,ADJ,C1
anteilung,anteilung,词,NOUN,B2
antena,antenna,天线,NOUN,B2
anterior,former,以前的,ADJ,B2
anteriormente,formerly,以前,ADV,B2
anteroom,anteroom,词,NOUN,B2
antes,earlier,刚才,ADV,B2
antes de que,before,在...之前,SCONJ,B2
antheilung,antheilung,词,NOUN,B2
anthem,anthem,词,NOUN,B2
anthem song,anthem song,词,NOUN,A1
anthropological,anthropological,词,ADJ,C1
anti-Semitic,anti-Semitic,词,ADJ,C1
anti-actuality,anti-actuality,反然,NOUN,C1
anti-analysis,anti-analysis,反析,NOUN,C1
anti-concretion,anti-concretion,反具,NOUN,C1
anti-content,anti-content,反容,NOUN,C1
anti-contingency,anti-contingency,反偶,NOUN,B2
anti-energy,anti-energy,反能,NOUN,C1
anti-essence,anti-essence,反本,NOUN,C1
anti-establishment,anti-establishment,反建,NOUN,C1
anti-form,anti-form,反形,NOUN,C1
anti-inwardness,anti-inwardness,反内,NOUN,B2
anti-law,anti-law,反法,NOUN,C1
anti-nature,anti-nature,反性,NOUN,B2
anti-necessity,anti-necessity,反必,NOUN,C1
anti-particularity,anti-particularity,反特,NOUN,C1
anti-possibility,anti-possibility,反可,NOUN,C1
anti-reason,anti-reason,反理,NOUN,C1
anti-rule,anti-rule,反则,NOUN,C1
anti-specificity,anti-specificity,反殊,NOUN,B2
anti-state,anti-state,反态,NOUN,B2
anti-static,anti-static,防静电,ADJ,B2
anti-synthesis,anti-synthesis,反综,NOUN,C1
anti-unity,anti-unity,反一,NOUN,C1
anti-universality,anti-universality,反普,NOUN,B2
anti-use,anti-use,反用,NOUN,C1
anti-work,anti-work,反功,NOUN,C1
antiabstracción,anti-abstraction,反抽,NOUN,B2
antiacción,anti-action,反作,NOUN,B2
antiarrugas,wrinkle-resistant,防皱,ADJ,B2
antibiotic,antibiotic,抗生素,NOUN,B2
antibiótico,antibiotics,抗生素,NOUN,B2
anticipación,anticipation,预期,NOUN,B2
anticipated,anticipated,词,ADJ,C1
anticipatory,anticipatory,词,ADJ,C1
anticuerpo,antibody,抗体,NOUN,B2
anticyclone,anticyclone,反气旋,NOUN,B2
antifreeze,antifreeze,防冻剂,NOUN,B2
antigen test,antigen test,抗原检测,NOUN,C1
antigeneralidad,anti-generality,反般,NOUN,B2
antiguerra,anti-war,反战,NOUN,B2
antigüedad,antique,古老的,ADJ,B2
antigüedad,seniority,资历,NOUN,B2
antiintegración,anti-integration,反合,NOUN,B2
antimateria,counter-matter,反物,NOUN,B2
antimedida,anti-measure,反度,NOUN,B2
antinomy,antinomy,词,NOUN,C1
antiomnipresencia,anti-omnipresence,反遍,NOUN,B2
antioxidante,antioxidant,抗氧化剂,NOUN,B2
antiphrasis,antiphrasis,词,NOUN,C1
antiquated,antiquated,过时的,ADJ,B2
antique,antique,古董,NOUN,B2
antiquities ruins,antiquities ruins,词,NOUN,B2
antiquity,antiquity,词,NOUN,B2
antirratas,rat-proof,防鼠,ADJ,B2
antisemite,antisemite,词,NOUN,C1
antisemitism,antisemitism,反犹太主义,NOUN,B2
antiseptic,antiseptic,防腐,ADJ,B2
antisocial,antisocial,反社会的,ADJ,B2
antiséptico,antiseptic,防腐剂,NOUN,B2
antología poética,poetry collection,诗集,NOUN,B2
antonomasia,antonomasia,词,NOUN,C1
antonyms,antonyms,词,NOUN,C1
antonymy,antonymy,反义关系,NOUN,C1
antreibung,antreibung,词,NOUN,C1
antropomorfismo,anthropomorphism,拟人化,NOUN,B2
antsy,antsy,词,ADJ,C1
antígeno,antigen,抗原,NOUN,B2
antítesis,antithesis,对立面,NOUN,B2
antónimo,antonym,反义词,NOUN,B2
anualmente,annually,每年,ADV,B2
anunciar,to advertise,做广告,VERB,B2
anvil,anvil,词,NOUN,B2
anwandel,anwandel,词,NOUN,C1
anweisung,anweisung,词,NOUN,C1
anwirkung,anwirkung,词,NOUN,C1
any (adj),any,词,ADJ,B1
any (adv),any,词,ADV,B2
anybody,anybody,词,PRON,A1
anymore,anymore,词,ADV,A1
anything,anything,任何事,PRON,B2
anyway (pron),anyway,好歹,PRON,B2
anywhere,anywhere,词,ADV,A1
anís estrellado,star anise,八角,NOUN,B2
anónimo,anonymous,匿名的,ADJ,B2
aparato,apparatus,仪器,NOUN,B2
aparcamiento,parking lot,停车场,NOUN,B2
aparentemente,apparently,显然,ADV,B2
aparentemente,seemingly,表面上,ADV,B2
apart from,apart from,除了,ADP,B2
apart from (verb),apart from,词,VERB,C1
apartarse,to move aside,移开,VERB,B2
aparte,apart,分开,ADV,B2
apartheid,apartheid,词,NOUN,C1
apelación,appeal,呼吁,NOUN,B2
apelante,appellant,上诉人,NOUN,B2
apellido,surname,姓氏,NOUN,B2
apenado,sad sorrowful,悲伤,ADJ,B2
apertura de ofertas,bid opening,开标,NOUN,B2
aphasia,aphasia,失语症,NOUN,B2
apiary,apiary,词,NOUN,B2
apio,celery,芹菜,NOUN,B2
aplastamiento,smashing,砸过,NOUN,B2
aplastar,to smash,粉碎,VERB,B2
aplaudir,to clap,拍手,VERB,B2
aplicabilidad,applicability,适用性,NOUN,B2
aplicabilidad universal,universal applicability,普适性,NOUN,B2
aplicar un yeso,to apply a cast,打石膏,VERB,B2
apnea,apnea,词,NOUN,C1
apocalypse,apocalypse,词,NOUN,C1
apocalyptic,apocalyptic,启示录的,ADJ,B2
apocryphal,apocryphal,杜撰的,ADJ,B2
apodictic,apodictic,确证的,ADJ,B2
apogee,apogee,词,NOUN,C1
apolitical,apolitical,非政治的,ADJ,B2
apologies,apologies,词,NOUN,B1
apology for disrespect,apology for disrespect,失敬……,NOUN,B2
apophatic,apophatic,词,ADJ,C1
apophthegm,apophthegm,词,NOUN,C1
aporetic,aporetic,词,ADJ,C1
aporia,aporia,词,NOUN,B2
apostar,gamble,赌博,NOUN,B2
apostar,to gamble,赌博,VERB,B2
apostasía,apostasy,叛教,NOUN,B2
apostle,apostle,词,NOUN,C1
apostrophize,apostrophize,词,VERB,C1
apoyante,supporter,支持者,NOUN,B2
apoyar,to prop,撑,VERB,B2
apoyar,to support,支持,VERB,B2
app,app,词,NOUN,B1
appall,appall,词,VERB,C1
appalling,appalling,词,ADJ,C1
apparel,apparel,词,NOUN,C1
apparent,apparent,词,ADJ,C1
appeals,appeals,词,NOUN,C1
appeasement,appeasement,平息,NOUN,B2
appellate,appellate,词,ADJ,C1
append,append,词,VERB,C1
appertain,appertain,词,VERB,C1
appetizers,appetizers,词,NOUN,B2
appliance,appliance,词,NOUN,B1
applicable,applicable,适用的,ADJ,B2
appointments,appointments,词,NOUN,B2
apportion,apportion,词,VERB,C1
appraisal,appraisal,估价,NOUN,C1
approachable,approachable,词,ADJ,C1
appropriate fitting,appropriate fitting,恰当,ADJ,C1
appropriateness,appropriateness,词,NOUN,C1
appropriation,appropriation,挪用,NOUN,B2
approval pleasure,approval pleasure,词,NOUN,C1
approved,approved,词,ADJ,C1
approx.,approx.,词,ADV,C1
approximate,approximate,近似的,ADJ,B2
apreciación,appreciation,欣赏,NOUN,B2
aprendiz,apprentice,学徒,NOUN,B2
aprendizaje,apprenticeship,学徒期,NOUN,B2
apresurado,hasty,仓促的,ADJ,B2
apresurarse,rush,赶往,NOUN,B2
apresurarse,to rush,冲,VERB,B2
apretado,tight,紧的,ADJ,B2
apretar,to tighten,紧握/收紧,VERB,B2
april,april,四月,NOUN,B2
aprovechar la experiencia de,to draw on the experience of,借鉴,VERB,B2
aproximadamente,approximately,大约,ADV,B2
aproximadamente,roughly,大约,ADV,B2
apt,apt,词,ADJ,C1
aptitud,fitness,健康,NOUN,B2
apuesta,bet,打赌,NOUN,B2
apuntar,aim,目标,NOUN,B2
apuntar,target,目标,NOUN,B2
apuntar,to aim,瞄准,VERB,B2
apuntar,to target,针对,VERB,B2
apuro,plight,处境,NOUN,B2
aquatic,aquatic,词,ADJ,C1
aqueduct,aqueduct,词,NOUN,C1
aqueous,aqueous,词,ADJ,B2
aquí,here,此地,NOUN,B2
arabic,arabic,阿拉伯的,ADJ,B2
arabization,arabization,阿拉伯化,NOUN,C1
arabized word,arabized word,词,NOUN,C1
arable land,arable land,耕地,NOUN,C1
arado,plowing,犁地,NOUN,B2
arbitrage,arbitrage,词,NOUN,C1
arbitraje social,social arbitration,社会仲裁,NOUN,B2
arbitral,arbitral,词,ADJ,C1
arbitrarily,arbitrarily,词,ADV,C1
arbitrariness,arbitrariness,词,NOUN,C1
arbitrary (adv),arbitrary,任意,ADV,B2
arbitrator,arbitrator,仲裁人,NOUN,C1
arbusto,bush,灌木,NOUN,B2
archaeologist,archaeologist,词,NOUN,C1
archbishop,archbishop,词,NOUN,B2
archenemy,archenemy,宿敌,NOUN,C1
archeology,archeology,词,NOUN,C1
archer,archer,神射,NOUN,C1
archery,archery,射箭,NOUN,C1
archipelago,archipelago,群岛,NOUN,B2
architecture photo,architecture photo,建筑照,NOUN,B2
archival,archival,词,ADJ,C1
archived,archived,词,ADJ,C1
archives,archives,词,NOUN,C1
archiving,archiving,词,NOUN,B2
archivo,archive,档案,NOUN,B2
arcilla,clay,黏土,NOUN,B2
arco,arc,弧,NOUN,B2
arco,arch,拱门,NOUN,B2
arcoíris,rainbow,彩虹,NOUN,B2
ardent blazing,ardent blazing,词,ADJ,C1
ardent grief,ardent grief,词,NOUN,C1
ardent longing,ardent longing,词,NOUN,C1
ardiente,burning,灼热的,ADJ,B2
arena,arena,竞技场,NOUN,B2
argan,argan,词,NOUN,B1
argentinian,argentinian,阿根廷的,ADJ,B2
arguable,arguable,词,ADJ,C1
argumentación,argumentation,论证体系,NOUN,B2
argumentative,argumentative,词,ADJ,C1
argumentativeness,argumentativeness,词,NOUN,C1
argumento,argument,争论,NOUN,B2
ariete,ram,公羊,NOUN,B2
aristocratic,aristocratic,词,ADJ,C1
arithmetic (adj),arithmetic,词,ADJ,C1
arithmetic (noun),arithmetic,词,NOUN,C1
arma homicida,murder weapon,凶器,NOUN,B2
armado,armed,武装的,ADJ,B2
armament,armament,词,NOUN,B2
armario,closet,壁橱,NOUN,B2
armband,armband,词,NOUN,C1
armed force,armed force,词,NOUN,C1
armed forces,armed forces,三军,NOUN,C1
armonioso,harmonious,和谐的,ADJ,B2
armonización,harmonization,协调,NOUN,B2
armored,armored,词,ADJ,C1
armorer,armorer,,NOUN,B2
army escort,army escort,随军,NOUN,C1
army morale,army morale,军心,NOUN,B2
aroma celestial,heavenly fragrance,天香,NOUN,B2
aromatic,aromatic,词,ADJ,C1
around,around,到处,ADV,B2
around at,around at,词,ADP,A2
around the,around the,词,ADP,B1
arousal,arousal,词,NOUN,C1
arpa,harp,竖琴,NOUN,B2
arqueología,archaeology,考古学,NOUN,B2
arqueológico,archaeological,考古的,ADJ,B2
arquitectura,architecture,建筑,NOUN,B2
arquitectónico,architectural,建筑的,ADJ,B2
arraign,arraign,词,VERB,C1
arrancar,to wrest,强行夺取,VERB,B2
arranged,arranged,词,ADJ,B2
arrangement of ideas,arrangement of ideas,层次,NOUN,B2
arrastrar,to carry forward,发扬,VERB,B2
array,array,排列,NOUN,B2
arreglárselas,to make do,做,VERB,B2
arrepentimiento,repentance,悔恨,NOUN,B2
arrepentirse,to repent,悔改,VERB,B2
arrest warrant,arrest warrant,词,NOUN,C1
arrested,arrested,被逮捕的,ADJ,B2
arrhythmia,arrhythmia,词,NOUN,C1
arriba,above,在...之上,ADP,B2
arriesgar,to risk life,拼命,VERB,B2
arrived present,arrived present,到了,ADV,B2
arrogance vanity,arrogance vanity,傲慢/虚荣,NOUN,B2
arrogate,arrogate,词,VERB,C1
arrow wound,arrow wound,箭伤,NOUN,B1
arrowhead,arrowhead,茨菇,NOUN,C1
arroyo,brook,小溪,NOUN,B2
arroz,rice,米饭,NOUN,B2
arroz cocido,cooked rice,米饭,NOUN,B2
arsenal,arsenal,军火库,NOUN,B2
arson,arson,纵火,NOUN,B2
art collection,art collection,画集,NOUN,C1
arterial,arterial,词,ADJ,C1
artesano,craftsman,工匠,NOUN,B2
artesanía,craftsmanship,手工艺,NOUN,B2
artesanía,handicraft,工艺品,NOUN,B2
artful,artful,词,ADJ,C1
artfully,artfully,词,ADV,C1
artichoke,artichoke,词,NOUN,B1
articles,articles,词,NOUN,C1
articular,articular,词,ADJ,C1
articulation,articulation,清晰表达,NOUN,B2
artificial,artificial,人造的,ADJ,B2
artificial intelligence,artificial intelligence,人工智能,NOUN,B2
artificially,artificially,人为地,ADV,B2
artillery,artillery,炮兵,NOUN,B2
artistic,artistic,艺术的,ADJ,B2
artistry,artistry,,NOUN,B2
artless,artless,词,ADJ,C1
artwork,artwork,艺术品,NOUN,B2
arándano,blueberry,蓝莓,NOUN,B2
as (cconj),as,词,CCONJ,B1
as (noun),as,词,NOUN,B2
as (sconj),as,如同,SCONJ,A1
as a precaution,as a precaution,词,ADV,C1
as a result of which,as a result of which,由此,ADV,B2
as before,as before,依旧,ADV,B2
as early as possible,as early as possible,趁早,ADV,C1
as everyone knows,as everyone knows,众所周知,ADJ,B2
as expected,as expected,果然,ADV,B2
as far as,as far as,就……而言,ADV,B2
as for (adp),as for,至于,ADP,B2
as for (adv),as for,词,ADV,B1
as for (part),as for,词,PART,B1
as if,as if,好像,SCONJ,B2
as long as,as long as,只要,SCONJ,B2
as many,as many,一样多,NUM,B2
as much,as much,词,ADV,A1
as much as possible,as much as possible,尽可能,ADV,B2
as possible,as possible,尽可能地,ADV,B2
as quickly as possible,as quickly as possible,尽快,ADV,B2
as soon as,as soon as,一...就,SCONJ,B2
as soon as (adv),as soon as,一...就,ADV,B2
as soon as possible,as soon as possible,词,ADV,C1
as that who,as that who,词,PRON,A2
as usual,as usual,照常,ADV,B1
as well as,as well as,以及,CCONJ,B2
as well as (sconj),as well as,词,SCONJ,B2
as when,as when,词,SCONJ,A1
asado,roast,烤肉,NOUN,B2
asar,to roast lamb,烤羊,VERB,B2
asbestos,asbestos,词,NOUN,C1
ascend,to ascend,上升,VERB,B2
ascending,ascending,词,ADJ,C1
ascension,ascension,升天,NOUN,B2
ascertain,ascertain,词,VERB,C1
ascetic (noun),ascetic,词,NOUN,C1
asesino,killer,杀手,NOUN,B2
asesino en serie,serial killer,连环杀手,NOUN,B2
asesoramiento,counseling,咨询,NOUN,B2
asexual,asexual,无性的,ADJ,B2
asfixia,suffocation,窒息,NOUN,B2
asfixiar,to suffocate,窒息,VERB,B2
asharite school,asharite school,词,NOUN,C1
ashes,ashes,词,NOUN,B2
ashore,ashore,词,ADV,C1
ashtray,ashtray,烟灰缸,NOUN,B2
asian,asian,亚洲的,ADJ,B2
aside (noun),aside,词,NOUN,C1
asiento trasero,back seat,后座,NOUN,B2
asignación,allowance,津贴,NOUN,B2
asignación individual,individual assignment,个人作业,NOUN,B2
asinine,asinine,词,ADJ,C1
asir,to grasp firmly,抓紧,VERB,B2
asleep,asleep,词,ADJ,A2
asociación,partnership,伙伴关系,NOUN,B2
asombro,amazement,惊愕,NOUN,B2
asombro,awe,敬畏,NOUN,B2
aspect,aspect,方面,NOUN,B2
aspect particle action in progress,aspect particle action in progress,着,PART,A1
aspersion,aspersion,词,NOUN,C1
asphalt,asphalt,沥青,NOUN,B2
asphyxia,asphyxia,窒息,NOUN,B2
aspirant,aspirant,词,NOUN,C1
aspiration,aspiration,抱负,NOUN,B2
ass,ass,驴,NOUN,B2
assail,assail,词,VERB,C1
assailant,assailant,词,NOUN,C1
assassin,assassin,刺客,NOUN,B2
assassinate,to assassinate,暗杀,VERB,B2
assassination,assassination,暗杀,NOUN,B2
assertiveness,assertiveness,果断,NOUN,C1
assess,to assess,评估,VERB,B2
assessment,assessment,评估,NOUN,B2
asset,asset,资产,NOUN,B2
assets,assets,资产,NOUN,B2
asshole,asshole,词,NOUN,A2
assiduity,assiduity,词,NOUN,B2
assiduous,assiduous,勤勉的,ADJ,B2
assiduous application,assiduous application,词,NOUN,C1
assiduously,assiduously,词,ADV,C1
assiduousness,assiduousness,词,NOUN,C1
assignment,assignment,任务,NOUN,B2
assistance,assistance,援助,NOUN,B2
associated,associated,相关的,ADJ,B2
associative,associative,协会性质的,ADJ,C1
assort,assort,词,VERB,C1
assortment,assortment,词,NOUN,C1
assuage,assuage,词,VERB,C1
assume office,to assume office,就任,VERB,B2
assumption,assumption,假设,NOUN,B2
assure,to assure,保证,VERB,B2
asteroid,asteroid,小行星,NOUN,B2
asthenia,asthenia,词,NOUN,C1
asthma,asthma,哮喘,NOUN,B2
asthmatic,asthmatic,哮喘的,ADJ,B2
astonish,to astonish,使惊讶,VERB,B2
astonishing,astonishing,令人惊讶的,ADJ,B2
astonishing amazing,astonishing amazing,惊人,ADJ,C1
astonishment,astonishment,惊讶,NOUN,B2
astound,astound,词,VERB,C1
astounding,astounding,词,ADJ,C1
astray,astray,迷路,ADJ,B2
astride (adp),astride,词,ADP,C1
astringent (adj),astringent,词,ADJ,C1
astronomer,astronomer,词,NOUN,B1
astronomical,astronomical,天文学的,ADJ,B2
astucia,cunning,诡计,NOUN,B2
astucia,slyness,狡猾,NOUN,B2
astute,astute,精明的,ADJ,B2
asumir,to take over,接管,VERB,B2
asunto,affair,事务,NOUN,B2
asustado,scared,害怕的,ADJ,B2
asylum seeker,asylum seeker,寻求庇护者,NOUN,B2
asymmetrical,asymmetrical,不对称的,ADJ,B2
asymptomatic,asymptomatic,词,ADJ,C1
asynchronous,asynchronous,异步的,ADJ,B2
asyndeton,asyndeton,连词省略,NOUN,B2
así,thus,因此,ADV,B2
así,that way,那样,PRON,B2
así,this way,这样,PRON,B2
at,at,在,ADP,B2
at all,at all,根本,ADV,B2
at all absolutely,at all absolutely,根本/绝对,ADV,C1
at any time,at any time,随时,ADV,B2
at ease,at ease,安心,ADJ,B2
at home (noun),at home,家里,NOUN,C1
at it,at it,靠近,ADV,B2
at length,at length,词,ADV,B2
at long last,at long last,总算,ADV,B1
at most,at most,词,ADV,C1
at night,at night,夜间,ADV,B2
at noon,at noon,词,ADV,A1
at on,at on,词,ADP,A1
at once,at once,立刻,ADV,B2
at someone's invitation,at someone's invitation,应邀,ADV,C1
at the,at the,在...时,ADP,B2
at the appointed time,at the appointed time,届时,ADV,B2
at the back,at the back,在后面,ADV,B2
at the beginning,at the beginning,词,ADV,C1
at the bottom,at the bottom,在底部,ADV,B2
at the earliest possible time,at the earliest possible time,及早,ADV,B2
at the home of,at the home of,词,ADP,A1
at the instant sth happens,at the instant sth happens,临时,ADV,B2
at the latest,at the latest,词,ADV,C1
at the present time,at the present time,目前,ADV,B1
at the top,at the top,在最上面,ADV,B2
at will,at will,任由,NOUN,B2
at with,at with,在...处,ADP,A2
at worst,at worst,大不了,ADV,B2
atacante,attacker,攻击者,NOUN,B2
atado,bound,一定的,ADJ,B2
atajo,shortcut,捷径,NOUN,B2
ataque difícil,difficult attack,难攻,NOUN,B2
atar,to tie up,绑,VERB,B2
ataraxia,ataraxia,词,NOUN,C1
ataxia,ataxia,共济失调,NOUN,B2
atender,to pay attention,注意,VERB,B2
atesorar,to cherish,珍爱,VERB,B2
atestiguar,to witness,目击,VERB,B2
atheism,atheism,无神论,NOUN,B2
atheistic,atheistic,无神论的,ADJ,B2
athletic,athletic,运动的,ADJ,B2
athletics,athletics,词,NOUN,C1
atm,atm,自动取款机,NOUN,B2
atmospheric,atmospheric,大气的,ADJ,B2
atomic bomb,atomic bomb,词,NOUN,B1
atomic nucleus,atomic nucleus,原子核,NOUN,B2
atony,atony,词,NOUN,C1
atracción,attraction,吸引力,NOUN,B2
atraso,arrears,欠款,NOUN,B2
atravesar,to go through,经历,VERB,B2
atravesar,to see through,看穿,VERB,B2
atributo,attribute,属性,NOUN,B2
atrocious,atrocious,词,ADJ,C1
atrophy,atrophy,萎缩,NOUN,B2
atrás,backwards,向后,ADV,B2
attache office,attache office,词,NOUN,C1
attacked,attacked,被攻击的,ADJ,B2
attainment,attainment,词,NOUN,C1
attempt at crime,attempt at crime,词,NOUN,C1
attempted murder,attempted murder,谋杀未遂,NOUN,B2
attend as a non-voting delegate,attend as a non-voting delegate,列席,VERB,C1
attention,attention,立正,INTJ,B2
attentive listening,attentive listening,专注倾听,NOUN,C1
attentively,attentively,词,ADV,C1
attentiveness,attentiveness,用心,NOUN,C1
attenuation,attenuation,衰减,NOUN,C1
attestation,attestation,词,NOUN,C1
attitude setting,attitude setting,态度/设置,NOUN,B2
attractiveness,attractiveness,吸引力,NOUN,B2
attributists,attributists,词,NOUN,C1
attributive,attributive,定语的,ADJ,B2
atípico,atypical,非典型的,ADJ,B2
atómico,atomic,原子的,ADJ,B2
audibility,audibility,词,NOUN,C1
audible,audible,听得见的,ADJ,B2
audio,audio,词,NOUN,B2
audio equipment,audio equipment,音响,NOUN,B2
audiovisual,audiovisual,视听的,ADJ,B2
auditor,auditor,审计员,NOUN,B2
auditory,auditory,词,ADJ,C1
auditoría,audit,审计,NOUN,B2
auferziehung,auferziehung,词,NOUN,C1
aufforderung,aufforderung,词,NOUN,B2
aufgabe,aufgabe,词,NOUN,C1
aufgestaltung,aufgestaltung,词,NOUN,B2
aufkunft,aufkunft,词,NOUN,C1
aufnahme,aufnahme,词,NOUN,C1
aufpflegung,aufpflegung,词,NOUN,C1
aufregelung,aufregelung,词,NOUN,C1
aufrichtung,aufrichtung,词,NOUN,B2
aufschaft,aufschaft,词,NOUN,C1
aufschrift,aufschrift,词,NOUN,C1
aufsetzung,aufsetzung,词,NOUN,C1
aufsicht,aufsicht,词,NOUN,C1
aufsinnung,aufsinnung,词,NOUN,C1
aufsprache,aufsprache,词,NOUN,C1
aufsucht,aufsucht,词,NOUN,C1
aufsuchung,aufsuchung,词,NOUN,C1
aufteilung,aufteilung,词,NOUN,C1
auftheilung,auftheilung,词,NOUN,C1
auftreibung,auftreibung,词,NOUN,C1
aufwandel,aufwandel,词,NOUN,C1
aufweisung,aufweisung,词,NOUN,B2
aufwirkung,aufwirkung,词,NOUN,C1
augment,augment,词,VERB,C1
augmentation,augmentation,词,NOUN,C1
augmented reality,augmented reality,增强现实,NOUN,C1
augury,augury,词,NOUN,C1
aullar,to wail,哀号,VERB,B2
aumentar constantemente,to increase steadily,与日俱增,VERB,B2
aumento diario,daily increase,日渐,NOUN,B2
auriculares,headphones,耳机,NOUN,B2
auserziehung,auserziehung,词,NOUN,C1
ausfahrt,ausfahrt,词,NOUN,B2
ausfassung,ausfassung,词,NOUN,C1
ausforderung,ausforderung,词,NOUN,B2
ausgabe,ausgabe,词,NOUN,C1
ausgestaltung,ausgestaltung,词,NOUN,B2
auskunft,auskunft,词,NOUN,C1
ausnahme,ausnahme,词,NOUN,C1
auspflegung,auspflegung,词,NOUN,C1
auspicious,auspicious,词,ADJ,C1
auspicious month,auspicious month,吉月,NOUN,C1
auspicious time,auspicious time,令辰,NOUN,C1
ausregelung,ausregelung,词,NOUN,C1
ausrichtung,ausrichtung,词,NOUN,C1
ausschaft,ausschaft,词,NOUN,C1
ausschrift,ausschrift,词,NOUN,B2
aussetzung,aussetzung,词,NOUN,B2
aussicht,aussicht,词,NOUN,C1
aussinnung,aussinnung,词,NOUN,B2
aussucht,aussucht,词,NOUN,B2
aussuchung,aussuchung,词,NOUN,B2
austeilung,austeilung,词,NOUN,C1
austeridad,austerity,紧缩,NOUN,B2
austheilung,austheilung,词,NOUN,C1
australian,australian,澳大利亚的,ADJ,B2
austreibung,austreibung,词,NOUN,C1
austrian,austrian,奥地利的,ADJ,B2
auswandel,auswandel,词,NOUN,B2
ausweisung,ausweisung,词,NOUN,B2
autarchy,autarchy,词,NOUN,C1
autenticación,authentication,认证,NOUN,B2
authenticated,authenticated,词,ADJ,C1
authoritarianism,authoritarianism,词,NOUN,C1
authoritative,authoritative,权威的,ADJ,B2
authority figure,authority figure,权威人士,NOUN,B2
authority structure,authority structure,权威结构,NOUN,B2
autism,autism,自闭症,NOUN,B2
autistic (adj),autistic,词,ADJ,C1
autistic (noun),autistic,词,NOUN,C1
autobiografía,autobiography,自传,NOUN,B2
autobiographical,autobiographical,词,ADJ,C1
autocaravana,motorhome,露营车,NOUN,B2
autoconfianza,self-confidence,自信,NOUN,B2
automatización,automation,自动化,NOUN,B2
automatizado,automated,自动化的,ADJ,B2
automatizar,to automate,使自动化,VERB,B2
automáticamente,automatically,自动地,ADV,B2
automático,automatic,自动的,ADJ,B2
autonomous,autonomous,自治的,ADJ,B2
autonomy,autonomy,自治,NOUN,B2
autorizado,authorized,有资格的,ADJ,B2
autosacrificio,self-sacrifice,舍己,NOUN,B2
autumn start,autumn start,立秋,NOUN,C1
autumnal,autumnal,词,ADJ,C1
auxiliary,auxiliary,词,ADJ,C1
avail,avail,词,NOUN,C1
avance,breakthrough,突破,NOUN,B2
avarice,avarice,词,NOUN,C1
avaricious,avaricious,词,ADJ,C1
avellana,hazelnut,榛子,NOUN,B2
avenida,avenue,大道,NOUN,B2
aver,aver,词,VERB,C1
average,average,平均数,NOUN,B2
averageness,averageness,平庸,NOUN,B2
avergonzar,to shame,使羞愧,VERB,B2
averse,averse,厌恶的,ADJ,B2
avert,avert,词,VERB,C1
avería,malfunction,故障,NOUN,B2
aves de corral,poultry,家禽,NOUN,B2
avión,airplane,飞机,NOUN,B2
avocado,avocado,牛油果,NOUN,C1
avoidable,avoidable,可避免的,ADJ,B2
avow,avow,词,VERB,C1
award auction,award auction,裁定 / 拍卖,NOUN,B2
award ceremony,award ceremony,颁奖典礼,NOUN,B2
awarding,awarding,词,NOUN,C1
awareness raising,awareness raising,提高意识,NOUN,B2
away,away,避开,ADP,B2
away (adj),away,外出,ADJ,C1
away gone,away gone,不在/离开,ADV,B2
awe-inspiring,awe-inspiring,词,ADJ,C1
awesome,awesome,词,ADJ,A2
awful,awful,糟糕的,ADJ,B2
awkwardness,awkwardness,尴尬,NOUN,C1
awl,awl,词,NOUN,B2
awning,awning,词,NOUN,B2
axiological,axiological,词,ADJ,C1
axiology,axiology,词,NOUN,C1
axioma,axiom,公理,NOUN,B2
axiomatic,axiomatic,公理的,ADJ,B2
axioms,axioms,词,NOUN,C1
axis axle,axis axle,词,NOUN,C1
ay,alas,唉,INTJ,B2
ay,ouch,哎哟,INTJ,B2
ayuda,go help,去帮,NOUN,B2
ayuda mutua,mutual aid,互助,NOUN,B2
ayudar,to help assistance,帮助,VERB,B2
ayunar,to fast,禁食,VERB,B2
ayuno,fasting,禁食,NOUN,B2
aéreo,aerial,航空的,ADJ,B2
ba zi,ba zi,八字,NOUN,B2
babble of voices,babble of voices,词,NOUN,B1
baby bottle,baby bottle,奶瓶,NOUN,C1
baby walker,baby walker,词,NOUN,B1
baccalaureate,baccalaureate,词,NOUN,B2
bachelor (adj),bachelor,词,ADJ,A2
back mountain,back mountain,后山,NOUN,C1
back side,back side,背面,NOUN,B2
back then,back then,词,ADV,A1
back way,back way,词,NOUN,B1
back-and-forth,back-and-forth,来来回回,NOUN,B2
backache,backache,背痛,NOUN,B2
backdrop,backdrop,背景,NOUN,B2
backfire,backfire,词,VERB,C1
backpacker,backpacker,词,NOUN,B1
backside,backside,臀部,NOUN,B2
backslide,backslide,词,VERB,C1
backward,backward,向后,ADV,B2
backyard,backyard,后院,NOUN,B2
bacon bit,bacon bit,词,NOUN,B1
bacteria,bacteria,细菌,NOUN,B2
bactericide,bactericide,杀菌剂,NOUN,C1
bad (noun),bad,词,NOUN,B2
bad guy,bad guy,坏蛋,NOUN,B2
bad person,bad person,坏人,NOUN,B2
badger,badger,词,NOUN,C1
baffle,baffle,词,VERB,C1
bags,bags,包,NOUN,B2
bailiff,bailiff,法警,NOUN,B2
bajo,under,在...下面,ADP,B2
bakery,bakery,词,NOUN,A2
balance of power,balance of power,均势,NOUN,C1
balance sheet,balance sheet,资产负债表,NOUN,B2
balancear,to sway,摇摆,VERB,B2
balancing,balancing,平衡的,ADJ,B2
baldness,baldness,词,NOUN,B2
baldosa,tile,瓦片,NOUN,B2
baldosado,tiling,铺瓷砖,NOUN,B2
bale,bale,词,NOUN,C1
balk,balk,词,VERB,C1
ballad,ballad,词,NOUN,C1
ballet,ballet,芭蕾舞,NOUN,B2
ballot,ballot,选票,NOUN,B2
ballot boxes,ballot boxes,词,NOUN,C1
ballroom dance,ballroom dance,交谊舞,NOUN,C1
balm,balm,香脂,NOUN,B2
balsam,balsam,香脂,NOUN,B2
bamboo,bamboo,竹子,NOUN,B1
bamboo forest,bamboo forest,竹林,NOUN,B2
bamboo shoot,bamboo shoot,竹笋,NOUN,B2
ban (noun),ban,ban,NOUN,B2
banal,banal,陈腐的,ADJ,B2
bananas,bananas,词,NOUN,A1
band tape,band tape,带子,NOUN,B2
band volume,band volume,词,NOUN,C1
bandada,flock,兽群,NOUN,B2
bandaging,bandaging,词,NOUN,C1
bandeja,tray,托盘,NOUN,B2
bandwidth,bandwidth,词,ADJ,C1
bang,bang,砰,INTJ,B2
banishment,banishment,流放,NOUN,B2
banister,banister,词,NOUN,C1
bank card,bank card,银行卡,NOUN,B2
banking,banking,银行的,ADJ,B2
banknote,banknote,钞票,NOUN,B2
bankrupt,bankrupt,破产的,ADJ,B2
banner headline,banner headline,词,NOUN,C1
banquet,banquet,宴会,NOUN,B2
banquete de agradecimiento,appreciation banquet,答谢宴,NOUN,B2
banter,banter,戏谑,NOUN,B2
bao,steamed stuffed bun,包子,NOUN,B2
baptism,baptism,词,NOUN,B2
baptized,baptized,受洗的,ADJ,B2
bar,bar,酒吧,NOUN,B2
bar,pub,酒吧,NOUN,B2
bar of soap,bar of soap,词,NOUN,B2
barbaric,barbaric,野蛮的,ADJ,B2
barbarization,barbarization,野蛮化,NOUN,B2
barbecue,barbecue,烧烤,NOUN,B2
barber,barber,词,NOUN,A2
barcode,barcode,条形码,NOUN,C1
bare,bare,赤裸的,ADJ,B2
bare ownership,bare ownership,虚有权,NOUN,B2
bareheaded,bareheaded,词,ADJ,C1
bargaining,bargaining,词,NOUN,C1
barking,barking,词,NOUN,B2
barley,barley,大麦,NOUN,B2
baron,baron,词,NOUN,B2
baroness,baroness,女男爵,NOUN,B2
barracks,barracks,兵营,NOUN,B2
barrage,barrage,词,NOUN,C1
barrel,barrel,桶,NOUN,B2
barren,barren,词,ADJ,C1
barrenness,barrenness,词,NOUN,C1
barrido,sweep,扫,NOUN,B2
barter (noun),barter,词,NOUN,C1
barter (verb),barter,词,VERB,C1
basal,basal,基本的,ADJ,B2
base,base,基础,NOUN,B2
base de datos,database,数据库,NOUN,B2
base fertilizer,base fertilizer,基肥,NOUN,B2
baseball,baseball,棒球,NOUN,B2
based,based,基于,ADJ,B2
basement,basement,地下室,NOUN,B2
baseness,baseness,卑鄙,NOUN,B2
bash,bash,词,VERB,C1
bashful,bashful,词,ADJ,B2
bashfulness,bashfulness,词,NOUN,C1
basic attitude,basic attitude,词,NOUN,C1
basic essential,basic essential,词,ADJ,B1
basic income,basic income,基本收入,NOUN,B2
basically,basically,基本上,ADV,B2
basil,basil,罗勒,NOUN,B2
basin,basin,盆,NOUN,B2
basing,basing,词,NOUN,C1
bask,bask,词,VERB,C1
basketball,basketball,篮球,NOUN,B2
bass,bass,贝斯,NOUN,B2
bastante,rather,相当,ADV,B2
baste,baste,词,VERB,C1
bat,bat,蝙蝠,NOUN,B2
bath,bath,洗澡,NOUN,B2
bath attendant,bath attendant,词,NOUN,C1
bath mat,bath mat,浴垫,NOUN,C1
bath scrubber,bath scrubber,词,NOUN,C1
bath towel,bath towel,浴巾,NOUN,C1
bathe,to bathe,洗澡,VERB,B2
bathrobe,bathrobe,词,NOUN,A2
bathtub,bathtub,浴缸,NOUN,B2
baton,baton,警棍,NOUN,B2
batter,batter,词,NOUN,C1
battle cry,battle cry,喊打,NOUN,C1
battle none,battle none,战无,NOUN,C1
battlefield,battlefield,战场,NOUN,B2
bawdiness,bawdiness,词,NOUN,C1
bawl,bawl,词,VERB,C1
bayberry,bayberry,杨梅,NOUN,B2
be,be,是,AUX,B2
be able,to be able,能,VERB,B2
be able to,be able to,能,AUX,B2
be absent,to be absent,缺席,VERB,B2
be addicted,to be addicted,上瘾,VERB,B2
be allowed,be allowed,允许,AUX,B2
be ashamed,to be ashamed,感到羞愧,VERB,B2
be assassinated,be assassinated,遇刺,VERB,C1
be brave,to be brave,勇善,VERB,B2
be called,to be called,叫做,VERB,B2
be crushed,be crushed,词,VERB,C1
be damaged,to be damaged,受损,VERB,B2
be defeated,to be defeated,会败,VERB,B2
be hospitalized,be hospitalized,住院,VERB,C1
be in prison,be in prison,坐牢,VERB,B2
be patient,be patient,词,VERB,A1
be quiet,be quiet,词,VERB,A1
be rumored,be rumored,词,VERB,C1
be shot,be shot,中弹,VERB,C1
be sorry,be sorry,抱歉,ADJ,B2
be tender,be tender,温柔的,ADJ,B2
beak,beak,词,NOUN,B2
bean sprout,bean sprout,豆芽,NOUN,C1
beanie,beanie,词,NOUN,A2
beans,beans,词,NOUN,A1
beaten,beaten,被打败的,ADJ,B2
beatitude,beatitude,至福,NOUN,B2
beaver,beaver,词,NOUN,C1
beca,scholarship,奖学金,NOUN,B2
because (cconj),because,词,CCONJ,A2
because of this,because of this,词,ADV,A2
becerro,calf,小腿,NOUN,B2
beckon,beckon,词,VERB,C1
become,become,成为,AUX,B2
becoming,becoming,词,NOUN,C1
bed sheet,bed sheet,床单,NOUN,C1
bedchamber,bedchamber,寝宫,NOUN,C1
bedsheet,bedsheet,床单,NOUN,B2
bedside,bedside,词,NOUN,C1
beef,beef,词,NOUN,A1
beehive,beehive,词,NOUN,C1
beeping,beeping,词,NOUN,C1
beerziehung,beerziehung,词,NOUN,C1
befahrt,befahrt,词,NOUN,C1
befall,befall,词,VERB,C1
befassung,befassung,词,NOUN,C1
befit,befit,词,VERB,C1
beforderung,beforderung,词,NOUN,C1
before (noun),before,以前,NOUN,A1
before one's eyes,before one's eyes,词,ADV,C1
before previously,before previously,以前,ADV,B2
before that,before that,词,ADV,B1
befuddle,befuddle,词,VERB,C1
beg for pity,beg for pity,乞怜,VERB,B2
begabe,begabe,词,NOUN,C1
begestaltung,begestaltung,词,NOUN,C1
beginning primer,beginning primer,词,NOUN,C1
begrudge,begrudge,词,VERB,C1
beguile,beguile,词,VERB,C1
behavioral,behavioral,词,ADJ,B2
behavioral pattern,behavioral pattern,词,NOUN,C1
beheading,beheading,按律当斩,NOUN,C1
behind (adp),behind,在后面,ADP,A1
behind (noun),behind,词,NOUN,B2
behind it,behind it,在后面,ADV,B2
behoove,behoove,词,VERB,C1
beile,heard beile,听说贝勒,NOUN,B2
being lost,being lost,词,NOUN,C1
being swept along,being swept along,词,NOUN,C1
bekunft,bekunft,词,NOUN,C1
belabor,belabor,词,VERB,C1
belated,belated,词,ADJ,C1
belatedly,belatedly,词,ADV,C1
belch,belch,词,VERB,C1
beleaguer,beleaguer,词,VERB,C1
belgian,belgian,比利时的,ADJ,B2
belgian (noun),belgian,比利时人,NOUN,C1
belie,belie,词,VERB,C1
belief creed,belief creed,词,NOUN,B2
belief in the afterlife,belief in the afterlife,词,NOUN,C1
believability,believability,词,NOUN,C1
belittling,belittling,词,NOUN,C1
bell tower,bell tower,词,NOUN,A2
below,below,下面,ADV,B2
below (adj),below,下面的,ADJ,B1
below (noun),below,词,NOUN,B2
bemoan,bemoan,词,VERB,C1
bemuse,bemuse,词,VERB,C1
benahme,benahme,词,NOUN,B2
bench seat,bench seat,词,NOUN,C1
bending,bending,弯曲,NOUN,C1
beneath,beneath,词,ADP,B2
beneficence,beneficence,词,NOUN,C1
beneficial,beneficial,有益的,ADJ,B2
benevolencia,benevolence,仁慈,NOUN,B2
benignity,benignity,良性,NOUN,B2
bent,bent,弯的,ADJ,B2
bepflegung,bepflegung,词,NOUN,B2
bequest,bequest,词,NOUN,B2
berate,berate,词,VERB,C1
bereave,bereave,词,VERB,C1
bereaved,bereaved,词,ADJ,C1
bereavement leave,bereavement leave,丧假,NOUN,B2
beregelung,beregelung,词,NOUN,C1
berichtung,berichtung,词,NOUN,C1
berkeley coach,berkeley coach,,NOUN,B2
berlijns,berlijns,柏林的,ADJ,B2
berry,berry,词,NOUN,A1
berth,berth,泊位,NOUN,C1
beschaft,beschaft,词,NOUN,C1
beschrift,beschrift,词,NOUN,C1
beseech,beseech,词,VERB,C1
beset,beset,词,VERB,C1
besetzung,besetzung,词,NOUN,C1
besicht,besicht,词,NOUN,C1
beside,beside,在...旁边,ADP,B2
besides (adp),besides,之外,ADP,B2
besides (noun),besides,词,NOUN,B2
besides (part),besides,况,PART,A2
besieging,besieging,词,NOUN,C1
besinnung,besinnung,词,NOUN,C1
besmirch,besmirch,词,VERB,C1
besprache,besprache,词,NOUN,B2
best (adv),best,最好,ADV,A2
best (noun),best,最佳,NOUN,C1
best friend,best friend,最好的朋友,NOUN,B2
best possible,best possible,词,ADJ,C1
bestial,bestial,词,ADJ,C1
besucht,besucht,词,NOUN,C1
besuchung,besuchung,词,NOUN,B2
beteilung,beteilung,词,NOUN,B2
betheilung,betheilung,词,NOUN,C1
betray one's country,betray one's country,卖国,VERB,B2
betreibung,betreibung,词,NOUN,C1
betrothal gift,betrothal gift,聘,NOUN,C1
better (adv),better,词,ADV,A1
better (noun),better,越好,NOUN,B2
better-off,better-off,好过,NOUN,C1
between us,between us,词,ADP,B1
beverage,beverage,词,NOUN,B2
bewail,bewail,词,VERB,C1
bewandel,bewandel,词,NOUN,C1
beware,beware,词,VERB,C1
beweisung,beweisung,词,NOUN,C1
bewilder,bewilder,词,VERB,C1
bewirkung,bewirkung,词,NOUN,C1
bianzhong,bianzhong,编钟,NOUN,B2
bibliografía,bibliography,参考书目,NOUN,B2
bibliomaniac,bibliomaniac,词,NOUN,C1
bibliophily,bibliophily,词,NOUN,C1
bicameral,bicameral,两院制的,ADJ,B2
bickering,bickering,词,NOUN,C1
bicycle kick,bicycle kick,词,NOUN,B2
bicycle repairer,bicycle repairer,修车匠,NOUN,B2
bid,bid,出价,NOUN,B2
bid award,bid award,定标,NOUN,C1
bid awarding,bid awarding,定标会,NOUN,C1
bid rejection,bid rejection,废标,NOUN,C1
bid rigging,bid rigging,围标,NOUN,C1
bidding,bidding,竞标,NOUN,C1
bidding meeting,bidding meeting,竞标会,NOUN,C1
bids,bids,词,NOUN,C1
bien,alright,好的,ADV,B2
bien,good,خير,NOUN,B2
bienestar público,public welfare,公益性,NOUN,B2
biennial,biennial,词,NOUN,C1
bifurcation,bifurcation,词,NOUN,C1
big brother,big brother,哥哥,NOUN,B2
big cat,big cat,词,NOUN,C1
big data,big data,大数据,NOUN,B2
big dipper,big dipper,北斗七星,NOUN,B2
bigger,bigger,更大的,ADJ,B2
bigness,bigness,,NOUN,B2
bigotry,bigotry,词,NOUN,C1
bigwig,bigwig,大人物,NOUN,B2
bike basket,bike basket,车筐,NOUN,B2
bike helmet,bike helmet,自行车头盔,NOUN,B2
bike lane,bike lane,自行车道,NOUN,B2
bilateral,bilateral,双边的,ADJ,B2
bilingual,bilingual,词,ADJ,C1
bilingualism,bilingualism,词,NOUN,C1
bilk,bilk,词,VERB,C1
bill of exchange,bill of exchange,词,NOUN,C1
billar,billiards,台球,NOUN,B2
billion,billion,十亿,NUM,B2
billion (noun),billion,词,NOUN,B2
billionaire,billionaire,词,NOUN,C1
billow,billow,词,NOUN,C1
bin,bin,词,NOUN,B2
binder,binder,词,NOUN,A2
binding (adj),binding,词,ADJ,C1
bingo,bingo,词,NOUN,B2
binoculars,binoculars,双筒望远镜,NOUN,B2
biodiversidad,biodiversity,生物多样性,NOUN,B2
biografía,biography,传记,NOUN,B2
biographical,biographical,词,ADJ,C1
biographies,biographies,词,NOUN,C1
biologist,biologist,生物学家,NOUN,B2
biomasa,biomass,生物质,NOUN,B2
biotecnología,biotechnology,生物技术,NOUN,B2
bipartisan,bipartisan,词,ADJ,C1
bipartisanship,bipartisanship,词,NOUN,C1
birds,birds,词,NOUN,B1
birds chirping,birds chirping,词,NOUN,C1
birdsong,birdsong,词,NOUN,C1
birth rate,birth rate,词,NOUN,C1
birthday banquet,birthday banquet,寿宴,NOUN,C1
birthmark,birthmark,胎记,NOUN,B2
births,births,词,NOUN,C1
biscuit,biscuit,饼干,NOUN,A2
bisexual,bisexual,双性恋的,ADJ,B2
bistro,bistro,小酒馆,NOUN,B2
bit,bit,一点,NOUN,B2
bitch,bitch,母狗,NOUN,B2
bitter cold,bitter cold,严寒,NOUN,B2
bitter decision,bitter decision,痛下,NOUN,B2
bitter melon,bitter melon,苦瓜,NOUN,C1
bitter quarrel,bitter quarrel,词,NOUN,C1
bizarre (noun),bizarre,离奇,NOUN,C1
bizarre case,bizarre case,奇案,NOUN,B2
blab,blab,词,VERB,C1
black (noun),black,أسود,NOUN,C1
black pepper,black pepper,词,NOUN,B2
blackbird,blackbird,乌鸫,NOUN,B2
blackout,blackout,词,NOUN,C1
blacksmithing,blacksmithing,词,NOUN,B2
bladder,bladder,词,NOUN,B2
blade mountain,blade mountain,刀山,NOUN,B2
blah,blah,词,INTJ,C1
blanch,blanch,词,VERB,C1
blandish,blandish,词,VERB,C1
blandura excesiva,too soft,太软,NOUN,B2
blank,blank,词,ADJ,B1
blare,blare,词,NOUN,C1
blast,blast,词,NOUN,B1
blatant,blatant,词,ADJ,C1
blazing ardor,blazing ardor,词,NOUN,C1
bleak,bleak,无望的,ADJ,B2
bleeding,bleeding,流血的,ADJ,B2
blend,blend,词,VERB,B2
blender,blender,搅拌机,NOUN,B2
blending,blending,词,NOUN,C1
blight,blight,词,NOUN,C1
blind person,blind person,词,NOUN,B2
blindfold,blindfold,词,NOUN,C1
blindness,blindness,无眼,NOUN,C1
blinds,blinds,百叶窗,NOUN,C1
blindside,blindside,词,VERB,C1
blissful wellbeing,blissful wellbeing,词,NOUN,C1
blister,blister,词,NOUN,C1
bloat,bloat,词,VERB,C1
blockage,blockage,词,NOUN,B2
blockchain,blockchain,区块链,NOUN,C1
blocked,blocked,词,ADJ,A1
blockhead,blockhead,笨蛋,NOUN,B2
blocking,blocking,词,NOUN,B2
blog,blog,博客,NOUN,B2
blog post,blog post,词,NOUN,C1
blogger,blogger,词,NOUN,B2
blood flow,blood flow,血流,NOUN,C1
blood lipid,blood lipid,血脂,NOUN,C1
blood money,blood money,词,NOUN,C1
blood sugar,blood sugar,血糖,NOUN,B2
blood test,blood test,验血,NOUN,B2
blood then,blood then,血就,NOUN,C1
blood type,blood type,血型,NOUN,B2
blood-related,blood-related,词,ADJ,C1
bloodshed,bloodshed,血腥,NOUN,B2
bloodstain,bloodstain,沾血,NOUN,B2
bloodthirsty,bloodthirsty,嗜血的,ADJ,B2
bloom (noun),bloom,词,NOUN,C1
bloom of youth,bloom of youth,词,NOUN,C1
blooming,blooming,词,ADJ,C1
bloque,bloc,阵营,NOUN,B2
bloque,block,街区,NOUN,B2
bloquear,to blockade,封锁,VERB,B2
blossoming ripening,blossoming ripening,词,NOUN,C1
blow beating,blow beating,殴打,NOUN,B2
blow of fate,blow of fate,词,NOUN,C1
blowing sand,blowing sand,扬沙,NOUN,C1
blowout,blowout,爆胎,NOUN,B2
blubber,blubber,词,NOUN,C1
blue (noun),blue,词,NOUN,C1
blueprint,blueprint,词,NOUN,C1
blueprint diagram,blueprint diagram,词,NOUN,C1
blunt,blunt,词,ADJ,B2
bluntness,bluntness,直说,NOUN,B2
blurriness,blurriness,词,NOUN,C1
blurry,blurry,词,ADJ,B2
blurt,blurt,词,VERB,C1
blusa,blouse,女衬衫,NOUN,B2
bluster,bluster,词,VERB,C1
boarder,boarder,寄宿生,NOUN,B2
boarding,boarding,词,NOUN,C1
boarding pass,boarding pass,登机牌,NOUN,B2
boastfulness,boastfulness,吹嘘,NOUN,B2
boatman,boatman,船夫,NOUN,C1
bocado,mouthful,一口,NOUN,B2
bode,bode,词,VERB,C1
bodies,bodies,词,NOUN,C1
bodily harm,bodily harm,人身伤害,NOUN,B2
body temperature,body temperature,体温,NOUN,B2
bodywork,bodywork,车身,NOUN,B2
boggle,boggle,词,VERB,C1
boicotear,to boycott,抵制,VERB,B2
boiled,boiled,词,ADJ,B1
boiled water,boiled water,开水,NOUN,C1
boiling (adj),boiling,词,ADJ,C1
boldness daring,boldness daring,词,NOUN,B2
bolster (noun),bolster,词,NOUN,C1
bolster (verb),bolster,词,VERB,C1
bolstering,bolstering,词,NOUN,C1
bolt,bolt,词,NOUN,B2
bolígrafo,pen,钢笔,NOUN,B2
bomba,pump,泵,NOUN,B2
bombardment,bombardment,轰炸,NOUN,B2
bombast,bombast,词,NOUN,C1
bomber,bomber,词,NOUN,C1
bombástico,bombastic,夸大的,ADJ,B2
bondholder,bondholder,词,NOUN,C1
bonds,bonds,词,NOUN,C1
bone-setting,bone-setting,接骨,NOUN,C1
bonhomie,bonhomie,词,NOUN,C1
booking,booking,词,NOUN,A2
bookmark,bookmark,词,NOUN,B2
bookplate,bookplate,藏书票,NOUN,B2
books,books,书籍,NOUN,B2
bookseller,bookseller,词,NOUN,C1
bookshelf,bookshelf,书架,NOUN,B1
bookstore,bookstore,书店,NOUN,B2
boorish,boorish,词,ADJ,C1
border area,border area,词,NOUN,C1
border arrangement,border arrangement,边境安排,NOUN,B2
border check,border check,边境检查,NOUN,B2
border community,border community,边境社区,NOUN,B2
border control,border control,词,NOUN,C1
border frontier,border frontier,词,NOUN,B1
border guard,border guard,词,NOUN,C1
border legislation,border legislation,边境立法,NOUN,B2
border post,border post,边防哨所,NOUN,B2
border region,border region,边境地区,NOUN,B2
bordering,bordering,词,ADJ,C1
borders,borders,边界,NOUN,A1
born,born,出生的,ADJ,B2
born (noun),born,词,NOUN,B2
born (verb),born,词,VERB,A1
borrado,erasure,擦除,NOUN,B2
borrador,draft,草稿,NOUN,B2
borrador,eraser,橡皮擦,NOUN,B2
borrowed,borrowed,词,ADJ,C1
borrowed knife,borrowed knife,借刀,NOUN,B2
bosque,woodland,林地,NOUN,B2
boss female,boss female,词,NOUN,B2
boss manager,boss manager,词,NOUN,A1
botanical,botanical,词,ADJ,C1
botany,botany,词,NOUN,C1
both,both,两者,PRON,B2
both (adj),both,两者的,ADJ,B2
both (cconj),both,both,CCONJ,A2
both (noun),both,词,NOUN,B2
both ears,both ears,两耳,NOUN,C1
both eyes,both eyes,双眼,NOUN,B2
both parties,both parties,双方,NOUN,B1
bottle opener,bottle opener,词,NOUN,B1
bottleneck,bottleneck,词,NOUN,C1
bottom out,bottom out,底儿掉,NOUN,C1
bounce,bounce,词,VERB,B2
bound to,bound to,势必,ADV,B2
boundless,boundless,无疆,NOUN,B2
bounty,bounty,词,NOUN,C1
bout,bout,阵,NOUN,B2
bovine,bovine,词,ADJ,C1
bow (verb),bow,词,VERB,B1
bow tie,bow tie,领结,NOUN,B2
bowl pouring,bowl pouring,倒碗,NOUN,B2
bowling,bowling,保龄球,NOUN,C1
box can,box can,盒子 / 罐,NOUN,A2
boxeo,boxing,拳击,NOUN,B2
boxer,boxer,拳击手,NOUN,B2
brabant,brabant,布拉班特的,ADJ,B2
brace,brace,词,NOUN,C1
bragas,underpants,内裤,NOUN,B2
braggadocio,braggadocio,吹牛,NOUN,B2
braid,braid,辫子,NOUN,C1
brain activity,brain activity,,NOUN,B2
brain damage,brain damage,,NOUN,B2
brainstorming,brainstorming,词,NOUN,C1
brainy,brainy,聪明的,ADJ,B2
braise,braise,焖烧,VERB,C1
brakes,brakes,词,NOUN,C1
braking,braking,词,NOUN,C1
bran,bran,词,NOUN,B2
branch of study,branch of study,词,NOUN,B1
branch office,branch office,词,NOUN,C1
branch road,branch road,支路,NOUN,C1
branched,branched,词,ADJ,C1
branching,branching,词,NOUN,C1
brassware,brassware,词,NOUN,C1
bravo,bravo,词,NOUN,B2
brawl,brawl,斗殴,NOUN,B2
bray,bray,词,VERB,C1
brazier,brazier,词,NOUN,B1
brazilian,brazilian,巴西的,ADJ,B2
breach of contract,breach of contract,违约,NOUN,B2
breach of duty,breach of duty,渎职,NOUN,B2
breach of promise,breach of promise,词,NOUN,C1
bread roll,bread roll,小圆面包,NOUN,B2
breadth,breadth,词,NOUN,C1
breadth crossing,breadth crossing,词,NOUN,C1
break fraction,break fraction,词,NOUN,C1
break out of prison,break out of prison,越狱,VERB,C1
break-in,break-in,非法侵入,NOUN,B2
breakage,breakage,词,NOUN,C1
breakdown of order,breakdown of order,词,NOUN,C1
breaker cutter,breaker cutter,词,NOUN,C1
breakthrough,breakthrough,突破性,ADJ,B2
breakup,breakup,分手,NOUN,B2
breast,breast,乳房,NOUN,B2
breaststroke,breaststroke,词,NOUN,C1
breath holding,breath holding,住气,NOUN,C1
breathing,breathing,呼吸,NOUN,B2
breathing space,breathing space,词,NOUN,C1
breathlessness,breathlessness,词,NOUN,B1
breed (verb),breed,育种,VERB,C1
breeding,breeding,词,NOUN,C1
breeding site,breeding site,词,NOUN,C1
brevedad,brevity,简洁,NOUN,B2
breviary,breviary,词,NOUN,C1
bribe-taker,bribe-taker,词,NOUN,C1
bribes,bribes,词,NOUN,C1
bricks,bricks,词,NOUN,B1
bridal attire,bridal attire,红妆,NOUN,C1
bridal trousseau,bridal trousseau,词,NOUN,C1
bridegroom,bridegroom,词,NOUN,C1
bridle,bridle,马勒,NOUN,B2
brief moment,brief moment,词,NOUN,C1
briefcase,briefcase,词,NOUN,C1
briefing,briefing,简报,NOUN,B2
briefly,briefly,词,ADV,C1
brigand poet,brigand poet,词,NOUN,C1
bright-colored,bright-colored,鲜艳,ADJ,B2
brighten,brighten,词,VERB,C1
brightly,brightly,词,ADV,C1
brightness,brightness,词,NOUN,C1
brillante,bright,明亮的,ADJ,B2
brilliance of mind,brilliance of mind,词,NOUN,C1
brilliantly keen,brilliantly keen,词,ADJ,C1
brillo,brilliance,辉煌,NOUN,B2
brim,brim,词,NOUN,C1
bringing back,bringing back,接回,NOUN,C1
bringing him,bringing him,带他,NOUN,C1
brisa,breeze,微风,NOUN,B2
briskness,briskness,轻快,NOUN,B2
bristle (noun),bristle,词,NOUN,C1
britano,briton,英国人,NOUN,B2
brittleness,brittleness,词,NOUN,C1
británico,british,英国的,ADJ,B2
bro,bro,哥们,NOUN,B2
broach,broach,词,VERB,C1
broad,broad,词,ADJ,B1
broad and profound,broad and profound,博大精深,ADJ,B2
broad beans,broad beans,词,NOUN,B2
broadcast (adj),broadcast,词,ADJ,C1
broadcaster,broadcaster,广播公司,NOUN,B2
broaden,broaden,词,VERB,C1
broadening,broadening,拓宽,NOUN,B2
broadleaf forest,broadleaf forest,阔叶林,NOUN,C1
brocade (part),brocade,锦,PART,A1
brocado,brocade,锦绣,NOUN,B2
broccoli,broccoli,西兰花,NOUN,C1
broil,broil,词,VERB,C1
broke,broke,破产的,ADJ,B2
broken,broken,破碎的,ADV,B2
brokenness,brokenness,词,NOUN,C1
bronceado,tanning,晒黑,NOUN,B2
bronze ware,bronze ware,青铜器,NOUN,C1
brooch,brooch,词,NOUN,C1
brook no delay,brook no delay,刻不容缓,ADJ,B2
brother (part),brother,兄,PART,B1
brotherly heart,brotherly heart,兄心,NOUN,C1
brought back,brought back,逮回,NOUN,C1
brought to justice,brought to justice,归案,VERB,C1
browbeat,browbeat,词,VERB,C1
bruises,bruises,词,NOUN,B2
bruma,mist,薄雾,NOUN,B2
brutal,brutal,词,ADJ,B2
brutality,brutality,残暴,NOUN,B2
brutalizing,brutalizing,词,ADJ,C1
brutally,brutally,词,ADV,C1
bruto,gross,总的,ADJ,B2
buceo,scuba diving,潜水,NOUN,B2
buckle,buckle,词,VERB,C1
bucolic,bucolic,词,ADJ,C1
bud,bud,芽,NOUN,B2
buddha,buddha,佛,NOUN,B2
buddies,buddies,哥们,NOUN,B2
buddy pal,buddy pal,词,NOUN,B1
budge,budge,词,VERB,C1
budgetable,budgetable,可预算的,ADJ,B2
budgeting,budgeting,词,NOUN,C1
buena reputación,good reputation,清誉,NOUN,B2
buena suerte,good luck,好运,NOUN,B2
bufanda,scarf,围巾,NOUN,B2
buff,buff,词,NOUN,C1
buffalo,buffalo,词,NOUN,C1
buffer,buffer,词,NOUN,C1
building blocks,building blocks,积木,NOUN,C1
building manager,building manager,词,NOUN,B1
building upon,building upon,基于/以此为基础,ADV,C1
bulgarian,bulgarian,保加利亚的,ADJ,B2
bulge,bulge,词,NOUN,C1
bull,bull,词,NOUN,B1
bulldog,bulldog,斗牛犬,NOUN,B2
bulldoze,bulldoze,词,VERB,C1
bulldozer,bulldozer,词,NOUN,C1
bulletin,bulletin,快报,NOUN,C1
bulletproof,bulletproof,词,NOUN,B2
bullicio,sound of activity,动静,NOUN,B2
bullshitted,bullshitted,被愚弄的,ADJ,B2
bullying,bullying,词,NOUN,B2
bum,bum,流浪汉,NOUN,B2
bumble,bumble,词,VERB,C1
bumblebee,bumblebee,词,NOUN,C1
bump,bump,肿块,NOUN,B2
bump shock,bump shock,碰撞/震惊,NOUN,B2
bumper harvest,bumper harvest,丰收,NOUN,B2
bumping,bumping,碰我,NOUN,B2
bumpy,bumpy,凹凸不平的,ADJ,B2
bundling,bundling,词,NOUN,C1
bungee jumping,bungee jumping,蹦极,NOUN,B2
bunker,bunker,词,NOUN,B2
buoy,buoy,词,NOUN,C1
buoyancy,buoyancy,词,NOUN,C1
burdened,burdened,负担重的,ADJ,B2
bureaucrat,bureaucrat,词,NOUN,C1
burger stand,burger stand,,NOUN,B2
burglarize,burglarize,词,VERB,C1
burgle,burgle,词,VERB,C1
buried,buried,مدفون,ADJ,B1
burlap,burlap,词,NOUN,B2
burlesque (noun),burlesque,词,NOUN,C1
burned,burned,词,ADJ,B2
burning (noun),burning,词,NOUN,A1
burning eagerness,burning eagerness,极度渴望,NOUN,C1
burns,burns,烧伤,NOUN,C1
burrow (noun),burrow,词,NOUN,C1
burrow (verb),burrow,词,VERB,C1
bursting forth,bursting forth,词,NOUN,C1
buscado,wanted,故意的,ADJ,B2
buscar,to search,搜索,VERB,B2
buscar,to search for,寻找,VERB,B2
buscar,to seek,寻找,VERB,B2
buscar la verdad en los hechos,to seek truth from facts,实事求是,VERB,B2
bushy,bushy,词,ADJ,C1
business card,business card,名片,NOUN,B1
business sector,business sector,商业界,NOUN,B2
business trade,business trade,买卖,NOUN,B2
business world,business world,词,NOUN,C1
bust,bust,词,NOUN,B1
bustling with noise and excitement,bustling with noise and excitement,热闹,ADJ,B2
busy telephone line,busy telephone line,占线,VERB,B1
but (adv),but,却,ADV,A1
but (sconj),but,但他,SCONJ,B2
but also,but also,但也,NOUN,B2
but difficult,but difficult,但难,NOUN,C1
but majesty,but majesty,可陛,NOUN,B2
but on the contrary,but on the contrary,反倒,ADV,B2
but rather,but rather,而是,CCONJ,B2
but this,but this,可这,NOUN,C1
but-for,but-for,词,NOUN,B2
butcher shop,butcher shop,词,NOUN,A2
butler,butler,词,NOUN,C1
butt,butt,臀部,NOUN,B2
buttermilk,buttermilk,词,NOUN,A2
buy foreign exchange,buy foreign exchange,购汇,VERB,C1
buyer purchaser,buyer purchaser,买方,NOUN,B2
buzz (noun),buzz,词,NOUN,B2
buzzer,buzzer,词,NOUN,C1
buzzing,buzzing,词,NOUN,C1
by (aux),by,被,AUX,A2
by all means,by all means,千方百计,ADV,B2
by analogy with,by analogy with,词,ADV,C1
by chance,by chance,偶然地,ADV,B2
by chance (adj),by chance,词,ADJ,A2
by doing,by doing,词,SCONJ,B1
by force,by force,词,ADV,B2
by hearsay,by hearsay,词,ADV,C1
by heart,by heart,词,ADV,B2
by himself,by himself,词,ADV,B2
by inference,by inference,词,ADV,C1
by itself,by itself,词,ADV,B2
by me,by me,以我,NOUN,B2
by means of,by means of,凭借,NOUN,B2
by month,by month,以月,NOUN,C1
by night,by night,趁夜,ADV,B2
by now,by now,此时,ADV,B2
by telephone,by telephone,词,ADJ,C1
by virtue of,by virtue of,词,ADP,C1
by way of digression,by way of digression,词,ADV,C1
by way of rectification,by way of rectification,词,ADV,C1
by year,by year,以岁,NOUN,C1
by-elections,by-elections,词,NOUN,C1
bypass,bypass surgery,搭桥手术,NOUN,B2
bypass (noun),bypass,词,NOUN,C1
bypassing,bypassing,词,NOUN,C1
bádminton,badminton,羽毛球,NOUN,B2
búsqueda,quest,探索,NOUN,B2
búsqueda,seeking,寻求,NOUN,B2
caballero,knight,骑士,NOUN,B2
caballería,cavalry,骑兵,NOUN,B2
cabina,booth,摊位,NOUN,B2
cable,cable,电缆,NOUN,B2
cable car,cable car,缆车,NOUN,B1
cache,cache,词,NOUN,C1
cachemir,cashmere,羊绒,NOUN,B2
cachexia,cachexia,词,NOUN,C1
cachorro,cub,幼兽,NOUN,B2
cackle,cackle,词,VERB,C1
cactus,cactus,词,NOUN,B1
cada,every,每个,DET,B2
cada,each,每个,PRON,B2
cadena industrial,industry chain,产业链,NOUN,B2
cadena perpetua,life imprisonment,无期徒刑,NOUN,B2
cadres,cadres,词,NOUN,C1
caesura,caesura,词,NOUN,C1
caffeine,caffeine,词,NOUN,C1
caftan,caftan,词,NOUN,A1
café,cafe,咖啡馆,NOUN,B2
caid local governor,caid local governor,词,NOUN,C1
caja,checkout,收银台,NOUN,B2
caja,crate,板条箱,NOUN,B2
caja fuerte,safe,保险箱,NOUN,B2
caja registradora,cash register,收银机,NOUN,B2
cajole,cajole,词,VERB,C1
calculadora,calculator,计算器,NOUN,B2
caldera,boiler,锅炉,NOUN,B2
calentamiento,warming,变暖,NOUN,B2
calentamiento global,global warming,气候变暖,NOUN,B2
caliber,caliber,词,NOUN,C1
calibración,calibration,校准,NOUN,B2
calibrated,calibrated,词,ADJ,C1
calibrator,calibrator,词,NOUN,C1
calificaciones,qualifications,资格,NOUN,B2
calificación,grading,评分；记号,NOUN,B2
calificación,qualification,资格,NOUN,B2
calificación,rating,评分,NOUN,B2
caligrafía,handwriting,笔迹,NOUN,B2
caligrafía,handwriting practice,练字,NOUN,B2
caliph,caliph,词,NOUN,B2
caliphate,caliphate,词,NOUN,C1
call to prayer,call to prayer,词,NOUN,B2
callejón sin salida,dead end,死胡同,NOUN,B2
caller,caller,词,NOUN,A2
calligrapher,calligrapher,词,NOUN,C1
callus,callus,硬茧……,NOUN,C1
calming,calming,令人平静的,ADJ,B2
calmly,calmly,平静地,ADV,B2
calor,warmth,温暖,NOUN,B2
calorie,calorie,词,NOUN,C1
calve,calve,词,VERB,C1
calzado,footwear,鞋穿,NOUN,B2
camarera,waitress,女服务员,NOUN,B2
cambiar,shift,轮班,NOUN,B2
cambiar,to change tire,换胎,VERB,B2
cambiar,to shift,改变,VERB,B2
cambio climático,climate change,气候变化,NOUN,B2
camello,camel,骆驼,NOUN,B2
caminar,to hike,徒步旅行,VERB,B2
camouflage (noun),camouflage,词,NOUN,C1
camp (part),camp,营,PART,A2
campañar,to campaign,积极参与活动,VERB,B2
campfire,campfire,词,NOUN,C1
camping,camping,露营,NOUN,B2
campsite,campsite,露营地,NOUN,B2
campus,campus,词,NOUN,B2
campus-like,campus-like,校园式的,ADJ,B2
can (noun),can,词,NOUN,B2
can be at,can be at,可在,NOUN,B2
can cure,can cure,能解,NOUN,C1
can jar,can jar,罐子,NOUN,B2
can may,can may,可以,AUX,A1
can still,can still,还能,AUX,B1
can to be able to,can to be able to,会,AUX,A1
can't help doing sth,can't help doing sth,不禁,ADV,B2
can-exit,can-exit,还出得来,NOUN,B2
canadian,canadian,加拿大的,ADJ,B2
canal,canal,运河,NOUN,B2
canal belt,canal belt,词,NOUN,C1
cancelación,cancellation,取消,NOUN,B2
cancelled set,cancelled set,取消的/设定的,ADJ,B2
cancerous,cancerous,词,ADJ,C1
canciller,chancellor,总理,NOUN,B2
candelabro,chandelier,吊灯,NOUN,B2
candid,candid,词,ADJ,C1
cannabis,cannabis,大麻,NOUN,B2
canning,canning,词,NOUN,C1
cannot afford,cannot afford,不起,VERB,B2
cannot be quiet,cannot be quiet,静不,NOUN,C1
cannot reach,cannot reach,不到,VERB,B2
cannot stay,cannot stay,不住,PART,B2
canoe,canoe,词,NOUN,C1
cansar,tire,轮胎,NOUN,B2
cansar,to tire,使疲倦,VERB,B2
cantaloupe,cantaloupe,哈密瓜,NOUN,B2
canteen,canteen,食堂,NOUN,B2
cantillation,cantillation,词,NOUN,C1
canvas,canvas,帆布,NOUN,B2
canvass,canvass,词,VERB,C1
capa,cape,海角,NOUN,B2
capable,capable,有本事,NOUN,B2
capable good,capable good,能干的/优秀的,ADJ,B2
capacidad,ability,能力,NOUN,B2
capacidad,capability,能力,NOUN,B2
capacitate,capacitate,词,VERB,C1
capacitor condenser,capacitor condenser,词,NOUN,C1
caparazón,shell,壳,NOUN,B2
capaz,able,能够的,ADJ,B2
capillary,capillary,词,ADJ,C1
capital,capital,首都,NOUN,B2
capital affairs,capital affairs,京机,NOUN,C1
capital city,capital city,首都,NOUN,A2
capital flight,capital flight,资本外逃,NOUN,B2
capital gain,capital gain,增值,NOUN,B2
capital letter,capital letter,词,NOUN,C1
capital loss,capital loss,词,NOUN,C1
capitalist,capitalist,词,NOUN,C1
capitalization,capitalization,词,NOUN,C1
capitulation,capitulation,词,NOUN,C1
capping,capping,封顶,NOUN,B2
capping ceremony,capping ceremony,冠礼,NOUN,B2
capricious,capricious,词,ADJ,C1
capsize,capsize,词,VERB,C1
capsule,capsule,词,NOUN,B1
captivated,captivated,词,ADJ,C1
captive,captive,俘虏,NOUN,B2
captive bond,captive bond,词,NOUN,C1
captura,catch,捕捉,NOUN,B2
car (part),car,车,PART,C1
car door,car door,词,NOUN,C1
car hood,car hood,词,NOUN,C1
car key,car key,词,NOUN,C1
car light,car light,车灯,NOUN,C1
car wash,car wash,洗车,NOUN,B2
característica,feature,特征,NOUN,B2
característico,characteristic,典型的,ADJ,B2
caramelize,caramelize,词,VERB,C1
caramelo,candy,糖果,NOUN,B2
carat,carat,克拉,NOUN,B2
caravana,caravan,房车,NOUN,B2
caravanserai,caravanserai,词,NOUN,C1
caraway,caraway,词,NOUN,B2
carbohydrates,carbohydrates,词,NOUN,C1
carbon capture,carbon capture,碳捕获,NOUN,C1
carbon dioxide,carbon dioxide,二氧化碳,NOUN,B2
carbon footprint,carbon footprint,碳足迹,NOUN,C1
carbon neutrality,carbon neutrality,碳中和,NOUN,C1
carbon peak,carbon peak,碳达峰,NOUN,C1
carbon sequestration,carbon sequestration,碳封存,NOUN,C1
carbon trading,carbon trading,碳交易,NOUN,C1
carbono,carbon,碳,NOUN,B2
carbón,charcoal,木炭,NOUN,B2
carcass,carcass,骨架,NOUN,B2
carcinoma,carcinoma,词,NOUN,C1
card map,card map,词,NOUN,A1
care home,care home,,NOUN,B2
care worker,care worker,护理人员,NOUN,B2
careen,careen,词,VERB,C1
career leap,career leap,词,NOUN,C1
careerism,careerism,词,NOUN,C1
careerist,careerist,词,ADJ,B2
careful search,careful search,仔细搜,NOUN,B2
careful treatment,careful treatment,好生诊治,NOUN,C1
carefully,carefully,仔细地,ADV,B2
carefulness,carefulness,细心,NOUN,B2
carer,carer,词,NOUN,C1
carga,cargo,货物,NOUN,B2
carga,charge,收费,NOUN,B2
cargador,charger,充电器,NOUN,B2
cargo rest,cargo rest,货歇,NOUN,C1
caricatura,caricature,讽刺画,NOUN,B2
caricaturesco,caricatural,漫画的,ADJ,B2
caring,caring,关怀的,ADJ,B2
carisma,charisma,个人魅力,NOUN,B2
cariño,darling,亲爱的,NOUN,B2
cariño,sweetheart,爱人,NOUN,B2
carnaval,carnival,狂欢节,NOUN,B2
carnivalesque,carnivalesque,狂欢节式的,ADJ,C1
carob,carob,词,NOUN,B2
carol,carol,词,NOUN,B1
carouse,carouse,词,VERB,C1
carousel,carousel,词,NOUN,C1
carp (noun),carp,词,NOUN,C1
carp (verb),carp,词,VERB,C1
carpintero,carpenter,木匠,NOUN,B2
carpool,carpool,拼车,NOUN,C1
carpooling,carpooling,词,NOUN,B1
carrera,race,比赛,NOUN,B2
carrera,run,跑步,NOUN,B2
carrera,running,进行中的,NOUN,B2
carrera principal,major course,专业课,NOUN,B2
carretera de servicio,service road,辅路,NOUN,B2
carretera provincial,provincial highway,省道,NOUN,B2
carrot,carrot,胡萝卜,NOUN,B2
carruaje,carriage,马车,NOUN,B2
carrying,carrying,扛,NOUN,C1
carrying in,carrying in,抬进,NOUN,C1
carrying porterage,carrying porterage,词,NOUN,C1
carta,charter,宪章,NOUN,B2
cartel,cartel,卡特尔,NOUN,B2
carton,carton,词,NOUN,C1
cartoon,cartoon,卡通,NOUN,B2
cartridge,cartridge,词,NOUN,C1
casadera,marriageable,适婚,NOUN,B2
casamentero,matchmaker,媒,NOUN,B2
cascada,waterfall,瀑布,NOUN,B2
cascade,cascade,词,NOUN,C1
case details,case details,案情,NOUN,B2
case file,case file,案卷,NOUN,C1
case inflection,case inflection,词,NOUN,C1
case law,case law,判例法,NOUN,B2
cash conversion,cash conversion,改现,NOUN,B2
casi,nearly,几乎,ADV,B2
casino,casino,词,NOUN,B2
cassation,cassation,词,NOUN,B2
cassette tape,cassette tape,磁带,NOUN,B1
cast (adj),cast,词,ADJ,C1
cast iron,cast iron,词,NOUN,B2
castanets,castanets,词,NOUN,B1
castaña,chestnut,板栗,NOUN,B2
casting,casting,词,NOUN,C1
castrate,castrate,词,VERB,C1
casual (adv),casual,词,ADV,B2
casual photo,casual photo,生活照,NOUN,B2
casualties,casualties,伤亡,NOUN,B2
casualty,casualty,阵亡,NOUN,C1
catachresis,catachresis,词语误用,NOUN,B2
catalizador,catalyst,催化剂,NOUN,B2
catalogue,catalogue,目录,NOUN,B2
catalysis,catalysis,词,NOUN,C1
catastrophic,catastrophic,灾难性的,ADJ,B2
catch thief,catch thief,抓贼,NOUN,C1
catching up,catching up,词,NOUN,C1
catechism,catechism,词,NOUN,C1
categorical,categorical,绝对的,ADJ,B2
categorically,categorically,词,ADV,C1
cater,cater,词,VERB,C1
caterer,caterer,词,NOUN,C1
catering,catering,词,NOUN,B1
caterpillar,caterpillar,毛毛虫,NOUN,B2
catheter,catheter,词,NOUN,C1
catheterize,catheterize,词,VERB,C1
catholic,catholic,天主教的,ADJ,B2
catholic (noun),catholic,天主教徒,NOUN,C1
cats,cats,猫,NOUN,B2
caudillism,caudillism,词,NOUN,C1
caught,caught,被捕获的,ADJ,B2
cauldron,cauldron,词,NOUN,C1
causa de muerte,cause of death,死因,NOUN,B2
causa parcial,partial cause,分因,NOUN,B2
causal,causal,因果的,ADJ,B2
causal link,causal link,因果关系,NOUN,B2
causalidad,causation,因果关系,NOUN,B2
cause of change,cause of change,改因,NOUN,B2
cause of defeat,cause of defeat,败因,NOUN,B2
causing harm,causing harm,伤害,NOUN,C1
cauteloso y concienzudo,cautious and conscientious,兢兢业业,ADJ,B2
cautious and solemn idiom very carefully,cautious and solemn idiom very carefully,小心翼翼,ADJ,B2
cavern,cavern,词,NOUN,B2
cavil,cavil,词,VERB,C1
cavort,cavort,词,VERB,C1
caída de agua,water falling,水落,NOUN,B2
cañón,canyon,峡谷,NOUN,B2
ceasefire,ceasefire,止战,NOUN,C1
cedar,cedar,词,NOUN,B1
cede,cede,词,VERB,C1
celebridad,celebrity,名人,NOUN,B2
celestial (adj),celestial,词,ADJ,B2
celestial (noun),celestial,词,NOUN,B2
celestial body,celestial body,词,NOUN,B2
celibato,celibacy,独身,NOUN,B2
cell phone ringing,cell phone ringing,词,NOUN,C1
cello,cello,大提琴,NOUN,C1
cells,cells,词,NOUN,C1
cellulose,cellulose,纤维素,NOUN,B2
celular,cellular,细胞的,ADJ,B2
cemento,cement,水泥,NOUN,B2
censure (noun),censure,词,NOUN,C1
censure (verb),censure,词,VERB,C1
centenary,centenary,词,NOUN,C1
centime,centime,词,NOUN,B2
centinela,sentry,卫兵,NOUN,B2
cento,cento,词,NOUN,C1
central,central,中心的,ADJ,B2
central station,central station,中央车站,NOUN,B2
centrality,centrality,词,NOUN,C1
centralización,centralization,集中化,NOUN,B2
centre,centre,词,NOUN,B2
centripetal force,centripetal force,向心力,NOUN,C1
centrist,centrist,中间派的,ADJ,C1
centro comercial,shopping center,购物中心,NOUN,B2
centrífuga,centrifuge,离心机,NOUN,B2
century-old,century-old,世纪的,ADJ,B2
ceo,ceo,首席执行官,NOUN,B2
ceramic art,ceramic art,陶艺,NOUN,B2
cercano,close,近的,ADJ,B2
cercano,near,近,ADJ,B2
cercanía,nearby,在附近,ADV,B2
cercanía,closeness,接近,NOUN,B2
cereal,cereal,词,NOUN,B2
cerebral,cerebral,大脑的,ADJ,B2
ceremonia de clausura,closing ceremony,闭幕仪式,NOUN,B2
ceremonia de inauguración,unveiling ceremony,揭幕仪式,NOUN,B2
ceremonial,ceremonial,仪式的,ADJ,B2
ceremonial protocol,ceremonial protocol,词,NOUN,C1
ceremoniously,ceremoniously,词,ADV,C1
ceremony complete,ceremony complete,礼成,NOUN,C1
cerrar,to close account,销户,VERB,B2
cerrar,to close the door,关门,VERB,B2
certain,certain,某些,DET,B2
certain fall,certain fall,必倒,NOUN,B2
certainly,certainly,当然,INTJ,B2
certificado de mérito,certificate of merit,奖状,NOUN,B2
certificar,to certify,证明,VERB,B2
certification,certification,认证,NOUN,C1
cervecería,brewery,啤酒厂,NOUN,B2
cerámica,pottery,陶器,NOUN,B2
cessation passing,cessation passing,消亡,NOUN,C1
chain (adj),chain,词,ADJ,C1
chain mail,chain mail,锁子甲,NOUN,B2
chain of transmission,chain of transmission,词,NOUN,C1
chalet,chalet,词,NOUN,B1
chalice,chalice,词,NOUN,C1
challenges,challenges,词,NOUN,C1
challenging,challenging,词,ADJ,C1
chamberlain,chamberlain,词,NOUN,C1
champaña,champagne,香槟,NOUN,B2
champú,shampoo,洗发水,NOUN,B2
chance opportunity,chance opportunity,词,NOUN,A2
chancery,chancery,词,NOUN,C1
chandelier sheen,chandelier sheen,词,NOUN,C1
change exchange,change exchange,改变/交换,NOUN,B2
change of faith,change of faith,改信,NOUN,B2
change of heart,change of heart,改心,NOUN,C1
change of master,change of master,改主,NOUN,C1
change of mind,change of mind,改念,NOUN,B2
change of scenery,change of scenery,词,NOUN,B1
changed body,changed body,改体,NOUN,C1
changed function,changed function,改功,NOUN,C1
changed route,changed route,改路,NOUN,B2
changed style,changed style,改式,NOUN,C1
changed technique,changed technique,改术,NOUN,C1
changed use,changed use,改用,NOUN,C1
changed work,changed work,改工,NOUN,B2
changing clothes,changing clothes,换上,NOUN,C1
chant,chant,词,VERB,C1
chants,chants,词,NOUN,B2
chaperon,chaperon,词,NOUN,C1
chaplain,chaplain,词,NOUN,C1
chapter of Quran,chapter of Quran,词,NOUN,B2
character assassination,character assassination,人格谋杀,NOUN,B2
character trait,character trait,品性,NOUN,C1
character trait creation,character trait creation,词,NOUN,C1
characteristic feature,characteristic feature,特点,NOUN,B2
characterization,characterization,词,NOUN,C1
characters,characters,词,NOUN,C1
charades,charades,打哑谜,NOUN,B2
charges,charges,词,NOUN,C1
charging,charging,词,NOUN,C1
charismatic,charismatic,有魅力的,ADJ,B2
charity hall,charity hall,善堂,NOUN,C1
charmer,charmer,词,NOUN,B2
charter-based,charter-based,词,ADJ,C1
chase fast,chase fast,快追,NOUN,C1
chassis frame,chassis frame,词,NOUN,C1
chasten,chasten,词,VERB,C1
chastity probity,chastity probity,词,NOUN,C1
chatter (noun),chatter,词,NOUN,A2
chauffeur,chauffeur,词,NOUN,C1
chauvinism,chauvinism,沙文主义,NOUN,B2
chauvinistic,chauvinistic,沙文主义的,ADJ,B2
cheap wine,cheap wine,破酒,NOUN,C1
cheapen,cheapen,词,VERB,C1
cheaper,cheaper,更便宜的,ADJ,B2
cheapness,cheapness,廉价,NOUN,B2
check him,check him,查他,NOUN,C1
check-in,check-in,词,NOUN,B1
checkbook,checkbook,支票簿,NOUN,B2
checked,checked,词,ADJ,C1
checkers,checkers,词,NOUN,A2
checkmark,checkmark,词,NOUN,C1
checkmate,checkmate,词,NOUN,C1
cheekbone,cheekbone,词,NOUN,C1
cheerful-faced,cheerful-faced,词,ADJ,C1
cheerfulness,cheerfulness,词,NOUN,C1
cheering,cheering,欢呼,NOUN,B2
cheers,cheers,欢呼,NOUN,B2
chef,chef,厨师,NOUN,B2
chemical,chemical,化学品,NOUN,B2
chemicals,chemicals,词,NOUN,C1
chemist,chemist,词,NOUN,C1
chemotherapy,chemotherapy,化疗,NOUN,B2
cheque,cheque,词,NOUN,A2
chermoula,chermoula,词,NOUN,B2
chermoula-marinated,chermoula-marinated,词,ADJ,B2
chest breast,chest breast,胸部/乳房,NOUN,B2
chest of drawers,chest of drawers,词,NOUN,A2
chest stab,chest stab,胸刺,NOUN,B2
chest width,chest width,胸宽,NOUN,C1
chiasmus,chiasmus,词,NOUN,C1
chic (adj),chic,词,ADJ,C1
chic (noun),chic,词,NOUN,C1
chica tonta,silly girl,傻丫头,NOUN,B2
chickpeas,chickpeas,词,NOUN,A2
chicle,gum,牙龈,NOUN,B2
chide,chide,词,VERB,C1
chief physician,chief physician,主任医师,NOUN,B2
chiefly,chiefly,主要地,ADV,B2
chieftain,chieftain,酋长,NOUN,B2
child's play,child's play,词,NOUN,C1
child-rearing,child-rearing,教子,NOUN,C1
childbirth,childbirth,分娩,NOUN,B2
childcare,childcare,词,NOUN,C1
childhood trauma,childhood trauma,词,NOUN,C1
childish ambition,childish ambition,幼志,NOUN,C1
childish infantile,childish infantile,词,ADJ,C1
children,children,儿女,NOUN,C1
children's rights,children's rights,儿童权利,NOUN,B2
chili,chili,辣椒,NOUN,B2
chill,chill,放松,ADJ,B2
chill (noun),chill,词,NOUN,B1
chime,chime,词,NOUN,C1
chimenea,chimney,烟囱,NOUN,B2
chinese,chinese,中国的,ADJ,B2
chinese cabbage,chinese cabbage,白菜,NOUN,B2
chinese language,chinese language,华文,NOUN,B2
chino de ultramar,overseas chinese,华侨,NOUN,B2
chips,chips,薯片,NOUN,B2
chirp (noun),chirp,词,NOUN,C1
chitchat,chitchat,词,NOUN,B2
chive,chive,韭菜,NOUN,C1
chives,chives,词,NOUN,B1
chocolate,chocolate,巧克力,NOUN,B2
choke,choke,词,VERB,B2
cholera,cholera,词,NOUN,C1
chomp,chomp,词,VERB,C1
chop (noun),chop,砍了,NOUN,C1
chopsticks,chopsticks,筷子,NOUN,A1
chorale,chorale,词,NOUN,C1
chord,chord,弦,NOUN,C1
chore,chore,家务,NOUN,B2
choreograph,choreograph,词,VERB,C1
choreographer,choreographer,编舞者,NOUN,B2
choreographic,choreographic,词,ADJ,C1
choreography,choreography,词,NOUN,C1
chortle,chortle,词,VERB,C1
christen,christen,词,VERB,C1
christianity,christianity,基督教,NOUN,B2
christianization,christianization,词,NOUN,C1
christmas eve,christmas eve,平安夜,NOUN,B2
christmas porridge,christmas porridge,,NOUN,B2
christmas present,christmas present,圣诞礼物,NOUN,B2
christmas tree,christmas tree,圣诞树,NOUN,B2
chromatic,chromatic,词,ADJ,B2
chromaticity,chromaticity,词,NOUN,C1
chromosomal,chromosomal,词,ADJ,C1
chronic illness,chronic illness,顽疾,NOUN,C1
chronological,chronological,词,ADJ,C1
chronology,chronology,年表,NOUN,B2
chubasquero,raincoat,雨衣,NOUN,B2
chubby,chubby,胖子,NOUN,B2
chuck,chuck,词,VERB,B1
chuckle,chuckle,词,VERB,B2
chupar,to suck,吸,VERB,B2
church community,church community,教会,NOUN,B2
churchgoing,churchgoing,词,NOUN,C1
churn,churn,词,VERB,C1
churn skin,churn skin,词,NOUN,B2
cianosis,cyanosis,发绀,NOUN,B2
ciber,cyber,网络的,ADJ,B2
ciberseguridad,cybersecurity,网络安全,NOUN,B2
ciclar,to cycle,骑自行车,VERB,B2
cider,cider,苹果酒,NOUN,B2
cielo,heaven,天堂,NOUN,B2
cielo estrellado,starry sky,星空,NOUN,B2
científico,scientific,科学的,ADJ,B2
ciertamente,certainly,当然,ADV,B2
cierto,certain,确定的,ADJ,B2
ciervo,buck,美元,NOUN,B2
cigarette butt,cigarette butt,烟头,NOUN,B2
cigarrillo,cigarette,香烟,NOUN,B2
cilantro,cilantro,香菜,NOUN,B2
cilindro,cylinder,圆柱体,NOUN,B2
cinematic,cinematic,词,ADJ,B1
cinematographic,cinematographic,电影的,ADJ,B2
cinético,kinetic,运动的,ADJ,B2
circular (adj),circular,词,ADJ,C1
circular (noun),circular,词,NOUN,B2
circulating,circulating,词,ADJ,B2
circumference,circumference,词,NOUN,C1
circumscription,circumscription,词,NOUN,C1
circumstantial accusative,circumstantial accusative,词,NOUN,C1
circumvent,circumvent,词,VERB,C1
circuncisión,circumcision,割礼,NOUN,B2
circunstancias favorables,favorable circumstances,顺境,NOUN,B2
ciruela,plum,李子,NOUN,B2
cita,quotation,报价,NOUN,B2
cita,rendezvous,约会,NOUN,B2
citación,citation,引用,NOUN,B2
citadel,citadel,词,NOUN,C1
citas,dating,年代测定,NOUN,B2
citizenship right,citizenship right,公民权,NOUN,B2
citrus,citrus,柑橘,NOUN,B2
city centre,city centre,市中心,NOUN,B2
city council,city council,市议会,NOUN,B2
city dweller,city dweller,词,NOUN,C1
city gate,city gate,城门,NOUN,B2
city map,city map,城市地图,NOUN,B2
civic,civic,词,ADJ,C1
civil,civil,民事的,ADJ,B2
civil,civilian,平民,NOUN,B2
civil war,civil war,内战,NOUN,B2
civilian,civilian,平民的,ADJ,B2
civilisation,civilisation,文明,NOUN,B2
civility,civility,礼貌,NOUN,B2
civilize,civilize,词,VERB,C1
clack,clack,词,NOUN,C1
claim damages,claim damages,索赔,VERB,C1
claim settlement,claim settlement,理赔,NOUN,C1
clamber,clamber,词,VERB,C1
clampdown,clampdown,词,NOUN,C1
clan,clan,家族,NOUN,B2
clandestine migration,clandestine migration,词,NOUN,B2
clandestinity,clandestinity,秘密状态,NOUN,B2
clang,clang,词,NOUN,C1
clank,clank,词,NOUN,C1
clapping,clapping,词,NOUN,B2
claramente delimitado,clearly demarcated,分明,ADJ,B2
clarified butter,clarified butter,词,NOUN,A2
clarify doubts,clarify doubts,释疑,VERB,B2
clarity evidentness,clarity evidentness,词,NOUN,C1
clase social,social class,社会阶层,NOUN,B2
clash (noun),clash,词,NOUN,C1
clasicismo,classicism,古典主义,NOUN,B2
clasificar,to sort,分类,VERB,B2
clasp,clasp,词,NOUN,C1
class lesson,class lesson,课,NOUN,B2
class monitor,class monitor,班长,NOUN,C1
class nature,class nature,阶级性,NOUN,C1
class session,class session,词,NOUN,B1
class stratification,class stratification,词,NOUN,C1
class struggle,class struggle,阶级斗争,NOUN,B2
class test,class test,词,NOUN,B1
classic (noun),classic,经典,NOUN,C1
classical poetry,classical poetry,词,NOUN,C1
classicist,classicist,古典主义的,ADJ,B2
classifier for documents portions,classifier for documents portions,份,NOUN,B2
classifier for flowers,classifier for flowers,朵,NUM,B2
classifier for horses,classifier for horses,匹,NUM,B2
classifier for small round objects,classifier for small round objects,颗,NOUN,B2
classifier for trips,classifier for trips,趟,NUM,A2
classifier for vehicles,classifier for vehicles,辆,NUM,A1
classwork,classwork,课堂作业,NOUN,B2
clatter,clatter,哗啦声,NOUN,C1
clauses,clauses,词,NOUN,C1
clay stove,clay stove,词,NOUN,B1
clean pure,clean pure,纯净的,ADJ,A1
clean technology,clean technology,清洁技术,NOUN,C1
cleaner,cleaner,更干净的,ADJ,B2
cleaner (noun),cleaner,清洁剂,NOUN,B2
cleaning,cleaning,清洁,NOUN,B2
cleanliness cleanness,cleanliness cleanness,词,NOUN,C1
cleanly,cleanly,干净地,ADV,B2
cleanse,cleanse,词,VERB,C1
cleanup,cleanup,清理,NOUN,C1
clear,clear,当然,ADV,B2
clear as day,clear as day,一清二楚的,ADJ,B2
clear justice,clear justice,明正,NOUN,C1
clear limpid,clear limpid,词,ADJ,C1
clear the throat,clear the throat,词,VERB,B2
clear view,clear view,明见,NOUN,C1
clear weather,clear weather,晴,ADJ,A1
clearance,clearance,词,NOUN,C1
clearing of the throat,clearing of the throat,词,NOUN,C1
clench,clench,词,VERB,C1
clericalism,clericalism,词,NOUN,B2
clerk cleric,clerk cleric,词,NOUN,C1
clero,clergy,神职人员,NOUN,B2
cliché,cliche,陈词滥调,NOUN,B2
click (noun),click,词,NOUN,C1
clickbait,clickbait,词,NOUN,C1
cliente,client,客户,NOUN,B2
clientelismo,clientelism,庇护主义,NOUN,B2
cliff fall,cliff fall,坠崖,NOUN,C1
cliffhanger,cliffhanger,词,NOUN,B1
clima,climate,气候,NOUN,B2
climate denial,climate denial,气候否认,NOUN,B2
climatic,climatic,词,ADJ,C1
climatology,climatology,词,NOUN,C1
climbing,climbing,词,NOUN,B1
clinch,clinch,词,VERB,C1
clink,clink,词,NOUN,C1
clinking,clinking,词,NOUN,C1
clip,clip,夹子,NOUN,B2
clipping,clipping,词,NOUN,C1
clobber,clobber,词,VERB,C1
clock watch,clock watch,钟表,NOUN,B2
clog (noun),clog,词,NOUN,B2
clog (verb),clog,词,VERB,C1
cloister,cloister,回廊,NOUN,B2
clon,clone,克隆体,NOUN,B2
cloned,cloned,词,ADJ,C1
cloning,cloning,词,NOUN,C1
close a case,close a case,结案,VERB,B2
close scrutiny,close scrutiny,词,NOUN,C1
close well,close well,关好,NOUN,C1
closed disabled,closed disabled,关闭的/禁用的,ADJ,B2
closedness,closedness,封闭,NOUN,C1
closely,closely,紧密地,ADV,B2
closer,closer,更近的,ADJ,B2
closer (adv),closer,词,ADV,B2
closing,closing,词,NOUN,B2
closing argument,closing argument,辩护词,NOUN,B2
clothe,clothe,词,VERB,C1
cloud (adj),cloud,词,ADJ,C1
cloud computing,cloud computing,云计算,NOUN,B2
clouds,clouds,云,NOUN,B1
cloudy day,cloudy day,阴天,NOUN,B2
clout,clout,词,NOUN,C1
clove,clove,丁香,NOUN,C1
clover,clover,词,NOUN,C1
club,club,俱乐部,NOUN,B2
cluck,cluck,词,NOUN,C1
clueless,clueless,词,ADJ,C1
clump,clump,词,NOUN,C1
clumsily,clumsily,笨拙地,ADV,B2
clumsiness,clumsiness,笨拙,NOUN,B2
clunky,clunky,词,ADJ,C1
clutter,clutter,词,NOUN,C1
clásico,classical,古典的,ADJ,B2
clásico,classic,经典作品,NOUN,B2
cláusula,clause,从句,NOUN,B2
clímax,climax,高潮,NOUN,B2
co-,co-,共同,ADV,B2
co-conspirator,co-conspirator,同谋,NOUN,B2
co-determination,co-determination,共同决定权,NOUN,B2
co-founder,co-founder,词,NOUN,C1
co-occurrence,co-occurrence,词,NOUN,C1
co-ownership,co-ownership,共有产权,NOUN,B2
coagulated,coagulated,词,ADJ,C1
coagulation,coagulation,词,NOUN,B2
coalesce,coalesce,词,VERB,C1
coarse rough,coarse rough,词,ADJ,C1
coastal,coastal,沿海的,ADJ,B2
coastal (noun),coastal,词,NOUN,B2
coastline,coastline,词,NOUN,B2
coating,coating,词,NOUN,C1
coating plaster,coating plaster,词,NOUN,C1
cobarde,cowardly,懦弱的,ADJ,B2
cobarde,coward,懦夫,NOUN,B2
cobble,cobble,词,VERB,C1
cobbler,cobbler,词,NOUN,B2
cobrar,to cash,兑现,VERB,B2
cocaína,cocaine,可卡因,NOUN,B2
coche a control remoto,remote-controlled car,遥控车,NOUN,B2
coche deportivo,sports car,跑车,NOUN,B2
cock,cock,词,NOUN,B2
cockroach,cockroach,词,NOUN,A1
cocoa,cocoa,词,NOUN,C1
coconut,coconut,椰子,NOUN,B2
cod,cod,词,NOUN,B1
coddle,coddle,词,VERB,C1
code of conduct,code of conduct,词,NOUN,C1
codicia,covetousness,贪欲,NOUN,B2
codicil,codicil,词,NOUN,C1
codicology,codicology,词,NOUN,C1
codification,codification,法典化,NOUN,C1
codified,codified,词,ADJ,C1
codorniz,quail,鹌鹑,NOUN,B2
coeficiente,coefficient,系数,NOUN,B2
coffee maker,coffee maker,词,NOUN,A2
cog,cog,词,NOUN,C1
cogency,cogency,词,NOUN,C1
cogitate,cogitate,词,VERB,C1
cogito,cogito,词,NOUN,C1
cognac,cognac,干邑,NOUN,B2
cognizance,cognizance,词,NOUN,C1
cogwheel,cogwheel,词,NOUN,C1
cohabitation,cohabitation,词,NOUN,C1
cohere,cohere,词,VERB,C1
cohete,rocket,火箭,NOUN,B2
cohort,cohort,队列,NOUN,B2
cohort-based,cohort-based,队列的,ADJ,B2
coil (noun),coil,词,NOUN,C1
coin purse,coin purse,零钱包,NOUN,B2
coincidence of ideas,coincidence of ideas,词,NOUN,C1
coincidentally by chance,coincidentally by chance,恰巧,ADV,B2
coining,coining,词,NOUN,B2
coins,coins,词,NOUN,C1
coke,coke,可卡因,NOUN,B2
col,cabbage,卷心菜,NOUN,B2
cola,cola,可乐,NOUN,B2
cola,tail,尾巴,NOUN,B2
colaborador,collaborator,合作者,NOUN,B2
colarse,to sneak,潜行,VERB,B2
colcha,quilt,被子,NOUN,B2
cold arrow,cold arrow,冷箭,NOUN,C1
cold case,cold case,悬案,NOUN,B2
cold hands,cold hands,手冰,NOUN,C1
cold weather,cold weather,天冷,NOUN,C1
colder,colder,更冷的,ADJ,B2
coldness,coldness,词,NOUN,B2
colectivo,collective,集体的,ADJ,B2
colesterol,cholesterol,胆固醇,NOUN,B2
colgar,to hang up,挂断,VERB,B2
colic,colic,词,NOUN,C1
coliflor,cauliflower,花椰菜,NOUN,B2
colinas,hills,丘陵,NOUN,B2
colisionar,to collide,碰撞,VERB,B2
collar,collar,衣领,NOUN,B2
collar,necklace,项链,NOUN,B2
collarbone,collarbone,词,NOUN,B2
colleague female,colleague female,词,NOUN,B2
collect evidence,collect evidence,取证,VERB,C1
collect seeds,collect seeds,采种,VERB,C1
collected,collected,收集的,ADJ,B2
collectie,collectie,收藏,NOUN,B2
collections,collections,词,NOUN,C1
collective (noun),collective,集体,NOUN,B2
collective labor agreement,collective labor agreement,集体劳动协议,NOUN,B2
collectivism,collectivism,词,NOUN,C1
collectivization,collectivization,集体化,NOUN,B2
collectomania,collectomania,收藏癖,NOUN,B2
college,college,学院,NOUN,B2
college entrance examination,college entrance examination,高考,NOUN,B2
collegial,collegial,同事的,ADJ,B2
collegiality,collegiality,词,NOUN,C1
collocation,collocation,词,NOUN,C1
colloidal,colloidal,胶体的,ADJ,C1
colloquial language,colloquial language,词,NOUN,C1
colocación,placement,放置,NOUN,B2
colon,colon,冒号,NOUN,B2
colon (punct),colon,词,PUNCT,A2
colonial,colonial,词,ADJ,C1
colonial settlers,colonial settlers,词,NOUN,C1
colonialismo,colonialism,殖民主义,NOUN,B2
colonist,colonist,词,NOUN,B2
colonizing,colonizing,词,ADJ,C1
colonnade,colonnade,词,NOUN,C1
colonoscopy,colonoscopy,肠镜,NOUN,C1
colony,colony,殖民地,NOUN,B2
colorear,color,颜色,NOUN,B2
colorear,to color,着色,VERB,B2
colored,colored,有色的,ADJ,B2
coloredness,coloredness,有色性,NOUN,B2
coloring,coloring,词,NOUN,B2
colour,colour,颜色,NOUN,B2
coludir,to collude,勾结,VERB,B2
columna vertebral,backbone,脊梁,NOUN,B2
columnar,columnar,词,ADJ,C1
columnist,columnist,词,NOUN,C1
columpio,swing,秋千,NOUN,B2
colusión de licitación,bid collusion,串标,NOUN,B2
coma,coma,昏迷,NOUN,B2
combate,combating,打击,NOUN,B2
combatir,to combat,对抗,VERB,B2
combinations,combinations,词,NOUN,C1
combinatorial,combinatorial,组合的,ADJ,B2
combinatorics,combinatorics,词,NOUN,C1
combing,combing,词,NOUN,C1
combining,combining,结合的,ADJ,B2
combustibility,combustibility,词,NOUN,C1
combustion,combustion,词,NOUN,C1
come (sconj),come,来 来,SCONJ,B2
come again,come again,再来,VERB,B2
come and take,come and take,有本事来拿,NOUN,C1
come on,come on,词,INTJ,C1
comediante,comedian,喜剧演员,NOUN,B2
comentario,remark,评论,NOUN,B2
comer,comer,词,NOUN,C1
comet,comet,彗星,NOUN,B2
cometa,kite,风筝,NOUN,B2
comfortable tranquility,comfortable tranquility,词,NOUN,C1
comforted,comforted,宽慰,ADJ,B2
comic (noun),comic,词,NOUN,B2
comicness,comicness,词,NOUN,C1
comida,meal,一餐,NOUN,B2
comida enlatada,canned food,罐头食品,NOUN,B2
coming,coming,مجيء,NOUN,B2
coming (adj),coming,即将到来的,ADJ,C1
coming and going,coming and going,往来,NOUN,B2
coming-of-age attire,coming-of-age attire,元服,NOUN,C1
comma,comma,逗号,PUNCT,B2
command,to command,命令,VERB,B2
command room,command room,指挥室,NOUN,B2
commandeer,commandeer,词,VERB,C1
commanding officer,commanding officer,司令,NOUN,B2
commanding presence,commanding presence,威严,NOUN,C1
commandment,commandment,词,NOUN,C1
commence,commence,词,VERB,B2
commencement,commencement,开始,NOUN,B2
commend,commend,词,VERB,C1
commendation,commendation,词,NOUN,C1
commensurability,commensurability,词,NOUN,C1
commentaries,commentaries,词,NOUN,C1
commentator,commentator,评论员,NOUN,B2
commerce,commerce,商业,NOUN,B2
commercial (noun),commercial,词,NOUN,B2
commercial center,commercial center,商业中心,NOUN,C1
commercialization,commercialization,词,NOUN,C1
commiserate,commiserate,词,VERB,C1
commissioner,commissioner,专员,NOUN,B2
commitments,commitments,词,NOUN,C1
committed,committed,投入的,ADJ,B2
committee member,committee member,委员,NOUN,C1
committees,committees,词,NOUN,C1
commodatum,commodatum,词,NOUN,C1
commodification,commodification,词,NOUN,C1
commodity,commodity,商品,NOUN,B2
common good,common good,词,NOUN,B2
common opinion,common opinion,词,NOUN,C1
common saying,common saying,俗话,NOUN,B2
common sense,common sense,常识,NOUN,B2
common shared,common shared,词,ADJ,B1
commonality,commonality,共同点,NOUN,B2
commonly,commonly,词,ADV,C1
commonplace,commonplace,词,ADJ,C1
commotion,commotion,骚动,NOUN,B2
communal work,communal work,词,NOUN,C1
communautarization,communautarization,社群化,NOUN,B2
communes,communes,词,NOUN,C1
communicativeness,communicativeness,词,NOUN,C1
communism,communism,共产主义,NOUN,B2
communist,communist,شيوعي,ADJ,B2
communist (noun),communist,共产主义者,NOUN,C1
communitarian,communitarian,词,ADJ,C1
communitarianism,communitarianism,社群主义,NOUN,B2
community-related,community-related,社区的,ADJ,B2
commuter,commuter,词,NOUN,A2
como,as,作为,SCONJ,B2
como si,as if,仿佛,ADV,B2
comorbidity,comorbidity,共病,NOUN,B2
compact disc,compact disc,光盘,NOUN,B1
compactness,compactness,词,NOUN,C1
companion,companion,同伴,NOUN,B2
companionship,companionship,陪伴,NOUN,B2
comparability,comparability,词,NOUN,C1
comparative,comparative,比较的,ADJ,B2
comparative weighing,comparative weighing,词,NOUN,C1
compared to than,compared to than,比,ADP,A1
compartmental,compartmental,词,ADJ,C1
compassion sympathy,compassion sympathy,同情/怜悯,NOUN,B2
compatible,compatible,词,ADJ,C1
compañero,fellow,家伙,NOUN,B2
compañero de equipo,teammate,队友,NOUN,B2
compañero de juegos,playmate,玩伴,NOUN,B2
compañero de piso,roommate,室友,NOUN,B2
compelling,compelling,词,ADJ,C1
compensar,to make up for,弥补,VERB,B2
compensatory leave,compensatory leave,调休,NOUN,B2
competence,competence,能力,NOUN,B2
competencies,competencies,词,NOUN,B2
competing,competing,词,ADJ,C1
competition bastard,competition bastard,,NOUN,B2
competitive,competitive,竞争的,ADJ,B2
competitive exam,competitive exam,词,NOUN,B2
competitor,competitor,竞争者,NOUN,B2
complaint,complaint,投诉,NOUN,B2
complaints,complaints,词,NOUN,C1
complementarity,complementarity,互补性,NOUN,B2
complete (noun),complete,具,NOUN,C1
complete idiot,complete idiot,词,NOUN,C1
complete works,complete works,全集,NOUN,B2
completed-action particle,completed-action particle,了,PART,A1
completeness,completeness,completeness,NOUN,B2
completion,completion,完成,NOUN,B2
completion ceremony,completion ceremony,竣工仪式,NOUN,C1
complex,complex,建筑群,NOUN,B2
complexity,complexity,复杂性,NOUN,B2
compliant,compliant,符合的,ADJ,B2
complication,complication,周折,NOUN,B2
complications,complications,词,NOUN,C1
complicit,complicit,共谋的,ADJ,B2
comply,to comply,遵守,VERB,B2
composable,composable,可组合的,ADJ,B2
composed,composed,稳重的,ADJ,B2
composer,composer,作曲家,NOUN,B2
compositional,compositional,词,ADJ,C1
compost,compost,堆肥,NOUN,B2
compostable,compostable,可堆肥的,ADJ,B2
compound,compound,复合性,ADJ,B2
compound fertilizer,compound fertilizer,复合肥,NOUN,C1
comprador,buyer,买家,NOUN,B2
comprar,to purchase,购买,VERB,B2
comprar,to shop,购物,VERB,B2
compras,shopping,购物,NOUN,B2
comprehend,to comprehend,理解,VERB,B2
comprehensibility,comprehensibility,词,NOUN,C1
comprehension,comprehension,理解,NOUN,B2
comprehensive,comprehensive,全面的,ADJ,B2
comprensible,understandable,可理解的,ADJ,B2
compressed,compressed,词,ADJ,C1
compressibility,compressibility,词,NOUN,C1
compressible,compressible,词,ADJ,C1
compressor,compressor,压缩机,NOUN,B2
comprise,comprise,词,VERB,C1
compromise,compromise,妥协,NOUN,B2
compromise,to compromise,危及,VERB,B2
compromiso social,social compromise,社会妥协,NOUN,B2
compulsion,compulsion,词,NOUN,C1
compulsiveness,compulsiveness,强迫性,NOUN,B2
compulsorily,compulsorily,词,ADV,C1
compurgation oath,compurgation oath,词,NOUN,C1
computability,computability,词,NOUN,C1
computer mouse,computer mouse,词,NOUN,B1
computer program,computer program,电脑程序,NOUN,B2
computer specialist,computer specialist,计算机专家,NOUN,B2
computing,computing,计算机科学,NOUN,B2
común,joint,平等的,ADJ,B2
con artist,con artist,词,NOUN,B1
con más frecuencia,more often,更频繁,ADV,B2
concave,concave,凹的,ADJ,B2
conceal,to conceal,隐藏,VERB,B2
concealed,concealed,词,ADJ,C1
conceder,to give to grant,予以,VERB,B2
conceivable,conceivable,可设想的,ADJ,B2
concentrated,concentrated,浓,ADJ,B1
concentric,concentric,词,ADJ,C1
concepts,concepts,词,NOUN,C1
conceptual,conceptual,概念的,ADJ,B2
conceptualize,conceptualize,词,VERB,C1
concern,concern,担忧,NOUN,B2
concerned,concerned,担忧的,ADJ,B2
concerning,concerning,关于,ADP,B2
concerns,concerns,词,NOUN,C1
concert hall,concert hall,音乐厅,NOUN,C1
concerto,concerto,词,NOUN,C1
concessionary,concessionary,让步的,ADJ,B2
conciencia,awareness,意识,NOUN,B2
concision,concision,简洁,NOUN,C1
conclude treaty,conclude treaty,缔约,VERB,B2
concluding,concluding,推断的,ADJ,B2
conclusion of contract,conclusion of contract,词,NOUN,C1
concomitantly,concomitantly,词,ADV,B2
concretization,concretization,词,NOUN,C1
concubine dismissal,concubine dismissal,让妾,NOUN,B2
concur,concur,词,VERB,C1
concurrently,concurrently,词,ADV,C1
concurso,contest,比赛,NOUN,B2
concussion,concussion,脑震荡,NOUN,B2
condado,county,县,NOUN,B2
condemnation,condemnation,谴责,NOUN,B2
condenar,to convict,定罪,VERB,B2
condenar,to sentence,判决,VERB,B2
condense,to condense,浓缩,VERB,B2
condenser,condenser,词,NOUN,C1
condesa,countess,女伯爵,NOUN,B2
conditional,conditional,条件的,ADJ,B2
conditioning (noun),conditioning,词,NOUN,C1
conditioning adaptation air conditioning,conditioning adaptation air conditioning,词,NOUN,C1
condolences,condolences,哀悼,NOUN,B2
condom,condom,避孕套,NOUN,B2
conduciveness,conduciveness,词,NOUN,C1
conduct,conduct,行为,NOUN,B2
conduct,to conduct,أجرى,VERB,B2
conductivity,conductivity,导电性,NOUN,B2
conductor,conductor,词,NOUN,C1
conductor designado,designated driver,代驾,NOUN,B2
cone,cone,圆锥体,NOUN,B2
conectarse,to go online,上网,VERB,B2
confederal,confederal,词,ADJ,C1
conference center,conference center,会议中心,NOUN,C1
conference paper,conference paper,会议论文,NOUN,C1
conference talk,conference talk,词,NOUN,C1
conference-based,conference-based,会议的,ADJ,B2
conferencia de prensa,press conference,新闻发布会,NOUN,B2
confetti,confetti,词,NOUN,C1
confianza,reliance,信赖,NOUN,B2
confiar,to rely,依赖,VERB,B2
confiar en,to rely on,依靠,VERB,B2
confidentiality,confidentiality,保密性,NOUN,B2
confiding,confiding,词,NOUN,C1
configuration,configuration,配置,NOUN,B2
configure,configure,词,VERB,C1
configured,configured,词,ADJ,C1
confines edges,confines edges,词,NOUN,C1
conflictual,conflictual,词,ADJ,C1
conform to,conform to,符合,VERB,A2
conformidad,accord with,合乎,NOUN,B2
conforming,conforming,遵从的,ADJ,B2
conformism,conformism,因循守旧,NOUN,B2
conformist,conformist,从众的,ADJ,B2
conformity,conformity,词,NOUN,B2
confound,confound,词,VERB,C1
confounded,confounded,该死的,ADJ,B2
confronting,confronting,对峙的,ADJ,B2
confundir,puzzle,谜题,NOUN,B2
confundir,to puzzle,使困惑,VERB,B2
confused (adv),confused,词,ADV,B1
confused embarrassed,confused embarrassed,词,ADJ,C1
confused hesitant,confused hesitant,词,ADJ,A2
confusedly,confusedly,词,ADV,C1
confusing,confusing,令人困惑的,ADJ,B2
congeal,congeal,词,VERB,C1
congratulations,congratulations,祝贺,NOUN,B2
congregate,congregate,词,VERB,C1
conifer,conifer,针叶树,NOUN,B2
coniferous forest,coniferous forest,针叶林,NOUN,B2
conjoin,conjoin,词,VERB,C1
conjugation,conjugation,变位,NOUN,B2
conjunctural,conjunctural,词,ADJ,C1
conmutador,switchboard,总机,NOUN,B2
connected,connected,连接的,ADJ,B2
connectedness,connectedness,词,NOUN,C1
connecting,connecting,连接的,ADJ,B2
connective,connective,连接的,ADJ,B2
connector,connector,词,NOUN,B2
connive,connive,词,VERB,C1
conniving,conniving,词,ADJ,C1
connotative,connotative,内涵的,ADJ,B2
conocer,to get acquainted,相互认识,VERB,B2
conocido,known,已知的,ADJ,B2
conocimiento,clear knowledge,明知,NOUN,B2
conquests,conquests,征服,NOUN,C1
conscientious objection,conscientious objection,良知抗拒,NOUN,B2
conscientiously,conscientiously,词,ADV,C1
consciously,consciously,有意识地,ADV,B2
consciousness,consciousness,意识,NOUN,B2
conscript,conscript,词,NOUN,C1
conscription,conscription,词,NOUN,C1
consecration,consecration,词,NOUN,C1
consecutive,consecutive,连续的,ADJ,B2
consecutive cards,consecutive cards,连牌,NOUN,B2
consecutive falls,consecutive falls,连下,NOUN,C1
consensualism,consensualism,词,NOUN,C1
consequences,consequences,后果,NOUN,B1
consequently,consequently,因此,ADV,B2
conserje,caretaker,房屋管理员,NOUN,B2
conservation,conservation,保护,NOUN,B2
conservatism,conservatism,词,NOUN,C1
conservative,conservative,保守的,ADJ,B2
considerable,considerable,相当大的,ADJ,B2
considerable (noun),considerable,不小,NOUN,C1
considerably,considerably,相当地,ADV,B2
considerate,considerate,体贴,ADJ,B2
considered,considered,词,ADJ,B1
consolidable,consolidable,词,ADJ,C1
consolidating,consolidating,巩固的,ADJ,B2
consolidation,consolidation,词,NOUN,C1
consort,consort,福晋,NOUN,B2
conspiratorial,conspiratorial,阴谋的,ADJ,B2
constancy,constancy,恒定,NOUN,B2
constant,constant,常数,NOUN,B2
constantly,constantly,不断地,ADV,B2
constants,constants,词,NOUN,C1
constative,constative,词,ADJ,C1
constituencies,constituencies,词,NOUN,C1
constitution,constitution,宪法,NOUN,B2
constitutional,constitutional,宪法的,ADJ,B2
constitutional amendment,constitutional amendment,词,NOUN,C1
constitutional article,constitutional article,词,NOUN,C1
constitutionality,constitutionality,合宪性,NOUN,B2
constitutionalization,constitutionalization,词,NOUN,B2
constitutive,constitutive,构成的,ADJ,B2
constraints,constraints,词,NOUN,C1
constrict,constrict,词,VERB,C1
construct,to construct,建造,VERB,B2
construction site,construction site,工地,NOUN,B2
constructive,constructive,建设性的,ADJ,B2
constructiveness,constructiveness,词,NOUN,C1
constructivism,constructivism,建构主义,NOUN,B2
construe,construe,词,VERB,C1
consular,consular,领事的,ADJ,B2
consult reference,to consult reference,参考,VERB,B2
consulta,consultation,咨询,NOUN,B2
consultations,consultations,磋商,NOUN,C1
consultor,consultant,顾问,NOUN,B2
consumerist,consumerist,词,ADJ,B2
consumidor,consumer,消费者,NOUN,B2
consumptive,consumptive,消费的,ADJ,B2
contabilidad,accounting,会计,NOUN,B2
contable,accountant,会计师,NOUN,B2
contact person,contact person,联系人,NOUN,B2
contactar,to contact,联系,VERB,B2
contacts,contacts,人脉,NOUN,B2
contactual,contactual,接触的,ADJ,B2
containment,containment,词,NOUN,C1
contaminado,polluted,受污染的,ADJ,B2
contaminante,pollutant,污染物,NOUN,B2
contaminar,to contaminate,污染,VERB,B2
contaminated,contaminated,受污染的,ADJ,B2
contaminating,contaminating,污染的,ADJ,B2
contar,to count as,算,VERB,B2
contemn,contemn,蔑视,VERB,C1
contemplar,gaze,目视,NOUN,B2
contemplar,to gaze,凝视,VERB,B2
contemporaneity,contemporaneity,词,NOUN,C1
contemporary (noun),contemporary,当代,NOUN,B1
contemptuously,contemptuously,词,ADV,C1
contener,to curb,抑制,VERB,B2
content (adj),content,词,ADJ,B2
contentious,contentious,有争议的,ADJ,B2
contento,glad,高兴的,ADJ,B2
contents,contents,内有,NOUN,B2
contested,contested,有争议的,ADJ,B2
contextual,contextual,语境的,ADJ,B2
contextuality,contextuality,语境性,NOUN,C1
contextualization,contextualization,词,NOUN,C1
continental,continental,词,ADJ,B2
continuación,continuation,延续,NOUN,B2
continual,continual,持续的,ADJ,B2
continually,continually,不断地,ADV,B2
continued,continued,持续的,ADJ,B2
continuidad,continuity,连续性,NOUN,B2
continuously,continuously,一直,ADV,A1
contort,contort,词,VERB,C1
contrabando,smuggling,走私,NOUN,B2
contracalidad,counter-quality,反质,NOUN,B2
contracting,contracting,词,NOUN,C1
contraction,contraction,收缩,NOUN,C1
contractor,contractor,词,NOUN,B1
contractual,contractual,合同的,ADJ,B2
contractual nature,contractual nature,词,NOUN,C1
contractuality,contractuality,词,NOUN,C1
contractualization,contractualization,契约化,NOUN,B2
contradictoriness,contradictoriness,词,NOUN,C1
contraestructura,counter-structure,反结,NOUN,B2
contraforma,counter-form,反式,NOUN,B2
contrahabilidad,counter-skill,反技,NOUN,B2
contraindicate,contraindicate,词,VERB,C1
contraindication,contraindication,词,NOUN,C1
contralógica,counter-logic,反逻,NOUN,B2
contramecanismo,counter-mechanism,反机,NOUN,B2
contramodelo,counter-model,反模,NOUN,B2
contraobservación,counter-observation,反察,NOUN,B2
contraparte,counterpart,对应的人或物,NOUN,B2
contrariamente,conversely,相反地,ADV,B2
contrario,contrary,反而,NOUN,B2
contrarrestar,counter,柜台,NOUN,B2
contrarrestar,to counter,反击,VERB,B2
contraruta,counter-route,反途,NOUN,B2
contrary (adj),contrary,词,ADJ,C1
contrary to expectations,contrary to expectations,偏偏,ADV,B2
contrasistema,counter-system,反系,NOUN,B2
contrastive,contrastive,词,ADJ,C1
contrasuela,counter-sole,反唯,NOUN,B2
contratación,hiring,招聘,NOUN,B2
contratendencia,counter-trend,反势,NOUN,B2
contratipo,counter-type,反型,NOUN,B2
contratécnica,counter-technique,反术,NOUN,B2
contributions,contributions,词,NOUN,C1
contrive,contrive,词,VERB,C1
control,control,控制,NOUN,B2
controllability,controllability,词,NOUN,C1
controller,controller,词,NOUN,C1
controlling,controlling,词,ADJ,C1
contumacy,contumacy,词,NOUN,C1
contusion trauma,contusion trauma,挫伤 / 外伤,NOUN,C1
convalesce,convalesce,词,VERB,B2
convalescence,convalescence,词,NOUN,C1
convenant,convenant,词,NOUN,C1
convencido,convinced,确信的,ADJ,B2
convenience store,convenience store,便利店,NOUN,C1
convening,convening,召集,NOUN,C1
conventionality,conventionality,词,NOUN,C1
convergent,convergent,词,ADJ,C1
conversation technique,conversation technique,词,NOUN,C1
conversional,conversional,转换的,ADJ,B2
convertible,convertible,可兑换的,ADJ,B2
conveyance,conveyance,词,NOUN,C1
conveyance routing,conveyance routing,词,NOUN,B2
convict (noun),convict,词,NOUN,C1
convicted,convicted,被判罪的,ADJ,B2
conviviality,conviviality,温馨,NOUN,B2
convoke,convoke,词,VERB,C1
convolutional,convolutional,卷积的,ADJ,B2
convoy,convoy,词,NOUN,B2
convulse,convulse,词,VERB,C1
cookbook,cookbook,词,NOUN,C1
cooked,cooked,熟的,ADJ,B2
cooking,cooking,烹饪,NOUN,B2
cooking wine,cooking wine,料酒,NOUN,B2
cool-headed,cool-headed,冷静的,ADJ,B2
cooler,cooler,词,ADJ,C1
cooler coolant,cooler coolant,冷却器 / 冷却液,NOUN,C1
coop,coop,词,VERB,C1
cooperación,cooperation,合作,NOUN,B2
cooperar,to cooperate,合作,VERB,B2
cooperative (adj),cooperative,词,ADJ,C1
cooperative (noun),cooperative,词,NOUN,B1
coordenada,coordinate,坐标,NOUN,B2
coordinador,coordinator,协调员,NOUN,B2
coordinated,coordinated,词,ADJ,C1
coordinates,coordinates,词,NOUN,C1
coordination,coordination,词,NOUN,B2
cope with,cope with,应对,VERB,B2
copo de nieve,snowflake,雪花,NOUN,B2
copropiedad,joint ownership,共有,NOUN,B2
coquettish,coquettish,词,ADJ,C1
coral,coral,珊瑚,NOUN,B2
coral (adj),coral,词,ADJ,C1
coral reef,coral reef,珊瑚礁,NOUN,B2
corazón rebelde,rebellious heart,反心,NOUN,B2
corcho,cork,软木塞,NOUN,B2
cordero,mutton,羊肉,NOUN,B2
cordial,cordial,词,ADJ,B2
cordiality,cordiality,词,NOUN,C1
cordially,cordially,亲切地,ADV,B2
cordoning,cordoning,词,NOUN,C1
core course,core course,核心课,NOUN,B2
coriander,coriander,词,NOUN,B2
cornea,cornea,角膜,NOUN,B2
cornice,cornice,檐口,NOUN,B2
corniche,corniche,词,NOUN,C1
coronación,coronation,加冕,NOUN,B2
corporal,corporal,下士,NOUN,B2
corporatism,corporatism,法团主义,NOUN,B2
corpse alike,corpse alike,尸体/相似的,NOUN,B2
corpuscle,corpuscle,词,NOUN,C1
corrección de pruebas,proofreading,校对,NOUN,B2
correct deviation,correct deviation,纠偏,VERB,C1
correct errors,correct errors,纠错,VERB,C1
correctional,correctional,词,ADJ,C1
corrections,corrections,刑事司法,NOUN,B2
correctness,correctness,正确性,NOUN,B2
corredor,broker,经纪人,NOUN,B2
corredor,corridor,走廊,NOUN,B2
corredor,runner,跑步者,NOUN,B2
correlate,correlate,词,VERB,C1
correlatively,correlatively,词,ADV,B2
correo,post,邮件,NOUN,B2
correr,to run quickly,奔驰,VERB,B2
correspondence course,correspondence course,函授,NOUN,C1
correspondents,correspondents,词,NOUN,C1
correspondiente,matching,配套,ADJ,B2
corridors,corridors,词,NOUN,C1
corriente principal,mainstream,主流,NOUN,B2
corrupted,corrupted,,NOUN,B2
corruptibility,corruptibility,词,NOUN,C1
corrupto,corrupt,腐败的,ADJ,B2
cortar,chop,砍,NOUN,B2
cortar,to chop,砍,VERB,B2
cortar,to cut off,切断,VERB,B2
corte imperial,imperial court,朝廷,NOUN,B2
cortical,cortical,皮层的,ADJ,C1
cosmetics,cosmetics,化妆品,NOUN,B2
cosmic,cosmic,宇宙的,ADJ,B2
cosmogony,cosmogony,词,NOUN,C1
cosmology,cosmology,宇宙学,NOUN,B2
cosmopolitanism,cosmopolitanism,词,NOUN,B2
cosmos,cosmos,词,NOUN,C1
costly,costly,昂贵的,ADJ,B2
costs,costs,费用,NOUN,B2
costumbre,habitually in the past,往常,NOUN,B2
costumes,costumes,词,NOUN,B2
cosy,cosy,舒适的,ADJ,B2
cottage,cottage,小屋,NOUN,B2
cotton cloth,cotton cloth,棉布,NOUN,C1
couch,couch,词,NOUN,B1
could,could,词,AUX,A1
could it be,could it be,难不成,ADJ,B2
could it be that,could it be that,难道,ADV,A2
council-related,council-related,词,ADJ,C1
councils,councils,委员会,NOUN,C1
counsel,counsel,词,NOUN,B2
counselor,counselor,词,NOUN,C1
countability,countability,屈指可数,NOUN,B2
counter clerk,counter clerk,词,NOUN,B1
counter-argument,counter-argument,反辩,NOUN,B2
counter-art,counter-art,反艺,NOUN,C1
counter-belief,counter-belief,反信,NOUN,B2
counter-body,counter-body,反体,NOUN,C1
counter-boundary,counter-boundary,反界,NOUN,B2
counter-cause,counter-cause,反因,NOUN,C1
counter-class,counter-class,反类,NOUN,C1
counter-criterion,counter-criterion,反准,NOUN,C1
counter-domain,counter-domain,反畴,NOUN,B2
counter-evidence,counter-evidence,反据,NOUN,B2
counter-grade,counter-grade,反级,NOUN,C1
counter-image,counter-image,反象,NOUN,B2
counter-layer,counter-layer,反层,NOUN,B2
counter-level,counter-level,反阶,NOUN,C1
counter-limit,counter-limit,反限,NOUN,B2
counter-number,counter-number,反数,NOUN,C1
counter-path,counter-path,反径,NOUN,C1
counter-price,counter-price,反价,NOUN,C1
counter-process,counter-process,反程,NOUN,C1
counter-quantity,counter-quantity,反量,NOUN,B2
counter-segment,counter-segment,反段,NOUN,B2
counter-standard,counter-standard,反标,NOUN,C1
counter-step,counter-step,反步,NOUN,C1
counter-strategy,counter-strategy,反略,NOUN,C1
counter-thought,counter-thought,反想,NOUN,C1
counter-trace,counter-trace,反迹,NOUN,C1
counter-track,counter-track,反轨,NOUN,C1
counter-value,counter-value,反值,NOUN,C1
counter-work,counter-work,反工,NOUN,C1
counteract,counteract,词,VERB,C1
counterargument,counterargument,反论点,NOUN,B2
counterbalance,counterbalance,词,VERB,C1
counterclaim,counterclaim,反诉,VERB,C1
counterfactual,counterfactual,反实,NOUN,C1
countermand,countermand,词,VERB,C1
countermeasure,countermeasure,反制,NOUN,C1
counterproductivity,counterproductivity,适得其反,NOUN,B2
country land,country land,词,NOUN,A1
county magistrate,county magistrate,县长,NOUN,C1
county road,county road,县道,NOUN,B2
couple pair,couple pair,一对,NOUN,B2
courageous,courageous,勇敢的,ADJ,B2
courageously,courageously,词,ADV,C1
court and country,court and country,朝野,NOUN,C1
court appearance,court appearance,词,NOUN,C1
court case,court case,诉讼,NOUN,B2
court clerk,court clerk,词,NOUN,C1
court costs,court costs,词,NOUN,C1
court fee,court fee,诉讼费,NOUN,B2
court hearing,court hearing,庭审,NOUN,C1
courteous,courteous,有礼貌的,ADJ,B2
courtyard guard,courtyard guard,护院,NOUN,B2
couscous,couscous,词,NOUN,A1
couscous steamer,couscous steamer,古斯古斯蒸锅,NOUN,B1
cousin female,cousin female,词,NOUN,B2
cover a shift,cover a shift,替班,VERB,B2
cover blanket,cover blanket,覆盖物,NOUN,B2
cover-up,cover-up,词,NOUN,C1
coward (noun),coward,懦夫,NOUN,B1
cower,cower,词,VERB,C1
coworker,coworker,同事,NOUN,B2
cowpeas,cowpeas,词,NOUN,B2
coágulo,clot,凝块,NOUN,B2
crackdown,crackdown,词,NOUN,C1
cracker,cracker,饼干,NOUN,B2
cracking,cracking,词,NOUN,B2
crafty,crafty,狡猾,ADJ,B2
cramped,cramped,词,ADJ,C1
cranberry,cranberry,蔓越莓,NOUN,C1
crank,crank,词,NOUN,C1
crap,crap,屎,NOUN,B2
crash bang,crash bang,词,NOUN,C1
cravenly,cravenly,词,ADV,C1
crayon,crayon,词,NOUN,C1
craze,craze,狂热,NOUN,B2
crazy nutcase,crazy nutcase,词,NOUN,C1
creador,creator,创造者,NOUN,B2
creamy,creamy,词,ADJ,C1
crease,crease,词,NOUN,C1
creatividad,creativity,创造力,NOUN,B2
creativo,creative,有创造力的,ADJ,B2
crecer,to grow up,成长,VERB,B2
crecientemente,increasingly,越来越,ADV,B2
credentials,credentials,国书,NOUN,B2
credibilidad,credibility,可信度,NOUN,B2
credible,credible,词,ADJ,C1
creditor's rights,creditor's rights,债权,NOUN,B2
creep,creep,令人厌恶的人,NOUN,B2
creep (verb),creep,词,VERB,B2
creepy,creepy,令人毛骨悚然的,ADJ,B2
creer,to believe,相信,VERB,B2
cremate,cremate,词,VERB,C1
cremation,cremation,火化,NOUN,B2
crenelate,crenelate,词,VERB,C1
crepúsculo,dusk,黄昏,NOUN,B2
crescendo,crescendo,词,NOUN,C1
crescent,crescent,crescent,NOUN,B2
criada,maidservant,女仆,NOUN,B2
crianza,nurturing,养好,NOUN,B2
criar,to nurture,养育,VERB,B2
crib,crib,词,NOUN,C1
crick,crick,词,NOUN,C1
crime novel,crime novel,词,NOUN,B1
crime occur,crime occur,案发,VERB,B2
criminal law,criminal law,刑法,NOUN,B2
criminal record,criminal record,词,NOUN,B2
criminalizar,to criminalize,定罪,VERB,B2
criminalization,criminalization,词,NOUN,C1
cringe,cringe,词,VERB,C1
crinkle,crinkle,词,VERB,C1
cripple,cripple,词,VERB,C1
crisis,crisis,危机,NOUN,B2
crisis deepening,crisis deepening,词,NOUN,C1
crisis of conscience,crisis of conscience,词,NOUN,C1
crisis situation,crisis situation,危机局势,NOUN,B2
crisis-ridden,crisis-ridden,词,ADJ,C1
crisp,crisp,词,ADJ,C1
cristal,crystal,水晶,NOUN,B2
criticidad,criticality,临界性,NOUN,B2
critique,critique,词,NOUN,C1
crocodile,crocodile,词,NOUN,A1
cromosoma,chromosome,染色体,NOUN,B2
cronyism,cronyism,词,NOUN,C1
crook,crook,骗子,NOUN,B2
cross-border,cross-border,边境的,ADJ,B2
cross-cultural exchange,cross-cultural exchange,词,NOUN,C1
cross-cutting,cross-cutting,词,ADJ,C1
crossbow,crossbow,弓弩,NOUN,C1
crossing the border,crossing the border,越境,NOUN,B2
crosstalk,crosstalk,相声,NOUN,B2
crosswalk,crosswalk,斑马线,NOUN,B2
crosswise,crosswise,词,ADJ,C1
crouch (noun),crouch,词,NOUN,B2
crowbar,crowbar,词,NOUN,B2
crowded,crowded,拥挤,ADJ,B2
crowdfunding,crowdfunding,众筹,NOUN,B2
crowdsourcing,crowdsourcing,众包,NOUN,C1
cruce,crossing,交叉口,NOUN,B2
crucial,crucial,至关重要的,ADJ,B2
crucifixion,crucifixion,词,NOUN,C1
crucify,crucify,词,VERB,C1
crude,crude,简陋,ADJ,B2
crude oil,crude oil,原油,NOUN,B2
cruel,cruel,残忍的,ADJ,B2
cruelly,cruelly,残酷地,ADV,B2
cruelty harshness,cruelty harshness,词,NOUN,B2
cruise passenger,cruise passenger,词,NOUN,B1
crujir,to crunch,嘎吱作响,VERB,B2
crumb,crumb,词,NOUN,C1
crumbs,crumbs,词,NOUN,B2
crunching,crunching,词,NOUN,C1
crunchy,crunchy,脆的,ADJ,B1
crusade,crusade,运动,NOUN,B2
crushing,crushing,词,NOUN,B2
cry weep,cry weep,词,VERB,A1
crying shouting,crying shouting,词,NOUN,B1
cryptic,cryptic,词,ADJ,C1
cryptocurrency,cryptocurrency,加密货币,NOUN,C1
crystal clear,crystal clear,清澈的,ADJ,B2
crystal glass,crystal glass,词,NOUN,B1
crystallization,crystallization,词,NOUN,C1
crystallize,crystallize,词,VERB,C1
crítico,critic,评论家,NOUN,B2
cuaderno,notebook,笔记本,NOUN,B2
cuadrado,square,平方的,ADJ,B2
cualificado,qualified,合格的,ADJ,B2
cualitativo,qualitative,定性的,ADJ,B2
cualquiera,any,任何,PRON,B2
cuando,if when,如果,SCONJ,B2
cuantitativo,quantitative,定量的,ADJ,B2
cuarenta,forty,四十,NUM,B2
cuarto,fourth,第四,ADJ,B2
cuarto,quarter,四分之一,NOUN,B2
cubismo,cubism,立体主义,NOUN,B2
cubit,cubit,词,NOUN,B2
cubo,cube,立方体,NOUN,B2
cuckold,cuckold,词,VERB,C1
cuddle (noun),cuddle,词,NOUN,C1
cue,cue,词,NOUN,B2
cuenco,bowl,碗,NOUN,B2
cuenta,account,账户,NOUN,B2
cuento de hadas,fairy tale,童话,NOUN,B2
cuerda,rope,绳子,NOUN,B2
cuervo,crow,乌鸦,NOUN,B2
cuff,cuff,词,NOUN,C1
cuidador,caregiver,护理人员,NOUN,B2
cuidar,to care for,照顾,VERB,B2
cuidar,to take care,照顾,VERB,B2
cuisine,cuisine,词,NOUN,C1
cull,cull,词,VERB,C1
culminating,culminating,词,ADJ,C1
culpa,blame,责备,NOUN,B2
culprit,culprit,谁让,NOUN,C1
cult,cult,邪教,NOUN,B2
cultivo,crop,庄稼,NOUN,B2
cultural,cultural,文化的,ADJ,B2
cultural center,cultural center,文化馆,NOUN,C1
cultural encounter,cultural encounter,文化交汇,NOUN,B2
cultural heritage,cultural heritage,文化遗产,NOUN,B2
culturalism,culturalism,词,NOUN,C1
culture of greed,culture of greed,贪得无厌文化,NOUN,B2
cumber,cumber,词,VERB,C1
cumin,cumin,词,NOUN,B1
cumulative,cumulative,词,ADJ,B2
cunning shrewdness,cunning shrewdness,词,NOUN,B2
cunningly,cunningly,词,ADV,C1
cupboard,cupboard,橱柜,NOUN,B2
cupboard wardrobe,cupboard wardrobe,词,NOUN,A2
cupola,cupola,词,NOUN,C1
cupping,cupping,词,NOUN,B1
curable,curable,有解,NOUN,C1
curación,healing,治愈,NOUN,B2
curar,to heal,治愈,VERB,B2
curate,curate,词,VERB,C1
curatorship,curatorship,词,NOUN,C1
curbing,curbing,遏制,NOUN,B2
curdle,curdle,词,VERB,C1
curdled milk,curdled milk,词,NOUN,A2
cure (noun),cure,给治好,NOUN,C1
curfew,curfew,宵禁,NOUN,B2
curiously,curiously,词,ADV,C1
currant,currant,醋栗,NOUN,B2
currency exchange,currency exchange,词,NOUN,B2
current events,current events,时事,NOUN,B2
curriculum vitae,curriculum vitae,词,NOUN,B2
curry,curry,词,NOUN,B2
currículo,curriculum,课程,NOUN,B2
cursing,cursing,骂人,NOUN,C1
curva,bend,弯道,NOUN,B2
custodian,custodian,词,NOUN,B2
customary law,customary law,词,NOUN,C1
customer orientation,customer orientation,客户导向,NOUN,B2
customer service,customer service,客户服务,NOUN,B2
customization,customization,词,NOUN,C1
customs (adj),customs,词,ADJ,C1
customs officer,customs officer,海关官员,NOUN,B2
cut off,cut off,割下,NOUN,B2
cutaneous,cutaneous,词,ADJ,C1
cutlet,cutlet,词,NOUN,B1
cutting,cutting,切割,NOUN,B2
cutting grass,cutting grass,斩草,NOUN,B2
cuttlefish,cuttlefish,词,NOUN,B2
cybernetics,cybernetics,词,NOUN,C1
cyborg,cyborg,词,NOUN,C1
cycle path,cycle path,自行车道,NOUN,B2
cycling,cycling,词,NOUN,C1
cyclist,cyclist,骑自行车的人,NOUN,B2
cykel,cykel,自行车,NOUN,B2
cylindrical,cylindrical,圆柱形的,ADJ,B2
cyst,cyst,囊肿,NOUN,B2
czech,czech,捷克的,ADJ,B2
cámara,chamber,房间,NOUN,B2
cámara nupcial,bridal chamber,洞房,NOUN,B2
cíclico,cyclical,周期的,ADJ,B2
cúmulo,cluster,簇,NOUN,B2
dab,dab,词,VERB,C1
dabble,dabble,词,VERB,C1
dachshund,dachshund,词,NOUN,A1
dad father,dad father,爸爸,NOUN,A1
dadaism,dadaism,词,NOUN,C1
daddy,daddy,爸爸,NOUN,B2
dado,dice,骰子,NOUN,B2
dado,given,给定,NOUN,B2
daft,daft,傻的,ADJ,B2
daga,dagger,匕首,NOUN,B2
daglig,daglig,词,ADJ,C1
daily (noun),daily,词,NOUN,B2
daily necessities,daily necessities,日用品,NOUN,B1
dairy,dairy,词,ADJ,C1
dal,dal,山谷,NOUN,B2
dally,dally,词,VERB,C1
dama,lady,女士,NOUN,B2
damageable,damageable,易损的,ADJ,B2
damages,damages,损害赔偿,NOUN,B2
damaging,damaging,有害的,ADJ,B2
damm,damm,池塘,NOUN,B2
damn,damn,该死的,ADV,B2
damned,damned,词,ADJ,B2
damping,damping,词,NOUN,C1
dance floor,dance floor,舞池,NOUN,B2
dandelion,dandelion,词,NOUN,B1
dandle,dandle,词,VERB,C1
dangerousness,dangerousness,危险性,NOUN,B2
dangle,dangle,词,VERB,C1
danish,danish,丹麦的,ADJ,B2
danmei,danmei,但没,NOUN,B2
dans,dans,舞蹈,NOUN,B2
dar un discurso,to make a speech,发言,VERB,B2
dar un paso,to step,踩,VERB,B2
darbuka,darbuka,词,NOUN,C1
dare (noun),dare,我敢说,NOUN,C1
dare gamble,dare gamble,敢赌,NOUN,B2
dare not,dare not,不敢,VERB,B2
dare to ruin,dare to ruin,敢坏,NOUN,C1
daring,daring,词,ADJ,B2
dark blue,dark blue,词,ADJ,A1
dark depths,dark depths,词,NOUN,C1
dark-colored,dark-colored,词,ADJ,A2
darkness of night,darkness of night,词,NOUN,C1
darn,darn,哎呀,INTJ,B2
darn (adj),darn,词,ADJ,B1
darn (verb),darn,词,VERB,B2
dart (verb),dart,词,VERB,C1
dash (noun),dash,点跑,NOUN,C1
dash (verb),dash,词,VERB,C1
dashing (adj),dashing,潇洒,ADJ,B2
dashing (noun),dashing,风流倜傥,NOUN,C1
data leak,data leak,词,NOUN,C1
data processing,data processing,数据处理,NOUN,B2
data protection,data protection,数据保护,NOUN,B2
databas,databas,数据库,NOUN,B2
date fruit,date fruit,椰枣,NOUN,B2
date history,date history,词,NOUN,A2
dates,dates,词,NOUN,A2
dato,piece of information,信息,NOUN,B2
dator,dator,电脑,NOUN,B2
datum,datum,日期,NOUN,B2
daub,daub,词,VERB,C1
daughter-in-law,daughter-in-law,媳妇,NOUN,C1
dawning,dawning,破晓,NOUN,B2
day after day,day after day,日复一日,ADV,B2
day after tomorrow,day after tomorrow,后天,NOUN,B2
day by day,day by day,日日,ADV,B2
day out,day out,一日游,NOUN,B2
day sun,day sun,日,NOUN,B2
daybreak,daybreak,拂晓,NOUN,C1
daydreaming,daydreaming,词,NOUN,C1
daylight,daylight,日光,NOUN,B2
daytime,daytime,白天,NOUN,C1
daze (noun),daze,别愣,NOUN,C1
dazed,dazed,词,ADJ,C1
dazed one,dazed one,词,NOUN,B2
dazzled,dazzled,词,ADJ,C1
de este modo,thereby,从而,ADV,B2
de facto,de facto,词,ADJ,C1
de lo contrario,otherwise,否则,ADV,B2
de todos modos,anyway,无论如何,ADV,B2
de-escalation,de-escalation,词,NOUN,C1
deacon,deacon,词,NOUN,C1
dead body,dead body,尸体,NOUN,C1
dead person,dead person,词,NOUN,B1
deaden,deaden,词,VERB,C1
deadlock,deadlock,词,NOUN,C1
deadly,deadly,致命地,ADV,B2
deaf person,deaf person,词,NOUN,B2
deafness,deafness,听不,NOUN,C1
deals,deals,词,NOUN,C1
deambulación,wandering,漫游,NOUN,B2
deanship,deanship,词,NOUN,C1
dear,dear,,NOUN,B2
dearest,dearest,最爱的人,NOUN,B2
death,death,致死,ADV,B2
death anniversary,death anniversary,忌日,NOUN,B2
death news,death news,死讯,NOUN,B2
death trap,death trap,死地,NOUN,B2
death warrior,death warrior,死士,NOUN,C1
death wish,death wish,找死,NOUN,B2
deaths,deaths,词,NOUN,C1
debajo,underneath,在下面,ADV,B2
debate,debate,辩论,NOUN,B2
debauch,debauch,词,VERB,C1
debauchery,debauchery,放荡,NOUN,B2
deber,must,必须,AUX,B2
deber,should,应该,AUX,B2
deber,duty,责任,NOUN,B2
deber,to owe,欠,VERB,B2
debido a,due to,由于,ADP,B2
debilitate,debilitate,词,VERB,C1
debility,debility,虚弱,NOUN,C1
debit,debit,词,VERB,C1
debrief,debrief,词,VERB,C1
debris,debris,词,NOUN,B2
debris rubble,debris rubble,词,NOUN,C1
debts,debts,债务,NOUN,B2
debug,debug,词,VERB,C1
debunk,debunk,词,VERB,C1
debut,debut,初次登台,NOUN,B2
decadent,decadent,颓废,ADJ,B2
decamp,decamp,词,VERB,C1
decano,dean,院长,NOUN,B2
decapitate,decapitate,词,VERB,C1
decay,decay,词,VERB,C1
decease,decease,词,NOUN,C1
deceased,deceased,死者,NOUN,B2
deceit,deceit,欺骗,NOUN,B2
deceitful,deceitful,欺诈的,ADJ,B2
deceived,deceived,词,ADJ,A2
decelerate,decelerate,词,VERB,C1
decencia,propriety,分寸,NOUN,B2
decentralization,decentralization,权力下放,NOUN,B2
decentralized,decentralized,词,ADJ,C1
decepcionado,disappointed,失望的,ADJ,B2
deception dare,deception dare,你敢骗我,NOUN,B2
decibel,decibel,分贝,NOUN,B2
decimal,decimal,小数,NOUN,B2
decimal (adj),decimal,词,ADJ,C1
deciphering,deciphering,词,NOUN,C1
decir,to tell,告诉,VERB,B2
decision-maker,decision-maker,决策者,NOUN,B2
decision-making,decision-making,决策,NOUN,B2
decisiveness,decisiveness,决断,NOUN,B2
deck,deck,词,NOUN,B1
deck tire,deck tire,甲板/轮胎,NOUN,B2
declamatory style,declamatory style,词,NOUN,C1
declarar,to state,说明,VERB,B2
declaration,declaration,宣言,NOUN,B2
declarative,declarative,词,ADJ,C1
declare war,declare war,宣战,VERB,B2
declension,declension,词,NOUN,C1
declinable,declinable,可变格的,ADJ,B2
decline,decline,衰退,NOUN,B2
decline politely,to decline politely,婉拒,VERB,B2
decline setting,decline setting,词,NOUN,C1
decommission,decommission,词,VERB,C1
decommissioning,decommissioning,退役,NOUN,B2
decompensation,decompensation,词,NOUN,C1
decomposition degradation,decomposition degradation,分解 / 降解,NOUN,C1
deconcentration,deconcentration,词,NOUN,C1
deconsecrate,deconsecrate,词,VERB,C1
deconstruct,to deconstruct,解构,VERB,B2
deconstruction,deconstruction,解构主义,NOUN,B2
deconstructionist,deconstructionist,词,ADJ,C1
decontaminate,decontaminate,词,VERB,C1
decontamination,decontamination,去污,NOUN,B2
decor,decor,布景,NOUN,B2
decorated,decorated,词,ADJ,B1
decorative,decorative,装饰性的,ADJ,B2
decorous modesty,decorous modesty,词,NOUN,C1
decoy,decoy,词,NOUN,C1
decree,decree,法令,NOUN,B2
decryption,decryption,解密,NOUN,B2
dedicar,to devote,奉献,VERB,B2
dedication,dedication,奉献,NOUN,B2
dedo del pie,toe,脚趾,NOUN,B2
deduct,to deduct,扣除,VERB,B2
deduct points,deduct points,扣分,VERB,C1
deductions,deductions,词,NOUN,C1
deductive,deductive,词,ADJ,C1
deed,deed,行为,NOUN,B2
deem,deem,词,VERB,C1
deep darkness,deep darkness,词,NOUN,C1
deep love,deep love,深爱,NOUN,C1
deep measure,deep measure,丈深,NOUN,C1
deep sea technology,deep sea technology,深海技术,NOUN,C1
deep thought,deep thought,思深沉,NOUN,C1
deep-fry,to deep-fry,油炸,VERB,B2
deep-frying,deep-frying,干炸,NOUN,B2
deep-rooted,deep-rooted,词,ADJ,B2
deeply learned,deeply learned,学识渊博的,ADJ,C1
deeply moving,deeply moving,令人感动的,ADJ,B2
deeply profoundly,deeply profoundly,深刻地,ADV,B2
deface,deface,词,VERB,C1
defamatory,defamatory,词,ADJ,C1
defamiliarization,defamiliarization,词,NOUN,C1
default,default,违约,NOUN,B2
defeated general,defeated general,败将,NOUN,B2
defeated soldier,defeated soldier,败兵,NOUN,B2
defeatist,defeatist,词,ADJ,C1
defect,to defect,叛变,VERB,B2
defectiveness,defectiveness,词,NOUN,C1
defecto,shortcoming,缺点,NOUN,B2
defend one's country,to defend one's country,卫国,VERB,B2
defensa aérea,air defense,防空,NOUN,B2
defense deployment,defense deployment,布防,NOUN,C1
defense lawyer,defense lawyer,词,NOUN,B2
defense to death,defense to death,死守,NOUN,B2
defiance,defiance,挑衅,NOUN,B2
defile,defile,词,VERB,C1
definite,definite,明确的,ADJ,B2
definition,definition,定义,NOUN,B2
deflated,deflated,词,ADJ,B1
deflation,deflation,通货紧缩,NOUN,B2
deflationary,deflationary,词,ADJ,C1
deflect,deflect,词,VERB,C1
deflower,deflower,词,VERB,C1
defoliate,defoliate,词,VERB,C1
deforest,deforest,词,VERB,C1
deformity,deformity,词,NOUN,C1
defunct,defunct,词,ADJ,C1
defy,to defy,违抗,VERB,B2
degenerative,degenerative,退化的,ADJ,B2
degrease,degrease,词,VERB,C1
degree exam,degree exam,学位/考试,NOUN,B2
degree graduation,degree graduation,词,NOUN,B2
degree of fit,degree of fit,吻合度,NOUN,C1
degrowth,degrowth,词,NOUN,C1
dehumanize,dehumanize,词,VERB,C1
dehydrate,dehydrate,词,VERB,C1
dehydration,dehydration,脱水,NOUN,B2
dehydration dryness,dehydration dryness,词,NOUN,C1
deice,deice,词,VERB,C1
deism,deism,自然神论,NOUN,B2
dejar,let,让,AUX,B2
dejar,to let,让,VERB,B2
dejar caer,to drop,掉落,VERB,B2
dejt,dejt,约会,NOUN,B2
del,del,部分,NOUN,B2
delantal,apron,围裙,NOUN,B2
delante de,in front of,在……前面,ADP,B2
delayed,delayed,延误的,ADJ,B2
delegation of authority,delegation of authority,词,NOUN,C1
delegations,delegations,词,NOUN,C1
delete,to delete,删除,VERB,B2
deleterious,deleterious,词,ADJ,B2
deletion,deletion,词,NOUN,B2
deleveraging,deleveraging,去杠杆化,NOUN,B2
delgado,thin,瘦的,ADJ,B2
deli meats,deli meats,词,NOUN,C1
deliberate malicious,deliberate malicious,故意的/恶意的,ADJ,B2
deliberately,deliberately,故意地,ADV,B2
deliberateness,deliberateness,词,NOUN,C1
deliberations,deliberations,词,NOUN,C1
deliberatively,deliberatively,词,ADV,C1
delicately,delicately,巧妙地,ADV,B2
delicious tasty,delicious tasty,词,ADJ,A1
deliciousness,deliciousness,词,NOUN,B2
delighted,delighted,高兴的,ADJ,B2
delinquent offender,delinquent offender,违法者，不良分子,NOUN,B2
deliquesce,deliquesce,词,VERB,C1
deliverance issuance,deliverance issuance,词,NOUN,C1
delivery person,delivery person,词,NOUN,C1
delivery van,delivery van,厢式送货车,NOUN,B2
delouse,delouse,词,VERB,C1
delta,delta,delta,NOUN,B2
delude,delude,词,VERB,C1
deluge flood,deluge flood,洪水，倾盆大雨,NOUN,B2
delusion,delusion,幻想,NOUN,B2
delve,delve,词,VERB,C1
demagogic,demagogic,词,ADJ,C1
demagogy,demagogy,蛊惑,NOUN,B2
demand-based activism,demand-based activism,词,NOUN,C1
demandante,plaintiff,原告,NOUN,B2
demanding,demanding,要求高的,ADJ,B2
demasiado,too,太,ADV,B2
demean,demean,词,VERB,C1
demeanor,demeanor,仪态,NOUN,B2
dement,dement,词,VERB,C1
dementia madness,dementia madness,痴呆，疯狂,NOUN,B2
demobilize,demobilize,词,VERB,C1
democracia,democracy,民主,NOUN,B2
democrat,democrat,民主主义者,NOUN,B2
democrático,democratic,民主的,ADJ,B2
demografía,demography,人口学,NOUN,B2
demographic,demographic,人口统计的,ADJ,B2
demon devil,demon devil,恶魔,NOUN,C1
demonization,demonization,词,NOUN,C1
demons,demons,词,NOUN,C1
demonstrative,demonstrative,演示的,ADJ,B2
demonstrativeness,demonstrativeness,! 表现欲,NOUN,B2
demonstrator,demonstrator,词,NOUN,C1
demote,demote,词,VERB,C1
demotion,demotion,降职,NOUN,B2
demur,demur,词,VERB,C1
demystify,demystify,词,VERB,C1
denationalize,denationalize,词,VERB,C1
denial contradiction,denial contradiction,词,NOUN,C1
denim jacket,denim jacket,词,NOUN,C1
denotación,denotation,外延,NOUN,B2
dense forest,dense forest,密林,NOUN,B2
denso,dense,密集的,ADJ,B2
dental,dental,词,ADJ,C1
dentista,dentist,牙医,NOUN,B2
dentition,dentition,牙齿,NOUN,B2
dentro,within,在……之内,ADP,B2
denude,denude,词,VERB,C1
deodorize,deodorize,词,VERB,C1
deontology,deontology,词,NOUN,C1
department director,department director,司长,NOUN,C1
departmental,departmental,词,ADJ,B2
departure lounge,departure lounge,候机室,NOUN,B2
dependency,dependency,词,NOUN,B2
dependent passivity,dependent passivity,词,NOUN,C1
depender de,to depend on,依赖,VERB,B2
dependiente,dependent,依赖的,ADJ,B2
depicted,depicted,描绘的,ADJ,B2
depicting,depicting,描绘的,ADJ,B2
deplete,deplete,词,VERB,C1
depletion,depletion,词,NOUN,C1
depone,depone,词,VERB,C1
deponer,to depose,废黜,VERB,B2
depopulation,depopulation,词,NOUN,B2
deposed,deposed,词,ADJ,C1
depositional,depositional,词,ADJ,C1
deposits,deposits,词,NOUN,C1
depot,depot,仓库,NOUN,B2
deprecate,deprecate,词,VERB,C1
deprecation,deprecation,词,NOUN,C1
depredador,predatory,掠夺的,ADJ,B2
depredate,depredate,词,VERB,C1
depressing,depressing,令人沮丧的,ADJ,B2
depressive,depressive,抑郁的，压抑的,ADJ,B2
deprimido,depressed,沮丧的,ADJ,B2
deputation,deputation,代表团,NOUN,B2
depute,depute,词,VERB,C1
deracinate,deracinate,词,VERB,C1
derange,derange,词,VERB,C1
derby,derby,词,NOUN,B2
derecho,right,正确的,ADJ,B2
derecho del acreedor,creditor's right,债权,NOUN,B2
derechos,rights,权利,NOUN,B2
derechos de autor,copyright,版权,NOUN,B2
deregulate,deregulate,词,VERB,C1
deregulation,deregulation,词,NOUN,B2
dereliction,dereliction,词,NOUN,C1
deride,deride,词,VERB,C1
derision mockery,derision mockery,词,NOUN,C1
derisory paltry,derisory paltry,可笑的，微不足道的,ADJ,B2
deriva,drifting,漂泊,NOUN,B2
dermal,dermal,词,ADJ,C1
derribar,to shoot down,击落,VERB,B2
derrota aplastante,crushing defeat,惨败,NOUN,B2
desagradable,nasty,令人不快的,ADJ,B2
desalination,desalination,词,NOUN,C1
desarrollador,developer,开发商,NOUN,B2
desastre,wreck,残骸,NOUN,B2
descanso de montada,ride break,骑破,NOUN,B2
descant,descant,词,VERB,C1
descarga,discharge,放电,NOUN,B2
descargar,to download,下载,VERB,B2
descend go down,descend go down,词,VERB,A1
descendants,descendants,词,NOUN,C1
descending,descending,词,ADJ,C1
descenso de montaña,mountain descent,下山,NOUN,B2
desconcertante,unclear,不清楚的,ADJ,B2
desconcierto,bewilderment,困惑,NOUN,B2
describable,describable,词,ADJ,C1
descriptiveness,descriptiveness,词,NOUN,C1
descry,descry,词,VERB,C1
desde la infancia,from childhood,从小,ADV,B2
desdichado,unlucky,倒霉的,ADJ,B2
desear,to wish,希望,VERB,B2
desecrate,desecrate,词,VERB,C1
desecration,desecration,词,NOUN,C1
desegregate,desegregate,词,VERB,C1
desempleado,unemployed,失业的,ADJ,B2
deseo de atraer,want to lure,想引,NOUN,B2
deseo genuino,really want,真要,NOUN,B2
desertificación,desertification,荒漠化,NOUN,B2
deserving,deserving,才配得,NOUN,C1
desestabilización,destabilization,动摇,NOUN,B2
desestimación,court dismissal,退朝,NOUN,B2
desgraciado,wretch,令人厌恶的人,NOUN,B2
desiccant,desiccant,干燥剂,NOUN,C1
desiccate,desiccate,词,VERB,C1
desintoxicar,to detoxify,解毒,VERB,B2
desirability,desirability,可取性,NOUN,B2
desire for release,desire for release,思放,NOUN,B2
desired aim,desired aim,期望的目标,NOUN,C1
desirous,desirous,词,ADJ,C1
desk chest of drawers,desk chest of drawers,词,NOUN,B2
desmayo,fainting,晕厥,NOUN,B2
desmilitarización,demilitarization,去武,NOUN,B2
desmontar,to disassemble,拆卸,VERB,B2
desolate loneliness,desolate loneliness,词,NOUN,C1
desordenado,messy,混乱的,ADJ,B2
despatch,despatch,词,VERB,C1
despedida,see off,送走,NOUN,B2
despedirse,to say goodbye,告别,VERB,B2
despeje,clearing,林中空地,NOUN,B2
desperately serious,desperately serious,不得了,ADJ,B2
despertar,awakening,觉醒,NOUN,B2
despertar,to arouse,引起,VERB,B2
despertar,to awaken,唤醒,VERB,B2
despertar,to wake,唤醒,VERB,B2
despertar social,social awakening,社会觉醒,NOUN,B2
despiadado,ruthlessness,无情,NOUN,B2
despite (adv),despite,词,ADV,B2
despite (noun),despite,虽有,NOUN,C1
despoliation,despoliation,词,NOUN,C1
despond,despond,词,VERB,C1
despondency,despondency,词,NOUN,C1
desprenderse,to get rid of,摆脱,VERB,B2
después,afterwards,后来,ADV,B2
después de,after,在...之后,ADP,B2
después de eso,after that,此后,ADV,B2
después de lo cual,after which,之后,ADV,B2
después de todo,after all,毕竟,ADV,B2
destacar,to highlight,强调,VERB,B2
destine,destine,词,VERB,C1
destined,destined,,NOUN,B2
destino,destiny,命运,NOUN,B2
destitute,destitute,词,ADJ,C1
destornillador,screwdriver,螺丝刀,NOUN,B2
destroyed,destroyed,被毁坏的,ADJ,B2
destruction of property,destruction of property,毁坏财物,NOUN,C1
destructivo,destructive,مدمر,ADJ,B2
desvergonzado,cheeky,厚颜无耻的,ADJ,B2
desvoluntad,unwillingness,不甘,NOUN,B2
detached house,detached house,独栋房屋,NOUN,B2
details,details,细细,NOUN,C1
detainee,detainee,被拘留者,NOUN,B2
detallado,detailed,详细的,ADJ,B2
detective,detective,侦探,NOUN,B2
detective force,detective force,刑警,NOUN,B2
detector,detector,词,NOUN,C1
detención,detention,拘留,NOUN,B2
detener,to detain,拘留,VERB,B2
detener,to halt,停止,VERB,B2
detenerse,to stall,拖延,VERB,B2
detention center,detention center,拘留所,NOUN,B2
deter,deter,词,VERB,C1
deterioro,impairment,左手废,NOUN,B2
determinación,determination,决心,NOUN,B2
determinant,determinant,词,NOUN,C1
determine,determine,确定,VER! B,B2
determined definite,determined definite,确定的,ADJ,B2
determinismo,determinism,决定论,NOUN,B2
determinist,determinist,词,ADJ,C1
determinista,deterministic,决定论的,ADJ,B2
deterrence,deterrence,词,NOUN,C1
deterrent,deterrent,词,NOUN,C1
detestable,detestable,可恶的,ADJ,B2
detractor,detractor,词,NOUN,C1
detrimental,detrimental,有害的,ADJ,B2
detritus,detritus,词,NOUN,C1
detrás,behind,在...后面,ADP,B2
deuda de sangre,blood debt,血债,NOUN,B2
devastated,devastated,崩溃的,ADJ,B2
development works,development works,词,NOUN,B2
development zone,development zone,开发区,NOUN,C1
developments,developments,词,NOUN,B2
deviance,deviance,词,NOUN,B2
device system,device system,词,NOUN,B1
devices,devices,设备,NOUN,B2
devil bastard,devil bastard,混蛋,NOUN,B2
devil damn,devil damn,词,NOUN,A1
devious,devious,词,ADJ,B2
devoice,devoice,词,VERB,C1
devoid lacking,devoid lacking,词,ADJ,C1
devolution,devolution,词,NOUN,C1
devolve,devolve,词,VERB,C1
devolver,to bring back,带回,VERB,B2
devolver,to give back,归还,VERB,B2
devoted (adv),devoted,尽心,ADV,B2
devotion to duty,devotion to duty,词,NOUN,C1
devotional humility,devotional humility,词,NOUN,C1
devotional worship,devotional worship,词,NOUN,C1
devouring,devouring,必噬,NOUN,C1
devoutly,devoutly,词,ADV,C1
diabetes,diabetes,糖尿病,NOUN,B2
diabetic,diabetic,词,ADJ,C1
diachrony,diachrony,词,NOUN,C1
diaeresis,diaeresis,词,NOUN,C1
diagonal,diagonal,对角线,NOUN,B2
diagonally,diagonally,对角地,ADV,B2
diagrama,diagram,图表,NOUN,B2
dial (noun),dial,词,NOUN,C1
dial (verb),dial,词,VERB,B2
dialectic (adj),dialectic,词,ADJ,C1
dialectic (noun),dialectic,辩证法,NOUN,C1
dialectician,dialectician,词,NOUN,C1
dialecto,dialect,方言,NOUN,B2
dialing code,dialing code,词,NOUN,C1
dialogar,to dialogue,对话,VERB,B2
dialogism,dialogism,词,NOUN,C1
diameter,diameter,词,NOUN,C1
diametrically,diametrically,词,ADV,C1
diapers,diapers,词,NOUN,B1
diario,diary,日记,NOUN,B2
diarrea,diarrhea,腹泻,NOUN,B2
diaspora community,diaspora community,词,NOUN,C1
dibujo,drawing,图画,NOUN,B2
diccionario,dictionary,词典,NOUN,B2
dicha,bliss,极乐,NOUN,B2
dicho,saying,格言,NOUN,B2
dictation,dictation,dictation,NOUN,B2
diction,diction,措辞,NOUN,B2
didactics,didactics,词,NOUN,C1
diestro,proficient,熟练的,ADJ,B2
diezmo,tithe,什一税,NOUN,B2
different,different,不同地,ADV,B2
difficult flirt,difficult flirt,,NOUN,B2
difficult to handle,difficult to handle,难办,NOUN,C1
difficulty resolution,difficulty resolution,解难,NOUN,C1
diffusely,diffusely,词,ADV,C1
diffusion spread,diffusion spread,词,NOUN,C1
difundir,to diffuse,扩散,VERB,B2
difícil,hard to choose,难以抉择,ADJ,B2
difícilmente,with difficulty,困难地,ADV,B2
dig up,dig up,词,VERB,B2
digirir,to digest,消化,VERB,B2
digital,digital,数字的,ADJ,B2
digital currency,digital currency,数字货币,NOUN,C1
digitalización,digitization,数字化,NOUN,B2
digitized,digitized,词,ADJ,C1
diglossia,diglossia,词,NOUN,C1
dignified,dignified,词,ADJ,C1
dignified manner,dignified manner,威仪,NOUN,B2
dignifiedly,dignifiedly,词,ADV,C1
dignify,dignify,词,VERB,C1
dignitaries,dignitaries,词,NOUN,C1
digno,worth,值得的,ADJ,B2
dike,dike,词,NOUN,B2
dilution,dilution,词,NOUN,C1
dim,dim,词,ADJ,C1
dim sum,dim sum,点心,NOUN,B1
dimple,dimple,词,NOUN,C1
dinastía actual,current dynasty,当朝,NOUN,B2
dine,dine,词,VERB,C1
dinghy,dinghy,词,NOUN,C1
dining hall,dining hall,词,NOUN,C1
dining table,dining table,词,NOUN,B2
dinner party,dinner party,聚餐,NOUN,C1
diocese,diocese,词,NOUN,B2
dios de la guerra,god of war,战神,NOUN,B2
diosa,goddess,女神,NOUN,B2
dioxide,dioxide,词,NOUN,C1
diploma,diploma,文凭,NOUN,B2
diplomat,diplomat,词,NOUN,C1
diplomatic relations,diplomatic relations,外交关系,NOUN,B2
diplomático,tactful,圆滑的,ADJ,B2
dirección,direction,方向,NOUN,B2
direct hit,direct hit,词,NOUN,C1
direct message,direct message,私信,NOUN,C1
direct sales,direct sales,直销,NOUN,B2
direct shot,direct shot,面射,NOUN,B2
directamente,directly,直接地,ADV,B2
directing,directing,导演,NOUN,B2
directionality,directionality,词,NOUN,C1
directiva,directive,指令,NOUN,B2
directive (adj),directive,词,ADJ,C1
directness,directness,词,NOUN,C1
director,director,导演,NOUN,B2
director,principal,委托人,NOUN,B2
director manager,director manager,主管/经理,NOUN,B2
directorate,directorate,局,NOUN,C1
directorship,directorship,董事职位,NOUN,B2
directory,directory,词,NOUN,C1
dirham,dirham,词,NOUN,A1
dirigir,to steer,引导,VERB,B2
dirt filth,dirt filth,词,NOUN,C1
dirt soil,dirt soil,词,NOUN,A1
dirtier,dirtier,更脏的,ADJ,B2
dirty bastard,dirty bastard,词,NOUN,C1
disable,disable,词,VERB,C1
disadvantaged,disadvantaged,词,ADJ,C1
disaffect,disaffect,词,VERB,C1
disallow,disallow,词,VERB,C1
disarray (noun),disarray,词,NOUN,C1
disassembly,disassembly,词,NOUN,C1
disassociate,disassociate,词,VERB,C1
disaster relief,disaster relief,救灾,NOUN,C1
disband,disband,词,VERB,C1
disbar,disbar,词,VERB,C1
disbelieve,disbelieve,词,VERB,C1
disburden,disburden,词,VERB,C1
disburse,disburse,词,VERB,C1
discapacidad,disability,残疾,NOUN,B2
disciple,disciple,门徒,NOUN,B2
disciplinary,disciplinary,纪律的,ADJ,B2
discipline,discipline,纪律,NOUN,B2
disciplined,disciplined,词,ADJ,C1
disclaim,disclaim,词,VERB,C1
disclose,to disclose,揭露,VERB,B2
disclosure,disclosure,泄露,NOUN,C1
disco,disco,迪厅,NOUN,B2
discolor,discolor,词,VERB,C1
discomfit,discomfit,词,VERB,C1
discompose,discompose,词,VERB,C1
discontinue,to discontinue,停止,VERB,B2
discontinuity,discontinuity,词,NOUN,B2
discounts,discounts,折扣,NOUN,B2
discourse,discourse,论述,NOUN,B2
discourteous,discourteous,词,ADJ,C1
discourtesy,discourtesy,失礼,NOUN,B2
discoverer,discoverer,发现者,NOUN,C1
discrediting,discrediting,词,NOUN,C1
discreetly,discreetly,词,ADV,B2
discrete,discrete,词,ADJ,C1
discretionary punishment,discretionary punishment,词,NOUN,C1
disculparse,to apologize,道歉,VERB,B2
discusión,quarreling,再吵,NOUN,B2
discuss,to discuss,讨论,VERB,B2
discutir,quarrel,争吵,NOUN,B2
discutir,to quarrel,争吵,VERB,B2
disdainfully,disdainfully,轻蔑地,ADV,B2
disease,disease,疾病,NOUN,B2
disembarkation,disembarkation,词,NOUN,C1
disembarrass,disembarrass,词,VERB,C1
disembody,disembody,词,VERB,C1
disembowel,disembowel,词,VERB,C1
disenfranchise,disenfranchise,词,VERB,C1
disenfranchised,disenfranchised,词,ADJ,C1
disengagement,disengagement,词,NOUN,B2
disestablish,disestablish,词,VERB,C1
disesteem,disesteem,词,VERB,C1
diseñador,designer,设计者,NOUN,B2
diseñar,to design,设计,VERB,B2
disfavor (noun),disfavor,词,NOUN,C1
disfranchise,disfranchise,词,VERB,C1
disfraz,costume,戏服,NOUN,B2
disfunción,dysfunction,功能障碍,NOUN,B2
disgorge,disgorge,词,VERB,C1
disgruntle,disgruntle,词,VERB,C1
dish,dish,盘子,NOUN,B2
dish towel,dish towel,抹布,NOUN,B2
disharmony,disharmony,不和谐,NOUN,B2
dishes,dishes,词,NOUN,C1
dishonest,dishonest,不诚实的,ADJ,B2
disillusion,disillusion,词,VERB,C1
disincline,disincline,词,VERB,C1
disinfectant,disinfectant,消毒剂,NOUN,B2
disinflation,disinflation,词,NOUN,B2
disintegration,disintegration,词,NOUN,B2
disinter,disinter,词,VERB,C1
disinvestment,disinvestment,词,NOUN,C1
disjoint,disjoint,不相交的,ADJ,B2
disk,disk,唱片,NOUN,B2
dislike,dislike,厌恶,NOUN,B2
dislike,to dislike,不喜欢,VERB,B2
dislike (noun),dislike,厌恶,NOUN,B2
dismal,dismal,令人失望的,ADJ,B2
dismantling,dismantling,拆除，瓦解,NOUN,B2
dismay (noun),dismay,词,NOUN,C1
dismember,dismember,词,VERB,C1
dismissal of charges,dismissal of charges,词,NOUN,C1
dismissal referral,dismissal referral,词,NOUN,C1
disorganize,disorganize,词,VERB,C1
disown,disown,词,VERB,C1
disparage,disparage,词,VERB,C1
disparagement,disparagement,词,NOUN,C1
dispatch (noun),dispatch,我派,NOUN,B2
dispatch room,dispatch room,调度室,NOUN,C1
dispensary,dispensary,词,NOUN,C1
dispense ceremony,dispense ceremony,免礼,NOUN,B2
dispense medicine,to dispense medicine,配药,VERB,B2
dispersal,dispersal,全散,NOUN,C1
dispirit,dispirit,词,VERB,C1
dispirited,dispirited,沮丧的,ADJ,B2
displace,displace,词,VERB,C1
displaced person,displaced person,词,NOUN,C1
display,display,展示,NOUN,B2
disport,disport,词,VERB,C1
disposable,disposable,一次性的,ADJ,B2
disposable diaper,disposable diaper,纸尿裤,NOUN,B2
disposed,disposed,词,ADJ,C1
disposition,disposition,性情,NOUN,B2
dispossessed,dispossessed,词,ADJ,C1
disprove,disprove,词,VERB,C1
disputa,falling out,反目,NOUN,B2
disputation,disputation,词,NOUN,C1
dispute lawsuit,dispute lawsuit,词,NOUN,C1
disputed,disputed,有争议的,ADJ,B2
disputed case,disputed case,词,NOUN,C1
disquiet,disquiet,词,NOUN,C1
disregard,to disregard,忽视,VERB,B2
disrepair,disrepair,词,NOUN,C1
disrobe,disrobe,词,VERB,C1
disruption,disruption,词,NOUN,C1
disruptive,disruptive,颠覆性,ADJ,C1
dissatisfaction,dissatisfaction,不满,NOUN,B2
dissatisfy,dissatisfy,词,VERB,C1
dissect,to dissect,解剖,VERB,B2
dissemble,dissemble,词,VERB,C1
disseminator,disseminator,传播者,NOUN,C1
dissert,dissert,词,VERB,C1
disserve,disserve,词,VERB,C1
dissever,dissever,词,VERB,C1
dissimilarity,dissimilarity,相异性,NOUN,B2
dissociate,dissociate,词,VERB,C1
dissociation,dissociation,解离,NOUN,B2
distanciamiento,estrangement,疏离,NOUN,B2
distanciamiento social,social distancing,社交距离,NOUN,B2
distaste,distaste,词,NOUN,C1
distend,distend,词,VERB,C1
distich,distich,词,NOUN,C1
distico,couplet,对联,NOUN,B2
distil,distil,词,VERB,C1
distillation,distillation,词,NOUN,C1
distinct,distinct,明显的,ADJ,B2
distinctly,distinctly,清楚地,ADV,B2
distinguished,distinguished,杰出,ADJ,B2
distopía,dystopia,反乌托邦,NOUN,B2
distorted,distorted,歪曲的,ADJ,B2
distorted image,distorted image,扭曲的形象,NOUN,B2
distraction,distraction,分心,NOUN,B2
distrain,distrain,词,VERB,C1
distressing,distressing,词,ADJ,B1
distribuidor,dealer,经销商,NOUN,B2
distributed,distributed,词,ADJ,C1
distributor,distributor,分销商,NOUN,B2
district head,district head,区长,NOUN,B2
districting,districting,词,NOUN,C1
districts,districts,词,NOUN,C1
disturbed,disturbed,不安的,ADJ,B2
ditch,ditch,沟渠,NOUN,B2
dithyramb,dithyramb,词,NOUN,C1
dive,dive,跳水,NOUN,B2
dive appear,dive appear,词,VERB,B2
diver,diver,词,NOUN,B2
diverging,diverging,词,ADJ,C1
diverse,diverse,多样的,ADJ,B2
diversos departamentos,various departments,各部,NOUN,B2
divestment,divestment,词,NOUN,C1
divide cleavage,divide cleavage,分裂 / 分歧,NOUN,B2
divider,divider,词,NOUN,C1
divine,divine,如神,NOUN,B2
divine fist,divine fist,神拳,NOUN,B2
divine physician,divine physician,医仙,NOUN,C1
divine reward,divine reward,词,NOUN,C1
divine trial,divine trial,词,NOUN,C1
diving,diving,潜水,NOUN,B2
divisible,divisible,可分的,ADJ,B2
divisor,divisor,词,NOUN,C1
divorce,to divorce,离婚,VERB,B2
divorced,divorced,词,ADJ,B2
divorced woman,divorced woman,词,NOUN,B2
dizziness,dizziness,眩晕,NOUN,B2
dizzy,dizzy,头晕的,ADJ,B2
djellaba,djellaba,词,NOUN,B2
do,to do,做,VERB,B2
do not,do not,莫,ADV,B2
do not (aux),do not,不要,AUX,B2
do not (part),do not,勿,PART,B2
do not know,do not know,不知,VERB,B2
do not use,do not use,别用,NOUN,B2
do not want,do not want,不想,VERB,B2
do one's best,to do one's best,尽力,VERB,B2
do one's best (adv),do one's best,竭力,ADV,B2
do one's best (noun),do one's best,愿尽心尽力,NOUN,C1
do to make,to do to make,做,VERB,B2
doblaje,dubbing,配音,NOUN,B2
doblar,to double,加倍,VERB,B2
docilely,docilely,词,ADV,C1
doctor visit,doctor visit,,NOUN,B2
doctoral degree,doctoral degree,博士学位,NOUN,C1
doctoral student,doctoral student,博士生,NOUN,C1
doctorate,doctorate,博士学位,NOUN,B2
doctrine,doctrine,词,NOUN,B2
documentary,documentary,纪录片,NOUN,B2
documentation,documentation,文献,NOUN,B2
documented,documented,词,ADJ,C1
documento original,original document,原件,NOUN,B2
documents,documents,词,NOUN,B2
dodge (noun),dodge,一躲,NOUN,C1
doe,doe,雌鹿,NOUN,B2
doesn't work,doesn't work,不通,ADJ,B2
doff,doff,词,VERB,C1
doggedly,doggedly,词,ADV,C1
dogma,dogma,教条,NOUN,B2
dollar,dollar,词,NOUN,C1
dolor de cabeza,headache,头痛,NOUN,B2
dolor de pecho,chest pain,胸痛,NOUN,B2
dolor muscular,muscle pain,肌肉痛,NOUN,B2
dolphin,dolphin,海豚,NOUN,B2
domain,domain,领域,NOUN,B2
domestic,domestic,国内,NOUN,B2
domestic currency,domestic currency,本币,NOUN,C1
domestic debt,domestic debt,内债,NOUN,B2
domestic licensed goods,domestic licensed goods,国行,NOUN,B2
domesticación,domestication,驯化,NOUN,B2
domesticate,domesticate,词,VERB,C1
dominance,dominance,威权,NOUN,B2
dominar,master,大师,NOUN,B2
dominar,to master,掌握,VERB,B2
domineering,domineering,词,ADJ,C1
domineeringness,domineeringness,支配欲,NOUN,B2
don,don,词,VERB,C1
don't,don't,可别,AUX,B2
don't believe,don't believe,不信,VERB,B2
don't care,don't care,不在乎,VERB,B2
don't eat,don't eat,不吃,VERB,B2
don't give a fuck,don't give a fuck,词,ADJ,C1
don't let,don't let,不让,VERB,B2
don't mind,don't mind,不介意,VERB,B2
donación,donation,捐款,NOUN,B2
donation of goods,donation of goods,捐物,NOUN,C1
donkey foal,donkey foal,词,NOUN,B2
doom,doom,词,VERB,C1
door chain,door chain,门链,NOUN,C1
door gate,door gate,门,NOUN,A1
door lock,door lock,门锁,NOUN,C1
doorbell button,doorbell button,门铃按钮,NOUN,B2
doorkeeper,doorkeeper,词,NOUN,B1
doorway,doorway,门口,NOUN,C1
dope (noun),dope,词,NOUN,B2
doping,doping,词,NOUN,C1
doping agents,doping agents,词,NOUN,B2
dorm,dorm,词,NOUN,B2
dormant,dormant,词,ADJ,C1
dormirse,to fall asleep,入睡,VERB,B2
dormitorio,dormitory,宿舍,NOUN,B2
dosificación,dosage,剂量,NOUN,B2
dosis,dose,剂量,NOUN,B2
dossier,dossier,档案,NOUN,B2
dot,dot,点,NOUN,B2
dotting,dotting,词,NOUN,C1
double degree,double degree,双学位,NOUN,C1
double entendre,double entendre,词,NOUN,C1
double image,double image,重影,NOUN,C1
doubling,doubling,加倍,NOUN,B2
doughy,doughy,面团状的,ADJ,B2
douse,douse,词,VERB,C1
down (adp),down,下,ADP,B2
down (noun),down,下…,NOUN,C1
down payment,down payment,词,NOUN,B1
down there,down there,在那下面,ADV,B2
down to,down to,以至,SCONJ,B2
downfall,downfall,毁灭,NOUN,B2
downgrade,downgrade,词,VERB,C1
downplay,downplay,词,VERB,C1
downplaying,downplaying,词,NOUN,C1
downright,downright,词,ADV,B1
downsize,downsize,词,VERB,C1
downstairs,downstairs,词,ADV,B1
doze (verb),doze,词,VERB,C1
doze off,doze off,词,VERB,B2
dozens,dozens,数十个,NOUN,B2
draftsman,draftsman,绘图员,NOUN,B2
dragon fruit,dragon fruit,火龙果,NOUN,B2
dragonfly,dragonfly,词,NOUN,C1
dragoon,dragoon,词,VERB,C1
dragón,dragon,龙,NOUN,B2
drainage sewage,drainage sewage,词,NOUN,C1
drama,drama,戏剧,NOUN,B2
dramatizar,to dramatize,戏剧化,VERB,B2
dramatization,dramatization,词,NOUN,C1
dramático,dramatic,戏剧性的,ADJ,B2
draught,draught,词,NOUN,C1
draw,draw,平局,NOUN,B2
draw blood,draw blood,抽血,VERB,B2
drawback,drawback,缺点,NOUN,B2
drawl,drawl,词,VERB,C1
dread (noun),dread,胆战,NOUN,B2
dreamer,dreamer,词,NOUN,C1
dreamlike,dreamlike,梦幻,ADJ,C1
dreamy dreamer,dreamy dreamer,爱做梦的/空想家,ADJ,C1
dreary,dreary,词,ADJ,B2
dredge,dredge,,NOUN,B2
dredge (verb),dredge,词,VERB,C1
drench,drench,词,VERB,C1
dressed,dressed,穿着的,ADJ,B2
dressing room,dressing room,词,NOUN,B2
dribble,dribble,词,VERB,C1
dribbling,dribbling,词,NOUN,B2
dried,dried,词,ADJ,B1
dried curd,dried curd,词,NOUN,B2
dried cured,dried cured,词,ADJ,B2
dried meat,dried meat,词,NOUN,B2
drift (verb),drift,词,VERB,B2
drift excess,drift excess,词,NOUN,C1
drinking,drinking,喝水,NOUN,C1
drinking glass,drinking glass,水杯,NOUN,B2
drinking water,drinking water,饮用水,NOUN,B2
drinks,drinks,词,NOUN,C1
drive,drive,动力,NOUN,B2
drivel,drivel,词,NOUN,C1
driven,driven,被驾驶的,ADJ,B2
driving,driving,你来驾车,NOUN,C1
drizzly,drizzly,词,ADJ,C1
dron,drone,无人机,NOUN,B2
droop,droop,词,VERB,C1
drop cap,drop cap,词,NOUN,C1
drop out,drop out,退学,VERB,C1
dropout,dropout,词,NOUN,B2
droppings,droppings,粪便,NOUN,B2
drops,drops,词,NOUN,B1
drowning,drowning,词,NOUN,C1
drub,drub,词,VERB,C1
drudge,drudge,词,NOUN,C1
drug dealer,drug dealer,毒贩,NOUN,B2
drug medication,drug medication,词,NOUN,C1
drugs,drugs,毒品,NOUN,B2
drummer,drummer,词,NOUN,B1
drunkard,drunkard,醉翁,NOUN,C1
dry cleaner,dry cleaner,词,NOUN,A2
dry land,dry land,词,NOUN,B2
dry sausage,dry sausage,词,NOUN,B2
drying,drying,词,NOUN,C1
drying up,drying up,词,NOUN,C1
dryness,dryness,词,NOUN,A1
dual,dual,词,ADJ,C1
dual form,dual form,词,NOUN,C1
dualidad,duality,二元性,NOUN,B2
dualismo,dualism,二元论,NOUN,B2
dub,dub,词,VERB,C1
duct pipe,duct pipe,管道,NOUN,B2
dude,dude,词,NOUN,A2
due date maturity,due date maturity,词,NOUN,B2
duel,duel,词,NOUN,C1
dulce,sweetie,亲爱的,NOUN,B2
dulces,sweets,甜食,NOUN,B2
dull,dull,枯燥的,ADJ,B2
dull-witted,dull-witted,词,ADJ,B2
duly,duly,词,ADV,C1
dumbfound,dumbfound,词,VERB,C1
dummy,dummy,词,NOUN,B2
dump (noun),dump,词,NOUN,B1
dump site,dump site,词,NOUN,B2
dumping,dumping,倾销,NOUN,B2
duna,dune,沙丘,NOUN,B2
dunes,dunes,词,NOUN,B2
dung,dung,词,NOUN,B2
duplicate,duplicate,! 副本,NOUN,B2
duplication,duplication,词,NOUN,C1
duque,duke,公爵,NOUN,B2
durable,durable,词,ADJ,C1
durante años,for years,多年,ADV,B2
durante el día,during the day,在白天,ADV,B2
durante la noche,overnight,一夜之间,ADV,B2
durian,durian,榴莲,NOUN,C1
duster,duster,词,NOUN,C1
dustproof,dustproof,防尘,ADJ,C1
dutch,dutch,荷兰语,NOUN,B2
dutchman,dutchman,荷兰人,NOUN,B2
duty of care,duty of care,词,NOUN,C1
duty of confidentiality,duty of confidentiality,保密义务,NOUN,B2
dwell,dwell,词,VERB,C1
dwindle,dwindle,词,VERB,C1
dwindling,dwindling,词,NOUN,C1
dyed,dyed,词,ADJ,B1
dying,dying,垂死的,ADJ,B2
dying (noun),dying,dying,NOUN,B2
dying without,dying without,将死无,NOUN,C1
dynamics,dynamics,词,NOUN,C1
dynamism,dynamism,活力,NOUN,B2
dysfunctional,dysfunctional,词,ADJ,C1
día ordinario,ordinary day,平日,NOUN,B2
día y noche,day and night,昼夜,NOUN,B2
dígito,digit,数字,NOUN,B2
e-reader,e-reader,电子阅读器,NOUN,B2
each (noun),each,一一,NOUN,C1
each (pron),each,各自,PRON,B2
each every,each every,每,DET,A1
each one,each one,每人,PRON,B2
eager anticipation,eager anticipation,词,NOUN,C1
earlier,earlier,更早的,ADJ,B2
earliness,earliness,你早,NOUN,C1
early (adj),early,早的,ADJ,A1
early (noun),early,词,NOUN,B2
early morning,early morning,清晨,ADV,B2
early nourishment,early nourishment,先养,NOUN,C1
early phase,early phase,前期,NOUN,C1
early sign,early sign,词,NOUN,C1
early stage,early stage,早期,NOUN,C1
earnest,earnest,词,ADJ,B1
earnest sincere,earnest sincere,恳切,ADJ,B2
earnestness,earnestness,着实,NOUN,C1
earnings,earnings,词,NOUN,C1
earrings,earrings,词,NOUN,B1
ears,ears,耳朵,NOUN,B2
ears of wheat,ears of wheat,词,NOUN,B2
ease affluence,ease affluence,词,NOUN,C1
ease of circumstances,ease of circumstances,词,NOUN,C1
easement,easement,词,NOUN,C1
easier,easier,更容易的,ADJ,B2
easily,easily,词,ADV,B2
easing,easing,词,NOUN,C1
east bank,east bank,东岸,NOUN,C1
eastward,eastward,向东,ADV,B2
easy defense,easy defense,易守,NOUN,C1
eating,eating,,NOUN,B2
eating habit,eating habit,词,NOUN,C1
eavesdrop,eavesdrop,营听,NOUN,B2
eavesdropping,eavesdropping,偷听,NOUN,B2
ebb,ebb,词,VERB,C1
ebb tide,ebb tide,词,NOUN,B1
eccentric person,eccentric person,词,NOUN,C1
echoes,echoes,词,NOUN,C1
eclecticism,eclecticism,折衷主义,NOUN,B2
eclipse,eclipse,日食,NOUN,B2
ecliptic,ecliptic,黄道,NOUN,C1
eco,echo,回声,NOUN,B2
ecológico,ecological,生态的,ADJ,B2
economic climate,economic climate,词,NOUN,B2
economic cycle,economic cycle,经济周期,NOUN,B2
economic forecaster,economic forecaster,词,NOUN,C1
economical,economical,词,ADJ,A1
economically,economically,词,ADV,B1
economize,economize,词,VERB,C1
ecosistema,ecosystem,生态系统,NOUN,B2
ecosystem chain,ecosystem chain,生态链,NOUN,B2
eczema,eczema,湿疹,NOUN,B2
eddy,eddy,漩涡,NOUN,B2
edge border,edge border,词,NOUN,C1
edging,edging,镶边,NOUN,B2
edible,edible,词,ADJ,C1
edicto,edict,法令,NOUN,B2
edit (noun),edit,重辑,NOUN,B2
editing,editing,剪辑,NOUN,B2
editor,editor,编辑,NOUN,B2
editor,publisher,出版商,NOUN,B2
editor-in-chief,editor-in-chief,主编,NOUN,B2
editorial,editorial,社论,NOUN,B2
editorial,publishing house,出版社,NOUN,B2
editorial office,editorial office,编辑部,NOUN,B2
educado,educated,受过教育的,ADJ,B2
educational background,educational background,学历,NOUN,C1
eeg,eeg,脑电图,NOUN,B2
efecto modificado,modified effect,改效,NOUN,B2
efface,efface,词,VERB,C1
effect and traces,effect and traces,词,NOUN,C1
effect-seeking,effect-seeking,词,NOUN,C1
effectively,effectively,有效地,ADV,B2
effects,effects,词,NOUN,B2
effectuate,effectuate,词,VERB,C1
effervesce,effervesce,词,VERB,C1
efficacy,efficacy,功效,NOUN,B2
effort bet,effort bet,努力/赌注,NOUN,B2
effortless,effortless,不费力的,ADJ,B2
effuse,effuse,词,VERB,C1
egg card,egg card,,NOUN,B2
egg-laying,egg-laying,产卵,NOUN,B2
eggplant,eggplant,茄子,NOUN,B2
ego,ego,词,NOUN,C1
egocentrism,egocentrism,自我中心,NOUN,B2
egoísmo,selfishness,自私,NOUN,B2
egyptian,egyptian,埃及的,ADJ,B2
eh,eh,词,INTJ,C1
eider hunter,eider hunter,,NOUN,B2
eider track,eider track,词,NOUN,B2
eidsvold,eidsvold,,NOUN,B2
eight (noun),eight,词,NOUN,B2
eight-line stanza,eight-line stanza,八行诗,NOUN,B2
eighteen,eighteen,十八,NUM,B2
eighth,eighth,第八,ADJ,B2
eighty,eighty,八十,NUM,B2
einerziehung,einerziehung,词,NOUN,B2
einfahrt,einfahrt,词,NOUN,C1
einfassung,einfassung,词,NOUN,C1
einforderung,einforderung,词,NOUN,C1
eingabe,eingabe,词,NOUN,B2
eingestaltung,eingestaltung,词,NOUN,C1
einkunft,einkunft,词,NOUN,C1
einnahme,einnahme,词,NOUN,B2
einpflegung,einpflegung,词,NOUN,C1
einregelung,einregelung,词,NOUN,C1
einrichtung,einrichtung,词,NOUN,C1
einschaft,einschaft,词,NOUN,B2
einschrift,einschrift,词,NOUN,C1
einsetzung,einsetzung,词,NOUN,C1
einsinnung,einsinnung,词,NOUN,C1
einsprache,einsprache,词,NOUN,B2
einsucht,einsucht,词,NOUN,C1
einsuchung,einsuchung,词,NOUN,C1
einteilung,einteilung,词,NOUN,B2
eintheilung,eintheilung,词,NOUN,C1
eintreibung,eintreibung,词,NOUN,C1
einwandel,einwandel,词,NOUN,C1
einweisung,einweisung,词,NOUN,B2
einwirkung,einwirkung,词,NOUN,B2
either,either,或者,CCONJ,B2
either (adv),either,词,ADV,B2
ejército del sur,southern army,南军,NOUN,B2
el resto,the rest,其余,NOUN,B2
el uno al otro,each other,互相,PRON,B2
elasticity,elasticity,弹性,NOUN,B2
elated,elated,兴高采烈的,ADJ,B2
elation,elation,兴高采烈,NOUN,B2
elder brother,elder brother,兄长,NOUN,B1
elderly,elderly,年长的,ADJ,B2
elderly (noun),elderly,老弱,NOUN,B2
eldest,eldest,词,ADJ,A2
eldest brother,eldest brother,做大哥,NOUN,B2
eldest sister,eldest sister,大姐,NOUN,B2
eldest son,eldest son,长子,NOUN,B2
elect,to elect,选举,VERB,B2
elected officials,elected officials,词,NOUN,C1
elections,elections,词,NOUN,B1
elective course,elective course,选修课,NOUN,B2
electoral,electoral,词,ADJ,C1
electoralist,electoralist,词,ADJ,C1
electric,electric,电动的,ADJ,B2
electric (noun),electric,词,NOUN,B2
electric guitar,electric guitar,电吉他,NOUN,B2
electric motor,electric motor,电动机,NOUN,B2
electric plug,electric plug,词,NOUN,B1
electric power,electric power,电力,NOUN,B2
electrical engineering,electrical engineering,词,NOUN,C1
electrical theory,electrical theory,电学,NOUN,B2
electrician,electrician,电工,NOUN,B2
electrification,electrification,词,NOUN,C1
electrify,electrify,词,VERB,C1
electrocute,electrocute,词,VERB,C1
electron,electron,词,NOUN,B2
electronic bracelet,electronic bracelet,词,NOUN,C1
electronic payment,electronic payment,电子支付,NOUN,B2
electronics,electronics,电子学,NOUN,B2
elemental,elemental,词,ADJ,B2
elementary,elementary,基本的,ADJ,B2
elements of an offense,elements of an offense,词,NOUN,C1
eleven,eleven,十一,NOUN,B2
eleventh,eleventh,词,NUM,B1
elf,elf,词,NOUN,C1
elicit,elicit,词,VERB,C1
eligible,eligible,词,ADJ,C1
eliminación,removal,移除,NOUN,B2
elite,elite,精英,NOUN,B2
elite unit,elite unit,,NOUN,B2
elitism,elitism,词,NOUN,C1
ellipsis (part),ellipsis,…,PART,C1
ello,id,证件,NOUN,B2
ellos,they things,它们,PRON,B2
elogio,eulogy,赞辞,NOUN,B2
elongate,elongate,词,VERB,C1
elope,elope,词,VERB,C1
else,else,词,ADV,A1
elsewhere,elsewhere,别处,ADV,B2
elusiveness,elusiveness,神来无影去,NOUN,C1
emaciate,emaciate,词,VERB,C1
emaciating,emaciating,消耗的,ADJ,B2
emaciation,emaciation,词,NOUN,C1
email,email,电子邮件,NOUN,B2
email address,email address,电子邮件地址,NOUN,B2
embargo,embargo,禁运,NOUN,B2
embarrassed,embarrassed,尴尬的,ADJ,B2
embattle,embattle,词,VERB,C1
embers,embers,词,NOUN,B1
embitter,embitter,词,VERB,C1
emblazon,emblazon,词,VERB,C1
embodiment,embodiment,词,NOUN,B2
emboss,emboss,词,VERB,C1
embrace,embrace,拥抱,NOUN,B2
embrace each other,embrace each other,词,VERB,B2
embroidery,embroidery,刺绣,NOUN,B2
embroil,embroil,词,VERB,C1
embryonic,embryonic,词,ADJ,C1
emend,emend,词,VERB,B2
emerald,emerald,祖母绿,NOUN,B2
emergence,emergence,涌现,NOUN,B2
emergence emanation,emergence emanation,词,NOUN,C1
emergency call,emergency call,紧急呼叫,NOUN,B2
emergency doctor,emergency doctor,急诊医生,NOUN,B2
emergency room,emergency room,急诊室,NOUN,B2
emerging,emerging,词,ADJ,C1
emirate,emirate,词,NOUN,C1
emiri,emiri,埃米尔的,ADJ,C1
emisora,radio station,广播电台,NOUN,B2
emission reduction,emission reduction,减排,NOUN,C1
emissions,emissions,词,NOUN,C1
emote,emote,词,VERB,C1
emotion feeling,emotion feeling,情感,NOUN,C1
emotional experience,emotional experience,情感体验,NOUN,B2
emotional expression,emotional expression,! 情感表达,NOUN,B2
emotional life,emotional life,情感生活,NOUN,B2
emotionality,emotionality,感性/情绪化,NOUN,B2
emotionality lyricism,emotionality lyricism,词,NOUN,C1
emotionally,emotionally,情感上,ADV,B2
empanada,dumpling,丸子,NOUN,B2
emparejar,to match,相配,VERB,B2
empathetic,empathetic,词,ADJ,B1
empathy,empathy,共情,NOUN,B2
empezar,to begin to start,开始,VERB,B2
emphasize,emphasize,着重,ADV,B2
emphatically,emphatically,词,ADV,C1
empirical,empirical,经验的,ADJ,B2
employ,to employ,雇用,VERB,B2
employability,employability,词,NOUN,B2
employer,employer,雇主,NOUN,B2
employers,employers,词,NOUN,B1
employment,employment,就业,NOUN,B2
empower,to empower,授权,VERB,B2
empowerment,empowerment,词,NOUN,C1
emprendimiento,undertaking,事业,NOUN,B2
empress,empress,女皇,NOUN,B2
empress dowager,empress dowager,母后,NOUN,B2
empress mother,empress mother,你母后,NOUN,B2
emptiness,emptiness,空虚,NOUN,B2
empty fame,empty fame,虚名,NOUN,B2
emptying,emptying,词,NOUN,B2
empuje,thrust,猛推,NOUN,B2
empuje hacia,thrust toward,插向,NOUN,B2
empuñadura,hilt,剑柄,NOUN,B2
emulator,emulator,词,NOUN,C1
emulsify,emulsify,词,VERB,C1
emulsion,emulsion,词,NOUN,C1
en alguna parte,somewhere,某处,ADV,B2
en casa,at home,在家,ADV,B2
en caso de que,in case,如果,SCONJ,B2
en el cielo,in the sky,天上,NOUN,B2
en el viento,in wind,临风,NOUN,B2
en ello,in it,在里面,ADV,B2
en general,overall,总体上,ADV,B2
en ninguna parte,nowhere,无处,ADV,B2
en persona,in person,亲自地,ADV,B2
en primer lugar,first of all,首先,ADV,B2
en resumen,in short,简而言之,ADV,B2
en vano,in vain,徒劳,ADV,B2
enamor,enamor,词,VERB,C1
enamorarse,to fall in love,坠入爱河,VERB,B2
encage,encage,词,VERB,C1
encamp,encamp,词,VERB,C1
encampment,encampment,词,NOUN,C1
encampments,encampments,词,NOUN,C1
encapsulate,encapsulate,词,VERB,C1
encase,encase,词,VERB,C1
enchain,enchain,词,VERB,C1
enchant,to enchant,使着迷,VERB,B2
encima,over,在...上方,ADP,B2
encirclement,encirclement,环绕,NOUN,B2
enclose,to enclose,围住,VERB,B2
enclosed,enclosed,词,ADJ,B2
enclosure pen,enclosure pen,词,NOUN,C1
encoding,encoding,编码,NOUN,C1
encomium,encomium,词,NOUN,C1
encore (noun),encore,词,NOUN,C1
encounter,encounter,相遇,NOUN,B2
encounter,to encounter,遭遇,VERB,B2
encounter (noun),encounter,遇上,NOUN,B2
encouraging,encouraging,词,ADJ,C1
encroachment,encroachment,词,NOUN,C1
encrust,encrust,词,VERB,C1
encrypt,encrypt,词,VERB,C1
encrypted,encrypted,词,ADJ,B2
encryption,encryption,加密,NOUN,B2
encuesta,poll,民意调查,NOUN,B2
encumber,encumber,词,VERB,C1
encyclopedia,encyclopedia,百科全书,NOUN,B2
end,end,端,PART,B2
end,to end,结束,VERB,B2
end (part),end,端,PART,B2
end of the working day,end of the working day,词,NOUN,C1
end of the year,end of the year,词,NOUN,C1
end up,to end up,最终到达,VERB,B2
endanger,to endanger,危及,VERB,B2
endangered,endangered,濒危的,ADJ,B2
endear,endear,词,VERB,C1
endeavor,endeavor,努力,NOUN,B2
endeavor (verb),endeavor,词,VERB,C1
endemic disease,endemic disease,地方病,NOUN,B2
ending,ending,了头,NOUN,C1
endoscope,endoscope,词,NOUN,C1
endoscopy,endoscopy,词,NOUN,C1
endowed,endowed,有天赋的,ADJ,B2
endue,endue,词,VERB,C1
endurance,endurance,坚忍,NOUN,B2
enduring hardship,enduring hardship,词,NOUN,C1
enemistad personal,personal enmity,私仇,NOUN,B2
enemy army,enemy army,敌军,NOUN,C1
enemy must,enemy must,仇必,NOUN,B2
enemy of the state,enemy of the state,词,NOUN,C1
enemy state,enemy state,敌国,NOUN,B2
energize,energize,词,VERB,C1
energy,energy,能量,NOUN,B2
energy crisis,energy crisis,能源危机,NOUN,B2
energy saving,energy saving,节能,NOUN,B2
enfeeble,enfeeble,词,VERB,C1
enfeoffment,enfeoffment,封王,NOUN,C1
enfermar,to fall ill,患病,VERB,B2
enfermedad,malady,弊病,NOUN,B2
enfermo,ill,生病的,ADJ,B2
enfold,enfold,词,VERB,C1
enforce,to enforce,执行,VERB,B2
enforceability,enforceability,词,NOUN,C1
enforcement,enforcement,执行,NOUN,B2
enforcement policy,enforcement policy,执法政策,NOUN,B2
enfranchise,enfranchise,词,VERB,C1
enfriar,to cool down,冷却,VERB,B2
engage,to engage,从事,VERB,B2
engaged,engaged,订婚的,ADJ,B2
engagement,engagement,订婚,NOUN,B2
engañar,to cheat,欺骗,VERB,B2
engañar,to trick,欺骗,VERB,B2
engañoso,misleading,诡辩的,ADJ,B2
engender,engender,词,VERB,C1
engine motor,engine motor,词,NOUN,C1
english,english,英国的,ADJ,B2
english teacher,english teacher,,NOUN,B2
english-speaking,english-speaking,讲英语的,ADJ,B2
englishman,englishman,英国人,NOUN,B2
engraft,engraft,词,VERB,C1
engrasar,to grease,涂油,VERB,B2
engrave in mind,engrave in mind,铭记,VERB,C1
engraving,engraving,版画,NOUN,B2
engrossing,engrossing,引人入胜的,ADJ,B2
engulf,engulf,词,VERB,C1
enigma,enigma,词,NOUN,C1
enjambment,enjambment,词,NOUN,C1
enjoin,enjoin,词,VERB,C1
enjoyable,enjoyable,词,ADJ,B1
enjoyed,enjoyed,词,ADJ,C1
enkindle,enkindle,词,VERB,C1
enlace,liaison,联络,NOUN,B2
enlargement,enlargement,词,NOUN,C1
enlighten,to enlighten,启发,VERB,B2
enlightenment,enlightenment,澄清,NOUN,B2
enlistment,enlistment,入伍,NOUN,C1
enliven,enliven,词,VERB,C1
enloquecer,to go crazy,发疯,VERB,B2
enmesh,enmesh,词,VERB,C1
enojarse,to get angry,生气,VERB,B2
enoki mushroom,enoki mushroom,金针菇,NOUN,B2
enormously,enormously,巨大地,ADV,B2
enough,enough,足够,ADV,B2
enough (noun),enough,就够,NOUN,C1
enough okay,enough okay,词,ADJ,A1
enquire,enquire,词,VERB,C1
enrolled,enrolled,词,ADJ,B2
enrutador,router,路由器,NOUN,B2
ensconce,ensconce,词,VERB,C1
enshrine,enshrine,词,VERB,C1
enshrinement,enshrinement,词,NOUN,C1
enshroud,enshroud,词,VERB,C1
ensign,ensign,词,NOUN,C1
enslavement,enslavement,奴役,NOUN,B2
enslavement by love,enslavement by love,词,NOUN,C1
ensue,ensue,词,VERB,B2
entanglement,entanglement,缠,NOUN,C1
ente,being,存在,NOUN,B2
enter city,to enter city,进城,VERB,B2
entering city,entering city,入城,NOUN,C1
entering home,entering home,进家,NOUN,B2
enterprise,enterprise,企业,NOUN,B2
enterprising,enterprising,词,ADJ,C1
entertainer,entertainer,词,NOUN,B2
entertainment center,entertainment center,娱乐中心,NOUN,B2
enthusiast,enthusiast,爱好者,NOUN,B2
enticement,enticement,词,NOUN,C1
entire,entire,整个的,ADJ,B2
entirety,entirety,全部,NOUN,B2
entitle,entitle,词,VERB,C1
entitled to exist,entitled to exist,词,ADJ,C1
entitlement,entitlement,权利,NOUN,C1
entitlements,entitlements,词,NOUN,B2
entomb,entomb,词,VERB,C1
entonces,at that time,当时/那时,ADV,B2
entonces,thereupon,随后,ADV,B2
entourage,entourage,随从,NOUN,B2
entrada,driveway,车道,NOUN,B2
entrance ticket,entrance ticket,门票,NOUN,B2
entranced,entranced,痴迷的,ADJ,B2
entrancing,entrancing,词,ADJ,C1
entrante,incoming,进来的,ADJ,B2
entrap,entrap,词,VERB,C1
entrapment,entrapment,身陷,NOUN,B2
entrar,to come in,进来,VERB,B2
entrar,to go in,进去,VERB,B2
entreat,entreat,词,VERB,C1
entrega,handover,拿给,NOUN,B2
entregar,to hand over,交付,VERB,B2
entrenamiento espiritual,spirit training,练神,NOUN,B2
entrenar,to coach,辅导,VERB,B2
entrenchment,entrenchment,词,NOUN,C1
entrepreneurship,entrepreneurship,词,NOUN,C1
entretanto,meantime,同时,NOUN,B2
entropy,entropy,熵,NOUN,B2
entry,entry,入口,NOUN,B2
entwine,entwine,词,VERB,C1
enunciado,utterance,话语,NOUN,B2
enunciative,enunciative,词,ADJ,C1
envejecer,to vie,竞争,VERB,B2
envelop,envelop,词,VERB,C1
envelope,envelope,信封,NOUN,B2
envenom,envenom,词,VERB,C1
enviar,to ship out,出货,VERB,B2
envious jealous,envious jealous,嫉妒的,ADJ,B2
environ,environ,词,VERB,C1
environmental,environmental,环境的,ADJ,B2
environmental protection,environmental protection,环境保护,NOUN,B2
environmental report,environmental report,环境报告,NOUN,B2
environmental technology,environmental technology,环保技术,NOUN,B2
envisage,envisage,词,VERB,C1
envision,to envision,展望,VERB,B2
envoy,envoy,词,NOUN,B2
enwetens,enwetens,词,ADV,C1
enzyme,enzyme,酶,NOUN,B2
eon age,eon age,词,NOUN,C1
epic quality,epic quality,词,NOUN,C1
epilepsy,epilepsy,词,NOUN,C1
epitomize,epitomize,词,VERB,C1
epoch,epoch,时代,NOUN,B2
equal,equal,相等的,ADJ,B2
equal size,equal size,等大,NOUN,B2
equal treatment,equal treatment,平等待遇,NOUN,B2
equalization,equalization,词,NOUN,B2
equally,equally,同样地,ADV,B2
equally matched,equally matched,不相上下,ADJ,B2
equatorial,equatorial,词,ADJ,C1
equilibrado,balanced,平衡的,ADJ,B2
equilibrado,hold the balance of power,举足轻重,ADJ,B2
equilibrate,equilibrate,词,VERB,C1
equilibrio,equilibrium,平衡,NOUN,B2
equipado,equipped,配备的,ADJ,B2
equipo,gear,齿轮,NOUN,B2
equipo,team,团队,NOUN,B2
equipo esencial,essential equipment,要置,NOUN,B2
equivalent (adj),equivalent,相等的,ADJ,B2
equivalent to,equivalent to,相当,ADJ,B1
equivalente,equivalent,等价物,NOUN,B2
equivocado,wrong mistake,错误,ADJ,B2
equivocarse,to mistake,弄错,VERB,B2
equivocate,equivocate,词,VERB,C1
ererziehung,ererziehung,词,NOUN,C1
erfahrt,erfahrt,词,NOUN,B2
erfassung,erfassung,词,NOUN,C1
erforderung,erforderung,词,NOUN,B2
ergabe,ergabe,词,NOUN,C1
ergestaltung,ergestaltung,词,NOUN,C1
ergonomics,ergonomics,词,NOUN,C1
erhu,erhu,二胡,NOUN,B2
erkunft,erkunft,词,NOUN,C1
ernahme,ernahme,词,NOUN,C1
erpflegung,erpflegung,词,NOUN,C1
erradicación,eradication,根除,NOUN,B2
errant,errant,词,ADJ,C1
errata,errata,勘误,NOUN,B2
erregelung,erregelung,词,NOUN,C1
error,error,错误,NOUN,B2
error,make mistake,犯错,NOUN,B2
erschaft,erschaft,词,NOUN,B2
erschrift,erschrift,词,NOUN,C1
ersetzung,ersetzung,词,NOUN,B2
ersicht,ersicht,词,NOUN,C1
ersinnung,ersinnung,词,NOUN,C1
ersprache,ersprache,词,NOUN,C1
ersucht,ersucht,词,NOUN,C1
ersuchung,ersuchung,词,NOUN,C1
erteilung,erteilung,词,NOUN,C1
ertheilung,ertheilung,词,NOUN,C1
ertreibung,ertreibung,词,NOUN,C1
eructar,to burp,打嗝,VERB,B2
erudito,scholar,学者,NOUN,B2
erupt,erupt,词,VERB,C1
erwandel,erwandel,词,NOUN,C1
erweisung,erweisung,词,NOUN,B2
erwirkung,erwirkung,词,NOUN,B2
erzerziehung,erzerziehung,词,NOUN,C1
erzfahrt,erzfahrt,词,NOUN,B2
erzfassung,erzfassung,词,NOUN,C1
erzforderung,erzforderung,词,NOUN,C1
erzgabe,erzgabe,词,NOUN,C1
erzgestaltung,erzgestaltung,词,NOUN,C1
erzkunft,erzkunft,词,NOUN,C1
erznahme,erznahme,词,NOUN,C1
erzpflegung,erzpflegung,词,NOUN,C1
erzregelung,erzregelung,词,NOUN,B2
erzrichtung,erzrichtung,词,NOUN,C1
erzschaft,erzschaft,词,NOUN,C1
erzschrift,erzschrift,词,NOUN,C1
erzsetzung,erzsetzung,词,NOUN,C1
erzsicht,erzsicht,词,NOUN,C1
erzsinnung,erzsinnung,词,NOUN,C1
erzsprache,erzsprache,词,NOUN,C1
erzsucht,erzsucht,词,NOUN,C1
erzsuchung,erzsuchung,词,NOUN,C1
erzteilung,erzteilung,词,NOUN,C1
erztheilung,erztheilung,词,NOUN,B2
erztreibung,erztreibung,词,NOUN,C1
erzwandel,erzwandel,词,NOUN,C1
erzweisung,erzweisung,词,NOUN,C1
erzwirkung,erzwirkung,词,NOUN,C1
es decir,namely,即,ADV,B2
es decir,that is,即,ADV,B2
esa flecha,that arrow,那一箭,NOUN,B2
escalar,to escalate,升级,VERB,B2
escalera,ladder,梯子,NOUN,B2
escalera mecánica,escalator,自动扶梯,NOUN,B2
escalonado,phased,阶段性,ADJ,B2
escaneo,scan,扫描件,NOUN,B2
escaping,escaping,词,NOUN,C1
escarabajo,beetle,甲虫,NOUN,B2
escasez,shortage,短缺,NOUN,B2
escena del crimen,crime scene,犯罪现场,NOUN,B2
eschatological,eschatological,词,ADJ,C1
eschatology,eschatology,词,NOUN,C1
escheat,escheat,词,VERB,C1
eschew,eschew,词,VERB,C1
escolástico,scholastic,经院哲学的,ADJ,B2
escort agency,escort agency,镖局,NOUN,B2
escort mission,escort mission,跑镖,NOUN,C1
escort request,escort request,镖要,NOUN,C1
escritorio,desk,书桌,NOUN,B2
escuadrón,squad,小队,NOUN,B2
esencialmente,essentially,主要地,ADV,B2
esforzarse,to work hard for sth to strive for success,争气,VERB,B2
esguince,sprain,扭伤,NOUN,B2
esophagus,esophagus,词,NOUN,B2
esos,those,那些,DET,B2
esotericism,esotericism,秘教,NOUN,B2
espacio,space,空间,NOUN,B2
espalda,back,背面,NOUN,B2
espantoso,scary,可怕的,ADJ,B2
español,spanish,西班牙语,NOUN,B2
especialidad,specialty,专业,NOUN,B2
especializado,specialized,专业的,ADJ,B2
especie,species,物种,NOUN,B2
espera,wait,等待,NOUN,B2
espera,wait for me,等我,NOUN,B2
esperar,to await,等待,VERB,B2
esperar mucho,to wait long,久等,VERB,B2
espinaca de agua,water spinach,空心菜,NOUN,B2
espontáneo,spontaneous,自发的,ADJ,B2
espresso,espresso,浓缩咖啡,NOUN,B2
esquejar,to take cuttings,扦插,VERB,B2
esquema,outline,大纲,NOUN,B2
essayistic quality,essayistic quality,词,NOUN,C1
essence core,essence core,词,NOUN,B2
essentiality,essentiality,词,NOUN,C1
esta batalla,this battle,此战,NOUN,B2
esta noche,tonight,今晚,NOUN,B2
estable,steady,稳定的,ADJ,B2
establecido,established,既定的,ADJ,B2
estacional,seasonal,季节性的,ADJ,B2
estado de derecho,rule of law,法治,NOUN,B2
estancarse,to stagnate,停滞,VERB,B2
estandarización,standardization,标准化,NOUN,B2
estar a salvo,to be safe,安好,VERB,B2
estar agradecido,to be grateful,感激,VERB,B2
estar ansioso,to be eager,心切,VERB,B2
estar callado,to be silent,沉默,VERB,B2
estar celoso,to be jealous,嫉妒,VERB,B2
estar de servicio,to be on duty,值班,VERB,B2
estar embelesado,to be entranced,出神,VERB,B2
estar hecho,to be done,被做,VERB,B2
estar ubicado,to be located,位于,VERB,B2
estatus,status,地位,NOUN,B2
este,east,东方,NOUN,B2
este,this,您这,NOUN,B2
este artículo,this item,这件,NOUN,B2
este campamento,this-camp,这营,NOUN,B2
esteemed guest,esteemed guest,嘉宾,NOUN,B2
estenosis,stenosis,狭窄,NOUN,B2
estima,esteem,尊重,NOUN,B2
estimation,estimation,词,NOUN,C1
estos,these,这些,DET,B2
estos tres,these three,这三,NOUN,B2
estrange,estrange,词,VERB,C1
estrechar la mano,to shake hands,握手,VERB,B2
estudiante de pregrado,undergraduate,本科生,NOUN,B2
estándar,standard,标准,NOUN,B2
etapa final,final stage,末期,NOUN,B2
etc,etc,等等,NOUN,B2
etc.,etc.,词,ADV,C1
etch,etch,词,VERB,C1
eternally receive,eternally receive,永受,NOUN,C1
eternity without beginning,eternity without beginning,词,NOUN,C1
eternity without end,eternity without end,词,NOUN,C1
ethereum,ethereum,以太坊,NOUN,B2
ethnic Chinese,ethnic Chinese,华裔,NOUN,B1
ethnic group,ethnic group,词,NOUN,C1
etiqueta pesada,heavy etiquette,礼太重,NOUN,B2
etnia,ethnicity,种族,NOUN,B2
etnografía,ethnography,人种学,NOUN,B2
etnología,ethnology,民族学,NOUN,B2
eulogize,eulogize,词,VERB,C1
euphemistic,euphemistic,委婉的,ADJ,B2
europe,europe,欧洲,PROPN,B2
europeo,european,欧洲的,ADJ,B2
evacuación,evacuation,疏散,NOUN,B2
evaluación de ofertas,bid evaluation,评标,NOUN,B2
evanesce,evanesce,词,VERB,C1
evangelization,evangelization,词,NOUN,C1
evaporating,evaporating,词,ADJ,C1
eve,eve,前夕,NOUN,C1
even if (adp),even if,就算,ADP,A2
even me,even me,连我,NOUN,C1
even pulse,even pulse,脉象平,NOUN,C1
even you,even you,连你,PRON,B2
evening chat,evening chat,晚间闲谈,NOUN,B2
evening gathering,evening gathering,词,NOUN,C1
evening meal,evening meal,晚餐,NOUN,B2
evening newspaper,evening newspaper,晚报,NOUN,C1
evening night,evening night,晚上,NOUN,A1
evening party,evening party,词,NOUN,B1
evenly,evenly,均匀地,ADV,B2
events,events,事件,NOUN,C1
eventual,eventual,词,ADJ,C1
eventual outcome,eventual outcome,词,NOUN,C1
eventualmente,eventually,最终,ADV,B2
eventuate,eventuate,词,VERB,C1
ever,ever,,NOUN,B2
everlastingness,everlastingness,词,NOUN,C1
every,every,每个,PRON,B2
every day,every day,天天,ADV,B2
every day (noun),every day,每天,NOUN,C1
every other,every other,每隔一个,DET,B2
every time,every time,每次,NOUN,C1
everybody,everybody,词,PRON,A1
everyday family life,everyday family life,家常,NOUN,C1
everyday life,everyday life,日常生活,NOUN,B2
everyone,everyone,每个人,PRON,B2
everyone (noun),everyone,人人,NOUN,B2
everyone gives their own view,everyone gives their own view,各抒己见,NOUN,B2
everything,everything,一切,PRON,B2
everywhere,everywhere,到处,ADV,B2
evidence bag,evidence bag,,NOUN,B2
evidente,obvious,明显的,ADJ,B2
evidentiary weight,evidentiary weight,词,NOUN,C1
evil,evil,恶行,NOUN,B2
evil (adj),evil,词,ADJ,B1
evil (part),evil,邪,PART,B2
evil move,evil move,邪招,NOUN,C1
evince,evince,词,VERB,C1
eviscerate,eviscerate,词,VERB,C1
evitación,avoidance,避免,NOUN,B2
evolutionary,evolutionary,词,ADJ,C1
exacerbation,exacerbation,加剧,NOUN,B2
exact change,exact change,词,NOUN,C1
exactly just,exactly just,恰好,ADV,B2
exactly the same,exactly the same,一模一样,ADJ,B2
exactness,exactness,精确,NOUN,B2
exam evening,exam evening,,NOUN,B2
exam paper,exam paper,试卷,NOUN,B2
exam to take an exam,exam to take an exam,考试,NOUN,A1
examen,past exam papers,真题,NOUN,B2
examen mensual,monthly exam,月考,NOUN,B2
examination,examination,考试,NOUN,B2
excavación,digging,挖掘,NOUN,B2
excavated,excavated,词,ADJ,B1
excavation,excavation,词,NOUN,B2
excederse,to take a leave of absence,休学,VERB,B2
excel,to excel,擅长,VERB,B2
except,except,除了,ADP,B2
except for,except for,除了,ADP,B2
except unless,except unless,词,ADP,A2
exceptionality,exceptionality,特殊性,NOUN,B2
exceptionally,exceptionally,例外地,ADV,B2
excerpt,excerpt,摘录,NOUN,B2
excess weight,excess weight,词,NOUN,C1
excessively,excessively,词,ADV,C1
excessiveness,excessiveness,词,NOUN,C1
exchange fee,exchange fee,词,NOUN,C1
exchange goods,exchange goods,换货,NOUN,B2
exchange greetings,exchange greetings,寒暄,VERB,C1
exchange meeting,exchange meeting,交流会,NOUN,B2
exchange money,exchange money,词,NOUN,A1
exchange of accusations,exchange of accusations,词,NOUN,C1
exchange of verses,exchange of verses,词,NOUN,C1
exchange rate,exchange rate,汇率,NOUN,B1
exchange student,exchange student,交流生,NOUN,C1
exchanger,exchanger,词,NOUN,C1
exchanges,exchanges,词,NOUN,C1
excise (noun),excise,词,NOUN,C1
excise (verb),excise,词,VERB,C1
excision,excision,词,NOUN,C1
excited,excited,兴奋的,ADJ,B2
exclamation (punct),exclamation,词,PUNCT,A2
excluded,excluded,排除在外的,ADJ,B2
exclusionary,exclusionary,排他性的,ADJ,B2
exclusive dedication,exclusive dedication,词,NOUN,C1
exclusively,exclusively,专门地,ADV,B2
excrete,excrete,词,VERB,C1
excretion,excretion,排泄,NOUN,B2
excuse me (intj),excuse me,劳驾,INTJ,B1
excuse me (verb),excuse me,失陪,VERB,B2
execution,execution,执行,NOUN,B2
executioner,executioner,刽子手,NOUN,B2
executive,executive,行政主管,NOUN,B2
executive board,executive board,词,NOUN,C1
executory,executory,词,ADJ,C1
exemplar,exemplar,楷模,NOUN,C1
exemplary country,exemplary country,模范国家,NOUN,B2
exemption from admission exam,exemption from admission exam,推免,NOUN,C1
exento de impuestos,tax-exempt,免税,ADJ,B2
exercise,to exercise,锻炼,VERB,B2
exercise book,exercise book,词,NOUN,C1
exercise equipment,exercise equipment,词,NOUN,B2
exercise of authority,exercise of authority,词,NOUN,B2
exercises,exercises,词,NOUN,B2
exert,exert,词,VERB,C1
exhaust gas,exhaust gas,废气,NOUN,C1
exhausting,exhausting,词,ADJ,B2
exhaustive,exhaustive,详尽的,ADJ,B2
exhibit (noun),exhibit,证物,NOUN,B2
exhibition center,exhibition center,展览中心,NOUN,C1
exhibition match,exhibition match,表演赛,NOUN,C1
exhilarate,exhilarate,词,VERB,C1
exigent,exigent,词,ADJ,C1
existentialism,existentialism,存在主义,NOUN,B2
existing,existing,现有的,ADJ,B2
exit (verb),exit,词,VERB,A1
exitoso,successful,成功的,ADJ,B2
exorcism,exorcism,词,NOUN,C1
exordium,exordium,词,NOUN,C1
exoteric,exoteric,外传的,ADJ,B2
exoticism,exoticism,异国情调,NOUN,B2
expanse,expanse,词,NOUN,B2
expansionism,expansionism,扩张主义,NOUN,C1
expatiate,expatiate,词,VERB,C1
expatriate,expatriate,移居国外者,NOUN,B2
expect,to expect,期待,VERB,B2
expedite,expedite,词,VERB,C1
expend,to expend,花费,VERB,B2
expenditure,expenditure,支出,NOUN,B2
expenditures,expenditures,支出,NOUN,C1
expensiveness,expensiveness,词,NOUN,B2
experience exchange,experience exchange,经验交流,NOUN,B2
experiences,experiences,经验,NOUN,C1
experiential marker,experiential marker,过,PART,A2
experimental,experimental,实验的,ADJ,B2
expert opinion,expert opinion,专家意见,NOUN,B2
expertise center,expertise center,专业中心,NOUN,B2
expiate,expiate,词,VERB,C1
expiry,expiry,失效,NOUN,B2
explanatory,explanatory,解释的,ADJ,B2
explicable,explicable,可解释的,ADJ,B2
explicate,explicate,词,VERB,C1
exploits,exploits,词,NOUN,C1
exploración,reconnaissance,侦察,NOUN,B2
explorador,scout,侦察员,NOUN,B2
explosion-proof,explosion-proof,防爆,ADJ,B2
explosive,explosive,炸药,NOUN,B2
explosives,explosives,炸药,NOUN,B2
exportation,exportation,词,NOUN,C1
exports,exports,词,NOUN,C1
expose,to expose,暴露,VERB,B2
exposition,exposition,阐述,NOUN,B2
expostulate,expostulate,词,VERB,C1
exposure,exposure,暴露,NOUN,B2
expound,to expound,阐述,VERB,B2
express car,express car,快车,NOUN,B2
express delivery,express delivery,快递,NOUN,C1
expression,expression,表达,NOUN,B2
expression of opinion,expression of opinion,意见表达,NOUN,B2
expressionism,expressionism,词,NOUN,C1
expressiveness,expressiveness,表现力,NOUN,B2
expressly,expressly,明确地,ADV,B2
expunge,expunge,词,VERB,C1
extemporize,extemporize,词,VERB,C1
extended reality,extended reality,扩展现实,NOUN,C1
extension cord,extension cord,词,NOUN,C1
extent,extent,程度,NOUN,B2
extenuate,extenuate,词,VERB,C1
extenuating,extenuating,词,ADJ,C1
exterior,exterior,在外,NOUN,B2
exterior,outside,外部,NOUN,B2
external hard drive,external hard drive,移动硬盘,NOUN,B2
extinct,extinct,灭绝的,ADJ,B2
extinguished listless,extinguished listless,熄灭的/无精打采的,ADJ,C1
extinguishing,extinguishing,词,NOUN,C1
extolling,extolling,词,NOUN,C1
extort a confession,extort a confession,逼供,VERB,C1
extra,extra,额外的,ADJ,B2
extra (adv),extra,词,ADV,A1
extra (noun),extra,群众演员,NOUN,B2
extra drink,extra drink,多喝,NOUN,C1
extracción,draw out,引出,NOUN,B2
extramarital,extramarital,词,ADJ,C1
extranjero,abroad,国外,NOUN,B2
extraterrestre,alien,外星人,NOUN,B2
extraversion,extraversion,词,NOUN,C1
extraño,bizarre,奇异的,ADJ,B2
extremadamente,extremely,极其,ADV,B2
extreme,extreme,أقصى,NOUN,B2
extreme cold,extreme cold,极寒,NOUN,C1
extreme height,extreme height,极高,NOUN,B2
extreme weather,extreme weather,极端天气,NOUN,C1
extremism,extremism,词,NOUN,C1
extremity,extremity,极为,NOUN,B2
extroverted,extroverted,外向,ADJ,B2
extrude,extrude,词,VERB,C1
exudation,exudation,词,NOUN,C1
eye (part),eye,眼,PART,A2
eye-care,eye-care,目养,NOUN,C1
eyebrows,eyebrows,词,NOUN,A1
eyes,eyes,眼中,NOUN,B2
eyesight,eyesight,视力,NOUN,B1
fabricación,fabrication,捏造,NOUN,B2
fabricar,to manufacture,制造,VERB,B2
fabricated,fabricated,词,ADJ,B2
fabulist,fabulist,幻想家,NOUN,B2
facción,faction,派,NOUN,B2
face towel,face towel,面巾,NOUN,C1
face veil,face veil,词,NOUN,B2
facies,facies,面貌,NOUN,B2
facilitation,facilitation,词,NOUN,C1
facticity,facticity,词,NOUN,C1
factionalism,factionalism,派系主义,NOUN,B2
factor,factor,因素,NOUN,B2
factoring,factoring,保理,NOUN,B2
factual,factual,事实的,ADJ,B2
fad,fad,词,NOUN,C1
fade away,fade away,词,VERB,C1
fading away,fading away,词,NOUN,C1
fag,fag,词,NOUN,C1
faggot,faggot,词,NOUN,C1
failing an exam,failing an exam,不及格,NOUN,B2
failing student,failing student,词,NOUN,B2
failure to act,failure to act,词,NOUN,C1
faint,faint,微弱的,ADJ,B2
fair decent,fair decent,公平的/正派的,ADJ,B2
fair hair,fair hair,,NOUN,B2
fair-haired,fair-haired,词,ADJ,B1
fairly,fairly,词,ADV,C1
fairness,fairness,词,NOUN,B2
faithful loyal,faithful loyal,忠诚的,ADJ,B2
faithlessness,faithlessness,弃义,NOUN,C1
fake and inferior,fake and inferior,伪劣,ADJ,C1
fake goods,fake goods,假货,NOUN,C1
fake news,fake news,假新闻,NOUN,B2
falacia,fallacy,谬误,NOUN,B2
fall collapse,fall collapse,词,NOUN,C1
fall on,fall on,落在,NOUN,C1
fallacious,fallacious,词,ADJ,B2
fallecer,to pass away,流逝,VERB,B2
falling into,falling into,落进,NOUN,C1
falling off horse,falling off horse,坠马,NOUN,C1
fallout,fallout,词,NOUN,C1
fallow land,fallow land,词,NOUN,B2
false oath,false oath,词,NOUN,C1
falsedad,falsehood,谎言,NOUN,B2
falsely,falsely,词,ADV,C1
falseness,falseness,词,NOUN,C1
falsifiability,falsifiability,词,NOUN,C1
falsificación,forgery,伪造品,NOUN,B2
falsificar,to falsify,伪造,VERB,B2
falsification,falsification,词,NOUN,C1
falso,counterfeit,假冒,ADJ,B2
falso,fake,假的,ADJ,B2
falta,miss,小姐,NOUN,B2
faltar,to be missing,缺少,VERB,B2
falter,falter,词,VERB,C1
familial,familial,词,ADJ,B2
familiar,familiar,熟悉的,ADJ,B2
familiar with,familiar with,熟悉,ADJ,A2
familiaridad,familiarity,مألوف,NOUN,B2
family (adj),family,词,ADJ,B1
family background,family background,出身,NOUN,B2
family circle,family circle,家庭圈子,NOUN,B2
family composition,family composition,家庭构成,NOUN,B2
family happiness,family happiness,天伦之乐,NOUN,B2
family has,family has,家有,NOUN,C1
family life,family life,家庭生活,NOUN,B2
family portrait,family portrait,全家福,NOUN,B2
family relatives,family relatives,亲属,NOUN,B2
family reunification,family reunification,家庭团聚,NOUN,B2
family situation,family situation,词,NOUN,C1
family tension,family tension,家庭紧张,NOUN,B2
family therapy,family therapy,词,NOUN,C1
family tie,family tie,家庭纽带,NOUN,B2
famish,famish,词,VERB,C1
famous brand,famous brand,名牌,NOUN,B2
famous catcher,famous catcher,名捕,NOUN,C1
famous family,famous family,名门,NOUN,B2
fanatical,fanatical,词,ADJ,C1
fancy,fancy,词,ADJ,B1
fantasize,fantasize,词,VERB,C1
fantasizing,fantasizing,词,NOUN,C1
fantasía,fantasy,幻想,NOUN,B2
far away,far away,远远,ADV,B2
far from,far from,远非,NOUN,B2
farewell banquet,farewell banquet,告别宴,NOUN,C1
farm yard,farm yard,农场,NOUN,B2
farmacéutico,pharmaceutical,制药的,ADJ,B2
farmland,farmland,农田,NOUN,C1
farrow,farrow,词,VERB,C1
farsa,sham,假冒,NOUN,B2
farsighted,farsighted,词,ADJ,C1
fart (noun),fart,屁,NOUN,C1
fascinated,fascinated,着迷的,ADJ,B2
fascist (adj),fascist,词,ADJ,C1
fashion designer,fashion designer,词,NOUN,C1
fashionable,fashionable,时髦,ADJ,B2
fast,fast,快地,ADV,B2
fast forward,fast forward,快进,VERB,C1
fastening,fastening,要扎紧,NOUN,B2
faster,faster,更快的,ADJ,B2
fatalist (adj),fatalist,宿命论的,ADJ,C1
fatally,fatally,词,ADV,C1
father (part),father,父,PART,B2
father and daughter,father and daughter,父女俩,NOUN,C1
fathom,fathom,词,VERB,C1
fatiga de viaje,travel fatigue,车马劳顿,NOUN,B2
fats,fats,词,NOUN,C1
fatsoenlijk,fatsoenlijk,体面的,ADJ,B2
fatty,fatty,脂肪的,ADJ,B2
fatty acid,fatty acid,词,NOUN,C1
fatwa,fatwa,词,NOUN,B2
fauna,fauna,动物群,NOUN,B2
favor,favor,恩惠,NOUN,B2
favor kindness,favor kindness,恩,NOUN,C1
favorable,favorable,词,ADJ,C1
favorite,favorite,最爱,NOUN,B2
favourite,favourite,词,ADJ,B1
fawn,fawn,词,VERB,C1
fawning flattery,fawning flattery,阿谀奉承,NOUN,B2
fax,fax,传真,NOUN,B2
faze,faze,词,VERB,B1
fear book,fear book,怕本,NOUN,B2
fear of heights,fear of heights,词,NOUN,B2
feature film,feature film,故事片,NOUN,B2
febrile,febrile,词,ADJ,C1
feces,feces,屎,NOUN,C1
fecha límite,deadline,截止日期,NOUN,B2
fecundate,fecundate,词,VERB,C1
fed up,fed up,受够了,NOUN,B2
federal,federal,联邦的,ADJ,B2
federalismo,federalism,联邦主义,NOUN,B2
federalization,federalization,联邦化,NOUN,B2
federalize,federalize,词,VERB,C1
fee,fee,费用,NOUN,B2
feeble-minded,feeble-minded,弱智的,ADJ,B2
feeding,feeding,词,NOUN,C1
feel embarrassed or awkward,feel embarrassed or awkward,为难,ADJ,B2
feel unwell,feel unwell,难受,ADJ,B2
feeling emotion love,feeling emotion love,情,NOUN,C1
feigning ignorance,feigning ignorance,词,VERB,C1
feigning youthfulness,feigning youthfulness,装嫩,VERB,C1
felicitate,felicitate,词,VERB,C1
felicity,felicity,词,NOUN,C1
felpudo,doormat,门垫,NOUN,B2
felt,felt,词,NOUN,C1
female,female,雌性,NOUN,B2
female general,female general,女将,NOUN,C1
female neighbor,female neighbor,词,NOUN,C1
female prosecutor,female prosecutor,词,NOUN,C1
female student,female student,词,NOUN,C1
female teacher,female teacher,词,NOUN,C1
female thief,female thief,女贼,NOUN,C1
females,females,词,NOUN,B2
feminidad,femininity,女性气质,NOUN,B2
feminization,feminization,词,NOUN,C1
fend,fend,词,VERB,C1
feng shui,feng shui,风水,NOUN,C1
fennec fox,fennec fox,词,NOUN,B2
fenomenología,phenomenology,现象学,NOUN,B2
fenugreek,fenugreek,词,NOUN,B2
fermented bean,fermented bean,豆豉,NOUN,C1
fern,fern,蕨类植物,NOUN,B2
fernbildung,fernbildung,词,NOUN,C1
fernerziehung,fernerziehung,词,NOUN,C1
fernfahrt,fernfahrt,词,NOUN,C1
fernfassung,fernfassung,词,NOUN,C1
fernforderung,fernforderung,词,NOUN,C1
ferngabe,ferngabe,词,NOUN,C1
ferngestaltung,ferngestaltung,词,NOUN,C1
fernkunft,fernkunft,词,NOUN,B2
fernleitung,fernleitung,词,NOUN,C1
fernmessung,fernmessung,词,NOUN,C1
fernnahme,fernnahme,词,NOUN,C1
fernordnung,fernordnung,词,NOUN,C1
fernpflegung,fernpflegung,词,NOUN,C1
fernrechnung,fernrechnung,词,NOUN,B2
fernregelung,fernregelung,词,NOUN,C1
fernrichtung,fernrichtung,词,NOUN,C1
fernschaft,fernschaft,词,NOUN,B2
fernschrift,fernschrift,词,NOUN,C1
fernsetzung,fernsetzung,词,NOUN,C1
fernsicht,fernsicht,词,NOUN,C1
fernsinnung,fernsinnung,词,NOUN,C1
fernsprache,fernsprache,词,NOUN,C1
fernstellung,fernstellung,词,NOUN,C1
fernsucht,fernsucht,词,NOUN,B2
fernsuchung,fernsuchung,词,NOUN,C1
fernteilung,fernteilung,词,NOUN,C1
ferntheilung,ferntheilung,词,NOUN,B2
ferntreibung,ferntreibung,词,NOUN,C1
fernwandel,fernwandel,词,NOUN,C1
fernwandlung,fernwandlung,词,NOUN,C1
fernweisung,fernweisung,词,NOUN,C1
fernwendung,fernwendung,词,NOUN,C1
fernwirkung,fernwirkung,词,NOUN,C1
ferociously,ferociously,词,ADV,C1
ferry,ferry,渡轮,NOUN,B2
fervor,fervor,词,NOUN,C1
festival,festival,节日,NOUN,B2
festivals,festivals,词,NOUN,C1
festivity,festivity,词,NOUN,C1
fete,fete,词,VERB,C1
fetter,fetter,词,VERB,C1
feud end,feud end,仇终,NOUN,C1
feudal,feudal,封建,ADJ,B2
feudal ethics,feudal ethics,礼教,NOUN,B2
feudo,feud,世仇,NOUN,B2
few,few,几下,NOUN,B2
fewer,fewer,较少的,ADJ,B2
fez,fez,词,NOUN,B2
fiancee,fiancee,未婚妻,NOUN,B2
fib,fib,词,VERB,C1
fibrosis,fibrosis,纤维化,NOUN,B2
fickleness,fickleness,反复无常,NOUN,B2
ficticio,fictional,虚构的,ADJ,B2
fictional character,fictional character,虚构角色,NOUN,B2
fictionalization,fictionalization,词,NOUN,C1
fictionalize,fictionalize,词,VERB,C1
fiddle (verb),fiddle,词,VERB,C1
fidget,fidget,词,VERB,C1
fief,fief,封地,NOUN,B2
field (adj),field,词,ADJ,C1
field medic,field medic,战地医生,NOUN,B2
fieldwork,fieldwork,词,NOUN,B1
fierce one,fierce one,词,NOUN,B2
fifth,fifth,第五,NUM,B2
fight back,fight back,抗击,VERB,C1
fighting,fighting,词,NOUN,B2
figuration,figuration,群演,NOUN,B2
figurative language,figurative language,词,NOUN,C1
figure skating,figure skating,花样滑冰,NOUN,C1
fijo,fixed,固定的,ADJ,B2
filch,filch,词,VERB,C1
file a case,file a case,立案,VERB,B2
file expense,file expense,报账,VERB,B2
filial,filial,孝顺,ADJ,B2
filings,filings,词,NOUN,C1
filipino,filipino,菲律宾的,ADJ,B2
fill pack,fill pack,装满,VERB,B2
filled,filled,充满的,ADJ,B2
fillet (verb),fillet,词,VERB,C1
filling,filling,词,NOUN,B2
film art,film art,词,NOUN,C1
film director,film director,词,NOUN,B2
film industry,film industry,电影业,NOUN,B2
film movie,film movie,电影,NOUN,B2
film roll,film roll,胶卷,NOUN,B2
film star,film star,,NOUN,B2
film studio,film studio,电影制片厂,NOUN,B2
filmar,film,电影,NOUN,B2
filmar,to film,拍摄,VERB,B2
filming,filming,拍摄,NOUN,B2
filmmaker,filmmaker,词,NOUN,C1
filth garbage,filth garbage,词,NOUN,C1
fin,fin,词,NOUN,B2
final,final,最终的,ADJ,B2
final (noun),final,决赛,NOUN,B1
final account,final account,决算,NOUN,B2
final accounts,final accounts,决算,NOUN,C1
final exam,final exam,期末考,NOUN,B2
final gathering,final gathering,末日集合,NOUN,C1
final judgment,final judgment,终审,NOUN,C1
final score,final score,最终比分,NOUN,B2
finality,finality,词,NOUN,C1
finalmente,ultimately,最终,ADV,B2
finals,finals,决赛,NOUN,B1
finance,finance,金融,NOUN,B2
financial center,financial center,金融中心,NOUN,B2
financial liability,financial liability,词,NOUN,C1
financial loss,financial loss,赔本,NOUN,C1
financially,financially,词,ADV,B2
financier,financier,资助者,NOUN,B2
financing funding,financing funding,融资,NOUN,B2
find,find,发现物,NOUN,B2
find back,find back,找回来,NOUN,C1
finding comfort in company,finding comfort in company,寻得陪伴,NOUN,C1
fine arts,fine arts,美术,NOUN,B1
fine pretty,fine pretty,美丽的,ADJ,B2
fine print,fine print,词,NOUN,C1
fine well,fine well,词,ADJ,A1
finely,finely,词,ADV,C1
finger toe,finger toe,手指/脚趾,NOUN,A1
fingernail,fingernail,指甲,NOUN,B2
fingir,to pretend to be,冒充,VERB,B2
finish end,finish end,词,VERB,A1
finished,finished,完蛋,VERB,C1
finished laughter,finished laughter,笑完,NOUN,B2
fir forest,fir forest,杉林,NOUN,C1
fir tree,fir tree,词,NOUN,B2
fire a gun,fire a gun,开枪,VERB,B2
fire brigade,fire brigade,消防队,NOUN,B2
fire department,fire department,词,NOUN,B2
fire kick,fire kick,词,VERB,A2
fire station,fire station,词,NOUN,C1
firearms,firearms,枪支,NOUN,B2
fired,fired,被解雇的,ADJ,B2
firework,firework,词,NOUN,B2
firm,firm,公司,NOUN,B2
firm entrenchment,firm entrenchment,词,NOUN,C1
firm fixed,firm fixed,词,ADJ,B1
firmar por,to sign for,签收,VERB,B2
firme,firm,坚固的,ADJ,B2
first (adv),first,先,ADV,A2
first (noun),first,先将,NOUN,C1
first (num),first,词,NUM,A2
first aid,first aid,词,NOUN,B2
first fruit,first fruit,初熟果实,NOUN,C1
first instance,first instance,初审,NOUN,C1
first-class,first-class,一流,ADJ,B2
firstly,firstly,首先,ADV,B2
firstly (noun),firstly,先是,NOUN,C1
fiscal,fiscal,词,ADJ,C1
fiscal tax,fiscal tax,词,ADJ,B1
fiscalidad,taxation,征税,NOUN,B2
fiscalía,prosecution,起诉,NOUN,B2
fish bone,fish bone,词,NOUN,C1
fish shop,fish shop,词,NOUN,A2
fisheries,fisheries,词,NOUN,B2
fishery,fishery,渔业,NOUN,B2
fishhook,fishhook,词,NOUN,B2
fishing,fishing,钓鱼,NOUN,B2
fishing rod,fishing rod,钓竿,NOUN,B2
fishmonger,fishmonger,词,NOUN,B2
fisionomía,face reading,面相,NOUN,B2
fistula,fistula,瘘管,NOUN,B2
fit,fit,适合的,ADJ,B2
fit (noun),fit,词,NOUN,B2
fitting out,fitting out,词,NOUN,B2
five (adj),five,词,ADJ,C1
five organs,five organs,五脏,NOUN,B2
five-year term,five-year term,词,NOUN,C1
fixation,fixation,词,NOUN,C1
fixed-term imprisonment,fixed-term imprisonment,有期徒刑,NOUN,C1
fizz,fizz,词,VERB,C1
fizzle,fizzle,词,VERB,C1
fjeld cleft,fjeld cleft,,NOUN,B2
flabbergast,flabbergast,词,VERB,C1
flabby,flabby,词,ADJ,B2
flag (part),flag,旗,PART,C1
flagrante delicto,flagrante delicto,词,NOUN,C1
flail,flail,词,VERB,C1
flair,flair,词,NOUN,C1
flake (noun),flake,词,NOUN,C1
flake (verb),flake,词,VERB,C1
flame retardant,flame retardant,阻燃剂,NOUN,C1
flammable ice,flammable ice,可燃冰,NOUN,C1
flange,flange,词,NOUN,C1
flanking,flanking,包抄,NOUN,B2
flap (noun),flap,词,NOUN,C1
flare,flare,词,VERB,C1
flash (noun),flash,词,NOUN,B2
flashback,flashback,词,NOUN,C1
flat (noun),flat,词,NOUN,B1
flat rate,flat rate,包干费,NOUN,B2
flat-rate,flat-rate,词,ADJ,C1
flatterer,flatterer,词,NOUN,C1
flaunt,flaunt,词,VERB,C1
flauta,flute,长笛,NOUN,B2
flawed,flawed,词,ADJ,C1
flay,flay,词,VERB,C1
flea,flea,蚤,NOUN,C1
flea chip,flea chip,词,NOUN,B2
fleck,fleck,词,NOUN,C1
fleece (noun),fleece,词,NOUN,C1
flemish,flemish,佛兰芒的,ADJ,B2
flesh,flesh,肉,NOUN,B2
flex,flex,词,VERB,C1
flexibilidad,flexibility,灵活性,NOUN,B2
flexible,flexible,灵活的,ADJ,B2
flick,flick,词,VERB,C1
flicker,flicker,词,VERB,C1
flinch,flinch,词,VERB,C1
fling (verb),fling,词,VERB,C1
flint,flint,燧石,NOUN,B2
flip,flip,词,VERB,B2
flirt (verb),flirt,词,VERB,B2
flit,flit,词,VERB,C1
float (noun),float,词,NOUN,B2
floating (noun),floating,词,NOUN,C1
floating dust,floating dust,浮尘,NOUN,B2
flogging,flogging,词,NOUN,C1
floor mat,floor mat,地垫,NOUN,C1
floor projectile,floor projectile,词,NOUN,C1
floor story,floor story,词,NOUN,A2
flop,flop,词,VERB,C1
flora,flora,植物群,NOUN,B2
floral,floral,词,ADJ,C1
florid,florid,辞藻华丽的,ADJ,B2
flounce,flounce,词,VERB,C1
flounder,flounder,词,VERB,C1
floundering,floundering,词,NOUN,C1
flow rate,flow rate,流量,NOUN,B2
flower arranging,flower arranging,整花,NOUN,C1
flower bed,flower bed,花圃,NOUN,C1
flower shadow,flower shadow,花影,NOUN,C1
flowerbed stalls,flowerbed stalls,词,NOUN,C1
flowering,flowering,开花,NOUN,B2
fluctuating,fluctuating,波动的,ADJ,B2
fluently,fluently,词,ADV,C1
fluff,fluff,词,NOUN,C1
fluid (adj),fluid,词,ADJ,B2
fluidize,fluidize,词,VERB,C1
fluido,fluent,流利的,ADJ,B2
fluids,fluids,词,NOUN,C1
flunk,flunk,词,VERB,C1
flushing,flushing,潮红,NOUN,C1
fluster (noun),fluster,词,NOUN,C1
flustered,flustered,慌张,ADJ,B2
flutter (noun),flutter,词,NOUN,B2
flying,flying,飞行的,ADJ,B2
flyover,flyover,词,NOUN,C1
flyting poems,flyting poems,词,NOUN,C1
foal,foal,马驹,NOUN,B2
fob,fob,词,NOUN,C1
focalización,targeting,定位,NOUN,B2
focalization,focalization,词,NOUN,C1
focused,focused,专注的,ADJ,B2
foe,foe,敌友,NOUN,B2
fog light,fog light,雾灯,NOUN,C1
foggy,foggy,词,ADJ,C1
foggy day,foggy day,雾天,NOUN,C1
foil (noun),foil,词,NOUN,C1
fold,fold,折痕,NOUN,B2
fold over,fold over,词,VERB,C1
foldable,foldable,词,ADJ,C1
foliar,foliar,词,ADJ,C1
foliar fertilizer,foliar fertilizer,叶面肥,NOUN,B2
folk (noun),folk,苍生,NOUN,B2
folk oboe,folk oboe,词,NOUN,B2
folk singer,folk singer,词,NOUN,C1
folksy,folksy,乡土的,ADJ,B2
folleto,booklet,小册子,NOUN,B2
follower enthusiast,follower enthusiast,词,NOUN,C1
followers,followers,词,NOUN,C1
following (adj),following,词,ADJ,B2
following (adp),following,词,ADP,C1
following next,following next,词,ADJ,A2
following page,following page,,NOUN,B2
following the example of,following the example of,词,NOUN,C1
folly,folly,愚妄,NOUN,C1
foment,foment,词,VERB,C1
fond of food,fond of food,词,ADJ,B1
fondle,fondle,词,VERB,C1
fondness,fondness,词,NOUN,B2
fondo,background,背景,NOUN,B2
fondo,fund,基金,NOUN,B2
fonología,phonology,音系学,NOUN,B2
fontanero,plumber,水管工,NOUN,B2
fonética,phonetics,语音学,NOUN,B2
food,food,食品的,ADJ,B2
food chain,food chain,食物链,NOUN,C1
food dish,food dish,菜,NOUN,A1
food-processing,food-processing,食品加工的,ADJ,B2
foolhardiness,foolhardiness,词,NOUN,C1
foolishness,foolishness,词,NOUN,B1
foot-warming,foot-warming,捂脚,NOUN,B2
footage,footage,镜头长度,NOUN,B2
football camp,football camp,词,NOUN,B2
football player,football player,词,NOUN,C1
foothill,foothill,词,NOUN,B2
footnote,footnote,词,NOUN,C1
footsteps,footsteps,后尘,NOUN,C1
for a lifetime,for a lifetime,一辈子,ADV,A2
for a long time,for a long time,很久,ADV,C1
for a moment,for a moment,片刻,ADV,B2
for a time,for a time,一度,ADV,B2
for because,for because,因为,CCONJ,B2
for each other,for each other,相互,ADV,B2
for guidance orientation,for guidance orientation,词,ADV,C1
for hours,for hours,词,ADJ,B2
for my sake,for my sake,词,ADV,C1
for now (part),for now,权,PART,C1
for sale,for sale,待售,ADJ,B2
for that,for that,词,ADV,A2
for that purpose,for that purpose,为此,ADV,B2
for the,for the,词,ADP,A2
for the sake of argument,for the sake of argument,词,ADV,C1
for this,for this,为此,ADV,B2
for this purpose,for this purpose,为此,ADV,B2
for to,for to,为,ADP,B2
for what purpose,for what purpose,为了什么目的,ADV,B2
for your sake,for your sake,词,ADV,B2
forage,forage,词,VERB,C1
foray,foray,词,NOUN,C1
forbear,forbear,词,VERB,C1
forbearance,forbearance,词,NOUN,C1
forbearing,forbearing,词,ADJ,C1
forced labor,forced labor,词,NOUN,C1
forcing submission,forcing submission,词,NOUN,C1
ford,ford,词,NOUN,B2
forearm,forearm,词,NOUN,C1
foreboding,foreboding,词,NOUN,C1
forecast (verb),forecast,词,VERB,B2
foreclose,foreclose,词,VERB,C1
foreclosure of rights,foreclosure of rights,权利丧失,NOUN,B2
forecourt,forecourt,词,NOUN,C1
foredoom,foredoom,词,VERB,C1
forego,forego,词,VERB,C1
foreground,foreground,词,NOUN,C1
foreign currency,foreign currency,外币,NOUN,C1
foreign debt,foreign debt,外债,NOUN,B2
foreign exchange,foreign exchange,外汇,NOUN,B2
foreign strange,foreign strange,外国的/陌生的,ADJ,B2
foreknow,foreknow,词,VERB,C1
forenoon,forenoon,词,NOUN,A1
forensic evidence collection,forensic evidence collection,词,NOUN,C1
foreshadow,foreshadow,词,VERB,C1
foreshadowing,foreshadowing,词,NOUN,C1
foreshorten,foreshorten,词,VERB,C1
forest-related,forest-related,词,ADJ,B2
forestación,afforestation,植树造林,NOUN,B2
forestall,forestall,词,VERB,C1
forestry,forestry,词,ADJ,C1
foretell,foretell,词,VERB,C1
forewarn,forewarn,词,VERB,C1
foreword,foreword,词,NOUN,C1
forfeit,forfeit,词,VERB,C1
forfeiture,forfeiture,丧失,NOUN,B2
forge ahead,forge ahead,进取,VERB,C1
forged,forged,词,ADJ,C1
forgetfulness,forgetfulness,词,NOUN,B2
forgetting,forgetting,你忘,NOUN,C1
forging,forging,词,NOUN,C1
forgiving,forgiving,词,ADJ,C1
forgo,forgo,词,VERB,C1
forma,form,形式,NOUN,B2
formación,formation,组建,NOUN,B2
formal,formal,正式的,ADJ,B2
formal notice,formal notice,词,NOUN,C1
formalist (adj),formalist,词,ADJ,C1
formally,formally,正式地,ADV,B2
former subordinates,former subordinates,旧部,NOUN,C1
fornicate,fornicate,词,VERB,C1
foro,forum,论坛,NOUN,B2
forsake,forsake,词,VERB,C1
forswear,forswear,词,VERB,C1
fort,fort,堡垒,NOUN,B2
fortaleza,fortress,堡垒,NOUN,B2
forums,forums,词,NOUN,C1
forward (verb),forward,词,VERB,B2
fossil fuel,fossil fuel,化石燃料,NOUN,B2
fossilization,fossilization,词,NOUN,B2
fossils,fossils,化石,NOUN,C1
foster,foster,词,VERB,B2
foto de identidad,id photo,证件照,NOUN,B2
fotocopiar,to photocopy,复印,VERB,B2
fotografiar,to photograph,拍照,VERB,B2
fotografía,photography,摄影,NOUN,B2
fotosíntesis,photosynthesis,光合作用,NOUN,B2
foul,foul,词,NOUN,B2
foul smell,foul smell,骚味,NOUN,B2
found a country,found a country,建国,VERB,B2
foundation base,foundation base,基础,NOUN,B2
foundation course,foundation course,基础课,NOUN,C1
foundations,foundations,词,NOUN,C1
founding,founding,成立,NOUN,B2
four (adj),four,词,ADJ,C1
four limbs,four limbs,四肢,NOUN,B2
fourth (num),fourth,词,NUM,B1
fowl,fowl,词,NOUN,C1
foyer,foyer,词,NOUN,C1
fracaso,falling though,虽坠,NOUN,B2
fracción,fraction marker,分之,PART,B2
fractal,fractal,分形,NOUN,B2
fractured,fractured,词,ADJ,C1
frambuesa,raspberry,覆盆子,NOUN,B2
frame of reference,frame of reference,词,NOUN,C1
framework-related,framework-related,词,ADJ,C1
francés,french,法国的,ADJ,B2
frankly,frankly,坦率地,ADV,B2
fraud prevention,fraud prevention,词,NOUN,C1
fraudster,fraudster,词,NOUN,C1
fraudulent concealment,fraudulent concealment,词,NOUN,C1
fray,fray,词,VERB,C1
frazzle,frazzle,词,VERB,C1
freckles,freckles,词,NOUN,B2
free association,free association,词,NOUN,C1
free of charge (adj),free of charge,免费,ADJ,A2
free of charge (adv),free of charge,词,ADV,B1
free off,free off,空闲的/休假,ADJ,B2
free trade,free trade,词,NOUN,C1
freedmen clients,freedmen clients,词,NOUN,C1
freedom of assembly,freedom of assembly,集会自由,NOUN,B2
freedom of choice,freedom of choice,选择自由,NOUN,B2
freedom of opinion,freedom of opinion,意见自由,NOUN,B2
freedom of religion,freedom of religion,宗教自由,NOUN,B2
freedom of speech,freedom of speech,言论自由,NOUN,B2
freedom of the press,freedom of the press,出版自由,NOUN,B2
freely,freely,自由地,ADV,B2
french fry,french fry,词,NOUN,B2
french-speaking,french-speaking,讲法语的,ADJ,B2
frente,forehead,前额,NOUN,B2
frequencies,frequencies,词,NOUN,B2
frequency (adj),frequency,词,ADJ,C1
frequently,frequently,经常,ADV,B2
fresco,fresh,新鲜的,ADJ,B2
fresco,fresco,壁画,NOUN,B2
fresh,fresh,,NOUN,B2
fresh soft,fresh soft,词,ADJ,A1
freshly,freshly,新鲜地,ADV,B2
freshness bloom,freshness bloom,清新/鲜艳,NOUN,C1
fret,fret,词,VERB,C1
frictionless,frictionless,无摩擦的,ADJ,B2
fried,fried,词,ADJ,B1
friend female,friend female,词,NOUN,A1
friend male,friend male,词,NOUN,A1
friends,friends,词,NOUN,B1
friends with,friends with,词,ADJ,B2
frightening,frightening,令人恐惧的,ADJ,B2
frill,frill,词,NOUN,C1
frisian,frisian,弗里斯兰的,ADJ,B2
frisk,frisk,词,VERB,C1
fritter,fritter,词,VERB,C1
frivol,frivol,词,VERB,C1
frizz,frizz,词,VERB,C1
frock,frock,词,NOUN,C1
from above,from above,从上方,ADV,B2
from as of,from as of,词,ADP,A2
from away from,from away from,离,ADP,B2
from beginning to end,from beginning to end,始终,ADV,B2
from behind,from behind,从后面,ADV,B2
from brocade,from brocade,从锦,NOUN,C1
from day,from day,日起,NOUN,B2
from each other,from each other,词,ADV,C1
from here,from here,从这里,ADV,B2
from home,from home,从家里,ADV,B2
from it,from it,从中,ADV,B2
from one,from one,从一,NOUN,C1
from onward,from onward,词,ADP,A1
from tavern,from tavern,从醉仙楼,NOUN,C1
from the,from the,词,ADP,C1
from then on,from then on,从此,ADV,B2
from there,from there,从那里,ADV,B2
from this,from this,由此,ADV,B2
from time to time,from time to time,不时,ADV,B2
from what,from what,词,ADV,B2
from where,from where,从哪里,ADV,B2
from which,from which,从中,ADV,B2
from within,from within,从内部,ADV,B2
front line,front line,前线,NOUN,B2
front page,front page,头版,NOUN,B2
front part,front part,前部,NOUN,C1
front scout,front scout,前方探子来,NOUN,C1
frontier,frontier,前沿,NOUN,B2
frontiers,frontiers,词,NOUN,C1
frontispiece,frontispiece,词,NOUN,C1
frontrunner,frontrunner,词,NOUN,C1
frostbite,frostbite,冻伤,NOUN,B2
frosty,frosty,词,ADJ,A1
frown (noun),frown,frown,NOUN,B2
frown (verb),frown,词,VERB,C1
frowning,frowning,词,NOUN,C1
frozen (noun),frozen,词,NOUN,B2
fructify,fructify,词,VERB,C1
frugal,frugal,节俭的,ADJ,B2
fruit juice,fruit juice,果汁,NOUN,A1
fruiting,fruiting,词,ADJ,C1
frustrar,to thwart,阻挠,VERB,B2
frágil,flimsy,脆弱的,ADJ,B2
fríamente,coldly,冷淡地,ADV,B2
fuddle,fuddle,词,VERB,C1
fudge,fudge,词,NOUN,C1
fuegos artificiales,fireworks,烟花,NOUN,B2
fuel gauge,fuel gauge,油表,NOUN,C1
fuels,fuels,词,NOUN,B2
fuels hydrocarbons,fuels hydrocarbons,词,NOUN,C1
fuente,fountain,喷泉,NOUN,B2
fuera,out,在外面,ADV,B2
fuera de,out of,从...出来,ADP,B2
fuerza,force,力量,NOUN,B2
fuerza centrífuga,centrifugal force,离心力,NOUN,B2
fugitive (noun),fugitive,词,NOUN,B2
fulfil,fulfil,词,VERB,C1
fulfilled,fulfilled,满足的,ADJ,B2
full amount,full amount,足足,NOUN,C1
full drunk,full drunk,满的/醉的,ADJ,B2
full fed,full fed,词,ADJ,A1
full fed up,full fed up,词,ADJ,B1
full moon banquet,full moon banquet,满月酒,NOUN,C1
full of life,full of life,充满活力的,ADJ,B2
full payment,full payment,全款,NOUN,C1
full satiated,full satiated,词,ADJ,A2
full stop,full stop,词,NOUN,B2
full-fledged,full-fledged,词,ADJ,C1
full-time,full-time,全职,ADJ,B2
fully,fully,词,ADV,C1
fulminate,fulminate,词,VERB,C1
fumble,fumble,词,VERB,C1
fume,fume,词,NOUN,C1
fun joke,fun joke,乐趣/玩笑,NOUN,B2
funcional,functional,功能的,ADJ,B2
funcionar,to function,运作,VERB,B2
functioning operation,functioning operation,词,NOUN,B1
fundador,founder,创始人,NOUN,B2
fundamental rights,fundamental rights,词,NOUN,C1
fundamentally,fundamentally,词,ADV,C1
funding,funding,词,NOUN,B2
fundraise,fundraise,募款,VERB,C1
fundraiser,fundraiser,词,NOUN,C1
fundraising,fundraising,集资,NOUN,C1
funds,funds,经费,NOUN,C1
funeral,funeral,葬礼,NOUN,B2
funeral home,funeral home,,NOUN,B2
funerary,funerary,丧葬的,ADJ,B2
fungi,fungi,词,NOUN,B2
fungibility,fungibility,词,NOUN,C1
fungus,fungus,真菌,NOUN,C1
funniness,funniness,,NOUN,B2
furbish,furbish,词,VERB,C1
furl,furl,词,VERB,C1
furlough (noun),furlough,词,NOUN,C1
furnished,furnished,词,ADJ,B2
furnishing,furnishing,室内布置,NOUN,B2
furrow,furrow,犁沟,NOUN,B2
further,further,进一步,ADV,B2
further additional,further additional,词,ADJ,B2
further debate,further debate,再辩,NOUN,B2
further on,further on,更远处,ADV,B2
further study,further study,进修,NOUN,C1
further to in reference,further to in reference,词,ADV,C1
furthest,furthest,最远,ADV,B2
fusión,merge,合并,NOUN,B2
fussy,fussy,挑剔的,ADJ,B2
future (adj),future,未来的,ADJ,C1
future prospects,future prospects,出息,AUX,B2
futures,futures,期货,NOUN,C1
futurismo,futurism,未来主义,NOUN,B2
futuristic,futuristic,词,ADJ,C1
futuro,future,未来的,ADJ,B2
fuzzy,fuzzy,词,ADJ,C1
fácil de decir,easy to say,好说,NOUN,B2
fénix,phoenix,拿凤,NOUN,B2
férula,splint,夹板,NOUN,B2
física,physics,物理,NOUN,B2
fósil,fossil,化石,NOUN,B2
fútbol,football,足球,NOUN,B2
gad,gad,词,VERB,C1
gag,gag,词,NOUN,C1
gainsay,gainsay,词,VERB,C1
gala,gala,晚会,NOUN,C1
galactic,galactic,词,ADJ,C1
galería de arte,art gallery,美术馆,NOUN,B2
gallbladder,gallbladder,词,NOUN,C1
gallop,gallop,疾驰,NOUN,B2
gallows humor,gallows humor,绞刑架幽默,NOUN,B2
galvanization,galvanization,词,NOUN,C1
galvanized,galvanized,词,ADJ,C1
gamble (noun),gamble,就赌,NOUN,C1
gambling,gambling,词,NOUN,C1
gambol,gambol,词,VERB,C1
game play,game play,游戏/比赛,NOUN,B2
game rule,game rule,游戏规则,NOUN,B2
ganancia,gain,收益,NOUN,B2
ganar,to earn,赚取,VERB,B2
gangster,gangster,黑帮成员,NOUN,B2
gantry portal,gantry portal,词,NOUN,C1
gaol,gaol,词,NOUN,C1
gaping,gaping,,NOUN,B2
garantía,warranty,保修单,NOUN,B2
garb,garb,词,NOUN,C1
garbage,garbage,词,NOUN,B2
garble,garble,词,VERB,C1
gargle (verb),gargle,词,VERB,C1
garment (part),garment,衣,PART,B2
garment making,garment making,词,NOUN,C1
garner,garner,词,VERB,C1
garrison towns,garrison towns,词,NOUN,C1
gas flame,gas flame,煤气火焰,NOUN,B2
gas meter,gas meter,,NOUN,B2
gash,gash,词,NOUN,C1
gasket,gasket,词,NOUN,B1
gasp (verb),gasp,词,VERB,B2
gastronomic,gastronomic,美食的,ADJ,B2
gastroscopy,gastroscopy,胃镜,NOUN,B2
gatear,to crawl,爬行,VERB,B2
gateway,gateway,词,NOUN,C1
gather happily,gather happily,欢聚,VERB,C1
gauge meter,gauge meter,词,NOUN,C1
gauze,gauze,纱布,NOUN,C1
gay,gay,快乐的,ADJ,B2
gay (noun),gay,同性恋者,NOUN,B2
gay man,gay man,男同性恋者,NOUN,B2
gaze (noun),gaze,目视,NOUN,B2
gazelle,gazelle,词,NOUN,B1
gearbox,gearbox,变速箱,NOUN,B2
geek,geek,极客,NOUN,C1
geerziehung,geerziehung,词,NOUN,C1
gefahrt,gefahrt,词,NOUN,B2
gefassung,gefassung,词,NOUN,C1
geforderung,geforderung,词,NOUN,B2
gegabe,gegabe,词,NOUN,C1
gegestaltung,gegestaltung,词,NOUN,C1
gekunft,gekunft,词,NOUN,C1
gel,gel,词,NOUN,C1
gelatinous,gelatinous,胶状的,ADJ,C1
geld,geld,词,VERB,C1
gemir,to groan,呻吟,VERB,B2
gemstone,gemstone,词,NOUN,C1
genahme,genahme,词,NOUN,C1
gendarme,gendarme,词,NOUN,B1
gendarmerie,gendarmerie,词,NOUN,C1
gender equality,gender equality,性别平等,NOUN,B2
gender parity,gender parity,词,NOUN,C1
gene therapy,gene therapy,基因治疗,NOUN,C1
genealogical,genealogical,词,ADJ,C1
genealogies,genealogies,家谱,NOUN,C1
genealogist,genealogist,词,NOUN,C1
generación mutua,mutual generation,相生,NOUN,B2
general,general,一般的,ADJ,B2
general (noun),general,将军,NOUN,B2
general assembly,general assembly,词,NOUN,C1
general course,general course,公共课,NOUN,B2
general manager,general manager,总经理,NOUN,C1
general practitioner,general practitioner,全科医生,NOUN,B2
generally accepted,generally accepted,公认,ADJ,B2
generally speaking,generally speaking,一般而言,ADV,B2
generation change,generation change,换代,NOUN,C1
generational,generational,代际的,ADJ,B2
generations,generations,词,NOUN,B2
generative grammar,generative grammar,生成语法,NOUN,C1
generosidad,generosity,慷慨,NOUN,B2
generously,generously,慷慨地,ADV,B2
genesis emergence,genesis emergence,词,NOUN,C1
genetic modification,genetic modification,基因改造,NOUN,B2
genetically,genetically,遗传地,ADV,B2
genial,genial,词,ADJ,C1
genio,temper,脾气,NOUN,B2
genital,genital,生殖器,NOUN,B2
genocide,genocide,种族灭绝,NOUN,B2
genoma,genome,基因组,NOUN,B2
genre classification,genre classification,词,NOUN,C1
gente ordinaria,ordinary people,老百姓,NOUN,B2
gentil,gentle,温柔的,ADJ,B2
gentle reproach,gentle reproach,词,NOUN,C1
gentlemen,gentlemen,词,NOUN,C1
gentleness,gentleness,词,NOUN,C1
gently,gently,轻轻地,ADV,B2
gentrification,gentrification,词,NOUN,C1
genuflect,genuflect,词,VERB,C1
genuine article,genuine article,真品,NOUN,C1
genuine goods,genuine goods,真货,NOUN,C1
genuine product,genuine product,正品,NOUN,B2
genuineness,genuineness,真成,NOUN,C1
genus,genus,词,NOUN,C1
geographically,geographically,词,ADV,C1
geolocation,geolocation,词,NOUN,C1
geopolítica,geopolitics,地缘政治,NOUN,B2
geopolítico,geopolitical,地缘政治的,ADJ,B2
geostrategic,geostrategic,词,ADJ,C1
geothermal,geothermal,地热,ADJ,C1
gepflegung,gepflegung,词,NOUN,C1
geregelung,geregelung,词,NOUN,C1
geriatrics,geriatrics,老年医学,NOUN,B2
gerichtung,gerichtung,词,NOUN,B2
german class,german class,德语课,NOUN,B2
german person,german person,德国人,NOUN,B2
geschaft,geschaft,词,NOUN,C1
geschrift,geschrift,词,NOUN,C1
gesetzung,gesetzung,词,NOUN,C1
gesicht,gesicht,词,NOUN,C1
gesinnung,gesinnung,词,NOUN,B2
gesprache,gesprache,词,NOUN,C1
gesucht,gesucht,词,NOUN,B2
gesuchung,gesuchung,词,NOUN,C1
get off car,get off car,下车,VERB,B2
get out,get out,词,VERB,C1
getaway,getaway,词,NOUN,C1
geteilung,geteilung,词,NOUN,B2
getheilung,getheilung,词,NOUN,B2
getreibung,getreibung,词,NOUN,B2
getting rich,getting rich,词,NOUN,C1
gewandel,gewandel,词,NOUN,C1
geweisung,geweisung,词,NOUN,C1
gewirkung,gewirkung,词,NOUN,C1
ghaita,ghaita,词,NOUN,B2
gharar,gharar,词,NOUN,C1
gherkin,gherkin,词,NOUN,B1
ghoriba cookie,ghoriba cookie,词,NOUN,B2
ghostly look,ghostly look,鬼样子,NOUN,B2
giant (noun),giant,巨人,NOUN,B1
gibber,gibber,词,VERB,C1
gibe,gibe,词,VERB,C1
giddy,giddy,头晕的,ADJ,B2
gifted,gifted,有天赋的,ADJ,B2
giftedness,giftedness,词,NOUN,C1
gigante,giant,巨人,NOUN,B2
gigoló,gigolo,面首,NOUN,B2
gilding,gilding,词,NOUN,C1
gills,gills,词,NOUN,B2
gimnasio,gymnasium,体育馆,NOUN,B2
ginseng,ginseng,人参,NOUN,B2
girdle,girdle,词,NOUN,C1
girl daughter,girl daughter,词,NOUN,A1
girl girlfriend,girl girlfriend,女孩/女朋友,NOUN,B2
give a farewell dinner,give a farewell dinner,饯行,VERB,C1
give change,give change,找零,VERB,C1
give mother,give mother,给娘,NOUN,C1
give you (noun),give you,送你,NOUN,C1
given (noun),given,给定,NOUN,B2
given datum,given datum,词,NOUN,C1
given that,given that,鉴于,SCONJ,B2
giving,giving,给人,NOUN,C1
giving of oneself,giving of oneself,词,NOUN,C1
glacial,glacial,词,ADJ,C1
gladden,gladden,词,VERB,C1
gladly,gladly,乐意地,ADV,B2
gladly willingly,gladly willingly,乐意地/宁愿,ADV,B2
gladness,gladness,欢喜,NOUN,C1
glamour,glamour,词,NOUN,C1
glance,glance,一瞥,NOUN,B2
glare,glare,词,VERB,C1
glass bottle,glass bottle,词,NOUN,B1
glass noodles,glass noodles,粉丝,NOUN,B2
glasses spectacles,glasses spectacles,词,NOUN,A1
glaze,glaze,词,VERB,C1
gleam,gleam,词,NOUN,C1
gleeful,gleeful,词,ADJ,C1
glib,glib,伶牙俐齿的,ADJ,B2
gliding,gliding,滑翔,NOUN,B2
glimmer,glimmer,词,NOUN,C1
glint,glint,词,NOUN,C1
glisten,glisten,词,VERB,C1
glitch,glitch,故障,NOUN,C1
glitter (noun),glitter,词,NOUN,B2
glitter (verb),glitter,词,VERB,C1
gloat,gloat,词,VERB,C1
gloating,gloating,词,NOUN,C1
global,global,全球的,ADJ,B2
global (noun),global,全球,NOUN,B2
globalization process,globalization process,全球化进程,NOUN,B2
gloriousness,gloriousness,光荣,NOUN,B2
glossary,glossary,词汇表,NOUN,B2
gloves,gloves,词,NOUN,B2
glow (verb),glow,词,VERB,B2
glow glimmer,glow glimmer,词,NOUN,C1
glower,glower,词,VERB,C1
glucose,glucose,词,NOUN,C1
glut,glut,词,NOUN,C1
glutinous rice,glutinous rice,糯米,NOUN,C1
glutinous rice ball,glutinous rice ball,汤圆,NOUN,C1
gnash,gnash,词,VERB,C1
gnash one's teeth,gnash one's teeth,咬牙切齿,VERB,B2
gnosis,gnosis,灵知,NOUN,B2
gnosticism,gnosticism,灵知主义,NOUN,C1
go away,go away,词,VERB,C1
go wrong,go wrong,词,VERB,C1
goalkeeper,goalkeeper,守门员,NOUN,B2
gobble,gobble,词,VERB,C1
gobernanza,governance,治理,NOUN,B2
gobernar,to govern,统治,VERB,B2
god of death,god of death,杀神,NOUN,C1
god of exams,god of exams,魁星,NOUN,C1
godliness,godliness,词,NOUN,C1
godmother,godmother,词,NOUN,C1
godson,godson,词,NOUN,A2
goggle,goggle,词,VERB,C1
going,going,词,NOUN,B2
going with me,going with me,跟我去,NOUN,C1
golf,golf,高尔夫,NOUN,B2
golpe,bang,巨响,NOUN,B2
golpe,hit,击中,NOUN,B2
golpear,to knock,敲,VERB,B2
gong,gong,锣,NOUN,B2
good behavior,good behavior,,NOUN,B2
good cooked,good cooked,词,ADJ,A1
good day,good day,你好,INTJ,B2
good evening,good evening,词,INTJ,A1
good faith,good faith,信义,NOUN,B2
good hall,good hall,好殿,NOUN,B2
good heavens,good heavens,天哪,INTJ,B2
good lord,good lord,词,INTJ,B2
good medicine,good medicine,好药,NOUN,B2
good morning,good morning,早上好,INTJ,B2
good news,good news,有好事,NOUN,C1
good night,good night,晚安,INTJ,B2
good offices,good offices,词,NOUN,C1
good thing,good thing,好事,NOUN,B2
good well,good well,好/很好,ADJ,B2
good-looking person,good-looking person,帅哥/美女,NOUN,B2
good-naturedness,good-naturedness,温和,NOUN,B2
goodbye kiss,goodbye kiss,,NOUN,B2
goodbye phone,goodbye phone,再见（电话用语）,NOUN,B2
gorrión,sparrow,麻雀,NOUN,B2
gorro ceremonial,ceremonial cap,爵弁,NOUN,B2
gosh,gosh,天哪,INTJ,B2
gothenburg,gothenburg,哥德堡,PROPN,B2
gouge,gouge,词,VERB,C1
gourmet,gourmet,美食家,NOUN,B2
govern a country,govern a country,治国,VERB,C1
governable,governable,可管理的,ADJ,B2
governess,governess,词,NOUN,C1
grab,grab,揪,NOUN,B2
grabación de vídeo,video recording,录像,NOUN,B2
gracefulness,gracefulness,词,NOUN,C1
gracias,thank you,谢谢,INTJ,B2
gracias,thanks,谢谢,NOUN,B2
gracias a,thanks to,多亏,ADP,B2
gracious,gracious,亲切的,ADJ,B2
grade (verb),grade,分级,VERB,C1
grado,grade,等级,NOUN,B2
graduado,graduate,毕业生,NOUN,B2
gradual,gradual,逐渐的,ADJ,B2
gradualmente,gradually,逐渐地,ADV,B2
graduate school,graduate school,研究生院,NOUN,C1
graduate student,graduate student,研究生,NOUN,B2
graduation photo,graduation photo,毕业照,NOUN,C1
graduation thesis,graduation thesis,毕业论文,NOUN,C1
graffiti,graffiti,涂鸦,NOUN,C1
grail,grail,圣杯,NOUN,B2
grammaticality,grammaticality,合语法性,NOUN,B2
gramo,gram,克,NOUN,B2
gran distancia,grand distance,雄远,NOUN,B2
gran favor,great favor,大恩,NOUN,B2
gran ofensa,great offense,冒犯大,NOUN,B2
gran poder,great power,大国,NOUN,B2
granada,pomegranate,石榴,NOUN,B2
granary,granary,词,NOUN,C1
grand duchy,grand duchy,大公国,NOUN,B2
grand duke,grand duke,大公,NOUN,B2
grand master,grand master,大师,NOUN,B2
grand officer,grand officer,大官,NOUN,B2
grand plan,grand plan,大计,NOUN,C1
grand theater,grand theater,大剧院,NOUN,B2
grandes almacenes,department store,百货商店,NOUN,B2
grandeza,grandeur,宏伟,NOUN,B2
grandeza,greatness,伟大,NOUN,B2
grandiloquently,grandiloquently,词,ADV,C1
grandioso,grandiose,浮夸的,ADJ,B2
grandpa,grandpa,爷爷,NOUN,B2
grandparent,grandparent,词,NOUN,B2
grandparenthood,grandparenthood,祖父母身份,NOUN,B2
grandparents,grandparents,祖父母,NOUN,B2
granja,farm,农场,NOUN,B2
granny,granny,奶奶,NOUN,B2
granting of respite,granting of respite,词,NOUN,C1
grants,grants,词,NOUN,C1
granular,granular,词,ADJ,C1
grapefruit,grapefruit,词,NOUN,A2
grapes,grapes,词,NOUN,A1
graph,graph,词,NOUN,C1
graphic design,graphic design,词,NOUN,C1
graphic designer,graphic designer,图形设计师,NOUN,B2
graphics card,graphics card,显卡,NOUN,B2
grapple,grapple,词,VERB,C1
grasa,fat,脂肪,NOUN,B2
grasp (noun),grasp,把及,NOUN,C1
grasp understand,grasp understand,词,VERB,B1
grasshopper,grasshopper,词,NOUN,B1
grassroots,grassroots,词,ADJ,C1
grate,grate,词,VERB,C1
grater,grater,词,NOUN,B2
gratification,gratification,词,NOUN,C1
gratified,gratified,欣慰,ADJ,C1
gratis,for free,免费,ADV,B2
gratitude and enmity,gratitude and enmity,恩仇,NOUN,C1
gratitude and resentment personal feud,gratitude and resentment personal feud,恩怨,NOUN,B2
gratuity,gratuity,酬金,NOUN,B2
grave desecration,grave desecration,亵渎坟墓,NOUN,B2
graveyard,graveyard,墓地,NOUN,B2
gravitas,gravitas,词,NOUN,C1
gravitational,gravitational,引力的,ADJ,B2
gravity of loss,gravity of loss,词,NOUN,C1
gray hair,gray hair,词,NOUN,B2
grease (noun),grease,词,NOUN,C1
great (adv),great,词,ADV,B1
great chaos,great chaos,大乱,NOUN,C1
great joy,great joy,大喜,NOUN,B2
great merit,great merit,大功,NOUN,B2
great victory,great victory,大胜,NOUN,B2
great-grandfather,great-grandfather,曾祖父,NOUN,B2
greaten,greaten,词,VERB,C1
greatest,greatest,词,NOUN,B2
greedy ambition,greedy ambition,贪欲,NOUN,C1
greek,greek,希腊的,ADJ,B2
green blue,green blue,青,ADJ,B2
green pepper,green pepper,青椒,NOUN,C1
green rice ball,green rice ball,青团,NOUN,C1
green-clad,green-clad,,NOUN,B2
greenhouse gas,greenhouse gas,温室气体,NOUN,B2
greening,greening,绿化,NOUN,C1
greeter,greeter,迎宾,NOUN,C1
greetings,greetings,,NOUN,B2
grey area,grey area,灰色地带,NOUN,B2
grid,grid,网格,NOUN,B2
griddle flatbread,griddle flatbread,词,NOUN,B2
grieta,rift,裂痕,NOUN,B2
grieve,grieve,词,VERB,C1
grievously unjust,grievously unjust,词,ADJ,C1
grill (noun),grill,词,NOUN,B2
grille,grille,格栅,NOUN,B2
grilled,grilled,词,ADJ,B1
grilling,grilling,烧烤,NOUN,B2
grimace,grimace,词,NOUN,C1
grimness,grimness,词,NOUN,C1
grinder,grinder,词,NOUN,C1
grip (noun),grip,握呀,NOUN,C1
grip adhesion,grip adhesion,词,NOUN,C1
gripe,gripe,词,VERB,C1
gris,gray,灰色的,ADJ,B2
grit,grit,词,NOUN,C1
gritar,scream,尖叫,NOUN,B2
gritar,to scream,尖叫,VERB,B2
groan,groan,呻吟,NOUN,B2
grocer,grocer,词,NOUN,A2
grocery,grocery,词,NOUN,B2
grooming,grooming,词,NOUN,C1
grope,grope,词,VERB,C1
ground (adj),ground,磨碎的,ADJ,B1
ground basis,ground basis,基础/理由,NOUN,B2
groundbreaking ceremony,groundbreaking ceremony,奠基仪式,NOUN,C1
grounding,grounding,扎根,NOUN,C1
grounds of judgment,grounds of judgment,词,NOUN,C1
groundwater pollution,groundwater pollution,地下水污染,NOUN,B2
group assignment,group assignment,小组作业,NOUN,C1
group chat,group chat,群聊,NOUN,C1
group cohesion,group cohesion,词,NOUN,C1
group culture,group culture,群体文化,NOUN,B2
group dynamics,group dynamics,词,NOUN,C1
group harmony,group harmony,词,NOUN,C1
group identity,group identity,词,NOUN,C1
group individual,group individual,群体个体,NOUN,B2
group leader,group leader,组长,NOUN,C1
group member,group member,群体成员,NOUN,B2
group mentality,group mentality,群体心态,NOUN,B2
group norm,group norm,群体规范,NOUN,B2
group photo,group photo,合影,NOUN,B1
group solidarity,group solidarity,群体团结,NOUN,B2
group weakness,group weakness,词,NOUN,C1
group work,group work,群体工作,NOUN,B2
grouping,grouping,词,NOUN,B2
grouse,grouse,词,VERB,C1
grovel,grovel,词,VERB,C1
growing,growing,词,ADJ,B2
grown,grown,长大的,ADJ,B2
growth rate,growth rate,词,NOUN,C1
grub,grub,词,NOUN,C1
grueling,grueling,词,ADJ,C1
grumbler,grumbler,爱抱怨的人,NOUN,B2
grunt,grunt,词,VERB,B2
gráfico,graphic,图形的,ADJ,B2
gráfico,chart,图表,NOUN,B2
guapo,good-looking,好看的,ADJ,B2
guapo,handsome guy,帅哥,NOUN,B2
guarantees,guarantees,词,NOUN,C1
guardarropa,cloakroom,衣帽间,NOUN,B2
guardería,nursery,托儿所,NOUN,B2
guardia de escolta,escort guard,镖师,NOUN,B2
guardia de seguridad,security guard,保安,NOUN,B2
guardia imperial,imperial guard,御林,NOUN,B2
guardianship,guardianship,监护,NOUN,B2
guarding,guarding,守住,NOUN,C1
guardián,guardian,守卫,NOUN,B2
guardrail,guardrail,词,NOUN,C1
guards,guards,警卫,NOUN,B2
guerra mundial,world war,世界大战,NOUN,B2
guerrear,to wage war,作战,VERB,B2
guerrilla,guerrilla,词,NOUN,C1
guess (noun),guess,一猜,NOUN,B2
guest house,guest house,招待所,NOUN,C1
guest tester,guest tester,,NOUN,B2
guidance,guidance,指导,NOUN,B2
guidebook,guidebook,词,NOUN,B1
guided tour,guided tour,导游,NOUN,B2
guideline,guideline,指导方针,NOUN,B2
guiding light,guiding light,词,NOUN,C1
guilder,guilder,盾,NOUN,B2
guilt-ridden,guilt-ridden,内疚的,ADJ,B2
guilty owes,guilty owes,有罪的/欠钱的,ADJ,B2
guitar music,guitar music,词,NOUN,C1
guión,screenplay,剧本,NOUN,B2
guión teatral,script for play,剧本,NOUN,B2
guqin,guqin,古琴,NOUN,B2
gurgle (noun),gurgle,词,NOUN,C1
guru,guru,精神导师,NOUN,B2
guzheng,guzheng,古筝,NOUN,C1
guzzle,guzzle,词,VERB,C1
gynaecology,gynaecology,妇科,NOUN,B2
gyroscope,gyroscope,词,NOUN,C1
género,gender,性别,NOUN,B2
haber,have,有,AUX,B2
haber,to there's still time,来得及,VERB,B2
habit formation,habit formation,词,NOUN,C1
habitlessness,habitlessness,无习惯,NOUN,B2
habituación,habituation,习惯化,NOUN,B2
habitual behavior,habitual behavior,习惯行为,NOUN,B2
habitus,habitus,词,NOUN,C1
hablar,talk,谈话,NOUN,B2
hablar,to talk,谈话,VERB,B2
habous endowments,habous endowments,词,NOUN,C1
hacer,to make,制作,VERB,B2
hacer ruido,to make noise,闹得,VERB,B2
hacia abajo,downwards,向下,ADV,B2
hackear,to hack,入侵；盗版,VERB,B2
hacker,hacker,黑客,NOUN,C1
hacking,hacking,黑客行为,NOUN,B2
hackneyed,hackneyed,词,ADJ,C1
hadith prophetic saying,hadith prophetic saying,圣训,NOUN,B2
hadra,hadra,词,NOUN,B2
hag,hag,老妇,NOUN,B2
haha,haha,哈哈,INTJ,B2
hair bun,hair bun,发髻,NOUN,B2
hair dryer,hair dryer,词,NOUN,C1
haircut,haircut,词,NOUN,C1
hairy,hairy,词,ADJ,C1
hakawati,hakawati,词,NOUN,B2
half (num),half,半,NUM,A1
half board,half board,词,NOUN,B1
half hour,half hour,半小时,NOUN,B2
half inch,half inch,半寸,NOUN,C1
half of a match,half of a match,半场,NOUN,B1
half-day,half-day,半天,NOUN,B2
half-year,half-year,半年,NOUN,B2
halfway,halfway,半途,ADV,B2
halfway (noun),halfway,中途,NOUN,C1
hall,hall,殿,PART,B2
hallazgo,finding,发现,NOUN,B2
hallelujah,hallelujah,哈利路亚,INTJ,B2
hallowed,hallowed,词,ADJ,C1
halo,halo,词,NOUN,B2
hamburger,hamburger,汉堡包,NOUN,B2
hand wash,hand wash,手洗,VERB,C1
hand wound,hand wound,手伤,NOUN,B1
handball,handball,手球,NOUN,C1
handbrake,handbrake,手刹,NOUN,C1
handful,handful,词,NOUN,B2
handguard,handguard,护手,NOUN,B2
handicap,handicap,词,NOUN,C1
handiness,handiness,趁手,NOUN,C1
handle (noun),handle,把手,NOUN,B2
handlebars,handlebars,词,NOUN,C1
handwritten document,handwritten document,手写件,NOUN,C1
handy,handy,词,ADJ,B1
handyman,handyman,工匠,NOUN,B2
hanged,hanged,被绞死的,ADJ,B2
hanged man,hanged man,词,NOUN,C1
hanger,hanger,词,NOUN,A2
hanging,hanging,绞刑,NOUN,B2
hangover,hangover,词,NOUN,B2
haphazard,haphazard,词,ADJ,C1
hapless,hapless,词,ADJ,C1
happen to,happen to,词,VERB,C1
happily,happily,快乐地,ADV,B2
happy event,happy event,喜事,NOUN,B2
harassed,harassed,词,ADJ,C1
harassments,harassments,词,NOUN,C1
harbinger,harbinger,词,NOUN,C1
harbour,harbour,港口,NOUN,B2
hard,hard,努力地,ADV,B2
hard and soft,hard and soft,刚柔,NOUN,B2
hard drive,hard drive,硬盘,NOUN,C1
hard to achieve,hard to achieve,难以实现,ADJ,C1
hard to adapt,hard to adapt,难以适应,ADJ,B2
hard to adjust,hard to adjust,难以调整,ADJ,C1
hard to complete,hard to complete,难以完成,ADJ,B2
hard to confirm,hard to confirm,难以确认,ADJ,C1
hard to decide,hard to decide,难以决定,ADJ,B2
hard to determine,hard to determine,难以确定,ADJ,B2
hard to execute,hard to execute,难以执行,ADJ,B2
hard to identify,hard to identify,难以辨别,ADJ,C1
hard to implement,hard to implement,难以实施,ADJ,B2
hard to judge,hard to judge,难以判断,ADJ,B2
hard to manage,hard to manage,难以管理,ADJ,C1
hard to measure,hard to measure,难以衡量,ADJ,B2
hard to operate,hard to operate,难以操作,ADJ,B2
hard to part with,hard to part with,难以割舍,ADJ,C1
hard to promote,hard to promote,难以推行,ADJ,B2
hard to reach,hard to reach,难以达成,ADJ,C1
hard to satisfy,hard to satisfy,难以满足,ADJ,B2
hard to spread,hard to spread,难以推广,ADJ,B2
hard training,hard training,苦练,NOUN,C1
hard-working,hard-working,辛苦,ADJ,A2
harder,harder,词,ADJ,A2
hardship,hardship,艰难,NOUN,B2
hardship of circumstances,hardship of circumstances,词,NOUN,C1
hardship of life,hardship of life,词,NOUN,C1
hardware (adj),hardware,词,ADJ,C1
hardware (noun),hardware,硬件,NOUN,B1
hare,hare,野兔,NOUN,B2
harm intention,harm intention,想害,NOUN,C1
harm strength might,harm strength might,词,NOUN,C1
harried,harried,词,ADJ,C1
harsh,harsh,严厉的,ADJ,B2
harshly,harshly,词,ADV,C1
harshness,harshness,词,NOUN,B2
harvest crop,harvest crop,词,NOUN,B2
hashtag,hashtag,词,NOUN,B2
hassle,hassle,麻烦,NOUN,B2
hasta,until,直到,ADP,B2
hasta,up to,为止,ADP,B2
hasta ahora,so far,到目前为止,ADV,B2
hastily,hastily,急忙,ADV,B2
hatch,hatch,舱口,NOUN,B2
haughtily,haughtily,词,ADV,C1
haul,haul,词,VERB,B2
haunt,haunt,词,VERB,C1
have a look,have a look,看一看啦,NOUN,C1
have back,have back,词,VERB,C1
have time,have time,词,VERB,B2
have to,have to,必须,AUX,B2
have to (adv),have to,不得不,ADV,A1
having a birthday,having a birthday,过生日的,ADJ,B2
having a cold,having a cold,感冒的,ADJ,B2
having item,having item,有件,NOUN,C1
hazard lights,hazard lights,双闪,NOUN,C1
hazard report,hazard report,危险报告,NOUN,B2
he him,he him,他,PRON,B2
he she,he she,伊,PRON,B2
he this one,he this one,他/这位,PRON,B2
head cold,head cold,词,NOUN,B1
head falls,head falls,立马人头落地,NOUN,C1
head of state,head of state,元首,NOUN,B2
head office,head office,词,NOUN,C1
head teacher,head teacher,班主任,NOUN,B1
headband,headband,词,NOUN,C1
headdress,headdress,词,NOUN,C1
headed by,headed by,为首,VERB,B2
header,header,头球,NOUN,B2
headlight,headlight,大灯,NOUN,C1
headline,headline,标题,NOUN,B2
headlines,headlines,词,NOUN,B2
headscarf,headscarf,头巾,NOUN,B2
headstrong,headstrong,词,ADJ,C1
healing power,healing power,疗效,NOUN,B2
health care,health care,词,NOUN,B2
health policy,health policy,健康政策,NOUN,B2
healthcare,healthcare,医疗保健,NOUN,B2
healthcare worker,healthcare worker,医护人员,NOUN,B2
healthy correct strong,healthy correct strong,词,ADJ,A1
heap cluster,heap cluster,词,NOUN,C1
hearsay,hearsay,词,NOUN,C1
heart,heart,心,ADV,B2
heart disease,heart disease,心脏病,NOUN,B2
heart meridian,heart meridian,心脉……,NOUN,B2
heart's blood,heart's blood,心血,NOUN,C1
heart-to-heart disclosure,heart-to-heart disclosure,词,NOUN,C1
heartbroken,heartbroken,词,ADJ,C1
heartburn,heartburn,词,NOUN,B1
heartening,heartening,令人高兴的,ADJ,B2
heartfelt,heartfelt,衷心的,ADJ,B2
heartfelt (noun),heartfelt,词,NOUN,B2
hearth,hearth,壁炉,NOUN,B2
heartlessness,heartlessness,无情,NOUN,B2
heartrending,heartrending,词,ADJ,C1
hearts,hearts,心,NOUN,B2
heated,heated,激昂的,ADJ,B2
heath,heath,石楠荒原,NOUN,B2
heatsink,heatsink,散热器,NOUN,C1
heatstroke,heatstroke,中暑,NOUN,C1
heatwave,heatwave,热浪,NOUN,B2
heaven and earth,heaven and earth,天地,NOUN,B2
heaven's blessing,heaven's blessing,受天之庆,NOUN,C1
heavenly kingdom,heavenly kingdom,词,NOUN,C1
heavily,heavily,沉重地,ADV,B2
heavy body,heavy body,重体,NOUN,B2
heavy capacity,heavy capacity,重容,NOUN,B2
heavy class,heavy class,重类,NOUN,B2
heavy effect,heavy effect,重效,NOUN,B2
heavy energy,heavy energy,重能,NOUN,C1
heavy fog,heavy fog,大雾,NOUN,C1
heavy form,heavy form,重式,NOUN,C1
heavy industry,heavy industry,重工,NOUN,C1
heavy method,heavy method,重法,NOUN,C1
heavy mold,heavy mold,重模,NOUN,C1
heavy rain,heavy rain,大雨,NOUN,B2
heavy result,heavy result,重果,NOUN,C1
heavy rule,heavy rule,重则,NOUN,C1
heavy snow,heavy snow,大雪,NOUN,B2
heavy substance,heavy substance,重实,NOUN,C1
heavy system,heavy system,重系,NOUN,B2
hecho,done,事已,NOUN,B2
hectic,hectic,忙乱,NOUN,B2
hectic (adj),hectic,词,ADJ,C1
hedge,hedge,树篱,NOUN,B2
hedonistic,hedonistic,享乐主义的,ADJ,B2
heedlessness,heedlessness,词,NOUN,C1
hefen,hefen,河粉,NOUN,C1
heinous,heinous,词,ADJ,C1
helado,ice-cold,冰冷的,ADJ,B2
helado,icy,冰冷的,ADJ,B2
hello (adv),hello,词,ADV,B1
hello (part),hello,词,PART,A2
hello bye,hello bye,词,INTJ,B2
hello peace,hello peace,词,NOUN,A1
hello polite,hello polite,您好,INTJ,C1
helper,helper,助手,NOUN,B2
helplessly,helplessly,无力,ADV,C1
hem,hem,边缘,NOUN,B2
hematoma,hematoma,血肿,NOUN,B2
hemicycle,hemicycle,词,NOUN,C1
hemistich,hemistich,词,NOUN,C1
hemoglobina,hemoglobin,血红蛋白,NOUN,B2
hemorragia,bleeding,出血,NOUN,B2
hemostasis,hemostasis,词,NOUN,C1
hemostat,hemostat,词,NOUN,C1
hemp,hemp,大麻,NOUN,B2
hence,hence,因此,ADV,B2
henceforth,henceforth,从此以后,ADV,B2
hepatitis,hepatitis,词,NOUN,C1
her,her,她的,DET,B2
her (pron),her,词,PRON,A1
her their,her their,词,DET,A1
herbal tea,herbal tea,花草茶,NOUN,B2
herbalist,herbalist,词,NOUN,B1
herbicide,herbicide,除草剂,NOUN,B2
herbs,herbs,词,NOUN,B2
herd mentality,herd mentality,从众心理,NOUN,C1
here (noun),here,此地,NOUN,B2
here (pron),here,这儿,PRON,A1
here hither,here hither,这里/到这里,ADV,B2
here is,here is,词,ADV,A1
here you go,here you go,请,INTJ,B2
hereafter,hereafter,词,NOUN,C1
herein,herein,词,ADV,B1
herencia,heredity,遗传,NOUN,B2
heretical innovation,heretical innovation,词,NOUN,C1
herido,wounded,受伤的,ADJ,B2
hermanos,siblings,兄弟姐妹,NOUN,B2
hermeneutics,hermeneutics,词,NOUN,C1
hermenéutico,hermeneutic,诠释学的,ADJ,B2
hermetic,hermetic,词,ADJ,C1
hernia,hernia,词,NOUN,C1
heroic deeds,heroic deeds,词,NOUN,C1
heroic feat,heroic feat,壮举,NOUN,C1
heroic poetry,heroic poetry,词,NOUN,C1
heroically,heroically,英勇地,ADV,B2
heroin vapor,heroin vapor,,NOUN,B2
herrero,blacksmith,铁匠,NOUN,B2
hervir,steam,蒸汽,NOUN,B2
hervir,to steam,蒸,VERB,B2
hesitant,hesitant,犹豫的,ADJ,B2
heterosexual,heterosexual,词,ADJ,C1
heuristic,heuristic,词,ADJ,C1
hexadecimal,hexadecimal,词,ADJ,C1
heyday,heyday,词,NOUN,C1
hidden arrow,hidden arrow,暗箭,NOUN,C1
hidden edge,hidden edge,揣而锐,NOUN,C1
hidden intentions,hidden intentions,词,NOUN,C1
hidden master,hidden master,江湖里卧虎,NOUN,B2
hidden matters,hidden matters,词,NOUN,C1
hideous,hideous,丑陋的,ADJ,B2
hider,hider,词,NOUN,B2
hiding ambush,hiding ambush,词,NOUN,B2
hiding place,hiding place,藏身处,NOUN,B2
hierba,herb,草药,NOUN,B2
high level,high level,高级,ADJ,A2
high morale,high morale,高昂,NOUN,C1
high official,high official,大官,NOUN,C1
high pressure,high pressure,高气压,NOUN,C1
high quality,high quality,优质,ADJ,C1
high school diploma,high school diploma,词,NOUN,C1
high school entrance examination,high school entrance examination,中考,NOUN,C1
high school student,high school student,词,NOUN,B2
high tall,high tall,高的,ADJ,B2
high-grade,high-grade,高档,ADJ,B2
high-speed,high-speed,高速,ADJ,B2
higher professional education,higher professional education,高等专业教育,NOUN,B2
highest,highest,最高的,ADJ,B2
highland,highland,山地,NOUN,C1
highlands,highlands,词,NOUN,B2
highlight,highlight,亮点,NOUN,B2
highlighter,highlighter,词,NOUN,C1
hijack,hijack,词,VERB,C1
hijacking,hijacking,词,NOUN,C1
hike,hike,徒步旅行,NOUN,B2
him,him,他,PRON,B2
him dative,him dative,词,PRON,A2
himself herself,himself herself,词,PRON,A1
hint,hint,暗示,NOUN,B2
hinterbildung,hinterbildung,词,NOUN,C1
hintererziehung,hintererziehung,词,NOUN,C1
hinterfahrt,hinterfahrt,词,NOUN,C1
hinterfassung,hinterfassung,词,NOUN,B2
hinterforderung,hinterforderung,词,NOUN,C1
hintergabe,hintergabe,词,NOUN,C1
hintergestaltung,hintergestaltung,词,NOUN,C1
hinterkunft,hinterkunft,词,NOUN,C1
hinterleitung,hinterleitung,词,NOUN,B2
hintermessung,hintermessung,词,NOUN,C1
hinternahme,hinternahme,词,NOUN,C1
hinterordnung,hinterordnung,词,NOUN,C1
hinterpflegung,hinterpflegung,词,NOUN,C1
hinterrechnung,hinterrechnung,词,NOUN,B2
hinterregelung,hinterregelung,词,NOUN,B2
hinterrichtung,hinterrichtung,词,NOUN,B2
hinterschaft,hinterschaft,词,NOUN,C1
hinterschrift,hinterschrift,词,NOUN,C1
hintersetzung,hintersetzung,词,NOUN,C1
hintersicht,hintersicht,词,NOUN,B2
hintersinnung,hintersinnung,词,NOUN,C1
hintersprache,hintersprache,词,NOUN,C1
hinterstellung,hinterstellung,词,NOUN,C1
hintersucht,hintersucht,词,NOUN,B2
hintersuchung,hintersuchung,词,NOUN,B2
hinterteilung,hinterteilung,词,NOUN,C1
hintertheilung,hintertheilung,词,NOUN,B2
hintertreibung,hintertreibung,词,NOUN,C1
hinterwandel,hinterwandel,词,NOUN,B2
hinterwandlung,hinterwandlung,词,NOUN,C1
hinterweisung,hinterweisung,词,NOUN,B2
hinterwendung,hinterwendung,词,NOUN,B2
hinterwirkung,hinterwirkung,词,NOUN,C1
his,his,他的,PRON,B2
his certainty,his certainty,他定,NOUN,C1
his her its,his her its,其,PRON,B2
his her its their,his her its their,他的/她的/它的/他们的,DET,B2
his her own,his her own,他/她自己的,DET,B2
his refusal,his refusal,他绝,NOUN,C1
historia,history,历史,NOUN,B2
historial médico,medical record,病历,NOUN,B2
historical record,historical record,历史纪录,NOUN,B2
historical site,historical site,古迹,NOUN,B2
historically,historically,历史上,ADV,B2
historicization,historicization,词,NOUN,C1
history education,history education,词,NOUN,C1
history story,history story,历史/故事,NOUN,B2
histórico,historic,历史性的,ADJ,B2
hit beat,hit beat,词,VERB,A2
hitch,hitch,词,NOUN,B2
hither,hither,到这里,ADV,B2
hoarding,hoarding,词,NOUN,C1
hoax,hoax,词,NOUN,C1
hoax deception,hoax deception,词,NOUN,C1
hocherziehung,hocherziehung,词,NOUN,C1
hochfahrt,hochfahrt,词,NOUN,C1
hochfassung,hochfassung,词,NOUN,C1
hochforderung,hochforderung,词,NOUN,B2
hochgabe,hochgabe,词,NOUN,B2
hochgestaltung,hochgestaltung,词,NOUN,C1
hochkunft,hochkunft,词,NOUN,B2
hochnahme,hochnahme,词,NOUN,C1
hochpflegung,hochpflegung,词,NOUN,C1
hochregelung,hochregelung,词,NOUN,C1
hochrichtung,hochrichtung,词,NOUN,C1
hochschaft,hochschaft,词,NOUN,C1
hochschrift,hochschrift,词,NOUN,C1
hochsetzung,hochsetzung,词,NOUN,C1
hochsicht,hochsicht,词,NOUN,C1
hochsinnung,hochsinnung,词,NOUN,C1
hochsprache,hochsprache,词,NOUN,C1
hochsucht,hochsucht,词,NOUN,C1
hochsuchung,hochsuchung,词,NOUN,C1
hochteilung,hochteilung,词,NOUN,C1
hochtheilung,hochtheilung,词,NOUN,C1
hochtreibung,hochtreibung,词,NOUN,C1
hochwandel,hochwandel,词,NOUN,C1
hochweisung,hochweisung,词,NOUN,B2
hochwirkung,hochwirkung,词,NOUN,C1
hockey,hockey,曲棍球,NOUN,C1
hockey sobre hielo,ice hockey,冰球,NOUN,B2
hoja,blade,刀片,NOUN,B2
hoja,sheet,床单,NOUN,B2
hojear,to browse,浏览,VERB,B2
hola,hi,嗨,INTJ,B2
hold,hold,控制,NOUN,B2
hold catch,hold catch,词,VERB,A1
hold together,hold together,词,VERB,C1
holder,holder,持有者,NOUN,B2
holding,holding,别放,NOUN,B2
holding company,holding company,词,NOUN,C1
holiday feast,holiday feast,词,NOUN,A2
holidaymaker,holidaymaker,词,NOUN,C1
holidays,holidays,假期,NOUN,B2
holism,holism,整体论,NOUN,B2
holistic,holistic,整体的,ADJ,B2
hollowed,hollowed,掏空的,ADJ,B2
holy,holy,神圣的,ADJ,B2
holy decree,holy decree,圣令,NOUN,B2
holy empress,holy empress,圣后,NOUN,C1
home (adv),home,词,ADV,B1
home automation,home automation,词,NOUN,B1
home family,home family,家,NOUN,B2
home hearth,home hearth,词,NOUN,B1
homeland,homeland,家乡,NOUN,B2
homeless,homeless,无家可归的,ADJ,B2
homelessness,homelessness,词,NOUN,B2
homenajear,to pay respects,参见,VERB,B2
homestay,homestay,民宿,NOUN,B2
hometown,hometown,家乡,NOUN,B1
homeward,homeward,,NOUN,B2
homework,homework,家庭作业,NOUN,B2
homework duty,homework duty,词,NOUN,A2
homosexual,homosexual,同性恋的,ADJ,B2
homothety,homothety,位似,NOUN,C1
honey,honey,蜂蜜,NOUN,B2
honeymoon,honeymoon,蜜月,NOUN,B2
honk,to honk,按喇叭,VERB,B2
honor culture,honor culture,荣誉文化,NOUN,B2
honored,honored,尊敬的,ADJ,B2
hood,hood,兜帽,NOUN,B2
hooray,hooray,万岁,INTJ,B2
hope,to hope,希望,VERB,B2
hope to wish,to hope to wish,希望,VERB,B2
hoped-for,hoped-for,词,ADJ,C1
hopeful,hopeful,词,ADJ,C1
hopefully,hopefully,希望,ADV,B2
hopeless,hopeless,绝望的,ADJ,B2
hopelessly,hopelessly,绝望地,ADV,B2
horizontal,horizontal,横,ADJ,B1
hornear,to bake,烘焙,VERB,B2
horny,horny,性欲的,ADJ,B2
horror,horror,恐怖,NOUN,B2
horse departure,horse departure,马去,NOUN,B2
horseback riding,horseback riding,骑马,NOUN,B2
hose,hose,软管,NOUN,B2
hospital,hospital,医院,NOUN,B2
hospital bed,hospital bed,病床,NOUN,C1
hospital-acquired,hospital-acquired,词,ADJ,C1
hospitality industry,hospitality industry,餐饮酒店业,NOUN,B2
host of angels,host of angels,天使群,NOUN,B2
hostess,hostess,女服务员,NOUN,B2
hosting,hosting,托管,NOUN,C1
hot air balloon,hot air balloon,热气球,NOUN,B2
hot dog stand,hot dog stand,小吃摊,NOUN,B2
hot dry wind,hot dry wind,词,NOUN,B2
hot spring,hot spring,温泉,NOUN,C1
hot water,hot water,热水,NOUN,B2
hotel,hotel,酒店,NOUN,B2
hotel industry,hotel industry,词,NOUN,C1
hotel room,hotel room,酒店房间,NOUN,B2
hothead,hothead,急性子的人,NOUN,B2
hourly,hourly,按小时,ADV,C1
house arrest,house arrest,软禁,NOUN,B2
house call,house call,词,NOUN,C1
house search,house search,词,NOUN,B2
household,household,家庭,NOUN,B2
household (adj),household,词,ADJ,B2
household income,household income,家庭收入,NOUN,B2
housekeeper,housekeeper,词,NOUN,C1
housework,housework,家务,NOUN,B2
hover,to hover,盘旋,VERB,B2
how,how,又怎会,NOUN,B2
how (aux),how,怎会,AUX,B2
how (pron),how,怎么,PRON,A1
how about,how about,怎么样,PRON,A1
how come,how come,怎么会,INTJ,B2
how could there be,how could there be,哪有,PRON,B2
how dare,how dare,岂敢,NOUN,B2
how enough,how enough,哪够,NOUN,B2
how long,how long,多久,ADV,B2
how many,how many,多少,NUM,B2
how many (pron),how many,多少,PRON,A1
how much,how much,多少,ADV,B2
how to do it,how to do it,办呢,ADV,B2
however,however,然而,CCONJ,B2
hoy,today,今天,NOUN,B2
hoy en día,nowadays,如今,ADV,B2
hubris,hubris,词,NOUN,C1
hudud punishments,hudud punishments,词,NOUN,C1
huella dactilar,fingerprint,指纹,NOUN,B2
huge,huge,巨大的,ADJ,B2
huh,huh,哈,INTJ,B2
huir,to abscond,潜逃,VERB,B2
hum,to hum,哼唱,VERB,B2
human,human,人类,NOUN,B2
human being,human being,词,NOUN,B1
human capacity,human capacity,人会,NOUN,B2
human law,human law,人法,NOUN,C1
human life,human life,人命,NOUN,B2
human nature,human nature,人性,NOUN,B2
human need,human need,人要,NOUN,B2
human rights (adj),human rights,词,ADJ,C1
human rights (noun),human rights,人权,NOUN,C1
human rights work,human rights work,词,NOUN,C1
humane,humane,人道的,ADJ,B2
humanities,humanities,人文学科,NOUN,B2
humble send-off,humble send-off,恭送,NOUN,C1
humble servant,humble servant,卑职,NOUN,C1
humbly,humbly,词,ADV,C1
humid weather after cold spell,humid weather after cold spell,回南天,NOUN,B2
humming,humming,词,NOUN,B2
hunch,hunch,词,NOUN,B2
hundred million,hundred million,亿,NUM,B2
hundreds (noun),hundreds,词,NOUN,B2
hundreds (num),hundreds,词,NUM,B2
hungarian,hungarian,匈牙利的,ADJ,B2
hurriedly,hurriedly,赶紧,ADV,B2
husband's parents,husband's parents,公婆,NOUN,B2
husband-slaying,husband-slaying,手刃亲夫,NOUN,C1
hybridity,hybridity,词,NOUN,C1
hydro energy,hydro energy,水能,NOUN,B2
hydroelectric,hydroelectric,水力发电的,ADJ,C1
hydrogen energy,hydrogen energy,氢能,NOUN,B2
hydrology,hydrology,词,NOUN,C1
hyena,hyena,鬣狗,NOUN,B2
hyper-category,hyper-category,超目,NOUN,C1
hyper-cause,hyper-cause,超因,NOUN,C1
hyper-effect,hyper-effect,超果,NOUN,C1
hyper-efficacy,hyper-efficacy,超效,NOUN,B2
hyper-idea,hyper-idea,超念,NOUN,C1
hyper-intent,hyper-intent,超意,NOUN,B2
hyper-meaning,hyper-meaning,超义,NOUN,C1
hyper-origin,hyper-origin,超原,NOUN,B2
hyper-price,hyper-price,超价,NOUN,C1
hyper-shadow,hyper-shadow,超影,NOUN,C1
hyper-sound,hyper-sound,超响,NOUN,C1
hyper-target,hyper-target,超的,NOUN,B2
hyper-use,hyper-use,超用,NOUN,B2
hyper-value,hyper-value,超值,NOUN,C1
hyper-view,hyper-view,超观,NOUN,C1
hypertensive,hypertensive,词,ADJ,C1
hyperthermia,hyperthermia,体温过高,NOUN,B2
hypotensive,hypotensive,词,ADJ,C1
hypothesize,hypothesize,词,VERB,B2
hypothetically,hypothetically,词,ADV,C1
hábitat,habitat,栖息地,NOUN,B2
húmedo,damp,潮湿,ADJ,B2
húmedo,moist,潮湿的,ADJ,B2
i,i,我连,NOUN,B2
i don't deserve your praise,i don't deserve your praise,不敢当,INTJ,B2
i'm afraid,i'm afraid,恐怕,ADV,B2
i-than,i-than,我比,NOUN,B2
iatrogenic,iatrogenic,医源性的,ADJ,B2
ice cold,ice cold,冰冷的,ADJ,B2
ice cube,ice cube,词,NOUN,A2
ice pick,ice pick,,NOUN,B2
iconicity,iconicity,词,NOUN,C1
iconoclastic,iconoclastic,词,ADJ,C1
idea,idea,想法,NOUN,B2
ideal,ideal,理想,NOUN,B2
ideal (adj),ideal,ideal,ADJ,B2
idealization,idealization,理想化,NOUN,B2
ideally,ideally,理想地,ADV,B2
idear,to devise,设计,VERB,B2
identidad,identity,身份,NOUN,B2
identifier,identifier,词,NOUN,C1
identitarianism,identitarianism,词,NOUN,C1
identity-related,identity-related,词,ADJ,C1
ideologization,ideologization,词,NOUN,C1
idioma,idiom,习语,NOUN,B2
idiopathic,idiopathic,词,ADJ,C1
idiosyncratic,idiosyncratic,词,ADJ,C1
idiotic,idiotic,愚蠢的,ADJ,B2
idyllic,idyllic,词,ADJ,C1
if (adp),if,若,ADP,A2
if (aux),if,若要,AUX,B2
if (noun),if,若就,NOUN,C1
if (part),if,的话,PART,A2
if I,if I,我若,SCONJ,B2
if counterfactual,if counterfactual,词,SCONJ,A2
if necessary,if necessary,词,ADV,C1
if only,if only,但愿,VERB,B2
ignoble malice,ignoble malice,词,NOUN,C1
ignominious,ignominious,词,ADJ,C1
ignominy,ignominy,耻辱,NOUN,B2
ignífugo,fireproof,防火的,ADJ,B2
igual que en el pasado,just as in the past,一如既往,ADV,B2
igualdad,equality,平等,NOUN,B2
illegally,illegally,词,ADV,C1
illiteracy,illiteracy,词,NOUN,C1
illuminationism,illuminationism,照明主义,NOUN,C1
illuminator,illuminator,彩饰画家,NOUN,B2
illusory,illusory,词,ADJ,C1
image formation,image formation,形象塑造,NOUN,B2
imagen,picture,图画,NOUN,B2
imaginary (noun),imaginary,词,NOUN,C1
imagined,imagined,想象的,ADJ,C1
imaginería,imagery,意象,NOUN,B2
imaging,imaging,词,NOUN,C1
imam,imam,伊玛目,NOUN,B2
imamate,imamate,词,NOUN,C1
imbalanced,imbalanced,失衡,ADJ,C1
imbecile,imbecile,词,NOUN,C1
imitativo,imitative,模仿性,ADJ,B2
immanence,immanence,内在性,NOUN,B2
immediacy,immediacy,词,NOUN,C1
immensely,immensely,词,ADV,B2
immerse,immerse,词,VERB,C1
imminence,imminence,就将,NOUN,C1
immobility,immobility,都无动,NOUN,B2
impactar,to shock,震惊,VERB,B2
impacto,impact,影响,NOUN,B2
impasse,impasse,词,NOUN,C1
impassively,impassively,无动于衷地,ADV,B2
impenetrable,impenetrable,不可穿透的,ADJ,B2
imperatively,imperatively,词,ADV,C1
imperceptible,imperceptible,词,ADJ,C1
imperceptibly,imperceptibly,词,ADV,C1
imperial,imperial,帝国的,ADJ,B2
imperial brother,imperial brother,你皇弟,NOUN,C1
imperial consort,imperial consort,皇妃,NOUN,C1
imperial decree,imperial decree,御令,NOUN,C1
imperial face,imperial face,朕面,NOUN,C1
imperial family,imperial family,皇室,NOUN,B2
imperial father,imperial father,父皇,NOUN,B2
imperial gaze,imperial gaze,朕看,NOUN,B2
imperial or royal court,imperial or royal court,朝,NOUN,B1
imperial physician,imperial physician,太医,NOUN,B2
imperial share,imperial share,皇分,NOUN,C1
imperial son-in-law,imperial son-in-law,驸马,NOUN,C1
imperial use,imperial use,朕以,NOUN,C1
impersonal,impersonal,词,ADJ,C1
impersonation,impersonation,词,NOUN,B2
imperturbable,unruffled,从容,ADJ,B2
imperturbably,imperturbably,词,ADV,C1
impetuosity,impetuosity,词,NOUN,C1
implacably,implacably,毫不留情地,ADV,B2
implausible,implausible,词,ADJ,C1
implicar,to implicate,连累,VERB,B2
implicated,implicated,牵连的,ADJ,C1
implicitly,implicitly,含蓄地,ADV,B2
importación,importation,进口,NOUN,B2
important case,important case,要案,NOUN,B2
important matter,important matter,事要,NOUN,C1
important thing,important thing,词,NOUN,C1
importar,to care,照顾,VERB,B2
importar,to import,进口,VERB,B2
imports,imports,词,NOUN,C1
impostor,impostor,骗子,NOUN,B2
impound lot,impound lot,词,NOUN,B1
impoverished,impoverished,贫困的,ADJ,B2
impresionismo,impressionism,印象主义,NOUN,B2
impresión tridimensional,three-d printing,3D打印,NOUN,B2
impressed,impressed,印象深刻的,ADJ,B2
impressions,impressions,感想,NOUN,B2
imprisoned,imprisoned,被监禁的,ADJ,B2
improvised,improvised,即兴的,ADJ,B2
impudente,impudent,无礼的,ADJ,B2
impuesto sobre el carbono,carbon tax,碳税,NOUN,B2
impulsiveness,impulsiveness,冲动,NOUN,B2
impulsivity,impulsivity,词,NOUN,C1
in,in,进来,ADV,B2
in a great rush,in a great rush,慌忙,ADJ,C1
in a hurry (adj),in a hurry,词,ADJ,B1
in a hurry (adv),in a hurry,词,ADV,A2
in a while,in a while,待会儿,ADV,C1
in a word,in a word,总之,ADV,B1
in absentia (adj),in absentia,词,ADJ,C1
in absentia (adv),in absentia,词,ADV,B2
in accordance (noun),in accordance,依照,NOUN,C1
in addition to,in addition to,除...之外,ADP,B2
in agreement,in agreement,词,ADV,C1
in anticipation of,in anticipation of,词,ADV,C1
in book,in book,书里,NOUN,C1
in case sth happens,in case sth happens,一旦,SCONJ,B2
in cash,in cash,词,ADV,B2
in conclusion,in conclusion,词,ADV,C1
in continuous succession,in continuous succession,词,ADV,C1
in deficit,in deficit,词,ADJ,C1
in every detail,in every detail,词,ADV,C1
in exchange for,in exchange for,词,ADP,C1
in fact,in fact,事实上,ADV,B2
in front of before,in front of before,在...前,ADP,B2
in here,in here,在这里面,ADV,B2
in high spirits,in high spirits,兴致勃勃,ADJ,B2
in installments,in installments,分期付款,ADV,B1
in its entirety,in its entirety,词,ADV,C1
in me,in me,我中,NOUN,C1
in mind,in mind,记住,ADV,B2
in need,in need,词,ADJ,A2
in no way,in no way,词,ADV,C1
in one's heart,in one's heart,心里,NOUN,C1
in order,in order,依次,ADV,B2
in order to (adp),in order to,为了,ADP,A1
in order to avoid,in order to avoid,以免,SCONJ,B2
in order to so that,in order to so that,以便,SCONJ,A2
in other words,in other words,换言之,ADV,B2
in parallel,in parallel,词,ADV,B2
in parallel with,in parallel with,词,ADV,C1
in particular,in particular,词,ADV,B2
in passing,in passing,顺便,ADV,B2
in peace,in peace,不受打扰地,ADV,B2
in presence of parties,in presence of parties,词,ADJ,C1
in private,in private,私下地,ADV,B2
in question,in question,词,ADV,C1
in return,in return,作为回报,NOUN,B2
in street,in street,当街,NOUN,C1
in summary,in summary,综上所述,ADV,B2
in the back,in the back,在后面,ADV,B2
in the body,in the body,体内,NOUN,B2
in the end,in the end,到底,ADV,A2
in the evening,in the evening,词,ADV,B2
in the final analysis,in the final analysis,归根结底,ADV,B2
in the future,in the future,词,ADV,B2
in the middle,in the middle,词,ADV,B1
in the middle of doing,in the middle of doing,正在,ADV,B2
in the morning,in the morning,词,ADV,C1
in the mouth,in the mouth,嘴里,NOUN,B2
in the past (noun),in the past,以往,NOUN,B2
in the world,in the world,世上,NOUN,B2
in there,in there,在那里面,ADV,B2
in those days,in those days,当年,NOUN,B2
in those days (adv),in those days,在那些日子/当时,ADV,C1
in time (adj),in time,词,ADJ,B1
in two,in two,成两半,ADV,B2
in unison,in unison,齐声,ADV,B2
in vain,in vain,徒劳,NOUN,B2
in view of,in view of,鉴于,ADP,B2
in which,in which,在其中,PRON,B2
in writing (adv),in writing,词,ADV,B2
in-law,in-law,词,NOUN,A2
inaccurate,inaccurate,词,ADJ,C1
inactivity,inactivity,不活跃,NOUN,B2
inadmissibility,inadmissibility,词,NOUN,C1
inadvertent,inadvertent,词,ADJ,C1
inadvertently,inadvertently,词,ADV,B2
inalienable,inalienable,词,ADJ,C1
inane,inane,词,ADJ,C1
inappropriateness,inappropriateness,不妥,NOUN,B2
inaudible,inaudible,词,ADJ,B2
inboard,inboard,船内的,ADV,B2
inborn nature,inborn nature,词,NOUN,C1
incapacidad,inability,无能,NOUN,B2
incarceration,incarceration,词,NOUN,C1
incendiar,to fire,开火,VERB,B2
incendio,blaze,火焰,NOUN,B2
incentivization,incentivization,词,NOUN,C1
incest,incest,词,NOUN,C1
incidental,incidental,偶然的,ADJ,B2
incidentalmente,incidentally,顺便地,ADV,B2
inclined prone,inclined prone,词,ADJ,C1
including,including,包括,ADP,B2
including (adv),including,词,ADV,A2
inclusión inversa,reverse inclusion,反纳,NOUN,B2
incluso si,even if,即使,SCONJ,B2
income tax,income tax,所得税,NOUN,B2
incompatible,incompatible,词,ADJ,C1
incomplete (noun),incomplete,不全,NOUN,C1
incompleteness,incompleteness,不完整,NOUN,B2
inconceivable unimaginable,inconceivable unimaginable,不可思议,ADJ,B2
inconsolable,inconsolable,词,ADJ,C1
inconspicuous,inconspicuous,词,ADJ,C1
incontable,countless,无数的,ADJ,B2
incontestably,incontestably,词,ADV,B2
incorporation,incorporation,纳入,NOUN,B2
incorrectness,incorrectness,词,NOUN,C1
incorruptible,incorruptible,廉洁,ADJ,C1
increase excess,increase excess,词,NOUN,C1
increase growth,increase growth,词,NOUN,C1
increased,increased,增加的,ADJ,B2
increases,increases,增加,NOUN,C1
increasing,increasing,增加的,ADJ,B2
incredible,incredible,难以置信的,ADJ,B2
incredulidad,disbelief,不信,NOUN,B2
incremental,incremental,渐进性,ADJ,B2
increíble,unbelievable,难以置信的,ADJ,B2
incubación,incubation,孵化,NOUN,B2
incubadora,incubator,孵化器,NOUN,B2
incumbent,incumbent,词,ADJ,C1
incumplidor,noncompliant,违规,ADJ,B2
incumplir contrato,to breach contract,违约,VERB,B2
incurable,incurable,不可救药,ADJ,B2
incurable (noun),incurable,难治,NOUN,C1
incursion,incursion,词,NOUN,C1
incómodo,awkward,尴尬的,ADJ,B2
indebted,indebted,负债的,ADJ,B2
indecible,hard to speak of,难以启齿,ADJ,B2
indecipherable,indecipherable,词,ADJ,C1
indeed (part),indeed,了吧,PART,B2
independently,independently,独立地,ADV,B2
indeterminate unspecified,indeterminate unspecified,未确定的,ADJ,B2
indexed,indexed,词,ADJ,C1
indexes,indexes,词,NOUN,C1
indexing,indexing,指数化,NOUN,B2
indian,indian,印度的,ADJ,B2
indicador,indicator,指标,NOUN,B2
indictment,indictment,起诉,NOUN,B2
indigencia,destitution,贫困,NOUN,B2
indigenous people,indigenous people,原住民,NOUN,B2
indignación justa,righteous indignation,义愤,NOUN,B2
indignity,indignity,词,NOUN,C1
indigno,unworthy,你不配,NOUN,B2
indirectly,indirectly,间接地,ADV,B2
indiscriminately,indiscriminately,不加区别地,ADV,B2
indispensable,indispensable,不可或缺的,ADJ,B2
indisputable,indisputable,词,ADJ,C1
indisputably,indisputably,词,ADV,C1
indistinguible,hard to distinguish,难以区分,ADJ,B2
individual,individual,单独的,ADJ,B2
individual personal,individual personal,个人,NOUN,B1
individual specific,individual specific,个别,ADJ,B2
individualidad,individuality,个性,NOUN,B2
individualization,individualization,词,NOUN,C1
individually,individually,词,ADV,C1
indoctrination,indoctrination,灌输,NOUN,B2
indolent,indolent,词,ADJ,C1
indonesian,indonesian,印度尼西亚的,ADJ,B2
indoors,indoors,在室内,ADV,B2
induction,induction,词,NOUN,C1
inductive,inductive,词,ADJ,C1
indulge,indulge,词,VERB,C1
indulgencia,leniency,宽厚,NOUN,B2
indulgente,lenient,宽大的,ADJ,B2
industrial,industrial,工业的,ADJ,B2
industrialization,industrialization,工业化,NOUN,B2
ineffable,ineffable,词,ADJ,C1
ineffectiveness,ineffectiveness,! 无效,NOUN,B2
inequity,inequity,词,NOUN,C1
inequívoco,clear-cut,明确的,ADJ,B2
inequívoco,unambiguous,明确的,ADJ,B2
inercia,inertia,惯性,NOUN,B2
inertness,inertness,词,NOUN,B2
inescapable,inescapable,词,ADJ,C1
inescapable blame,inescapable blame,难辞其咎,NOUN,C1
inesperadamente,unexpectedly,出乎意料地,ADV,B2
inestabilidad,unrest,动荡,NOUN,B2
inestimable,inestimable,难以估量,ADJ,C1
inevitable,inevitable,不可避免的,ADJ,B2
inevitable (noun),inevitable,词,NOUN,B2
inevitably,inevitably,不免,ADV,B1
inexorably,inexorably,不可阻挡地,ADV,B2
inexpressible,inexpressible,词,ADJ,C1
infallible,infallible,词,ADJ,C1
infant,infant,婴儿,NOUN,B2
infantilism,infantilism,词,NOUN,C1
infantry,infantry,步兵,NOUN,B2
infarto,heart attack,心脏病发作,NOUN,B2
infatuated,infatuated,词,ADJ,B2
infeasibility,infeasibility,不可行性,NOUN,C1
infected,infected,被感染的,ADJ,B2
inferencia,inference,推断,NOUN,B2
inferential,inferential,词,ADJ,C1
inferior,inferior,低等的,ADJ,B2
inferir,to infer,推断,VERB,B2
infertility,infertility,词,NOUN,C1
infiltration,infiltration,混进,NOUN,C1
infiltrator,infiltrator,词,NOUN,C1
infinitely,infinitely,词,ADV,B2
infinitive marker,infinitive marker,去,PART,B2
inflammable,inflammable,易燃的,ADJ,B2
inflammatory,inflammatory,词,ADJ,C1
inflated,inflated,膨胀的,ADJ,B1
inflationary,inflationary,词,ADJ,C1
inflexibility,inflexibility,僵化,NOUN,B2
influenciador,influencer,网红,NOUN,B2
influential,influential,词,ADJ,C1
influential person,influential person,词,NOUN,C1
infographic computer graphics,infographic computer graphics,词,NOUN,C1
informal,casual,随意的,ADJ,B2
informal,informal,非正式的,ADJ,B2
informant,informant,线人,NOUN,B2
informar,to report,报告,VERB,B2
informatics,informatics,词,NOUN,B2
information desk,information desk,词,NOUN,B1
information exchange,information exchange,词,NOUN,B2
informe,brief,近点说,NOUN,B2
informe anual,annual report,年报,NOUN,B2
informe de progreso,progress report,进度报告,NOUN,B2
informe de seguridad,safety report,安全报告,NOUN,B2
informed,informed,见多识广的,ADJ,B2
informedness,informedness,知情度,NOUN,B2
informers,informers,词,NOUN,C1
infractions,infractions,词,NOUN,C1
infrared,infrared,词,ADJ,C1
infrastructural,infrastructural,词,ADJ,C1
infrastructure,infrastructure,基础设施,NOUN,B2
infringement,infringement,侵犯,NOUN,C1
ingenio,wits,心眼,NOUN,B2
ingenioso,clever,聪明的,ADJ,B2
ingratitude,ingratitude,词,NOUN,C1
ingredients,ingredients,词,NOUN,B1
ingresos y gastos,income and expense,收支,NOUN,B2
inhabited,inhabited,词,ADJ,C1
inhale,to inhale,吸入,VERB,B2
inherence,inherence,固有,NOUN,B2
inherent (noun),inherent,自有,NOUN,C1
inheritance law,inheritance law,继承法,NOUN,B2
inherited,inherited,词,ADJ,C1
inimaginable,unimaginable,难以想象的,ADJ,B2
inimitability,inimitability,词,NOUN,C1
initial,initial,花押字,NOUN,B2
initial capping,initial capping,始加,NOUN,C1
initial stage,initial stage,初期,NOUN,B2
initial suffering,initial suffering,先受,NOUN,C1
initialization,initialization,词,NOUN,C1
injerto,graft,嫁接,NOUN,B2
injunction,injunction,禁令,NOUN,B2
injure,to injure,使受伤,VERB,B2
injury recovery,injury recovery,好伤,NOUN,C1
injustice,injustice,不公,NOUN,B2
injusto,unfair,不公平的,ADJ,B2
injusto,unjust,不公正的,ADJ,B2
ink,ink,墨水,NOUN,B2
inkstone,inkstone,砚,NOUN,C1
inkwell,inkwell,词,NOUN,C1
inlay,inlay,镶,NOUN,C1
inmantenible,hard to maintain,难以维持,ADJ,B2
inmate,inmate,词,NOUN,C1
inmigrar,to immigrate,移入,VERB,B2
inmobiliario,real estate,房地产,ADJ,B2
inmunización,immunization,免疫,NOUN,B2
inmunoterapia,immunotherapy,免疫治疗,NOUN,B2
innate disposition,innate disposition,词,NOUN,C1
innate nature,innate nature,词,NOUN,B2
innate qualities,innate qualities,词,NOUN,C1
inner,inner,内部的,ADJ,B2
inner court,inner court,朝内,NOUN,B2
inner heart,inner heart,内心,NOUN,B2
inner self,inner self,词,NOUN,C1
inner side,inner side,内侧,NOUN,B2
innermost,innermost,最里面的,ADV,B2
innocent,innocent,无辜地,ADV,B2
innocent person,innocent person,词,NOUN,C1
innocuous,innocuous,无害的,ADJ,B2
innuendo,innuendo,词,NOUN,C1
inorganic,inorganic,词,ADJ,C1
inoxidable,rust-proof,防锈,ADJ,B2
inpatient department,inpatient department,住院部,NOUN,B2
inputs,inputs,词,NOUN,C1
inquieto,uneasy,不安的,ADJ,B2
inquire,to inquire,询问,VERB,B2
insanely,insanely,疯狂地,ADV,B2
inscription,inscription,刻有,NOUN,B2
inscrutable,inscrutable,词,ADJ,C1
insect-proof,insect-proof,防虫,ADJ,C1
insecticide,insecticide,杀虫剂,NOUN,B2
insensible,callous,冷酷,ADJ,B2
inseparable,inseparable,不可分割的,ADJ,B2
insertion,insertion,词,NOUN,B2
inside,inside,在内部,ADP,B2
inside (noun),inside,内,NOUN,B2
inside city,inside city,城内,NOUN,B2
inside in,inside in,里,NOUN,B2
inside of,inside of,在...里面,ADP,B2
inside story,inside story,内幕,NOUN,B2
insider,insider,知情者,NOUN,B2
insidiously,insidiously,词,ADV,B2
insight,insight,洞察力,NOUN,B2
insightfulness,insightfulness,洞察,NOUN,B2
insincere,insincere,词,ADJ,C1
insipid,insipid,词,ADJ,C1
insistence,insistence,坚持,NOUN,B2
insistence persistence,insistence persistence,词,NOUN,B2
insolence rudeness,insolence rudeness,词,NOUN,B2
insolent conceit,insolent conceit,词,NOUN,C1
insolvency,insolvency,无偿付能力,NOUN,B2
insourcing,insourcing,内包,NOUN,C1
inspect and accept,inspect and accept,验收,VERB,C1
inspect goods,inspect goods,验货,VERB,C1
inspectorate,inspectorate,词,NOUN,C1
inspiring,inspiring,鼓舞人心的,ADJ,B2
instalaciones,facilities,设施,NOUN,B2
instalación,facility,设施,NOUN,B2
instalar,to set up,建立,VERB,B2
installation assembly,installation assembly,词,NOUN,C1
installed,installed,词,ADJ,C1
installment,installment,分期付款,NOUN,B2
installment plan,installment plan,词,NOUN,B2
installments,installments,词,NOUN,B2
instance,instance,例子,NOUN,B2
instant,instant,فور,NOUN,B2
instantaneously,instantaneously,瞬间地,ADV,C1
instantly,instantly,词,ADV,C1
instead,instead,代替,ADV,B2
instead (adp),instead,词,ADP,C1
instead of,instead of,词,ADP,A2
instead on the contrary,instead on the contrary,反而,ADV,B2
instigation,instigation,怂恿,NOUN,C1
instigator,instigator,词,NOUN,C1
instinctively,instinctively,词,ADV,C1
instinctuality,instinctuality,词,NOUN,C1
institutionalization,institutionalization,制度化,NOUN,B2
institutionalized,institutionalized,词,ADJ,C1
instituto,high school,高中,NOUN,B2
instruction deposit,instruction deposit,词,NOUN,C1
instruction leaflet,instruction leaflet,词,NOUN,B2
instructive,instructive,有教育意义的,ADJ,B2
instructor,instructor,讲师,NOUN,B2
instrumental improvisation,instrumental improvisation,器乐即兴演奏,NOUN,C1
instrumental piece,instrumental piece,词,NOUN,C1
instrumentalist (adj),instrumentalist,词,ADJ,C1
instrumentalist (noun),instrumentalist,词,NOUN,B2
insulation,insulation,绝缘,NOUN,B2
insulator,insulator,词,NOUN,B2
insurance,insurance,保险,NOUN,B2
insurances,insurances,词,NOUN,C1
insure,to insure,保证,VERB,B2
insured,insured,词,NOUN,B2
insurer,insurer,词,NOUN,C1
insurgency,insurgency,词,NOUN,C1
intake,intake,词,NOUN,C1
integer,integer,词,NOUN,C1
integration,integration,融合,NOUN,B2
integrity trustworthiness,integrity trustworthiness,诚实/正直,NOUN,B2
inteligente,smart,聪明的,ADJ,B2
intellectual (noun),intellectual,词,NOUN,B2
intellectual life,intellectual life,精神生活,NOUN,B2
intelligence information,intelligence information,情报,NOUN,B2
intelligence service,intelligence service,情报机构,NOUN,B2
intelligence-related,intelligence-related,词,ADJ,C1
intelligently,intelligently,词,ADV,C1
intelligible,intelligible,词,ADJ,C1
intención contraria,contrary intention,反意,NOUN,B2
intended,intended,预定的,ADJ,B2
intended (noun),intended,intended,NOUN,B2
intended meaning,intended meaning,词,NOUN,C1
intensification,intensification,词,NOUN,C1
intensive,intensive,强化的,ADJ,B2
intensive care,intensive care,重症监护,NOUN,B2
intent,intent,意图,NOUN,B2
intentionality,intentionality,词,NOUN,C1
intentionally,intentionally,故意地,ADV,B2
intentions,intentions,词,NOUN,C1
intento fallido,failed bid,流标,NOUN,B2
interaction,interaction,互动,NOUN,B2
interactive,interactive,交互式的,ADJ,B2
interactivity,interactivity,词,NOUN,C1
intercambio de turnos,shift swap,换班,NOUN,B2
intercession,intercession,词,NOUN,C1
intercity bus,intercity bus,词,NOUN,B2
interconnection,interconnection,词,NOUN,C1
intercourse,intercourse,性交,NOUN,B2
interdicted person,interdicted person,词,NOUN,C1
interdiction,interdiction,词,NOUN,C1
interest rate,interest rate,利率,NOUN,B2
interesting things,interesting things,词,NOUN,C1
interim (adj),interim,词,ADJ,C1
interim (noun),interim,词,NOUN,B2
interior,interior,内部,NOUN,B2
interior modificado,amended interior,改内,NOUN,B2
interlaced,interlaced,词,ADJ,C1
interlocked,interlocked,词,ADJ,C1
interlocutor,interlocutor,对话者,NOUN,B2
intermediary,intermediary,中间人,NOUN,B2
intern,intern,词,NOUN,C1
internado,boarding school,寄宿学校,NOUN,B2
internal affairs,internal affairs,内政,NOUN,C1
internal force,internal force,内力,NOUN,B2
internal medicine,internal medicine,内科,NOUN,B1
internal rhyme,internal rhyme,词,NOUN,C1
international student,international student,留学生,NOUN,B2
internationalization,internationalization,词,NOUN,C1
internet,internet,互联网,NOUN,B2
internship,internship,实习,NOUN,B2
interpellation,interpellation,词,NOUN,C1
interpersonal,interpersonal,人际的,ADJ,B2
interpretive,interpretive,词,ADJ,C1
interrogation room,interrogation room,审讯室,NOUN,B2
interrupted,interrupted,词,ADJ,B2
intertextuality,intertextuality,词,NOUN,C1
interval,interval,词,NOUN,C1
intestines,intestines,词,NOUN,B2
intimate (noun),intimate,词,NOUN,B2
intimate friendship,intimate friendship,词,NOUN,C1
intimately,intimately,词,ADV,C1
into (adp),into,词,ADP,A1
into (adv),into,词,ADV,B1
intolerable,intolerable,词,ADJ,C1
intonational quality,intonational quality,词,NOUN,C1
intransigence,intransigence,词,NOUN,C1
intravenous drip,intravenous drip,输液,NOUN,B2
intrepidity,intrepidity,词,NOUN,C1
intrinsic,intrinsic,固有的,ADJ,B2
intrinsically,intrinsically,词,ADV,C1
introductory,introductory,词,ADJ,C1
introspection,introspection,内省,NOUN,B2
introversion,introversion,词,NOUN,B2
introverted,introverted,内向的,ADJ,B2
intrusive,intrusive,词,ADJ,C1
intuitionist,intuitionist,词,ADJ,C1
intuitive,intuitive,词,ADJ,C1
inure,inure,词,VERB,C1
invalidated,invalidated,词,ADJ,C1
invalidity,invalidity,词,NOUN,C1
invariable,invariable,词,ADJ,C1
invariably,invariably,不变地,ADV,B2
inventar,to think up,构思,VERB,B2
inventor,inventor,发明家,NOUN,B2
inventorying,inventorying,清点,NOUN,B2
inverse,inverse,词,NOUN,C1
inversion,inversion,反演,NOUN,B2
inverted,inverted,词,ADJ,C1
investigated,investigated,被调查的,ADJ,B2
investigative,investigative,词,ADJ,C1
investment (adj),investment,词,ADJ,C1
investor,investor,投资者,NOUN,B2
invincibility,invincibility,不胜,NOUN,C1
inviolate,inviolate,词,ADJ,C1
invisible,invisible,看不见的,ADJ,B2
invitational tournament,invitational tournament,邀请赛,NOUN,C1
invite offer,invite offer,词,VERB,A2
invited,invited,词,ADJ,C1
invocations,invocations,词,NOUN,C1
invoicing,invoicing,开票,NOUN,B2
involuntarily,involuntarily,词,ADV,C1
involved,involved,涉及的,ADJ,B2
involved party,involved party,词,NOUN,C1
involvement,involvement,参与,NOUN,B2
invulnerability,invulnerability,词,NOUN,C1
inward,inward,词,ADJ,C1
inwardly,inwardly,内在地,ADV,C1
iodine deficiency,iodine deficiency,词,NOUN,C1
ion,ion,词,NOUN,C1
ir primero,to go first,先去,VERB,B2
ir y venir,to rush about,奔波,VERB,B2
ira,wrath,愤怒,NOUN,B2
iranian,iranian,伊朗的,ADJ,B2
irascibility,irascibility,易怒,NOUN,B2
irascible,irascible,易怒的,ADJ,B2
iris,iris,词,NOUN,B2
irish,irish,爱尔兰的,ADJ,B2
irish person,irish person,爱尔兰人,NOUN,B2
irksome,irksome,词,ADJ,C1
iron arm,iron arm,铁臂,NOUN,C1
ironclad case,ironclad case,铁案,NOUN,C1
ironic,ironic,讽刺的,ADJ,B2
ironically,ironically,词,ADV,C1
ironing,ironing,词,NOUN,B1
irrationality,irrationality,非理性,NOUN,B2
irrazonable,unreasonable,不合理的,ADJ,B2
irrefutable,irrefutable,无可辩驳的,ADJ,B2
irrefutably,irrefutably,词,ADV,C1
irregular,irregular,不规则的,ADJ,B2
irrelevance,irrelevance,无关,NOUN,B2
irrelevante,unimportant,不重要的,ADJ,B2
irremediably,irremediably,词,ADV,B2
irresistible,irresistible,不可抗拒的,ADJ,B2
irreversibility,irreversibility,词,NOUN,C1
irreversible,irreversible,不可逆转的,ADJ,B2
irrigation,irrigation,词,NOUN,B2
irrigation canal,irrigation canal,灌溉渠,NOUN,B2
irritability,irritability,词,NOUN,C1
irritable boredom,irritable boredom,词,NOUN,C1
is not (adv),is not,并非,ADV,C1
is not (verb),is not,不是,VERB,B2
islamization,islamization,词,NOUN,C1
isolated,isolated,孤立的,ADJ,B2
isolated reports,isolated reports,词,NOUN,C1
isotope,isotope,同位素,NOUN,B2
issue,issue,问题,NOUN,B2
it,it,对此,ADV,B2
it (noun),it,信息技术,NOUN,B2
it can be seen,it can be seen,可见,ADV,B2
it common,it common,它 (通性),PRON,B2
it doesn't matter,it doesn't matter,没关系,ADJ,A1
it goes without saying,it goes without saying,不言而喻,VERB,B2
it is a pity,it is a pity,可惜,ADJ,B2
it is said that,it is said that,据说,VERB,B2
it neuter,it neuter,它 (中性),PRON,B2
italian,italian,意大利人,NOUN,B2
itch,to itch,发痒,VERB,B2
itching,itching,瘙痒,NOUN,B2
itching powder,itching powder,痒痒粉,NOUN,B2
item,item,重目,NOUN,C1
iterative,iterative,词,ADJ,C1
its,its,它的,PRON,B2
its details,its details,其详,NOUN,B2
its doing,its doing,它干,NOUN,B2
itself,itself,它自己,PRON,B2
ivory,ivory,象牙,NOUN,C1
ja,ha,哈,INTJ,B2
jack plug,jack plug,词,NOUN,C1
jactancia,boasting,夸耀,NOUN,B2
jade,jade,这玉,NOUN,B2
jade palace,jade palace,玉府,NOUN,B2
jade tree,jade tree,玉树,NOUN,C1
jade ware,jade ware,玉器,NOUN,B2
jaded,jaded,厌倦的,ADJ,B2
jadeite,jadeite,翡翠,NOUN,C1
jail,jail,监狱,NOUN,B2
jailer,jailer,词,NOUN,B2
jam,jam,果酱,NOUN,B2
january,january,一月,NOUN,B2
japanese,japanese,日本人,NOUN,B2
jar,jar,广口瓶,NOUN,B2
jargon-heavy,jargon-heavy,词,ADJ,C1
jarring,jarring,词,ADJ,C1
jasmine tea,jasmine tea,词,NOUN,C1
jeans,jeans,牛仔裤,NOUN,B2
jefe de aldea,village head,村长,NOUN,B2
jefe de departamento,department head,厅长,NOUN,B2
jeje,hehe,嘿嘿,INTJ,B2
jengibre,ginger,姜,NOUN,B2
jersey,jersey,词,NOUN,B1
jerárquico,hierarchical,等级的,ADJ,B2
jet-black,jet-black,乌黑,ADJ,B2
jew,jew,犹太人,NOUN,B2
jewel robbery,jewel robbery,词,NOUN,C1
jeweler,jeweler,词,NOUN,B2
jewelry,jewelry,珠宝,NOUN,B2
jewelry making,jewelry making,词,NOUN,B2
jewelry set,jewelry set,词,NOUN,C1
jewish,jewish,犹太的,ADJ,B2
jews,jews,犹太人,NOUN,B2
jianghu,jianghu,江湖,NOUN,B2
jianghu world,jianghu world,江湖上,NOUN,B2
jiaolong,jiaolong,娇龙,NOUN,B2
jin,jin,斤,NOUN,B2
jinete,rider,骑手,NOUN,B2
jinn,jinn,词,NOUN,B2
jizya tax,jizya tax,词,NOUN,C1
job interview,job interview,词,NOUN,B2
job position,job position,词,NOUN,A1
jocular,jocular,词,ADJ,C1
jog,jog,词,VERB,A1
jogging,jogging,词,NOUN,C1
joie de vivre,joie de vivre,生活乐趣,NOUN,B2
joint examination,joint examination,联考,NOUN,B2
joint liability,joint liability,词,NOUN,C1
joint pain,joint pain,关节痛,NOUN,C1
jointly,jointly,共同地,ADV,B2
jointness,jointness,词,NOUN,C1
joking,joking,词,NOUN,B2
journal,journal,词,NOUN,C1
journal article,journal article,期刊论文,NOUN,B2
journalism,journalism,新闻业,NOUN,B2
journalistic,journalistic,词,ADJ,C1
journeying,journeying,词,NOUN,C1
jubilado,retired,退休的,ADJ,B2
jubilant,jubilant,词,ADJ,C1
judge sentence,judge sentence,词,VERB,B2
judgeable,judgeable,词,ADJ,C1
judgement,judgement,评估,NOUN,B2
judicial,judicial,司法的,ADJ,B2
judicial (noun),judicial,司法,NOUN,B2
judicious,judicious,词,ADJ,C1
judiciously,judiciously,词,ADV,B2
judo,judo,柔道,NOUN,C1
juego,play,剧本,NOUN,B2
jugo,juice,果汁,NOUN,B2
juicio,judgment,判断,NOUN,B2
jujube,jujube,枣子,NOUN,B2
junction,junction,词,NOUN,C1
jungles,jungles,词,NOUN,B2
junior jersey,junior jersey,,NOUN,B2
juniper,juniper,词,NOUN,B2
junkie,junkie,词,NOUN,C1
junta,junta,词,NOUN,C1
junto con,along with,随着,ADP,B2
jurado,juror,陪审员,NOUN,B2
jurisconsult,jurisconsult,法学专家,NOUN,B2
juristic preference,juristic preference,词,NOUN,C1
jury service,jury service,陪审,NOUN,C1
just,just,公正,ADJ,B2
just as,just as,词,ADV,A2
just enough,just enough,便够,NOUN,C1
just in case,just in case,万一,SCONJ,A2
just in time,just in time,正好,ADV,A2
just like that,just like that,随便地,ADV,B2
just now (noun),just now,我刚才,NOUN,C1
just over,just over,稍微超过,ADV,B2
just precis,just precis,恰好,ADV,B2
just right perfect,just right perfect,恰到好处,ADJ,C1
justifiability,justifiability,正当性,NOUN,C1
justified,justified,有根据的,ADJ,B2
justo,righteous,正直的,ADJ,B2
justo,just,仅仅,ADV,B2
justo,just right,恰到好处,ADV,B2
juvenile,juvenile,青少年的,ADJ,B2
juvenile delinquency,juvenile delinquency,词,NOUN,B2
karate,karate,空手道,NOUN,B2
kasbah,kasbah,词,NOUN,B1
kayaking,kayaking,皮划艇,NOUN,C1
keen eager,keen eager,渴望的,ADJ,B2
keenly,keenly,词,ADV,C1
keenness,keenness,词,NOUN,B2
keep away,keep away,词,VERB,C1
keeping,keeping,娘存,NOUN,C1
keeping up with,keeping up with,词,NOUN,B2
kendo,kendo,剑道,NOUN,C1
kept,kept,词,ADJ,B2
kerosene,kerosene,火油,NOUN,C1
key point,key point,要点,NOUN,C1
khul',khul',女方离婚,NOUN,C1
kick (noun),kick,词,NOUN,B1
kickback,kickback,回扣,NOUN,C1
kidnapped,kidnapped,被绑架的,ADJ,B2
kidnapper,kidnapper,绑架者,NOUN,B2
kids,kids,孩子,NOUN,B2
killed,killed,,NOUN,B2
killing,killing,词,NOUN,B2
kin,kin,词,NOUN,B2
kind sort,kind sort,种类,NOUN,B2
kind species,kind species,种类/物种,NOUN,B2
kind type,kind type,词,NOUN,A1
kind words,kind words,好言,NOUN,C1
kindergarten,kindergarten,幼儿园,NOUN,B1
kindheartedness,kindheartedness,词,NOUN,B2
kindly,kindly,亲切地,ADV,B2
kindly (adj),kindly,慈祥,ADJ,C1
kindly (verb),kindly,敬请,VERB,B2
kindness gentleness,kindness gentleness,词,NOUN,B2
kindred spirit,kindred spirit,志同道合者,NOUN,B2
king,king,王,PART,B2
kit,kit,词,NOUN,B2
kitchen annex,kitchen annex,词,NOUN,B1
kitten,kitten,小猫,NOUN,B2
kiwi,kiwi,猕猴桃,NOUN,C1
knack,knack,窍,NOUN,C1
kneader,kneader,词,NOUN,C1
kneeling,kneeling,跪,NOUN,B2
knight-errant,knight-errant,侠,NOUN,C1
knock,knock,敲击,NOUN,B2
knocked out,knocked out,被淘汰的,ADJ,B2
knocking,knocking,词,NOUN,B1
knockout match,knockout match,淘汰赛,NOUN,B2
know-how,know-how,诀窍,NOUN,B2
knowingly,knowingly,词,ADV,C1
knowledge exchange,knowledge exchange,知识交流,NOUN,B2
knowledge gained,knowledge gained,心得,NOUN,C1
knowledge of human nature,knowledge of human nature,词,NOUN,C1
knowledge transfer,knowledge transfer,知识传授,NOUN,B2
knowledgeably,knowledgeably,词,ADV,C1
known famous,known famous,著名的/熟悉的,ADJ,B2
kohl,kohl,词,NOUN,A1
laazima,laazima,词,NOUN,B2
lab,lab,实验室,NOUN,B2
laba porridge,laba porridge,腊八粥,NOUN,C1
labile,labile,不稳定的,ADJ,B2
labor market,labor market,劳动力市场,NOUN,B2
laboratory (adj),laboratory,词,ADJ,C1
laborious striving,laborious striving,词,NOUN,C1
labour market,labour market,词,NOUN,B1
labyrinthine,labyrinthine,词,ADJ,C1
lace,lace,词,NOUN,C1
lack of awareness,lack of awareness,词,NOUN,C1
laconically,laconically,词,ADV,C1
laconico,laconic,简洁的,ADJ,B2
laconism,laconism,简洁,NOUN,B2
lacquerware,lacquerware,漆器,NOUN,C1
lactancia,breastfeeding,母乳喂养,NOUN,B2
lacunary,lacunary,残缺的,ADJ,B2
ladies and gentlemen,ladies and gentlemen,词,NOUN,C1
ladle,ladle,词,NOUN,A2
lado izquierdo,left side,左侧,NOUN,B2
ladrón,burglar,窃贼,NOUN,B2
ladrón,robber,强盗,NOUN,B2
laicismo,secularism,世俗主义,NOUN,B2
lair,lair,词,NOUN,C1
lair den,lair den,词,NOUN,C1
lake (part),lake,湖,PART,A2
lakeside,lakeside,湖上,NOUN,B2
lamb leg,lamb leg,羊腿,NOUN,C1
lame person,lame person,词,NOUN,B2
lament (noun),lament,词,NOUN,C1
lamentable,lamentable,词,ADJ,C1
lamer,to lick,舔,VERB,B2
lamp niche,lamp niche,词,NOUN,C1
lampoon,lampoon,词,NOUN,C1
lana,wool,羊毛,NOUN,B2
lancet,lancet,柳叶刀 / 刺血针,NOUN,C1
land,land,土地,NOUN,B2
land (adj),land,بري,ADJ,B2
land expansion,land expansion,拓土,NOUN,B2
land ownership,land ownership,词,NOUN,C1
land policy,land policy,土地政策,NOUN,B2
land tax,land tax,词,NOUN,C1
land titling,land titling,词,NOUN,B2
land use,land use,土地利用,NOUN,B2
land-related,land-related,词,ADJ,C1
landfill,landfill,填埋,NOUN,C1
landlord,landlord,房东,NOUN,B2
landmark (adj),landmark,标志性,ADJ,C1
landmark (noun),landmark,词,NOUN,C1
landmark reference point,landmark reference point,标记 / 参考点,NOUN,B2
landmine,landmine,词,NOUN,C1
landscape photo,landscape photo,风景照,NOUN,C1
landslide,landslide,滑坡,NOUN,B2
lane,lane,小巷,NOUN,B2
language use,language use,语言使用,NOUN,B2
languid,languid,词,ADJ,C1
lanzamiento,throw,投掷,NOUN,B2
lap,lap,大腿部,NOUN,B2
lapidary,lapidary,简略的,ADJ,B2
lapse of time,lapse of time,词,NOUN,C1
laptop,laptop,笔记本电脑,NOUN,B2
large,large,词,ADJ,A2
large amount,large amount,大量,NOUN,B2
large clay jar,large clay jar,词,NOUN,B1
large landowner,large landowner,词,NOUN,C1
large place used for a specific purpose,large place used for a specific purpose,场,NOUN,A2
large serving bowl,large serving bowl,词,NOUN,B1
large-scale,large-scale,大规模的,ADJ,B2
large-scale (noun),large-scale,大举,NOUN,C1
largely,largely,主要地,ADV,B2
larger,larger,再大,NOUN,B2
larva,larva,幼虫,NOUN,B2
lascivious,lascivious,词,ADJ,C1
lasciviousness,lasciviousness,词,NOUN,C1
last,last,最后,ADV,B2
last (num),last,词,NUM,A2
last a period of time,to last a period of time,为期,VERB,B2
last evening,last evening,,NOUN,B2
last time,last time,上次,NOUN,B2
last week,last week,上周,NOUN,B2
last year,last year,去年,NOUN,B2
late,late,晚的,ADJ,B2
late (noun),late,晚才,NOUN,B2
late afternoon,late afternoon,词,NOUN,C1
late arrival,late arrival,去晚,NOUN,C1
late belated,late belated,词,ADJ,C1
late night,late night,深夜,NOUN,C1
late spring cold snap,late spring cold snap,倒春寒,NOUN,B2
late stage,late stage,晚期,NOUN,C1
lately,lately,词,ADV,A2
latent,latent,潜在的,ADJ,B2
later (adj),later,词,ADJ,C1
later earlier,later earlier,词,ADV,C1
later stage,later stage,后期,NOUN,B2
lateral,lateral,侧面的,ADJ,B2
lateral side,lateral side,词,ADJ,C1
latest,latest,最新的,ADJ,B2
latest (adv),latest,最迟/最近,ADV,B1
lathe,lathe,词,NOUN,C1
lathing turning,lathing turning,词,NOUN,C1
latin dance,latin dance,拉丁舞,NOUN,B2
latitude leeway,latitude leeway,词,NOUN,C1
laudable,laudable,词,ADJ,C1
laugh,laugh,笑,NOUN,B2
laugh again,laugh again,又笑,NOUN,C1
laughing,laughing,词,ADJ,C1
launch,to launch,发起,VERB,B2
launch ceremony,launch ceremony,启动仪式,NOUN,C1
launcher,launcher,词,NOUN,C1
laundering,laundering,洗钱,NOUN,B2
laundromat,laundromat,词,NOUN,A2
laundry detergent,laundry detergent,洗衣液/脏衣服,NOUN,B2
laureate winner,laureate winner,词,NOUN,C1
laurel,laurel,词,NOUN,C1
lava,lava,熔岩,NOUN,B2
lavado,washing,洗涤,NOUN,B2
lavish,lavish,词,ADJ,C1
law,law,法,PART,B2
law enforcement,law enforcement,执法,NOUN,B2
law team,law team,法律/团队,NOUN,B2
law-abiding,law-abiding,守法,ADJ,C1
lawful,lawful,合法的,ADJ,B2
lawless,lawless,无法的,ADJ,B2
lawlessness,lawlessness,词,NOUN,C1
lawnmower,lawnmower,割草机,NOUN,B2
lawsuit,lawsuit,诉讼,NOUN,B2
lawyer female,lawyer female,词,NOUN,B2
lay,lay,叙事短诗,NOUN,B2
lay,to lay,放置,VERB,B2
lay (noun),lay,叙事短诗,NOUN,B2
layer (verb),layer,压条,VERB,C1
layer shift,layer shift,词,NOUN,B2
layer storage,layer storage,层/仓库,NOUN,B2
layman,layman,外行,NOUN,B2
layoff,layoff,解雇,NOUN,B2
layout,layout,布局,NOUN,B2
layperson,layperson,外行,NOUN,B2
lead actor,lead actor,主演,NOUN,B2
lead thousand,lead thousand,率千,NOUN,B2
lead to,to lead to,通向,VERB,B2
leader female,leader female,词,NOUN,C1
leader ladder,leader ladder,词,NOUN,B1
leading,leading,领先的,ADJ,B2
leading (noun),leading,正带,NOUN,C1
leading role,leading role,主角,NOUN,B2
leaf page,leaf page,叶子,NOUN,B2
leaflet,leaflet,传单,NOUN,B2
leak,to leak,泄漏,VERB,B2
leak escape,leak escape,词,NOUN,B1
lean,lean,瘦的,ADJ,B2
lean,to lean,倾斜,VERB,B2
lean (adj),lean,词,ADJ,B2
leap,leap,跳跃,NOUN,B2
leapfrog,leapfrog,跳跃式,ADJ,C1
learnedly,learnedly,词,ADV,C1
learner,learner,词,NOUN,C1
learning curve,learning curve,学习曲线,NOUN,B2
leash,leash,词,NOUN,B2
leasing,leasing,词,NOUN,C1
least,least,最少,ADV,B2
least (adj),least,词,ADJ,A1
leather goods,leather goods,词,NOUN,C1
leather jacket,leather jacket,词,NOUN,C1
leather shoes,leather shoes,皮鞋,NOUN,B1
leave,leave,休假,NOUN,B2
leave behind,to leave behind,留下,VERB,B2
leave hospital,leave hospital,出院,VERB,C1
leave office,leave office,卸任,VERB,C1
leave out,to leave out,省略,VERB,B2
lechuga,lettuce,生菜,NOUN,B2
lector,reader,读者,NOUN,B2
lecture,lecture,讲座,NOUN,B2
ledger,ledger,总账,NOUN,B2
leek,leek,词,NOUN,A2
left,left,左边,ADV,B2
left hand,left hand,左手,NOUN,C1
left over,left over,词,ADJ,A2
left-handed,left-handed,词,ADJ,C1
leftism,leftism,词,NOUN,C1
leftist,leftist,词,ADJ,C1
leftovers,leftovers,剩菜,NOUN,B2
leg of lamb,leg of lamb,词,NOUN,B1
legal capacity,legal capacity,词,NOUN,C1
legal challenge,legal challenge,词,NOUN,B2
legal consideration,legal consideration,词,NOUN,C1
legal expert,legal expert,词,NOUN,C1
legal fees,legal fees,词,NOUN,C1
legal guardian,legal guardian,词,NOUN,C1
legal representative,legal representative,词,NOUN,C1
legalidad,legality,合法性,NOUN,B2
legalization,legalization,词,NOUN,C1
legatee,legatee,受遗赠人,NOUN,B2
legation,legation,公使馆,NOUN,B2
legendario,legendary,传奇的,ADJ,B2
legible,legible,词,ADJ,C1
legible readable,legible readable,词,ADJ,C1
legion,legion,词,NOUN,B2
legion unit,legion unit,,NOUN,B2
legislación,legislation,立法,NOUN,B2
legislative elections,legislative elections,词,NOUN,C1
legislativo,legislative,立法的,ADJ,B2
legislator,legislator,词,NOUN,C1
legislature,legislature,立法机关,NOUN,B2
legitimar,to legitimize,使合法,VERB,B2
legitimidad,legitimacy,合法性,NOUN,B2
legitimization,legitimization,词,NOUN,B2
lejano,far,远的,ADJ,B2
lejos,away,离开,ADV,B2
lejía,bleach,漂白剂,NOUN,B2
lemon verbena,lemon verbena,词,NOUN,B2
lemonade,lemonade,词,NOUN,A2
lender,lender,词,NOUN,B2
lending,lending,词,NOUN,C1
lengthy,lengthy,词,ADJ,C1
lengua,tongue,舌头,NOUN,B2
lens,lens,词,NOUN,C1
lent,lent,大斋期,NOUN,B2
lentil lens,lentil lens,词,NOUN,C1
lentils,lentils,词,NOUN,A2
lentitud,slowness,缓慢,NOUN,B2
lesbian,lesbian,女同性恋的,ADJ,B2
lesion,lesion,病变,NOUN,B2
less,less,较少的,ADJ,B2
less starch,less starch,粉少,NOUN,C1
lessor,lessor,词,NOUN,C1
let alone (cconj),let alone,何况,CCONJ,B1
lethality,lethality,词,NOUN,C1
lethargy,lethargy,词,NOUN,C1
letrina,outhouse,茅房,NOUN,B2
letter mail,letter mail,信,NOUN,B2
letter of the alphabet,letter of the alphabet,字母,NOUN,C1
letter paper,letter paper,信纸,NOUN,B2
levantarse,to get up,起床,VERB,B2
lever,lever,词,NOUN,B2
lever crane,lever crane,词,NOUN,C1
leverage,leverage,词,NOUN,B2
levity,levity,词,NOUN,C1
levy sample,levy sample,词,NOUN,B2
lexical,lexical,词,ADJ,C1
lexicología,lexicology,词汇学,NOUN,B2
liabilities,liabilities,词,NOUN,C1
liable,liable,有责任的,ADJ,B2
libel,libel,词,NOUN,C1
liberación,release,释放,NOUN,B2
liberal,liberal,自由的,ADJ,B2
liberalismo,liberalism,自由主义,NOUN,B2
liberalización,liberalization,自由化,NOUN,B2
liberalize,liberalize,自由化,! VERB,B2
liberar,to liberate,解放,VERB,B2
liberating,liberating,解放的,ADJ,B2
libertad condicional,parole,假释,NOUN,B2
libertinaje,licentiousness,放荡,NOUN,B2
libertinism,libertinism,放荡,NOUN,B2
liberty,liberty,词,NOUN,B2
libra,pound,磅,NOUN,B2
librarian,librarian,图书管理员,NOUN,B2
libro de texto,textbook,教科书,NOUN,B2
licencia de conducir,driver's license,驾驶证,NOUN,B2
licenciatura,bachelor's degree,学士学位,NOUN,B2
licensed goods,licensed goods,行货,NOUN,C1
licenses,licenses,词,NOUN,C1
licensor,licensor,词,NOUN,C1
licentious,licentious,放荡的,ADJ,B2
lichen,lichen,词,NOUN,B2
life (part),life,生,PART,A2
life connection,life connection,连命,NOUN,C1
life sentence,life sentence,无期徒刑,NOUN,B2
life span,life span,寿命,NOUN,B1
life's work,life's work,毕生事业,NOUN,B2
life-size,life-size,真人大小的,ADJ,B2
lifeguard,lifeguard,词,NOUN,B2
lifelong,lifelong,终身,ADJ,B2
lifelong promise,lifelong promise,许白首不离,NOUN,B2
lifestyle,lifestyle,生活方式,NOUN,B2
ligereza,lightness,轻盈,NOUN,B2
light blue,light blue,词,ADJ,A1
light brown,light brown,浅棕色的,ADJ,B2
light bulb blister,light bulb blister,词,NOUN,C1
light grey,light grey,浅灰色的,ADJ,B2
light load,light load,轻装,NOUN,C1
light rain,light rain,小雨,NOUN,B2
light snow,light snow,小雪,NOUN,B2
light up turn on,light up turn on,词,VERB,A1
light-colored,light-colored,词,ADJ,A2
light-year,light-year,,NOUN,B2
lightbulb,lightbulb,词,NOUN,A1
lightest,lightest,最轻,NOUN,C1
lighting,lighting,词,NOUN,B2
lightning flash,lightning flash,词,NOUN,B1
like,like,像,ADP,B2
like (noun),like,点赞,NOUN,B2
like (part),like,似的,PART,B1
like as,like as,如同/好像,ADV,B2
like that,like that,像那样,ADV,B2
like this,like this,,NOUN,B2
like this (adv),like this,词,ADV,B1
likeable,likeable,词,ADJ,C1
likely (adj),likely,词,ADJ,A1
likely (adv),likely,词,ADV,A1
likely source,likely source,词,NOUN,C1
likeness,likeness,就象,NOUN,B2
likewise,likewise,同样地,ADV,B2
lily,lily,百合,NOUN,B2
limbo,limbo,limbo,NOUN,B2
limbs,limbs,手脚,NOUN,B2
limbs faculties,limbs faculties,词,NOUN,C1
lime,lime,石灰,NOUN,B2
liminal,liminal,阈限的,ADJ,B2
limit,to limit,限制,VERB,B2
limit border,limit border,界限,NOUN,B2
limited,limited,有限的,ADJ,B2
limited liability company,limited liability company,词,NOUN,C1
limitless,limitless,不可限量,ADJ,C1
limits,limits,词,NOUN,B2
limpiar,to clean up,清理,VERB,B2
limpidity,limpidity,词,NOUN,C1
limpieza,cleansing,清洗,NOUN,B2
limón,lemon,柠檬,NOUN,B2
line of conduct,line of conduct,行为方针,NOUN,B2
line queue,line queue,词,NOUN,B1
line-up,line-up,阵容,NOUN,B2
lineages,lineages,词,NOUN,C1
linear,linear,线性的,ADJ,B2
linen,linen,线麻,NOUN,B2
liner,liner,词,NOUN,C1
lines,lines,台词,NOUN,B2
lingering stun,lingering stun,还愣,NOUN,C1
lingual,lingual,语言的,ADJ,B2
linguist,linguist,词,NOUN,C1
linguistic,linguistic,语言的,ADJ,B2
linguistic intuition,linguistic intuition,词,NOUN,C1
linguistics,linguistics,语言学,NOUN,B2
lining understudy,lining understudy,词,NOUN,B1
link (adj),link,词,ADJ,C1
link connector,link connector,词,NOUN,C1
linkage (noun),linkage,词,NOUN,C1
lip service,lip service,词,NOUN,C1
lipless,lipless,词,ADJ,C1
lipstick,lipstick,口红,NOUN,B2
liquid,liquid,液态的,ADJ,B2
liquidation,liquidation,清算,NOUN,B2
liquidity,liquidity,流动性,NOUN,B2
liquor,liquor,烈酒,NOUN,B2
lisp (noun),lisp,词,NOUN,C1
list,to list,列举,VERB,B2
listen (intj),listen,词,INTJ,B2
listen attentively,to listen attentively,倾听,VERB,B2
listen up,listen up,听着,INTJ,B2
listener,listener,听众,NOUN,B2
listening,listening,也听,NOUN,B2
listing,listing,词,NOUN,C1
listless,listless,词,ADJ,C1
litanies,litanies,词,NOUN,C1
liter,liter,升,NOUN,B2
literacy,literacy,读写能力,NOUN,B2
literal,literal,字面的,ADJ,B2
literalism,literalism,词,NOUN,C1
literally,literally,字面上地,ADV,B2
literariness,literariness,词,NOUN,C1
literary,literary,文学的,ADJ,B2
literary thefts,literary thefts,词,NOUN,C1
lithe,lithe,词,ADJ,C1
lithography,lithography,词,NOUN,C1
litigant,litigant,诉讼当事人,NOUN,B2
litigation,litigation,诉讼,NOUN,B2
litigation against a judge,litigation against a judge,词,NOUN,C1
litotes understatement,litotes understatement,词,NOUN,C1
litre,litre,升,NOUN,B2
litter bedding,litter bedding,垫草 / 猫砂,NOUN,B2
litterateur,litterateur,词,NOUN,C1
little (adj),little,词,ADJ,A1
little (adv),little,词,ADV,A2
little bitch,little bitch,小婊子,NOUN,B2
little boy,little boy,小男孩,NOUN,B2
little brother,little brother,小弟弟,NOUN,B2
little dragon,little dragon,小龙……,NOUN,C1
little eleven,little eleven,小十一,NOUN,B2
little finger,little finger,小指,NOUN,B2
little girl,little girl,词,NOUN,B2
little hand,little hand,小手,NOUN,B2
little heart,little heart,小心脏,NOUN,B2
little nine,little nine,小九,NOUN,B2
little one,little one,小家伙,NOUN,B2
little sister,little sister,妹妹,NOUN,B2
little son,little son,小儿子,NOUN,B2
little sun,little sun,小太阳,NOUN,B2
little thing,little thing,词,NOUN,B2
little town,little town,词,NOUN,C1
liturgical,liturgical,词,ADJ,C1
liturgy,liturgy,词,NOUN,C1
live (adj),live,词,ADJ,B1
live in peace and work happily,live in peace and work happily,安居乐业,VERB,C1
live stream,live stream,词,NOUN,B2
live to,live to,活到,NOUN,C1
livelihood,livelihood,词,NOUN,C1
liveliness,liveliness,词,NOUN,B1
lively,lively,热闹的,ADJ,B2
livestock,livestock,家畜,NOUN,B2
livestream,livestream,直播,NOUN,C1
living being,living being,词,NOUN,C1
living room,living room,客厅,NOUN,B2
llama,flame,火焰,NOUN,B2
llamada,phone call,通话,NOUN,B2
llamar,to phone,打电话,VERB,B2
llanto,crying,,NOUN,B2
llanura,plain,平原,NOUN,B2
llegada,arrival,到达,NOUN,B2
llegar tarde,to be late,迟到,VERB,B2
llenar,to fill in,填写,VERB,B2
llevar,to take along,带走,VERB,B2
llevarse,to take away,拿走,VERB,B2
llover,to rain,下雨,VERB,B2
llovizna,drizzle,毛毛雨,NOUN,B2
lluvia congelada,freezing rain,冻雨,NOUN,B2
lluvia moderada,moderate rain,中雨,NOUN,B2
load cargo,load cargo,货物/负荷,NOUN,B2
loaded,loaded,词,ADJ,C1
loading,loading,词,NOUN,B2
loan,loan,贷款,NOUN,B2
loanword,loanword,外来词,NOUN,C1
loathing,loathing,,NOUN,B2
loathsome,loathsome,词,ADJ,C1
lobby,lobby,词,NOUN,C1
lobe,lobe,词,NOUN,A2
local,local,当地的,ADJ,B2
local (noun),local,当地,NOUN,A2
local elections,local elections,地方选举,NOUN,C1
local tyrant,local tyrant,豪强,NOUN,B2
localism,localism,词,NOUN,C1
locality,locality,地点,NOUN,B2
locally,locally,词,ADV,C1
located,located,位于,ADJ,B2
lock,to lock,锁上,VERB,B2
lockdown,to lockdown,封城,VERB,B2
lockdown confinement,lockdown confinement,词,NOUN,C1
locked,locked,锁定的,ADJ,B2
locked in,locked in,被关在里面的,ADJ,B2
locker,locker,词,NOUN,C1
locker room,locker room,更衣室,NOUN,B2
locksmith,locksmith,词,NOUN,C1
loco,madman,疯子,NOUN,B2
locomotive,locomotive,词,NOUN,C1
locuacidad,talkativeness,多嘴,NOUN,B2
lodges,lodges,道堂,NOUN,C1
loft,loft,词,NOUN,C1
loftiness,loftiness,高尚,NOUN,C1
lofty,lofty,崇高的,ADJ,B2
log,log,日志,NOUN,B2
logarithm,logarithm,词,NOUN,C1
logic modification,logic modification,改逻,NOUN,B2
logically,logically,词,ADV,B2
logistical,logistical,词,ADJ,C1
logistics,logistics,后勤,NOUN,B2
logistics (adj),logistics,词,ADJ,C1
logo,logo,标识,NOUN,C1
logomachy,logomachy,词,NOUN,C1
logorrhea,logorrhea,词,NOUN,C1
lograr,to accomplish,完成,VERB,B2
lomo,tenderloin,里脊,NOUN,B2
lonely,lonely,孤独的,ADJ,B2
lonely soul,lonely soul,孤魂,NOUN,C1
long,long,,NOUN,B2
long absence,long absence,久违,NOUN,C1
long ago,long ago,早已,ADV,B2
long lease,long lease,词,NOUN,C1
long live,long live,万岁,INTJ,B2
long pipe,long pipe,词,NOUN,B2
long poem,long poem,词,NOUN,C1
long story,long story,话长,NOUN,C1
long stretch of time,long stretch of time,词,NOUN,C1
long time,long time,长时间,ADV,B2
long time (noun),long time,许久,NOUN,C1
long-distance,long-distance,长途,ADJ,B2
long-distance bus,long-distance bus,长途车,NOUN,B2
long-established,long-established,词,ADJ,C1
long-running,long-running,词,ADJ,C1
long-term,long-term,长期性,ADJ,C1
long-winded,long-winded,啰唆,ADJ,B2
longan,longan,龙眼,NOUN,C1
longer,longer,更长的,ADJ,B2
longest,longest,أطول,NOUN,B1
longevity,longevity,词,NOUN,C1
loofah,loofah,丝瓜,NOUN,C1
look after,to look after,照料,VERB,B2
look around,look around,词,VERB,C1
look at,to look at,观看,VERB,B2
look at you,look at you,你看你,NOUN,B2
look down upon,to look down upon,看不起,VERB,B2
look for to find,to look for to find,找,VERB,B2
look up,to look up,查阅,VERB,B2
lookout,lookout,瞭望,NOUN,B2
loom,loom,词,NOUN,B2
looming,looming,词,ADJ,C1
loop,loop,循环,NOUN,B2
loophole,loophole,漏洞,NOUN,B2
loopholes,loopholes,词,NOUN,C1
loquacious,loquacious,词,ADJ,C1
loquat,loquat,枇杷,NOUN,C1
lord,lord,领主,NOUN,B2
lord god,lord god,上帝,NOUN,B2
lord yu,lord yu,玉大人,NOUN,B2
lord's words,lord's words,主说,NOUN,B2
lordship,lordship,词,NOUN,C1
loro,parrot,鹦鹉,NOUN,B2
lose,lose,上丢,NOUN,B2
lose an election,lose an election,落选,VERB,C1
lose face,lose face,丢脸,VERB,B2
lose heart,lose heart,灰心,VERB,B2
lose weight,to lose weight,减肥,VERB,B2
loser,loser,失败者,NOUN,B2
losses,losses,词,NOUN,B1
lost tradition,lost tradition,失传,NOUN,C1
lotar,lotar,词,NOUN,C1
lots,lots,大量,NOUN,B2
lottery ticket,lottery ticket,彩票,NOUN,C1
lotus root,lotus root,莲藕,NOUN,C1
loud,loud,大声的,ADJ,B2
loud and clear,loud and clear,响亮,ADJ,B2
loudly,loudly,大声地,ADV,B2
loudspeaker,loudspeaker,扬声器,NOUN,B2
lounge,lounge,休息室,NOUN,B2
louse,louse,虱子,NOUN,B2
lousy,lousy,糟糕的,ADJ,B2
lousy servant,lousy servant,臭当差,NOUN,C1
love and esteem,love and esteem,爱戴,VERB,C1
love ardently,love ardently,热爱,VERB,B1
loved,loved,被爱的,ADJ,B2
lovely,lovely,美好的,ADJ,B2
lover sweetheart,lover sweetheart,情人,NOUN,B2
lovesickness,lovesickness,词,NOUN,C1
lovestruck,lovestruck,词,ADJ,C1
low blow,low blow,词,NOUN,C1
low point,low point,词,NOUN,C1
low pressure,low pressure,低气压,NOUN,C1
low tide,low tide,退潮,NOUN,B2
low-carbon,low-carbon,低碳,ADJ,C1
lower,lower,较低的,ADJ,B2
lower (noun),lower,词,NOUN,B2
lower part,lower part,下部,NOUN,C1
lowering,lowering,词,NOUN,C1
lowland,lowland,低地,NOUN,B2
lowly,lowly,词,ADJ,B2
loyalism,loyalism,词,NOUN,C1
loyalty fidelity,loyalty fidelity,词,NOUN,B2
loyalty to authority,loyalty to authority,服从权威,NOUN,B2
lubrication,lubrication,词,NOUN,C1
lubricity,lubricity,好色 / 淫荡,NOUN,B2
lucha,wrestling,摔跤,NOUN,B2
lucid,lucid,词,ADJ,C1
lucidity,lucidity,清醒 / 明晰,NOUN,B2
luck turn,luck turn,词,NOUN,A2
lucky,lucky,幸运的,ADJ,B2
lucky (noun),lucky,吉祥,NOUN,B2
lucky chance,lucky chance,虽侥,NOUN,B2
lucky find,lucky find,意外发现,NOUN,B2
lucky money,lucky money,压岁钱,NOUN,B2
lucky one,lucky one,词,NOUN,B2
lucrative,lucrative,有利可图的,ADJ,B2
lugar de trabajo,workplace,工作场所,NOUN,B2
lukewarm,lukewarm,微温的,ADJ,B2
lukewarmness,lukewarmness,词,NOUN,C1
lullaby,lullaby,词,NOUN,C1
luminosity,luminosity,词,NOUN,C1
luminous,luminous,发光的,ADJ,B2
lump,lump,块,NOUN,B2
lump in throat,lump in throat,词,NOUN,C1
luna del mes,month moon,月,NOUN,B2
luna llena,full moon,满月,NOUN,B2
lunar,lunar,词,ADJ,C1
lunar calendar,lunar calendar,农历,NOUN,B2
lunar phase,lunar phase,月相,NOUN,C1
lunatic,lunatic,疯子,NOUN,B2
lunch,lunch,午餐,NOUN,B2
lunch break,lunch break,午休,NOUN,B2
lung,lung,肺,NOUN,B2
lupini beans,lupini beans,词,NOUN,B2
lure,lure,诱惑,NOUN,B2
lure decoy,lure decoy,词,NOUN,C1
lurid,lurid,词,ADJ,C1
lust,lust,欲望,NOUN,B2
luster,luster,光泽,NOUN,B2
lute,lute,词,NOUN,C1
luxurious,luxurious,奢侈的,ADJ,B2
luz de marcha atrás,backup light,倒车灯,NOUN,B2
lychee,lychee,荔枝,NOUN,C1
lymph,lymph,淋巴,NOUN,B2
lymph node,lymph node,淋巴结,NOUN,B2
lymphatic,lymphatic,淋巴的,ADJ,B2
lyre,lyre,词,NOUN,B2
lyrical,lyrical,抒情的,ADJ,B2
lyricism,lyricism,词,NOUN,C1
lyrics,lyrics,歌词,NOUN,B2
lágrimas,tears,眼泪,NOUN,B2
machination,machination,词,NOUN,C1
machine,machine,机器,NOUN,B2
machine (adj),machine,词,ADJ,B2
machine learning,machine learning,机器学习,NOUN,B2
machine wash,machine wash,机洗,VERB,B2
macro,macro,宏观,ADJ,C1
macroeconomic,macroeconomic,宏观经济学的,ADJ,B2
macroscopic,macroscopic,宏观的,ADJ,B2
mad,mad,词,ADJ,A1
madam,madam,夫人,NOUN,B2
made,made,制成的,ADJ,B2
madera,wood,木头,NOUN,B2
madrastra,stepmother,后母,NOUN,B2
madre,mother,娘,PART,B2
maduro,mature,成熟的,ADJ,B2
maduro,ripe,成熟的,ADJ,B2
mafia,mafia,黑手党,NOUN,B2
magically,magically,魔法地,ADV,B2
magnanimidad,magnanimity,宽宏大量,NOUN,B2
magnanimous pardon,magnanimous pardon,词,NOUN,C1
magnesium,magnesium,镁,NOUN,B2
magnetic,magnetic,磁的,ADJ,B2
magnetism,magnetism,词,NOUN,C1
magnification,magnification,增大,NOUN,C1
magnifying glass,magnifying glass,词,NOUN,C1
magnitude,magnitude,词,NOUN,C1
mago,magician,魔术师,NOUN,B2
magus,magus,词,NOUN,C1
maieutic,maieutic,词,ADJ,C1
mail (verb),mail,寄送,VERB,C1
main camp,main camp,大营,NOUN,B2
main reason,main reason,主要原因,NOUN,B2
main road,main road,主路,NOUN,B2
main street,main street,大街,NOUN,B2
main text,main text,词,NOUN,C1
main thing,main thing,词,NOUN,B2
mainstream,mainstream,主流的,ADJ,B2
majestad,majesty,陛下,NOUN,B2
major,major,主要的,ADJ,B2
major case,major case,大案,NOUN,B2
major defense,major defense,大防,NOUN,C1
major event,major event,大事,NOUN,B2
majority (adj),majority,词,ADJ,B2
make amends,make amends,词,VERB,C1
makeover,makeover,改容,NOUN,C1
makeup leave,makeup leave,补休,NOUN,B2
makhzen-related,makhzen-related,词,ADJ,C1
mala cosa,bad thing,坏事,NOUN,B2
mala idea,bad idea,坏水,NOUN,B2
mala suerte,bad luck,倒霉,NOUN,B2
malaria,malaria,疟疾,NOUN,B2
malas noticias,bad news,坏消息,NOUN,B2
maldecir,damn,该死的,ADJ,B2
maldecir,curse,诅咒,NOUN,B2
maldecir,to curse,诅咒,VERB,B2
maldecir,to damn,诅咒,VERB,B2
male,male,男性,NOUN,B2
malefic,malefic,邪恶的,ADJ,B2
malentendido,misunderstanding,误解,NOUN,B2
malevolence,malevolence,恶意,NOUN,B2
malevolent,malevolent,词,ADJ,C1
malfeasance,malfeasance,渎职,NOUN,B2
malhun,malhun,词,NOUN,B2
malicia,malice,恶意,NOUN,B2
malicious,malicious,恶意的,ADJ,B2
malicious words,malicious words,恶言,NOUN,B2
malignancy,malignancy,词,NOUN,C1
malignity,malignity,词,NOUN,C1
maligno,malignant,恶性的,ADJ,B2
maliki school,maliki school,词,NOUN,C1
malinterpretar,to misunderstand,误解,VERB,B2
mall,mall,词,NOUN,B2
malleability,malleability,词,NOUN,C1
malleable,malleable,词,ADJ,C1
mallow greens,mallow greens,词,NOUN,B2
malmo,malmo,马尔默,PROPN,B2
malpractice,malpractice,弊端,NOUN,C1
maltratar,to mistreat,أساء,VERB,B2
mammal,mammal,哺乳动物,NOUN,B2
mammalian,mammalian,词,ADJ,C1
manada,herd,兽群,NOUN,B2
managed,managed,,NOUN,B2
management pipe,management pipe,管理层/管道,NOUN,B2
managing director,managing director,总经理,NOUN,B2
mancha,blemish,瑕疵,NOUN,B2
mandatory compulsory,mandatory compulsory,词,ADJ,B1
manejar,handle,把手,NOUN,B2
manejar,to handle,处理,VERB,B2
manejo,handling,处理,NOUN,B2
manera,manner,方式,NOUN,B2
maneta,handcuff,手铐,NOUN,B2
mango,mango,芒果,NOUN,B2
mangosteen,mangosteen,山竹,NOUN,B2
mangrove,mangrove,红树林,NOUN,B2
manhunt,manhunt,搜捕,NOUN,B2
mania,mania,狂躁症,NOUN,B2
manifestante,protester,示威者,NOUN,B2
manifestation,manifestation,词,NOUN,C1
manifestly,manifestly,明显地,ADV,B2
manifold,manifold,多方面的,ADJ,B2
manija,door handle,门把手,NOUN,B2
manipulable,manipulable,可操纵的,ADJ,B2
manipulación,manipulation,操纵,NOUN,B2
manipulator,manipulator,词,NOUN,C1
manly virtue,manly virtue,词,NOUN,C1
mannerly,mannerly,有礼貌的,ADJ,B2
manners,manners,词,NOUN,B2
manor (part),manor,庄,PART,B2
manor lord,manor lord,庄主,NOUN,B2
mansión,manor,庄园,NOUN,B2
manslaughter,manslaughter,词,NOUN,C1
manta,blanket,毯子,NOUN,B2
mantener,to maintain,维持,VERB,B2
mantra,mantra,心诀,NOUN,B2
manual,manual,手工的,ADJ,B2
manual (noun),manual,词,NOUN,B1
manually,manually,手动地,ADV,B2
manufacturing,manufacturing,词,NOUN,B1
manumission,manumission,词,NOUN,C1
manuscrito,manuscript,手稿,NOUN,B2
many,many,许多,DET,B2
many (noun),many,多……,NOUN,B2
many (pron),many,词,PRON,B1
many a,many a,词,ADJ,C1
many things,many things,许多事物,PRON,B2
many whips,many whips,好多鞭,NOUN,C1
mapping,mapping,梳理,NOUN,B2
maqam,maqam,词,NOUN,B2
maqama,maqama,词,NOUN,C1
mar de sangre,blood sea,血海,NOUN,B2
maratón,marathon,马拉松,NOUN,B2
maravillar,to marvel,使惊奇,VERB,B2
maravillarse,wonder,奇迹,NOUN,B2
maravillarse,to wonder,觉得奇怪,VERB,B2
marble,marble,大理石,NOUN,B2
marbly,marbly,大理石般的,ADJ,B2
marca,mark,标记,NOUN,B2
marcador de ritmo,pace-setter,标兵,NOUN,B2
marco,framework,框架,NOUN,B2
mare,mare,词,NOUN,B2
marea,tide,潮汐,NOUN,B2
mareal,tidal,潮汐,ADJ,B2
marginación,marginalization,边缘化,NOUN,B2
marginal,marginal,边缘的,ADJ,B2
marginally,marginally,边缘地,ADV,B2
marinade,marinade,词,NOUN,B2
marinar,to marinate,腌制,VERB,B2
marine,marine,海军陆战队员,NOUN,B2
marine corps,marine corps,海军陆战队,NOUN,B2
mariposa,butterfly,蝴蝶,NOUN,B2
marital conjugal,marital conjugal,词,ADJ,C1
marker,marker,词,NOUN,B2
market (adj),market,词,ADJ,C1
market inspection,market inspection,词,NOUN,C1
market inspector,market inspector,词,NOUN,C1
marketing,marketing,营销,NOUN,B2
markets,markets,词,NOUN,C1
marriage contract,marriage contract,婚约,NOUN,C1
marriage leave,marriage leave,婚假,NOUN,B2
marrow,marrow,骨髓,NOUN,B2
marsh,marsh,词,NOUN,C1
marshal,marshal,元帅,NOUN,B2
marshy,marshy,沼泽般的,ADJ,B2
martial (adj),martial,词,ADJ,B2
martial (part),martial,武,PART,B2
martial arts,martial arts,武术,NOUN,B1
martillo,hammer,锤子,NOUN,B2
martyr,martyr,词,NOUN,C1
marvel (noun),marvel,词,NOUN,B2
marvelous,marvelous,极好的,ADJ,B2
marítimo,maritime,海事的,ADJ,B2
masa,mass,大量,NOUN,B2
masacre,massacre,大屠杀,NOUN,B2
mascot,mascot,吉祥物,NOUN,B2
mascota,pet,宠物,NOUN,B2
masculine,masculine,男性的,ADJ,B2
masculine (noun),masculine,masculine,NOUN,B2
masculinity,masculinity,词,NOUN,C1
masculinization,masculinization,词,NOUN,C1
masculino,male,男性的,ADJ,B2
mash,mash,泥状食物,NOUN,B2
masochism,masochism,词,NOUN,C1
mason,mason,词,NOUN,C1
masonry,masonry,砌体,NOUN,B2
masquerade,masquerade,词,NOUN,C1
mass (adj),mass,词,ADJ,C1
mass appeal,mass appeal,词,NOUN,C1
mass innovation,mass innovation,众创,NOUN,B2
mass media,mass media,大众媒体,NOUN,B2
mass-transmitted,mass-transmitted,词,ADJ,C1
massage (noun),massage,词,NOUN,B2
massage (verb),massage,词,VERB,B2
masses,masses,群众,NOUN,C1
masseur,masseur,按摩师,NOUN,B2
massively,massively,大量地,ADV,B2
mast (noun),mast,词,NOUN,C1
master (noun),master,主人,NOUN,B2
master (part),master,爷,PART,A2
master and disciple,master and disciple,师徒,NOUN,C1
master copy,master copy,底本,NOUN,C1
master gives,master gives,爷给,NOUN,C1
master's grudge,master's grudge,师仇,NOUN,B2
master's possession,master's possession,爷有,NOUN,B2
master's wife,master's wife,师娘,NOUN,B1
master's wife sits,master's wife sits,师娘坐,NOUN,C1
masterly,masterly,词,ADJ,B2
mastermind,mastermind,词,NOUN,C1
masticar,to chew,咀嚼,VERB,B2
mat,mat,词,NOUN,B2
matar dos pájaros de un tiro,kill two birds with one stone,一举两得,ADJ,B2
matches,matches,词,NOUN,C1
matching use,matching use,配用,NOUN,C1
mate,mate,词,NOUN,A2
matemáticas,math,数学,NOUN,B2
matemáticas,mathematics,数学,NOUN,B2
matemático,mathematical,数学的,ADJ,B2
materia prima,raw material,原材料,NOUN,B2
material,material,材料,NOUN,B2
material (adj),material,词,ADJ,C1
materialismo,materialism,唯物主义,NOUN,B2
maternal,maternal,词,ADJ,C1
maternal grace,maternal grace,母恩难,NOUN,B2
maternal grandmother,maternal grandmother,外婆,NOUN,B2
maternity leave,maternity leave,产假,NOUN,C1
maternity matron,maternity matron,月嫂,NOUN,C1
mathematician,mathematician,词,NOUN,C1
matizado,nuanced,细微差别的,ADJ,B2
matriarchy,matriarchy,词,NOUN,C1
matrícula,license plate,车牌,NOUN,B2
matrícula de vehículo,vehicle registration,行驶证,NOUN,B2
matter affair,matter affair,事情,NOUN,A1
matter of conscience,matter of conscience,良心问题,NOUN,B2
matter of time,matter of time,时间问题,NOUN,B2
matón,bully,欺凌者,NOUN,B2
mausoleum,mausoleum,词,NOUN,B1
maverick,maverick,词,NOUN,C1
mawkish,mawkish,词,ADJ,C1
mawkishness,mawkishness,词,NOUN,C1
mawwal,mawwal,词,NOUN,B2
maximal,maximal,最大的,ADJ,B2
maximization,maximization,词,NOUN,C1
maximum (noun),maximum,词,NOUN,B2
may (aux),may,词,AUX,A1
may be allowed,may be allowed,词,AUX,A2
may subjunctive,may subjunctive,词,AUX,C1
maybe possible,maybe possible,可能,ADV,A1
mayor,biggest,最大,ADJ,B2
mayor,major,少校,NOUN,B2
mayoral,mayoral,市长的,ADJ,B2
mayormente,mostly,主要地,ADV,B2
maze,maze,词,NOUN,C1
maze labyrinth,maze labyrinth,词,NOUN,C1
maíz,corn,玉米,NOUN,B2
mañana,morning,早晨,NOUN,B2
mañana,tomorrow,غد,NOUN,B2
me,me,لي,NOUN,B2
me (pron),me,我吧,PRON,A1
me accusative,me accusative,词,PRON,A2
me dative,me dative,词,PRON,A2
meager,meager,词,ADJ,C1
mean (noun),mean,词,NOUN,C1
meandering,meandering,蜿蜒的,ADJ,B2
meaning content,meaning content,语义内容,NOUN,B2
meaningful,meaningful,有意义的,ADJ,B2
meaningless,meaningless,毫无意义的,ADJ,B2
meanness,meanness,词,NOUN,C1
measurable,measurable,词,ADJ,C1
measure word events items,measure word events items,件,NOUN,A1
measure word flat objects,measure word flat objects,张,NOUN,B2
measure word general,measure word general,个,NUM,B2
measured,measured,克制的,ADJ,B2
measurements,measurements,词,NOUN,C1
meat-eating,meat-eating,开荤,NOUN,C1
meatballs,meatballs,肉丸,NOUN,B2
mecanicista,mechanistic,机制性,ADJ,B2
mecanismo,mechanism,机制,NOUN,B2
mecanismo alterado,altered mechanism,改机,NOUN,B2
mechanical,mechanical,机械的,ADJ,B2
mechanically,mechanically,词,ADV,C1
mechanics,mechanics,词,NOUN,C1
mechanization,mechanization,词,NOUN,C1
mechanized,mechanized,词,ADJ,C1
medal awarding,medal awarding,授勋,NOUN,B2
medalla,medal,奖牌,NOUN,B2
medallion,medallion,词,NOUN,C1
meddlesome (noun),meddlesome,多事,NOUN,C1
meddling,meddling,掺和,NOUN,C1
media (adj),media,词,ADJ,C1
media library,media library,多媒体图书馆,NOUN,B2
media professionals,media professionals,词,NOUN,C1
media-related,media-related,词,ADJ,B2
mediación,mediation,调解,NOUN,B2
median (adj),median,词,ADJ,C1
mediana,median,中位数,NOUN,B2
mediator,mediator,调解人,NOUN,C1
medicación,medication,药物,NOUN,B2
medical care,medical care,医疗,NOUN,B2
medical checkup,medical checkup,词,NOUN,A2
medical examiner,medical examiner,法医,NOUN,B2
medical help,medical help,,NOUN,B2
medical practitioner,medical practitioner,词,NOUN,C1
medical test,medical test,词,NOUN,B1
medical tests,medical tests,词,NOUN,B2
medical visit,medical visit,看病,NOUN,C1
medication completion,medication completion,完药,NOUN,C1
medicine pool,medicine pool,药池,NOUN,B2
medieval,medieval,中世纪的,ADJ,B2
medio,mean,刻薄的,ADJ,B2
medio,by means of,通过,ADP,B2
medio,media,媒体,NOUN,B2
medio,medium,媒介,NOUN,B2
mediocre,mediocre,平庸的,ADJ,B2
mediocrity,mediocrity,庸庸碌碌,NOUN,B2
medios,means,手段,NOUN,B2
medir,to measure,测量,VERB,B2
meditación,meditation,冥想,NOUN,B2
mediterráneo,mediterranean,地中海的,ADJ,B2
meek,meek,温顺的,ADJ,B2
meekness,meekness,词,NOUN,B2
meeting hit,meeting hit,会面/击中,NOUN,B2
meeting point,meeting point,词,NOUN,C1
megabyte,megabyte,词,NOUN,C1
megalomania,megalomania,狂妄自大,NOUN,B2
megalomanic,megalomanic,狂妄自大的,ADJ,B2
megaphone,megaphone,扩音器,NOUN,C1
mejilla,cheek,脸颊,NOUN,B2
mejor,best,最好的,ADJ,B2
mejor,better,越好,NOUN,B2
mejora,improvement,好转,NOUN,B2
mejora,upturn,好转,NOUN,B2
mejorar,to upgrade,升级,VERB,B2
melancólico,melancholic,忧郁的,ADJ,B2
melancólico,melancholy,忧郁,ADJ,B2
mellifluous,mellifluous,词,ADJ,C1
mellifluousness,mellifluousness,词,NOUN,C1
melocotón,peach,桃子,NOUN,B2
melodious,melodious,词,ADJ,C1
melodiousness,melodiousness,词,NOUN,C1
melodrama,melodrama,词,NOUN,C1
melon,melon,香瓜,NOUN,C1
melted,melted,词,ADJ,C1
melting,melting,词,NOUN,B2
member of parliament,member of parliament,议员,NOUN,B2
member state,member state,成员国,NOUN,B2
membresía,membership,会员资格,NOUN,B2
memoir,memoir,回忆录,NOUN,B2
memorable,memorable,难忘的,ADJ,B2
memorial,memorial,纪念碑,NOUN,B2
memorial (adj),memorial,词,ADJ,C1
memorización,memorization,记忆,NOUN,B2
memorizer,memorizer,词,NOUN,C1
memory loss,memory loss,词,NOUN,C1
memorándum,memorandum,备忘录,NOUN,B2
men,men,词,NOUN,C1
menace,menace,词,NOUN,C1
mencionar,to mention,提及,VERB,B2
mendacious,mendacious,词,ADJ,C1
mendicidad,begging,乞讨,NOUN,B2
mendigo,beggar,乞丐,NOUN,B2
meninx,meninx,词,NOUN,C1
mensaje de texto,text message,短信,NOUN,B2
mensajero,messenger,信使,NOUN,B2
menses,menses,词,NOUN,B2
mensualmente,monthly,每月的,ADJ,B2
mental,mental,精神的,ADJ,B2
mental hospital,mental hospital,精神病院,NOUN,B2
mentalidad,mentality,心态,NOUN,B2
mentally,mentally,精神上地,ADV,B2
mente,-ly,地,PART,B2
mentioned,mentioned,词,ADJ,B2
mentor,mentor,导师,NOUN,B2
mentoring,mentoring,词,NOUN,B2
mentón,chin,下巴,NOUN,B2
menú,menu,菜单,NOUN,B2
meramente,merely,仅仅,ADV,B2
mercantile,mercantile,词,ADJ,C1
mercenaries,mercenaries,词,NOUN,C1
mercenary,mercenary,雇佣兵,NOUN,B2
merchandise,merchandise,商品,NOUN,B2
merchant ship,merchant ship,商船,NOUN,C1
mercilessly,mercilessly,词,ADV,C1
mercurial,mercurial,词,ADJ,C1
mercurio,mercury,汞,NOUN,B2
mercy blow,mercy blow,致命一击,NOUN,B2
merely (noun),merely,不就,NOUN,C1
merged,merged,词,ADJ,C1
merger,merger,合并,NOUN,B2
merger fusion,merger fusion,词,NOUN,B1
meridian,meridian,经脉,NOUN,B2
meridians,meridians,筋脉,NOUN,B2
merienda,snack,小吃,NOUN,B2
meritocracia,meritocracy,精英管理,NOUN,B2
merits,merits,词,NOUN,C1
meseta,plateau,高原,NOUN,B2
mesh,mesh,词,NOUN,C1
mesmerizing,mesmerizing,词,ADJ,C1
message errand,message errand,消息/差事,NOUN,B2
messaging,messaging,词,NOUN,C1
metabolic,metabolic,代谢的,ADJ,B2
metabolismo,metabolism,新陈代谢,NOUN,B2
metal,metal,金属,NOUN,B2
metalepsis,metalepsis,词,NOUN,C1
metalinguistic,metalinguistic,词,ADJ,C1
metallurgy,metallurgy,词,NOUN,C1
metamorphic,metamorphic,变质的,ADJ,B2
metamorphosis,metamorphosis,词,NOUN,C1
metaphor,metaphor,隐喻,NOUN,B2
metaphorical,metaphorical,隐喻的,ADJ,B2
metaphysical,metaphysical,词,ADJ,C1
metaphysics,metaphysics,形而上学,NOUN,B2
metastasis,metastasis,词,NOUN,C1
metaverse,metaverse,元宇宙,NOUN,C1
metempsychosis,metempsychosis,词,NOUN,C1
meteor,meteor,词,NOUN,B2
meteorite,meteorite,词,NOUN,C1
meteorological,meteorological,气象的,ADJ,B2
meteorological observations,meteorological observations,词,NOUN,C1
meter,meter,米,NOUN,B2
metering,metering,词,ADJ,C1
methane,methane,词,NOUN,C1
methodical,methodical,词,ADJ,C1
methodological,methodological,方法论的,ADJ,B2
methodology,methodology,方法论,NOUN,B2
meticulously,meticulously,一丝不苟地,ADV,B2
metonymy,metonymy,转喻,NOUN,B2
metric,metric,公制的,ADJ,B2
metrical foot,metrical foot,词,NOUN,C1
metropolis,metropolis,大都市,NOUN,B2
metropolises,metropolises,词,NOUN,C1
metropolitan,metropolitan,词,ADJ,C1
mettle,mettle,词,NOUN,C1
mexican,mexican,墨西哥的,ADJ,B2
mezclado,mixed,混合的,ADJ,B2
mezquita,mosque,清真寺,NOUN,B2
mi grande,my big one,我偌大,NOUN,B2
mi lugar,my place,我处,NOUN,B2
mi residencia,my residence,我府,NOUN,B2
microbe,microbe,词,NOUN,C1
microchip,microchip,词,NOUN,C1
microeconomic,microeconomic,微观经济学的,ADJ,B2
microphone,microphone,麦克风,NOUN,B2
microscope,microscope,显微镜,NOUN,B2
microscopic,microscopic,微观的,ADJ,B2
microscopic (noun),microscopic,微观,NOUN,C1
microwave,microwave,微波炉,NOUN,B2
mid-morning,mid-morning,词,NOUN,C1
midday heat,midday heat,词,NOUN,B1
middle,middle,中间,ADV,B2
middle (adj),middle,词,ADJ,B2
middle class,middle class,中产阶层,NOUN,B2
middle part,middle part,中部,NOUN,B2
middle school,middle school,词,NOUN,B1
middle stage,middle stage,中期,NOUN,B2
middle third of a month,middle third of a month,中旬,NOUN,B2
middle-school student,middle-school student,词,NOUN,C1
middleman,middleman,中间人,NOUN,C1
midfielder,midfielder,中场球员,NOUN,B2
midnight,midnight,午夜,NOUN,B2
midpoint,midpoint,词,NOUN,B2
midst,midst,中间,NOUN,B2
midterm exam,midterm exam,期中考,NOUN,B2
midwife,midwife,词,NOUN,C1
miembro de la familia,family member,家庭成员,NOUN,B2
might,might,威力,NOUN,B2
might as well,might as well,不妨,ADV,B2
mightily,mightily,词,ADV,C1
mighty,mighty,词,ADJ,B1
mighty man,mighty man,强人,NOUN,B2
mighty very,mighty very,非常,ADJ,B2
migrant,migrant,词,NOUN,B2
migrate,to migrate,迁移,VERB,B2
migration,migration,移民,NOUN,B2
migratory,migratory,词,ADJ,C1
mil,thousand,千,NUM,B2
mild,mild,温和的,ADJ,B2
mile,mile,英里,NOUN,B2
militant,militant,词,ADJ,C1
militaristic,militaristic,词,ADJ,C1
militarization,militarization,词,NOUN,C1
military,military,军队,NOUN,B2
military affairs,military affairs,军事,NOUN,B1
military camp,military camp,军营,NOUN,C1
military campaign,military campaign,战役,NOUN,B2
military intelligence,military intelligence,军情,NOUN,B2
military merit,military merit,军功,NOUN,C1
military order,military order,军令,NOUN,B2
military pay,military pay,军饷,NOUN,B2
military power,military power,兵权,NOUN,B2
militia,militia,民兵,NOUN,B2
milk tooth,milk tooth,,NOUN,B2
milking,milking,词,NOUN,C1
milky,milky,乳白色的,ADJ,B2
mill,mill,磨坊,NOUN,B2
mill (verb),mill,碾磨,VERB,C1
millennium,millennium,千年,NOUN,B2
miller,miller,词,NOUN,B2
millet,millet,小米,NOUN,C1
millimeter,millimeter,词,NOUN,C1
million,million,百万,NOUN,B2
millionaire,millionaire,百万富翁,NOUN,B2
millions of,millions of,数百万的,NUM,B2
mime (noun),mime,词,NOUN,C1
mimicry,mimicry,词,NOUN,B2
minaret,minaret,词,NOUN,B1
minatory,minatory,词,ADJ,C1
minced meat,minced meat,词,NOUN,A2
mind,mind,精神,NOUN,B2
mind,to mind,介意,VERB,B2
mind (noun),mind,头脑,NOUN,B2
mind-blowing,mind-blowing,词,ADJ,C1
mindfulness,mindfulness,从正念,NOUN,C1
mindset,mindset,词,NOUN,B2
mine,mine,矿井,NOUN,B2
mine (pron),mine,词,PRON,C1
mine (verb),mine,开采,VERB,C1
mineral,mineral,矿物,NOUN,B2
mineral (adj),mineral,词,ADJ,C1
mineral metal,mineral metal,词,NOUN,C1
mineral spring,mineral spring,矿泉,NOUN,C1
mineral water,mineral water,矿泉水,NOUN,B2
miniature painting,miniature painting,词,NOUN,C1
minibus,minibus,中巴,NOUN,B2
minimal,minimal,微小的,ADJ,B2
minimalism,minimalism,极简主义,NOUN,B2
minimalist,minimalist,词,NOUN,C1
minimization,minimization,词,NOUN,C1
minimum,minimum,词,NOUN,B2
minimum-wage earner,minimum-wage earner,词,NOUN,B2
mining,mining,词,ADJ,C1
minister,minister,臣,PART,B2
ministerial,ministerial,部长的,ADJ,B2
minivan,minivan,小型货车,NOUN,B2
minor,minor,未成年人,NOUN,B2
minor (adj),minor,较小的,ADJ,B2
minor course,minor course,辅修课,NOUN,B2
minor pilgrimage,minor pilgrimage,副朝,NOUN,B2
minority,minority,少数,NOUN,B2
minority (adj),minority,少数派的,ADJ,B2
minority group,minority group,少数群体,NOUN,B2
mint,mint,薄荷,NOUN,B2
minuciosidad,thoroughness,彻底,NOUN,B2
minus,minus,减,NOUN,B2
minuscule,minuscule,极小的,ADJ,B2
miraculous,miraculous,词,ADJ,C1
mirar,to glance,瞥,VERB,B2
mirar fijamente,to stare,凝视,VERB,B2
mirthful,mirthful,词,ADJ,C1
misanthropic,misanthropic,词,ADJ,C1
misappropriation,misappropriation,挪用,NOUN,B2
miscarriage of justice,miscarriage of justice,错案,NOUN,C1
mischief,mischief,词,NOUN,C1
misconception,misconception,误解,NOUN,B2
misdeed,misdeed,词,NOUN,C1
misdemeanor,misdemeanor,词,NOUN,B2
miserable,miserable,痛苦的,ADJ,B2
miserable tragic,miserable tragic,悲惨,ADJ,C1
miserliness,miserliness,词,NOUN,C1
mishap,mishap,词,NOUN,C1
mishearing,mishearing,听错,NOUN,C1
misión,mission,任务,NOUN,B2
misjudge,misjudge,词,VERB,C1
mismatch,mismatch,词,NOUN,C1
misplaced,misplaced,不合时宜的,ADJ,B2
miss teacher,miss teacher,小姐/老师,NOUN,B2
misserziehung,misserziehung,词,NOUN,C1
missfahrt,missfahrt,词,NOUN,C1
missfassung,missfassung,词,NOUN,B2
missforderung,missforderung,词,NOUN,C1
missgabe,missgabe,词,NOUN,C1
missgestaltung,missgestaltung,词,NOUN,C1
missile,missile,导弹,NOUN,B2
missionary,missionary,词,NOUN,C1
missionizing,missionizing,词,ADJ,C1
missions,missions,词,NOUN,C1
misskunft,misskunft,词,NOUN,C1
missnahme,missnahme,词,NOUN,C1
misspflegung,misspflegung,词,NOUN,C1
missregelung,missregelung,词,NOUN,C1
missrichtung,missrichtung,词,NOUN,C1
missschaft,missschaft,词,NOUN,B2
missschrift,missschrift,词,NOUN,B2
misssetzung,misssetzung,词,NOUN,C1
misssicht,misssicht,词,NOUN,B2
misssinnung,misssinnung,词,NOUN,C1
misssprache,misssprache,词,NOUN,C1
misssucht,misssucht,词,NOUN,C1
misssuchung,misssuchung,词,NOUN,C1
missteilung,missteilung,词,NOUN,C1
misstep,misstep,失足,NOUN,B2
misstheilung,misstheilung,词,NOUN,B2
misstreibung,misstreibung,词,NOUN,B2
misswandel,misswandel,词,NOUN,C1
missweisung,missweisung,词,NOUN,C1
misswirkung,misswirkung,词,NOUN,C1
misterio,mystery,谜,NOUN,B2
miterziehung,miterziehung,词,NOUN,C1
mitfahrt,mitfahrt,词,NOUN,B2
mitfassung,mitfassung,词,NOUN,C1
mitforderung,mitforderung,词,NOUN,C1
mitgabe,mitgabe,词,NOUN,C1
mitgestaltung,mitgestaltung,词,NOUN,C1
mitigating,mitigating,词,ADJ,C1
mitigation,mitigation,词,NOUN,C1
mitkunft,mitkunft,词,NOUN,C1
mitnahme,mitnahme,词,NOUN,C1
mito,myth,神话,NOUN,B2
mitología,mythology,神话学,NOUN,B2
mitpflegung,mitpflegung,词,NOUN,B2
mitregelung,mitregelung,词,NOUN,C1
mitrichtung,mitrichtung,词,NOUN,C1
mitschaft,mitschaft,词,NOUN,C1
mitschrift,mitschrift,词,NOUN,C1
mitsetzung,mitsetzung,词,NOUN,B2
mitsicht,mitsicht,词,NOUN,B2
mitsinnung,mitsinnung,词,NOUN,C1
mitsprache,mitsprache,词,NOUN,C1
mitsucht,mitsucht,词,NOUN,C1
mitsuchung,mitsuchung,词,NOUN,C1
mitteilung,mitteilung,词,NOUN,C1
mitten,mitten,连指手套,NOUN,B2
mittheilung,mittheilung,词,NOUN,B2
mittreibung,mittreibung,词,NOUN,C1
mitwandel,mitwandel,词,NOUN,C1
mitweisung,mitweisung,词,NOUN,C1
mitwirkung,mitwirkung,词,NOUN,C1
mix bar,mix bar,混吧,NOUN,B2
mixed forest,mixed forest,混交林,NOUN,B2
mixed reality,mixed reality,混合现实,NOUN,C1
mixed-race,mixed-race,词,ADJ,C1
mixer,mixer,词,NOUN,C1
mixing,mixing,词,NOUN,B2
mmm,hmm,嗯,INTJ,B2
mob,mob,词,NOUN,B2
mobile (noun),mobile,词,NOUN,B2
mobility,mobility,流动性,NOUN,B2
mochila,backpack,背包,NOUN,B2
mock exam,mock exam,模拟考,NOUN,B2
mock exam questions,mock exam questions,模拟题,NOUN,C1
mockery,mockery,词,NOUN,C1
moco,mucus,黏液,NOUN,B2
mocos,runny nose,流鼻涕,NOUN,B2
moda,fashion,时尚,NOUN,B2
modal particle,modal particle,呢,PART,B2
modal particle suggestion,modal particle suggestion,吧,PART,B2
modality,modality,词,NOUN,B2
modder,modder,改客,NOUN,B2
model prototype,model prototype,词,NOUN,C1
modelado,modeling,造型,NOUN,B2
modelo a seguir,role model,榜样,NOUN,B2
modelo modificado,modified model,改模,NOUN,B2
modem,modem,词,NOUN,C1
moderate snow,moderate snow,中雪,NOUN,C1
moderator,moderator,词,NOUN,C1
modern dance,modern dance,现代舞,NOUN,B2
modern times,modern times,现代,NOUN,B2
modernist,modernist,词,ADJ,C1
modernity,modernity,词,NOUN,C1
modernización,modernization,现代化,NOUN,B2
modestly,modestly,词,ADV,C1
modesto,modest,谦虚的,ADJ,B2
modesty,modesty,谦虚,NOUN,B2
modesty bashfulness,modesty bashfulness,词,NOUN,B2
modificación,modification,修改,NOUN,B2
modificar,to modify,修改,VERB,B2
modified ability,modified ability,改能,NOUN,B2
modified category,modified category,改类,NOUN,B2
modified one,modified one,改的,NOUN,C1
modified route,modified route,改途,NOUN,C1
modified skill,modified skill,改技,NOUN,C1
modified structure,modified structure,改结,NOUN,C1
modified track,modified track,改迹,NOUN,C1
modified warfare,modified warfare,改战,NOUN,C1
modular,modular,模块化的,ADJ,B2
modulation,modulation,词,NOUN,C1
module,module,词,NOUN,C1
moisture,moisture,湿气,NOUN,B2
moisture-proof,moisture-proof,防潮,ADJ,B2
moisturizer,moisturizer,词,NOUN,B2
molar,molar,词,NOUN,A2
mold-resistant,mold-resistant,防霉,ADJ,C1
moldear,to shape,塑造,VERB,B2
molding,molding,词,NOUN,C1
moldy,moldy,发霉的,ADJ,B1
molecular,molecular,词,ADJ,C1
moler,to grind,磨碎,VERB,B2
molestar,to nag,唠叨,VERB,B2
molestia,nuisance,麻烦事,NOUN,B2
mollify,mollify,词,VERB,C1
molten,molten,词,ADJ,C1
molting,molting,词,NOUN,C1
molécula,molecule,分子,NOUN,B2
mom mother,mom mother,妈妈,NOUN,A1
momentarily,momentarily,暂时地,ADV,B2
momento,point in time,时间点,NOUN,B2
momentous,momentous,词,ADJ,C1
mommy,mommy,词,NOUN,B1
monarchy,monarchy,君主制,NOUN,B2
monastic community,monastic community,词,NOUN,C1
monasticism,monasticism,词,NOUN,C1
moneda,currency,货币,NOUN,B2
monetization,monetization,词,NOUN,C1
money laundering,money laundering,洗钱,NOUN,B2
money transfer,money transfer,词,NOUN,B1
mongoose,mongoose,词,NOUN,B2
monism,monism,词,NOUN,C1
monitorear,monitor,显示器,NOUN,B2
monitorear,to monitor,监控,VERB,B2
monitoreo,monitoring,监控,NOUN,B2
monkey ape,monkey ape,猿/猴,NOUN,B2
mono,monkey,猴子,NOUN,B2
monolithic,monolithic,单一的,ADJ,B2
monologue,monologue,词,NOUN,B2
monopolio,monopoly,垄断,NOUN,B2
monopólico,monopolistic,垄断的,ADJ,B2
monotheism,monotheism,词,NOUN,C1
monotonic,monotonic,词,ADJ,C1
monotony,monotony,词,NOUN,C1
monotonía,dullness,迟钝,NOUN,B2
monstrous,monstrous,怪异的,ADJ,B2
montada,ride,行程,NOUN,B2
month ago,month ago,月前,NOUN,B2
monthly,monthly,每月的,ADV,B2
monthly magazine,monthly magazine,月刊,NOUN,B2
monthly report,monthly report,月报,NOUN,C1
monumental,monumental,词,ADJ,C1
monumento,monument,纪念碑,NOUN,B2
moodiness,moodiness,词,NOUN,B2
moonlight,moonlight,月色,NOUN,B2
moor,moor,荒野,NOUN,B2
mooring,mooring,词,NOUN,C1
moose,moose,驼鹿,NOUN,B2
mop (noun),mop,词,NOUN,B2
mora,blackberry,黑莓,NOUN,B2
moral,moral,道德,NOUN,B2
moral,morals,道德,NOUN,B2
moral (adj),moral,道德的,ADJ,C1
moral character,moral character,品德,NOUN,B2
moral defect,moral defect,词,NOUN,C1
moral fable,moral fable,词,NOUN,C1
moral portrait,moral portrait,词,NOUN,C1
moral restraint,moral restraint,词,NOUN,C1
morale,morale,人心,NOUN,B2
moralidad,morality,道德,NOUN,B2
moralism,moralism,道德主义,NOUN,B2
moralization,moralization,词,NOUN,C1
moralizing,moralizing,说教的,ADJ,B2
moralizing (noun),moralizing,词,NOUN,C1
morally,morally,词,ADV,C1
morass,morass,词,NOUN,C1
morbid,morbid,词,ADJ,C1
morbidity,morbidity,词,NOUN,C1
mordedura,biting,咬人,NOUN,B2
mordisco,bite,一口,NOUN,B2
more,more,مزيد,NOUN,B2
more (adj),more,更多,ADJ,A2
more beautiful,more beautiful,更美的,ADJ,B2
more expensive,more expensive,更贵的,ADJ,B2
more fun,more fun,更有趣的,ADJ,B2
more important,more important,更重要的,ADJ,B2
more personal,more personal,词,ADJ,C1
more pl,more pl,更多,ADJ,B2
more than,more than,不止,ADV,B2
moreover,moreover,而且,CCONJ,B2
moretón,bruise,瘀伤,NOUN,B2
morfología,morphology,形态学,NOUN,B2
morfológico,morphological,形态的,ADJ,B2
morgue,morgue,词,NOUN,B1
morning (adj),morning,词,ADJ,C1
moroccanization,moroccanization,词,NOUN,C1
morocco leather,morocco leather,词,NOUN,C1
moron,moron,词,NOUN,C1
morose,morose,词,ADJ,C1
morpheme,morpheme,语素,NOUN,C1
morphine,morphine,吗啡,NOUN,B2
mortal (adj),mortal,词,ADJ,B2
mortal (noun),mortal,词,NOUN,B2
mortal fear,mortal fear,极度恐惧,NOUN,B2
mortality,mortality,死亡率,NOUN,B2
mortar,mortar,词,NOUN,C1
mortuary,mortuary,词,NOUN,B2
mosca,fly,苍蝇,NOUN,B2
moslem,moslem,词,NOUN,C1
mosquito,mosquito,蚊子,NOUN,B2
mosquito net,mosquito net,蚊帐,NOUN,B2
mosquito-proof,mosquito-proof,防蚊,ADJ,C1
most,most,最,ADV,B2
most (det),most,词,DET,B2
most (noun),most,大部分,NOUN,B2
most (pron),most,词,PRON,C1
most famous,most famous,词,ADJ,B2
most important,most important,最要紧,NOUN,C1
most important thing,most important thing,最重要的事,NOUN,B2
most like,most like,最像,NOUN,C1
motel,motel,汽车旅馆,NOUN,B2
moth,moth,词,NOUN,B2
mother (part),mother,娘,PART,B2
mother's words,mother's words,娘说,NOUN,B2
motherboard,motherboard,主板,NOUN,C1
motherfucker,motherfucker,混蛋,NOUN,B2
motherland,motherland,祖国,NOUN,B2
motif,motif,主题,NOUN,B2
motion picture,motion picture,词,NOUN,C1
motive for murder,motive for murder,词,NOUN,C1
motivo,motive,动机,NOUN,B2
motley,motley,词,ADJ,B2
motor,motor,发动机,NOUN,B2
motor (adj),motor,运动的,ADJ,C1
motorist,motorist,词,NOUN,C1
motorway,motorway,高速公路,NOUN,B2
motto,motto,座右铭,NOUN,B2
mound,mound,土堆,NOUN,B2
mount,mount,词,NOUN,A1
mountain closure,mountain closure,山闭,NOUN,C1
mountaineer,mountaineer,词,NOUN,C1
mountaineering,mountaineering,登山,NOUN,B2
mountains and rivers,mountains and rivers,山川,NOUN,C1
mourning,mourning,词,NOUN,B2
mouth animal,mouth animal,词,NOUN,B1
move fast,move fast,快搬,NOUN,C1
movilización,mobilization,动员,NOUN,B2
movilizar,to mobilize,动员,VERB,B2
mow,mow,词,VERB,B2
mp,mp,国会议员,NOUN,B2
mr master,mr master,先生/主人,NOUN,B2
mrouzia,mrouzia,词,NOUN,B2
much,much,很多,ADV,B2
much (adj),much,词,ADJ,A1
much many,much many,许多,ADJ,B2
muchas veces,many times,多次,ADV,B2
mucho menos,let alone,别说,ADV,B2
muchos,many,许多,ADJ,B2
mucous,mucous,词,ADJ,C1
mudarse,to move in,搬入,VERB,B2
mudo,dumb,愚蠢的,ADJ,B2
mudslide,mudslide,泥石流,NOUN,B2
mudslinging,mudslinging,词,NOUN,C1
mudslinging exchanges,mudslinging exchanges,词,NOUN,C1
mueble,furniture,家具,NOUN,B2
muelle,quay,码头,NOUN,B2
muezzin,muezzin,词,NOUN,B2
muffin,muffin,玛芬蛋糕,NOUN,B2
mufti,mufti,词,NOUN,C1
mug (noun),mug,词,NOUN,B2
mujer,female,女性的,ADJ,B2
mulberry,mulberry,桑葚,NOUN,B2
mulberry thread,mulberry thread,桑皮线,NOUN,C1
mulch,mulch,词,NOUN,C1
muleta,crutch,拐杖,NOUN,B2
multar,fine,好的,ADJ,B2
multar,to fine,罚款,VERB,B2
multi-level garage,multi-level garage,立体车库,NOUN,B2
multinational,multinational,跨国公司,NOUN,B2
multipart,multipart,多部分的,ADJ,B2
multiple,multiple,词,ADJ,B2
multiplicar,to multiply,乘；增加,VERB,B2
multiplicity,multiplicity,词,NOUN,C1
multiplier,multiplier,词,NOUN,C1
multitud,crowd,人群,NOUN,B2
mum,mum,词,NOUN,A2
mundane,mundane,词,ADJ,C1
municipio,municipality,市镇,NOUN,B2
munificencia,munificence,慷慨,NOUN,B2
munificent,munificent,词,ADJ,C1
munitions,munitions,军械,NOUN,C1
muqarnas,muqarnas,词,NOUN,C1
murabaha,murabaha,成本加成销售,NOUN,C1
mural,mural,词,NOUN,C1
murder case,murder case,词,NOUN,B2
murder scene,murder scene,词,NOUN,C1
murder victim,murder victim,词,NOUN,C1
murderer female,murderer female,词,NOUN,B2
murk of dawn,murk of dawn,词,NOUN,C1
murky,murky,词,ADJ,C1
murmurar,to mutter,嘟囔,VERB,B2
murmuring,murmuring,词,NOUN,C1
murmurio,murmur,低语,NOUN,B2
muscle ache,muscle ache,肌肉酸痛,NOUN,B2
muscular,muscular,词,ADJ,C1
muse,muse,词,VERB,B2
museo,museum,博物馆,NOUN,B2
museum piece,museum piece,博物馆藏品,NOUN,B2
musgo,moss,苔藓,NOUN,B2
mushroom fungus,mushroom fungus,词,NOUN,C1
musical,musical,موسيقي,ADJ,B2
musical (noun),musical,音乐剧,NOUN,B2
musical composition,musical composition,词,NOUN,C1
musical instrument,musical instrument,乐器,NOUN,C1
musical note,musical note,词,NOUN,C1
musicality,musicality,词,NOUN,C1
muslim,muslim,مسلم,NOUN,B2
muslo,thigh,大腿,NOUN,B2
must (adv),must,务必,ADV,B2
must (noun),must,必呢,NOUN,C1
must (verb),must,词,VERB,A1
must listen,must listen,得听,NOUN,B2
must not,must not,不得,AUX,B2
mustache,mustache,胡子,NOUN,B2
mustard,mustard,词,NOUN,A1
mutable,mutable,词,ADJ,C1
mutación,mutation,突变,NOUN,B2
mutagenic,mutagenic,词,ADJ,C1
mutazilites,mutazilites,词,NOUN,C1
mute person,mute person,词,NOUN,B2
mutiny (noun),mutiny,兵变,NOUN,B2
muttering,muttering,念叨,NOUN,C1
mutual affection,mutual affection,词,NOUN,C1
mutual compassion,mutual compassion,互悯,NOUN,C1
mutual consent,mutual consent,词,NOUN,C1
mutual dependence,mutual dependence,相依,NOUN,B2
mutual forgiveness,mutual forgiveness,词,NOUN,C1
mutual pulling,mutual pulling,词,NOUN,C1
mutual support,mutual support,互助,NOUN,C1
mutual treatment,mutual treatment,相待,NOUN,B2
mutual understanding,mutual understanding,词,NOUN,B1
mutual visit,mutual visit,互访,NOUN,B2
mutuamente,mutually,相互地,ADV,B2
muwashshah,muwashshah,词,NOUN,B2
muzzling,muzzling,词,NOUN,C1
muñeca,wrist,手腕,NOUN,B2
my (pron),my,词,PRON,A1
my audience,my audience,我要见,NOUN,B2
my break,my break,我破,NOUN,C1
my calculation,my calculation,我算,NOUN,C1
my death,my death,我死,NOUN,B2
my envoy,my envoy,我使,NOUN,C1
my exit,my exit,我出,NOUN,B2
my name,my name,我叫,NOUN,C1
my scrutiny,my scrutiny,我看你,NOUN,B2
my support,my support,我撑,NOUN,B2
my take,my take,待我拿,NOUN,C1
my taking,my taking,我拿,NOUN,B2
my turn,my turn,我来吧,NOUN,C1
my writing,my writing,我写,NOUN,C1
myelin,myelin,词,NOUN,C1
myriad,myriad,词,ADJ,C1
myself,myself,我自己,PRON,B2
mystic female,mystic female,玄牝,NOUN,C1
mysticism,mysticism,神秘主义,NOUN,B2
mythical,mythical,神话般的,ADJ,B2
mythicality,mythicality,神话性,NOUN,C1
mythologization,mythologization,神话化,NOUN,C1
máquina pesada,heavy machine,重机,NOUN,B2
más,more,更多,ADJ,B2
más,most,大多数,ADJ,B2
más allá,beyond,在...之外,ADP,B2
máster,master's degree,硕士学位,NOUN,B2
máxima,maxim,格言,NOUN,B2
médico,medical,医疗的,ADJ,B2
médico,physician,内科医生,NOUN,B2
mí,myself,我自,NOUN,B2
móvil,mobile,移动的,ADJ,B2
música,music,音乐,NOUN,B2
música pop,pop music,流行音乐,NOUN,B2
músico,musician,音乐家,NOUN,B2
nacherziehung,nacherziehung,词,NOUN,C1
nachfahrt,nachfahrt,词,NOUN,C1
nachfassung,nachfassung,词,NOUN,B2
nachforderung,nachforderung,词,NOUN,C1
nachgabe,nachgabe,词,NOUN,C1
nachgestaltung,nachgestaltung,词,NOUN,C1
nachkunft,nachkunft,词,NOUN,C1
nachnahme,nachnahme,词,NOUN,C1
nachpflegung,nachpflegung,词,NOUN,C1
nachregelung,nachregelung,词,NOUN,C1
nachrichtung,nachrichtung,词,NOUN,B2
nachschaft,nachschaft,词,NOUN,B2
nachschrift,nachschrift,词,NOUN,C1
nachsetzung,nachsetzung,词,NOUN,C1
nachsicht,nachsicht,词,NOUN,C1
nachsinnung,nachsinnung,词,NOUN,B2
nachsprache,nachsprache,词,NOUN,C1
nachsucht,nachsucht,词,NOUN,B2
nachsuchung,nachsuchung,词,NOUN,B2
nachteilung,nachteilung,词,NOUN,C1
nachtheilung,nachtheilung,词,NOUN,B2
nachtreibung,nachtreibung,词,NOUN,C1
nachwandel,nachwandel,词,NOUN,B2
nachweisung,nachweisung,词,NOUN,B2
nachwirkung,nachwirkung,词,NOUN,B2
nacimiento,birth,出生,NOUN,B2
nacionalismo,nationalism,民族主义,NOUN,B2
nacionalización,nationalization,国有化,NOUN,B2
nacionalizar,to nationalize,国有化,VERB,B2
nación poderosa,powerful nation,强国,NOUN,B2
nadir,nadir,最低点,NOUN,B2
nah,nah,不,INTJ,B2
nahbildung,nahbildung,词,NOUN,C1
naherziehung,naherziehung,词,NOUN,B2
nahfahrt,nahfahrt,词,NOUN,B2
nahfassung,nahfassung,词,NOUN,B2
nahforderung,nahforderung,词,NOUN,C1
nahgabe,nahgabe,词,NOUN,C1
nahgestaltung,nahgestaltung,词,NOUN,C1
nahkunft,nahkunft,词,NOUN,C1
nahleitung,nahleitung,词,NOUN,C1
nahmessung,nahmessung,词,NOUN,C1
nahnahme,nahnahme,词,NOUN,C1
nahordnung,nahordnung,词,NOUN,C1
nahpflegung,nahpflegung,词,NOUN,C1
nahrechnung,nahrechnung,词,NOUN,C1
nahregelung,nahregelung,词,NOUN,C1
nahrichtung,nahrichtung,词,NOUN,C1
nahschaft,nahschaft,词,NOUN,C1
nahschrift,nahschrift,词,NOUN,C1
nahsetzung,nahsetzung,词,NOUN,C1
nahsicht,nahsicht,词,NOUN,C1
nahsinnung,nahsinnung,词,NOUN,C1
nahsprache,nahsprache,词,NOUN,C1
nahstellung,nahstellung,词,NOUN,C1
nahsucht,nahsucht,词,NOUN,C1
nahsuchung,nahsuchung,词,NOUN,C1
nahteilung,nahteilung,词,NOUN,C1
nahtheilung,nahtheilung,词,NOUN,C1
nahtreibung,nahtreibung,词,NOUN,C1
nahwandel,nahwandel,词,NOUN,C1
nahwandlung,nahwandlung,词,NOUN,C1
nahweisung,nahweisung,词,NOUN,C1
nahwendung,nahwendung,词,NOUN,C1
nahwirkung,nahwirkung,词,NOUN,C1
nalgas,buttocks,屁股,NOUN,B2
name-calling,name-calling,词,NOUN,C1
nameable,nameable,可命名的,ADJ,B2
named,named,词,ADP,C1
nanotecnología,nanotechnology,纳米技术,NOUN,B2
narcisismo,narcissism,自恋,NOUN,B2
narcissistic,narcissistic,自恋的,ADJ,B2
narcotics,narcotics,词,NOUN,C1
narrador,narrator,叙述者,NOUN,B2
narrar,to narrate,叙述,VERB,B2
narrated,narrated,词,ADJ,C1
narration,narration,词,NOUN,B2
narrativa,narrative,叙述；故事,NOUN,B2
narrative (adj),narrative,词,ADJ,C1
narratives,narratives,词,NOUN,C1
narrativity,narrativity,词,NOUN,C1
narrators,narrators,词,NOUN,C1
narrow-minded,narrow-minded,狭隘的,ADJ,B2
nascent,nascent,词,ADJ,C1
national anthem,national anthem,国歌,NOUN,B2
national character,national character,民族性,NOUN,C1
national citizen,national citizen,词,NOUN,C1
national coach,national coach,国家队教练,NOUN,B2
national currency,national currency,国币,NOUN,C1
national debt,national debt,国债,NOUN,C1
national defense,national defense,国防,NOUN,B2
national highway,national highway,国道,NOUN,B2
national record,national record,全国纪录,NOUN,B2
national team,national team,词,NOUN,B1
nationalist,nationalist,民族主义者,NOUN,B2
nationwide,nationwide,全国,NOUN,B2
native (noun),native,词,NOUN,C1
native american,native american,印第安人,NOUN,B2
natives inhabitants,natives inhabitants,当地人,NOUN,C1
natural,natural,自然的,ADJ,B2
natural gas,natural gas,天然气,NOUN,B2
natural law,natural law,自然法则,NOUN,C1
naturalism,naturalism,词,NOUN,C1
naturalization,naturalization,入籍,NOUN,B2
naturally,naturally,自然地,ADV,B2
nauseous,nauseous,恶心的,ADJ,B2
nauseous disgusting,nauseous disgusting,恶心,ADJ,B2
nautical,nautical,词,ADJ,C1
navaja,razor,剃刀,NOUN,B2
naval,naval,词,ADJ,C1
nave espacial,spaceship,宇宙飞船,NOUN,B2
navegación,navigation,导航；航行,NOUN,B2
navegación,sailing,航行,NOUN,B2
navegador,browser,浏览器,NOUN,B2
navegar,to sail,航行,VERB,B2
navel,navel,肚脐,NOUN,B2
navigational,navigational,词,ADJ,C1
nazi,nazi,纳粹分子,NOUN,B2
near,near,在附近,ADP,B2
near-dry,near-dry,近干,NOUN,B2
nearby,nearby,附近,NOUN,B2
nearest,nearest,最近的,ADJ,B2
nearest (noun),nearest,词,NOUN,B2
nearness,nearness,词,NOUN,B2
neatly,neatly,整洁地,ADV,B2
nebulosa,nebula,星云,NOUN,B2
nebulous,nebulous,词,ADJ,C1
necesariamente,necessarily,必然地,ADV,B2
necesidad,necessity,必要性；必需品,NOUN,B2
necesitar,need,需要,AUX,B2
necessarily incumbent,necessarily incumbent,词,ADV,C1
necklace chain,necklace chain,词,NOUN,A1
necrosis,necrosis,词,NOUN,C1
nectar,nectar,词,NOUN,C1
need not (adv),need not,不必,ADV,B1
need not (aux),need not,无须,AUX,C1
needlessly,needlessly,词,ADV,C1
nefarious,nefarious,词,ADJ,C1
negación,negation,否定,NOUN,B2
negar,to negate,否定,VERB,B2
negativity,negativity,消极,NOUN,B2
negativo,negative,负面的,ADJ,B2
neglect (noun),neglect,词,NOUN,C1
negligente,negligent,疏忽的,ADJ,B2
negociaciones,negotiations,谈判,NOUN,B2
negociación,negotiation,谈判；协商,NOUN,B2
negotiator,negotiator,词,NOUN,C1
neigh (noun),neigh,词,NOUN,C1
neighbor female,neighbor female,词,NOUN,B2
neighborhood head,neighborhood head,里长,NOUN,B2
neighbors,neighbors,词,NOUN,B1
neighbour,neighbour,邻居,NOUN,B2
neighbourhood,neighbourhood,社区,NOUN,B2
neither (det),neither,词,DET,A2
neither nor,neither nor,词,CCONJ,A2
nemesis,nemesis,词,NOUN,C1
neologism,neologism,词,NOUN,C1
neonatal,neonatal,新生儿的,ADJ,B2
nephews,nephews,子侄,NOUN,B2
nepotism,nepotism,词,NOUN,B2
nerd,nerd,书呆子,NOUN,B2
nerve impulse,nerve impulse,词,NOUN,C1
nerve pain,nerve pain,神经痛,NOUN,C1
nerviosismo,nervousness,紧张,NOUN,B2
nest,nest,巢,NOUN,B2
nesting box,nesting box,词,NOUN,B1
nettle,nettle,词,NOUN,C1
network card,network card,网卡,NOUN,B2
networked,networked,联网的,ADJ,C1
networking,networking,词,NOUN,C1
neural,neural,词,ADJ,C1
neuralgia,neuralgia,词,NOUN,C1
neurasthenia,neurasthenia,词,NOUN,C1
neurological,neurological,词,ADJ,C1
neuron,neuron,神经元,NOUN,B2
neuroscience,neuroscience,词,NOUN,C1
neurosis,neurosis,神经症,NOUN,B2
neuroticism,neuroticism,词,NOUN,C1
neutral,neutral,中立的,ADJ,B2
neutrality,neutrality,中立,NOUN,B2
neutron,neutron,词,NOUN,C1
nevertheless,nevertheless,尽管如此,ADV,B2
new beginning,new beginning,词,NOUN,C1
new construction,new construction,新建建筑,NOUN,B2
new development,new development,词,NOUN,C1
new moon,new moon,新月,NOUN,B2
new year's day,new year's day,元旦,NOUN,B2
newcomer,newcomer,新来者,NOUN,B2
newly,newly,词,ADV,C1
newly acquired,newly acquired,词,ADJ,C1
newly introduced,newly introduced,词,ADJ,C1
news bulletin,news bulletin,词,NOUN,B2
news report,news report,词,NOUN,B1
news reporting,news reporting,新闻报道,NOUN,B2
newsletter,newsletter,简报,NOUN,B2
next,next,接下来,ADV,B2
next day,next day,词,NOUN,A2
next door,next door,隔壁,NOUN,B2
next door (adv),next door,在隔壁,ADV,B2
next following,next following,词,ADJ,C1
next meeting,next meeting,下回遇,NOUN,B2
next time,next time,下次,NOUN,B2
next to,next to,在...旁边,ADP,B2
next to (adv),next to,词,ADV,B2
next week,next week,下周,NOUN,B2
ney,ney,词,NOUN,B2
ni,neither,也不,CCONJ,B2
nibble,to nibble,啃,VERB,B2
nice to meet you,nice to meet you,幸会,INTJ,C1
nicely nice,nicely nice,美好地,ADV,B2
niceness,niceness,,NOUN,B2
nickel,nickel,镍,NOUN,B2
niebla,fog,雾,NOUN,B2
nieta,granddaughter,孙女,NOUN,B2
nieto,grandchild,孙辈,NOUN,B2
nigella seeds,nigella seeds,词,NOUN,B2
night school,night school,夜校,NOUN,C1
night view,night view,夜景,NOUN,B2
nightclub,nightclub,夜总会,NOUN,B2
nightingale,nightingale,夜莺,NOUN,B2
nihilism,nihilism,虚无主义,NOUN,B2
nihilistic,nihilistic,词,ADJ,C1
nimble,nimble,敏捷的,ADJ,B2
nine (noun),nine,词,NOUN,B2
nine schools,nine schools,九流,NOUN,C1
nineteen,nineteen,十九,NUM,B2
ninety,ninety,九十,NUM,B2
ninguno,none,没有一个,DET,B2
ninth,ninth,第九,ADJ,B2
ninth (noun),ninth,词,NOUN,B2
nirvana,nirvana,元寂,NOUN,C1
nitrogen,nitrogen,氮,NOUN,B2
niñera,nanny,保姆,NOUN,B2
niño,child,儿童,NOUN,B2
no,not,不,ADV,B2
no,no,毫无,DET,B2
no,nope,不,INTJ,B2
no (det),no,毫无,DET,A2
no (intj),no,词,INTJ,A1
no (part),no,词,PART,B2
no attachment,no attachment,无牵,NOUN,C1
no bastar,won't do,不行,ADJ,B2
no bastar,to won't do,不成,VERB,B2
no benefit,no benefit,无一利,NOUN,B2
no burial place,no burial place,无葬身,NOUN,C1
no creer,to can't believe,不敢相信,VERB,B2
no deber,should not,不该,AUX,B2
no despreciable,negligible not,不可忽视,ADJ,B2
no específico,non-specific,非殊,NOUN,B2
no estado,non-state,非态,NOUN,B2
no estrategia,non-strategy,非略,NOUN,B2
no gestión,non-management,管不,NOUN,B2
no guerra,non-war,非战,NOUN,B2
no harm,no harm,没事吧,NOUN,B2
no heaven,no heaven,无天,NOUN,C1
no inducción,non-induction,非归,NOUN,B2
no inferencia,non-inference,非推,NOUN,B2
no longer,no longer,不再,ADV,B2
no matter,no matter,不论,CCONJ,B2
no matter (adj),no matter,词,ADJ,C1
no matter (sconj),no matter,不拘,SCONJ,B2
no matter what,no matter what,无论,ADV,B2
no mente,non-mind,非心,NOUN,B2
no modelo,non-model,非模,NOUN,B2
no mérito,non-merit,非功,NOUN,B2
no need,no need,不用,AUX,B2
no nivel,non-level,非级,NOUN,B2
no not,no not,不,ADV,B2
no not any,no not any,没有,DET,B2
no one (noun),no one,谁都不,NOUN,C1
no one (pron),no one,词,PRON,A1
no orden,non-order,非序,NOUN,B2
no parking zone,no parking zone,禁停区,NOUN,C1
no pensamiento,non-thought,非念,NOUN,B2
no permitido,not allowed,不准,ADJ,B2
no permitir,not allow,不许,AUX,B2
no poder,cannot,不能,AUX,B2
no poder evitar,can't help,不由得,ADV,B2
no poder evitar,to cannot help,忍不住,VERB,B2
no rastro,non-trace,非迹,NOUN,B2
no sea que,lest,唯恐,SCONJ,B2
no solo,not only,不光,CCONJ,B2
no sombra,non-shadow,非影,NOUN,B2
no sonido,non-sound,非响,NOUN,B2
no soportar,to cannot bear,不堪,VERB,B2
no sustancia,non-substance,非质,NOUN,B2
no tener,to not have,没,VERB,B2
no tratar,to not about,不关,VERB,B2
no venir,to not come,不来,VERB,B2
no wonder,no wonder,难怪,ADV,B2
no worry,no worry,无挂,NOUN,C1
no órbita,non-orbit,非轨,NOUN,B2
nobility of character,nobility of character,词,NOUN,C1
noble,noble,高尚的,ADJ,B2
noble qualities,noble qualities,词,NOUN,C1
noble trait,noble trait,词,NOUN,C1
noción,smattering,少量,NOUN,B2
nocturnal,nocturnal,夜间的,ADJ,B2
nod,to nod,点头,VERB,B2
node,node,词,NOUN,C1
noise nuisance,noise nuisance,噪音扰民,NOUN,B2
noise row,noise row,词,NOUN,C1
noises,noises,噪音,NOUN,B2
noisome,noisome,词,ADJ,C1
noisy,noisy,吵闹的,ADJ,B2
nomadism,nomadism,游牧生活,NOUN,B2
nomads,nomads,词,NOUN,B2
nombre,first name,名字,NOUN,B2
nombre completo,full name,大名,NOUN,B2
nominal,nominal,词,ADJ,C1
nominate,to nominate,提名,VERB,B2
nomination,nomination,提名,NOUN,B2
nominee,nominee,词,NOUN,C1
non-ability,non-ability,非能,NOUN,B2
non-above,non-above,非上,NOUN,C1
non-abstraction,non-abstraction,非抽,NOUN,B2
non-acceptance,non-acceptance,非纳,NOUN,C1
non-action,non-action,非作,NOUN,B2
non-analysis,non-analysis,非分,NOUN,C1
non-argument,non-argument,非辩,NOUN,B2
non-art,non-art,非艺,NOUN,C1
non-assistance,non-assistance,勿助,NOUN,B2
non-belief,non-belief,非信,NOUN,B2
non-body,non-body,非体,NOUN,C1
non-but,non-but,非而,NOUN,C1
non-cause,non-cause,非因,NOUN,C1
non-class,non-class,非类,NOUN,C1
non-concept,non-concept,非概,NOUN,B2
non-concrete,non-concrete,非具,NOUN,C1
non-construction,non-construction,非建,NOUN,B2
non-contingent,non-contingent,非偶,NOUN,B2
non-criterion,non-criterion,非准,NOUN,C1
non-decision,non-decision,非断,NOUN,C1
non-deduction,non-deduction,非演,NOUN,C1
non-direction,non-direction,非方,NOUN,C1
non-domain,non-domain,非畴,NOUN,B2
non-edit,non-edit,非辑,NOUN,C1
non-effect,non-effect,非效,NOUN,B2
non-essential,non-essential,非本,NOUN,B2
non-evidence,non-evidence,非据,NOUN,B2
non-form,non-form,非式,NOUN,B2
non-general,non-general,非般,NOUN,B2
non-goal,non-goal,非目,NOUN,C1
non-growth,non-growth,勿长,NOUN,C1
non-image,non-image,非象,NOUN,C1
non-institution,non-institution,非制,NOUN,B2
non-intent,non-intent,非意,NOUN,C1
non-internal,non-internal,非内,NOUN,C1
non-iron,non-iron,免烫,ADJ,B2
non-judgment,non-judgment,非判,NOUN,C1
non-knot,non-knot,非结,NOUN,B2
non-layer,non-layer,非层,NOUN,C1
non-limit,non-limit,非限,NOUN,C1
non-logic,non-logic,非逻,NOUN,C1
non-machine,non-machine,非机,NOUN,B2
non-measure,non-measure,非度,NOUN,C1
non-momentum,non-momentum,非势,NOUN,C1
non-nature,non-nature,非性,NOUN,B2
non-necessary,non-necessary,非必,NOUN,B2
non-number,non-number,非数,NOUN,B2
non-object,non-object,非客,NOUN,C1
non-observation,non-observation,非察,NOUN,B2
non-orientation,non-orientation,非向,NOUN,C1
non-origin,non-origin,非原,NOUN,B2
non-paradigm,non-paradigm,非范,NOUN,C1
non-path,non-path,非径,NOUN,C1
non-perception,non-perception,非想,NOUN,C1
non-possible,non-possible,非可,NOUN,B2
non-present,non-present,非现,NOUN,C1
non-price,non-price,非价,NOUN,C1
non-principle,non-principle,非则,NOUN,C1
non-process,non-process,非程,NOUN,C1
non-profit,non-profit,非营利性,ADJ,C1
non-purpose,non-purpose,非的,NOUN,C1
non-quantity,non-quantity,非量,NOUN,C1
non-reality,non-reality,非实,NOUN,B2
non-realm,non-realm,非界,NOUN,C1
non-renewable,non-renewable,不可再生,ADJ,C1
non-result,non-result,非果,NOUN,C1
non-righteousness,non-righteousness,非义,NOUN,B2
non-road,non-road,非路,NOUN,C1
non-route,non-route,非途,NOUN,C1
non-segment,non-segment,非段,NOUN,C1
non-shape,non-shape,非形,NOUN,C1
non-skill,non-skill,非技,NOUN,B2
non-slip,non-slip,防滑,ADJ,C1
non-so,non-so,非然,NOUN,B2
non-sole,non-sole,非唯,NOUN,B2
non-stage,non-stage,非阶,NOUN,C1
non-standard,non-standard,非标,NOUN,B2
non-step,non-step,非步,NOUN,B2
non-stop,non-stop,不停,ADJ,B2
non-structure,non-structure,非构,NOUN,C1
non-subject,non-subject,非主,NOUN,B2
non-sudden,non-sudden,非骤,NOUN,B2
non-surface,non-surface,非面,NOUN,C1
non-synthesis,non-synthesis,非合,NOUN,C1
non-system,non-system,非系,NOUN,C1
non-technique,non-technique,非术,NOUN,B2
non-theory,non-theory,非论,NOUN,B2
non-thing,non-thing,非物,NOUN,B2
non-tolerance,non-tolerance,非容,NOUN,C1
non-type,non-type,非型,NOUN,B2
non-universal,non-universal,非一,NOUN,C1
non-use,non-use,非用,NOUN,C1
non-value,non-value,非值,NOUN,C1
non-view,non-view,非观,NOUN,B2
non-work,non-work,非工,NOUN,B2
nonchalant,nonchalant,词,ADJ,C1
none (det),none,毫无,DET,B2
nonlinear,nonlinear,词,ADJ,C1
nonmetal,nonmetal,词,NOUN,C1
nonprofit,nonprofit,非营利的,ADJ,B2
nonviolence,nonviolence,非暴力,NOUN,B2
noodle,noodle,面条,NOUN,B2
noodles,noodles,面条,NOUN,A1
norma,norm,规范,NOUN,B2
normal,normal,正常的,ADJ,B2
normal ordinary,normal ordinary,词,ADJ,A2
normalization,normalization,词,NOUN,C1
normalmente,normally,通常地,ADV,B2
normalmente,usually,通常,ADV,B2
normativity,normativity,词,NOUN,C1
northeast,northeast,词,NOUN,C1
northward,northward,向北,ADV,B2
norwegian,norwegian,挪威的,ADJ,B2
nosology,nosology,词,NOUN,C1
nosotros,us,你我,NOUN,B2
nostalgia,nostalgia,怀旧,NOUN,B2
nostalgic,nostalgic,词,ADJ,C1
nostril,nostril,词,NOUN,C1
not,not,不,PART,B2
not afraid,not afraid,不怕,VERB,B2
not as good as,not as good as,不如,VERB,B1
not at all,not at all,词,ADV,C1
not bad,not bad,不错,ADJ,B2
not care,not care,词,VERB,C1
not catch up,not catch up,非赶,NOUN,B2
not count,not count,不算,VERB,B2
not enough,not enough,不够,ADJ,B2
not far,not far,不远,ADJ,B2
not go,not go,不去,VERB,B2
not good,not good,不好,ADJ,B2
not hard,not hard,不难,ADV,B2
not intentional,not intentional,不是故意,ADJ,B2
not necessarily,not necessarily,不见得,ADV,B2
not only (adv),not only,不仅,ADV,A1
not say,not say,不说,VERB,B2
not stint,not stint,不惜,VERB,B2
not subject to limitation,not subject to limitation,不受时效限制的,ADJ,B2
not to have,not to have,无,VERB,A2
not very,not very,不太,ADV,B2
not very good,not very good,不太好,ADJ,B2
not yet,not yet,未,ADV,B2
notables,notables,词,NOUN,B2
notably,notably,显著地,ADV,B2
notario,notary,公证人,NOUN,B2
notarización,notarization,公证,NOUN,B2
notarized,notarized,经公证的,ADJ,B2
notch,notch,刻痕,NOUN,B2
note mark,note mark,词,NOUN,A2
note patch,note patch,词,NOUN,C1
notepad,notepad,记事本,NOUN,B2
noteworthy,noteworthy,词,ADJ,C1
nothing but,nothing but,无非,NOUN,C1
nothingness,nothingness,词,NOUN,C1
nothingness nonexistence,nothingness nonexistence,词,NOUN,C1
notificación,notification,通知,NOUN,B2
notifications,notifications,词,NOUN,C1
notion,notion,词,NOUN,B2
notoriously,notoriously,词,ADV,C1
notwithstanding,notwithstanding,词,ADP,C1
nourishment,nourishment,营养,NOUN,B2
novelístico,novelistic,小说般的,ADJ,B2
novia,bride,新娘,NOUN,B2
novio,fiance,未婚夫,NOUN,B2
novio,groom,新郎,NOUN,B2
now,now,此刻,NOUN,B2
noxious,noxious,词,ADJ,C1
noúmeno,noumenon,本体,NOUN,B2
nuance,nuance,细微差别,NOUN,B2
nublado,cloudy,阴沉的,ADJ,B2
nublado,overcast,阴天的,ADJ,B2
nuclear,nuclear,核的,ADJ,B2
nuclear (noun),nuclear,词,NOUN,B2
nuclear energy,nuclear energy,核能,NOUN,B2
nuclear power,nuclear power,核能,NOUN,B2
nuclear war,nuclear war,核战争,NOUN,B2
nuclear weapon,nuclear weapon,核武器,NOUN,B2
nucleic acid test,nucleic acid test,核酸检测,NOUN,C1
nucleus,nucleus,词,NOUN,B2
nudo,knot,结,NOUN,B2
nudo fuerte,heavy knot,重结,NOUN,B2
nueva brusquedad,re-abruptness,再骤,NOUN,B2
nueva estratificación,re-layering,改层,NOUN,B2
nueva evidencia,re-evidence,重据,NOUN,B2
nueva fruta,re-fruit,再果,NOUN,B2
nuevo curso,re-course,重途,NOUN,B2
nuevo interior,re-inner,再内,NOUN,B2
nuevo límite,re-boundary,重界,NOUN,B2
nuez,nut,坚果,NOUN,B2
nugget,nugget,词,NOUN,C1
nulidad,nullity,无效；无能,NOUN,B2
null and void,null and void,无效的,ADJ,C1
nullify,nullify,词,VERB,C1
numb powder,numb powder,五麻散,NOUN,B2
number date,number date,号,NOUN,B2
number of people,number of people,人数,NOUN,B2
number one,number one,第一名,NOUN,B2
numbering,numbering,词,NOUN,C1
numeral,numeral,词,NOUN,C1
numerical,numerical,词,ADJ,C1
numismatic,numismatic,钱币学的,ADJ,B2
nunation,nunation,词,NOUN,C1
nursing home,nursing home,养老院,NOUN,C1
nutrición,nutrition,营养,NOUN,B2
nutritional,nutritional,词,ADJ,C1
nuts,nuts,疯狂的,ADJ,B2
nylon,nylon,尼龙,NOUN,C1
náusea,nausea,恶心,NOUN,B2
núcleo,core,核心,NOUN,B2
número dos,number two,二号,NOUN,B2
o,o,词,PART,B1
o'clock (adv),o'clock,词,ADV,B2
o'clock (noun),o'clock,点,NOUN,B2
oak,oak,词,NOUN,B1
oasis,oasis,绿洲,NOUN,B2
oath of allegiance,oath of allegiance,词,NOUN,C1
oats,oats,燕麦,NOUN,C1
obdurate,obdurate,词,ADJ,C1
obediencia,obedience,服从,NOUN,B2
obediente,obedient,顺从的,ADJ,B2
obelisk,obelisk,词,NOUN,C1
oberbildung,oberbildung,词,NOUN,B2
obererziehung,obererziehung,词,NOUN,B2
oberfahrt,oberfahrt,词,NOUN,C1
oberfassung,oberfassung,词,NOUN,C1
oberforderung,oberforderung,词,NOUN,C1
obergabe,obergabe,词,NOUN,C1
obergestaltung,obergestaltung,词,NOUN,C1
oberkunft,oberkunft,词,NOUN,C1
oberleitung,oberleitung,词,NOUN,B2
obermessung,obermessung,词,NOUN,C1
obernahme,obernahme,词,NOUN,C1
oberordnung,oberordnung,词,NOUN,C1
oberpflegung,oberpflegung,词,NOUN,C1
oberrechnung,oberrechnung,词,NOUN,C1
oberregelung,oberregelung,词,NOUN,C1
oberrichtung,oberrichtung,词,NOUN,C1
oberschaft,oberschaft,词,NOUN,C1
oberschrift,oberschrift,词,NOUN,C1
obersetzung,obersetzung,词,NOUN,C1
obersicht,obersicht,词,NOUN,C1
obersinnung,obersinnung,词,NOUN,C1
obersprache,obersprache,词,NOUN,C1
oberstellung,oberstellung,词,NOUN,C1
obersucht,obersucht,词,NOUN,C1
obersuchung,obersuchung,词,NOUN,B2
oberteilung,oberteilung,词,NOUN,C1
obertheilung,obertheilung,词,NOUN,C1
obertreibung,obertreibung,词,NOUN,C1
oberwandel,oberwandel,词,NOUN,C1
oberwandlung,oberwandlung,词,NOUN,B2
oberweisung,oberweisung,词,NOUN,C1
oberwendung,oberwendung,词,NOUN,C1
oberwirkung,oberwirkung,词,NOUN,C1
obese,obese,肥胖的,ADJ,B2
obesidad,obesity,肥胖,NOUN,B2
obey orders,obey orders,听命,VERB,C1
obfuscate,obfuscate,词,VERB,C1
obispo,bishop,主教,NOUN,B2
objeción,objection,异议,NOUN,B2
object marker,object marker,把,ADP,A1
objective (adj),objective,客观,ADJ,B2
objective goal,objective goal,词,NOUN,A2
objectively,objectively,词,ADV,C1
objectivism,objectivism,词,NOUN,C1
objetividad,objectivity,客观性,NOUN,B2
objetivo,objective,客观的,ADJ,B2
obligación,have to,还得,NOUN,B2
obligación,obligation,义务,NOUN,B2
obligatorio,mandatory,强制的,ADJ,B2
obliged,obliged,被迫的,ADJ,B2
oblique weird,oblique weird,倾斜的 / 古怪的,ADJ,B2
obliterate,obliterate,词,VERB,C1
obliteration,obliteration,词,NOUN,C1
oblivion,oblivion,词,NOUN,C1
oblivious,oblivious,词,ADJ,C1
obra de teatro,stage play,舞台剧,NOUN,B2
obra maestra,masterpiece,杰作,NOUN,B2
obscenity,obscenity,词,NOUN,C1
obsceno,obscene,淫秽的,ADJ,B2
obscurantismo,obscurantism,蒙昧主义,NOUN,B2
obscurantist,obscurantist,词,ADJ,C1
obscure (adj),obscure,词,ADJ,C1
obsequious,obsequious,词,ADJ,C1
obsequiously,obsequiously,谄媚地,ADV,B2
obsequiousness,obsequiousness,谄媚,NOUN,B2
observable,observable,可观测的,ADJ,B2
observación,observation,观察,NOUN,B2
observador,observer,观察者,NOUN,B2
observation skill,observation skill,,NOUN,B2
observational,observational,词,ADJ,C1
observatorio,observatory,天文台,NOUN,B2
observers,observers,词,NOUN,C1
obsesionado,obsessed,着迷的,ADJ,B2
obsesión,obsession,痴迷,NOUN,B2
obsess,obsess,词,VERB,B2
obsession with youth,obsession with youth,词,NOUN,C1
obstacle hindrance,obstacle hindrance,词,NOUN,C1
obstetrics,obstetrics,产科学,NOUN,B2
obstinacy,obstinacy,顽固,NOUN,C1
obstinately,obstinately,词,ADV,C1
obstreperous,obstreperous,词,ADJ,C1
obstrucción,obstruction,阻塞,NOUN,B2
obstruir,to obstruct,阻碍,VERB,B2
obtaining,obtaining,获得,NOUN,B2
obtaining governance,obtaining governance,得治道,NOUN,C1
obtrusive,obtrusive,词,ADJ,C1
obtuse,obtuse,词,ADJ,C1
obviate,obviate,词,VERB,C1
obvious at a glance,obvious at a glance,一目了然,ADJ,B2
obviously,obviously,显然,ADV,B2
occasionally,occasionally,偶尔,ADV,B2
occult,occult,神秘的,ADJ,B2
occultism,occultism,神秘学,NOUN,B2
occupational pension,occupational pension,职业养老金,NOUN,B2
occupied,occupied,被占用的,ADJ,B2
occupying strategic point,occupying strategic point,踞险,NOUN,C1
occurrence,occurrence,发生,NOUN,B2
ocioso,idle,懒惰的,ADJ,B2
octave,octave,词,NOUN,C1
october,october,十月,NOUN,B2
octopus,octopus,词,NOUN,B2
ocular,ocular,词,ADJ,C1
ocultamiento,hiding,ٱختباء,NOUN,B2
ocultarse,to hide oneself,躲藏,VERB,B2
oddball,oddball,怪人,NOUN,B2
oddly,oddly,词,ADV,B2
odds,odds,赔率,NOUN,B2
odio,hatred,仇恨,NOUN,B2
odious,odious,词,ADJ,C1
odometer,odometer,里程表,NOUN,C1
odor,odor,词,NOUN,C1
odorlessness,odorlessness,词,NOUN,C1
of,of,之,PART,B2
of a woman to marry,of a woman to marry,嫁,VERB,B1
of all things,of all things,偏偏,ADV,B2
of by,of by,的/被,ADP,B2
of course,of course,理所当然的,ADJ,B2
of course (adv),of course,当然,ADV,B2
of course (intj),of course,词,INTJ,C1
of first instance,of first instance,词,ADJ,C1
of it,of it,其中,ADV,B2
of old,of old,词,ADV,C1
of this,of this,词,ADV,B1
of utrecht,of utrecht,乌得勒支的,ADJ,B2
of which,of which,关于哪个,PRON,B2
off,off,关,ADP,B2
off (adv),off,词,ADV,B2
off-road vehicle,off-road vehicle,越野车,NOUN,B2
offcuts,offcuts,词,NOUN,C1
offence,offence,罪行,NOUN,B2
offense,offense,冒犯,NOUN,B2
offensive,offensive,冒犯的,ADJ,B2
offer,offer,报价,NOUN,B2
offering,offering,祭品,NOUN,B2
office work,office work,办公室工作,NOUN,B2
officer,officer,官员,NOUN,B2
official,official,官员,NOUN,B2
official approval,official approval,词,NOUN,C1
official business,official business,公事,NOUN,C1
official report,official report,词,NOUN,B1
official statement,official statement,词,NOUN,B2
officials,officials,官员,NOUN,B2
officious,officious,词,ADJ,C1
offshoring,offshoring,词,NOUN,B2
oficina,bureau,局,NOUN,B2
oficina de correos,post office,邮局,NOUN,B2
oficio,craft,工艺,NOUN,B2
often,often,经常,ADV,B2
oh,oh,哦,INTJ,B2
oh (part),oh,呀,PART,B2
oh I see,oh I see,词,INTJ,A1
oh my,oh my,哎呀,INTJ,B2
oh my god,oh my god,我的天,INTJ,B2
oh really,oh really,真的吗,INTJ,B2
oh well,oh well,算了,INTJ,B2
oil lamp,oil lamp,词,NOUN,C1
oil painting,oil painting,油画,NOUN,C1
oil petroleum,oil petroleum,词,NOUN,C1
oil press,oil press,榨油机,NOUN,B2
oil tanker,oil tanker,词,NOUN,C1
oilfield,oilfield,词,NOUN,C1
ointment,ointment,药膏,NOUN,B2
ojiverde,green-eyed,让碧眼,NOUN,B2
ojo verde,green eye,碧眼,NOUN,B2
ojos verdes,green eyes,想碧眼,NOUN,B2
ok,ok,好的,INTJ,B2
okay,okay,好的,ADJ,B2
okay (noun),okay,好啊,NOUN,C1
ola de calor,heat wave,热浪,NOUN,B2
ola de frío,cold wave,寒潮,NOUN,B2
old (noun),old,夙,NOUN,B1
old age,old age,老年,NOUN,B2
old dog,old dog,蔡老狗,NOUN,C1
old friend,old friend,旧友,NOUN,C1
old grudge,old grudge,旧恨,NOUN,C1
old master,old master,老太爷,NOUN,B2
old minister,old minister,老臣,NOUN,B2
old people,old people,词,ADJ,A1
old person,old person,老人,NOUN,B2
old servant,old servant,老奴,NOUN,B2
old thief,old thief,老贼,NOUN,C1
old woman,old woman,老妇人,NOUN,B2
old-age,old-age,晚年,NOUN,C1
old-fashioned,old-fashioned,老式的,ADJ,B2
older brother,older brother,大哥哥,NOUN,B2
older brother's wife,older brother's wife,嫂子,NOUN,C1
older sister,older sister,姐姐,NOUN,B2
older woman,older woman,老妇人,NOUN,B2
oldest,oldest,词,ADJ,C1
oleada,surge,激增,NOUN,B2
oleander,oleander,词,NOUN,B2
oler,smell,气味,NOUN,B2
oler,to smell,闻,VERB,B2
olfactory,olfactory,词,ADJ,C1
oligarchy,oligarchy,寡头政治,NOUN,B2
oligopoly,oligopoly,寡头垄断,NOUN,B2
olives,olives,词,NOUN,A2
olla,cooking pot,炖锅,NOUN,B2
olla,pot,锅,NOUN,B2
olympic,olympic,奥林匹克的,ADJ,B2
omelet,omelet,欧姆蛋,NOUN,B2
omelette,omelette,煎蛋卷,NOUN,B2
omnipotent,omnipotent,词,ADJ,C1
omnipresent,omnipresent,无所不在的,ADJ,B2
omniscient,omniscient,词,ADJ,C1
on,on,,NOUN,B2
on (adv),on,进行中,ADV,A2
on behalf of,on behalf of,代表,ADP,B2
on board,on board,在船上,ADV,B2
on condition,on condition,词,SCONJ,C1
on head,on head,当头,NOUN,B2
on it,on it,在上面,ADV,B2
on one hand,on one hand,一方面,ADV,B2
on shift,on shift,当班,VERB,C1
on that,on that,词,ADV,B1
on that day,on that day,词,ADV,C1
on the contrary,on the contrary,相反,ADV,B2
on the one hand,on the one hand,一方面,ADV,B2
on the other hand,on the other hand,另一方面,ADV,B2
on the spot,on the spot,当场,ADV,B2
on the way,on the way,在路上,ADV,B2
on this,on this,词,ADV,C1
on time,on time,准时,ADV,B2
on top of,on top of,在...上面,ADP,B2
on upon,on upon,在...上,ADP,B2
on what,on what,在什么上面,ADV,B2
on which,on which,在其上,PRON,B2
once,once,一次,ADV,B2
once (num),once,一次,NUM,B2
once again,once again,再次,ADV,B2
once more,once more,再次,ADV,B2
oncology,oncology,词,NOUN,C1
one,one,人们,PRON,B2
one (adj),one,词,ADJ,A2
one (det),one,词,DET,C1
one (noun),one,one,NOUN,B2
one after another,one after another,接连地,ADV,B2
one and a half,one and a half,一个半,NUM,B2
one book,one book,一本,NUM,B2
one building,one building,一座,NUM,B2
one cup,one cup,一杯,NUM,B2
one day,one day,一天,NUM,B2
one day (adv),one day,总有一天,ADV,C1
one event,one event,一场,NUM,B2
one family,one family,一家,NUM,B2
one flat,one flat,一张,NUM,B2
one handful,one handful,一把,NUM,B2
one head,one head,一头,NUM,B2
one hundred,one hundred,一百,NUM,B2
one impersonal,one impersonal,词,PRON,A2
one long,one long,一条,NUM,B2
one machine,one machine,一架,NUM,B2
one matter,one matter,一事,NOUN,B2
one night,one night,一晚,NUM,B2
one of,one of,之一,NOUN,B2
one person,one person,一人,NOUN,C1
one piece,one piece,一块,NUM,B2
one set,one set,一套,NUM,B2
one shot,one shot,一枪,NUM,B2
one side,one side,一边,NOUN,A1
one step,one step,一步,NUM,B2
one stick,one stick,一支,NUM,B2
one who,one who,者,PART,B1
one year,one year,一年,NUM,B2
one you,one you,人们,PRON,B2
one's heart's content,one's heart's content,尽情,ADV,B2
one's thoughts,one's thoughts,心眼儿,NOUN,C1
one-sided,one-sided,单方面的,ADJ,B2
one-sidedness,one-sidedness,片面性,NOUN,B2
one-upmanship,one-upmanship,词,NOUN,C1
one-way,one-way,单向的,ADJ,B2
one-way street,one-way street,单行道,NOUN,C1
one-way traffic,one-way traffic,单向通行,NOUN,B2
onerous,onerous,词,ADJ,C1
oneself,oneself,自己,PRON,B2
oneself (adv),oneself,词,ADV,A1
oneself reflexive,oneself reflexive,词,PRON,A2
ongoing,ongoing,进行中的,ADJ,B2
ongoing (noun),ongoing,词,NOUN,B2
online,online,词,ADJ,B1
online dating profile,online dating profile,,NOUN,B2
online store,online store,词,NOUN,C1
only,only,唯一的,ADJ,B2
only (adv),only,仅,ADV,A1
only (det),only,词,DET,B2
only (sconj),only,而已,SCONJ,B2
only bringing,only bringing,只带,NOUN,C1
only just,only just,才,ADV,B2
only son,only son,独子,NOUN,C1
only then,only then,才,ADV,B2
only-me,only-me,只我,NOUN,B2
onomatopoeia,onomatopoeia,拟声词,NOUN,B2
ontology,ontology,本体论,NOUN,B2
oops,oops,词,INTJ,C1
oozing,oozing,词,NOUN,B2
opacity,opacity,不透明性,NOUN,B2
opaque,opaque,词,ADJ,C1
open,open,开着的,ADJ,B2
open (adv),open,开放地,ADV,B2
open account,open account,开户,VERB,C1
open class,open class,公开课,NOUN,B2
open fire,open fire,开火,VERB,C1
open theft,open theft,明拿,NOUN,B2
open tournament,open tournament,公开赛,NOUN,B2
open up,open up,开拓,VERB,B2
open-minded,open-minded,思想开明的,ADJ,B2
open-mindedness,open-mindedness,词,NOUN,C1
opening ceremony,opening ceremony,开幕仪式,NOUN,B2
openly,openly,公开地,ADV,B2
openness,openness,开放,NOUN,B2
opera,opera,歌剧,NOUN,B2
operating room,operating room,手术室,NOUN,C1
operating system,operating system,操作系统,NOUN,C1
operation business,operation business,词,NOUN,B2
operation room,operation room,操作室,NOUN,C1
operational,operational,词,ADJ,C1
operationalization,operationalization,词,NOUN,B2
operative part,operative part,词,NOUN,C1
operator,operator,经营者,NOUN,B2
operetta,operetta,词,NOUN,C1
opium den,opium den,词,NOUN,B2
oportunista,seeking instant benefit,急功近利,ADJ,B2
opportune,opportune,词,ADJ,C1
opportunism,opportunism,词,NOUN,C1
opportunist,opportunist,词,NOUN,C1
opportunistic,opportunistic,词,ADJ,B2
opportunity used,opportunity used,机会,NOUN,B2
opposing,opposing,词,ADJ,C1
opposite,opposite,对立面,NOUN,B2
opposite (adp),opposite,对面,ADP,B2
opposite side,opposite side,对面,NOUN,A2
opposite-side,opposite-side,反方,NOUN,C1
oppress,to oppress,压迫,VERB,B2
oppressed,oppressed,词,ADJ,B1
oppression,oppression,压迫,NOUN,B2
oppressive,oppressive,压迫的,ADJ,B2
oppressive weight,oppressive weight,词,NOUN,C1
opprobrium,opprobrium,词,NOUN,C1
opt,opt,词,VERB,C1
optical,optical,光学的,ADJ,B2
optical illusion,optical illusion,词,NOUN,C1
optician,optician,词,NOUN,C1
optics,optics,光学,NOUN,B2
optics perspective,optics perspective,词,NOUN,C1
optimal,optimal,最佳的,ADJ,B2
optimism,optimism,乐观,NOUN,B2
optimization,optimization,优化,NOUN,B2
optimize,to optimize,优化,VERB,B2
optimum,optimum,词,NOUN,C1
options,options,期权,NOUN,B2
opulence,opulence,词,NOUN,C1
or (noun),or,或是,NOUN,B2
or (part),or,或,PART,C1
or rather,or rather,或者,ADV,B2
or something,or something,词,ADV,C1
oracular,oracular,词,ADJ,C1
orador,speaker,发言人,NOUN,B2
oral,oral,口头的,ADJ,B2
oral cavity,oral cavity,口腔,NOUN,B2
oral decree,oral decree,口谕,NOUN,B2
oral narratives,oral narratives,词,NOUN,C1
oral transmission,oral transmission,词,NOUN,C1
orality,orality,词,NOUN,C1
orally,orally,词,ADV,B2
orange,orange,橙色的,ADJ,B2
orange color,orange color,词,ADJ,A1
orange juice,orange juice,橙汁,NOUN,B2
orator speaker,orator speaker,词,NOUN,C1
oratory,oratory,词,NOUN,C1
orbit,orbit,轨道,NOUN,B2
orbital,orbital,词,ADJ,C1
orchard,orchard,果园,NOUN,B2
orchestra,orchestra,管弦乐队,NOUN,B2
orchestrate,orchestrate,词,VERB,C1
orchestration,orchestration,词,NOUN,C1
orchid,orchid,兰,NOUN,B2
ordain,ordain,词,VERB,C1
orden público,public order,治安,NOUN,B2
ordenado,orderly,有序的,ADJ,B2
ordenar,to put in order,收拾,VERB,B2
ordenar,to tidy up,整理,VERB,B2
order mission,order mission,词,NOUN,A2
orderliness,orderliness,有序性,NOUN,B2
ordinariamente,ordinarily,通常,ADV,B2
ordinario,ordinary,普通的,ADJ,B2
ore,ore,矿石,NOUN,B2
oreja de Judas,wood ear mushroom,木耳,NOUN,B2
organic fertilizer,organic fertilizer,有机肥,NOUN,C1
organically,organically,有机地,ADV,B2
organism,organism,词,NOUN,C1
organizado,organized,有组织的,ADJ,B2
organizador,organizer,组织者,NOUN,B2
organization body,organization body,词,NOUN,B1
orgulloso,proud,自豪的,ADJ,B2
orgánico,organic,有机的,ADJ,B2
orientación,orientation,取向,NOUN,B2
orientalism,orientalism,词,NOUN,C1
orientalist,orientalist,词,NOUN,C1
orientation direction,orientation direction,词,NOUN,B1
origen,origin,起源,NOUN,B2
original,original,最初的,ADJ,B2
original (noun),original,正本,NOUN,B2
original edition,original edition,原版,NOUN,C1
original manufacturer,original manufacturer,原厂,NOUN,C1
original owner,original owner,原主,NOUN,C1
original state,original state,本就,NOUN,B2
originalidad,originality,独创性,NOUN,B2
originally (part),originally,原,PART,B2
originalmente,originally,最初,ADV,B2
originar,to originate,发源,VERB,B2
originating,originating,词,ADJ,B1
originator,originator,词,NOUN,C1
orinar,to pee,小便,VERB,B2
orison prayer,orison prayer,词,NOUN,C1
ornamental,ornamental,词,ADJ,C1
ornamentation,ornamentation,词,NOUN,C1
ornate,ornate,词,ADJ,C1
orphanage,orphanage,孤儿院,NOUN,C1
orphaned,orphaned,无父母的,ADJ,B2
orthodoxy,orthodoxy,至正,NOUN,C1
orthogonality,orthogonality,词,NOUN,C1
orthographic,orthographic,词,ADJ,C1
oscillating,oscillating,词,ADJ,C1
oscillation,oscillation,词,NOUN,C1
oscillator,oscillator,振荡器,NOUN,C1
osseous,osseous,词,ADJ,C1
ostensible,ostensible,词,ADJ,C1
ostensibly,ostensibly,词,ADV,B2
ostentation,ostentation,词,NOUN,C1
ostentatious,ostentatious,词,ADJ,C1
ostrich,ostrich,词,NOUN,B2
other,other,其他,NOUN,B2
other (det),other,词,DET,B2
other (pron),other,其它,PRON,B2
other others,other others,其他,DET,B2
other people,other people,人家,NOUN,B2
others,others,他人,PRON,B2
otherwise,otherwise,要不,PART,B2
otherwise (cconj),otherwise,否则,CCONJ,A2
otherworldly,otherworldly,词,ADJ,C1
otorgamiento,bestowal,授予,NOUN,B2
otorgar,to bestow,授予,VERB,B2
otredad,otherness,相异性,NOUN,B2
otro,other,其他的,DET,B2
otro lado,other side,对面,NOUN,B2
otros,others,他人,NOUN,B2
ought,ought,应该,AUX,B2
ought to,ought to,词,AUX,A2
ounce,ounce,词,NOUN,C1
our (pron),our,词,PRON,A1
our this,our this,咱这,NOUN,C1
ourselves,ourselves,我们自己,PRON,B2
out,out,出,ADP,B2
out here,out here,这里外面,ADV,B2
out of control,out of control,失控,VERB,B2
out there,out there,词,ADV,B2
outbreak,outbreak,爆发,NOUN,B2
outcome ending,outcome ending,结局，解决,NOUN,B2
outdoor,outdoor,词,ADJ,C1
outdoor pool,outdoor pool,词,NOUN,C1
outdoors,outdoors,户外,ADV,B2
outer,outer,外部的,ADJ,B2
outer frontier,outer frontier,塞外,NOUN,B2
outer side,outer side,外侧,NOUN,C1
outer space,outer space,太空,NOUN,B2
outer-gate,outer-gate,外门,NOUN,B2
outermost,outermost,词,ADJ,C1
outfit,outfit,服装,NOUN,B2
outgoing,outgoing,外向的,ADJ,C1
outlast,outlast,词,VERB,B2
outpatient,outpatient,门诊,NOUN,B2
outpost,outpost,前哨,NOUN,C1
output,output,词,NOUN,B2
output value,output value,产值,NOUN,C1
outputs,outputs,词,NOUN,C1
outrageous,outrageous,词,ADJ,B2
outright,outright,词,ADV,C1
outside,outside,在外面,ADP,B2
outside of,outside of,在...之外,ADP,B2
outside place,outside place,外地,NOUN,B2
outside this,outside this,这外,NOUN,C1
outside world,outside world,外界,NOUN,B2
outsider,outsider,外人,NOUN,B2
outstanding merit,outstanding merit,奇功,NOUN,B2
outward,outward,向外,ADV,B2
outward (adj),outward,词,ADJ,C1
ovarian,ovarian,词,ADJ,C1
oveja,sheep,绵羊,NOUN,B2
over,over,过去,ADV,B2
over about,over about,在...上方,ADP,B2
over it,over it,词,ADV,B1
over-accuracy,over-accuracy,超准,NOUN,C1
over-art,over-art,超艺,NOUN,C1
over-body,over-body,超体,NOUN,C1
over-boundary,over-boundary,超界,NOUN,C1
over-class,over-class,超类,NOUN,C1
over-degree,over-degree,超阶,NOUN,B2
over-diameter,over-diameter,超径,NOUN,C1
over-direction,over-direction,超向,NOUN,C1
over-energy,over-energy,超能,NOUN,C1
over-form,over-form,超式,NOUN,B2
over-function,over-function,超功,NOUN,C1
over-indebtedness,over-indebtedness,词,NOUN,C1
over-layer,over-layer,超层,NOUN,C1
over-limit,over-limit,超限,NOUN,C1
over-machine,over-machine,超机,NOUN,C1
over-model,over-model,超模,NOUN,B2
over-operation,over-operation,超作,NOUN,C1
over-order,over-order,超序,NOUN,B2
over-path,over-path,超路,NOUN,C1
over-plan,over-plan,超略,NOUN,C1
over-range,over-range,超范,NOUN,C1
over-route,over-route,超途,NOUN,C1
over-segment,over-segment,超段,NOUN,C1
over-side,over-side,超方,NOUN,B2
over-skill,over-skill,超技,NOUN,B2
over-standard,over-standard,超标,NOUN,C1
over-step,over-step,超步,NOUN,C1
over-structure,over-structure,超结,NOUN,C1
over-surface,over-surface,超面,NOUN,B2
over-surge,over-surge,超骤,NOUN,C1
over-system,over-system,超系,NOUN,C1
over-technique,over-technique,超术,NOUN,C1
over-trace,over-trace,超迹,NOUN,C1
over-track,over-track,超轨,NOUN,C1
over-type,over-type,超型,NOUN,C1
over-war,over-war,超战,NOUN,B2
over-work,over-work,超工,NOUN,C1
overabundant,overabundant,词,ADJ,B2
overall (adj),overall,全局性,ADJ,C1
overall situation,overall situation,全局,NOUN,B2
overbearing arrogance,overbearing arrogance,词,NOUN,C1
overbidding,overbidding,词,NOUN,C1
overconsumption,overconsumption,词,NOUN,C1
overcrowding,overcrowding,词,NOUN,C1
overdose,overdose,过量,NOUN,B2
overdraft,overdraft,透支,NOUN,B2
overfall,overfall,,NOUN,B2
overflowing exuberant,overflowing exuberant,词,ADJ,C1
overhead,overhead,词,NOUN,C1
overheating,overheating,词,NOUN,C1
overjoyed,overjoyed,痛快,ADJ,B1
overlapping,overlapping,重叠的,ADJ,C1
overload surcharge,overload surcharge,词,NOUN,C1
overreach,overreach,词,NOUN,C1
overrule,overrule,词,VERB,C1
overseas,overseas,词,ADV,B2
overt,overt,词,ADJ,C1
overtaking exceeding,overtaking exceeding,超越，超出,NOUN,B2
overthinking,overthinking,你想多,NOUN,B2
overthrow,overthrow,扳倒,NOUN,B2
overthrow projection,overthrow projection,词,NOUN,C1
overthrow reversal,overthrow reversal,词,NOUN,C1
overview,overview,概览,NOUN,B2
overweight,overweight,词,ADJ,C1
overwork,overwork,词,NOUN,C1
ow,ow,词,INTJ,C1
owed,owed,欠下的,ADJ,B2
own,own,自己的,DET,B2
own clean,own clean,词,ADJ,B1
owned,owned,被拥有的,ADJ,A1
ox,ox,词,NOUN,C1
oxidation,oxidation,词,NOUN,C1
oxidized,oxidized,词,ADJ,C1
oxygen-rich,oxygen-rich,词,ADJ,C1
oxymoron,oxymoron,矛盾修辞法,NOUN,B2
oxígeno,oxygen,氧气,NOUN,B2
oye,hey,嘿,INTJ,B2
oyster,oyster,牡蛎,NOUN,B2
oysters,oysters,词,NOUN,B2
ozone,ozone,词,NOUN,B2
oír,to hear a case,审理,VERB,B2
pabellón,pavilion,亭子,NOUN,B2
paciente,patient,病人,NOUN,B2
pacific,pacific,词,ADJ,B2
pacifier,pacifier,奶嘴,NOUN,B2
pack (noun),pack,词,NOUN,C1
package packet,package packet,词,NOUN,B1
pacto,covenant,契约,NOUN,B2
pacto,pact,协定,NOUN,B2
pacts,pacts,词,NOUN,C1
pacífico,peaceful,和平的,ADJ,B2
padding,padding,词,NOUN,C1
paddle,paddle,词,VERB,C1
padecer insomnio,to suffer from insomnia,失眠,VERB,B2
padre,parent,父母,NOUN,B2
padre,father,父,PART,B2
padres,parents,父母,NOUN,B2
pagar,to pay smilingly,笑付,VERB,B2
pagar,to pay tax,纳税,VERB,B2
pagaré,promissory note,本票,NOUN,B2
pago,payment all,付都,NOUN,B2
pago móvil,mobile payment,移动支付,NOUN,B2
pagoda,pagoda,塔,NOUN,B1
paid,paid,词,ADJ,B2
pain hurt,pain hurt,疼痛,ADJ,B2
pain relief,pain relief,,NOUN,B2
pained,pained,词,ADJ,C1
painless,painless,,NOUN,B2
pains,pains,苦心,NOUN,C1
painstaking,painstaking,词,ADJ,C1
painstakingly,painstakingly,细致地,ADV,B2
paint dye,paint dye,词,VERB,A1
paintbrush,paintbrush,画笔；毛笔,NOUN,B2
paired accompanied,paired accompanied,成对的 / 伴随的,ADJ,B2
pairing,pairing,可配,NOUN,C1
paisaje,scenery,风景,NOUN,B2
pajamas,pajamas,睡衣,NOUN,B2
pala,shovel,铲子,NOUN,B2
palabra de carácter,character word,字,NOUN,B2
palabra del maestro,master's word,爷说,NOUN,B2
palace maid,palace maid,宫女,NOUN,C1
palanquin,palanquin,词,NOUN,B1
palatable,palatable,词,ADJ,C1
paleography,paleography,词,NOUN,C1
palestinian,palestinian,巴勒斯坦的,ADJ,B2
palimpsest,palimpsest,词,NOUN,C1
paliza,beating,跳动,NOUN,B2
palliative,palliative,缓和的,ADJ,B2
pallid,pallid,词,ADJ,C1
pallor,pallor,苍白,NOUN,B2
palm grove,palm grove,词,NOUN,B2
palm reading,palm reading,手相,NOUN,C1
palma,palm,手掌,NOUN,B2
palmera,palm tree,棕榈树,NOUN,B2
palo,stick,棍子,NOUN,B2
paloma,pigeon,鸽子,NOUN,B2
palpable,palpable,词,ADJ,C1
palpación de melón,melon groping,摸瓜,NOUN,B2
paltriness,paltriness,词,NOUN,C1
paltry,paltry,词,ADJ,C1
pamphlet,pamphlet,词,NOUN,C1
pamphleteer,pamphleteer,小册子作者,NOUN,B2
pan-fry,pan-fry,煎,VERB,B1
panacea,panacea,词,NOUN,C1
panadero,baker,面包师,NOUN,B2
panda,panda,熊猫,NOUN,B2
pandemia,pandemic,大流行病,NOUN,B2
pandilla,gang,帮派,NOUN,B2
panegírico,panegyric,颂词,NOUN,B2
panel,panel,小组,NOUN,B2
panel of judges,panel of judges,词,NOUN,B2
panoramic,panoramic,词,ADJ,C1
panqueque,pancake,煎饼,NOUN,B2
pantano,swamp,沼泽,NOUN,B2
panteísmo,pantheism,泛神论,NOUN,B2
pantheon,pantheon,先贤祠,NOUN,B2
panther,panther,豹,NOUN,B2
panties,panties,词,NOUN,C1
pants,pants,裤子,NOUN,B2
pants trousers,pants trousers,词,NOUN,A1
papa,pope,教皇,NOUN,B2
papa frita,chip,碎片,NOUN,B2
papas fritas,fries,炸薯条,NOUN,B2
papaya,papaya,木瓜,NOUN,B2
papel,role,角色,NOUN,B2
papeleo,paperwork,文书工作,NOUN,B2
papelería,stationery,文具,NOUN,B2
paper clip,paper clip,回形针,NOUN,B2
paper napkin,paper napkin,餐巾纸,NOUN,C1
paper-based,paper-based,词,ADJ,C1
paperless,paperless,词,ADJ,C1
paquete,packet,小包裹,NOUN,B2
par,even,偶数的,ADJ,B2
par,peer,同龄人,NOUN,B2
par,a pair,一对,NUM,B2
para,in order to,以期,SCONJ,B2
para que,so that,以便,SCONJ,B2
para siempre,forever,永远,ADV,B2
parable,parable,寓言,NOUN,B2
parachuting,parachuting,跳伞,NOUN,C1
paradise heaven,paradise heaven,词,NOUN,B1
paradoja,paradox,悖论,NOUN,B2
paradoxical,paradoxical,矛盾的,ADJ,B2
paradoxically,paradoxically,词,ADV,C1
paragraph heel,paragraph heel,词,NOUN,C1
paraguas,umbrella,雨伞,NOUN,B2
paralipsis,paralipsis,词,NOUN,C1
paralizar,to paralyze,使瘫痪,VERB,B2
parallelism,parallelism,词,NOUN,C1
paralogism,paralogism,谬误推理,NOUN,B2
paralympic,paralympic,残奥会的,ADJ,B2
paralysed,paralysed,瘫痪的,ADJ,B2
paralyzed,paralyzed,瘫痪的,ADJ,B2
paramount,paramount,词,ADJ,C1
parangón,paragon,典范,NOUN,B2
paranoia,paranoia,词,NOUN,C1
paranoid,paranoid,词,ADJ,B2
parapet,parapet,词,NOUN,C1
paraphrase,paraphrase,词,VERB,B2
pararse,to stand,站立,VERB,B2
pararse lado a lado,to stand side by side,并列,VERB,B2
parasite,parasite,寄生虫,NOUN,C1
parasol,parasol,词,NOUN,B1
parataxis,parataxis,意合,NOUN,B2
paraíso,paradise,天堂,NOUN,B2
parcel,parcel,包裹,NOUN,B2
parch,parch,词,VERB,C1
parche,patch,补丁,NOUN,B2
parchment,parchment,词,NOUN,C1
parcialmente,partly,部分地,ADV,B2
pardoning,pardoning,词,NOUN,C1
pareja casada,a married couple,夫妇,NOUN,B2
parent-friendly,parent-friendly,,NOUN,B2
parentesco,kinship,亲属关系,NOUN,B2
paresis,paresis,词,NOUN,C1
pariah,pariah,词,NOUN,C1
paridad,parity,平等,NOUN,B2
pariente imperial,imperial relatives,皇亲,NOUN,B2
parientes femeninas,female relatives,女眷,NOUN,B2
parish priest,parish priest,本堂神父,NOUN,B2
parking,parking,停车,NOUN,B2
parking meter,parking meter,词,NOUN,B1
parking space,parking space,停车位,NOUN,C1
parlamento,parliament,议会,NOUN,B2
parley,parley,词,NOUN,C1
parliamentarism,parliamentarism,议会制,NOUN,C1
parliamentary,parliamentary,议会的/议员,ADJ,B2
parliamentary elections,parliamentary elections,议会选举,NOUN,B2
parlor,parlor,词,NOUN,C1
parodia,parody,戏仿,NOUN,B2
paronomasia,paronomasia,近音词双关,NOUN,B2
paronym,paronym,词,NOUN,C1
parse,parse,解析,VERB,B2
parsimonious,parsimonious,吝啬的,ADJ,B2
part forever,part forever,永别,VERB,B2
part-time,part-time,词,NOUN,B1
part-time job,part-time job,兼职,NOUN,B2
part-time worker,part-time worker,兼职工,NOUN,B2
parte,share,股份,NOUN,B2
parte trasera,rear part,后部,NOUN,B2
partial basis,partial basis,分据,NOUN,B2
partial category,partial category,分畴,NOUN,C1
partial idea,partial idea,分想,NOUN,C1
partial image,partial image,分象,NOUN,B2
partial mark,partial mark,分标,NOUN,C1
partial nature,partial nature,分性,NOUN,C1
partial norm,partial norm,分范,NOUN,B2
partial potential,partial potential,分势,NOUN,C1
partial price,partial price,分价,NOUN,C1
partial quality,partial quality,分质,NOUN,C1
partial standard,partial standard,分准,NOUN,C1
partial state,partial state,分态,NOUN,C1
partial target,partial target,分的,NOUN,C1
partial thought,partial thought,分思,NOUN,C1
partial value,partial value,分值,NOUN,C1
partial view,partial view,分观,NOUN,C1
partially,partially,部分地,ADV,B2
participante,participant,参与者,NOUN,B2
participativo,participatory,参与式的,ADJ,B2
particle (part),particle,么,PART,B2
particular,particular,特定的,ADJ,B2
particularidad,particularity,特点,NOUN,B2
particularize,particularize,词,VERB,B2
particularly,particularly,特别地,ADV,B2
partir,to depart,离开,VERB,B2
partir,to part,分离,VERB,B2
partir,to set off,出发,VERB,B2
partisan (adj),partisan,词,ADJ,C1
partisan (noun),partisan,词,NOUN,C1
partisanship,partisanship,党派性,NOUN,C1
partition,partition,词,NOUN,C1
partitioning,partitioning,词,NOUN,C1
partitura,musical score,乐谱,NOUN,B2
partner female,partner female,词,NOUN,B2
partridge,partridge,词,NOUN,B2
party concert,party concert,词,NOUN,B1
partícula,particle,颗粒,NOUN,B2
parálisis,paralysis,瘫痪,NOUN,B2
parámetro,parameter,参数,NOUN,B2
pasado,bygone,过去的,ADJ,B2
pasado,past,过去,NOUN,B2
pasar,to come over,顺道来访,VERB,B2
pasar,to pass,通过,VERB,B2
pasar,to pass by,经过,VERB,B2
pasar hambre,to starve,挨饿,VERB,B2
paseo,walk,行走,NOUN,B2
pashalik,pashalik,词,NOUN,C1
pasivo,passive,被动的,ADJ,B2
paso,passing,过世,NOUN,B2
pass (noun),pass,过得,NOUN,C1
passable,passable,词,ADJ,C1
passed,passed,递,ADJ,B2
passerby,passerby,词,NOUN,C1
passionate,passionate,热情的,ADJ,B2
passionate love,passionate love,词,NOUN,C1
passive reliance on others,passive reliance on others,词,NOUN,C1
past,past,经过,ADV,B2
past (adp),past,词,ADP,B2
past (noun),past,过去,NOUN,A1
past events,past events,往事,NOUN,B2
past matter,past matter,这夙,NOUN,C1
past moment,past moment,我方才,NOUN,C1
pasta,pasta,意大利面,NOUN,B2
pasta,paste,酱,NOUN,B2
pastar,to graze,吃草,VERB,B2
pastel,cake,蛋糕,NOUN,B2
pastel de luna,mooncake,月饼,NOUN,B2
pastime,pastime,爱好,NOUN,B2
pastor,herder,牧民,NOUN,B2
pastor,pastor,牧师,NOUN,B2
pastor,shepherd,牧羊人,NOUN,B2
pastoral (adj),pastoral,词,ADJ,C1
pastoral (noun),pastoral,词,NOUN,C1
pastoreo,grazing,放牧,NOUN,B2
pastry chef,pastry chef,词,NOUN,C1
patar,kick,踢,NOUN,B2
patar,to kick,踢,VERB,B2
patata,potato,土豆,NOUN,B2
patch tire,patch tire,补胎,VERB,C1
patente,patent,专利,NOUN,B2
patently,patently,显然地,ADV,B2
paternal,paternal,父亲的,ADJ,B2
paternal grandmother,paternal grandmother,祖母,NOUN,B2
paternity leave,paternity leave,陪产假,NOUN,B2
pathogenic,pathogenic,致病的,ADJ,B2
patient (noun),patient,病人,NOUN,A2
patient female,patient female,词,NOUN,B2
patient sufferer,patient sufferer,患者,NOUN,B2
patiently,patiently,词,ADV,C1
pato,duck,鸭子,NOUN,B2
patológico,pathological,病态的,ADJ,B2
patriarcado,patriarchy,父权制,NOUN,B2
patriarch,patriarch,词,NOUN,C1
patricide,patricide,弑父,NOUN,B2
patriot,patriot,词,NOUN,B2
patriotismo,patriotism,爱国主义,NOUN,B2
patriótico,patriotic,爱国的,ADJ,B2
patrocinio,sponsorship,赞助,NOUN,B2
patrol duty,patrol duty,词,NOUN,B2
patronage,patronage,赞助,NOUN,B2
patético,pathetic,可悲的,ADJ,B2
paucity,paucity,词,NOUN,C1
pauper,pauper,词,NOUN,B2
pausar,pause,暂停,NOUN,B2
pausar,to pause,暂停,VERB,B2
pave,pave,词,VERB,C1
pavement,pavement,人行道,NOUN,B2
pavilion (part),pavilion,阁,PART,C1
paving,paving,铺路,NOUN,B2
paving stone,paving stone,词,NOUN,A2
pawn (noun),pawn,词,NOUN,C1
pay foreign exchange,pay foreign exchange,付汇,VERB,C1
payaso,clown,小丑,NOUN,B2
payments,payments,词,NOUN,C1
pañal,diaper,尿布,NOUN,B2
pañuelo,handkerchief,手帕,NOUN,B2
peacefully,peacefully,词,ADV,C1
peat,peat,泥炭,NOUN,B2
peatón,pedestrian,行人,NOUN,B2
peccadillo,peccadillo,词,NOUN,C1
peculiar,peculiar,奇怪的,ADJ,B2
peculiarity,peculiarity,词,NOUN,B2
pecuniary,pecuniary,词,ADJ,C1
pedagogía,pedagogy,教育学,NOUN,B2
pedagógico,pedagogical,教学的,ADJ,B2
pedal,pedal,词,NOUN,B1
pedantic,pedantic,词,ADJ,C1
pedantically,pedantically,词,ADV,C1
pedantry,pedantry,迂腐,NOUN,B2
peddler,peddler,小贩,NOUN,B2
pedestrian tunnel,pedestrian tunnel,过街隧道,NOUN,B2
pediatrics,pediatrics,词,NOUN,C1
peek,peek,词,VERB,C1
peel (noun),peel,词,NOUN,B2
peephole,peephole,门镜,NOUN,B2
peer review,peer review,词,NOUN,C1
peerless,peerless,词,ADJ,C1
peg,peg,词,NOUN,C1
pegamento,glue,胶水,NOUN,B2
peinado,hairstyle,发型,NOUN,B2
peinar,comb,梳子,NOUN,B2
peinar,to comb,梳头,VERB,B2
pejorative,pejorative,词,ADJ,C1
pelar,peel,皮,NOUN,B2
pelar,to peel,削皮,VERB,B2
peligro,peril,危险,NOUN,B2
pellizcar,pinch,捏,NOUN,B2
pellizcar,to pinch,捏,VERB,B2
pellucid,pellucid,词,ADJ,C1
peluche,plush toy,毛绒玩具,NOUN,B2
peluquero,hairdresser,理发师,NOUN,B2
pelvis,pelvis,词,NOUN,B2
pelvis basin,pelvis basin,骨盆/盆地,NOUN,B2
pena de muerte,death penalty,死刑,NOUN,B2
penal,penal,刑事的,ADJ,B2
penalties,penalties,处罚,NOUN,C1
penalty,penalty,惩罚,NOUN,B2
penalty payment,penalty payment,词,NOUN,C1
penance,penance,忏悔,NOUN,B2
penchant,penchant,词,NOUN,C1
pencil case,pencil case,词,NOUN,C1
penetración,penetration,渗透,NOUN,B2
penguin,penguin,词,NOUN,A1
penis,penis,词,NOUN,B2
penitence,penitence,词,NOUN,C1
penitent,penitent,词,ADJ,C1
penitentiary,penitentiary,词,ADJ,C1
penniless,penniless,词,ADJ,B1
penoso,pity,可惜,ADJ,B2
pensamiento,thinking,思维,NOUN,B2
pensativo,thoughtful,体贴的,ADJ,B2
pensión,pension,养老金,NOUN,B2
pensión alimenticia,alimony,赡养费,NOUN,B2
penury,penury,词,NOUN,C1
península,peninsula,半岛,NOUN,B2
people,people,人们,PRON,B2
people nation,people nation,人民 / 民族,NOUN,B2
pepino,cucumber,黄瓜,NOUN,B2
peppermint,peppermint,词,NOUN,C1
pequeñez,smallness,小小,NOUN,B2
pequeño,smallest,最小的,ADJ,B2
per,per,每,ADP,B2
pera,pear,梨,NOUN,B2
perceptibly,perceptibly,明显地,ADV,B2
perception opinion,perception opinion,看法,NOUN,B2
perceptual,perceptual,词,ADJ,B2
percibir,to sense,隐约感到,VERB,B2
percussion instruments,percussion instruments,词,NOUN,C1
perderse,to get lost,迷路,VERB,B2
perdón,sorry,抱歉,ADJ,B2
perdón,forgiveness,宽恕,NOUN,B2
perejil,parsley,欧芹,NOUN,B2
peremptorily,peremptorily,词,ADV,C1
perennial,perennial,长期的,ADJ,B2
perezoso,sluggish,迟钝的,ADJ,B2
perfección,perfection,完美,NOUN,B2
perfectly,perfectly,词,ADV,A2
perfidious,perfidious,词,ADJ,C1
perfidiously,perfidiously,词,ADV,C1
perfidy,perfidy,背信弃义,NOUN,B2
performative,performative,词,ADJ,C1
performativity,performativity,词,NOUN,C1
performer,performer,词,NOUN,C1
perfume,perfume,香水,NOUN,B2
perfunctory,perfunctory,词,ADJ,C1
perhaps (noun),perhaps,或許,NOUN,C1
perhaps (part),perhaps,词,PART,C1
perhaps maybe,perhaps maybe,词,SCONJ,A2
peri-urban,peri-urban,城市周边的,ADJ,B2
periférico,peripheral,外围的,ADJ,B2
perilla,perilla,紫苏,NOUN,B2
perilous,perilous,危险的,ADJ,B2
period,period,句号,PUNCT,B2
period epoch,period epoch,词,NOUN,B2
period of time,period of time,期间,NOUN,B1
periodic,periodic,词,ADJ,C1
periodical,periodical,词,NOUN,C1
periodization,periodization,分期,NOUN,C1
periphery,periphery,边缘,NOUN,B2
periphrasis,periphrasis,词,NOUN,C1
perishing,perishing,,NOUN,B2
peritoneum,peritoneum,腹膜,NOUN,B2
periódicamente,periodically,定期地,ADV,B2
periódico diario,daily newspaper,日报,NOUN,B2
periódico matutino,morning newspaper,晨报,NOUN,B2
perla,pearl,珍珠,NOUN,B2
permanencia,permanence,持久,NOUN,B2
permanente,permanent,永久的,ADJ,B2
permanente,standing,站立的,ADJ,B2
permanently,permanently,词,ADV,C1
permeability,permeability,词,NOUN,C1
permeable,permeable,可渗透的,ADJ,B2
permiso,permit,许可证,NOUN,B2
permiso de ocultación,allow hiding,许躲,NOUN,B2
permissible,permissible,词,ADJ,C1
permitido,allowed,被允许的,ADJ,B2
permutations,permutations,词,NOUN,C1
pernicious,pernicious,有害的,ADJ,B2
pero,but,然而,ADV,B2
pero tú,but you,但您,NOUN,B2
pero yo,but i,可我,ADV,B2
peroration,peroration,结语,NOUN,B2
perpendicular,perpendicular,垂直的,ADJ,B2
perpetrador,perpetrator,肇事者,NOUN,B2
perpetual,perpetual,永久的,ADJ,B2
perplex,perplex,词,VERB,C1
persecución,chase,追逐,NOUN,B2
persecución,persecution,迫害,NOUN,B2
persecución,pursuit,追求,NOUN,B2
perseguir,to pursue,追求,VERB,B2
persiana,blind,百叶窗,NOUN,B2
persiana,roller blind,卷帘,NOUN,B2
persimmon,persimmon,柿子,NOUN,C1
persistence,persistence,坚持,NOUN,B2
person involved,person involved,当事人,NOUN,C1
person of independent means,person of independent means,词,NOUN,C1
persona a cargo,person in charge,负责人,NOUN,B2
personable,personable,词,ADJ,C1
personal,personal,个人的,ADJ,B2
personal,personnel,人员,NOUN,B2
personal,staff,全体员工,NOUN,B2
personal (noun),personal,私事,NOUN,B2
personal best,personal best,,NOUN,B2
personal effort,personal effort,亲力,NOUN,B2
personal integrity,personal integrity,个人隐私,NOUN,B2
personal leave,personal leave,事假,NOUN,C1
personalidad,personality,个性,NOUN,B2
personalization,personalization,词,NOUN,C1
personalized,personalized,个性化的,ADJ,B2
personally experience,personally experience,亲历,VERB,C1
personalmente,personally,就个人而言,ADV,B2
personification,personification,词,NOUN,C1
perspectiva,outlook,前景,NOUN,B2
perspectiva,perspective,视角,NOUN,B2
perspectiva,prospect,前景,NOUN,B2
perspectives,perspectives,词,NOUN,C1
perspectivism,perspectivism,词,NOUN,C1
perspicacious,perspicacious,词,ADJ,C1
perspicacity,perspicacity,词,NOUN,B2
persuadir,to persuade,说服,VERB,B2
persuasión,coaxing,哄得,NOUN,B2
persuasión,persuasion,说服,NOUN,B2
pertenecer,to belong to,属于,VERB,B2
pertenencia,belonging,归属感,NOUN,B2
pertenencias,belongings,所属物,NOUN,B2
pertinent,pertinent,词,ADJ,C1
pertinently,pertinently,词,ADV,B2
pervasive,pervasive,词,ADJ,C1
perverse,perverse,任性的,ADJ,B2
perversity,perversity,词,NOUN,C1
período,period,时期,NOUN,B2
pesadez,heaviness,沉重 / 笨重,NOUN,B2
pescador,fisherman,渔夫,NOUN,B2
pescar,to fish,钓鱼,VERB,B2
pesimismo,pessimism,悲观主义,NOUN,B2
pesimista,pessimistic,悲观的,ADJ,B2
pest,pest,词,NOUN,C1
pestaña,eyelash,睫毛,NOUN,B2
pesticida,pesticide,杀虫剂,NOUN,B2
pesticides,pesticides,词,NOUN,C1
petal,petal,词,NOUN,C1
petardo,firecracker,鞭炮,NOUN,B2
petición,petition,请愿,NOUN,B2
petition for review,petition for review,词,NOUN,C1
petitioner claimant,petitioner claimant,词,NOUN,C1
petrochemicals,petrochemicals,词,NOUN,C1
petrol,petrol,汽油,NOUN,B2
petróleo,petroleum,石油,NOUN,B2
pettiness,pettiness,词,NOUN,C1
petty,petty,词,ADJ,B2
petulant,petulant,词,ADJ,C1
phantom,phantom,词,NOUN,C1
pharynx,pharynx,词,NOUN,B2
phase,phase,阶段,NOUN,B2
phased (adv),phased,词,ADV,B1
phased nature,phased nature,词,NOUN,C1
phasic,phasic,词,ADJ,C1
phenomenological,phenomenological,词,ADJ,C1
phew,phew,词,INTJ,C1
philanthropic,philanthropic,词,ADJ,C1
philippic,philippic,猛烈的抨击,NOUN,B2
philology,philology,词,NOUN,C1
philosophizing,philosophizing,词,NOUN,C1
philosophy of life,philosophy of life,词,NOUN,B2
phishing,phishing,词,NOUN,B2
phloem,phloem,词,ADJ,C1
phoenix camp,phoenix camp,凤字营,NOUN,B2
phoenix character,phoenix character,凤字,NOUN,B2
phoenix coronet,phoenix coronet,凤冠,NOUN,B2
phone credit,phone credit,词,NOUN,B1
phone number,phone number,电话号码,NOUN,B2
phoneme,phoneme,词,NOUN,C1
phosphate,phosphate,词,NOUN,B2
phosphorus,phosphorus,词,NOUN,C1
photo album,photo album,影集,NOUN,C1
photo model,photo model,模特,NOUN,B2
photographic,photographic,词,ADJ,C1
photon,photon,光子,NOUN,B2
phrase,phrase,短语,NOUN,B2
phrasing,phrasing,措辞,NOUN,B2
physically,physically,身体上地,ADV,B2
physicist,physicist,词,NOUN,C1
physiotherapist,physiotherapist,词,NOUN,B1
physiotherapy,physiotherapy,物理治疗,NOUN,B2
pianist,pianist,词,NOUN,C1
piano,piano,钢琴,NOUN,B2
piano music,piano music,词,NOUN,B2
pick up a car,pick up a car,取车,VERB,B2
pickaxe,pickaxe,镐；锄,NOUN,B2
picking,picking,采摘,NOUN,B2
pickle (noun),pickle,词,NOUN,C1
pickles,pickles,词,NOUN,B2
pickup,pickup,拾音器,NOUN,C1
pickup truck,pickup truck,皮卡,NOUN,B2
picnic,picnic,野餐,NOUN,B2
pictogram,pictogram,词,NOUN,C1
pictorial,pictorial,绘画的,ADJ,B2
picture photo,picture photo,词,NOUN,A2
picturesque,picturesque,如画的；别致的,ADJ,B2
pidgin,pidgin,词,NOUN,C1
pie,pie,派,NOUN,B2
piece of bread,piece of bread,词,NOUN,B2
piedad,piety,虔诚,NOUN,B2
piedra,boulder,巨石,NOUN,B2
piel,fur,毛皮,NOUN,B2
piel fina,fine skin,细皮,NOUN,B2
pier,pier,码头,NOUN,B2
pieza,classifier for paintings cloth etc.,幅,NUM,B2
pila,pile,堆,NOUN,B2
pila,a pile,一堆,NUM,B2
pile heap,pile heap,词,NOUN,C1
piling up,piling up,堆砌,NOUN,B2
pillowcase,pillowcase,词,NOUN,C1
pills,pills,词,NOUN,B2
pimienta,pepper,胡椒,NOUN,B2
pimiento,bell pepper,甜椒,NOUN,B2
pimp,pimp,词,NOUN,C1
pimple,pimple,词,NOUN,B2
pinch (noun),pinch,词,NOUN,C1
pine forest,pine forest,松林,NOUN,B2
pine needle,pine needle,针叶,NOUN,B2
pine nut,pine nut,松子,NOUN,C1
pink (noun),pink,词,NOUN,B1
pino,pine,松树,NOUN,B2
pintor,painter,画家,NOUN,B2
pintura,paint,油漆,NOUN,B2
pioneer,pioneer,先驱,NOUN,B2
piously,piously,词,ADV,C1
pipa,pipa,琵琶,NOUN,B2
pipe dream,pipe dream,词,NOUN,C1
piquant,piquant,词,ADJ,C1
piracy,piracy,词,NOUN,B2
pirata,pirate,海盗,NOUN,B2
pirated,pirated,词,ADJ,B2
pirámide,pyramid,金字塔,NOUN,B2
piscina,swimming pool,游泳池,NOUN,B2
piscina,pool,池,PART,B2
pisotear,to trample,踩踏,VERB,B2
pista de hielo,ice rink,溜冰场,NOUN,B2
pistacho,pistachio,开心果,NOUN,B2
pistola,gun,枪,NOUN,B2
piston,piston,词,NOUN,C1
pitch,pitch,词,NOUN,B1
pitch darkness,pitch darkness,词,NOUN,C1
pitchfork,pitchfork,叉子,NOUN,B2
piteous,piteous,词,ADJ,C1
pithy,pithy,词,ADJ,C1
pitiable,pitiable,词,ADJ,C1
pitido,beep,吱吱声,NOUN,B2
pittance,pittance,词,NOUN,C1
pity compassion,pity compassion,词,NOUN,B2
pivot,pivot,词,NOUN,B2
pivotal,pivotal,词,ADJ,C1
pizarra,blackboard,黑板,NOUN,B2
pizza,pizza,词,NOUN,B1
piña,pineapple,菠萝,NOUN,B2
place of,place of,之地,NOUN,B2
place of origin,place of origin,原产,NOUN,C1
place of residence,place of residence,居住地,NOUN,B2
place value,place value,位值,NOUN,C1
placenta,placenta,词,NOUN,B2
placental,placental,词,ADJ,C1
placid,placid,词,ADJ,C1
placidity,placidity,词,NOUN,C1
plaga,plague,瘟疫,NOUN,B2
plain (adj),plain,词,ADJ,B1
plain and simple,plain and simple,朴素,ADJ,B2
plaintive,plaintive,哀伤的,ADJ,C1
plaintive sorrow,plaintive sorrow,词,NOUN,C1
plan,plan,计划,NOUN,B2
planning,planning,规划,NOUN,B2
plano,flat,扁平的,ADJ,B2
plantación,plantation,人工林,NOUN,B2
plantación de té,tea plantation,茶园,NOUN,B2
plantain,plantain,芭蕉,NOUN,B2
plantar,to plant,种植,VERB,B2
plaqueta,platelet,血小板,NOUN,B2
plasma,plasma,血浆,NOUN,B2
plastic (noun),plastic,词,NOUN,B1
plastic arts,plastic arts,词,NOUN,C1
plastic bag,plastic bag,塑料袋,NOUN,A2
plataforma,platform,平台,NOUN,B2
plateado,silver,银色,ADJ,B2
platforms,platforms,词,NOUN,C1
platillo,cymbal,钹,NOUN,B2
platinum,platinum,词,NOUN,B2
platitude,platitude,词,NOUN,C1
plausibility,plausibility,词,NOUN,B2
play game,play game,游戏/玩耍,NOUN,B2
playable,playable,可演奏的,ADJ,B2
playback,playback,回放,NOUN,C1
playful,playful,词,ADJ,C1
playfulness,playfulness,词,NOUN,B2
playground,playground,操场,NOUN,B2
playing,playing,词,NOUN,B2
plays,plays,词,NOUN,C1
playwright,playwright,剧作家,NOUN,B2
pleader,pleader,辩护人,NOUN,C1
pleading,pleading,词,NOUN,B2
pleamar,high tide,涨潮,NOUN,B2
pleasant surprise,pleasant surprise,惊喜,NOUN,C1
pleasant to listen to,pleasant to listen to,好听,ADJ,B2
pleasantly,pleasantly,词,ADV,C1
please,please,请,INTJ,B2
please come in,please come in,请进,NOUN,C1
please to invite,please to invite,请,VERB,A1
please you're welcome,please you're welcome,词,INTJ,A2
pleased,pleased,词,ADJ,B1
plebeian,plebeian,词,ADJ,C1
plebiscite,plebiscite,词,NOUN,B2
pledge (noun),pledge,词,NOUN,B2
pledge allegiance,pledge allegiance,效忠,VERB,C1
plenary,plenary,词,ADJ,C1
plenitude,plenitude,充足,NOUN,B2
plenty,plenty,充足地,ADV,B2
plenty (noun),plenty,大量,NOUN,A2
pleonasm,pleonasm,赘述,NOUN,B2
pleura,pleura,胸膜,NOUN,B2
pliable,pliable,词,ADJ,C1
pliant,pliant,词,ADJ,C1
plot episode,plot episode,情节,NOUN,C1
plot of land,plot of land,词,NOUN,B2
plot twist,plot twist,词,NOUN,C1
plow,plow,词,NOUN,B2
plucky,plucky,勇敢的,ADJ,B2
plum rain season,plum rain season,梅雨,NOUN,B2
pluma,feather,羽毛,NOUN,B2
plumb,plumb,词,NOUN,C1
plump,plump,词,ADJ,C1
plunge,plunge,词,VERB,C1
plural (noun),plural,词,NOUN,C1
plural (part),plural,们,PART,A1
pluralismo,pluralism,多元主义,NOUN,B2
plurality,plurality,词,NOUN,C1
plus,plus,加上,VERB,B2
plutocracia,plutocracy,财阀政治,NOUN,B2
plástico,plastic,塑料,NOUN,B2
plátano,banana,香蕉,NOUN,B2
pneumonia,pneumonia,词,NOUN,C1
poach,poach,词,VERB,C1
población,population,人口,NOUN,B2
poblar,to populate,居住,VERB,B2
pobreza,poverty,贫困,NOUN,B2
pocos,few,很少的,ADJ,B2
podcast,podcast,播客,NOUN,B2
podcasting,podcasting,词,NOUN,B1
poder,can,能够,AUX,B2
poder judicial,judiciary,司法官,NOUN,B2
poder notarial,power of attorney,委托书,NOUN,B2
poder solo,can only,只能,AUX,B2
poderoso,powerful,强大的,ADJ,B2
podrido,rotten,腐烂的,ADJ,B2
poesía,poetry,诗歌,NOUN,B2
poeta,poet,诗人,NOUN,B2
poetic,poetic,词,ADJ,C1
poetic imitations,poetic imitations,词,NOUN,C1
poetic mastery,poetic mastery,词,NOUN,C1
poetic quality,poetic quality,诗意,NOUN,C1
poetic talent,poetic talent,词,NOUN,C1
poetics,poetics,词,NOUN,C1
poignant,poignant,词,ADJ,C1
point grade,point grade,词,NOUN,A2
point of view,point of view,词,NOUN,C1
pointed specialized,pointed specialized,词,ADJ,C1
pointless,pointless,词,ADJ,C1
pointless effort,pointless effort,干吗费神费力,NOUN,C1
pointlessly,pointlessly,徒劳地,ADV,B2
pointwise,pointwise,词,ADJ,C1
poison flow,poison flow,毒走,NOUN,C1
poison gas,poison gas,毒气,NOUN,B2
poisoned,poisoned,,NOUN,B2
poke,poke,词,VERB,B2
polar,polar,极地的,ADJ,B2
polar technology,polar technology,极地技术,NOUN,B2
polarity,polarity,极性,NOUN,C1
polarización,polarization,两极分化 / 极化,NOUN,B2
polemic,polemic,词,NOUN,C1
polemicist,polemicist,词,NOUN,C1
police chief,police chief,警察局长,NOUN,B2
police officer,police officer,警察,NOUN,B2
police officer female,police officer female,词,NOUN,B2
police questioning,police questioning,词,NOUN,C1
police report,police report,,NOUN,B2
police search,police search,词,NOUN,C1
policy-related,policy-related,词,ADJ,C1
policía,cop,警察,NOUN,B2
policía,policeman,警察,NOUN,B2
polinización,pollination,授粉,NOUN,B2
polish,polish,波兰的,ADJ,B2
polish (noun),polish,精炼,NOUN,C1
polished,polished,词,ADJ,C1
polishing,polishing,词,NOUN,B2
politely,politely,礼貌地,ADV,B2
politeness,politeness,词,NOUN,C1
politic,politic,词,ADJ,C1
political party,political party,政党,NOUN,B2
politically,politically,在政治上,ADV,B2
politicization,politicization,词,NOUN,C1
pollinic,pollinic,词,ADJ,C1
pollito,chick,小鸡,NOUN,B2
polo,pole,极,NOUN,B2
polvo,powder,粉末,NOUN,B2
polyester,polyester,涤纶,NOUN,B2
polygon,polygon,多边形,NOUN,C1
polyphony,polyphony,词,NOUN,B2
polyptoton,polyptoton,词,NOUN,C1
polysemy,polysemy,词,NOUN,C1
polysyndeton,polysyndeton,连词叠用,NOUN,B2
polytunnel,polytunnel,大棚,NOUN,B2
polémico,polemical,论战的,ADJ,B2
política,policy,政策,NOUN,B2
política modificada,changed policy,改策,NOUN,B2
político,politician,政治家,NOUN,B2
pomelo,pomelo,柚子,NOUN,B2
pomp,pomp,词,NOUN,C1
pompously,pompously,词,ADV,C1
ponderous,ponderous,词,ADJ,C1
poner,to put down,放下,VERB,B2
ponerse,to put on,穿上,VERB,B2
ponerse al día,to catch up,赶上,VERB,B2
ponerse de pie,to stand up,站起来,VERB,B2
pool (part),pool,池,PART,B2
pooled,pooled,词,ADJ,C1
poor devil,poor devil,可怜虫,NOUN,B2
poor person,poor person,词,NOUN,B2
poor quality,poor quality,劣质,ADJ,B2
poor style,poor style,词,NOUN,C1
poor wretched,poor wretched,可怜的,ADJ,B2
poorer,poorer,更穷的,ADJ,B2
poorest,poorest,最穷的,ADJ,B2
pop,pop,词,NOUN,B1
popcorn,popcorn,词,ADJ,C1
poppy,poppy,词,NOUN,B1
pops,pops,词,NOUN,C1
popular,popular,受欢迎的,ADJ,B2
popularity,popularity,流行,NOUN,B2
popularizar,to popularize,推广,VERB,B2
populism,populism,民粹主义,NOUN,C1
populist,populist,民粹主义者,NOUN,B2
populous,populous,词,ADJ,C1
por,because of,因为,ADP,B2
por,for the sake of,为了,ADP,B2
por adelantado,in advance,事先,ADV,B2
por ahora,for now,暂时,ADV,B2
por ciento,percent,百分比,NOUN,B2
por cierto,by the way,顺便说一下,ADV,B2
por ejemplo,for example,例如,ADV,B2
por ello,for it,为此,ADV,B2
por escrito,in writing,书面,NOUN,B2
por favor,please,请,ADV,B2
por la presente,hereby,特此,ADV,B2
por lo tanto,therefore,因此,ADV,B2
por medios lícitos o ilícitos,by fair means or foul,不择手段,ADV,B2
por qué,for what,为了什么,ADV,B2
porcelain,porcelain,瓷器,NOUN,B2
porcentaje,percentage,百分比,NOUN,B2
porche,porch,门廊,NOUN,B2
porción,portion,部分,NOUN,B2
pork,pork,词,NOUN,B2
pornografía,porn,色情,NOUN,B2
pornography,pornography,色情,NOUN,B2
pornográfico,pornographic,色情的,ADJ,B2
porosity,porosity,词,NOUN,C1
porous,porous,词,ADJ,C1
porque,because,因为,CCONJ,B2
port harbor,port harbor,词,NOUN,A1
portable,portable,词,ADJ,C1
porte,bearing,轴承,NOUN,B2
portentous,portentous,词,ADJ,C1
portero,doorman,门卫,NOUN,B2
portero,porter,搬运工,NOUN,B2
portfolios,portfolios,词,NOUN,C1
portico,portico,词,NOUN,C1
portion serving,portion serving,部分 / 一份,NOUN,B2
portrait subject,portrait subject,词,NOUN,C1
portrayal,portrayal,词,NOUN,B2
portuguese,portuguese,葡萄牙语,NOUN,B2
poseer,to own,拥有,VERB,B2
poseer,to possess,拥有,VERB,B2
posesionarse,to take office,就职,VERB,B2
posh,posh,上流的,ADJ,B2
posibilidad,possibility,可能性,NOUN,B2
posiblemente,possibly,可能地,ADV,B2
posicionamiento,positioning,定位,NOUN,B2
posit,posit,词,VERB,B2
position of authority,position of authority,! 权威地位,NOUN,B2
positions,positions,词,NOUN,C1
positivism,positivism,词,NOUN,C1
positivist,positivist,词,ADJ,C1
positivity,positivity,词,NOUN,B2
posos,dregs,渣滓,NOUN,B2
possessive,possessive,词,ADJ,C1
possessive particle,possessive particle,的,PART,A1
postage stamp,postage stamp,邮票,NOUN,C1
postal,postal,词,ADJ,C1
postal code,postal code,邮政编码,NOUN,B2
postdoctoral researcher,postdoctoral researcher,博士后,NOUN,B2
posterioridad,afterward,去后,NOUN,B2
posterity,posterity,词,NOUN,C1
posthumous,posthumous,死后的,ADJ,B2
postmark,postmark,邮戳,NOUN,C1
postscript,postscript,词,NOUN,C1
postulado,postulate,假定,NOUN,B2
postura,stance,立场,NOUN,B2
posture,posture,作势,NOUN,B2
postwar,postwar,战后,NOUN,B2
potencia máxima,full power,全力,NOUN,B2
potencial,potential,潜力,NOUN,B2
potency,potency,药效,NOUN,B2
potent,potent,词,ADJ,C1
potential,potential,潜在的,ADJ,B2
potentially,potentially,潜在地,ADV,B2
potter,potter,词,NOUN,B2
pouch,pouch,词,NOUN,C1
pounding,pounding,捶,NOUN,B2
pour into,pour into,倾注,VERB,B2
power grid,power grid,电网,NOUN,B2
power outlet,power outlet,插座,NOUN,B1
power plant,power plant,发电厂,NOUN,B2
power station,power station,发电厂,NOUN,B2
power struggle,power struggle,词,NOUN,C1
power supply,power supply,电源,NOUN,C1
power tilt,power tilt,权倾,NOUN,C1
powers,powers,词,NOUN,C1
pozo,a well,井,NOUN,B2
practicante,practitioner,从业者,NOUN,B2
practice exercises,practice exercises,练习题,NOUN,C1
practicing,practicing,词,ADJ,C1
practicing believer,practicing believer,信徒,NOUN,B2
prado,meadow,草地,NOUN,B2
pragmatic,pragmatic,务实,ADJ,B2
pragmatics,pragmatics,词,NOUN,C1
pragmatismo,pragmatism,实用主义,NOUN,B2
pragmatist,pragmatist,词,NOUN,C1
prairie,prairie,词,NOUN,C1
praise singer,praise singer,词,NOUN,C1
praiseworthy,praiseworthy,词,ADJ,C1
prank,prank,恶作剧,NOUN,B2
prayer beads,prayer beads,词,NOUN,C1
prayer niche,prayer niche,词,NOUN,B2
prayer room,prayer room,祈祷室,NOUN,B2
prayer trap,prayer trap,,NOUN,B2
pre,pre,,NOUN,B2
pre-Islamic era,pre-Islamic era,词,NOUN,C1
pre-dawn meal,pre-dawn meal,词,NOUN,B1
pre-eternity,pre-eternity,词,NOUN,C1
preacher,preacher,传教士,NOUN,B2
precarious,precarious,不稳定的,ADJ,B2
precarization,precarization,不稳定化,NOUN,B2
precaución,caution,谨慎,NOUN,B2
precaución,precaution,预防措施,NOUN,B2
precautionary,precautionary,词,ADJ,C1
precedence,precedence,也先,NOUN,C1
precepto,precept,戒律,NOUN,B2
precificación,pricing,定价 / 收费,NOUN,B2
precinct,precinct,辖区,NOUN,B2
preciosidad,preciousness,珍贵,NOUN,B2
precioso,gorgeous,华丽的,ADJ,B2
precioso,precious,珍贵的,ADJ,B2
precipitación,precipitation,降水,NOUN,B2
precipitate,precipitate,词,VERB,C1
precipitous,precipitous,词,ADJ,C1
precision,precision,精确,NOUN,B2
preclude,preclude,词,VERB,C1
precocious,precocious,早熟的,ADJ,B2
precocious talent,precocious talent,词,NOUN,C1
preconception,preconception,词,NOUN,B2
precursor,precursor,先驱,NOUN,B2
predecesor,predecessor,前任,NOUN,B2
predicación,preaching,劝诫,NOUN,B2
predicción,prediction,预测,NOUN,B2
predictable,predictable,可预测的,ADJ,B2
predilection,predilection,词,NOUN,C1
predisposition,predisposition,天赋,NOUN,B2
predominance,predominance,主导地位,NOUN,B2
predominant,predominant,词,ADJ,B2
predominantly,predominantly,词,ADV,C1
preeminence,preeminence,词,NOUN,B2
preeminent,preeminent,词,ADJ,C1
preemption,preemption,先发制人,NOUN,C1
preemption right,preemption right,词,NOUN,C1
preemptively,preemptively,词,ADV,C1
preescolar,preschool,幼儿园,NOUN,B2
prefect,prefect,词,NOUN,B1
prefectura,prefecture,省政府,NOUN,B2
prefectural registrar,prefectural registrar,府典,NOUN,B2
prefectures,prefectures,词,NOUN,C1
preferable,preferable,更可取的,ADJ,B2
preferencia,preference,偏好,NOUN,B2
preferencia de gusto,taste preference,口味,NOUN,B2
preferiblemente,preferably,更愿意,ADV,B2
pregnant woman,pregnant woman,孕妇,NOUN,B2
pregunta retórica,rhetorical question,宁非,NOUN,B2
preguntar,to question,质疑,VERB,B2
prejudiced,prejudiced,有偏见的,ADJ,B2
prejudicial,prejudicial,词,ADJ,C1
prejuicio,prejudice,偏见,NOUN,B2
prelate,prelate,词,NOUN,C1
preliminary,preliminary,初步的,ADJ,B2
preliminary investigation,preliminary investigation,,NOUN,B2
premature,premature,词,ADJ,C1
premature baby,premature baby,词,NOUN,B2
prematurely,prematurely,词,ADV,C1
prematurity,prematurity,词,NOUN,C1
premeditate,premeditate,词,VERB,C1
premeditation,premeditation,预谋,NOUN,B2
premio,award,奖项,NOUN,B2
premisa,premise,前提,NOUN,B2
premium,premium,溢价,NOUN,B2
preoccupation,preoccupation,preoccupation,NOUN,B2
preocupado,worried,担心的,ADJ,B2
preparación,preparation,准备,NOUN,B2
preparación,readiness,准备就绪,NOUN,B2
preparar,to prepare a lesson,预习,VERB,B2
preparations,preparations,词,NOUN,C1
preparatory (adj),preparatory,词,ADJ,C1
preparatory (noun),preparatory,词,NOUN,B2
prepare (noun),prepare,备上,NOUN,C1
prepared,prepared,准备好的,ADJ,B2
preparedness,preparedness,词,NOUN,B1
preponderance,preponderance,词,NOUN,C1
preponderant,preponderant,占优势的,ADJ,B2
prerequisite course,prerequisite course,先修课,NOUN,C1
prerogative,prerogative,特权,NOUN,B2
prerrequisito,prerequisite,前提,NOUN,B2
prescient,prescient,词,ADJ,C1
prescribir,to prescribe,开处方,VERB,B2
prescripción,prescription,处方,NOUN,B2
presencia,thief presence,有贼,NOUN,B2
present,present,礼物,NOUN,B2
present available,present available,存在的 / 可获得的,ADJ,A2
present knowledge,present knowledge,通今,NOUN,C1
present time,present time,现在,NOUN,B2
presentador,presenter,主持人,NOUN,B2
presente,present,在场的,ADJ,B2
preservación,preservation,保护,NOUN,B2
preservative,preservative,防腐剂,NOUN,B2
presidencia,presidency,总统任期,NOUN,B2
presidencial,presidential,总统的,ADJ,B2
president female,president female,女总统,NOUN,B2
president of a country,president of a country,总统,NOUN,B1
presidente,chairman,主席,NOUN,B2
presidente,chairperson,主席,NOUN,B2
presidential election,presidential election,总统选举,NOUN,B2
presidential elections,presidential elections,词,NOUN,C1
presidentialism,presidentialism,词,NOUN,C1
presionar,to press,按,VERB,B2
presión arterial,blood pressure,血压,NOUN,B2
press freedom,press freedom,新闻自由,NOUN,B2
press release,press release,公报,NOUN,B2
prestatario,borrower,借款人,NOUN,B2
prestigious,prestigious,有声望的,ADJ,B2
presumably,presumably,据推测,ADV,B2
presumed,presumed,推定的,ADJ,B2
presumir,to presume,假定,VERB,B2
presumption of continuity,presumption of continuity,词,NOUN,C1
presumptuous,presumptuous,词,ADJ,C1
presuntamente,allegedly,据称,ADV,B2
presupuestario,budgetary,预算的,ADJ,B2
presupuesto,budget,预算,NOUN,B2
pretender,pretender,词,NOUN,C1
pretending to forget,pretending to forget,词,VERB,C1
pretension,pretension,词,NOUN,C1
pretentious,pretentious,自命不凡的,ADJ,B2
preterition,preterition,假托,NOUN,B2
prevalence,prevalence,词,NOUN,C1
prevalent,prevalent,词,ADJ,C1
prevaricate,prevaricate,词,VERB,C1
prevention,prevention,预防,NOUN,B2
preventive,preventive,词,ADJ,B2
prever,to foresee,预见,VERB,B2
previamente,previously,以前,ADV,B2
preview,preview,词,NOUN,C1
previous,previous,,NOUN,B2
previsión,foresight,远见,NOUN,B2
prey,prey,猎物,NOUN,B2
price capping,price capping,词,NOUN,C1
price change,price change,改价,NOUN,C1
price increase,price increase,词,NOUN,C1
prices,prices,词,NOUN,C1
prickly,prickly,词,ADJ,C1
pride arrogance,pride arrogance,词,NOUN,C1
priesthood,priesthood,词,NOUN,C1
primal,primal,词,ADJ,C1
primarily,primarily,词,ADV,C1
primario,primary,主要的,ADJ,B2
primary school,primary school,小学,NOUN,B2
primary school teacher,primary school teacher,词,NOUN,C1
primate,primate,词,NOUN,C1
prime,prime,首要的,ADJ,B1
prime matter,prime matter,词,NOUN,C1
primer borrador,first draft,初稿,NOUN,B2
primer ministro,premier,总理,NOUN,B2
primer ministro,prime minister,总理,NOUN,B2
primer mérito,first merit,首功,NOUN,B2
primera convocatoria,first capping,首加缁布冠,NOUN,B2
primero,first,首先,ADV,B2
primeval forest,primeval forest,原始森林,NOUN,C1
primitivo,primitive,原始的,ADJ,B2
primordial chaos,primordial chaos,词,NOUN,C1
princesa,princess,公主,NOUN,B2
principal (adj),principal,词,ADJ,B2
principality,principality,词,NOUN,C1
principalmente,mainly,主要地,ADV,B2
principiante,beginner,初学者,NOUN,B2
principio,principle,原则,NOUN,B2
printed form,printed form,词,NOUN,B1
printing,printing,词,NOUN,C1
printing house,printing house,词,NOUN,B2
printout,printout,打印件,NOUN,B2
prior,prior,先前的,ADJ,B2
priority,priority,优先的,ADJ,B2
prisa,haste,匆忙,NOUN,B2
prisma,prism,棱镜,NOUN,B2
pristine,pristine,词,ADJ,C1
privacidad,privacy,隐私,NOUN,B2
privación,deprivation,剥夺,NOUN,B2
private accessory prosecution,private accessory prosecution,词,NOUN,C1
private car service,private car service,专车,NOUN,C1
private debt,private debt,私债,NOUN,B2
private life,private life,私生活,NOUN,B2
privatization,privatization,词,NOUN,B2
privileged,privileged,词,ADJ,B2
privilegio,privilege,特权,NOUN,B2
pro-natalist,pro-natalist,词,ADJ,B2
pro-war,pro-war,主战,NOUN,C1
proactive,proactive,积极主动的,ADJ,B2
probabilístico,probabilistic,概率的,ADJ,B2
probable,probable,可能的,ADJ,B2
probable likely,probable likely,可能的,ADJ,B2
probar,to prove,证明,VERB,B2
probar,to test,测试,VERB,B2
probation,probation,缓刑,NOUN,B2
probationary,probationary,词,ADJ,B2
probative,probative,词,ADJ,C1
probe,probe,探测器,NOUN,B2
probing the depths,probing the depths,词,NOUN,C1
probiotic,probiotic,益生菌,NOUN,C1
probity,probity,正直,NOUN,B2
problema difícil,difficult problem,难题,NOUN,B2
problematic,problematic,词,ADJ,B2
problematic issue,problematic issue,词,NOUN,C1
procedural,procedural,程序的,ADJ,B2
procedures,procedures,词,NOUN,C1
procesador,processor,处理器,NOUN,B2
procesar,to process,处理,VERB,B2
process technique,process technique,词,NOUN,B1
processable,processable,词,ADJ,C1
processing,processing,处理,NOUN,B2
processing (adj),processing,词,ADJ,C1
proclamar,to proclaim,宣布,VERB,B2
proclamation,proclamation,宣大,NOUN,B2
proclivity,proclivity,词,NOUN,C1
procrastinación,procrastination,拖延,NOUN,B2
procrastinar,to procrastinate,拖延,VERB,B2
procurar,to procure,获取,VERB,B2
prodigal,prodigal,词,ADJ,C1
prodigality,prodigality,挥霍,NOUN,C1
prodigious,prodigious,词,ADJ,C1
prodigy,prodigy,神童,NOUN,B2
producción,production,生产,NOUN,B2
productive,productive,多产的,ADJ,B2
productividad,productivity,生产力,NOUN,B2
productivist,productivist,生产至上主义的,ADJ,B2
productor,producer,生产者,NOUN,B2
profane,profane,词,ADJ,C1
profesional,professional,专业人士,NOUN,B2
profesión,profession,职业,NOUN,B2
profesor,professor,教授,NOUN,B2
profess,profess,词,VERB,B2
professional (noun),professional,词,NOUN,B2
professional ethics,professional ethics,词,NOUN,C1
professional formation,professional formation,职业养成,NOUN,B2
professionalism,professionalism,词,NOUN,B2
professionally active,professionally active,在职,NOUN,B2
professorship,professorship,词,NOUN,C1
proffer,proffer,词,VERB,C1
proficiency,proficiency,词,NOUN,C1
profitability,profitability,盈利能力,NOUN,B2
profitable,profitable,词,ADJ,B2
profits,profits,词,NOUN,B2
profligate,profligate,词,ADJ,C1
profundo,profound,深刻的,ADJ,B2
profuse,profuse,词,ADJ,C1
profusion,profusion,词,NOUN,C1
prognosis,prognosis,预后,NOUN,B2
program schedule,program schedule,词,NOUN,A2
programación,programming,编程,NOUN,B2
programador,programmer,程序员,NOUN,B2
programmed,programmed,词,ADJ,C1
progresar,to progress,进步,VERB,B2
progresivamente,progressively,逐渐地,ADV,B2
progresivo,progressive,渐进的,ADJ,B2
progression,progression,词,NOUN,C1
progressive,progressive,进步人士,NOUN,B2
prohibido,forbidden,被禁止的,ADJ,B2
prohibir,ban,禁令,NOUN,B2
prohibir,to ban,禁止,VERB,B2
prohibited,prohibited,词,ADJ,C1
prohibited items,prohibited items,词,NOUN,B2
prohibition sign,prohibition sign,禁令牌,NOUN,C1
prohibitive,prohibitive,词,ADJ,C1
project report,project report,项目报告,NOUN,B2
projectile,projectile,词,NOUN,C1
projections,projections,词,NOUN,C1
prolapse,prolapse,词,NOUN,C1
prolegomena,prolegomena,词,NOUN,C1
proletariado,proletariat,无产阶级,NOUN,B2
proliferate,proliferate,扩散,! VERB,B2
proliferation,proliferation,增殖,NOUN,B2
proliferation of evil,proliferation of evil,蔓延,NOUN,C1
prolijidad,prolixity,冗长,NOUN,B2
prolijo,prolix,冗长的,ADJ,B2
prolongar,to prolong,延长,VERB,B2
promedio,average,平均,ADJ,B2
prometedor,promising,有前途的,ADJ,B2
prometer,pledge,抵押,NOUN,B2
prometer,to pledge,保证,VERB,B2
prominence,prominence,词,NOUN,B2
prominent family,prominent family,望族,NOUN,C1
promoted,promoted,词,ADJ,B1
prompt,prompt,词,ADJ,C1
promulgar,to promulgate,颁布,VERB,B2
pronoun,pronoun,词,NOUN,B1
pronounced,pronounced,显著的,ADJ,B2
prontamente,promptly,迅速地,ADV,B2
pronunciación,pronunciation,发音,NOUN,B2
pronunciar,to pronounce,发音,VERB,B2
pronóstico,forecast,预测,NOUN,B2
proofread,proofread,校对,VERB,C1
proofreader,proofreader,词,NOUN,C1
propaedeutic,propaedeutic,词,ADJ,C1
propagación,spread,传播,NOUN,B2
propaganda,propaganda,宣传,NOUN,B2
propel,propel,推动,VERB,B2
propellant,propellant,词,NOUN,C1
property owner,property owner,房主,NOUN,B2
property right,property right,所有权,NOUN,B2
prophet,prophet,先知,NOUN,B2
prophethood,prophethood,词,NOUN,C1
prophylactic,prophylactic,词,ADJ,C1
prophylaxis,prophylaxis,预防,NOUN,B2
propiedad,ownership,,NOUN,B2
propitious,propitious,词,ADJ,C1
proponent,proponent,词,NOUN,C1
proponer,to propose,提议,VERB,B2
proporcionar pruebas,to provide evidence,举证,VERB,B2
proporcionar retroalimentación,to provide feedback,反馈,VERB,B2
proporción,proportion,比例,NOUN,B2
proportional,proportional,成比例的,ADJ,B2
proportionality,proportionality,词,NOUN,C1
proportionally,proportionally,词,ADV,C1
proposal suggestion,proposal suggestion,建议,NOUN,B2
proprietor,proprietor,词,NOUN,C1
propuesta,proposition,主张,NOUN,B2
propulsion,propulsion,词,NOUN,C1
pros and cons,pros and cons,利害,NOUN,B2
prosa,prose,散文,NOUN,B2
prosaico,prosaic,平淡无奇的,ADJ,B2
prose writer,prose writer,词,NOUN,C1
prosecution service,prosecution service,检察院,NOUN,B2
prosecutions,prosecutions,词,NOUN,C1
prosecutor's office,prosecutor's office,词,NOUN,B2
proselyte,proselyte,词,NOUN,C1
prosody,prosody,韵律学,NOUN,B2
prosopopoeia,prosopopoeia,词,NOUN,C1
prospecting,prospecting,词,NOUN,C1
prospecting drilling,prospecting drilling,词,NOUN,C1
prospects,prospects,前途,NOUN,B1
prosthesis,prosthesis,词,NOUN,C1
prostituta,prostitute,妓女,NOUN,B2
prostitution,prostitution,词,NOUN,B2
proteccionismo,protectionism,保护主义,NOUN,B2
protection of Majesty,protection of Majesty,保陛,NOUN,C1
protective cover,protective cover,词,NOUN,C1
protector,protective,保护的,ADJ,B2
protector,protector,保护者,NOUN,B2
protest movement,protest movement,词,NOUN,C1
protesta,protest,抗议,NOUN,B2
proteína,protein,蛋白质,NOUN,B2
proton,proton,词,NOUN,C1
prototype,prototype,词,NOUN,C1
protract,protract,词,VERB,C1
protracted,protracted,词,ADJ,C1
protractor,protractor,量角器,NOUN,C1
proud of oneself,proud of oneself,得意,ADJ,A2
proud refusal,proud refusal,词,NOUN,C1
proudly,proudly,词,ADV,C1
provable,provable,可证明的,ADJ,B2
proveedor,provider,提供者,NOUN,B2
proveedor,supplier,供应商,NOUN,B2
proveedor de servicios,service provider,服务商,NOUN,B2
proveer,to provide for,供应,VERB,B2
provenir,to come from,来自,VERB,B2
proverbio,proverb,谚语,NOUN,B2
proverbs,proverbs,词,NOUN,C1
providential,providential,词,ADJ,C1
provinces,provinces,词,NOUN,C1
provincia,province,省,NOUN,B2
provincial,provincial,地方的,ADJ,B2
provision,provision,词,NOUN,C1
provisional,provisional,临时的,ADJ,B2
provisionally,provisionally,词,ADV,C1
provisiones,provisions,储备,NOUN,B2
provocación,provocation,挑衅,NOUN,B2
provocative,provocative,挑衅的,ADJ,B2
prow,prow,词,NOUN,C1
prowess,prowess,词,NOUN,C1
prowl,prowl,词,VERB,C1
proyectar,to screen,筛选,VERB,B2
proyecto,project,项目,NOUN,B2
proyector,projector,投影仪,NOUN,B2
prudent,prudent,谨慎的,ADJ,B2
prudently,prudently,词,ADV,C1
prudishness,prudishness,词,NOUN,C1
prueba,ordeal,苦难,NOUN,B2
prueba,proof,证据,NOUN,B2
prueba física,physical evidence,物证,NOUN,B2
prune,prune,修剪,VERB,C1
prácticamente,practically,几乎,ADV,B2
práctico,practical,实际的,ADJ,B2
préstamo,borrowing,借贷,NOUN,B2
prólogo,preface,序言,NOUN,B2
próximo,upcoming,مقبل,ADJ,B2
psalm,psalm,诗篇,NOUN,B2
psalter,psalter,词,NOUN,C1
pseudonym,pseudonym,词,NOUN,C1
psicología,psychology,心理学,NOUN,B2
psicosis,psychosis,精神病,NOUN,B2
psiquiatra,psychiatrist,精神科医生,NOUN,B2
psoriasis,psoriasis,词,NOUN,C1
psst,psst,词,INTJ,C1
psychiatric,psychiatric,精神病的,ADJ,B2
psychic,psychic,词,ADJ,C1
psychoanalysis,psychoanalysis,精神分析,NOUN,B2
psychoanalyst,psychoanalyst,词,NOUN,C1
psychological,psychological,心理的,ADJ,B2
psychologically,psychologically,词,ADV,C1
psychopath,psychopath,精神变态者,NOUN,B2
psychopathy,psychopathy,词,NOUN,C1
pubertad,puberty,青春期,NOUN,B2
public (noun),public,公众,NOUN,B1
public bath,public bath,公共浴室,NOUN,A2
public debt,public debt,公债,NOUN,C1
public fountain,public fountain,公共喷泉,NOUN,C1
public holiday,public holiday,公共假日,ADJ,B2
public holiday (noun),public holiday,词,NOUN,C1
public opinion,public opinion,社会舆论,NOUN,C1
public relations,public relations,公关,NOUN,B2
public security,public security,社会治安,NOUN,C1
public security bureau,public security bureau,公安局,NOUN,B2
public square,public square,广场,NOUN,B1
publicación,publication,出版物,NOUN,B2
publicar,to publish,出版,VERB,B2
publicidad,advertising,广告业,NOUN,B2
publicity,publicity,宣传,NOUN,B2
pueblo,folk,民间的,ADJ,B2
puente peatonal,footbridge,人行天桥,NOUN,B2
puente peatonal,pedestrian bridge,天桥,NOUN,B2
puerile,puerile,词,ADJ,C1
puerperal,puerperal,词,ADJ,C1
puerta,gate,大门,NOUN,B2
puerta lateral,side door,侧门,NOUN,B2
puerta principal,front door,正门,NOUN,B2
puerta trasera,back door,后门,NOUN,B2
puerto,harbor,港口,NOUN,B2
pugnacious,pugnacious,词,ADJ,C1
pugnacity,pugnacity,词,NOUN,C1
puissant,puissant,词,ADJ,C1
pulgada,inch,بوصة,NOUN,B2
pulgar,thumb,拇指,NOUN,B2
pull (noun),pull,别拉,NOUN,C1
pulley,pulley,词,NOUN,C1
pulling,pulling,拔,NOUN,B2
pulmonar,pulmonary,肺的,ADJ,B2
pulpit,pulpit,讲坛,NOUN,B2
pulpy,pulpy,髓质的,ADJ,C1
pulsera,bracelet,手镯,NOUN,B2
pummel,pummel,词,VERB,C1
pump air,pump air,打气,VERB,C1
pumping,pumping,词,NOUN,C1
pumpkin,pumpkin,南瓜,NOUN,C1
pumpkin seed,pumpkin seed,南瓜子,NOUN,B2
pun,pun,词,NOUN,C1
punch (verb),punch,词,VERB,B2
punch drink,punch drink,词,NOUN,C1
punción,puncture,穿刺,NOUN,B2
punctilious,punctilious,词,ADJ,C1
punctuality,punctuality,守时,NOUN,B2
punctually occasionally,punctually occasionally,准时地 / 偶尔地,ADV,B2
puncture tap,puncture tap,词,NOUN,C1
pundit,pundit,词,NOUN,C1
pungent,pungent,词,ADJ,C1
punishable,punishable,可处罚的,ADJ,B2
punitive,punitive,惩罚性的,ADJ,B2
punto de vista,viewpoint,观点,NOUN,B2
punto muerto,standstill,停滞,NOUN,B2
puntuación,punctuation,标点符号,NOUN,B2
puntuación,score,比分,NOUN,B2
puntual,punctual,准时的,ADJ,B2
pupil female,pupil female,词,NOUN,C1
pupila,pupil,学生,NOUN,B2
puppet show,puppet show,木偶戏,NOUN,C1
puppets,puppets,词,NOUN,B2
purchase price,purchase price,购买价,NOUN,B2
purely,purely,纯粹地,ADV,B2
pureza,purity,纯洁,NOUN,B2
purifying,purifying,净化的,ADJ,B2
puritanical,puritanical,词,ADJ,C1
puro,pure,纯净的,ADJ,B2
purple (noun),purple,词,NOUN,A2
purple needle,purple needle,紫阴针,NOUN,B2
purpose design,purpose design,词,NOUN,C1
purse,purse,词,NOUN,B1
pursuant to (adp),pursuant to,词,ADP,C1
pursuant to (adv),pursuant to,依照/根据,ADV,C1
pursuer,pursuer,追兵,NOUN,B2
pursuit lawsuit,pursuit lawsuit,追求/诉讼,NOUN,B2
purveyor,purveyor,词,NOUN,C1
pus,pus,词,NOUN,C1
push further,push further,进尺,NOUN,B2
pushover,pushover,善茬,NOUN,B2
pusillanimity,pusillanimity,词,NOUN,C1
pusillanimous,pusillanimous,怯懦的,ADJ,B2
put forward,put forward,提出,VERB,B2
putative,putative,词,ADJ,C1
puñalada por la espalda,backstab,背刺,NOUN,B2
puño,fist,拳头,NOUN,B2
pálido,pale,苍白的,ADJ,B2
páncreas,pancreas,胰腺,NOUN,B2
párpado,eyelid,眼皮,NOUN,B2
párrafo,paragraph,段落,NOUN,B2
públicamente,publicly,公开地,ADV,B2
público,public,公众,NOUN,B2
púrpura,purple,紫色,ADJ,B2
qasida form,qasida form,词,NOUN,C1
qraqeb,qraqeb,克拉克斯布,NOUN,B2
quaint,quaint,词,ADJ,C1
qualifier,qualifier,资格赛,NOUN,C1
qualifiers,qualifiers,词,NOUN,B2
qualifying,qualifying,词,ADJ,C1
quantum,quantum,量子的,ADJ,B2
quarantine (noun),quarantine,词,NOUN,C1
quarantine (verb),quarantine,隔离,VERB,C1
quarrelsome,quarrelsome,词,ADJ,C1
quarry,quarry,词,NOUN,B1
quarter of an hour,quarter of an hour,词,NOUN,C1
quarterly report,quarterly report,季报,NOUN,C1
quartz,quartz,词,NOUN,C1
quashing,quashing,撤销,NOUN,B2
quaternary,quaternary,第四的,ADJ,B2
que,than,比,ADP,B2
quebrar,to go bankrupt,破产,VERB,B2
queer,queer,词,ADJ,C1
quemado,burnt,烧焦的,ADJ,B2
quemadura,burn,烧伤,NOUN,B2
quench,quench,词,VERB,C1
querer,want,想,AUX,B2
querer,to think to want,想,VERB,B2
querer necesitar,to want to need will,要,VERB,B2
querulous,querulous,词,ADJ,C1
question mark,question mark,词,PUNCT,A2
question particle,question particle,吗,PART,A1
questionnaire,questionnaire,词,NOUN,C1
questions,questions,词,NOUN,C1
quibble,quibble,词,NOUN,C1
quibbling,quibbling,词,NOUN,C1
quick arrival,quick arrival,赶紧到,NOUN,B2
quick departure,quick departure,快去,NOUN,C1
quick lie-down,quick lie-down,快躺,NOUN,B2
quick removal,quick removal,赶快脱,NOUN,B2
quick speech,quick speech,快说,NOUN,B2
quick thought,quick thought,快想,NOUN,C1
quick wit,quick wit,机智,NOUN,B2
quick-frying,quick-frying,溜,NOUN,C1
quick-witted,quick-witted,词,ADJ,C1
quickly (part),quickly,速,PART,C1
quiddity,quiddity,本质,NOUN,B2
quiescent,quiescent,词,ADJ,C1
quiet (noun),quiet,词,NOUN,A1
quietly,quietly,悄悄,ADV,B1
quieto,quiet,安静的,ADJ,B2
quietude,quietude,词,NOUN,C1
quill,quill,词,NOUN,C1
quint,quint,词,NOUN,C1
quintain,quintain,五联诗,NOUN,C1
quintessential,quintessential,词,ADJ,C1
quinto,fifth,خامس,ADJ,B2
quip,quip,词,NOUN,C1
quirk,quirk,词,NOUN,C1
quirky,quirky,词,ADJ,C1
quit,quit,词,VERB,A2
quita de zapatos,shoe removal,鞋脱,NOUN,B2
quite (noun),quite,还挺,NOUN,C1
quite a few,quite a few,不少,ADJ,B2
quite good,quite good,挺好,NOUN,B2
quits,quits,词,ADJ,C1
quivering,quivering,颤抖的,ADJ,B2
quixotic,quixotic,词,ADJ,C1
quizás,maybe,也许,ADV,B2
quota sharing,quota sharing,配额分享,NOUN,C1
quote,quote,报价单,NOUN,B2
quotidian,quotidian,词,ADJ,C1
química,chemistry,化学,NOUN,B2
químico,chemical,化学的,ADJ,B2
rabble,rabble,词,NOUN,C1
rabiar,to rage,狂怒,VERB,B2
rabino,rabbi,拉比,NOUN,B2
racionalidad,rationality,理性,NOUN,B2
racionalismo,rationalism,理性主义,NOUN,B2
racionalización,rationalization,合理化,NOUN,B2
racismo,racism,种族主义,NOUN,B2
racist,racist,种族主义者,NOUN,B2
racist (adj),racist,种族主义的,ADJ,C1
ración,ration,配给,NOUN,B2
racketeering,racketeering,词,NOUN,B2
radar,radar,词,NOUN,B2
radiación,radiation,辐射,NOUN,B2
radiactivo,radioactive,放射性的,ADJ,B2
radiador,radiator,暖气片,NOUN,B2
radiant,radiant,容光焕发的,ADJ,B2
radiation-proof,radiation-proof,防辐射,ADJ,C1
radical,radical,激进的,ADJ,B2
radicalism,radicalism,词,NOUN,C1
radically,radically,彻底地,ADV,B2
radio,radio,收音机,NOUN,B2
radio silence,radio silence,词,NOUN,C1
radioactivity,radioactivity,词,NOUN,C1
radiodifusión,broadcasting,广播,NOUN,B2
radiography rays,radiography rays,词,NOUN,C1
radiology,radiology,词,NOUN,C1
radiotherapy,radiotherapy,放疗,NOUN,B2
radius,radius,半径,NOUN,B2
rags,rags,词,NOUN,B2
ragtag,ragtag,词,ADJ,C1
rai,rai,词,NOUN,B2
raider,raider,词,NOUN,C1
raids,raids,词,NOUN,C1
railroad,railroad,词,NOUN,B2
rails,rails,词,NOUN,C1
rain clouds,rain clouds,词,NOUN,C1
rain shower,rain shower,阵雨,NOUN,B2
rainstorm,rainstorm,暴雨,NOUN,B2
rainy,rainy,多雨的,ADJ,B2
rainy day,rainy day,雨天,NOUN,C1
raise (noun),raise,词,NOUN,B1
raising tiger,raising tiger,养虎,NOUN,C1
raisins,raisins,词,NOUN,A2
rajaz poem,rajaz poem,词,NOUN,C1
rake,rake,耙子,NOUN,B2
rally (noun),rally,词,NOUN,B2
rallying,rallying,词,NOUN,C1
rambunctious,rambunctious,词,ADJ,C1
rampa,ramp,坡道,NOUN,B2
rampart,rampart,词,NOUN,C1
ramshackle,ramshackle,词,ADJ,C1
ran,ran,跑,ADJ,B2
rana,frog,青蛙,NOUN,B2
ranch,ranch,词,NOUN,B2
rancher,rancher,词,NOUN,C1
rancorous,rancorous,词,ADJ,C1
random movement,random movement,乱动,NOUN,C1
random posting,random posting,乱贴,NOUN,B2
randomly,randomly,词,ADV,B2
range zone,range zone,词,NOUN,C1
ranger,ranger,词,NOUN,B2
rango,rank,等级,NOUN,B2
rank conferral,rank conferral,授衔,NOUN,C1
ranking classification,ranking classification,词,NOUN,C1
rapacious,rapacious,词,ADJ,C1
rapacity,rapacity,词,NOUN,C1
rapidly,rapidly,词,ADV,B2
rapper,rapper,说唱歌手,NOUN,B2
rapporteur,rapporteur,词,NOUN,C1
rapturous,rapturous,词,ADJ,C1
raqueta,racket,球拍,NOUN,B2
raramente,rarely,很少,ADV,B2
rare earth,rare earth,稀土,NOUN,B2
rare sight,rare sight,少见,NOUN,B2
rarity,rarity,希罕,NOUN,C1
raro,rare,稀有的,ADJ,B2
raro,freak,怪人,NOUN,B2
rash,rash,皮疹,NOUN,B2
rashly,rashly,轻举,ADV,B2
rashness,rashness,你贸然,NOUN,C1
raspy,raspy,词,ADJ,C1
rata,rat,老鼠,NOUN,B2
rate,rate,比率,NOUN,B2
rate percentage,rate percentage,词,NOUN,B2
rate price,rate price,词,NOUN,C1
rather but,rather but,词,CCONJ,A2
rather more precisely,rather more precisely,词,ADV,C1
rather on the contrary,rather on the contrary,词,CCONJ,B2
rather than,rather than,与其,CCONJ,B1
ratio,ratio,比率,NOUN,B2
rational,rational,词,ADJ,B2
rationalist,rationalist,词,NOUN,B2
rationalization conservation,rationalization conservation,词,NOUN,C1
rato,a while,一会儿,NOUN,B2
rattling,rattling,词,NOUN,C1
ratón,mouse,老鼠,NOUN,B2
raucous,raucous,词,ADJ,C1
ravenous,ravenous,词,ADJ,C1
ravine,ravine,沟壑,NOUN,B2
raw material scarcity,raw material scarcity,词,NOUN,C1
raw ore,raw ore,词,ADJ,C1
rayo,ray,光线,NOUN,B2
rays,rays,词,NOUN,B2
rays of light,rays of light,光芒,NOUN,B2
raza,breed,品种,NOUN,B2
raze,raze,词,VERB,C1
razonable,reasonable,合理的,ADJ,B2
razonamiento,reasoning,论证,NOUN,B2
razonar,to reason,推理,VERB,B2
razor blade,razor blade,词,NOUN,B1
re-ability,re-ability,再能,NOUN,C1
re-accident,re-accident,重偶,NOUN,C1
re-admission,re-admission,重纳,NOUN,B2
re-analysis,re-analysis,重析,NOUN,B2
re-argument,re-argument,重论,NOUN,B2
re-art,re-art,再艺,NOUN,C1
re-attribution,re-attribution,再归,NOUN,C1
re-basis,re-basis,再据,NOUN,B2
re-camino,re-path,重径,NOUN,B2
re-cantidad,re-quantity,再量,NOUN,B2
re-categorization,re-categorization,改畴,NOUN,C1
re-cause,re-cause,再因,NOUN,C1
re-combination,re-combination,再合,NOUN,C1
re-concretization,re-concretization,再具,NOUN,B2
re-contingency,re-contingency,再偶,NOUN,C1
re-count,re-count,重数,NOUN,B2
re-criterion,re-criterion,重准,NOUN,B2
re-decision,re-decision,再断,NOUN,C1
re-differentiation,re-differentiation,再殊,NOUN,C1
re-direction,re-direction,再方,NOUN,C1
re-distinction,re-distinction,重殊,NOUN,C1
re-division,re-division,再分,NOUN,C1
re-domain,re-domain,再畴,NOUN,C1
re-echo,re-echo,再响,NOUN,B2
re-edited collection,re-edited collection,再辑,NOUN,C1
re-editing,re-editing,改辑,NOUN,C1
re-efficacy,re-efficacy,再效,NOUN,C1
re-elect,re-elect,连任,VERB,C1
re-enrutamiento,re-routing,改轨,NOUN,B2
re-envío,re-submission,再上,NOUN,B2
re-equipment,re-equipment,重具,NOUN,C1
re-essence,re-essence,重本,NOUN,C1
re-essentialization,re-essentialization,再本,NOUN,C1
re-examination,re-examination,改察,NOUN,C1
re-extraction,re-extraction,再抽,NOUN,C1
re-face,re-face,重面,NOUN,B2
re-form,re-form,再形,NOUN,C1
re-generalization,re-generalization,重般,NOUN,B2
re-grade,re-grade,再级,NOUN,C1
re-grading,re-grading,改级,NOUN,B2
re-image,re-image,再象,NOUN,C1
re-imagination,re-imagination,再想,NOUN,C1
re-imaging,re-imaging,改象,NOUN,C1
re-inclusion,re-inclusion,再纳,NOUN,C1
re-inference,re-inference,再推,NOUN,C1
re-interior,re-interior,重内,NOUN,B2
re-interpretation,re-interpretation,再绎,NOUN,B2
re-iteration,re-iteration,重遍,NOUN,C1
re-judgment,re-judgment,再判,NOUN,B2
re-layer,re-layer,再层,NOUN,C1
re-limitation,re-limitation,改限,NOUN,C1
re-lineage,re-lineage,再系,NOUN,C1
re-límite,re-limit,重限,NOUN,B2
re-lógica,re-logic,再逻,NOUN,B2
re-mark,re-mark,再标,NOUN,C1
re-marking,re-marking,改标,NOUN,C1
re-measurement,re-measurement,改量,NOUN,C1
re-merit,re-merit,再功,NOUN,C1
re-method,re-method,再法,NOUN,C1
re-model,re-model,再范,NOUN,C1
re-momentum,re-momentum,再势,NOUN,C1
re-naturalization,re-naturalization,再然,NOUN,C1
re-nature,re-nature,再性,NOUN,C1
re-necessitation,re-necessitation,再必,NOUN,C1
re-necessity,re-necessity,重必,NOUN,C1
re-number,re-number,再数,NOUN,C1
re-observation,re-observation,再观,NOUN,B2
re-opportunity,re-opportunity,再机,NOUN,B2
re-orden,re-order,重序,NOUN,B2
re-orientation,re-orientation,再向,NOUN,C1
re-origin,re-origin,再原,NOUN,C1
re-popularization,re-popularization,再普,NOUN,B2
re-possibility,re-possibility,重可,NOUN,B2
re-process,re-process,再程,NOUN,B2
re-proof,re-proof,再证,NOUN,C1
re-quality,re-quality,重质,NOUN,C1
re-razón,re-reason,重理,NOUN,B2
re-reality,re-reality,再实,NOUN,C1
re-ritmo,re-pace,重骤,NOUN,B2
re-route,re-route,重路,NOUN,B2
re-rule,re-rule,再则,NOUN,C1
re-sampling,re-sampling,重抽,NOUN,C1
re-search,re-search,我再搜一,NOUN,C1
re-secuenciación,re-sequencing,改骤,NOUN,B2
re-segment,re-segment,再段,NOUN,C1
re-segmentation,re-segmentation,改段,NOUN,C1
re-shape,re-shape,重形,NOUN,C1
re-significado,re-meaning,再义,NOUN,B2
re-skill,re-skill,再技,NOUN,C1
re-sole,re-sole,再唯,NOUN,B2
re-specialization,re-specialization,重特,NOUN,B2
re-staging,re-staging,改阶,NOUN,B2
re-standardization,re-standardization,改范,NOUN,C1
re-state,re-state,再态,NOUN,C1
re-step,re-step,再步,NOUN,C1
re-stepping,re-stepping,改步,NOUN,C1
re-strategy,re-strategy,再略,NOUN,C1
re-substance,re-substance,再质,NOUN,B2
re-suffering,re-suffering,再受,NOUN,B2
re-surface,re-surface,再面,NOUN,C1
re-surfacing,re-surfacing,改面,NOUN,C1
re-synthesis,re-synthesis,再综,NOUN,B2
re-system,re-system,重制,NOUN,C1
re-technique,re-technique,重术,NOUN,C1
re-thought,re-thought,再思,NOUN,C1
re-tier,re-tier,再阶,NOUN,C1
re-tolerance,re-tolerance,再容,NOUN,B2
re-trace,re-trace,再迹,NOUN,C1
re-track,re-track,再轨,NOUN,C1
re-traversal,re-traversal,再遍,NOUN,B2
re-unification,re-unification,再一,NOUN,C1
re-universalization,re-universalization,重普,NOUN,C1
re-verification,re-verification,改证,NOUN,B2
reach position,reach position,及位,NOUN,B2
reach suffice,reach suffice,词,VERB,B2
reactionary,reactionary,反动,ADJ,B2
reactivo,reactive,反应的,ADJ,B2
reactor,reactor,反应堆,NOUN,B2
read out,read out,宣读,VERB,C1
readability,readability,词,NOUN,C1
readiness to help,readiness to help,词,NOUN,C1
ready finished,ready finished,准备好的/完成的,ADJ,B2
reaffirm,reaffirm,词,VERB,B2
real,real,真实的,ADJ,B2
real,royal,皇家的,ADJ,B2
real estate agent,real estate agent,词,NOUN,C1
real person,real person,真人,NOUN,C1
real trouble,real trouble,真麻烦,NOUN,C1
realismo,realism,现实主义,NOUN,B2
realist,realist,词,NOUN,C1
realistic,realistic,现实的,ADJ,B2
reality TV,reality TV,词,NOUN,C1
realizar,to realize,意识到,VERB,B2
realization,realization,后知,NOUN,C1
really (noun),really,真是,NOUN,C1
really not,really not,真不,ADV,A2
really pass,really pass,真过,NOUN,C1
really should,really should,真该,NOUN,C1
really true,really true,真,ADV,A1
reaper,reaper,词,NOUN,C1
reappearance,reappearance,再现,NOUN,C1
rearing,rearing,养有,NOUN,C1
rearmament,rearmament,词,NOUN,C1
rearview mirror,rearview mirror,后视镜,NOUN,C1
reason and justice common sense,reason and justice common sense,情理,NOUN,B2
reasonably,reasonably,词,ADV,C1
reasoned,reasoned,经过推理的,ADJ,B2
reassuring,reassuring,词,ADJ,B1
rebab,rebab,列巴布琴,NOUN,B2
rebelarse,rebel,反叛者,NOUN,B2
rebelarse,to rebel,反叛,VERB,B2
rebelión,rebellion,叛乱,NOUN,B2
rebirth,rebirth,词,NOUN,B2
reboot,reboot,词,VERB,C1
rebound (noun),rebound,词,NOUN,C1
rebound (verb),rebound,词,VERB,C1
rebuff,rebuff,词,VERB,C1
recado,errand,差事,NOUN,B2
recalcitrant,recalcitrant,词,ADJ,C1
recalibrate,recalibrate,词,VERB,B2
recalibration,recalibration,改准,NOUN,C1
recall,recall,回忆,NOUN,B2
recant,recant,词,VERB,C1
recapitulate,recapitulate,词,VERB,C1
recaudar,to raise donations,募捐,VERB,B2
recaída,relapse,再犯,NOUN,B2
recede,recede,词,VERB,C1
receding ebbing,receding ebbing,衰退/退潮,NOUN,C1
receipt discharge,receipt discharge,词,NOUN,C1
receipts,receipts,词,NOUN,C1
receivables,receivables,词,NOUN,C1
receive foreign exchange,receive foreign exchange,收汇,VERB,C1
receiving stolen goods,receiving stolen goods,窝赃,NOUN,B2
recent,recent,词,ADJ,B2
recent past,recent past,前些,NOUN,C1
receptor,receiver,接收器,NOUN,B2
recesión,recession,衰退,NOUN,B2
recess,recess,词,NOUN,C1
recharge (noun),recharge,词,NOUN,B2
rechazar,to refuse,拒绝,VERB,B2
rechazo,refusal,拒绝,NOUN,B2
rechazo,rejection,拒绝,NOUN,B2
rechazo temporal,temporary refusal,暂不,NOUN,B2
recibir atención mundial,to receive worldwide attention,举世瞩目,VERB,B2
recibir correo,to receive mail,收件,VERB,B2
recibir órdenes,to receive orders,受命,VERB,B2
recibo,receipt,收据,NOUN,B2
reciclaje,recycling,回收利用,NOUN,B2
reciclar,to recycle,回收利用,VERB,B2
recientemente,recently,最近,ADV,B2
reciprocally,reciprocally,词,ADV,B2
reciprocate,reciprocate,词,VERB,C1
recitar,to recite,背诵,VERB,B2
recitation,recitation,词,NOUN,C1
reckoning,reckoning,它算,NOUN,C1
reclamo,claim,要求,NOUN,B2
reclassification,reclassification,再类,NOUN,C1
reclinación,reclining,躺下,NOUN,B2
recline,recline,词,VERB,C1
reclusive,reclusive,词,ADJ,C1
reclutamiento,recruitment,招聘,NOUN,B2
reclutar,to recruit,招募,VERB,B2
recoger,to pick,挑选,VERB,B2
recognizable,recognizable,可辨认的,ADJ,B2
recognized,recognized,词,NOUN,B2
recombate,re-battle,重战,NOUN,B2
recombination,recombination,再结,NOUN,C1
recomendación,recommendation,推荐,NOUN,B2
recomendación de otros,recommendation by others,他荐,NOUN,B2
recommended,recommended,词,ADJ,C1
recompensar,to reward,奖励,VERB,B2
recompense,recompense,词,VERB,C1
recondite,recondite,词,ADJ,C1
reconfiguration,reconfiguration,再构,NOUN,C1
reconfortar,to reassure,使安心,VERB,B2
reconforto,reassurance,安抚,NOUN,B2
reconforto de la madre,mother's reassurance,娘放心,NOUN,B2
reconnoiter,reconnoiter,词,VERB,C1
reconocer,to know to recognize,认识,VERB,B2
reconocimiento,recognition,认可,NOUN,B2
reconocimiento facial,face recognition,认人,NOUN,B2
reconquest,reconquest,词,NOUN,C1
reconsideración,reconsideration,重思,NOUN,B2
reconsiderar,to reconsider,重新考虑,VERB,B2
reconstrucción,reconstruction,重建,NOUN,B2
reconstruir,to rebuild,重建,VERB,B2
recontar,to retell,转述,VERB,B2
recordar,to recall,回忆,VERB,B2
recordar,to remind,提醒,VERB,B2
recorded broadcast,recorded broadcast,录播,NOUN,C1
recorder,recorder,记录者,NOUN,C1
recorte de papel,paper cutting,剪纸,NOUN,B2
recounting,recounting,再叙,NOUN,B2
recoup,recoup,词,VERB,C1
recourse,recourse,求助,NOUN,B2
recreación,re-creation,再作,NOUN,B2
recreación,re-enactment,再演,NOUN,B2
recreation,recreation,娱乐,NOUN,B2
recruit,recruit,新兵,NOUN,B2
recruiter,recruiter,招聘人员,NOUN,B2
recruitment-related,recruitment-related,词,ADJ,C1
rectangular,rectangular,词,ADJ,C1
rectifier,rectifier,词,NOUN,C1
rectitud,righteousness,亦正,NOUN,B2
rector,rector,词,NOUN,C1
recuerdo,remembrance,纪念,NOUN,B2
recuerdo,souvenir,纪念品,NOUN,B2
recuperación,retrieval,检索,NOUN,B2
recuperación de Qingming,retrieve qingming,拿回青冥,NOUN,B2
recuperar,to retrieve,取回,VERB,B2
recuperarse,to recuperate,恢复,VERB,B2
recuperation,recuperation,养伤,NOUN,B2
recur,recur,词,VERB,B2
recurrencia,recurrence,往复,NOUN,B2
recurring,recurring,词,ADJ,C1
recursive,recursive,词,ADJ,C1
recusación,recusal,回避,NOUN,B2
recycled item,recycled item,再物,NOUN,B2
recíproco,reciprocal,互惠的,ADJ,B2
red,net,网,NOUN,B2
red,network,网络,NOUN,B2
red blood cell,red blood cell,红细胞,NOUN,C1
red robe,red robe,红衣,NOUN,B2
red-haired,red-haired,词,ADJ,B2
redact,redact,词,VERB,C1
redada,raid,突袭,NOUN,B2
redefinición,redefinition,改界,NOUN,B2
redesign,redesign,词,NOUN,C1
redevelopment,redevelopment,词,NOUN,C1
redolent,redolent,词,ADJ,C1
redondo,round,圆的,ADJ,B2
redoubtable,redoubtable,词,ADJ,C1
redrawing,redrawing,重新绘制,NOUN,B2
redress,redress,词,VERB,B2
reducir,to reduce,减少,VERB,B2
reduction,reduction,减少,NOUN,B2
reductionism,reductionism,词,NOUN,C1
redundancy,redundancy,冗余,NOUN,B2
redundant,redundant,多余的,ADJ,B2
reed pen,reed pen,词,NOUN,C1
reeditar,to reissue,补办,VERB,B2
reefs,reefs,词,NOUN,B2
reel,reel,词,NOUN,C1
reembolsar,to reimburse,偿还,VERB,B2
reembolso,refund,退款,NOUN,B2
reembolso,repayment,偿还,NOUN,B2
reemplazar,to replace,替换,VERB,B2
reemplazo,replacement,替代品,NOUN,B2
refereed,refereed,词,ADJ,C1
reference framework,reference framework,词,NOUN,C1
references,references,词,NOUN,C1
referencia,reference,参考,NOUN,B2
referendum-related,referendum-related,词,ADJ,B2
referirse,to refer,参考,VERB,B2
referral,referral,词,NOUN,C1
referéndum,referendum,公民投票,NOUN,B2
refinado,refined,精炼的,ADJ,B2
refinamiento,refinement,修养,NOUN,B2
refinamiento,refining,提炼,NOUN,B2
refinement elevation,refinement elevation,词,NOUN,C1
refinery,refinery,词,NOUN,C1
reflective,reflective,词,ADJ,C1
reflejar,to reflect,反映,VERB,B2
reflex,reflex,词,NOUN,C1
reflexión,reflection,思考,NOUN,B2
reflexión inversa,reverse reflection,反影,NOUN,B2
reflujo,backflow,倒流,NOUN,B2
reforestación,reforestation,重新造林,NOUN,B2
reform (noun),reform,变革,NOUN,B2
reformar,reform,改革,NOUN,B2
reformar,to reform,改革,VERB,B2
reformatory,reformatory,词,NOUN,C1
reformismo,reformism,改唯,NOUN,B2
reformist,reformist,改良型,ADJ,C1
reforms,reforms,词,NOUN,C1
reformulation,reformulation,重新表述,NOUN,B2
reforzar,to reinforce,加强,VERB,B2
refractory,refractory,词,ADJ,C1
refreshing,refreshing,令人清爽的,ADJ,B2
refrigerador,fridge,冰箱,NOUN,B2
refrigeration,refrigeration,词,NOUN,C1
refuerzo,reinforcement,增援,NOUN,B2
refugiado,refugee,难民,NOUN,B2
refugio,refuge,避难所,NOUN,B2
refulgent,refulgent,词,ADJ,C1
refunfuño,grumbling,抱怨,NOUN,B2
refurbish,refurbish,词,VERB,C1
refusal to take oath,refusal to take oath,词,NOUN,C1
refutable,refutable,可反驳的,ADJ,B2
refutación,rebuttal,反驳,NOUN,B2
refutar,to rebut,反驳,VERB,B2
refutar,to refute,驳斥,VERB,B2
refutation,refutation,词,NOUN,C1
regal,regal,词,ADJ,C1
regar,to water,浇水,VERB,B2
regard (noun),regard,得顾,NOUN,C1
regard (verb),regard,词,VERB,B2
regardless,regardless,不管,ADP,B2
regardless (adv),regardless,不管,ADV,B2
regardless (sconj),regardless,任凭,SCONJ,B2
regatear,to haggle,讨价还价,VERB,B2
regateo,haggling,计较,NOUN,B2
regañar,to scold,训斥,VERB,B2
regenerate,regenerate,再生,VERB,C1
regeneration,regeneration,再生,NOUN,B2
regent,regent,词,NOUN,C1
regimen,regimen,词,NOUN,C1
regiment,regiment,词,NOUN,B2
regional,regional,地区的,ADJ,B2
regionalism,regionalism,区域主义,NOUN,C1
regionalization,regionalization,词,NOUN,C1
regions,regions,地区,NOUN,C1
register (noun),register,词,NOUN,B1
registered,registered,注册的,ADJ,B2
registered mail,registered mail,挂号信,NOUN,B2
registration number,registration number,词,NOUN,C1
registro,registration,注册,NOUN,B2
regocijarse,to rejoice,欢欣,VERB,B2
regresar,to go back,回去,VERB,B2
regresar primero,to return first,先回,VERB,B2
regresivo,regressive,退步的,ADJ,B2
regresión,regression,倒退,NOUN,B2
regrettable,regrettable,词,ADJ,B2
regulación,regulation,规章,NOUN,B2
regular,regular,规律的,ADJ,B2
regular,to regulate,调节,VERB,B2
regularity,regularity,规律性,NOUN,B2
regularization,regularization,词,NOUN,C1
regularly,regularly,定期地,ADV,B2
regulated,regulated,词,ADJ,C1
regulator,regulator,词,NOUN,C1
regulatory,regulatory,监管的,ADJ,B2
rehabilitation,rehabilitation,康复,NOUN,B2
rehabilitative,rehabilitative,词,ADJ,B2
rehearsal,rehearsal,排练,NOUN,B2
reification,reification,词,NOUN,C1
reign,reign,统治,NOUN,B2
rein,rein,词,NOUN,C1
reincarnation,reincarnation,再体,NOUN,B2
reinforced,reinforced,词,ADJ,C1
reining,reining,勒马,NOUN,B2
reino,realm,领域,NOUN,B2
reins,reins,词,NOUN,B2
reintegration,reintegration,词,NOUN,C1
reintroducción,retype,再型,NOUN,B2
reissue (noun),reissue,词,NOUN,C1
reiterar,to reiterate,重申,VERB,B2
relacionado,related,相关的,ADJ,B2
relajación,relaxation,缓和,NOUN,B2
relajado,relaxed,放松的,ADJ,B2
relapse (verb),relapse,词,VERB,B2
relatar,to recount,转述,VERB,B2
relatar,to relate to narrate,叙述,VERB,B2
relating to birth,relating to birth,词,ADJ,C1
relation,relation,词,NOUN,B1
relational,relational,词,ADJ,B2
relativamente,relatively,相对地,ADV,B2
relativamente hablando,relatively speaking,相对而言,ADV,B2
relativismo,relativism,相对主义,NOUN,B2
relativist,relativist,词,ADJ,C1
relativity,relativity,词,NOUN,C1
relativo,relative,相对的,ADJ,B2
relaxed comfortable,relaxed comfortable,词,ADJ,A2
relaxed loose,relaxed loose,放松的 / 松的,ADJ,B2
release after serving sentence,release after serving sentence,刑满释放,VERB,C1
release of lien,release of lien,解除扣押,NOUN,B2
released,released,获释的,ADJ,B2
relentless,relentless,无情的,ADJ,B2
relentlessness,relentlessness,不懈 / 猛烈,NOUN,B2
relevancia,relevance,相关性,NOUN,B2
relieved,relieved,宽慰的,ADJ,B2
religiosity,religiosity,笃信宗教,NOUN,B2
religious,religious,宗教的,ADJ,B2
religious chanter,religious chanter,词,NOUN,C1
religious chanting,religious chanting,词,NOUN,C1
religious scholar,religious scholar,词,NOUN,B1
religious strife,religious strife,宗教纷争,NOUN,B2
religious war,religious war,宗教战争,NOUN,B2
religiously,religiously,词,ADV,C1
religiousness,religiousness,虔诚,NOUN,B2
relinchar,to neigh,嘶鸣,VERB,B2
relinquish,relinquish,词,VERB,C1
reliquia cultural,cultural relic,文物,NOUN,B2
relocation,relocation,搬家,NOUN,B2
reloj,watch,手表,NOUN,B2
reluctance,reluctance,不情愿,NOUN,B2
remaining,remaining,,NOUN,B2
remaining (adj),remaining,词,ADJ,C1
remains spoils,remains spoils,遗体，战利品,NOUN,B2
remand,remand,词,NOUN,B2
remanufacture,remanufacture,再制,NOUN,B2
remar,to row,划船,VERB,B2
remark (verb),remark,词,VERB,B2
remarkable,remarkable,非凡的,ADJ,B2
remarkably,remarkably,显著地,ADV,B2
remarks,remarks,说些,NOUN,C1
rematch,rematch,再战,NOUN,C1
remedial,remedial,词,ADJ,C1
remediar,to remedy,补救,VERB,B2
remediation,remediation,词,NOUN,B2
remendar,to mend,修补,VERB,B2
reminder,reminder,提醒物,NOUN,B2
reminisce,reminisce,词,VERB,C1
reminiscent,reminiscent,词,ADJ,C1
remiss,remiss,词,ADJ,C1
remission,remission,词,NOUN,C1
remit,remit,词,VERB,C1
remittance,remittance,汇款,NOUN,C1
remnant,remnant,词,NOUN,C1
remo,oar,桨,NOUN,B2
remodel,remodel,再模,NOUN,C1
remorse regret,remorse regret,悔恨,NOUN,C1
remote work,remote work,远程办公,NOUN,B2
remoto,remote,遥远的,ADJ,B2
removal deforestation,removal deforestation,词,NOUN,C1
removal deletion,removal deletion,词,NOUN,C1
remove stitches,remove stitches,拆线,VERB,C1
removed,removed,移除的,ADJ,B2
removing roots,removing roots,除根,NOUN,C1
renacimiento,renaissance,复兴,NOUN,B2
renal,renal,肾脏的,ADJ,B2
renascent,renascent,词,ADJ,C1
rencor,grudge,怨恨,NOUN,B2
rend,rend,词,VERB,C1
render,render,词,VERB,C1
rendición,surrender,投降,NOUN,B2
rendirse,to give up,放弃,VERB,B2
rendition,rendition,词,NOUN,C1
renegade,renegade,词,NOUN,C1
renegar,to disavow,否认,VERB,B2
renegar,to renege,食言,VERB,B2
renewable energy,renewable energy,可再生能源,NOUN,C1
renewalism,renewalism,革新主义,NOUN,C1
renewed heart,renewed heart,再心,NOUN,C1
renewed respect,renewed respect,刮目相看,NOUN,C1
renewer,renewer,词,NOUN,C1
renminbi,renminbi,人民币,NOUN,B2
renombre,renown,声誉,NOUN,B2
renounce,renounce,词,VERB,C1
renovable,renewable,可再生的,ADJ,B2
renovación,renewal,更新,NOUN,B2
renovación,renovation,翻新,NOUN,B2
renovar,to renew,更新,VERB,B2
renowned,renowned,著名的,ADJ,B2
rent a car,rent a car,租车,VERB,C1
rentable,profit-making,营利性,ADJ,B2
rental,rental,词,ADJ,C1
rentierism,rentierism,词,NOUN,C1
renumbering,renumbering,改数,NOUN,C1
renunciation,renunciation,放弃,NOUN,B2
reopening,reopening,词,NOUN,C1
reoperación,reoperation,再术,NOUN,B2
reordering,reordering,改序,NOUN,B2
reorganización,reorganization,重组,NOUN,B2
reorientation,reorientation,改态,NOUN,C1
repagar,to repay,偿还,VERB,B2
reparable,reparable,词,ADJ,C1
reparación,repair,修理,NOUN,B2
reparación,reparation,赔偿,NOUN,B2
repast,repast,词,NOUN,C1
repatriate,repatriate,词,VERB,C1
repatriation,repatriation,词,NOUN,C1
repayment time,repayment time,还时,NOUN,C1
repeal (noun),repeal,词,NOUN,C1
repeat customer,repeat customer,再客,NOUN,C1
repelling,repelling,词,VERB,C1
repentinamente,suddenly,突然地,ADV,B2
repertoire,repertoire,全部曲目,NOUN,B2
repetición,again,再次,ADV,B2
repetición,repetition,重复,NOUN,B2
repetidamente,repeatedly,反复地,ADV,B2
repetido,repeated,反复的,ADJ,B2
repetitive,repetitive,词,ADJ,C1
rephotography,rephotography,再影,NOUN,C1
replacement for Jin,replacement for Jin,替锦,NOUN,C1
replanificación,replanning,再策,NOUN,B2
replenish,replenish,词,VERB,C1
replica,replica,词,NOUN,C1
reply,reply,回复,NOUN,B2
report a crime,report a crime,报案,VERB,C1
report an offense,report an offense,检举,VERB,C1
report back,report back,复命,VERB,B2
report card,report card,成绩单,NOUN,B2
report completion,report completion,交差,VERB,C1
report loss,report loss,挂失,VERB,C1
reportage,reportage,词,NOUN,C1
reportero,reporter,记者,NOUN,B2
reporting,reporting,报道,NOUN,B2
reposicionamiento,repositioning,重新定位,NOUN,B2
reprecio,reprice,再价,NOUN,B2
representación,representation,代表,NOUN,B2
representar,to depict,描绘,VERB,B2
representational,representational,词,ADJ,C1
representatividad,representativeness,代表性,NOUN,B2
representativo,representative,有代表性的,ADJ,B2
represivo,repressive,压制的,ADJ,B2
represión,repression,镇压,NOUN,B2
repressed,repressed,词,ADJ,C1
reprieve,reprieve,暂缓执行,NOUN,B2
reprimenda,reprimand,训斥,NOUN,B2
reprimir,to repress,镇压,VERB,B2
reprint,reprint,词,NOUN,C1
reprisal,reprisal,词,NOUN,C1
reprisals,reprisals,词,NOUN,C1
reproachable,reproachable,应受责备的,ADJ,B2
reprobate,reprobate,词,NOUN,C1
reproche,rebuke,责备,NOUN,B2
reproche,reproach,责备,NOUN,B2
reproducción,reproduction,繁殖,NOUN,B2
reproducibility,reproducibility,可重复性,NOUN,B2
reproductive,reproductive,词,ADJ,C1
reprogramming,reprogramming,改程,NOUN,B2
reptiles,reptiles,词,NOUN,B2
republicanism,republicanism,词,NOUN,C1
republicano,republican,共和的,ADJ,B2
repudiate,repudiate,词,VERB,C1
repugnant,repugnant,词,ADJ,C1
repulsivo,repulsive,令人反感的,ADJ,B2
repulso,repulse,击退,NOUN,B2
reputable,reputable,词,ADJ,C1
repute,repute,词,NOUN,C1
república,republic,共和国,NOUN,B2
requerido,required,必需的,ADJ,B2
requerir,to require,需要,VERB,B2
request to rest,request to rest,请息,NOUN,C1
required course,required course,必修课,NOUN,C1
requirement,requirement,要求,NOUN,B2
requirements,requirements,词,NOUN,C1
requisite,requisite,词,NOUN,C1
requisition,requisition,词,NOUN,C1
rerun,rerun,重播,NOUN,B2
rescheduling,rescheduling,词,NOUN,C1
rescind,rescind,词,VERB,C1
rescue a-fang,rescue a-fang,救阿方,NOUN,B2
research,research,研究,NOUN,B2
research,to research,研究,VERB,B2
research center,research center,研究中心,NOUN,C1
research topic,research topic,课题,NOUN,B2
researcher,researcher,研究员,NOUN,B2
resection,resection,切除术,NOUN,B2
resemblance,resemblance,相似,NOUN,B2
resemble,to resemble,像,VERB,B2
resent,resent,词,VERB,C1
resentful,resentful,充满愤恨的,ADJ,B2
reserva natural,nature reserve,自然保护区,NOUN,B2
reservar,to book,预订,VERB,B2
reserve,reserve,预备,NOUN,B2
reserve price,reserve price,底价,NOUN,C1
reserve protected area,reserve protected area,词,NOUN,C1
reserved,reserved,保留的,ADJ,B2
reserves,reserves,储备,NOUN,B2
reservoir,reservoir,水库,NOUN,B2
resettlement,resettlement,重新安置,NOUN,B2
reshaping,reshaping,改形,NOUN,B2
reshoring,reshoring,词,NOUN,B2
reshuffle,reshuffle,词,NOUN,C1
reside,to reside,居住,VERB,B2
residence,residence,住所,NOUN,B2
residence housing,residence housing,词,NOUN,A2
resident,resident,居民,NOUN,B2
resident (adj),resident,定居的,ADJ,B2
residential,residential,词,ADJ,B2
residual,residual,残留的,ADJ,B2
residues waste,residues waste,残留物 / 废弃物,NOUN,C1
resigned submission,resigned submission,词,NOUN,C1
resilience,resilience,词,NOUN,C1
resilient,resilient,词,ADJ,C1
resin,resin,词,NOUN,C1
resistance movement,resistance movement,抵抗运动,NOUN,B2
resistant,resistant,词,ADJ,C1
resistor,resistor,词,NOUN,C1
reskilling,reskilling,词,NOUN,B2
resocialization,resocialization,词,NOUN,B2
resolute,resolute,坚决的,ADJ,B2
resolution,resolution,决心,NOUN,B2
resolve,to resolve,解决,VERB,B2
resolve doubts,resolve doubts,解惑,VERB,B2
resolver,to work out,成功,VERB,B2
resonance,resonance,共鸣,NOUN,B2
resonancia magnética,mri,核磁共振,NOUN,B2
resonant,resonant,共鸣的,ADJ,B2
resort,resort,度假胜地,NOUN,B2
resource,resource,资源,NOUN,B2
resource shortage,resource shortage,资源短缺,NOUN,B2
resourceful,resourceful,机灵的,ADJ,B2
resourcefulness,resourcefulness,想方设法地,NOUN,C1
respaldo,backup,备份,NOUN,B2
respectful,respectful,恭敬的,ADJ,B2
respectful deferential,respectful deferential,恭敬,ADJ,B2
respectful welcome,respectful welcome,恭迎,NOUN,C1
respectfully,respectfully,词,ADV,C1
respective,respective,各自的,ADJ,B2
respectively,respectively,词,ADV,C1
respecto a,regarding,关于,ADP,B2
respiration,respiration,呼吸作用,NOUN,B2
respiratory,respiratory,呼吸的,ADJ,B2
respite,respite,喘息,NOUN,B2
resplandor,glow,光芒,NOUN,B2
resplendent,resplendent,词,ADJ,C1
respond,to respond,回应,VERB,B2
respond to,to respond to,回应,VERB,B2
respondent,respondent,被上诉人,NOUN,B2
responder,to answer reply,回答,VERB,B2
responder,to reply,回复,VERB,B2
responsabilidad,accountability,问责制,NOUN,B2
responsabilidad,liability,责任,NOUN,B2
response,response,回应,NOUN,B2
responsiveness,responsiveness,反应性,NOUN,B2
respuesta a vuestra alteza,reply to your-highness,回殿下,NOUN,B2
rest assured,rest assured,放心的,ADJ,B2
rest stop,rest stop,词,NOUN,B1
restate,restate,词,VERB,B2
restitution,restitution,词,NOUN,C1
restive,restive,词,ADJ,C1
restless,restless,词,ADJ,B2
resto,remainder,剩余部分,NOUN,B2
restock,restock,补货,VERB,C1
restoration,restoration,恢复,NOUN,B2
restore,to restore,恢复,VERB,B2
restos,remains,残骸,NOUN,B2
restrain,restrain,词,VERB,C1
restraint,restraint,隐忍,NOUN,B2
restricción de matrícula,license plate restriction,限号,NOUN,B2
restricción mutua,mutual restriction,相克,NOUN,B2
restructuring,restructuring,重组,NOUN,B2
restyle,restyle,再式,NOUN,C1
results,results,词,NOUN,C1
resume,resume,简历,NOUN,B2
resume,to resume,重新开始,VERB,B2
resume (noun),resume,履历,NOUN,B2
resumption,resumption,恢复,NOUN,B2
resurgent,resurgent,词,ADJ,C1
resurrection,resurrection,复活,NOUN,B2
resuscitate,resuscitate,词,VERB,C1
resuscitation,resuscitation,复苏,NOUN,B2
retaguardia,rear,后部,NOUN,B2
retail,retail,零售,NOUN,B2
retailer,retailer,零售商,NOUN,B2
retain,to retain,保留,VERB,B2
retaliate,retaliate,词,VERB,C1
retaliation,retaliation,词,NOUN,C1
retarded,retarded,词,ADJ,C1
retener,to withhold,扣留,VERB,B2
retention,retention,我留,NOUN,B2
rethinking,rethinking,重想,NOUN,B2
retina,retina,词,NOUN,B2
retirarse,retreat,撤退,NOUN,B2
retirarse,to retreat,撤退,VERB,B2
retiree,retiree,退休人员,NOUN,B2
retirement pension,retirement pension,退休金,NOUN,B2
retort (noun),retort,词,NOUN,C1
retraining,retraining,词,NOUN,C1
retranslation,retranslation,重译,NOUN,B2
retratar,to portray,描绘,VERB,B2
retrato,portrait,肖像,NOUN,B2
retrato artístico,artistic portrait,艺术照,NOUN,B2
retrial,retrial,再审,NOUN,B2
retribución vitalicia,life retribution,偿命,NOUN,B2
retribution,retribution,报应,NOUN,C1
retroactive,retroactive,词,ADJ,C1
retroalimentación,feedback,反馈,NOUN,B2
retroceder,to fall back,回落,VERB,B2
retroceder,to regress,倒退,VERB,B2
retrospect,retrospect,词,NOUN,C1
retrospective (adj),retrospective,词,ADJ,C1
retrospective (noun),retrospective,词,NOUN,C1
return Susha,return Susha,回夙砂,NOUN,C1
return destination,return destination,回哪,NOUN,B2
return goods,return goods,退货,NOUN,C1
return mansion first,return mansion first,先回府,NOUN,B2
return property,return property,物归,NOUN,C1
return to,return to,回到,VERB,B2
return visit,return visit,回访,VERB,B2
returning farmland to forest,returning farmland to forest,退耕还林,NOUN,B2
retórica,rhetoric,修辞,NOUN,B2
retórico,rhetorical,修辞的,ADJ,B2
reubicar,to relocate,调动,VERB,B2
reunification,reunification,重新统一,NOUN,B2
reunion dinner,reunion dinner,团圆饭,NOUN,C1
reunirse,to meet,遇见,VERB,B2
reunite,reunite,团圆,VERB,B2
reunión,gathering,聚集,NOUN,B2
reunión,reunion,重聚,NOUN,B2
reunión de negocios,business meeting,洽谈会,NOUN,B2
reunión secreta,secret meeting,密会,NOUN,B2
reutilización,reuse,重用,NOUN,B2
revalorización,revaluation,重新评估,NOUN,B2
revealing,revealing,现出,NOUN,B2
revealing (adj),revealing,词,ADJ,C1
revel,revel,词,VERB,C1
revelación,outing,郊游,NOUN,B2
revelar,to reveal,揭示,VERB,B2
reventa,resale,转售,NOUN,B2
reventar,to burst,爆发,VERB,B2
revenue,revenue,收入,NOUN,C1
revenues,revenues,词,NOUN,C1
reverberation,reverberation,词,NOUN,C1
reverentially,reverentially,词,ADV,C1
reverie,reverie,词,NOUN,C1
reverse (adj),reverse,反,ADJ,B2
reverse (noun),reverse,词,NOUN,C1
reverse compilation,reverse compilation,反辑,NOUN,B2
reverse deduction,reverse deduction,反绎,NOUN,C1
reverse division,reverse division,反分,NOUN,C1
reverse effect,reverse effect,反效,NOUN,C1
reverse generalization,reverse generalization,反概,NOUN,C1
reverse guest,reverse guest,反客,NOUN,C1
reverse host,reverse host,反主,NOUN,C1
reverse induction,reverse induction,反归,NOUN,C1
reverse inference,reverse inference,反推,NOUN,C1
reverse judgment,reverse judgment,反判,NOUN,C1
reverse manifestation,reverse manifestation,反现,NOUN,C1
reverse origin,reverse origin,反原,NOUN,B2
reverse result,reverse result,反果,NOUN,B2
reverse thought,reverse thought,反念,NOUN,B2
reverse up,reverse up,反上,NOUN,C1
reverse-direction,reverse-direction,反向,NOUN,C1
reverse-order,reverse-order,反序,NOUN,C1
reversión,reversal,突变,NOUN,B2
reversión,reversion,重归,NOUN,B2
revile,revile,词,VERB,C1
revisar,to revise,修订,VERB,B2
revised deduction,revised deduction,改演,NOUN,C1
revised estimate,revised estimate,改概,NOUN,C1
revised image,revised image,改影,NOUN,B2
revised item,revised item,改目,NOUN,C1
revisión,review,回顾,NOUN,B2
revisión,revision,复习,NOUN,B2
revista trimestral,quarterly magazine,季刊,NOUN,B2
revitalize a nation,revitalize a nation,兴国,VERB,C1
revival,revival,复兴,NOUN,B2
revivalism,revivalism,词,NOUN,C1
revivir,to revive,复兴,VERB,B2
revocar,to revoke,撤销,VERB,B2
revocation,revocation,词,NOUN,C1
revolt,revolt,叛乱,NOUN,B2
revolucionario,revolutionary,革命的,ADJ,B2
revolución,revolution,革命,NOUN,B2
revolver,revolver,词,NOUN,C1
revulsion,revulsion,词,NOUN,C1
rewatch,rewatch,回看,VERB,C1
rewind,rewind,快退,VERB,C1
rework,rework,再工,NOUN,C1
rhetorical clarity,rhetorical clarity,词,NOUN,C1
rhetorical embellishment,rhetorical embellishment,词,NOUN,C1
rhetorical shift of person,rhetorical shift of person,词,NOUN,C1
rhetorician,rhetorician,词,NOUN,C1
rheumatism,rheumatism,词,NOUN,C1
rhinoceros horn,rhinoceros horn,犀角,NOUN,C1
rhymed prose,rhymed prose,词,NOUN,C1
rhythmic,rhythmic,词,ADJ,C1
rhythmicity,rhythmicity,节奏性,NOUN,C1
riad,riad,词,NOUN,B1
rial,rial,词,NOUN,A2
ribald,ribald,词,ADJ,C1
ribald joke,ribald joke,词,NOUN,C1
ribaldry,ribaldry,词,NOUN,C1
ribat fortified convent,ribat fortified convent,词,NOUN,C1
ribbon,ribbon,丝带,NOUN,B2
ribera,riverbank,河岸,NOUN,B2
ribs,ribs,肋骨,NOUN,B2
rice cake,rice cake,年糕,NOUN,C1
rice noodles,rice noodles,米粉,NOUN,B2
rice vermicelli,rice vermicelli,米线,NOUN,C1
rich man,rich man,词,NOUN,C1
richer,richer,更富的,ADJ,B2
rico en recursos naturales,richly endowed by nature,得天独厚,ADJ,B2
ricochet,ricochet,词,NOUN,C1
ride lift,ride lift,搭车,NOUN,B2
ride-hailing service,ride-hailing service,网约车,NOUN,C1
ridicule (noun),ridicule,词,NOUN,C1
ridiculing,ridiculing,词,NOUN,C1
riding,riding,词,NOUN,B2
riding me,riding me,骑我,NOUN,C1
riesgo de muerte,risking death,冒死,NOUN,B2
rife,rife,词,ADJ,C1
riffraff,riffraff,词,NOUN,C1
right,right,右边,ADV,B2
right (adj),right,正确的,ADJ,A1
right (intj),right,词,INTJ,C1
right or wrong,right or wrong,对不对,NOUN,C1
right path,right path,正道,NOUN,C1
right side,right side,右侧,NOUN,C1
rightism,rightism,词,NOUN,C1
rightist,rightist,词,ADJ,C1
rightly,rightly,正确地,ADV,B2
rights and interests,rights and interests,权益,NOUN,B2
rigid,rigid,僵硬的,ADJ,B2
rigidez,rigidity,僵硬,NOUN,B2
rigidly moral,rigidly moral,词,ADJ,C1
rigor,rigor,词,NOUN,B2
rigorously,rigorously,词,ADV,C1
riguroso,rigorous,严格的,ADJ,B2
rile,rile,词,VERB,C1
rim,rim,词,NOUN,C1
rima,rhyme,韵脚,NOUN,B2
rings,rings,词,NOUN,B2
ringtone,ringtone,词,NOUN,C1
rioter,rioter,词,NOUN,C1
ripeness,ripeness,该熟,NOUN,B2
ripple,ripple,词,NOUN,C1
rising (adj),rising,词,ADJ,C1
rising (noun),rising,词,NOUN,B2
rising above pettiness,rising above pettiness,词,NOUN,C1
risks,risks,词,NOUN,C1
rite,rite,词,NOUN,C1
rites,rites,词,NOUN,C1
ritmo,pace,速度,NOUN,B2
ritual,ritual,仪式,NOUN,B2
ritual handwashing,ritual handwashing,奉匜沃盥,NOUN,C1
ritual impurity,ritual impurity,词,NOUN,C1
ritualism,ritualism,词,NOUN,C1
rituals,rituals,仪式,NOUN,B2
rivalidad,rivalry,竞争,NOUN,B2
river bank,river bank,河岸,NOUN,B2
river mouth,river mouth,词,NOUN,C1
riverside,riverside,河边,NOUN,C1
riñón,kidney,肾脏,NOUN,B2
road (adj),road,词,ADJ,B2
roadblock,roadblock,,NOUN,B2
roadway,roadway,路面,NOUN,B2
roaming,roaming,词,NOUN,C1
roast lamb (noun),roast lamb,烤全羊,NOUN,C1
roasted,roasted,词,ADJ,B2
robe,robe,词,NOUN,B2
robo,robbery,抢劫案,NOUN,B2
robot,robot,机器人,NOUN,B2
robotic,robotic,词,ADJ,C1
robotics,robotics,词,NOUN,C1
robotization,robotization,词,NOUN,C1
robustness,robustness,词,NOUN,C1
robusto,robust,强健的,ADJ,B2
rocall,rockery,假山,NOUN,B2
rock cliff,rock cliff,词,NOUN,A1
rock climbing,rock climbing,攀岩,NOUN,C1
rock music,rock music,词,NOUN,B2
rock slab,rock slab,岩板,NOUN,B2
rocket (adj),rocket,词,ADJ,C1
rocky,rocky,词,ADJ,C1
rocky desertification,rocky desertification,石漠化,NOUN,C1
rococo,rococo,词,ADJ,C1
rocío,dew,露水,NOUN,B2
rod,rod,词,NOUN,B1
rodar,to roll,滚动,VERB,B2
rodent,rodent,啮齿动物,NOUN,B2
rogatory,rogatory,词,ADJ,C1
rogue,rogue,词,NOUN,B2
rolled,rolled,词,ADJ,C1
roller skate,roller skate,词,NOUN,B1
rolling,rolling,词,NOUN,C1
roman,roman,罗马的,ADJ,B2
romance,romance,浪漫,NOUN,B2
romanian,romanian,罗马尼亚人,NOUN,B2
romano,roman,罗马人,NOUN,B2
romantic love,romantic love,恋爱,NOUN,B1
romanticism,romanticism,词,NOUN,C1
romper,to break up,破裂,VERB,B2
romper,to shatter,粉碎,VERB,B2
romántico,romantic,浪漫的,ADJ,B2
roncar,to snore,打鼾,VERB,B2
roof terrace,roof terrace,词,NOUN,A2
roof tiles,roof tiles,词,NOUN,B1
roof top,roof top,上房顶,NOUN,C1
ropa interior,underwear,内衣,NOUN,B2
rosa,rose,玫瑰,NOUN,B2
rosado,pink,粉色的,ADJ,B2
rose bush,rose bush,词,NOUN,B1
roster,roster,词,NOUN,C1
rot decomposition,rot decomposition,词,NOUN,C1
rotación de turnos,shift rotation,倒班,NOUN,B2
rotating leave,rotating leave,轮休,NOUN,B2
rotation,rotation,词,NOUN,C1
rote learning,rote learning,词,NOUN,B2
rote teaching,rote teaching,词,NOUN,C1
rotonda,roundabout,环岛,NOUN,B2
rotund,rotund,词,ADJ,C1
rotunda,rotunda,词,NOUN,C1
rotura,rupture,破裂,NOUN,B2
round trip,round trip,词,NOUN,B1
round-robin tournament,round-robin tournament,循环赛,NOUN,B2
rout,rout,溃败,NOUN,B2
rove,rove,词,VERB,C1
row series,row series,词,NOUN,B1
rowdiness,rowdiness,撒酒疯,NOUN,C1
rowing,rowing,赛艇,NOUN,C1
royal court,royal court,词,NOUN,C1
royalty,royalty,王室,NOUN,B2
rubbish,rubbish,垃圾,NOUN,B2
rubbish bin,rubbish bin,垃圾桶,NOUN,A2
rubicund,rubicund,词,ADJ,C1
ruby,ruby,词,NOUN,C1
rudely,rudely,词,ADV,C1
rudimentary,rudimentary,词,ADJ,C1
rueful,rueful,词,ADJ,C1
rug,rug,地毯,NOUN,B2
rugby,rugby,橄榄球,NOUN,C1
ruin relic,ruin relic,词,NOUN,B2
ruina familiar,family ruin,家破,NOUN,B2
ruinas,ruins,废墟,NOUN,B2
ruined,ruined,词,ADJ,B2
rulebook,rulebook,规则体系,NOUN,B2
ruling (adj),ruling,词,ADJ,C1
ruling (noun),ruling,裁决,NOUN,C1
rumble,rumble,咕,NOUN,C1
rumbling,rumbling,词,NOUN,C1
ruminant,ruminant,词,NOUN,C1
ruminate,ruminate,词,VERB,C1
rumination,rumination,词,NOUN,C1
ruminative,ruminative,词,ADJ,C1
rumors,rumors,词,NOUN,B2
run away fled,run away fled,词,VERB,A1
run over,run over,被碾过的,ADJ,B2
run-up,run-up,助跑,NOUN,B2
runaway,runaway,,NOUN,B2
rung,rung,词,NOUN,C1
running around,running around,跑遍,NOUN,B2
running away,running away,出走,NOUN,C1
running over,running over,词,NOUN,C1
runway,runway,词,NOUN,C1
rural (noun),rural,词,NOUN,B2
rural area,rural area,农村,NOUN,A2
rurality,rurality,词,NOUN,C1
ruralization,ruralization,词,NOUN,C1
ruse,ruse,词,NOUN,C1
rush (noun),rush,赶往,NOUN,B2
rushing,rushing,居赶,NOUN,B2
rusk,rusk,词,NOUN,A2
ruso,russian,俄罗斯的,ADJ,B2
russian,russian,俄罗斯人,NOUN,B2
rust inhibitor,rust inhibitor,防锈剂,NOUN,B2
rustic,rustic,乡村的,ADJ,B2
rutina,routine,常规,NOUN,B2
rábano,radish,小萝卜,NOUN,B2
rápidamente,quickly,迅速地,ADV,B2
rápido,fast quick,快的,ADJ,B2
rápido,quick,快的,ADJ,B2
rápido,rapid,迅速的,ADJ,B2
récord personal,personal record,个人纪录,NOUN,B2
rígido,stiff,僵硬的,ADJ,B2
sabbath,sabbath,安息日,NOUN,B2
sabbatical,sabbatical,词,NOUN,C1
saber,saber,词,NOUN,C1
sabotage (adj),sabotage,词,ADJ,C1
saboteur,saboteur,词,NOUN,B2
saccharine,saccharine,词,ADJ,C1
sacrificar,to sacrifice,牺牲,VERB,B2
sacrifice,sacrifice,牺牲,NOUN,B2
sacrificed,sacrificed,牺牲,ADJ,B2
sacrosanct,sacrosanct,词,ADJ,C1
saddle,saddle,词,NOUN,B2
saddlebags,saddlebags,词,NOUN,B2
sadism,sadism,词,NOUN,C1
sadistic,sadistic,施虐的,ADJ,B2
sadly,sadly,词,ADV,B2
safe container,safe container,词,NOUN,C1
safe haven,safe haven,避风港,NOUN,B2
safe secure,safe secure,安全的/可靠的,ADJ,B2
safely,safely,安然,ADV,C1
safflower,safflower,红花,NOUN,B2
saffron,saffron,词,NOUN,A2
sagacity,sagacity,词,NOUN,B2
sagaz,sagacious,睿智的,ADJ,B2
sage,sage,词,NOUN,C1
sagittarius,sagittarius,射手座,NOUN,B2
sail,sail,帆,NOUN,B2
sailboat,sailboat,,NOUN,B2
sailor,sailor,水手,NOUN,B2
sailors,sailors,词,NOUN,B2
saintly miracles,saintly miracles,圣徒奇迹,NOUN,C1
saints,saints,词,NOUN,C1
sake,sake,缘故,NOUN,B2
sala,hall,大厅,NOUN,B2
sala,ward,病房,NOUN,B2
sala de conmutación,switch room,配电室,NOUN,B2
sala de control,control room,控制室,NOUN,B2
sala de espera,waiting room,候诊室,NOUN,B2
sala de monitoreo,monitoring room,监控室,NOUN,B2
salacious,salacious,词,ADJ,C1
salad lettuce,salad lettuce,沙拉/生菜,NOUN,B2
salado,salty,咸的,ADJ,B2
salario,wage,工资,NOUN,B2
salarios,wages,工资,NOUN,B2
salesman,salesman,词,NOUN,B2
salida,departure,离开,NOUN,B2
salida,outlet,出口,NOUN,B2
salida de reclusión,seclusion exit,出关,NOUN,B2
salient,salient,词,ADJ,C1
salinity,salinity,词,NOUN,B2
salinization,salinization,盐碱化,NOUN,C1
salir,to come out,出来,VERB,B2
salir,to get off work,下班,VERB,B2
salir,to go out,出去,VERB,B2
saliva,saliva,词,NOUN,B2
salmon,salmon,三文鱼,NOUN,B2
salon,salon,沙龙,NOUN,B2
salsa,sauce,酱汁,NOUN,B2
salt flat,salt flat,词,NOUN,B2
salt shaker,salt shaker,,NOUN,B2
salted,salted,词,ADJ,B2
salubrious,salubrious,词,ADJ,C1
salud,cheers,干杯,INTJ,B2
salutary,salutary,词,ADJ,C1
salvación,salvation,拯救,NOUN,B2
salvador,savior,救星,NOUN,B2
salvage,salvage,词,NOUN,C1
salve,salve,词,NOUN,C1
salón de eventos,affair hall,事殿,NOUN,B2
sama,sama,词,NOUN,B2
same (adv),same,一律,ADV,B2
same (det),same,词,DET,A1
same (noun),same,同,NOUN,B2
sample rehearsal,sample rehearsal,样品 / 排练,NOUN,B2
sanctification,sanctification,词,NOUN,C1
sanctimoniousness,sanctimoniousness,词,NOUN,C1
sanctity,sanctity,词,NOUN,C1
sand and dust,sand and dust,沙尘,NOUN,B2
sand size,sand size,砂大,NOUN,C1
sandalia,sandal,凉鞋,NOUN,B2
sands,sands,词,NOUN,B2
sandía,watermelon,西瓜,NOUN,B2
sangre fría,cold blood,冷血,NOUN,B2
sanguinary,sanguinary,词,ADJ,C1
sanguine,sanguine,词,ADJ,C1
sanitary,sanitary,词,ADJ,B2
sanitary pad,sanitary pad,卫生巾,NOUN,C1
sanitation,sanitation,卫生,NOUN,B2
santidad,holiness,神圣,NOUN,B2
santuario,shrine,مشعر,NOUN,B2
santur,santur,词,NOUN,C1
sap,sap,词,NOUN,C1
saplings,saplings,词,NOUN,C1
sarcasm,sarcasm,词,NOUN,C1
sardonic,sardonic,词,ADJ,C1
sargento,sergeant,中士,NOUN,B2
sarpullido,rash,轻率的,ADJ,B2
sartén,frying pan,平底锅,NOUN,B2
sartén,pan,平底锅,NOUN,B2
sat,sat,词,NOUN,B1
satchel,satchel,词,NOUN,C1
satisfacción,contentment,满足,NOUN,B2
satisfacer,to satisfy,使满意,VERB,B2
satisfactorio,satisfactory,令人满意的,ADJ,B2
satisfying,satisfying,令人满意的,ADJ,B2
saturated (adj),saturated,饱和,ADJ,B2
saturated (noun),saturated,浇满,NOUN,C1
satélite,satellite,卫星,NOUN,B2
satírico,satirical,讽刺的,ADJ,B2
saucepan,saucepan,平底锅,NOUN,B2
saucy,saucy,下流的,ADJ,B2
sauna,sauna,桑拿,NOUN,B2
saunter,saunter,词,VERB,C1
savage,savage,savage,NOUN,B2
savant,savant,词,NOUN,C1
save me,save me,救我,NOUN,C1
saver,saver,词,NOUN,C1
saving the root,saving the root,救本,NOUN,C1
savory,savory,词,ADJ,C1
savvy,savvy,词,ADJ,C1
sawdust,sawdust,词,NOUN,C1
say he,say he,说他,NOUN,C1
sayings,sayings,词,NOUN,C1
sayings and traditions,sayings and traditions,词,NOUN,C1
scaffolding,scaffolding,词,NOUN,C1
scalar,scalar,词,ADJ,C1
scald (noun),scald,烫伤,NOUN,C1
scale model,scale model,词,NOUN,C1
scales,scales,秤,NOUN,B2
scammer,scammer,词,NOUN,B2
scanner,scanner,扫描仪,NOUN,C1
scanning,scanning,词,NOUN,C1
scant,scant,词,ADJ,C1
scantily,scantily,词,ADV,C1
scapegoat,scapegoat,词,NOUN,C1
scarce commodity,scarce commodity,紧缺商品,NOUN,B2
scarf shawl,scarf shawl,词,NOUN,A1
scathing,scathing,词,ADJ,C1
scattering,scattering,词,NOUN,B2
scene stage,scene stage,场景/舞台,NOUN,B2
scenic spot,scenic spot,名胜,NOUN,B2
scenography,scenography,词,NOUN,C1
sceptical,sceptical,词,ADJ,C1
scheduling,scheduling,调度；排序,NOUN,B2
schema,schema,词,NOUN,B2
scholar learned,scholar learned,词,NOUN,C1
scholing,scholing,受过训练,NOUN,B2
scholium,scholium,词,NOUN,C1
school bag,school bag,词,NOUN,A2
school bench,school bench,词,NOUN,A1
school leaving exam,school leaving exam,词,NOUN,B1
school principal,school principal,词,NOUN,C1
school year,school year,学年,NOUN,B2
schoolbag,schoolbag,词,NOUN,A1
schoolboy,schoolboy,学生,NOUN,B2
schooled person,schooled person,受过培训者,NOUN,B2
schooling,schooling,词,NOUN,C1
schoolyard,schoolyard,词,NOUN,A1
scientifically,scientifically,科学地,ADV,B2
scientists,scientists,科学家,NOUN,B2
scintillate,scintillate,词,VERB,C1
scoff (noun),scoff,词,NOUN,C1
scoff (verb),scoff,词,VERB,C1
scoop,scoop,词,NOUN,B2
scooter,scooter,踏板摩托车,NOUN,B2
scorn (verb),scorn,藐视,VERB,C1
scornful,scornful,词,ADJ,C1
scorpion,scorpion,词,NOUN,A1
scottish,scottish,苏格兰的,ADJ,B2
scour,scour,词,VERB,C1
scouting locating,scouting locating,定位 / 侦察,NOUN,B2
scrappy,scrappy,词,ADJ,C1
scraps,scraps,屑,NOUN,C1
scratch,scratch,抓痕,NOUN,B2
scream (noun),scream,尖叫,NOUN,B2
screaming,screaming,词,NOUN,B2
screen window,screen window,纱窗,NOUN,C1
screening,screening,词,NOUN,B1
screenwriter,screenwriter,编剧,NOUN,B2
screw (noun),screw,词,NOUN,C1
screw up,screw up,词,VERB,C1
scribal misreading,scribal misreading,词,NOUN,C1
scribe,scribe,词,NOUN,C1
scripture,scripture,经,NOUN,B2
scrubland,scrubland,词,NOUN,C1
scrupulous,scrupulous,一丝不苟的,ADJ,B2
scrupulousness,scrupulousness,词,NOUN,C1
scrutiny,scrutiny,明察,NOUN,B2
scumbag,scumbag,词,NOUN,C1
scurrilous,scurrilous,词,ADJ,C1
scurry,scurry,词,VERB,C1
scuttle,scuttle,词,VERB,C1
sea level rise,sea level rise,海平面上升,NOUN,B2
sea of fire,sea of fire,火海,NOUN,C1
seafood,seafood,海鲜,NOUN,B1
seam,seam,词,NOUN,C1
seamless,seamless,无缝的,ADJ,B2
seaport,seaport,海港,NOUN,C1
search engine,search engine,搜索引擎,NOUN,B2
search engine optimization,search engine optimization,词,NOUN,C1
search warrant,search warrant,词,NOUN,C1
searing,searing,词,NOUN,B2
seashell,seashell,词,NOUN,B2
seaside,seaside,海滨,NOUN,C1
seasonal pasture camp,seasonal pasture camp,词,NOUN,B2
seasoned,seasoned,词,ADJ,B2
seasoned experience,seasoned experience,词,NOUN,C1
seasoning,seasoning,词,NOUN,C1
seat belt,seat belt,安全带,NOUN,C1
seated,seated,坐着的,ADJ,B2
seats,seats,词,NOUN,C1
seaweed,seaweed,词,NOUN,C1
sección,section,部分,NOUN,B2
secession,secession,词,NOUN,C1
seclusion,seclusion,闭关,NOUN,B2
second,second,秒,NOUN,B2
second (adj),second,秒,ADJ,A1
second again,second again,词,ADJ,A1
second brother,second brother,二弟,NOUN,B2
second capping,second capping,次加皮弁,NOUN,C1
second chance dredging,second chance dredging,词,NOUN,C1
second cousin,second cousin,再从,NOUN,C1
second letter,second letter,再信,NOUN,B2
second look,second look,再目,NOUN,B2
second master,second master,再主,NOUN,C1
second place in a sports contest,second place in a sports contest,亚军,NOUN,B2
second unit of time,second unit of time,秒,NOUN,B2
second-hand,second-hand,词,ADJ,C1
secondary sword,secondary sword,从剑,NOUN,C1
secondment,secondment,词,NOUN,C1
secret (adj),secret,秘密的,ADJ,B2
secret (part),secret,诀,PART,B2
secret alliance,secret alliance,暗通锦,NOUN,B2
secret confidence,secret confidence,词,NOUN,C1
secret recipe,secret recipe,秘制,NOUN,C1
secret service,secret service,词,NOUN,B2
secretario,secretary,秘书,NOUN,B2
secretaría,secretariat,秘书处,NOUN,B2
secreto,secret,秘密的,ADJ,B2
secreto,secretly,秘密地,ADV,B2
secreto,secrecy,保密,NOUN,B2
secrets,secrets,词,NOUN,C1
sect taifa,sect taifa,词,NOUN,C1
secta,sect,教派,NOUN,B2
sectarianism,sectarianism,词,NOUN,C1
sectario,sectarian,宗派的,ADJ,B2
section chief,section chief,课长,NOUN,B2
sector,sector,部门,NOUN,B2
sectoral,sectoral,词,ADJ,C1
secuela,aftereffect,后遗症，后果,NOUN,B2
secuencia,sequence,顺序，片段,NOUN,B2
secular,secular,词,ADJ,C1
secular layperson,secular layperson,词,ADJ,C1
secularization,secularization,世俗化,NOUN,C1
secundario,secondary,次要的,ADJ,B2
secure (adj),secure,词,ADJ,B1
securitization,securitization,证券化,NOUN,B2
security matter,security matter,词,NOUN,C1
security service,security service,词,NOUN,C1
security-related,security-related,安全的，安保的,ADJ,B2
securocratic,securocratic,词,ADJ,C1
sedate,sedate,词,ADJ,C1
sedative,sedative,词,NOUN,C1
sede,venue,场地,NOUN,B2
sedentary lifestyle,sedentary lifestyle,久坐的生活方式,NOUN,B2
sediento,thirsty,口渴的,ADJ,B2
sediment,sediment,词,NOUN,C1
sedimentary,sedimentary,沉积的,ADJ,C1
sedimentation,sedimentation,词,NOUN,C1
sediments deposits,sediments deposits,词,NOUN,C1
sedition,sedition,煽动叛乱,NOUN,B2
seditious,seditious,词,ADJ,C1
sedulous,sedulous,词,ADJ,C1
sedán,sedan,轿车,NOUN,B2
see off (verb),see off,送别,VERB,C1
see you,see you,词,VERB,A2
seedling,seedling,词,NOUN,B2
seeds,seeds,词,NOUN,B2
seedy,seedy,词,ADJ,C1
seeker,seeker,寻求者,NOUN,B2
seeking blessing,seeking blessing,词,NOUN,C1
seeking foreign backing,seeking foreign backing,词,NOUN,C1
seeking forgiveness,seeking forgiveness,词,NOUN,C1
seeking intercession,seeking intercession,词,NOUN,C1
seemly,seemly,词,ADJ,C1
seems like,seems like,像是,VERB,B2
seen,seen,被看见,ADJ,B2
seethe,seethe,词,VERB,C1
segment (noun),segment,词,NOUN,B2
segregation,segregation,隔离，分离,NOUN,B2
segunda vez,second time,再而,NOUN,B2
segundo,second,第二,ADJ,B2
segundo,secondly,其次,ADV,B2
seguridad,safety,安全,NOUN,B2
seguro,sure,确定的,ADJ,B2
seguro de automóvil,car insurance,车险,NOUN,B2
seguro de sí mismo,self-confident,自信的,ADJ,B2
seguro mutuo,mutual insurance,互助保险,NOUN,B2
según,according to,根据,ADP,B2
seize heir,seize heir,夺嫡,NOUN,C1
seizing opportunity,seizing opportunity,借机,NOUN,C1
seldom,seldom,很少,ADV,B2
selección,selection,选择,NOUN,B2
select seeds,select seeds,选种,VERB,C1
selected,selected,选中的,ADJ,B2
selectively,selectively,有选择地,ADV,B2
selectivo,selective,选择的，挑选的,ADJ,B2
selector,selector,词,NOUN,C1
self,self,自己,ADV,B2
self-abasement,self-abasement,词,NOUN,C1
self-care,self-care,自我护理,NOUN,B2
self-concern,self-concern,自顾,NOUN,B2
self-deception,self-deception,词,NOUN,C1
self-defense,self-defense,自卫,NOUN,B2
self-diminishment,self-diminishment,词,NOUN,C1
self-drive,self-drive,自驾,VERB,C1
self-employed person,self-employed person,个体经营者,NOUN,B2
self-esteem,self-esteem,自尊,NOUN,B2
self-evident,self-evident,,NOUN,B2
self-evident (adj),self-evident,词,ADJ,C1
self-image,self-image,自我形象,NOUN,B2
self-interest,self-interest,私利,NOUN,B2
self-made,self-made,词,ADJ,C1
self-recommendation,self-recommendation,自荐,NOUN,C1
self-reliance,self-reliance,自食,NOUN,C1
self-respect,self-respect,词,NOUN,B2
self-satisfaction,self-satisfaction,词,NOUN,C1
self-worth,self-worth,自我价值,NOUN,B2
selfie,selfie,自拍,NOUN,B2
selfish,selfish,,NOUN,B2
selfless devotion,selfless devotion,词,NOUN,C1
sellar,to seal,密封,VERB,B2
sellou,sellou,塞卢能量膏,NOUN,B2
selva,jungle,丛林,NOUN,B2
selva tropical,rainforest,雨林,NOUN,B2
semantic,semantic,词,ADJ,C1
semantics,semantics,语义学,NOUN,B2
semblance,semblance,词,NOUN,C1
sembrar,to sow,播种,VERB,B2
semestre,semester,学期,NOUN,B2
semicolon,semicolon,分号,PUNCT,B2
semiconductor,semiconductor,半导体,NOUN,B2
semifinal,semifinal,半决赛,NOUN,C1
seminal,seminal,词,ADJ,C1
seminario,seminar,研讨会,NOUN,B2
seminary,seminary,词,NOUN,C1
semiología,semiology,符号学，症状学,NOUN,B2
semiótica,semiotics,符号学,NOUN,B2
semolina,semolina,粗面粉,NOUN,B2
senate,senate,参议院,NOUN,B2
senator,senator,参议员,NOUN,B2
send off,send off,欢送,VERB,C1
senderismo,hiking,徒步,NOUN,B2
sending,sending,词,NOUN,B1
senescence,senescence,衰老,NOUN,B2
senile,senile,词,ADJ,C1
senior,senior,前辈,NOUN,B2
senior female student,senior female student,学姐,NOUN,C1
senior male student,senior male student,学长,NOUN,B2
seniors,seniors,词,NOUN,C1
sensationalism,sensationalism,词,NOUN,C1
sense of duty,sense of duty,责任感,NOUN,B2
sense of humor,sense of humor,词,NOUN,B2
sense of shame,sense of shame,,NOUN,B2
sense of smell,sense of smell,嗅觉,NOUN,B2
sensibilidad,sensitivity,敏感性,NOUN,B2
sensible,sensitive,敏感的,ADJ,B2
sensibly,sensibly,明智地,ADV,B2
sensitization,sensitization,词,NOUN,B2
sensor,sensor,传感器,NOUN,B2
sensor donor,sensor donor,传感器/捐献者,NOUN,B2
sensors,sensors,词,NOUN,B2
sensory,sensory,词,ADJ,B2
sensual,sensual,感官的,ADJ,B2
sensuality,sensuality,词,NOUN,C1
sentence enforcement,sentence enforcement,判决执行,NOUN,C1
sentenced,sentenced,被判刑的,ADJ,B2
sentences,sentences,句子,NOUN,B2
sentencing,sentencing,量刑,NOUN,B2
sententiously,sententiously,词,ADV,C1
sentient,sentient,词,ADJ,C1
sentimiento,sentiment,情感,NOUN,B2
sentinel,sentinel,哨兵,NOUN,B2
sentry post,sentry post,哨所,NOUN,C1
separarse,to secede,脱离,VERB,B2
separarse por muerte,to part by death,死别,VERB,B2
separate,separate,分开的,ADJ,B2
separated,separated,分开的,ADJ,B2
separately,separately,分开地，单独地,ADV,B2
separatism,separatism,词,NOUN,C1
separatist,separatist,词,NOUN,C1
sequential,sequential,词,ADJ,C1
sequía,drought,干旱,NOUN,B2
ser así,to be so,然,VERB,B2
ser bueno en,to be good at,擅长,VERB,B2
ser elegido,to be elected,当选,VERB,B2
ser forzado,to be forced,被迫,VERB,B2
ser golpeado,to be hit,中箭,VERB,B2
ser requerido,to be required,被要求,VERB,B2
ser responsable de,to be responsible for,负责,VERB,B2
ser robado,to be stolen,失窃,VERB,B2
ser útil,to be useful,有用,VERB,B2
seraphic,seraphic,词,ADJ,C1
serendipity,serendipity,词,NOUN,C1
serenely,serenely,词,ADV,C1
serenidad,serenity,宁静,NOUN,B2
sereno,serene,宁静的,ADJ,B2
serial,serial,词,NOUN,B1
serialized drama,serialized drama,连续剧,NOUN,B2
seriedad,seriousness,严肃,NOUN,B2
series of conversations,series of conversations,系列对话,NOUN,B2
seriously,seriously,认真地,ADV,B2
serous,serous,词,ADJ,C1
serpentine,serpentine,词,ADJ,C1
serum,serum,词,NOUN,B2
serve as dog,serve as dog,效犬,NOUN,C1
serve markup,serve markup,发球/加价,NOUN,B2
serve one's country,serve one's country,报国,VERB,C1
service counter,service counter,词,NOUN,B1
service favor,service favor,词,NOUN,A2
service of process,service of process,词,NOUN,C1
service user,service user,词,NOUN,C1
service users,service users,词,NOUN,C1
service year,service year,,NOUN,B2
services,services,词,NOUN,C1
servidor,server,服务器,NOUN,B2
servile,servile,词,ADJ,C1
servilely,servilely,奴性地,ADV,B2
servilismo,servility,奴性,NOUN,B2
servilleta,napkin,餐巾,NOUN,B2
serving,serving,词,NOUN,B2
servitude,servitude,奴役,NOUN,C1
sesgado,biased,有偏见的,ADJ,B2
sesgo,bias,偏见,NOUN,B2
sesión,session,会议,NOUN,B2
set a record,set a record,创造纪录,VERB,B2
set-off,set-off,词,NOUN,C1
setenta,seventy,七十,NUM,B2
setting,setting,词,NOUN,B1
setting splinting,setting splinting,词,NOUN,C1
setting sun,setting sun,夕阳,NOUN,B2
settings,settings,词,NOUN,C1
settle foreign exchange,settle foreign exchange,结汇,VERB,C1
settlement deal,settlement deal,词,NOUN,C1
seven (adj),seven,词,ADJ,B2
seventeen,seventeen,十七,NUM,B2
seventh,seventh,第七,ADJ,B2
sever,sever,词,VERB,C1
several,several,若干,NOUN,B2
several (det),several,几个,DET,A2
several (part),several,数,PART,B2
several (pron),several,词,PRON,A2
several times (adv),several times,词,ADV,C1
several times (noun),several times,几遍,NOUN,B2
severance,severance,词,NOUN,C1
severely,severely,严厉地,ADV,B2
severidad,severity,严厉,NOUN,B2
severo,severe,严厉的,ADJ,B2
sewage,sewage,词,NOUN,C1
sewer,sewer,词,NOUN,C1
sewing needle,sewing needle,词,NOUN,C1
sex appeal,sex appeal,性感,NOUN,B2
sex gender,sex gender,词,NOUN,B2
sexagesimal,sexagesimal,词,ADJ,C1
sexily,sexily,性感地,ADV,B2
sexism,sexism,性别歧视,NOUN,B2
sexist,sexist,词,ADJ,C1
sexual,sexual,性的,ADJ,B2
sexually,sexually,在性方面,ADV,B2
sexy,sexy,性感的,ADJ,B2
señal de dirección,direction sign,指示牌,NOUN,B2
señal de tráfico,road sign,路标,NOUN,B2
señalar,signal,信号,NOUN,B2
señalar,to point,指向,VERB,B2
señalar,to signal,示意,VERB,B2
sfouf,sfouf,词,NOUN,B2
sh,sh,词,INTJ,C1
sha dynasty,sha dynasty,砂朝,NOUN,B2
shabby,shabby,词,ADJ,B2
shading,shading,阴影,NOUN,B2
shadow guard,shadow guard,暗卫,NOUN,B2
shadow play,shadow play,皮影戏,NOUN,C1
shadow shade,shadow shade,词,NOUN,B1
shadows,shadows,词,NOUN,C1
shady suspicious,shady suspicious,可疑的,ADJ,B2
shafii school,shafii school,词,NOUN,C1
shaft,shaft,词,NOUN,B2
shake off,shake off,词,VERB,B2
shale gas,shale gas,页岩气,NOUN,C1
shall will,shall will,将要,AUX,B2
shambles,shambles,词,NOUN,C1
shame culture,shame culture,羞耻文化,NOUN,B2
shame disgrace,shame disgrace,词,NOUN,B2
shame pity,shame pity,遗憾,NOUN,B2
shantytown,shantytown,词,NOUN,B2
shared boundary ownership,shared boundary ownership,共有边界权,NOUN,B2
shareholding,shareholding,词,NOUN,B2
shares,shares,词,NOUN,C1
sharifs,sharifs,词,NOUN,C1
sharing,sharing,分享,NOUN,B2
sharp acute,sharp acute,词,ADJ,C1
sharp object,sharp object,锐之物,NOUN,C1
sharp pointed end,sharp pointed end,尖端,NOUN,C1
sharp-witted,sharp-witted,词,ADJ,C1
sharply,sharply,词,ADV,B2
shavings,shavings,刨花,NOUN,C1
she (noun),she,可她,NOUN,B2
she they,she they,她,PRON,B2
sheaf,sheaf,捆,NOUN,B2
shear,shear,词,NOUN,C1
shearing,shearing,词,NOUN,C1
shedding,shedding,,NOUN,B2
sheer cliffs precipitous rocks,sheer cliffs precipitous rocks,悬崖峭壁,NOUN,C1
sheikh,sheikh,词,NOUN,C1
sheikhdom,sheikhdom,词,NOUN,C1
sheltered one,sheltered one,词,NOUN,B2
shenanigan,shenanigan,词,NOUN,C1
sheng,sheng,笙,NOUN,C1
sheriff,sheriff,词,NOUN,B1
shh,shh,嘘,INTJ,B2
shibboleth,shibboleth,词,NOUN,C1
shift (noun),shift,轮班,NOUN,C1
shift work,shift work,轮班,NOUN,B2
shiitake mushroom,shiitake mushroom,香菇,NOUN,C1
shimmer,shimmer,词,VERB,C1
shiny,shiny,词,ADJ,B2
ship (verb),ship,发货,VERB,C1
ship captain,ship captain,词,NOUN,C1
shirk,shirk,词,VERB,C1
shit,shit,恐惧,NOUN,B2
shit (adj),shit,该死的,ADJ,B2
shit crap,shit crap,废话,NOUN,B2
shitty,shitty,词,ADJ,B2
shivers,shivers,词,NOUN,B2
shocked,shocked,震惊的,ADJ,B2
shockproof,shockproof,防震,ADJ,C1
shoddy,shoddy,词,ADJ,C1
shoelace,shoelace,词,NOUN,C1
shoot at,shoot at,词,VERB,C1
shooter,shooter,射手,NOUN,B2
shooting down,shooting down,射落马下,NOUN,C1
shooting star,shooting star,流星,NOUN,B2
shopkeeper,shopkeeper,词,NOUN,C1
shopping mall,shopping mall,商场,NOUN,B2
short film,short film,短片,NOUN,B2
short piece,short piece,词,NOUN,C1
short rest,short rest,歇一,NOUN,B2
short story,short story,词,NOUN,C1
short while,short while,词,NOUN,C1
short work,short work,词,NOUN,C1
short-tempered,short-tempered,易怒,ADJ,C1
shortcomings,shortcomings,词,NOUN,C1
shorter,shorter,更短的,ADJ,B2
shortest,shortest,词,NOUN,B2
shortly,shortly,不久,ADV,B2
should (adv),should,你该,ADV,B2
should must,should must,词,AUX,A2
should ought to,should ought to,应该,AUX,B2
show (part),show,秀,PART,C1
show favoritism,show favoritism,徇私,VERB,B2
show of hands,show of hands,举手,NOUN,B2
showing,showing,表现,NOUN,B2
showing off,showing off,词,NOUN,C1
shred,shred,词,NOUN,B2
shriek,shriek,词,VERB,C1
shrimp,shrimp,虾,NOUN,B2
shrivel,shrivel,词,VERB,C1
shrub,shrub,词,NOUN,C1
shrug,shrug,词,VERB,C1
shrunken,shrunken,词,ADJ,B2
shun,shun,词,VERB,C1
shut,shut,词,VERB,A1
shutdown,shutdown,词,NOUN,C1
shuttle,shuttle,穿梭巴士,NOUN,B2
shyness,shyness,羞怯,NOUN,B2
sibilant,sibilant,词,ADJ,C1
sibling,sibling,兄弟姐妹,NOUN,B2
sibyl,sibyl,词,NOUN,C1
sick leave,sick leave,病假,NOUN,B2
sick nauseous,sick nauseous,恶心的,ADJ,B2
sickle,sickle,词,NOUN,B2
sickness,sickness,词,NOUN,B2
side,side,骄傲的,ADJ,B2
side effect,side effect,副作用,NOUN,B2
side page,side page,侧面/页,NOUN,B2
sideboard,sideboard,词,NOUN,C1
sideburn,sideburn,词,NOUN,B1
siege time,siege time,攻城时,NOUN,C1
siembra,planting,种植,NOUN,B2
siembra,sowing,播种,NOUN,B2
siempre,ever,曾经,ADV,B2
siempre,to ever,里何尝,VERB,B2
siempre que,as long as,طالما,CCONJ,B2
siempre que,provided that,只要,SCONJ,B2
sierra,saw,锯子,NOUN,B2
siesta,nap,午睡,NOUN,B2
sighing,sighing,叹息的,ADJ,B2
sightseeing,sightseeing,词,NOUN,C1
sign brand,sign brand,词,NOUN,C1
signatory,signatory,签署者,NOUN,B2
signboard,signboard,招牌,NOUN,B2
signed,signed,词,ADJ,B2
significado,significance,含义,NOUN,B2
significado alterado,altered meaning,改义,NOUN,B2
significado parcial,partial meaning,分义,NOUN,B2
significar,to signify,意味着,VERB,B2
significativo,significant,重要的,ADJ,B2
signified,signified,词,NOUN,C1
signifier,signifier,词,NOUN,C1
signing ceremony,signing ceremony,签约仪式,NOUN,B2
siheyuan,siheyuan,四合院,NOUN,C1
silenced,silenced,词,ADJ,C1
silenciar,to silence,خرس,VERB,B2
silencing,silencing,词,NOUN,C1
silencioso,silent,沉默的,ADJ,B2
silent quiet,silent quiet,词,ADJ,A1
silently,silently,词,ADV,C1
silk material,silk material,丝料,NOUN,C1
sillón,armchair,扶手椅,NOUN,B2
silos,silos,词,NOUN,C1
silt,silt,词,NOUN,C1
silvery,silvery,词,ADJ,C1
simbolizar,to symbolize,象征,VERB,B2
simetría,symmetry,对称,NOUN,B2
simian,simian,词,ADJ,C1
similarly,similarly,同样地,ADV,B2
simile,simile,明喻,NOUN,B2
similitud,similarity,相似,NOUN,B2
simony,simony,词,NOUN,C1
simpatizar,to sympathize,同情,VERB,B2
simpatía,sympathy,同情,NOUN,B2
simple pure,simple pure,单纯,ADJ,B2
simple-minded,simple-minded,词,ADJ,C1
simplicity,simplicity,简单,NOUN,B2
simplification,simplification,简化,NOUN,C1
simplified,simplified,词,ADJ,B2
simplify,to simplify,简化,VERB,B2
simplism,simplism,简单化,NOUN,C1
simply,simply,简单地,ADV,B2
simposio,symposium,研讨会,NOUN,B2
simptomático,symptomatic,症状的,ADJ,B2
simulation,simulation,模拟,NOUN,B2
simulator,simulator,词,NOUN,C1
simultaneous,simultaneous,同时的,ADJ,B2
simultaneously,simultaneously,同时地,ADV,B2
simultaneously with,simultaneously with,词,ADV,C1
sin espada,swordless,剑不,NOUN,B2
sin refrigeración,uncooled,未寒,NOUN,B2
since,since,自从,ADP,B2
since (part),since,以来,PART,B2
since (sconj),since,既,SCONJ,A2
since then,since then,从那以后,ADV,B2
since then (sconj),since then,词,SCONJ,A2
sincerely,sincerely,真诚地,ADV,B2
sincerity,sincerity,真诚,NOUN,B2
sincerity devotion,sincerity devotion,词,NOUN,B2
sincronización,synchronization,同步,NOUN,B2
sincrónico,synchronous,同步的,ADJ,B2
sindicalismo,unionism,工会主义,NOUN,B2
sindicato,union,工会,NOUN,B2
sinecure,sinecure,词,NOUN,C1
sinergia,synergy,协同效应,NOUN,B2
sinew,sinew,词,NOUN,C1
sinfonía,symphony,交响乐,NOUN,B2
singer,singer,歌手,NOUN,B2
singing,singing,歌唱,NOUN,B2
single,single,单一的,ADJ,B2
single (noun),single,单曲,NOUN,B2
single person,single person,词,NOUN,B2
single stroke,single stroke,一举,NOUN,C1
single thought,single thought,一念,NOUN,B2
singular (adj),singular,词,ADJ,C1
singular (noun),singular,词,NOUN,B2
singularity,singularity,单一性,NOUN,B2
sinking,sinking,沉?,NOUN,C1
sinner,sinner,罪人,NOUN,B2
sinonimia,synonymy,同义关系,NOUN,B2
sintaxis,syntax,句法,NOUN,B2
sintetizar,to synthesize,合成,VERB,B2
sinuous,sinuous,词,ADJ,C1
sip,sip,小口喝,NOUN,B2
sip,to sip,小口喝,VERB,B2
sir,sir,郎,PART,B2
sir (noun),sir,先生,NOUN,A1
siren,mermaid,美人鱼,NOUN,B2
siren,siren,汽笛,NOUN,B2
siseo,hiss,嘶嘶声,NOUN,B2
sistema modificado,modified system,改系,NOUN,B2
sistemático,systematic,系统的,ADJ,B2
sister yu,sister yu,俞姐,NOUN,B2
sister-in-law,sister-in-law,嫂子/弟媳/大姑子/小姑子,NOUN,B2
sister-in-law (part),sister-in-law,嫂,PART,B1
sisters,sisters,姊妹,NOUN,B2
sistémico,systemic,全身性的,ADJ,B2
sit,to sit,坐,VERB,B2
sit cross-legged,sit cross-legged,词,VERB,B2
sit down,to sit down,坐下,VERB,B2
sit-in,sit-in,词,NOUN,B2
sit-in participant,sit-in participant,词,NOUN,C1
site,site,词,NOUN,B1
sitter,sitter,词,NOUN,B1
sitting,sitting,词,NOUN,B2
sitting stably,sitting stably,坐得,NOUN,C1
situation circumstances,situation circumstances,情形,NOUN,B2
six-line stanza,six-line stanza,词,NOUN,C1
six-year-old,six-year-old,,NOUN,B2
sixteen,sixteen,十六,NUM,B2
sixth,sixth,第六,ADJ,B2
sixth (noun),sixth,sixth,NOUN,B2
sixty,sixty,六十,NUM,B2
size measure,size measure,尺寸 / 测量,NOUN,A2
skate,to skate,滑冰,VERB,B2
skate (noun),skate,词,NOUN,A2
skater,skater,,NOUN,B2
skating,skating,滑冰,NOUN,B2
skeptic,skeptic,词,NOUN,C1
sketchiness,sketchiness,词,NOUN,C1
ski resort,ski resort,滑雪场,NOUN,C1
skid slip-up,skid slip-up,词,NOUN,C1
skiff,skiff,词,NOUN,C1
skiing,skiing,滑雪,NOUN,B2
skilful,skilful,熟练的,ADJ,B2
skilled,skilled,熟练的,ADJ,B2
skillfully,skillfully,词,ADV,B2
skillfulness,skillfulness,词,NOUN,B2
skin hide,skin hide,皮肤/皮革,NOUN,B2
skinny,skinny,词,ADJ,B2
skip a grade,skip a grade,跳级,VERB,C1
sky blue,sky blue,天蓝色,ADJ,B2
slack,slack,词,ADJ,B2
slackening dip,slackening dip,词,NOUN,C1
slackness,slackness,词,NOUN,C1
slake,slake,词,VERB,C1
slam,slam,,NOUN,B2
slam (verb),slam,词,VERB,B2
slammer jail,slammer jail,词,NOUN,C1
slang,slang,俚语,NOUN,B2
slanted,slanted,斜,ADJ,B2
slaughter,slaughter,屠杀,NOUN,B2
slaughter,to slaughter,割喉,VERB,B2
slaughterhouse,slaughterhouse,词,NOUN,C1
slavery bondage,slavery bondage,词,NOUN,C1
slaying,slaying,杀掉,NOUN,C1
sleek,sleek,词,ADJ,C1
sleep,sleep,睡眠,NOUN,B2
sleep bar,sleep bar,睡吧,NOUN,B2
sleep sleepiness,sleep sleepiness,词,NOUN,A2
sleeper,sleeper,词,NOUN,C1
sleeping pill,sleeping pill,安眠药,NOUN,B2
sleepy,sleepy,困,ADJ,A2
sleet,sleet,雨夹雪,NOUN,C1
sleeve,sleeve,袖子,NOUN,B2
sleigh,sleigh,雪橇,NOUN,C1
slice,slice,薄片,NOUN,B2
slice of bread,slice of bread,词,NOUN,C1
slick,slick,词,ADJ,C1
sliding,sliding,滑动的,ADJ,B2
slight (adj),slight,词,ADJ,B2
slight chill,slight chill,点凉,NOUN,C1
slightly,slightly,轻微地,ADV,B2
slim,slim,苗条,ADJ,B2
slip in,slip in,塞入,VERB,B2
slipper,slipper,拖鞋,NOUN,B2
slit,slit,词,NOUN,C1
slither,slither,词,VERB,C1
sloppy,sloppy,词,ADJ,B1
slot,slot,词,NOUN,C1
slovenly,slovenly,词,ADJ,C1
slow down,to slow down,放慢,VERB,B2
slow pace,slow pace,你慢点,NOUN,C1
slowdown,slowdown,减速,NOUN,B2
slower,slower,更慢,ADJ,B2
sluice,sluice,水闸,NOUN,C1
slum,slum,贫民窟,NOUN,B2
slur,slur,词,VERB,C1
slut,slut,荡妇,NOUN,B2
slyly,slyly,词,ADV,C1
small bag,small bag,词,NOUN,C1
small boat,small boat,小船,NOUN,B2
small box casket,small box casket,词,NOUN,C1
small gift,small gift,小礼物,NOUN,B2
small loaf,small loaf,词,NOUN,B2
small room,small room,词,NOUN,B1
small step,small step,词,NOUN,C1
small things,small things,琐事,NOUN,B2
small window,small window,词,NOUN,A2
smart clever,smart clever,聪明的,ADJ,B2
smart contract,smart contract,智能合约,NOUN,C1
smear,smear,抹,NOUN,C1
smell (noun),smell,还闻,NOUN,C1
smelly,smelly,臭,ADJ,B2
smelt,smelt,词,VERB,C1
smelting,smelting,词,NOUN,C1
smirk,smirk,词,VERB,C1
smitten,smitten,词,ADJ,C1
smog,smog,雾霾,NOUN,C1
smoked,smoked,词,ADJ,C1
smoker,smoker,词,NOUN,C1
smooth (noun),smooth,能磨平,NOUN,C1
smooth sailing,smooth sailing,一帆风顺,ADJ,B2
smoothness,smoothness,词,NOUN,C1
smuggle,smuggle,词,VERB,C1
smuggled goods,smuggled goods,水货,NOUN,C1
smugness,smugness,词,NOUN,C1
snap (verb),snap,词,VERB,C1
snare,snare,词,NOUN,C1
snazzy,snazzy,时髦的,ADJ,B2
sneaker,sneaker,词,NOUN,A1
sneakers,sneakers,词,NOUN,B2
sneaking,sneaking,词,NOUN,B2
sneer,sneer,词,VERB,C1
sneezing,sneezing,词,NOUN,C1
sniffle,sniffle,词,VERB,C1
snippet,snippet,词,NOUN,C1
snore (noun),snore,打呼,NOUN,B2
snoring,snoring,词,NOUN,B2
snot,snot,鼻涕,NOUN,B2
snow fungus,snow fungus,银耳,NOUN,B2
snow lotus,snow lotus,雪莲,NOUN,B2
snow-white,snow-white,词,ADJ,C1
snowdrift,snowdrift,词,NOUN,B1
snowy,snowy,词,ADJ,C1
snowy day,snowy day,雪天,NOUN,C1
so (sconj),so,遂,SCONJ,B2
so as not to,so as not to,免得,SCONJ,B2
so as to,so as to,俾使,SCONJ,B2
so much (det),so much,那么多,DET,B2
so much so many,so much so many,词,ADV,C1
so thus,so thus,所以/如此,ADV,B2
so to speak,so to speak,可以说,ADV,B2
so-called,so-called,,NOUN,B2
soaking,soaking,等你泡,NOUN,B2
soberano,sovereign,君主,NOUN,B2
soberanía,sovereignty,主权,NOUN,B2
sobre,about,关于,ADP,B2
sobre-dominio,over-domain,超畴,NOUN,B2
sobreestrategia,over-strategy,超策,NOUN,B2
sobregirar,to overdraw,透支,VERB,B2
sobresaliente,outstanding,杰出的,ADJ,B2
sobretrazo,over-stroke,超程,NOUN,B2
sobriedad,sobriety,清醒,NOUN,B2
sobriquet,sobriquet,词,NOUN,C1
sociable,sociable,好交际的,ADJ,B2
social,social,社会的,ADJ,B2
social action,social action,社会行动,NOUN,C1
social activity,social activity,社会活动,NOUN,B2
social analysis,social analysis,社会分析,NOUN,C1
social appeal,social appeal,社会呼吁,NOUN,B2
social assessment,social assessment,社会评估,NOUN,C1
social awareness,social awareness,社会觉悟,NOUN,B2
social benefit,social benefit,社会效益,NOUN,C1
social change,social change,社会变迁,NOUN,C1
social collaboration,social collaboration,社会协作,NOUN,C1
social commentary,social commentary,社会评论,NOUN,C1
social communication,social communication,社会沟通,NOUN,C1
social competition,social competition,社会竞争,NOUN,B2
social conflict,social conflict,社会冲突,NOUN,C1
social consensus,social consensus,社会共识,NOUN,B2
social contract,social contract,社会契约,NOUN,C1
social contribution,social contribution,社会贡献,NOUN,C1
social cooperation,social cooperation,社会合作,NOUN,C1
social cost,social cost,社会成本,NOUN,C1
social credit,social credit,社会信用,NOUN,B2
social crisis,social crisis,社会危机,NOUN,C1
social criticism,social criticism,社会批评,NOUN,C1
social custom,social custom,社会习俗,NOUN,B2
social development,social development,社会发展,NOUN,B2
social discrimination,social discrimination,社会歧视,NOUN,C1
social enlightenment,social enlightenment,社会启蒙,NOUN,C1
social equality,social equality,社会平等,NOUN,B2
social ethos,social ethos,社会风气,NOUN,B2
social event,social event,社会事件,NOUN,C1
social evolution,social evolution,社会演变,NOUN,C1
social exclusion,social exclusion,社会排斥,NOUN,C1
social expectation,social expectation,社会期望,NOUN,C1
social experiment,social experiment,社会实验,NOUN,B2
social fairness,social fairness,社会公平,NOUN,B2
social habit,social habit,社会习惯,NOUN,C1
social harmony,social harmony,社会和谐,NOUN,B2
social hierarchy,social hierarchy,社会等级,NOUN,B2
social identity,social identity,社会身份,NOUN,B2
social inclusion,social inclusion,社会包容,NOUN,B2
social inequality,social inequality,社会不平等,NOUN,C1
social initiative,social initiative,社会倡议,NOUN,C1
social insurance,social insurance,社会保险,NOUN,C1
social integration,social integration,社会融入,NOUN,C1
social interaction,social interaction,社会互动,NOUN,B2
social issue,social issue,社会问题,NOUN,C1
social justice,social justice,社会正义,NOUN,B2
social mediation,social mediation,社会调解,NOUN,B2
social mobility,social mobility,社会流动,NOUN,C1
social mobilization,social mobilization,社会动员,NOUN,B2
social morality,social morality,社会公德,NOUN,B2
social movement,social movement,社会运动,NOUN,B2
social network,social network,社会网络,NOUN,C1
social news,social news,社会新闻,NOUN,B2
social norm,social norm,社会规范,NOUN,C1
social obligation,social obligation,社会义务,NOUN,C1
social order,social order,社会秩序,NOUN,B2
social organization,social organization,社会组织,NOUN,B2
social participation,social participation,社会参与,NOUN,C1
social phenomenon,social phenomenon,社会现象,NOUN,B2
social practice,social practice,社会实践,NOUN,B2
social prejudice,social prejudice,社会偏见,NOUN,C1
social pressure,social pressure,社会压力,NOUN,B2
social prestige,social prestige,社会声望,NOUN,C1
social problem,social problem,社会问题,NOUN,B2
social progress,social progress,社会进步,NOUN,B2
social recognition,social recognition,社会认可,NOUN,C1
social reconciliation,social reconciliation,社会和解,NOUN,B2
social reflection,social reflection,社会反思,NOUN,C1
social reform,social reform,社会改革,NOUN,C1
social relations,social relations,社会关系,NOUN,C1
social research,social research,社会研究,NOUN,C1
social responsibility,social responsibility,社会责任,NOUN,C1
social revolution,social revolution,社会革命,NOUN,B2
social rights,social rights,社会权利,NOUN,C1
social role,social role,社会角色,NOUN,B2
social science,social science,社会科学,NOUN,B2
social security,social security,社会保障,NOUN,C1
social stability,social stability,社会稳定,NOUN,B2
social standard,social standard,社会标准,NOUN,C1
social statistics,social statistics,社会统计,NOUN,B2
social status,social status,社会地位,NOUN,C1
social stratification,social stratification,社会分层,NOUN,B2
social structure,social structure,社会结构,NOUN,B2
social survey,social survey,社会调查,NOUN,C1
social system,social system,社会制度,NOUN,C1
social tension,social tension,词,NOUN,C1
social tradition,social tradition,社会传统,NOUN,B2
social transformation,social transformation,社会转型,NOUN,C1
social trend,social trend,社会趋势,NOUN,B2
social trust,social trust,社会信任,NOUN,B2
social turmoil,social turmoil,社会动荡,NOUN,C1
social value,social value,社会价值,NOUN,B2
social welfare,social welfare,社会福利,NOUN,C1
social worker,social worker,社工,NOUN,C1
socialism,socialism,词,NOUN,C1
socialist,socialist,社会主义者,NOUN,B2
socialist (adj),socialist,社会主义的,ADJ,C1
socialization,socialization,社会化,NOUN,B2
socialize,to socialize,交往,VERB,B2
socializing,socializing,交际,NOUN,B1
socially,socially,词,ADV,C1
societal,societal,社会的,ADJ,B2
sociological,sociological,词,ADJ,C1
sociologist,sociologist,社会学家,NOUN,B2
sociology,sociology,社会学,NOUN,B2
socket,socket,词,NOUN,C1
soda,soda,苏打,NOUN,B2
sofa,sofa,沙发,NOUN,B2
sofistería,sophistry,诡辩,NOUN,B2
softball,softball,垒球,NOUN,B2
softness pliancy,softness pliancy,词,NOUN,C1
software,software,软件,NOUN,B2
software (adj),software,词,ADJ,C1
soil,soil,土壤,NOUN,B2
soil erosion,soil erosion,水土流失,NOUN,C1
soil investigation,soil investigation,词,NOUN,C1
sojourn,sojourn,逗留,NOUN,B2
sol,sunshine,阳光,NOUN,B2
solace,solace,安慰,NOUN,B2
solapamiento,overlap,重叠,NOUN,B2
solar (adj),solar,词,ADJ,B1
solar (noun),solar,词,NOUN,B2
solar energy,solar energy,太阳能,NOUN,C1
solar panel,solar panel,太阳能电池板,NOUN,B2
solar physics,solar physics,词,NOUN,C1
soldiers,soldiers,官兵,NOUN,B2
sole,sole,鞋底,NOUN,B2
soleado,sunny,晴朗的,ADJ,B2
solecism,solecism,语法错误,NOUN,B2
solely,solely,词,ADV,C1
solemn,solemn,庄严的,ADJ,B2
solemn (noun),solemn,solemn,NOUN,B2
solemnity,solemnity,词,NOUN,C1
solemnly,solemnly,词,ADV,C1
solfege,solfege,词,NOUN,C1
solicit,to solicit,恳求,VERB,B2
solicit donations,to solicit donations,募捐,VERB,B2
solicitar audiencia,to seek audience,求见,VERB,B2
solicitation,solicitation,词,NOUN,C1
solicitor,solicitor,词,NOUN,C1
solicitous,solicitous,词,ADJ,C1
solicitud,request,请求,NOUN,B2
solicitude,solicitude,关怀,NOUN,B2
solid,solid,3D模型 / 实体,NOUN,B2
solid substantial,solid substantial,结实的/大量的,ADJ,B2
solid-state drive,solid-state drive,固态硬盘,NOUN,B2
solidarity,solidarity,团结,NOUN,B2
solidez,soundness,好端端,NOUN,B2
solidifying,solidifying,词,ADJ,C1
solidity,solidity,固,NOUN,C1
soliloquy,soliloquy,独白,NOUN,B2
solipsism,solipsism,唯我论,NOUN,B2
solitary,solitary,孤独的,ADJ,B2
solitude,solitude,孤独,NOUN,B2
sollozar,to sob,啜泣,VERB,B2
sollozo,sobbing,抽泣,NOUN,B2
soloist,soloist,词,NOUN,C1
solstice,solstice,词,NOUN,C1
soltero,bachelor,单身汉,NOUN,B2
solute,solute,词,NOUN,C1
solve a case,solve a case,破案,VERB,B2
solvency,solvency,偿付能力,NOUN,B2
somber,somber,词,ADJ,B2
sombra de nieve,snow shadow,雪影姐姐,NOUN,B2
sombrío,gloomy,阴郁的,ADJ,B2
sombrío,grim,严酷的,ADJ,B2
some,some,一些,PRON,B2
some (adj),some,某些,ADJ,A2
some (noun),some,词,NOUN,B2
some many a,some many a,词,DET,A2
some out,some out,出些,NOUN,B2
some stink,some stink,些臭,NOUN,C1
some things,some things,一些事情,PRON,B2
somebody,somebody,词,PRON,A1
somehow,somehow,以某种方式,ADV,B2
someone stealing,someone stealing,有人偷,NOUN,C1
someone's,someone's,某人的,PRON,B2
somero,shallow,浅的,ADJ,B2
someter,to submit,提交,VERB,B2
something,something,شي,NOUN,B2
something better,something better,词,NOUN,C1
something like that,something like that,类似的事物,PRON,B2
sometime,sometime,在某个时候,ADV,B2
somewhat,somewhat,词,ADV,C1
somewhere,somewhere,,NOUN,B2
somewhere else,somewhere else,词,ADV,B1
somnolent,somnolent,词,ADJ,C1
son of a bitch,son of a bitch,词,NOUN,B2
son-in-law,son-in-law,词,NOUN,A2
sonar,to ring,鸣响,VERB,B2
sonata,sonata,词,NOUN,C1
song (part),song,歌,PART,B2
song festival,song festival,音乐节,NOUN,B2
song grass,song grass,歌草,NOUN,C1
song of praise,song of praise,赞歌,NOUN,B2
sonido,ringing,铃声,NOUN,B2
sonido modificado,modified sound,改响,NOUN,B2
sonorous,sonorous,词,ADJ,C1
sonreír,to grin,咧嘴笑,VERB,B2
sooner or later (adv),sooner or later,早晚,ADV,C1
sooner or later (noun),sooner or later,我迟早,NOUN,C1
soothing,soothing,词,ADJ,C1
soothsayer,soothsayer,词,NOUN,B2
sopa,clear soup,江瑶清羹,NOUN,B2
sophist,sophist,诡辩家,NOUN,B2
sophistic,sophistic,词,ADJ,C1
sophisticated,sophisticated,复杂的,ADJ,B2
sophomoric,sophomoric,词,ADJ,C1
soplar,to blow,吹,VERB,B2
soporific,soporific,词,ADJ,C1
soportable,bearable,可忍受的,ADJ,B2
soportar,to bear,忍受,VERB,B2
sordid,sordid,肮脏的,ADJ,B2
sore (adv),sore,词,ADV,A2
sore throat,sore throat,喉咙痛,NOUN,C1
sorghum,sorghum,高粱,NOUN,B2
sorprendente,surprising,令人惊讶的,ADJ,B2
sorprenderse,to be surprised,感到惊讶,VERB,B2
sorrow and indignation,sorrow and indignation,悲愤,NOUN,C1
sorrowful pitiful,sorrowful pitiful,悲哀,ADJ,C1
sorry,sorry,抱歉,INTJ,B2
sorry (adj),sorry,抱歉,ADJ,A1
sort,sort,种类,NOUN,B2
sortie,sortie,词,NOUN,C1
sorting,sorting,分类,NOUN,B2
sospechoso,suspect,嫌疑人,NOUN,B2
sostenibilidad,sustainability,可持续性,NOUN,B2
sostenible,sustainable,可持续的,ADJ,B2
sought,sought,,NOUN,B2
sought-after,sought-after,词,ADJ,C1
soul spirit,soul spirit,词,NOUN,B2
soulmate,soulmate,词,NOUN,C1
sound card,sound card,声卡,NOUN,B2
sound clip,sound clip,音频片段,NOUN,B2
sound judgment,sound judgment,词,NOUN,C1
sound sleep,sound sleep,你踏实睡,NOUN,B2
soundness of judgment,soundness of judgment,词,NOUN,C1
soundtrack,soundtrack,! 音轨,NOUN,B2
source citation,source citation,出处注明,NOUN,B2
source material,source material,素材,NOUN,C1
sources,sources,词,NOUN,C1
sourdough,sourdough,词,NOUN,C1
south african,south african,南非的,ADJ,B2
south gate,south gate,南关,NOUN,B2
southeast,southeast,东南,NOUN,B2
southeast (adj),southeast,词,ADJ,C1
southern,southern,南方的,ADJ,B2
southern part,southern part,南部,NOUN,B2
southerner,southerner,词,NOUN,B2
southward,southward,向南,ADV,B2
southwest,southwest,西南的,ADJ,B2
sovereign (adj),sovereign,主权,ADJ,B2
sovereigntist,sovereigntist,主权主义者,NOUN,B2
sow,sow,母猪,NOUN,B2
soy,soy,词,NOUN,C1
soy milk,soy milk,豆浆,NOUN,B2
soy sauce,soy sauce,酱油,NOUN,B2
space (adj),space,词,ADJ,C1
space technology,space technology,航天技术,NOUN,C1
spaciousness,spaciousness,词,NOUN,C1
spade,spade,铲子,NOUN,B2
spadix,spadix,词,NOUN,C1
spam (noun),spam,词,NOUN,B1
span cleaner,span cleaner,词,NOUN,B2
span duration,span duration,词,NOUN,C1
spandex,spandex,氨纶,NOUN,C1
spanish (noun),spanish,词,NOUN,B2
spar,spar,词,VERB,C1
spare (adj),spare,词,ADJ,B1
spare (noun),spare,词,NOUN,C1
sparse,sparse,词,ADJ,C1
sparse forest,sparse forest,疏林,NOUN,C1
spasm convulsion,spasm convulsion,词,NOUN,C1
spate,spate,词,NOUN,C1
speaking,speaking,说京,NOUN,B2
speaking of,speaking of,说起,NOUN,C1
speaking of which,speaking of which,词,ADV,C1
special agent,special agent,特工,NOUN,B2
special issue,special issue,特刊,NOUN,C1
special offer,special offer,特价,NOUN,B2
special window,special window,词,NOUN,B2
special zone,special zone,特区,NOUN,B2
special-purpose trip,special-purpose trip,专程,ADV,B2
specialized subject,specialized subject,专科,NOUN,B2
specially,specially,特意,ADV,B1
specifically,specifically,具体地,ADV,B2
specifications,specifications,词,NOUN,C1
specificity,specificity,词,NOUN,C1
specious,specious,似是而非的,ADJ,B2
spectacle,spectacle,词,NOUN,B2
specter,specter,词,NOUN,C1
spectrometer,spectrometer,词,NOUN,C1
speculative,speculative,词,ADJ,B2
speculator,speculator,投机者,NOUN,B2
speech (part),speech,语,PART,C1
speed bumps,speed bumps,词,NOUN,C1
speed limit sign,speed limit sign,限速牌,NOUN,B2
speed measurement,speed measurement,测速,NOUN,B2
speed radar,speed radar,词,NOUN,B1
speed skating,speed skating,速度滑冰,NOUN,C1
speeding,speeding,超速,NOUN,C1
spend the night,spend the night,词,VERB,B2
spending,spending,行用,NOUN,B2
spendthrift,spendthrift,词,NOUN,C1
spent,spent,词,ADJ,B2
spices,spices,词,NOUN,B1
spicy,spicy,辣,ADJ,A2
spike,spike,词,NOUN,B2
spin (noun),spin,词,NOUN,C1
spinach,spinach,菠菜,NOUN,B2
spinal cord,spinal cord,脊髓,NOUN,B2
spinsterhood,spinsterhood,词,NOUN,B2
spiral,spiral,词,NOUN,C1
spiral pattern,spiral pattern,旋纹,NOUN,B2
spirit (part),spirit,神,PART,A2
spirit world,spirit world,灵界,NOUN,B2
spiritual,spiritual,精神的,ADJ,B2
spiritual retreat,spiritual retreat,词,NOUN,C1
spiritual striving,spiritual striving,精神奋斗,NOUN,C1
spittle,spittle,唾沫,NOUN,B2
splash,splash,扑通,NOUN,B2
splay,splay,词,VERB,C1
spleen,spleen,词,NOUN,B2
split secession,split secession,分裂,NOUN,B2
splitter,splitter,词,NOUN,C1
spoiled child,spoiled child,词,NOUN,B1
spoiler,spoiler,词,NOUN,C1
spoils,spoils,词,NOUN,C1
spoils of war,spoils of war,词,NOUN,C1
sponge,sponge,词,NOUN,B2
sponsor (noun),sponsor,词,NOUN,B2
spontaneity,spontaneity,词,NOUN,C1
spontaneously,spontaneously,词,ADV,C1
spoonerism,spoonerism,词,NOUN,C1
sporadic,sporadic,词,ADJ,C1
sporadically,sporadically,词,ADV,B2
sports,sports,体育,NOUN,B2
sports exercise,sports exercise,运动,NOUN,B2
sports field,sports field,运动场,NOUN,C1
sports park,sports park,运动公园,NOUN,B2
sporty,sporty,运动的,ADJ,B2
spot,spot,地点,NOUN,B2
spot goods,spot goods,现货,NOUN,C1
sprayer sprinkler,sprayer sprinkler,词,NOUN,C1
spreading,spreading,词,NOUN,C1
spring eye,spring eye,泉,NOUN,B1
spring water,spring water,泉水,NOUN,C1
springboard,springboard,词,NOUN,C1
spry,spry,词,ADJ,C1
spurn,spurn,词,VERB,C1
spurt,spurt,词,VERB,C1
sputum,sputum,词,NOUN,C1
squabble (verb),squabble,词,VERB,C1
squad leader,squad leader,伍长,NOUN,C1
square (adj),square,方,ADJ,B2
square as in square foot,square as in square foot,平方,NOUN,B1
square dance,square dance,广场舞,NOUN,C1
squeak,squeak,吱吱声,NOUN,B2
squeal,squeal,词,VERB,C1
squelch,squelch,词,VERB,C1
squirrel wheel,squirrel wheel,仓鼠轮,NOUN,B2
stab (noun),stab,捅,NOUN,C1
stably,stably,稳定地,ADV,B2
stack (noun),stack,词,NOUN,B2
staff (verb),staff,词,VERB,B1
staff officer,staff officer,参谋,NOUN,B2
stage design,stage design,词,NOUN,B2
stage fright,stage fright,怯场,NOUN,B2
staging,staging,上演,NOUN,B2
staid,staid,词,ADJ,C1
staircase,staircase,词,NOUN,B1
stairwell,stairwell,楼梯间,NOUN,C1
stakes,stakes,词,NOUN,B2
stalemate,stalemate,词,NOUN,C1
stalking,stalking,词,NOUN,C1
stall,stall,包厢座位,NOUN,B2
stalling,stalling,词,NOUN,B2
stalwart,stalwart,词,ADJ,C1
stamina,stamina,词,NOUN,C1
stammering,stammering,词,NOUN,C1
stamp buffer,stamp buffer,词,NOUN,C1
stanch,stanch,词,VERB,C1
stand,stand,摊位,NOUN,B2
standard (adj),standard,词,ADJ,C1
standard criterion,standard criterion,词,NOUN,C1
standby,standby,待机,VERB,C1
standing (adv),standing,词,ADV,A1
standing (noun),standing,就站,NOUN,B2
standoffish,standoffish,词,ADJ,B2
standpoint,standpoint,立场,NOUN,B2
stands,stands,词,NOUN,B2
stanza,stanza,词,NOUN,B2
staple,staple,词,NOUN,C1
stapler,stapler,词,NOUN,A2
star celebrity,star celebrity,词,NOUN,B1
star search,star search,找星,NOUN,B2
starch,starch,芡,NOUN,C1
stark,stark,词,ADJ,B2
starling,starling,词,NOUN,B2
start of school year,start of school year,词,NOUN,B1
starting point,starting point,出发点,NOUN,B2
starting premise,starting premise,词,NOUN,C1
starved,starved,饥饿的,ADJ,B2
state federal,state federal,州,NOUN,B2
state of emergency,state of emergency,词,NOUN,C1
state of mind,state of mind,精神状态,NOUN,B2
state relatives,state relatives,国戚,NOUN,B2
state secretary,state secretary,国务秘书,NOUN,B2
state truce,state truce,国罢,NOUN,B2
state-run,state-run,公办,NOUN,C1
stateless person,stateless person,词,NOUN,C1
statement of the obvious,statement of the obvious,词,NOUN,C1
statements,statements,词,NOUN,C1
static (noun),static,词,NOUN,B2
stationery shop,stationery shop,文具店,NOUN,B2
statistic,statistic,统计数据,NOUN,B2
statization,statization,词,NOUN,C1
statute of limitations,statute of limitations,词,NOUN,B2
stay remain,stay remain,词,VERB,A1
staying,staying,得留,NOUN,C1
staying behind,staying behind,我留下,NOUN,B2
steadfast,steadfast,词,ADJ,C1
steadfastness,steadfastness,词,NOUN,B2
steadily,steadily,稳定地,ADV,B2
steadiness,steadiness,稳倒,NOUN,C1
steak,steak,牛排,NOUN,B2
stealth,stealth,秘密行动,NOUN,B2
stealthily,stealthily,词,ADV,B2
stealthy,stealthy,词,ADJ,C1
steamed,steamed,词,ADJ,B2
steamed bun,steamed bun,馒头,NOUN,B2
steamed fish,steamed fish,花雕蒸鳜,NOUN,B2
steering,steering,掌舵的,ADJ,B2
steering (noun),steering,词,NOUN,C1
steering control,steering control,词,NOUN,C1
stem (adj),stem,词,ADJ,C1
stem cell,stem cell,干细胞,NOUN,C1
stemming,stemming,词,ADJ,B1
stent,stent,支架,NOUN,C1
stentorian,stentorian,词,ADJ,C1
stepfather,stepfather,词,NOUN,A1
steppes,steppes,草原,NOUN,B2
stepson,stepson,词,NOUN,A2
stereotyping,stereotyping,词,NOUN,C1
stereotypy routineness,stereotypy routineness,词,NOUN,C1
sterilization,sterilization,词,NOUN,B2
sterilizer,sterilizer,词,NOUN,C1
stern (adj),stern,词,ADJ,C1
stern (noun),stern,词,NOUN,C1
sticker,sticker,贴,NOUN,C1
sticking point,sticking point,词,NOUN,C1
stickler,stickler,词,NOUN,C1
sticky note,sticky note,便签,NOUN,B2
stiff glove,stiff glove,,NOUN,B2
stifle,stifle,词,VERB,C1
stifling,stifling,词,ADJ,B2
stigmatization,stigmatization,词,NOUN,B2
still also,still also,还,ADV,A1
stillness,stillness,静中,NOUN,B2
stilted,stilted,词,ADJ,C1
stimulant,stimulant,兴奋剂,NOUN,B2
sting,sting,刺,NOUN,B2
stinginess,stinginess,吝啬；小气,NOUN,B2
stink,stink,恶臭,NOUN,B2
stinking,stinking,发臭的,ADJ,B2
stir,stir,搅拌,NOUN,B2
stir,to stir,搅拌,VERB,B2
stir (noun),stir,掀不起,NOUN,C1
stir-fry,stir-fry,炒,VERB,B1
stitch,stitch,针脚,NOUN,B2
stitches,stitches,词,NOUN,B1
stitching,stitching,缝合,NOUN,B2
stochastic,stochastic,词,ADJ,B2
stock,stock,库存,NOUN,B2
stock exchange,stock exchange,证券交易所,NOUN,B2
stock market,stock market,股市,NOUN,B2
stockholm,stockholm,斯德哥尔摩,PROPN,B2
stocking,stocking,词,NOUN,C1
stodgy,stodgy,词,ADJ,C1
stoically,stoically,词,ADV,C1
stoicism,stoicism,斯多葛主义,NOUN,B2
stolen,stolen,被偷的,ADJ,B2
stolen one,stolen one,词,NOUN,B2
stomach ache,stomach ache,词,NOUN,C1
stomachache,stomachache,肚子痛,NOUN,B2
stone,stone,石,PART,B2
stone emerging,stone emerging,石出,NOUN,C1
stoning,stoning,石刑,NOUN,C1
stool,stool,词,NOUN,C1
stop,stop,停止,NOUN,B2
stop bleeding,stop bleeding,止血,VERB,B2
stop me,to stop me,拦我,VERB,B2
stop-arguing,stop-arguing,都别争,NOUN,C1
storage,storage,收纳,NOUN,B2
storage room,storage room,储藏室,NOUN,B2
store,store,商店,NOUN,B2
storehouse,storehouse,库房,NOUN,C1
stork,stork,词,NOUN,B1
storm (verb),storm,强袭,VERB,C1
storm surge,storm surge,风暴潮,NOUN,C1
storming,storming,词,NOUN,C1
stormy,stormy,有暴风雨的,ADJ,B2
stout,stout,词,ADJ,C1
strabismus,strabismus,词,NOUN,B2
straight,straight,笔直的,ADJ,B2
straight (adv),straight,直接地,ADV,B1
straight (noun),straight,直的,NOUN,B2
straight ahead,straight ahead,词,ADV,B2
straight direct,straight direct,词,ADJ,A1
straight line,straight line,词,NOUN,C1
straightforward,straightforward,直率的,ADJ,B2
strain,to strain,努力,VERB,B2
strait,strait,海峡,NOUN,B2
straitened circumstances,straitened circumstances,词,NOUN,C1
straitjacket,straitjacket,词,NOUN,C1
strand,strand,词,NOUN,C1
strange troops,strange troops,怪兵,NOUN,B2
strangely,strangely,奇怪地,ADV,B2
strangest,strangest,词,NOUN,C1
strategist,strategist,词,NOUN,C1
strategize,strategize,运筹,VERB,C1
stratigraphic,stratigraphic,词,ADJ,C1
straw,straw,稻草,NOUN,B2
straying,straying,跑丢,NOUN,C1
street dance,street dance,街舞,NOUN,C1
street interview,street interview,街头采访,NOUN,B2
street kid,street kid,词,NOUN,B2
street lamp,street lamp,词,NOUN,B1
street lighting,street lighting,词,NOUN,B1
street parking,street parking,路边停车,NOUN,C1
strenuous,strenuous,费力的,ADJ,B2
stress (noun),stress,压力,NOUN,B1
stressed,stressed,焦虑的,ADJ,B2
stressful,stressful,有压力的,ADJ,B2
stretch,stretch,伸展,NOUN,B2
stretch out,stretch out,词,VERB,B2
stretcher,stretcher,担架,NOUN,B2
strictly,strictly,词,ADV,B2
strictly prohibit,strictly prohibit,严禁,VERB,B2
strictness,strictness,词,NOUN,B2
stride (noun),stride,词,NOUN,C1
strike,to strike,打击,VERB,B2
strike-related,strike-related,词,ADJ,C1
striking,striking,惊人的,ADJ,B2
string,string,细绳,NOUN,B2
string instruments,string instruments,词,NOUN,C1
string music,string music,词,NOUN,C1
stringent,stringent,词,ADJ,C1
stripe,stripe,条纹,NOUN,B2
striped,striped,有条纹的,ADJ,B2
stripping,stripping,剥离的,ADJ,B2
striving,striving,追求,NOUN,B2
striving to be first and fearing to be last,striving to be first and fearing to be last,争先恐后,VERB,B2
stroke,stroke,中风,NOUN,B2
stroll,to stroll,散步,VERB,B2
stroller,stroller,婴儿车,NOUN,B2
strong will,strong will,毅力,NOUN,C1
strongest,strongest,词,NOUN,B2
structural,structural,结构的,ADJ,B2
structural particle after verb,structural particle after verb,得,PART,A1
structuralism,structuralism,词,NOUN,C1
structuralist,structuralist,词,ADJ,C1
structured,structured,词,ADJ,C1
structuredness,structuredness,结构性,NOUN,B2
structures,structures,词,NOUN,C1
stubbornness,stubbornness,固执,NOUN,B2
stuck,stuck,卡住的,ADJ,B2
student loan,student loan,助学贷款,NOUN,B2
student residence,student residence,学生宿舍,NOUN,B2
studies,studies,学业,NOUN,B2
studio,studio,工作室,NOUN,B2
study tour,study tour,游学,NOUN,C1
stuff,stuff,东西,NOUN,B2
stuffed,stuffed,词,ADJ,B1
stuffed crab,stuffed crab,蟹酿,NOUN,B2
stuffy nose,stuffy nose,鼻塞,NOUN,C1
stumble (noun),stumble,词,NOUN,C1
stunner,stunner,词,NOUN,B2
stunt,stunt,词,NOUN,B2
stupefaction,stupefaction,词,NOUN,C1
stupendous,stupendous,词,ADJ,C1
stupid things,stupid things,蠢事,NOUN,B2
stuttering,stuttering,词,NOUN,C1
stylish,stylish,雅致的,ADJ,B2
stylist,stylist,词,NOUN,C1
stylistics,stylistics,词,NOUN,C1
stymie,stymie,词,VERB,C1
su partida,his departure,他走,NOUN,B2
suave,suave,词,ADJ,C1
suavemente,smoothly,顺利,ADV,B2
sub-construction,sub-construction,分建,NOUN,C1
sub-degree,sub-degree,分度,NOUN,C1
sub-method,sub-method,分法,NOUN,B2
sub-observation,sub-observation,分察,NOUN,C1
sub-principle,sub-principle,分理,NOUN,C1
sub-proof,sub-proof,分证,NOUN,C1
sub-reality,sub-reality,分实,NOUN,B2
sub-rule,sub-rule,分则,NOUN,C1
sub-structure,sub-structure,分构,NOUN,C1
sub-system,sub-system,分制,NOUN,C1
sub-theory,sub-theory,分论,NOUN,C1
subaltern,subaltern,词,NOUN,C1
subcategory,subcategory,分目,NOUN,B2
subconscious,subconscious,潜意识,NOUN,B2
subcontracting,subcontracting,分包,NOUN,B2
subcontratación,outsourcing,外包,NOUN,B2
subdivision,subdivision,词,NOUN,B2
subduing object,subduing object,克一物,NOUN,C1
subestimación,underestimation,小看,NOUN,B2
subestimar,to underestimate,低估,VERB,B2
subir,to come up,出现,VERB,B2
subir,to rise,上升,VERB,B2
subir,to upload,上传,VERB,B2
subject field,subject field,科目 / 领域,NOUN,B2
subject matter,subject matter,题材,NOUN,C1
subject to the law,subject to the law,受法律管辖的,ADJ,B2
subject topic,subject topic,主题/话题,NOUN,B2
subjection,subjection,词,NOUN,B2
subjectivism,subjectivism,词,NOUN,C1
subjectivity,subjectivity,词,NOUN,B2
subjetivo,subjective,主观的,ADJ,B2
sublimation,sublimation,词,NOUN,C1
subliminal,subliminal,词,ADJ,C1
subliming,subliming,词,ADJ,C1
sublimity,sublimity,词,NOUN,C1
submarino,submarine,潜水艇,NOUN,B2
submissive,submissive,词,ADJ,C1
submit bid,submit bid,投标,VERB,C1
submit to,submit to,顺从,VERB,B2
subordinado,subordinate,下属,NOUN,B2
subordination,subordination,隶属,NOUN,C1
subsequently,subsequently,词,ADV,C1
subservient,subservient,词,ADJ,C1
subsidiarily,subsidiarily,词,ADV,C1
subsidiarity,subsidiarity,辅助性原则,NOUN,B2
subsidio,subsidy,补贴,NOUN,B2
subsiguiente,subsequent,随后的,ADJ,B2
subsistencia,subsistence,生计,NOUN,B2
substandard,substandard,,NOUN,B2
substantial,substantial,大量的,ADJ,B2
substantially,substantially,词,ADV,B2
substantive,substantive,实质性的,ADJ,B2
substitute (verb),substitute,代换,VERB,C1
substitute deputy,substitute deputy,词,NOUN,C1
substitutes,substitutes,词,NOUN,C1
substitution,substitution,词,NOUN,C1
subterfuge,subterfuge,词,NOUN,C1
subterranean,subterranean,词,ADJ,C1
subterráneo,underground,地铁,NOUN,B2
subtitles,subtitles,词,NOUN,A2
subtitling,subtitling,词,NOUN,C1
subtle,subtle,微妙的,ADJ,B2
subtlety,subtlety,微妙,NOUN,B2
subtly,subtly,词,ADV,C1
subtítulo,subtitle,字幕,NOUN,B2
suburban,suburban,词,ADJ,C1
suburbio,suburb,郊区,NOUN,B2
suburbs,suburbs,郊区,NOUN,B2
subvención,grant,拨款,NOUN,B2
subversion,subversion,词,NOUN,C1
subversive,subversive,词,ADJ,C1
subvert,subvert,词,VERB,C1
successive,successive,词,ADJ,C1
successive generations,successive generations,历代,NOUN,B2
succinct,succinct,简明的,ADJ,B2
succinctly,succinctly,简洁地,ADV,B2
succor,succor,词,NOUN,C1
succulent,succulent,词,ADJ,C1
suceder,to succeed,成功,VERB,B2
suceder,to take place,举行,VERB,B2
sucesivamente,successively,连续地,ADV,B2
sucesión,succession,连续,NOUN,B2
sucesor,successor,继任者,NOUN,B2
such (det),such,这样的,DET,A1
such a,such a,这样的,DET,B2
such a thing,such a thing,词,PRON,B1
suciedad,dirt,污垢,NOUN,B2
sucking,sucking,嗦,NOUN,B2
sudar,to sweat,出汗,VERB,B2
sudden death,sudden death,暴毙,NOUN,C1
sudden shower,sudden shower,词,NOUN,B1
suegro,father-in-law,岳父/公公,NOUN,B2
suelo,ground,根据,NOUN,B2
suerte,push luck,太得寸,NOUN,B2
sueño dulce,sweet dream,美梦,NOUN,B2
sufficient flight,sufficient flight,飞够,NOUN,B2
sufficient matter,sufficient matter,事足,NOUN,C1
sufficiently,sufficiently,词,ADV,C1
suffrage,suffrage,词,NOUN,C1
suffuse,suffuse,词,VERB,C1
suficiencia,sufficiency,充足,NOUN,B2
suficiente,sufficient,足够的,ADJ,B2
sugarcane,sugarcane,甘蔗,NOUN,C1
sugerencia,suggestion,建议,NOUN,B2
suggestibility,suggestibility,词,NOUN,C1
suggestiveness,suggestiveness,词,NOUN,C1
suicidal thought,suicidal thought,,NOUN,B2
suicide candidate,suicide candidate,,NOUN,B2
suite,suite,套房,NOUN,B2
sukuk,sukuk,词,NOUN,C1
sukuk issuance,sukuk issuance,词,NOUN,C1
sulfide,sulfide,词,NOUN,C1
sulfur,sulfur,硫,NOUN,B2
sulfuric,sulfuric,词,NOUN,B2
sullen,sullen,词,ADJ,C1
sullenness,sullenness,词,NOUN,C1
sully,sully,词,VERB,C1
sultan,sultan,苏丹,NOUN,B2
sultanate,sultanate,苏丹国,NOUN,C1
sultanic,sultanic,词,ADJ,C1
sultry,sultry,词,ADJ,C1
sum total,sum total,总而,NOUN,B2
suma,sum,总和,NOUN,B2
sumergir,to dip,蘸,VERB,B2
sumergir,to submerge,淹没,VERB,B2
suministro,supply,供应,NOUN,B2
sumisión,submission,顺从,NOUN,B2
summarily,summarily,草率地,ADV,B2
summarization,summarization,词,NOUN,B2
summarizing,summarizing,词,NOUN,C1
summer camp,summer camp,夏令营,NOUN,B2
summer grass,summer grass,夏草,NOUN,B2
summer vacationers,summer vacationers,词,NOUN,B2
summer visitor,summer visitor,暑期游客,NOUN,B2
summery,summery,词,ADJ,C1
sun sensitivity,sun sensitivity,,NOUN,B2
sun-protective,sun-protective,防晒,ADJ,C1
sundae,sundae,词,NOUN,C1
sunder,sunder,词,VERB,C1
sundown,sundown,日暮,NOUN,C1
sundry,sundry,词,ADJ,C1
sunflower seed,sunflower seed,葵花籽,NOUN,C1
sunglasses,sunglasses,太阳镜,NOUN,B2
sunny day,sunny day,晴天,NOUN,C1
suona,suona,唢呐,NOUN,C1
super (adj),super,词,ADJ,A2
super (adv),super,词,ADV,A1
super dead,super dead,,NOUN,B2
super high,super high,,NOUN,B2
super-basis,super-basis,超据,NOUN,B2
super-capacity,super-capacity,超容,NOUN,C1
super-construction,super-construction,超建,NOUN,C1
super-dimension,super-dimension,超度,NOUN,C1
super-distinction,super-distinction,超殊,NOUN,B2
super-even,super-even,超偶,NOUN,C1
super-form,super-form,超形,NOUN,B2
super-general,super-general,超般,NOUN,C1
super-image,super-image,超象,NOUN,C1
super-imagination,super-imagination,超想,NOUN,C1
super-instrument,super-instrument,超具,NOUN,C1
super-internal,super-internal,超内,NOUN,B2
super-method,super-method,超法,NOUN,C1
super-nature,super-nature,超性,NOUN,C1
super-necessity,super-necessity,超必,NOUN,B2
super-number,super-number,超数,NOUN,B2
super-observation,super-observation,超察,NOUN,B2
super-possibility,super-possibility,超可,NOUN,C1
super-proof,super-proof,超证,NOUN,B2
super-quantity,super-quantity,超量,NOUN,B2
super-reality,super-reality,超实,NOUN,C1
super-reason,super-reason,超理,NOUN,C1
super-root,super-root,超本,NOUN,B2
super-special,super-special,超特,NOUN,B2
super-state,super-state,超态,NOUN,B2
super-structure,super-structure,超构,NOUN,C1
super-theory,super-theory,超论,NOUN,C1
super-trend,super-trend,超势,NOUN,C1
super-unity,super-unity,超一,NOUN,B2
super-universal,super-universal,超普,NOUN,C1
superannuated,superannuated,词,ADJ,C1
superb,superb,极好的,ADJ,B2
supercalidad,super-quality,超质,NOUN,B2
supercilious,supercilious,词,ADJ,C1
supercomprensivo,super-comprehensive,超遍,NOUN,B2
superficial,superficial,表面的,ADJ,B2
superficiality,superficiality,词,NOUN,C1
supergrado,super-grade,超级,NOUN,B2
superhero,superhero,超级英雄,NOUN,B2
superintendent,superintendent,词,NOUN,C1
superior,higher,更高的,ADJ,B2
superior,superior,更好的,ADJ,B2
superior,upper,上面的,ADJ,B2
superior (noun),superior,上级,NOUN,B2
superior upper,superior upper,词,ADJ,C1
superiority,superiority,优越性/优势,NOUN,B2
superlative,superlative,词,ADJ,C1
supermercado,supermarket,超市,NOUN,B2
supernatural,supernatural,超自然的,ADJ,B2
supernumerary,supernumerary,词,ADJ,C1
superpensamiento,super-thought,超思,NOUN,B2
superprincipio,super-principle,超则,NOUN,B2
supersede,supersede,词,VERB,C1
supervisar,to supervise,监督,VERB,B2
supervisión,supervision,监督,NOUN,B2
supervisor,supervisor,主管,NOUN,B2
supervivencia,survival,生存,NOUN,B2
superviviente,survivor,幸存者,NOUN,B2
supine,supine,词,ADJ,C1
suplementar,supplement,补充,NOUN,B2
suplementar,to supplement,补充,VERB,B2
suplicar,to plead,恳求,VERB,B2
supplant,supplant,词,VERB,C1
supple,supple,词,ADJ,C1
supplement extra charge,supplement extra charge,词,NOUN,C1
supplies,supplies,必需品,NOUN,B2
supply chain,supply chain,供应链,NOUN,C1
supply does not meet demand,supply does not meet demand,供不应求,ADJ,B2
supplying,supplying,词,NOUN,C1
support medium,support medium,词,NOUN,C1
support pillar,support pillar,词,NOUN,C1
supported,supported,词,ADJ,B2
supporter advocate,supporter advocate,词,NOUN,B1
supporters,supporters,词,NOUN,B2
supporting document,supporting document,证明文件,NOUN,B2
supportive,supportive,团结的,ADJ,B2
supposed to,supposed to,词,ADJ,B1
supposition,supposition,词,NOUN,C1
suppository,suppository,词,NOUN,C1
suppressed grief,suppressed grief,压抑的悲伤,NOUN,C1
suppression of us,suppression of us,压咱,NOUN,C1
suppuration,suppuration,词,NOUN,C1
supremacy,supremacy,霸权,NOUN,B2
supreme,supreme,最高的,ADJ,B2
supreme court,supreme court,最高法院,NOUN,C1
supreme fate,supreme fate,上缘,NOUN,B2
supremo,utmost,你尽,NOUN,B2
supresión,suppression,抑,NOUN,B2
suprimir,to suppress,压制,VERB,B2
supsistema,super-system,超制,NOUN,B2
supuesto,so-called,所谓的,ADJ,B2
supurar,to fester,溃烂,VERB,B2
surcharge,surcharge,附加费,NOUN,B2
sure,sure,当然,ADV,B2
sure safe,sure safe,确定的,ADJ,B2
surely safe,surely safe,肯定地,ADV,B2
surety bond,surety bond,词,NOUN,C1
suretyship,suretyship,保证,NOUN,C1
surfeit,surfeit,词,NOUN,C1
surfing,surfing,冲浪,NOUN,B2
surgical,surgical,外科的,ADJ,B2
surging effusive,surging effusive,词,ADJ,C1
surgir,to arise,出现,VERB,B2
surly,surly,词,ADJ,C1
surmise,surmise,词,VERB,C1
surmount,surmount,词,VERB,C1
surname Zhuang,surname Zhuang,姓庄,NOUN,C1
surpassing,surpassing,可越,NOUN,C1
surplus,surplus,过剩的,ADJ,B2
surprise attack,surprise attack,偷袭,NOUN,C1
surprised,surprised,惊讶的,ADJ,B2
surrealismo,surrealism,超现实主义,NOUN,B2
surreptitiously,surreptitiously,词,ADV,B2
surrogate,surrogate,词,NOUN,C1
surrounding,surrounding,词,ADJ,C1
surrounding area,surrounding area,周边,NOUN,B2
survival of the fittest,survival of the fittest,优胜劣汰,NOUN,B2
susceptible,susceptible,词,ADJ,C1
suscribir,to subscribe,订阅,VERB,B2
suscribir,to underwrite,承保,VERB,B2
suscripción,subscription,订阅,NOUN,B2
suscriptor,subscriber,订阅者,NOUN,B2
susha,susha,夙砂大,NOUN,B2
suspended,suspended,悬浮的,ADJ,B2
suspended sentence,suspended sentence,缓刑,NOUN,C1
suspensión,suspension,暂停,NOUN,B2
suspenso,suspense,悬念,NOUN,B2
suspicions,suspicions,词,NOUN,C1
suspirar,sigh,叹息,NOUN,B2
suspirar,to sigh,叹气,VERB,B2
suspirar de tristeza,to sigh with sorrow,感慨,VERB,B2
sustain,sustain,词,VERB,C1
sustainability policy,sustainability policy,词,NOUN,C1
sustanciación,substantiation,论证,NOUN,B2
sustento,sustenance,食物,NOUN,B2
sustituto,substitute,替代品,NOUN,B2
suturar,suture,缝合,NOUN,B2
suturar,to suture,缝合,VERB,B2
svelte,svelte,词,ADJ,C1
swab,swab,词,NOUN,B2
swap,swap,词,VERB,B2
swarthy,swarthy,词,ADJ,C1
sweater knitwear,sweater knitwear,词,NOUN,A1
sweatshirt,sweatshirt,词,NOUN,C1
sweden,sweden,瑞典,PROPN,B2
swedish,swedish,瑞典语,NOUN,B2
sweet potato,sweet potato,红薯,NOUN,B2
sweetness,sweetness,,NOUN,B2
swelling,swelling,词,NOUN,B2
swelter,swelter,词,VERB,C1
swift,swift,词,ADJ,C1
swim training,swim training,,NOUN,B2
swimmer,swimmer,词,NOUN,C1
swimming,swimming,游泳,NOUN,B2
swimwear,swimwear,,NOUN,B2
swine,swine,猪,NOUN,B2
swinging,swinging,swinging,NOUN,B2
swirl,swirl,词,VERB,C1
swiss,swiss,瑞士的,ADJ,B2
switch key,switch key,词,NOUN,C1
sword entrustment,sword entrustment,剑就托,NOUN,C1
sword placement,sword placement,剑放,NOUN,B2
sword practice,sword practice,练刀练,NOUN,C1
sword provocation,sword provocation,剑惹,NOUN,B2
sword recognition,sword recognition,认剑,NOUN,B2
sword return,sword return,来还剑,NOUN,C1
sword strike,sword strike,看剑,NOUN,B2
swordplay,swordplay,剑走,NOUN,B2
swords,swords,刀剑,NOUN,C1
swordsmanship,swordsmanship,剑术,NOUN,B2
sycophant,sycophant,词,NOUN,C1
sycophantic,sycophantic,词,ADJ,B2
syllabification,syllabification,词,NOUN,C1
syllable,syllable,音节,NOUN,B2
syllogism,syllogism,三段论,NOUN,B2
symbiosis,symbiosis,词,NOUN,C1
symbolic,symbolic,象征的,ADJ,B2
symbolism,symbolism,象征主义,NOUN,B2
symbolization,symbolization,词,NOUN,C1
symmetric,symmetric,词,ADJ,C1
symmetrical,symmetrical,对称的,ADJ,B2
sympathetic,sympathetic,同情的,ADJ,B2
sympathy empathy,sympathy empathy,同情/共情,NOUN,B2
symphonic,symphonic,交响乐的,ADJ,B2
symptom,symptom,症,PART,B2
symptomatology,symptomatology,症状学,NOUN,B2
symptoms,symptoms,词,NOUN,B1
synaptic,synaptic,词,ADJ,C1
sync,sync,同步,NOUN,B2
synchronized,synchronized,词,ADJ,C1
synchrony,synchrony,词,NOUN,C1
syncopate,syncopate,词,VERB,C1
syncretism,syncretism,词,NOUN,C1
syndicate,syndicate,词,NOUN,C1
syndrome,syndrome,综合征,NOUN,B2
synecdoche,synecdoche,词,NOUN,C1
syneresis,syneresis,元音合并,NOUN,B2
synonym,synonym,词,NOUN,C1
synopsis,synopsis,词,NOUN,C1
synoptic,synoptic,概要的,ADJ,B2
syntactic,syntactic,词,ADJ,C1
synthetic,synthetic,合成的,ADJ,B2
synthetic fiber,synthetic fiber,化纤,NOUN,B2
syrian,syrian,叙利亚的,ADJ,B2
systematically,systematically,系统地,ADV,B2
systemless,systemless,无系统的,ADJ,B2
sátira,satire,讽刺,NOUN,B2
sésamo,sesame,芝麻,NOUN,B2
sí mismo,self,自我,NOUN,B2
síntesis,synthesis,综合,NOUN,B2
síntoma,symptom,症状,NOUN,B2
sísmico,seismic,地震的,ADJ,B2
tab,tab,词,NOUN,C1
tabaquismo,smoking,吸烟,NOUN,B2
taberna,tavern,酒馆,NOUN,B2
tabernacle,tabernacle,词,NOUN,C1
tabla,board,木板,NOUN,B2
table grape,table grape,提子,NOUN,B2
table tennis,table tennis,乒乓球,NOUN,A2
tableau,tableau,词,NOUN,C1
tablecloth,tablecloth,词,NOUN,C1
tablero,dashboard,仪表盘,NOUN,B2
tablet,tablet,平板电脑,NOUN,B2
taboo (adj),taboo,词,ADJ,C1
tabú,taboo,禁忌,NOUN,B2
tachometer,tachometer,转速表,NOUN,B2
tacitly accept,tacitly accept,默认,VERB,C1
taciturno,taciturn,沉默寡言的,ADJ,B2
tact,tact,词,NOUN,C1
tactful appeasement,tactful appeasement,词,NOUN,C1
tactical,tactical,词,ADJ,C1
tactician,tactician,词,NOUN,C1
tactile,tactile,词,ADJ,C1
tactile paving,tactile paving,盲道,NOUN,B2
tactless,tactless,不得体的,ADJ,B2
taekwondo,taekwondo,跆拳道,NOUN,B2
tag (noun),tag,词,NOUN,B2
taillight,taillight,尾灯,NOUN,B2
take a bribe,take a bribe,受贿,VERB,C1
take a look,take a look,瞧一瞧,NOUN,C1
take a photo,take a photo,照相,VERB,B2
take a stand,take a stand,表态,VERB,C1
take advantage of Feng,take advantage of Feng,趁凤,NOUN,C1
take an x-ray,take an x-ray,拍片,VERB,C1
take medicine,take medicine,服药,VERB,C1
take refuge,take refuge,避难,VERB,C1
taken,taken,词,ADJ,C1
taken away,taken away,拿去,NOUN,C1
takeover,takeover,词,NOUN,C1
taking command,taking command,挂帅,NOUN,B2
tal,such,如此,DET,B2
taladro,drill,钻头,NOUN,B2
tale,tale,词,NOUN,A1
talented,talented,有才华的,ADJ,B2
talk show,talk show,脱口秀,NOUN,C1
talked,talked,词,ADJ,C1
talks,talks,会谈,NOUN,C1
taller,workshop,研讨会,NOUN,B2
tallo,stem,茎,NOUN,B2
tally,tally,词,VERB,C1
talón,heel,脚后跟,NOUN,B2
también,also too,也,ADV,B2
tambor,drum,鼓,NOUN,B2
tambourine,tambourine,词,NOUN,B2
tame (adj),tame,词,ADJ,A1
tamper,tamper,词,VERB,C1
tandem duo,tandem duo,双人自行车 / 搭档,NOUN,B2
tangente,tangent,切线,NOUN,B2
tangential,tangential,词,ADJ,C1
tangerine,tangerine,桔子,NOUN,B1
tangibility,tangibility,词,NOUN,C1
tangible,tangible,有形的,ADJ,B2
tangible benefit,tangible benefit,实惠,NOUN,C1
tank cistern,tank cistern,词,NOUN,C1
tannery,tannery,词,NOUN,B2
tantamount,tantamount,词,ADJ,C1
tanto,so much,那么多,DET,B2
tantrum,tantrum,词,NOUN,C1
tap,tap,水龙头,NOUN,B2
tapa,lid,盖子,NOUN,B2
tapestry,tapestry,词,NOUN,C1
tarab,tarab,词,NOUN,B2
tarde,afternoon,下午,NOUN,B2
tarde,evening,晚上,NOUN,B2
tarea de proyecto,project assignment,项目作业,NOUN,B2
target group,target group,词,NOUN,C1
targeted,targeted,有针对性的,ADJ,B2
targeted therapy,targeted therapy,靶向治疗,NOUN,C1
tarjeta de crédito,credit card,信用卡,NOUN,B2
tarjeta postal,postcard,明信片,NOUN,B2
taro,taro,芋头,NOUN,B2
tarragon,tarragon,龙蒿,NOUN,B2
tarry,tarry,词,VERB,C1
tart pie,tart pie,词,NOUN,C1
tasteless,tasteless,无味的,ADJ,B2
tasty,tasty,美味的,ADJ,B2
tasty delicious,tasty delicious,好吃,ADJ,B2
tasty delightful,tasty delightful,词,ADJ,C1
tatter,tatter,词,NOUN,C1
tattoo,tattoo,纹身,NOUN,B2
tautology,tautology,词,NOUN,C1
tawdry,tawdry,词,ADJ,C1
tax (adj),tax,词,ADJ,C1
tax authorities,tax authorities,税务机关,NOUN,B2
tax duty,tax duty,词,NOUN,C1
tax evasion,tax evasion,逃税,NOUN,B2
tax exemption,tax exemption,免税,NOUN,B2
tax rate,tax rate,税率,NOUN,B2
tax relief,tax relief,词,NOUN,C1
tax return,tax return,报税,NOUN,B2
tax revenue,tax revenue,税收,NOUN,B2
taxable,taxable,应纳税的,ADJ,B2
taxi,taxi,出租车,NOUN,B2
taxi driver,taxi driver,词,NOUN,C1
taxi ride,taxi ride,词,NOUN,A2
taxonomy,taxonomy,分类学,NOUN,B2
tea bar,tea bar,茶吧,NOUN,C1
tea party,tea party,茶话会,NOUN,B2
teacher female,teacher female,词,NOUN,B2
teacher training,teacher training,师范,NOUN,C1
teaching material,teaching material,教材,NOUN,B1
team leader,team leader,领队,NOUN,C1
team member,team member,队员,NOUN,C1
teapot,teapot,词,NOUN,C1
tearing,tearing,tearing,NOUN,B2
teasing playful,teasing playful,词,ADJ,C1
techar,to roof,房顶,VERB,B2
technically,technically,技术上地,ADV,B2
technocrat,technocrat,词,NOUN,C1
technocratic,technocratic,技术官僚的,ADJ,B2
techo,ceiling,天花板,NOUN,B2
teclado,keyboard,键盘,NOUN,B2
tecnocracia,technocracy,技术官僚主义,NOUN,B2
tecnología,technology,技术,NOUN,B2
tecnología verde,green technology,绿色技术,NOUN,B2
tecnológico,technological,技术的,ADJ,B2
tectonic,tectonic,词,ADJ,C1
teddy bear,teddy bear,词,NOUN,B2
tedious,tedious,乏味的,ADJ,B2
tedious painful,tedious painful,词,ADJ,B2
tedium,tedium,词,NOUN,C1
teem,teem,词,VERB,C1
teeter,teeter,词,VERB,C1
teeth,teeth,词,NOUN,A1
teething,teething,词,NOUN,B1
teetotal,teetotal,词,ADJ,C1
tejido,tissue,组织,NOUN,B2
tela,cloth,布,NOUN,B2
tela,fabric,织物,NOUN,B2
tela de seda,silk cloth,丝绸,NOUN,B2
telecommunications,telecommunications,词,NOUN,C1
telegram,telegram,电报,NOUN,B2
telegraph lightning,telegraph lightning,词,NOUN,C1
teleological,teleological,目的论的,ADJ,B2
teleología,teleology,目的论,NOUN,B2
telepathy,telepathy,词,NOUN,C1
telephone number,telephone number,电话号码,NOUN,B2
telephone ringing,telephone ringing,词,NOUN,C1
telephones,telephones,电话,NOUN,B2
telephony,telephony,电话学,NOUN,B2
telescopio,telescope,望远镜,NOUN,B2
televised,televised,电视播出的,ADJ,B2
television set,television set,词,NOUN,B1
televisión,television,电视,NOUN,B2
teller,teller,词,NOUN,B2
telling-off,telling-off,词,NOUN,B1
telltale,telltale,词,ADJ,C1
teléfono,telephone,电话,NOUN,B2
teléfono celular,cell phone,手机,NOUN,B2
telón,backstage,幕后,NOUN,B2
tema,theme,主题,NOUN,B2
tema especial,special topic,专题,NOUN,B2
temario,syllabus,教学大纲,NOUN,B2
temblor,tremor,颤抖,NOUN,B2
temer,dread,恐惧,NOUN,B2
temer,to dread,畏惧,VERB,B2
temerity,temerity,鲁莽,NOUN,B2
temperament dispositions,temperament dispositions,词,NOUN,C1
temperamental,temperamental,词,ADJ,C1
temperamento,temperament,气质,NOUN,B2
temperance,temperance,词,NOUN,C1
temperate,temperate,词,ADJ,C1
temperature gauge,temperature gauge,温度表,NOUN,C1
tempest,tempest,词,NOUN,C1
tempestuous,tempestuous,词,ADJ,C1
template,template,词,NOUN,C1
templo,temple,寺庙,NOUN,B2
temporal,temporal,时间的,ADJ,B2
temporal,temporary,暂时的,ADJ,B2
temporal (noun),temporal,词,NOUN,B2
temporality,temporality,时间性,NOUN,C1
temporalmente,temporarily,临时地,ADV,B2
temporización,timing,时机,NOUN,B2
temprano,early,早的,ADJ,B2
temptation,temptation,词,NOUN,B2
ten (noun),ten,词,NOUN,B2
ten million,ten million,千万,NUM,B2
ten reishi,ten reishi,灵芝十株,NOUN,C1
ten thousand (noun),ten thousand,你万,NOUN,C1
ten thousand (num),ten thousand,万,NUM,A1
ten thousand years,ten thousand years,万年,NOUN,B2
tenable,tenable,词,ADJ,C1
tenacity,tenacity,坚韧,NOUN,B2
tend,tend,词,VERB,B2
tendencia,trend,趋势,NOUN,B2
tendentious,tendentious,有偏见的,ADJ,B2
tender (noun),tender,词,NOUN,C1
tender affection,tender affection,词,NOUN,C1
tender mercy,tender mercy,词,NOUN,C1
tender-hearted,tender-hearted,词,ADJ,C1
tendering,tendering,招标,NOUN,B2
tendering meeting,tendering meeting,招标会,NOUN,B2
tendón,tendon,肌腱,NOUN,B2
tenedor,fork,叉子,NOUN,B2
tenement,tenement,词,NOUN,C1
tener,to have only,唯有,VERB,B2
tener razón,to be right,正确,VERB,B2
tenet,tenet,词,NOUN,C1
teniente,lieutenant,中尉,NOUN,B2
tenis,tennis,网球,NOUN,B2
tenor,tenor,男高音,NOUN,B2
tens,tens,词,NOUN,B2
tens of thousands,tens of thousands,数万,NUM,B2
tense (noun),tense,词,NOUN,B1
tense angry,tense angry,词,ADJ,A2
tense excited,tense excited,词,ADJ,B2
tensile,tensile,词,ADJ,C1
tenso,taut,绷紧的,ADJ,B2
tenso,tense,紧张的,ADJ,B2
tentativo,tentative,暂定的,ADJ,B2
tenth,tenth,第十,ADJ,B2
tenth (noun),tenth,词,NOUN,B2
tenuous,tenuous,词,ADJ,C1
tenure,tenure,词,NOUN,B2
teocracia,theocracy,神权政治,NOUN,B2
teología,theology,神学,NOUN,B2
teorema,theorem,定理,NOUN,B2
tepid,tepid,词,ADJ,C1
terapéutico,therapeutic,治疗的,ADJ,B2
teratogenic,teratogenic,致畸的,ADJ,B2
tercer don,third bestowal,三授,NOUN,B2
tercero,third,第三,ADJ,B2
term of office,term of office,词,NOUN,C1
term transition,term transition,换届,NOUN,C1
terminación,termination,解除,NOUN,B2
terminal,terminal,终点站,NOUN,B2
terminal (adj),terminal,终末的,ADJ,B2
terminar,to terminate,终止,VERB,B2
terminología,terminology,术语,NOUN,B2
terminológico,terminological,术语的,ADJ,B2
terminus,terminus,,NOUN,B2
tern path,tern path,,NOUN,B2
terrace,terrace,露台,NOUN,B2
terremoto,earthquake,地震,NOUN,B2
terreno,terrain,地形,NOUN,B2
terrenos,grounds,论据,NOUN,B2
terrestre,terrestrial,地球的,ADJ,B2
terrible,terrible,可怕的,ADJ,B2
terribleness,terribleness,,NOUN,B2
terribly,terribly,可怕地/非常,ADV,B2
terrifying terrible,terrifying terrible,恐怖,ADJ,B1
territorial,territorial,领土的,ADJ,B2
territoriality,territoriality,词,NOUN,C1
territory expansion,territory expansion,开疆,NOUN,B2
terror,terror,恐怖,NOUN,B2
terrorismo,terrorism,恐怖主义,NOUN,B2
terrorist (adj),terrorist,词,ADJ,C1
terrorista,terrorist,恐怖分子,NOUN,B2
terrorists,terrorists,恐怖分子们,NOUN,B2
terseness,terseness,词,NOUN,C1
tertiary,tertiary,第三的,ADJ,B2
tesis,thesis,论文,NOUN,B2
test drive,test drive,,NOUN,B2
test of courage,test of courage,勇气测试,NOUN,B2
test tube,test tube,词,NOUN,C1
testamentary substitution,testamentary substitution,词,NOUN,C1
testator,testator,词,NOUN,C1
testicular,testicular,词,ADJ,C1
testigo ocular,eyewitness,目击,NOUN,B2
testimonio,witness testimony,人证,NOUN,B2
testimony deposition,testimony deposition,词,NOUN,C1
testículo,testicle,睾丸,NOUN,B2
tether,tether,词,NOUN,C1
textil,textile,纺织,NOUN,B2
texto,text,文本,NOUN,B2
textual,textual,文本的,ADJ,B2
textuality,textuality,词,NOUN,C1
texture,texture,词,NOUN,C1
teóricamente,theoretically,理论上,ADV,B2
teórico,theoretical,理论的,ADJ,B2
than (adv),than,词,ADV,A1
thank god,thank god,谢天谢地,INTJ,B2
thanks (noun),thanks,谢了,NOUN,A1
thanks a lot,thanks a lot,多谢,INTJ,B2
thanks sir,thanks sir,谢过大人,NOUN,C1
tharid,tharid,词,NOUN,B2
that (noun),that,将那,NOUN,C1
that cliff,that cliff,那山崖,NOUN,C1
that conjunction,that conjunction,词,SCONJ,A2
that day,that day,那日,NOUN,B2
that evening,that evening,当晚,NOUN,B2
that feminine,that feminine,词,DET,A1
that is (sconj),that is,就是,SCONJ,B2
that is (verb),that is,便是,VERB,B2
that is good,that is good,那就好,NOUN,C1
that is to say,that is to say,也就是说,SCONJ,B2
that is to say (cconj),that is to say,即,CCONJ,C1
that little bit,that little bit,那点,NOUN,C1
that masculine,that masculine,词,DET,A1
that nephew,that nephew,那侄儿,NOUN,B2
that night,that night,那晚,NOUN,B2
that one,that one,那个,PRON,B2
that pair,that pair,那付,NOUN,B2
that place,that place,在那,NOUN,B2
that stretch,that stretch,那片,NOUN,B2
that sword,that sword,那剑,NOUN,C1
that time,that time,那时,NOUN,C1
that to,that to,那/去,PART,B2
that way,that way,往那边,ADV,B2
that which,that which,所,PART,B2
that yonder,that yonder,那个,DET,B2
the Abbewegung,the Abbewegung,词,NOUN,C1
the Abbildung,the Abbildung,词,NOUN,C1
the Abbruch,the Abbruch,词,NOUN,C1
the Abend,the Abend,词,NOUN,C1
the Abendessen,the Abendessen,词,NOUN,C1
the Abendrot,the Abendrot,词,NOUN,C1
the Abenteuer,the Abenteuer,词,NOUN,C1
the Aber,the Aber,词,NOUN,C1
the Aberweiterung,the Aberweiterung,词,NOUN,C1
the Abfahrt,the Abfahrt,词,NOUN,C1
the Abfall,the Abfall,词,NOUN,C1
the Abflug,the Abflug,词,NOUN,C1
the Abform,the Abform,词,NOUN,C1
the Abgabe,the Abgabe,词,NOUN,C1
the Abhalt,the Abhalt,词,NOUN,C1
the Abkehr,the Abkehr,词,NOUN,C1
the Abkopplung,the Abkopplung,词,NOUN,C1
the Ablauf,the Ablauf,词,NOUN,C1
the Ablehnung,the Ablehnung,词,NOUN,C1
the Ableitung,the Ableitung,词,NOUN,C1
the Ablesung,the Ablesung,词,NOUN,C1
the Abmacht,the Abmacht,词,NOUN,C1
the Abmachung,the Abmachung,词,NOUN,C1
the Abminderung,the Abminderung,词,NOUN,C1
the Abmischung,the Abmischung,词,NOUN,C1
the Abnahme,the Abnahme,词,NOUN,C1
the Abneigung,the Abneigung,词,NOUN,C1
the Abrechnung,the Abrechnung,词,NOUN,C1
the Absammlung,the Absammlung,词,NOUN,C1
the Abschied,the Abschied,词,NOUN,C1
the Abschluss,the Abschluss,词,NOUN,C1
the Absicht,the Absicht,词,NOUN,C1
the Absolvent,the Absolvent,词,NOUN,C1
the Abstammung,the Abstammung,词,NOUN,C1
the Abstand,the Abstand,词,NOUN,C1
the Abstellung,the Abstellung,词,NOUN,C1
the Abstieg,the Abstieg,词,NOUN,C1
the Abstrich,the Abstrich,词,NOUN,C1
the Absturz,the Absturz,词,NOUN,C1
the Abteilung,the Abteilung,词,NOUN,C1
the Abtreibung,the Abtreibung,词,NOUN,C1
the Abverbesserung,the Abverbesserung,词,NOUN,C1
the Abvereinfachung,the Abvereinfachung,词,NOUN,C1
the Abvertiefung,the Abvertiefung,词,NOUN,C1
the Abwanderung,the Abwanderung,词,NOUN,C1
the Abwandlung,the Abwandlung,词,NOUN,C1
the Abwehr,the Abwehr,词,NOUN,C1
the Abwendung,the Abwendung,词,NOUN,C1
the Abwerk,the Abwerk,词,NOUN,C1
the Abwertung,the Abwertung,词,NOUN,C1
the Abzahlung,the Abzahlung,词,NOUN,C1
the Abzweigung,the Abzweigung,词,NOUN,C1
the Achtung,the Achtung,词,NOUN,C1
the Acker,the Acker,词,NOUN,C1
the Adel,the Adel,词,NOUN,C1
the Adelsitz,the Adelsitz,词,NOUN,C1
the Adelstitel,the Adelstitel,词,NOUN,C1
the Adern,the Adern,词,NOUN,C1
the Adler,the Adler,词,NOUN,C1
the Admiral,the Admiral,词,NOUN,C1
the Adresse,the Adresse,词,NOUN,C1
the Advokat,the Advokat,词,NOUN,C1
the Affe,the Affe,词,NOUN,C1
the Affekt,the Affekt,词,NOUN,C1
the Aggression,the Aggression,词,NOUN,C1
the Agrar,the Agrar,词,NOUN,C1
the Ahne,the Ahne,词,NOUN,C1
the Ahnen,the Ahnen,词,NOUN,C1
the Akrobat,the Akrobat,词,NOUN,C1
the Akt,the Akt,词,NOUN,C1
the Akteur,the Akteur,词,NOUN,C1
the Aktie,the Aktie,词,NOUN,C1
the Akzent,the Akzent,词,NOUN,C1
the Alchimie,the Alchimie,词,NOUN,C1
the Algebra,the Algebra,词,NOUN,C1
the Algorithmus,the Algorithmus,词,NOUN,C1
the Alleinherrschaft,the Alleinherrschaft,词,NOUN,C1
the Allergie,the Allergie,词,NOUN,C1
the Allmende,the Allmende,词,NOUN,C1
the Almanach,the Almanach,词,NOUN,C1
the Almosen,the Almosen,词,NOUN,C1
the Alp,the Alp,词,NOUN,C1
the Alpdruck,the Alpdruck,词,NOUN,C1
the Alter,the Alter,词,NOUN,C1
the Altmetall,the Altmetall,词,NOUN,C1
the Altpapier,the Altpapier,词,NOUN,C1
the Aluminium,the Aluminium,词,NOUN,C1
the Amateur,the Amateur,词,NOUN,C1
the Ameise,the Ameise,词,NOUN,C1
the Amme,the Amme,词,NOUN,C1
the Amtes,the Amtes,词,NOUN,C1
the Amtszeit,the Amtszeit,词,NOUN,C1
the Anbau,the Anbau,词,NOUN,C1
the Anbewegung,the Anbewegung,词,NOUN,C1
the Anbiederung,the Anbiederung,词,NOUN,C1
the Anbildung,the Anbildung,词,NOUN,C1
the Anbindng,the Anbindng,词,NOUN,C1
the Anbohrung,the Anbohrung,词,NOUN,C1
the Anerweiterung,the Anerweiterung,词,NOUN,C1
the Anfall,the Anfall,词,NOUN,C1
the Anfang,the Anfang,词,NOUN,C1
the Anflug,the Anflug,词,NOUN,C1
the Anfrage,the Anfrage,词,NOUN,C1
the Angebot,the Angebot,词,NOUN,C1
the Angeklagte,the Angeklagte,词,NOUN,C1
the Angelpunkt,the Angelpunkt,词,NOUN,C1
the Angestellte,the Angestellte,词,NOUN,C1
the Angleichung,the Angleichung,词,NOUN,C1
the Anhalt,the Anhalt,词,NOUN,C1
the Anhandlung,the Anhandlung,词,NOUN,C1
the Ankraft,the Ankraft,词,NOUN,C1
the Ankunft,the Ankunft,词,NOUN,C1
the Anlage,the Anlage,词,NOUN,C1
the Anleitung,the Anleitung,词,NOUN,C1
the Anliegen,the Anliegen,词,NOUN,C1
the Anmacht,the Anmacht,词,NOUN,C1
the Anmerkung,the Anmerkung,词,NOUN,C1
the Anmessung,the Anmessung,词,NOUN,C1
the Anminderung,the Anminderung,词,NOUN,C1
the Anmischung,the Anmischung,词,NOUN,C1
the Anrechnung,the Anrechnung,词,NOUN,C1
the Anruf,the Anruf,词,NOUN,C1
the Ansammlung,the Ansammlung,词,NOUN,C1
the Anschein,the Anschein,词,NOUN,C1
the Anspruch,the Anspruch,词,NOUN,C1
the Anstalt,the Anstalt,词,NOUN,C1
the Ansteigerung,the Ansteigerung,词,NOUN,C1
the Anstieg,the Anstieg,词,NOUN,C1
the Anstoff,the Anstoff,词,NOUN,C1
the Antenne,the Antenne,词,NOUN,C1
the Anthropologie,the Anthropologie,词,NOUN,C1
the Antibiotikum,the Antibiotikum,词,NOUN,C1
the Anverbesserung,the Anverbesserung,词,NOUN,C1
the Anvertiefung,the Anvertiefung,词,NOUN,C1
the Anverwandte,the Anverwandte,词,NOUN,C1
the Anwandlung,the Anwandlung,词,NOUN,C1
the Anwendung,the Anwendung,词,NOUN,C1
the Anwert,the Anwert,词,NOUN,C1
the Aufbildung,the Aufbildung,词,NOUN,C1
the Aufbindung,the Aufbindung,词,NOUN,C1
the Auferweiterung,the Auferweiterung,词,NOUN,C1
the Aufform,the Aufform,词,NOUN,C1
the Aufhandlung,the Aufhandlung,词,NOUN,C1
the Aufkraft,the Aufkraft,词,NOUN,C1
the Aufmacht,the Aufmacht,词,NOUN,C1
the Aufmessung,the Aufmessung,词,NOUN,C1
the Aufminderung,the Aufminderung,词,NOUN,C1
the Aufmischung,the Aufmischung,词,NOUN,C1
the Aufrechnung,the Aufrechnung,词,NOUN,C1
the Aufsammlung,the Aufsammlung,词,NOUN,C1
the Aufsteigerung,the Aufsteigerung,词,NOUN,C1
the Aufstellung,the Aufstellung,词,NOUN,C1
the Aufverbesserung,the Aufverbesserung,词,NOUN,C1
the Aufvereinfachung,the Aufvereinfachung,词,NOUN,C1
the Aufvertiefung,the Aufvertiefung,词,NOUN,C1
the Aufwerk,the Aufwerk,词,NOUN,C1
the Ausbewegung,the Ausbewegung,词,NOUN,C1
the Ausbindung,the Ausbindung,词,NOUN,C1
the Ausform,the Ausform,词,NOUN,C1
the Ausheilung,the Ausheilung,词,NOUN,C1
the Auskraft,the Auskraft,词,NOUN,C1
the Ausmacht,the Ausmacht,词,NOUN,C1
the Ausmessung,the Ausmessung,词,NOUN,C1
the Ausminderung,the Ausminderung,词,NOUN,C1
the Ausmischung,the Ausmischung,词,NOUN,C1
the Ausordnung,the Ausordnung,词,NOUN,C1
the Ausrechnung,the Ausrechnung,词,NOUN,C1
the Aussammlung,the Aussammlung,词,NOUN,C1
the Aussteigerung,the Aussteigerung,词,NOUN,C1
the Ausstoff,the Ausstoff,词,NOUN,C1
the Ausverbesserung,the Ausverbesserung,词,NOUN,C1
the Ausvereinfachung,the Ausvereinfachung,词,NOUN,C1
the Auswandlung,the Auswandlung,词,NOUN,C1
the Auswerk,the Auswerk,词,NOUN,C1
the Auswert,the Auswert,词,NOUN,C1
the Bebewegung,the Bebewegung,词,NOUN,C1
the Bebildung,the Bebildung,词,NOUN,C1
the Bebindung,the Bebindung,词,NOUN,C1
the Beform,the Beform,词,NOUN,C1
the Behandlung,the Behandlung,词,NOUN,C1
the Beheilung,the Beheilung,词,NOUN,C1
the Bemacht,the Bemacht,词,NOUN,C1
the Bemischung,the Bemischung,词,NOUN,C1
the Besammlung,the Besammlung,词,NOUN,C1
the Besteigerung,the Besteigerung,词,NOUN,C1
the Bestoff,the Bestoff,词,NOUN,C1
the Beverbesserung,the Beverbesserung,词,NOUN,C1
the Bewandlung,the Bewandlung,词,NOUN,C1
the Bewerk,the Bewerk,词,NOUN,C1
the Bewert,the Bewert,词,NOUN,C1
the Earth,the Earth,地球,NOUN,A2
the Einbewegung,the Einbewegung,词,NOUN,C1
the Einbildung,the Einbildung,词,NOUN,C1
the Einbindung,the Einbindung,词,NOUN,C1
the Einerweiterung,the Einerweiterung,词,NOUN,C1
the Einform,the Einform,词,NOUN,C1
the Einhandlung,the Einhandlung,词,NOUN,C1
the Einheilung,the Einheilung,词,NOUN,C1
the Einkraft,the Einkraft,词,NOUN,C1
the Einmacht,the Einmacht,词,NOUN,C1
the Einminderung,the Einminderung,词,NOUN,C1
the Einmischung,the Einmischung,词,NOUN,C1
the Einordnung,the Einordnung,词,NOUN,C1
the Einrechnung,the Einrechnung,词,NOUN,C1
the Einsammlung,the Einsammlung,词,NOUN,C1
the Einsteigerung,the Einsteigerung,词,NOUN,C1
the Einstellung,the Einstellung,词,NOUN,C1
the Einstoff,the Einstoff,词,NOUN,C1
the Einverbesserung,the Einverbesserung,词,NOUN,C1
the Einvereinfachung,the Einvereinfachung,词,NOUN,C1
the Einvertiefung,the Einvertiefung,词,NOUN,C1
the Einwandlung,the Einwandlung,词,NOUN,C1
the Einwendung,the Einwendung,词,NOUN,C1
the Einwert,the Einwert,词,NOUN,C1
the Erbewegung,the Erbewegung,词,NOUN,C1
the Erbildung,the Erbildung,词,NOUN,C1
the Erbindung,the Erbindung,词,NOUN,C1
the Erform,the Erform,词,NOUN,C1
the Erhandlung,the Erhandlung,词,NOUN,C1
the Erheilung,the Erheilung,词,NOUN,C1
the Erkraft,the Erkraft,词,NOUN,C1
the Ermacht,the Ermacht,词,NOUN,C1
the Ermessung,the Ermessung,词,NOUN,C1
the Erminderung,the Erminderung,词,NOUN,C1
the Ermischung,the Ermischung,词,NOUN,C1
the Erordnung,the Erordnung,词,NOUN,C1
the Errechnung,the Errechnung,词,NOUN,C1
the Ersammlung,the Ersammlung,词,NOUN,C1
the Ersteigerung,the Ersteigerung,词,NOUN,C1
the Erstellung,the Erstellung,词,NOUN,C1
the Erstoff,the Erstoff,词,NOUN,C1
the Erverbesserung,the Erverbesserung,词,NOUN,C1
the Ervertiefung,the Ervertiefung,词,NOUN,C1
the Erwandlung,the Erwandlung,词,NOUN,C1
the Erwerk,the Erwerk,词,NOUN,C1
the Erwert,the Erwert,词,NOUN,C1
the Erzbewegung,the Erzbewegung,词,NOUN,C1
the Erzbildung,the Erzbildung,词,NOUN,C1
the Erzbindung,the Erzbindung,词,NOUN,C1
the Erzform,the Erzform,词,NOUN,C1
the Erzhandlung,the Erzhandlung,词,NOUN,C1
the Erzleitung,the Erzleitung,词,NOUN,C1
the Erzmacht,the Erzmacht,词,NOUN,C1
the Erzmessung,the Erzmessung,词,NOUN,C1
the Erzminderung,the Erzminderung,词,NOUN,C1
the Erzordnung,the Erzordnung,词,NOUN,C1
the Erzrechnung,the Erzrechnung,词,NOUN,C1
the Erzsammlung,the Erzsammlung,词,NOUN,C1
the Erzstellung,the Erzstellung,词,NOUN,C1
the Erzstoff,the Erzstoff,词,NOUN,C1
the Erzverbesserung,the Erzverbesserung,词,NOUN,C1
the Erzvereinfachung,the Erzvereinfachung,词,NOUN,C1
the Erzwandlung,the Erzwandlung,词,NOUN,C1
the Erzwert,the Erzwert,词,NOUN,C1
the Gebewegung,the Gebewegung,词,NOUN,C1
the Geerweiterung,the Geerweiterung,词,NOUN,C1
the Gehandlung,the Gehandlung,词,NOUN,C1
the Geheilung,the Geheilung,词,NOUN,C1
the Gekraft,the Gekraft,词,NOUN,C1
the Geleitung,the Geleitung,词,NOUN,C1
the Gemacht,the Gemacht,词,NOUN,C1
the Gemessung,the Gemessung,词,NOUN,C1
the Geminderung,the Geminderung,词,NOUN,C1
the Geordnung,the Geordnung,词,NOUN,C1
the Gerechnung,the Gerechnung,词,NOUN,C1
the Gesammlung,the Gesammlung,词,NOUN,C1
the Gesteigerung,the Gesteigerung,词,NOUN,C1
the Gestellung,the Gestellung,词,NOUN,C1
the Gevereinfachung,the Gevereinfachung,词,NOUN,C1
the Gevertiefung,the Gevertiefung,词,NOUN,C1
the Gewandlung,the Gewandlung,词,NOUN,C1
the Gewerk,the Gewerk,词,NOUN,C1
the Gewert,the Gewert,词,NOUN,C1
the Grundbewegung,the Grundbewegung,词,NOUN,C1
the Grundbindung,the Grundbindung,词,NOUN,C1
the Grunderweiterung,the Grunderweiterung,词,NOUN,C1
the Grundform,the Grundform,词,NOUN,C1
the Grundhandlung,the Grundhandlung,词,NOUN,C1
the Grundheilung,the Grundheilung,词,NOUN,C1
the Grundkraft,the Grundkraft,词,NOUN,C1
the Grundleitung,the Grundleitung,词,NOUN,C1
the Grundmacht,the Grundmacht,词,NOUN,C1
the Grundmessung,the Grundmessung,词,NOUN,C1
the Grundminderung,the Grundminderung,词,NOUN,C1
the Grundmischung,the Grundmischung,词,NOUN,C1
the Grundordnung,the Grundordnung,词,NOUN,C1
the Grundrechnung,the Grundrechnung,词,NOUN,C1
the Grundsammlung,the Grundsammlung,词,NOUN,C1
the Grundsteigerung,the Grundsteigerung,词,NOUN,C1
the Grundstellung,the Grundstellung,词,NOUN,C1
the Grundvereinfachung,the Grundvereinfachung,词,NOUN,C1
the Grundvertiefung,the Grundvertiefung,词,NOUN,C1
the Grundwandlung,the Grundwandlung,词,NOUN,C1
the Grundwendung,the Grundwendung,词,NOUN,C1
the Grundwerk,the Grundwerk,词,NOUN,C1
the Grundwert,the Grundwert,词,NOUN,C1
the Hochbewegung,the Hochbewegung,词,NOUN,C1
the Hochbildung,the Hochbildung,词,NOUN,C1
the Hocherweiterung,the Hocherweiterung,词,NOUN,C1
the Hochform,the Hochform,词,NOUN,C1
the Hochhandlung,the Hochhandlung,词,NOUN,C1
the Hochheilung,the Hochheilung,词,NOUN,C1
the Hochkraft,the Hochkraft,词,NOUN,C1
the Hochmacht,the Hochmacht,词,NOUN,C1
the Hochmessung,the Hochmessung,词,NOUN,C1
the Hochmischung,the Hochmischung,词,NOUN,C1
the Hochrechnung,the Hochrechnung,词,NOUN,C1
the Hochstellung,the Hochstellung,词,NOUN,C1
the Hochverbesserung,the Hochverbesserung,词,NOUN,C1
the Hochvereinfachung,the Hochvereinfachung,词,NOUN,C1
the Hochwandlung,the Hochwandlung,词,NOUN,C1
the Hochwendung,the Hochwendung,词,NOUN,C1
the Hochwerk,the Hochwerk,词,NOUN,C1
the Hochwert,the Hochwert,词,NOUN,C1
the Internet,the Internet,互联网,NOUN,B2
the Missbindung,the Missbindung,词,NOUN,C1
the Misserweiterung,the Misserweiterung,词,NOUN,C1
the Missform,the Missform,词,NOUN,C1
the Misshandlung,the Misshandlung,词,NOUN,C1
the Missheilung,the Missheilung,词,NOUN,C1
the Missleitung,the Missleitung,词,NOUN,C1
the Missmacht,the Missmacht,词,NOUN,C1
the Missmessung,the Missmessung,词,NOUN,C1
the Missminderung,the Missminderung,词,NOUN,C1
the Missmischung,the Missmischung,词,NOUN,C1
the Misssammlung,the Misssammlung,词,NOUN,C1
the Misssteigerung,the Misssteigerung,词,NOUN,C1
the Missstellung,the Missstellung,词,NOUN,C1
the Missverbesserung,the Missverbesserung,词,NOUN,C1
the Missvereinfachung,the Missvereinfachung,词,NOUN,C1
the Misswandlung,the Misswandlung,词,NOUN,C1
the Misswendung,the Misswendung,词,NOUN,C1
the Misswerk,the Misswerk,词,NOUN,C1
the Misswert,the Misswert,词,NOUN,C1
the Mitbewegung,the Mitbewegung,词,NOUN,C1
the Mitbindung,the Mitbindung,词,NOUN,C1
the Miterweiterung,the Miterweiterung,词,NOUN,C1
the Mitform,the Mitform,词,NOUN,C1
the Mithandlung,the Mithandlung,词,NOUN,C1
the Mitleitung,the Mitleitung,词,NOUN,C1
the Mitmacht,the Mitmacht,词,NOUN,C1
the Mitmessung,the Mitmessung,词,NOUN,C1
the Mitminderung,the Mitminderung,词,NOUN,C1
the Mitmischung,the Mitmischung,词,NOUN,C1
the Mitrechnung,the Mitrechnung,词,NOUN,C1
the Mitsammlung,the Mitsammlung,词,NOUN,C1
the Mitsteigerung,the Mitsteigerung,词,NOUN,C1
the Mitstoff,the Mitstoff,词,NOUN,C1
the Mitvereinfachung,the Mitvereinfachung,词,NOUN,C1
the Mitvertiefung,the Mitvertiefung,词,NOUN,C1
the Mitwandlung,the Mitwandlung,词,NOUN,C1
the Mitwendung,the Mitwendung,词,NOUN,C1
the Mitwerk,the Mitwerk,词,NOUN,C1
the Mitwert,the Mitwert,词,NOUN,C1
the Nachbewegung,the Nachbewegung,词,NOUN,C1
the Nacherweiterung,the Nacherweiterung,词,NOUN,C1
the Nachform,the Nachform,词,NOUN,C1
the Nachhandlung,the Nachhandlung,词,NOUN,C1
the Nachkraft,the Nachkraft,词,NOUN,C1
the Nachmacht,the Nachmacht,词,NOUN,C1
the Nachminderung,the Nachminderung,词,NOUN,C1
the Nachmischung,the Nachmischung,词,NOUN,C1
the Nachordnung,the Nachordnung,词,NOUN,C1
the Nachrechnung,the Nachrechnung,词,NOUN,C1
the Nachsammlung,the Nachsammlung,词,NOUN,C1
the Nachsteigerung,the Nachsteigerung,词,NOUN,C1
the Nachstellung,the Nachstellung,词,NOUN,C1
the Nachverbesserung,the Nachverbesserung,词,NOUN,C1
the Nachvereinfachung,the Nachvereinfachung,词,NOUN,C1
the Nachvertiefung,the Nachvertiefung,词,NOUN,C1
the Nachwandlung,the Nachwandlung,词,NOUN,C1
the Nachwendung,the Nachwendung,词,NOUN,C1
the Nachwerk,the Nachwerk,词,NOUN,C1
the Nachwert,the Nachwert,词,NOUN,C1
the Tiefbewegung,the Tiefbewegung,词,NOUN,C1
the Tiefbildung,the Tiefbildung,词,NOUN,C1
the Tieferweiterung,the Tieferweiterung,词,NOUN,C1
the Tiefform,the Tiefform,词,NOUN,C1
the Tiefhandlung,the Tiefhandlung,词,NOUN,C1
the Tiefheilung,the Tiefheilung,词,NOUN,C1
the Tiefkraft,the Tiefkraft,词,NOUN,C1
the Tiefmacht,the Tiefmacht,词,NOUN,C1
the Tiefmessung,the Tiefmessung,词,NOUN,C1
the Tiefminderung,the Tiefminderung,词,NOUN,C1
the Tiefmischung,the Tiefmischung,词,NOUN,C1
the Tiefordnung,the Tiefordnung,词,NOUN,C1
the Tiefsammlung,the Tiefsammlung,词,NOUN,C1
the Tiefsteigerung,the Tiefsteigerung,词,NOUN,C1
the Tiefstellung,the Tiefstellung,词,NOUN,C1
the Tiefvereinfachung,the Tiefvereinfachung,词,NOUN,C1
the Tiefvertiefung,the Tiefvertiefung,词,NOUN,C1
the Tiefwandlung,the Tiefwandlung,词,NOUN,C1
the Tiefwendung,the Tiefwendung,词,NOUN,C1
the Tiefwerk,the Tiefwerk,词,NOUN,C1
the Tiefwert,the Tiefwert,词,NOUN,C1
the Unbewegung,the Unbewegung,词,NOUN,C1
the Unbindung,the Unbindung,词,NOUN,C1
the Unerweiterung,the Unerweiterung,词,NOUN,C1
the Unform,the Unform,词,NOUN,C1
the Unhandlung,the Unhandlung,词,NOUN,C1
the Unheilung,the Unheilung,词,NOUN,C1
the Unkraft,the Unkraft,词,NOUN,C1
the Unmacht,the Unmacht,词,NOUN,C1
the Unmessung,the Unmessung,词,NOUN,C1
the Unordnung,the Unordnung,词,NOUN,C1
the Unrechnung,the Unrechnung,词,NOUN,C1
the Unsammlung,the Unsammlung,词,NOUN,C1
the Unsteigerung,the Unsteigerung,词,NOUN,C1
the Unstoff,the Unstoff,词,NOUN,C1
the Unterbewegung,the Unterbewegung,词,NOUN,C1
the Unterbildung,the Unterbildung,词,NOUN,C1
the Unterbindung,the Unterbindung,词,NOUN,C1
the Unterform,the Unterform,词,NOUN,C1
the Unterhandlung,the Unterhandlung,词,NOUN,C1
the Unterkraft,the Unterkraft,词,NOUN,C1
the Untermacht,the Untermacht,词,NOUN,C1
the Untermessung,the Untermessung,词,NOUN,C1
the Unterminderung,the Unterminderung,词,NOUN,C1
the Untermischung,the Untermischung,词,NOUN,C1
the Unterrechnung,the Unterrechnung,词,NOUN,C1
the Untersammlung,the Untersammlung,词,NOUN,C1
the Untersteigerung,the Untersteigerung,词,NOUN,C1
the Unterstellung,the Unterstellung,词,NOUN,C1
the Unterstoff,the Unterstoff,词,NOUN,C1
the Unterverbesserung,the Unterverbesserung,词,NOUN,C1
the Untervereinfachung,the Untervereinfachung,词,NOUN,C1
the Untervertiefung,the Untervertiefung,词,NOUN,C1
the Unterwandlung,the Unterwandlung,词,NOUN,C1
the Unterwendung,the Unterwendung,词,NOUN,C1
the Unterwerk,the Unterwerk,词,NOUN,C1
the Unterwert,the Unterwert,词,NOUN,C1
the Unverbesserung,the Unverbesserung,词,NOUN,C1
the Unvereinfachung,the Unvereinfachung,词,NOUN,C1
the Unvertiefung,the Unvertiefung,词,NOUN,C1
the Unwerk,the Unwerk,词,NOUN,C1
the Unwert,the Unwert,词,NOUN,C1
the Urbildung,the Urbildung,词,NOUN,C1
the Urbindung,the Urbindung,词,NOUN,C1
the Urerweiterung,the Urerweiterung,词,NOUN,C1
the Urform,the Urform,词,NOUN,C1
the Urhandlung,the Urhandlung,词,NOUN,C1
the Urkraft,the Urkraft,词,NOUN,C1
the Urleitung,the Urleitung,词,NOUN,C1
the Urmacht,the Urmacht,词,NOUN,C1
the Urmessung,the Urmessung,词,NOUN,C1
the Urminderung,the Urminderung,词,NOUN,C1
the Urordnung,the Urordnung,词,NOUN,C1
the Ursteigerung,the Ursteigerung,词,NOUN,C1
the Urvereinfachung,the Urvereinfachung,词,NOUN,C1
the Urwandlung,the Urwandlung,词,NOUN,C1
the Urwendung,the Urwendung,词,NOUN,C1
the Urwerk,the Urwerk,词,NOUN,C1
the Urwert,the Urwert,词,NOUN,C1
the Verbewegung,the Verbewegung,词,NOUN,C1
the Verbildung,the Verbildung,词,NOUN,C1
the Verbindung,the Verbindung,词,NOUN,C1
the Vererweiterung,the Vererweiterung,词,NOUN,C1
the Verheilung,the Verheilung,词,NOUN,C1
the Verkraft,the Verkraft,词,NOUN,C1
the Verleitung,the Verleitung,词,NOUN,C1
the Vermessung,the Vermessung,词,NOUN,C1
the Vermischung,the Vermischung,词,NOUN,C1
the Verordnung,the Verordnung,词,NOUN,C1
the Verrechnung,the Verrechnung,词,NOUN,C1
the Verstbewegung,the Verstbewegung,词,NOUN,C1
the Verstbildung,the Verstbildung,词,NOUN,C1
the Versteigerung,the Versteigerung,词,NOUN,C1
the Versterweiterung,the Versterweiterung,词,NOUN,C1
the Verstform,the Verstform,词,NOUN,C1
the Verstheilung,the Verstheilung,词,NOUN,C1
the Verstkraft,the Verstkraft,词,NOUN,C1
the Verstmacht,the Verstmacht,词,NOUN,C1
the Verstmessung,the Verstmessung,词,NOUN,C1
the Verstminderung,the Verstminderung,词,NOUN,C1
the Verstmischung,the Verstmischung,词,NOUN,C1
the Verstoff,the Verstoff,词,NOUN,C1
the Verstordnung,the Verstordnung,词,NOUN,C1
the Verstrechnung,the Verstrechnung,词,NOUN,C1
the Verstsammlung,the Verstsammlung,词,NOUN,C1
the Verststeigerung,the Verststeigerung,词,NOUN,C1
the Verststellung,the Verststellung,词,NOUN,C1
the Verstverbesserung,the Verstverbesserung,词,NOUN,C1
the Verstvertiefung,the Verstvertiefung,词,NOUN,C1
the Verstwandlung,the Verstwandlung,词,NOUN,C1
the Verstwendung,the Verstwendung,词,NOUN,C1
the Verstwert,the Verstwert,词,NOUN,C1
the Ververeinfachung,the Ververeinfachung,词,NOUN,C1
the Verwendung,the Verwendung,词,NOUN,C1
the Verwerk,the Verwerk,词,NOUN,C1
the Verwert,the Verwert,词,NOUN,C1
the Vorbewegung,the Vorbewegung,词,NOUN,C1
the Vorbildung,the Vorbildung,词,NOUN,C1
the Vorform,the Vorform,词,NOUN,C1
the Vorhandlung,the Vorhandlung,词,NOUN,C1
the Vorheilung,the Vorheilung,词,NOUN,C1
the Vorleitung,the Vorleitung,词,NOUN,C1
the Vormacht,the Vormacht,词,NOUN,C1
the Vormessung,the Vormessung,词,NOUN,C1
the Vorminderung,the Vorminderung,词,NOUN,C1
the Vormischung,the Vormischung,词,NOUN,C1
the Vorsammlung,the Vorsammlung,词,NOUN,C1
the Vorsteigerung,the Vorsteigerung,词,NOUN,C1
the Vorstoff,the Vorstoff,词,NOUN,C1
the Vorvereinfachung,the Vorvereinfachung,词,NOUN,C1
the Vorvertiefung,the Vorvertiefung,词,NOUN,C1
the Vorwandlung,the Vorwandlung,词,NOUN,C1
the Vorwendung,the Vorwendung,词,NOUN,C1
the Vorwerk,the Vorwerk,词,NOUN,C1
the Weitbewegung,the Weitbewegung,词,NOUN,C1
the Weitbildung,the Weitbildung,词,NOUN,C1
the Weitbindung,the Weitbindung,词,NOUN,C1
the Weiterweiterung,the Weiterweiterung,词,NOUN,C1
the Weitform,the Weitform,词,NOUN,C1
the Weithandlung,the Weithandlung,词,NOUN,C1
the Weitkraft,the Weitkraft,词,NOUN,C1
the Weitleitung,the Weitleitung,词,NOUN,C1
the Weitmacht,the Weitmacht,词,NOUN,C1
the Weitmessung,the Weitmessung,词,NOUN,C1
the Weitrechnung,the Weitrechnung,词,NOUN,C1
the Weitsammlung,the Weitsammlung,词,NOUN,C1
the Weitstellung,the Weitstellung,词,NOUN,C1
the Weitvereinfachung,the Weitvereinfachung,词,NOUN,C1
the Weitvertiefung,the Weitvertiefung,词,NOUN,C1
the Weitwandlung,the Weitwandlung,词,NOUN,C1
the Weitwerk,the Weitwerk,词,NOUN,C1
the Weitwert,the Weitwert,词,NOUN,C1
the Zerbewegung,the Zerbewegung,词,NOUN,C1
the Zerbindung,the Zerbindung,词,NOUN,C1
the Zerform,the Zerform,词,NOUN,C1
the Zerheilung,the Zerheilung,词,NOUN,C1
the Zerleitung,the Zerleitung,词,NOUN,C1
the Zermacht,the Zermacht,词,NOUN,C1
the Zermessung,the Zermessung,词,NOUN,C1
the Zerminderung,the Zerminderung,词,NOUN,C1
the Zermischung,the Zermischung,词,NOUN,C1
the Zersammlung,the Zersammlung,词,NOUN,C1
the Zersteigerung,the Zersteigerung,词,NOUN,C1
the Zerstellung,the Zerstellung,词,NOUN,C1
the Zerstoff,the Zerstoff,词,NOUN,C1
the Zerverbesserung,the Zerverbesserung,词,NOUN,C1
the Zervertiefung,the Zervertiefung,词,NOUN,C1
the Zerwandlung,the Zerwandlung,词,NOUN,C1
the Zerwendung,the Zerwendung,词,NOUN,C1
the Zerwerk,the Zerwerk,词,NOUN,C1
the Zerwert,the Zerwert,词,NOUN,C1
the Zubewegung,the Zubewegung,词,NOUN,C1
the Zubildung,the Zubildung,词,NOUN,C1
the Zubindung,the Zubindung,词,NOUN,C1
the Zuerweiterung,the Zuerweiterung,词,NOUN,C1
the Zuform,the Zuform,词,NOUN,C1
the Zuheilung,the Zuheilung,词,NOUN,C1
the Zukraft,the Zukraft,词,NOUN,C1
the Zuleitung,the Zuleitung,词,NOUN,C1
the Zumacht,the Zumacht,词,NOUN,C1
the Zumessung,the Zumessung,词,NOUN,C1
the Zuminderung,the Zuminderung,词,NOUN,C1
the Zumischung,the Zumischung,词,NOUN,C1
the Zuordnung,the Zuordnung,词,NOUN,C1
the Zusammlung,the Zusammlung,词,NOUN,C1
the Zusteigerung,the Zusteigerung,词,NOUN,C1
the Zustellung,the Zustellung,词,NOUN,C1
the Zustoff,the Zustoff,词,NOUN,C1
the Zuverbesserung,the Zuverbesserung,词,NOUN,C1
the Zuvereinfachung,the Zuvereinfachung,词,NOUN,C1
the Zuvertiefung,the Zuvertiefung,词,NOUN,C1
the Zuwendung,the Zuwendung,词,NOUN,C1
the Zuwerk,the Zuwerk,词,NOUN,C1
the Zuwert,the Zuwert,词,NOUN,C1
the abbindung,the abbindung,复合词,NOUN,B2
the abgrund,the abgrund,名词,NOUN,B2
the abhandlung,the abhandlung,复合词,NOUN,B2
the abhang,the abhang,名词,NOUN,B2
the abheilung,the abheilung,复合词,NOUN,B2
the abholung,the abholung,名词,NOUN,B2
the abkraft,the abkraft,复合词,NOUN,B2
the abmessung,the abmessung,复合词,NOUN,B2
the abordnung,the abordnung,词,NOUN,B2
the absteigerung,the absteigerung,复合词,NOUN,B2
the abstoff,the abstoff,复合词,NOUN,B2
the abweisung,the abweisung,名词,NOUN,B2
the abwert,the abwert,复合词,NOUN,B2
the abwurf,the abwurf,名词,NOUN,B2
the ackerbau,the ackerbau,名词,NOUN,B2
the adoption,the adoption,名词,NOUN,B2
the adressat,the adressat,名词,NOUN,B2
the akademie,the akademie,名词,NOUN,B2
the akkord,the akkord,名词,NOUN,B2
the akkumulator,the akkumulator,名词,NOUN,B2
the aktion,the aktion,名词,NOUN,B2
the aktivist,the aktivist,名词,NOUN,B2
the aktnadel,the aktnadel,名词,NOUN,B2
the aktpunkt,the aktpunkt,名词,NOUN,B2
the aktuar,the aktuar,名词,NOUN,B2
the albatros,the albatros,名词,NOUN,B2
the alias,the alias,名词,NOUN,B2
the allianz,the allianz,名词,NOUN,B2
the alpen,the alpen,名词,NOUN,B2
the alphabet,the alphabet,名词,NOUN,B2
the alpinismus,the alpinismus,名词,NOUN,B2
the altertum,the altertum,名词,NOUN,B2
the altruismus,the altruismus,名词,NOUN,B2
the amboss,the amboss,名词,NOUN,B2
the anbeginn,the anbeginn,名词,NOUN,B2
the anbettlung,the anbettlung,名词,NOUN,B2
the anbieter,the anbieter,名词,NOUN,B2
the anbindung,the anbindung,复合词,NOUN,B2
the anbruch,the anbruch,名词,NOUN,B2
the andrang,the andrang,名词,NOUN,B2
the anform,the anform,复合词,NOUN,B2
the angriff,the angriff,名词,NOUN,B2
the anheilung,the anheilung,复合词,NOUN,B2
the anordnung,the anordnung,复合词,NOUN,B2
the anreiz,the anreiz,名词,NOUN,B2
the ansage,the ansage,名词,NOUN,B2
the anschlag,the anschlag,名词,NOUN,B2
the anteil,the anteil,名词,NOUN,B2
the antrag,the antrag,名词,NOUN,B2
the anvereinfachung,the anvereinfachung,复合词,NOUN,B2
the anwerk,the anwerk,复合词,NOUN,B2
the aufbewegung,the aufbewegung,复合词,NOUN,B2
the aufheilung,the aufheilung,复合词,NOUN,B2
the aufleitung,the aufleitung,复合词,NOUN,B2
the aufordnung,the aufordnung,复合词,NOUN,B2
the aufstoff,the aufstoff,复合词,NOUN,B2
the aufwandlung,the aufwandlung,复合词,NOUN,B2
the aufwendung,the aufwendung,复合词,NOUN,B2
the aufwert,the aufwert,复合词,NOUN,B2
the ausbildung,the ausbildung,复合词,NOUN,B2
the auserweiterung,the auserweiterung,复合词,NOUN,B2
the aushandlung,the aushandlung,复合词,NOUN,B2
the ausleitung,the ausleitung,复合词,NOUN,B2
the ausstellung,the ausstellung,复合词,NOUN,B2
the ausvertiefung,the ausvertiefung,复合词,NOUN,B2
the auswendung,the auswendung,复合词,NOUN,B2
the beerweiterung,the beerweiterung,复合词,NOUN,B2
the bekraft,the bekraft,复合词,NOUN,B2
the beleitung,the beleitung,复合词,NOUN,B2
the bemessung,the bemessung,复合词,NOUN,B2
the beminderung,the beminderung,复合词,NOUN,B2
the beordnung,the beordnung,复合词,NOUN,B2
the berechnung,the berechnung,复合词,NOUN,B2
the best,the best,词,NOUN,C1
the bevereinfachung,the bevereinfachung,复合词,NOUN,B2
the bevertiefung,the bevertiefung,复合词,NOUN,B2
the bewendung,the bewendung,复合词,NOUN,B2
the blues,the blues,忧郁,NOUN,B2
the career,the career,职业生涯,NOUN,B2
the cash register,the cash register,收银台,NOUN,B2
the casinos,the casinos,赌场,NOUN,B2
the cavalry,the cavalry,骑兵,NOUN,B2
the chain,the chain,链条,NOUN,B2
the chinese,the chinese,中国人,NOUN,B2
the day after tomorrow,the day after tomorrow,后天,ADV,B2
the day after tomorrow (noun),the day after tomorrow,词,NOUN,B2
the day before yesterday,the day before yesterday,词,ADV,C1
the devil bastard,the devil bastard,混蛋,NOUN,B2
the einmessung,the einmessung,复合词,NOUN,B2
the einwerk,the einwerk,复合词,NOUN,B2
the emperor,the emperor,皇帝,NOUN,B2
the end,the end,尽头,NOUN,B2
the ererweiterung,the ererweiterung,复合词,NOUN,B2
the erleitung,the erleitung,复合词,NOUN,B2
the ervereinfachung,the ervereinfachung,复合词,NOUN,B2
the erwendung,the erwendung,复合词,NOUN,B2
the erzerweiterung,the erzerweiterung,复合词,NOUN,B2
the erzheilung,the erzheilung,复合词,NOUN,B2
the erzkraft,the erzkraft,复合词,NOUN,B2
the erzmischung,the erzmischung,复合词,NOUN,B2
the erzsteigerung,the erzsteigerung,复合词,NOUN,B2
the erzvertiefung,the erzvertiefung,复合词,NOUN,B2
the erzwendung,the erzwendung,复合词,NOUN,B2
the erzwerk,the erzwerk,复合词,NOUN,B2
the following,the following,词,PRON,C1
the gains do not make up for the losses,the gains do not make up for the losses,得不偿失,VERB,C1
the gebildung,the gebildung,复合词,NOUN,B2
the gebindung,the gebindung,复合词,NOUN,B2
the geform,the geform,复合词,NOUN,B2
the gemischung,the gemischung,复合词,NOUN,B2
the gestoff,the gestoff,复合词,NOUN,B2
the geverbesserung,the geverbesserung,复合词,NOUN,B2
the gewendung,the gewendung,复合词,NOUN,B2
the grundbildung,the grundbildung,复合词,NOUN,B2
the grundstoff,the grundstoff,复合词,NOUN,B2
the grundverbesserung,the grundverbesserung,复合词,NOUN,B2
the guy,the guy,那个男人,NOUN,B2
the guy's,the guy's,那个男人的,NOUN,B2
the hochbindung,the hochbindung,复合词,NOUN,B2
the hochleitung,the hochleitung,复合词,NOUN,B2
the hochminderung,the hochminderung,复合词,NOUN,B2
the hochordnung,the hochordnung,复合词,NOUN,B2
the hochsammlung,the hochsammlung,复合词,NOUN,B2
the hochsteigerung,the hochsteigerung,复合词,NOUN,B2
the hochstoff,the hochstoff,复合词,NOUN,B2
the hochvertiefung,the hochvertiefung,复合词,NOUN,B2
the house,the house,庄家,NOUN,C1
the human world,the human world,人间,NOUN,B2
the it,the it,那,DET,B2
the masculine,the masculine,词,DET,A2
the masses,the masses,大众,NOUN,C1
the missbewegung,the missbewegung,复合词,NOUN,B2
the missbildung,the missbildung,复合词,NOUN,B2
the misskraft,the misskraft,复合词,NOUN,B2
the missordnung,the missordnung,复合词,NOUN,B2
the missrechnung,the missrechnung,复合词,NOUN,B2
the missstoff,the missstoff,复合词,NOUN,B2
the missvertiefung,the missvertiefung,复合词,NOUN,B2
the mitbildung,the mitbildung,复合词,NOUN,B2
the mitheilung,the mitheilung,复合词,NOUN,B2
the mitkraft,the mitkraft,复合词,NOUN,B2
the mitordnung,the mitordnung,复合词,NOUN,B2
the mitstellung,the mitstellung,复合词,NOUN,B2
the mitverbesserung,the mitverbesserung,复合词,NOUN,B2
the more,the more,越,ADV,B2
the morning after,the morning after,词,NOUN,C1
the morning of,the morning of,词,NOUN,C1
the nachbildung,the nachbildung,复合词,NOUN,B2
the nachbindung,the nachbindung,复合词,NOUN,B2
the nachheilung,the nachheilung,复合词,NOUN,B2
the nachleitung,the nachleitung,复合词,NOUN,B2
the nachmessung,the nachmessung,复合词,NOUN,B2
the nachstoff,the nachstoff,复合词,NOUN,B2
the north pole,the north pole,北极,NOUN,B2
the one,the one,,NOUN,B2
the one (det),the one,词,DET,B1
the one (pron),the one,那个人,PRON,B1
the other day,the other day,前几天,ADV,B2
the other evening,the other evening,前几天晚上,ADV,B2
the outside world,the outside world,外界,NOUN,B2
the reason why,the reason why,之所以,SCONJ,B2
the rich,the rich,富人,NOUN,B2
the safe,the safe,保险箱,NOUN,B2
the same,the same,相同的,ADJ,B2
the same (det),the same,词,DET,A2
the same (pron),the same,词,PRON,C1
the sick,the sick,病人,NOUN,B2
the slightest amount or degree,the slightest amount or degree,丝毫,ADV,B1
the tiefbindung,the tiefbindung,复合词,NOUN,B2
the tiefleitung,the tiefleitung,复合词,NOUN,B2
the tiefrechnung,the tiefrechnung,复合词,NOUN,B2
the tiefstoff,the tiefstoff,复合词,NOUN,B2
the tiefverbesserung,the tiefverbesserung,复合词,NOUN,B2
the unbildung,the unbildung,复合词,NOUN,B2
the unleitung,the unleitung,复合词,NOUN,B2
the unminderung,the unminderung,复合词,NOUN,B2
the unmischung,the unmischung,复合词,NOUN,B2
the unseen,the unseen,词,NOUN,C1
the unstellung,the unstellung,复合词,NOUN,B2
the untererweiterung,the untererweiterung,复合词,NOUN,B2
the unterheilung,the unterheilung,复合词,NOUN,B2
the unterleitung,the unterleitung,复合词,NOUN,B2
the unterordnung,the unterordnung,复合词,NOUN,B2
the unwandlung,the unwandlung,复合词,NOUN,B2
the unwendung,the unwendung,复合词,NOUN,B2
the urbewegung,the urbewegung,复合词,NOUN,B2
the urheilung,the urheilung,复合词,NOUN,B2
the urmischung,the urmischung,复合词,NOUN,B2
the urrechnung,the urrechnung,复合词,NOUN,B2
the ursammlung,the ursammlung,复合词,NOUN,B2
the urstellung,the urstellung,复合词,NOUN,B2
the urstoff,the urstoff,复合词,NOUN,B2
the urverbesserung,the urverbesserung,复合词,NOUN,B2
the urvertiefung,the urvertiefung,复合词,NOUN,B2
the verform,the verform,复合词,NOUN,B2
the verhandlung,the verhandlung,复合词,NOUN,B2
the vermacht,the vermacht,复合词,NOUN,B2
the verminderung,the verminderung,复合词,NOUN,B2
the verstbindung,the verstbindung,词,NOUN,B2
the verstellung,the verstellung,复合词,NOUN,B2
the versthandlung,the versthandlung,复合词,NOUN,B2
the verstleitung,the verstleitung,复合词,NOUN,B2
the verststoff,the verststoff,复合词,NOUN,B2
the verstvereinfachung,the verstvereinfachung,复合词,NOUN,B2
the verstwerk,the verstwerk,复合词,NOUN,B2
the ververbesserung,the ververbesserung,复合词,NOUN,B2
the ververtiefung,the ververtiefung,复合词,NOUN,B2
the verwandlung,the verwandlung,复合词,NOUN,B2
the very,the very,正是,ADV,B2
the vorbindung,the vorbindung,复合词,NOUN,B2
the vorerweiterung,the vorerweiterung,复合词,NOUN,B2
the vorkraft,the vorkraft,复合词,NOUN,B2
the vorordnung,the vorordnung,复合词,NOUN,B2
the vorrechnung,the vorrechnung,复合词,NOUN,B2
the vorstellung,the vorstellung,复合词,NOUN,B2
the vorverbesserung,the vorverbesserung,复合词,NOUN,B2
the vorwert,the vorwert,复合词,NOUN,B2
the weitheilung,the weitheilung,复合词,NOUN,B2
the weitminderung,the weitminderung,复合词,NOUN,B2
the weitmischung,the weitmischung,复合词,NOUN,B2
the weitordnung,the weitordnung,复合词,NOUN,B2
the weitsteigerung,the weitsteigerung,复合词,NOUN,B2
the weitstoff,the weitstoff,复合词,NOUN,B2
the weitverbesserung,the weitverbesserung,复合词,NOUN,B2
the weitwendung,the weitwendung,复合词,NOUN,B2
the whole journey,the whole journey,一路,ADV,A2
the world,the world,天下,NOUN,B2
the zerbildung,the zerbildung,复合词,NOUN,B2
the zererweiterung,the zererweiterung,复合词,NOUN,B2
the zerhandlung,the zerhandlung,复合词,NOUN,B2
the zerkraft,the zerkraft,复合词,NOUN,B2
the zerordnung,the zerordnung,复合词,NOUN,B2
the zerrechnung,the zerrechnung,复合词,NOUN,B2
the zervereinfachung,the zervereinfachung,复合词,NOUN,B2
the zuhandlung,the zuhandlung,复合词,NOUN,B2
the zurechnung,the zurechnung,复合词,NOUN,B2
the zuwandlung,the zuwandlung,复合词,NOUN,B2
theatrical,theatrical,戏剧的,ADJ,B2
their,their,他们的,PRON,B2
their (det),their,词,DET,B2
them dative,them dative,词,PRON,A2
thematic,thematic,主题的,ADJ,B2
theme music,theme music,主题曲,NOUN,B2
then (noun),then,当时,NOUN,A2
then (sconj),then,我就,SCONJ,B2
then break,then break,便破,NOUN,C1
then he,then he,那他,NOUN,B2
then just,then just,就,ADV,A1
then mixed,then mixed,就杂,NOUN,C1
then-current,then-current,词,ADJ,C1
theocratic,theocratic,神权的,ADJ,B2
theodicy,theodicy,词,NOUN,C1
theologian,theologian,神学家,NOUN,B2
theological,theological,神学的,ADJ,B2
theorize,theorize,词,VERB,B2
therapist,therapist,治疗师,NOUN,B2
there (noun),there,那儿,NOUN,B2
there (pron),there,那里,PRON,B1
there direction,there direction,词,ADV,B1
there's not enough time to do sth,there's not enough time to do sth,来不及,VERB,A2
thereafter,thereafter,此后,ADV,B2
therefore (sconj),therefore,所以,SCONJ,B2
thermal (noun),thermal,词,NOUN,B2
thermodynamics,thermodynamics,热力学,NOUN,B2
thermometer,thermometer,词,NOUN,C1
thesaurus,thesaurus,词,NOUN,C1
these,these,这些,PRON,B2
thespian,thespian,词,NOUN,C1
thetic,thetic,正题的,ADJ,B2
they female,they female,她们,PRON,B2
they two,they two,词,PRON,A1
thick fog,thick fog,浓雾,NOUN,C1
thicker,thicker,更厚的,ADJ,B2
thickets,thickets,词,NOUN,B2
thief here,thief here,有贼呀,NOUN,C1
thimble,thimble,顶针,NOUN,B2
thin iron,thin iron,薄铁,NOUN,C1
thin-walled,thin-walled,隔音差的,ADJ,B2
think about,think about,词,VERB,B1
thinker,thinker,词,NOUN,C1
thinner,thinner,更薄的,ADJ,B2
third,third,三分之一,NOUN,B2
third (adj),third,第三,ADJ,A2
third place,third place,季军,NOUN,B2
this,this,这,PRON,B2
this (noun),this,你这,NOUN,B2
this afternoon,this afternoon,词,ADV,B2
this capital,this capital,这京,NOUN,C1
this evening,this evening,今晚,ADV,B2
this feminine,this feminine,词,DET,A1
this heart,this heart,这心,NOUN,C1
this indeed,this indeed,这倒,NOUN,B2
this is,this is,这是,ADP,B2
this masculine,this masculine,词,DET,A1
this matter,this matter,这事,NOUN,B2
this morning,this morning,今天早上,ADV,B2
this piece,this piece,这块,NOUN,C1
this poison,this poison,这毒,NOUN,B2
this room,this room,这屋里,NOUN,C1
this route,this route,这路,NOUN,B2
this sword,this sword,这剑,NOUN,B2
this time,this time,词,ADV,B1
this trick,this trick,这招,NOUN,C1
this way,this way,这边,ADV,B2
this year,this year,今年,NOUN,B2
thoracic,thoracic,词,ADJ,C1
thoroughly,thoroughly,词,ADV,B2
those,those,那些,PRON,B2
thoughtfully,thoughtfully,体贴地,ADV,B2
thoughtfulness,thoughtfulness,词,NOUN,C1
thousand (noun),thousand,词,NOUN,B2
thousands,thousands,数千,NOUN,B2
thousands (num),thousands,词,NUM,B1
thrall,thrall,词,NOUN,C1
threadbare,threadbare,词,ADJ,C1
threads,threads,词,NOUN,B2
threatened,threatened,词,ADJ,C1
threats,threats,词,NOUN,C1
three (adj),three,ثلاث,ADJ,C1
three moves,three moves,三招,NOUN,C1
three times,three times,词,ADV,B2
three-edged needle,three-edged needle,三棱针,NOUN,C1
three-sided siege,three-sided siege,三面围,NOUN,B2
threnody,threnody,词,NOUN,C1
threshing floor,threshing floor,词,NOUN,B2
thrill (noun),thrill,词,NOUN,B2
thrilled,thrilled,词,ADJ,B2
thrilling,thrilling,令人兴奋的,ADJ,B2
thriving one,thriving one,词,NOUN,B2
throes,throes,词,NOUN,C1
thrombosis,thrombosis,词,NOUN,C1
throng,throng,词,NOUN,C1
throughout,throughout,词,ADP,B1
throw away,throw away,词,VERB,C1
throw out,throw out,词,VERB,C1
throwing,throwing,词,NOUN,B2
thundershower,thundershower,雷阵雨,NOUN,B2
thunderstorm,thunderstorm,雷阵雨,NOUN,B2
thus (cconj),thus,因此,CCONJ,A2
thus (noun),thus,那就索,NOUN,C1
thus it can be seen,thus it can be seen,由此可见,ADV,B2
thyme,thyme,词,NOUN,B2
thyroid,thyroid,词,ADJ,B2
tiburón,shark,鲨鱼,NOUN,B2
ticket office,ticket office,词,NOUN,C1
ticket validation,ticket validation,检票,NOUN,B2
ticket window,ticket window,售票窗口,NOUN,B2
tidal flat,tidal flat,滩涂,NOUN,C1
tidal movement,tidal movement,潮汐运动,NOUN,B2
tidy (adj),tidy,词,ADJ,B2
tie mansion,tie mansion,铁府,NOUN,B2
tied hands,tied hands,束手,NOUN,C1
tieferziehung,tieferziehung,词,NOUN,C1
tieffahrt,tieffahrt,词,NOUN,C1
tieffassung,tieffassung,词,NOUN,C1
tiefforderung,tiefforderung,词,NOUN,C1
tiefgabe,tiefgabe,词,NOUN,C1
tiefgestaltung,tiefgestaltung,词,NOUN,C1
tiefkunft,tiefkunft,词,NOUN,C1
tiefnahme,tiefnahme,词,NOUN,C1
tiefpflegung,tiefpflegung,词,NOUN,C1
tiefregelung,tiefregelung,词,NOUN,C1
tiefrichtung,tiefrichtung,词,NOUN,C1
tiefschaft,tiefschaft,词,NOUN,C1
tiefschrift,tiefschrift,词,NOUN,C1
tiefsetzung,tiefsetzung,词,NOUN,C1
tiefsicht,tiefsicht,词,NOUN,C1
tiefsinnung,tiefsinnung,词,NOUN,C1
tiefsprache,tiefsprache,词,NOUN,C1
tiefsucht,tiefsucht,词,NOUN,C1
tiefsuchung,tiefsuchung,词,NOUN,B2
tiefteilung,tiefteilung,词,NOUN,C1
tieftheilung,tieftheilung,词,NOUN,C1
tieftreibung,tieftreibung,词,NOUN,C1
tiefwandel,tiefwandel,词,NOUN,C1
tiefweisung,tiefweisung,词,NOUN,C1
tiefwirkung,tiefwirkung,词,NOUN,C1
tiempo de correspondencia,matching time,对时,NOUN,B2
tiempo extra,overtime,加班,NOUN,B2
tiempo libre,free time,业余时间,NOUN,B2
tiempo libre,spare time,业余,NOUN,B2
tienda,tent,帐篷,NOUN,B2
tier,tier,分阶,NOUN,C1
tierno,cute,可爱的,ADJ,B2
tierno,tender,嫩的,ADJ,B2
tierra firme,mainland,大陆,NOUN,B2
tierra prohibida,forbidden land,禁地,NOUN,B2
tifón,typhoon,台风,NOUN,B2
tight narrow,tight narrow,词,ADJ,B1
tight-fitting,tight-fitting,词,ADJ,B1
tight-lipped,tight-lipped,词,ADJ,B2
tightfisted,tightfisted,词,ADJ,C1
tightly,tightly,词,ADV,C1
tights,tights,词,NOUN,C1
tigre,tiger,老虎,NOUN,B2
tijeras,scissors,剪刀,NOUN,B2
tilt,tilt,倾斜,NOUN,B2
timber,timber,词,NOUN,C1
timbre,doorbell,门铃,NOUN,B2
timbre,timbre,词,NOUN,C1
time clock,time clock,打卡机,NOUN,B2
time era,time era,词,NOUN,A2
time limit,time limit,词,NOUN,B1
time occurrence measure word,time occurrence measure word,次,NOUN,A1
time once,time once,词,NOUN,A2
time out,time out,词,NOUN,B2
time to go to bed,time to go to bed,该睡觉了,ADV,B2
timeline,timeline,时间线,NOUN,B2
timely,timely,适时,ADJ,B2
timely opportune,timely opportune,词,ADJ,C1
timetable,timetable,时刻表,NOUN,B2
timid,timid,词,ADJ,B2
timidez,timidity,胆怯,NOUN,B2
timorous,timorous,词,ADJ,C1
tint (adj),tint,词,ADJ,C1
tint (noun),tint,词,NOUN,C1
tiny minute,tiny minute,词,ADJ,C1
tipo,guy,家伙,NOUN,B2
tipo,kind,种类,NOUN,B2
tipo grueso,heavy type,重型,NOUN,B2
tips,tips,词,NOUN,C1
tirade,tirade,长篇抨击,NOUN,B2
tirano,tyrant,暴君,NOUN,B2
tiranía,tyranny,暴政,NOUN,B2
tiranía desenfrenada,rampant tyranny,横行,NOUN,B2
tire (noun),tire,词,NOUN,B1
tire pressure,tire pressure,胎压,NOUN,B2
tire tread,tire tread,胎纹,NOUN,C1
tired of,tired of,,NOUN,B2
tirelessly,tirelessly,词,ADV,C1
tiring,tiring,令人疲倦的,ADJ,B2
tiroteo,shooting,射击,NOUN,B2
tissue (adj),tissue,词,ADJ,C1
titanic,titanic,词,ADJ,C1
titillate,titillate,词,VERB,C1
titling,titling,词,NOUN,C1
tits,tits,词,NOUN,C1
titular,titular,词,ADJ,C1
tiza,chalk,粉笔,NOUN,B2
to,to,去,PART,B2
to abbauen,to abbauen,词,VERB,C1
to abbilden,to abbilden,词,VERB,C1
to abbinden,to abbinden,词,VERB,C1
to abbrechen,to abbrechen,词,VERB,C1
to abdanken,to abdanken,动词,VERB,B2
to abdichten,to abdichten,词,VERB,C1
to abfallen,to abfallen,词,VERB,C1
to abfassen,to abfassen,词,VERB,C1
to abfedern,to abfedern,词,VERB,C1
to abfinden,to abfinden,词,VERB,C1
to abflachen,to abflachen,词,VERB,C1
to abfragen,to abfragen,词,VERB,C1
to abgelten,to abgelten,词,VERB,C1
to abgrenzen,to abgrenzen,词,VERB,C1
to abhalten,to abhalten,词,VERB,C1
to abhandeln,to abhandeln,词,VERB,C1
to abheben,to abheben,词,VERB,C1
to abkapseln,to abkapseln,词,VERB,C1
to abklingen,to abklingen,词,VERB,C1
to abkoppeln,to abkoppeln,词,VERB,C1
to ablehnen,to ablehnen,词,VERB,C1
to ableiten,to ableiten,词,VERB,C1
to abliefern,to abliefern,词,VERB,C1
to abmildern,to abmildern,词,VERB,C1
to abnehmen,to abnehmen,词,VERB,C1
to abnicken,to abnicken,词,VERB,C1
to abound,to abound,词,VERB,C1
to abrangieren,to abrangieren,词,VERB,C1
to absagen,to absagen,动词,VERB,B2
to absaufen,to absaufen,词,VERB,C1
to absaugen,to absaugen,词,VERB,C1
to abschaffen,to abschaffen,词,VERB,C1
to abschatten,to abschatten,词,VERB,C1
to abschauen,to abschauen,词,VERB,C1
to abschieben,to abschieben,词,VERB,C1
to abschirmen,to abschirmen,词,VERB,C1
to abschlafen,to abschlafen,动词,VERB,B2
to abschlagen,to abschlagen,词,VERB,C1
to abschleifen,to abschleifen,词,VERB,C1
to abschrecken,to abschrecken,词,VERB,C1
to abschreiben,to abschreiben,词,VERB,C1
to abschweifen,to abschweifen,动词,VERB,B2
to abschwenken,to abschwenken,词,VERB,C1
to absenden,to absenden,词,VERB,C1
to absichern,to absichern,动词,VERB,B2
to absolvieren,to absolvieren,词,VERB,C1
to absondern,to absondern,词,VERB,C1
to absorbieren,to absorbieren,词,VERB,C1
to abspannen,to abspannen,词,VERB,C1
to abspeisen,to abspeisen,词,VERB,C1
to absprechen,to absprechen,词,VERB,C1
to abstatten,to abstatten,词,VERB,C1
to abstehen,to abstehen,词,VERB,C1
to absteigen,to absteigen,词,VERB,C1
to abstellen,to abstellen,词,VERB,C1
to abstimmen,to abstimmen,动词,VERB,B2
to abtasten,to abtasten,词,VERB,C1
to abtauchen,to abtauchen,词,VERB,C1
to abteilen,to abteilen,动词,VERB,B2
to abtippen,to abtippen,词,VERB,C1
to abtragen,to abtragen,词,VERB,C1
to abtrainieren,to abtrainieren,词,VERB,C1
to abtreiben,to abtreiben,词,VERB,C1
to abtrennen,to abtrennen,词,VERB,C1
to abtrocken,to abtrocken,动词,VERB,B2
to abtun,to abtun,动词,VERB,B2
to abturnen,to abturnen,词,VERB,C1
to abwandeln,to abwandeln,动词,VERB,B2
to abwarten,to abwarten,词,VERB,C1
to abwaschen,to abwaschen,词,VERB,C1
to abwechseln,to abwechseln,词,VERB,C1
to abwehren,to abwehren,词,VERB,C1
to abweisen,to abweisen,词,VERB,C1
to abwenden,to abwenden,词,VERB,C1
to abwerfen,to abwerfen,词,VERB,C1
to abwickeln,to abwickeln,词,VERB,C1
to abwiegen,to abwiegen,词,VERB,C1
to abwinken,to abwinken,词,VERB,C1
to abwirken,to abwirken,词,VERB,C1
to abwischen,to abwischen,词,VERB,C1
to abzahlen,to abzahlen,词,VERB,C1
to abzeichnen,to abzeichnen,词,VERB,C1
to abzocken,to abzocken,词,VERB,C1
to abzwecken,to abzwecken,动词,VERB,B2
to abzweigen,to abzweigen,词,VERB,C1
to accentuate,to accentuate,强调,VERB,B2
to accommodate to prepare,to accommodate to prepare,词,VERB,C1
to accompany you,to accompany you,陪你,VERB,C1
to account for,to account for,说明,VERB,B2
to accounting,to accounting,核算,VERB,B2
to acknowledge,to acknowledge,承认,VERB,B2
to acquaint,to acquaint,使熟悉,VERB,B2
to acquiesce,to acquiesce,默许,VERB,B2
to acquit to settle,to acquit to settle,词,VERB,C1
to act as host,to act as host,做东,VERB,B2
to act as intermediary,to act as intermediary,中介,NOUN,B1
to act despotically,to act despotically,词,VERB,C1
to act on,to act on,词,VERB,B2
to act on behalf of sb in a responsible position,to act on behalf of sb in a responsible position,代理,VERB,B2
to act pitiful,to act pitiful,词,VERB,B1
to act rashly,to act rashly,妄动,VERB,B2
to act wildly to act recklessly,to act wildly to act recklessly,乱来,VERB,B2
to address informally,to address informally,词,VERB,C1
to adhere join,to adhere join,词,VERB,B2
to admit fault,to admit fault,知错,VERB,C1
to admit to confess,to admit to confess,词,VERB,A2
to aggravate,to aggravate,加重,VERB,B2
to agitate,to agitate,鼓动,VERB,B2
to agree to approve,to agree to approve,词,VERB,A2
to agree with,to agree with,词,VERB,B2
to aim (verb),to aim,词,VERB,B2
to aim steer,to aim steer,词,VERB,B2
to alert,to alert,警告,VERB,B2
to align,to align,使一致,VERB,B2
to almost (verb),to almost,词,VERB,B2
to alter to spoil,to alter to spoil,词,VERB,C1
to amass,to amass,积聚,VERB,B2
to amaze,to amaze,使吃惊,VERB,B2
to ambush,to ambush,埋伏,VERB,B2
to amnesty (verb),to amnesty,词,VERB,C1
to anesthetize,to anesthetize,麻醉,VERB,B2
to animate,to animate,词,VERB,B2
to answer to reply,to answer to reply,词,VERB,A2
to antedate,to antedate,词,VERB,B2
to anxious for quick results,to anxious for quick results,急于求成,VERB,B2
to appal,to appal,使惊恐,VERB,B2
to appeal to,to appeal to,词,VERB,C1
to appear in court,to appear in court,词,VERB,B2
to appear to seem,to appear to seem,出现/显得,VERB,B2
to apply be valid,to apply be valid,适用/有效,VERB,B2
to apply for,to apply for,词,VERB,B1
to apply for a job,to apply for a job,应聘,VERB,B2
to appoint add,to appoint add,词,VERB,B2
to appoint and nominate,to appoint and nominate,任命,VERB,B2
to appoint official,to appoint official,命官,VERB,C1
to archive,to archive,归档,VERB,B2
to arm,to arm,武装,VERB,B2
to arrange a meeting,to arrange a meeting,词,VERB,B1
to arrange develop,to arrange develop,词,VERB,B2
to arrive to,to arrive to,到,VERB,A1
to ask about,to ask about,打听,VERB,B1
to ask rhetorically,to ask rhetorically,反问,VERB,B2
to asphalt,to asphalt,铺沥青,VERB,B2
to assume to think,to assume to think,词,VERB,A2
to attach importance to,to attach importance to,重视,VERB,A2
to attain enlightenment,to attain enlightenment,得道,VERB,B2
to attempt (verb),to attempt,企图,VERB,B2
to attend class,to attend class,上课,VERB,B2
to attend to prepare,to attend to prepare,词,VERB,A2
to attest,to attest,证明,VERB,B2
to avail oneself of,to avail oneself of,趁,ADP,B2
to await orders,to await orders,待命,VERB,B2
to back up,to back up,后退,VERB,B2
to badmouth,to badmouth,词,VERB,C1
to bandage (verb),to bandage,包扎,VERB,B2
to bang (verb),to bang,词,VERB,C1
to banish,to banish,流放,VERB,B2
to baptize,to baptize,施洗,VERB,B2
to bare,to bare,暴露,VERB,B2
to bargain (verb),to bargain,词,VERB,C1
to bark scold,to bark scold,吠/责骂,VERB,B2
to barricade (verb),to barricade,词,VERB,B2
to battle (verb),to battle,之战,VERB,B2
to be able (aux),to be able,能够,AUX,B1
to be absent-minded,to be absent-minded,词,VERB,B2
to be accused,to be accused,词,VERB,B2
to be acknowledged,to be acknowledged,词,VERB,B2
to be added,to be added,加入,VERB,B2
to be addressed,to be addressed,词,VERB,B2
to be admitted,to be admitted,词,VERB,B2
to be adopted,to be adopted,词,VERB,B2
to be afraid,to be afraid,害怕,VERB,B2
to be alleged,to be alleged,被声称,VERB,B2
to be allergic,to be allergic,过敏,VERB,B2
to be allowed (verb),to be allowed,词,VERB,B2
to be allowed to,to be allowed to,词,AUX,B1
to be allowed to may,to be allowed to may,词,AUX,A1
to be amazed surprised,to be amazed surprised,惊奇,ADJ,C1
to be analyzed,to be analyzed,词,VERB,B2
to be approved,to be approved,词,VERB,B2
to be arrested,to be arrested,词,VERB,B2
to be ascribed,to be ascribed,词,VERB,B2
to be assumed,to be assumed,词,VERB,B2
to be astonished,to be astonished,词,VERB,B2
to be attempted,to be attempted,词,VERB,B2
to be attributed,to be attributed,词,VERB,B2
to be banned,to be banned,词,VERB,B2
to be believed,to be believed,词,VERB,B2
to be broadcast,to be broadcast,词,VERB,B2
to be buried,to be buried,葬身,VERB,C1
to be calculated,to be calculated,词,VERB,B2
to be cancelled,to be cancelled,词,VERB,B2
to be careful,to be careful,小心,VERB,B2
to be classified,to be classified,词,VERB,B2
to be concluded,to be concluded,词,VERB,B2
to be confirmed,to be confirmed,被证实,VERB,B2
to be considered,to be considered,词,VERB,B2
to be content,to be content,词,VERB,C1
to be contradicted,to be contradicted,词,VERB,B2
to be correct,to be correct,正确,VERB,B2
to be counted,to be counted,被算作,VERB,B2
to be created,to be created,被创造,VERB,B2
to be dazzled,to be dazzled,词,VERB,B2
to be deduced,to be deduced,词,VERB,B2
to be deemed bad,to be deemed bad,词,VERB,B2
to be deemed likely,to be deemed likely,词,VERB,B2
to be defined,to be defined,词,VERB,B2
to be delayed,to be delayed,迟到,VERB,B2
to be demanded,to be demanded,词,VERB,B2
to be denied,to be denied,词,VERB,B2
to be derived,to be derived,词,VERB,B2
to be described,to be described,词,VERB,B2
to be detained,to be detained,词,VERB,B2
to be discovered,to be discovered,词,VERB,C1
to be discussed,to be discussed,词,VERB,B2
to be disgusted with,to be disgusted with,反感,VERB,B2
to be disillusioned,to be disillusioned,词,VERB,C1
to be driven,to be driven,被驱动,VERB,B2
to be estimated,to be estimated,词,VERB,B2
to be evaluated,to be evaluated,词,VERB,B2
to be expected,to be expected,词,VERB,B2
to be far from,to be far from,绝非,VERB,B2
to be felled,to be felled,被砍倒,VERB,B2
to be fooled,to be fooled,词,VERB,C1
to be forbidden,to be forbidden,词,VERB,B2
to be fortunate,to be fortunate,词,VERB,B1
to be full of,to be full of,充满,VERB,B1
to be good for,to be good for,词,VERB,B2
to be grandiloquent,to be grandiloquent,词,VERB,C1
to be happy,to be happy,词,VERB,A2
to be heedless,to be heedless,词,VERB,B2
to be held,to be held,词,VERB,B2
to be here,to be here,在此,VERB,B2
to be honest,to be honest,诚实,VERB,A2
to be humiliated,to be humiliated,受辱,VERB,B1
to be imagined,to be imagined,词,VERB,B2
to be in,to be in,身处,VERB,C1
to be in a state,to be in a state,处于,VERB,B2
to be in contact with,to be in contact with,相处,VERB,B2
to be in position,to be in position,就位,VERB,C1
to be included,to be included,包含,VERB,B2
to be infatuated,to be infatuated,词,VERB,B2
to be inferred,to be inferred,词,VERB,B2
to be inspected,to be inspected,词,VERB,B2
to be interrelated,to be interrelated,相关,ADJ,B1
to be judged,to be judged,词,VERB,B2
to be justified,to be justified,词,VERB,B2
to be kidnapped,to be kidnapped,词,VERB,B2
to be known,to be known,词,VERB,B2
to be liable,to be liable,负责,VERB,B2
to be located at,to be located at,位于,VERB,B2
to be lost,to be lost,词,VERB,B1
to be made available,to be made available,词,VERB,B2
to be measured,to be measured,词,VERB,B2
to be mentioned,to be mentioned,词,VERB,B2
to be named,to be named,词,VERB,B2
to be necessary,to be necessary,词,VERB,A1
to be necessary must,to be necessary must,词,VERB,A2
to be needed,to be needed,被需要,VERB,B2
to be nicknamed,to be nicknamed,词,VERB,B2
to be not,to be not,词,VERB,A1
to be noticeable,to be noticeable,词,VERB,C1
to be noticed,to be noticed,被注意到,VERB,B2
to be observed,to be observed,词,VERB,B2
to be on person,to be on person,在身,VERB,C1
to be ongoing,to be ongoing,进行中,VERB,B2
to be open for business,to be open for business,营业,VERB,B2
to be out,to be out,出局,VERB,B2
to be overdue,to be overdue,过期,VERB,B2
to be pardoned,to be pardoned,词,VERB,B2
to be pedantic,to be pedantic,词,VERB,C1
to be possible,to be possible,词,VERB,A1
to be predicted,to be predicted,词,VERB,B2
to be pregnant,to be pregnant,怀孕,VERB,B2
to be preoccupied,to be preoccupied,词,VERB,B2
to be presented,to be presented,词,VERB,B2
to be proper,to be proper,体统,VERB,B2
to be prosecuted,to be prosecuted,词,VERB,B2
to be proven,to be proven,被证明,VERB,B2
to be published,to be published,词,VERB,B2
to be punished,to be punished,受罚,VERB,B2
to be puzzled,to be puzzled,困惑,VERB,B2
to be reborn,to be reborn,词,VERB,C1
to be received,to be received,词,VERB,B2
to be reckless,to be reckless,肆,VERB,B1
to be refuted,to be refuted,词,VERB,B2
to be released,to be released,词,VERB,B2
to be reluctant to part with,to be reluctant to part with,舍不得,VERB,B2
to be renowned,to be renowned,词,VERB,B2
to be requested,to be requested,词,VERB,B2
to be researched,to be researched,词,VERB,B2
to be responsible,to be responsible,负责,VERB,B2
to be said,to be said,词,VERB,B2
to be saved,to be saved,获救,VERB,B2
to be seen,to be seen,词,VERB,B2
to be shy,to be shy,词,VERB,A2
to be skeptical,to be skeptical,怀疑,VERB,B2
to be sleepy,to be sleepy,我困,VERB,B2
to be sought,to be sought,词,VERB,B2
to be startled,to be startled,词,VERB,C1
to be struck,to be struck,被打击,VERB,B2
to be stuck,to be stuck,卡住,VERB,B2
to be studied,to be studied,词,VERB,B2
to be subject to,to be subject to,词,VERB,B2
to be suited,to be suited,词,VERB,B2
to be summoned,to be summoned,词,VERB,B2
to be taken,to be taken,被拿走,VERB,B2
to be taken in,to be taken in,上当,VERB,B2
to be tested,to be tested,词,VERB,B2
to be tired of,to be tired of,厌倦,VERB,B2
to be transferred,to be transferred,词,VERB,B2
to be translated,to be translated,词,VERB,B2
to be treated,to be treated,词,VERB,B2
to be tricked,to be tricked,被欺骗,VERB,B2
to be tried,to be tried,词,VERB,B2
to be unable,to be unable,无法,VERB,B1
to be understood,to be understood,词,VERB,B2
to be unharmed,to be unharmed,无恙,VERB,B2
to be valid,to be valid,有效,VERB,B2
to be vigilant,to be vigilant,词,VERB,B2
to be visible,to be visible,可见,VERB,B2
to be willing (aux),to be willing,愿意,AUX,B2
to be willing (verb),to be willing,能心,VERB,C1
to be with,to be with,和你,VERB,B2
to be worthy,to be worthy,词,VERB,B2
to be worthy of,to be worthy of,不愧,ADV,B2
to bear to endure,to bear to endure,词,VERB,C1
to beat up,to beat up,词,VERB,C1
to become again,to become again,词,VERB,B1
to become alert,to become alert,词,VERB,B2
to become certain,to become certain,词,VERB,B2
to become independent,to become independent,词,VERB,C1
to become inflamed,to become inflamed,发炎,VERB,B2
to become invalid,to become invalid,作废,VERB,B2
to become minister,to become minister,词,VERB,C1
to become poor,to become poor,词,VERB,B2
to beep (verb),to beep,词,VERB,C1
to befriend,to befriend,与...交朋友,VERB,B2
to begin to cut into,to begin to cut into,词,VERB,C1
to behead,to behead,斩首,VERB,B2
to behold,to behold,注视,VERB,B2
to benefit,to benefit,受益,VERB,B2
to bequeath,to bequeath,遗赠,VERB,B2
to beschieten,to beschieten,词,VERB,C1
to bet invest,to bet invest,下注/投资,VERB,B2
to betroth,to betroth,词,VERB,C1
to bevriezen,to bevriezen,词,VERB,C1
to bicker,to bicker,争吵,VERB,B2
to bid farewell,to bid farewell,词,VERB,B1
to bide,to bide,等待,VERB,B2
to blaze (verb),to blaze,词,VERB,B2
to blazon,to blazon,词,VERB,C1
to blink,to blink,眨眼,VERB,B2
to bloom,to bloom,开花,VERB,B2
to blossom,to blossom,开花,VERB,B2
to blow one's nose,to blow one's nose,词,VERB,B1
to blow up,to blow up,炸毁,VERB,B2
to bluff,to bluff,虚张声势,VERB,B2
to blunder,to blunder,犯大错,VERB,B2
to blush,to blush,脸红,VERB,B2
to board (verb),to board,词,VERB,C1
to bound (verb),to bound,词,VERB,C1
to bound leap,to bound leap,词,VERB,B2
to box,to box,拳击,VERB,B2
to brawl (verb),to brawl,词,VERB,B1
to breach (verb),to breach,词,VERB,C1
to break a pledge,to break a pledge,词,VERB,C1
to break a record,to break a record,打破纪录,VERB,B2
to break away,to break away,词,VERB,C1
to break in,to break in,词,VERB,B2
to break into,to break into,撬开,VERB,B2
to break off,to break off,中断,VERB,B2
to break out,to break out,爆发,VERB,B2
to breathe again,to breathe again,松口气,VERB,B2
to bring about,to bring about,促成,VERB,B2
to bring along,to bring along,词,VERB,B1
to bring here,to bring here,词,VERB,C1
to bring lead,to bring lead,带来/引导,VERB,B2
to bring to,to bring to,带到,VERB,B2
to broadcast (verb),to broadcast,词,VERB,B2
to brood,to brood,沉思,VERB,B2
to build up,to build up,构建,VERB,B2
to bullshit,to bullshit,胡扯,VERB,B2
to bully,to bully,欺凌,VERB,B2
to bump,to bump,碰撞,VERB,B2
to bump push,to bump push,推/碰撞,VERB,B2
to burden (verb),to burden,词,VERB,B2
to burn food,to burn food,词,VERB,C1
to burnish,to burnish,擦亮,VERB,B2
to buy back,to buy back,赎回,VERB,B2
to buzz (verb),to buzz,词,VERB,C1
to bypass (verb),to bypass,词,VERB,C1
to cadge,to cadge,词,VERB,C1
to call back,to call back,词,VERB,B2
to call name,to call name,词,VERB,A2
to call out,to call out,词,VERB,C1
to call ring,to call ring,打电话,VERB,B2
to call to contact,to call to contact,词,VERB,A2
to camp,to camp,露营,VERB,B2
to caper,to caper,跳跃,VERB,B2
to care about,to care about,关心,VERB,A1
to carry on,to carry on,词,VERB,C1
to carve,to carve,雕刻,VERB,B2
to cash to take a blow,to cash to take a blow,词,VERB,C1
to cast (verb),to cast,词,VERB,B2
to castigate,to castigate,严厉批评,VERB,B2
to catalyze,to catalyze,催化,VERB,B2
to catch a cold,to catch a cold,感冒,VERB,A1
to catch cold,to catch cold,着凉,VERB,B1
to catch sight of,to catch sight of,瞥见,VERB,B2
to catch up with,to catch up with,词,VERB,B2
to cause death,to cause death,害死,VERB,C1
to censor,to censor,审查,VERB,B2
to center,to center,居中,VERB,B2
to centralize,to centralize,集中,VERB,B2
to chain to link together,to chain to link together,用链条锁住；连贯,VERB,B2
to chair (verb),to chair,词,VERB,C1
to change clothes,to change clothes,更衣,VERB,B1
to change trains,to change trains,词,VERB,A1
to characterize,to characterize,描绘,VERB,B2
to chastise,to chastise,严惩,VERB,B2
to chatter,to chatter,喋喋不休,VERB,B2
to cheer on,to cheer on,加油,VERB,B2
to chill,to chill,使冰冻,VERB,B2
to chirp,to chirp,啁啾,VERB,B2
to circle (verb),to circle,词,VERB,B2
to circumcise,to circumcise,割礼,VERB,B2
to clean out,to clean out,词,VERB,C1
to clear customs,to clear customs,词,VERB,C1
to clear land,to clear land,词,VERB,C1
to clear one's throat,to clear one's throat,词,VERB,C1
to climb a mountain,to climb a mountain,爬山,VERB,B2
to climb mountain,to climb mountain,上山,VERB,C1
to climb rise,to climb rise,词,VERB,C1
to clone (verb),to clone,词,VERB,C1
to close a deal,to close a deal,成交,VERB,C1
to close eyes,to close eyes,闭眼,VERB,B2
to coat (verb),to coat,词,VERB,C1
to color (verb),to color,着色,VERB,B2
to comb (verb),to comb,梳,VERB,B2
to come (aux),to come,就来,AUX,C1
to come down,to come down,下来,VERB,B2
to come forward,to come forward,前来,VERB,B2
to come loose,to come loose,松脱,VERB,B2
to come true,to come true,词,VERB,B2
to comment on,to comment on,词,VERB,C1
to commentate,to commentate,评论,VERB,B2
to commission,to commission,委托,VERB,B2
to commit fraud,to commit fraud,舞弊,VERB,B2
to commune,to commune,交融,VERB,B2
to commute,to commute,通勤,VERB,B2
to complete finish,to complete finish,词,VERB,B2
to compliment (verb),to compliment,词,VERB,C1
to compose (noun),to compose,合成,NOUN,B2
to compromise (verb),to compromise,妥协,VERB,B2
to computerize,to computerize,词,VERB,C1
to concede,to concede,承认,VERB,B2
to concern all,to concern all,凡事,VERB,B2
to conclude an agreement,to conclude an agreement,词,VERB,C1
to concoct,to concoct,编造,VERB,B2
to concretize,to concretize,词,VERB,C1
to conduct (verb),to conduct,指挥,VERB,B2
to confer,to confer,授予,VERB,B2
to confide,to confide,吐露,VERB,B2
to conform,to conform,符合,VERB,B2
to conjugate,to conjugate,变位,VERB,B2
to conjure away,to conjure away,词,VERB,B2
to conserve,to conserve,保存,VERB,B2
to consider think,to consider think,考虑/思考,VERB,B2
to constitutionalize,to constitutionalize,词,VERB,C1
to consult a reference,to consult a reference,参照,VERB,B2
to contest,to contest,质疑,VERB,B2
to contextualize,to contextualize,置于语境,VERB,B2
to cook fix,to cook fix,做/修理,VERB,B2
to cope,to cope,应付,VERB,B2
to corner (verb),to corner,词,VERB,C1
to correspond (! verb),to correspond,词,! VERB,C1
to cough (verb),to cough,咳嗽,VERB,B2
to counter (verb),to counter,抗辩,VERB,B2
to countersign,to countersign,副署,VERB,B2
to couple pair (verb),to couple pair,词,VERB,B2
to cover retreat,to cover retreat,断后,VERB,C1
to crack seeds,to crack seeds,嗑,VERB,B2
to crash into,to crash into,撞击,VERB,B2
to croak,to croak,呱呱叫,VERB,B2
to cross out,to cross out,词,VERB,C1
to cross-check,to cross-check,词,VERB,B2
to crossbreed,to crossbreed,杂交,VERB,B2
to crumple,to crumple,弄皱,VERB,B2
to cuddle,to cuddle,拥抱,VERB,B2
to curl,to curl,卷曲,VERB,B2
to curse (verb),to curse,词,VERB,B2
to cut robe,to cut robe,割袍,VERB,B2
to cut the ribbon,to cut the ribbon,剪彩,VERB,B2
to cut up,to cut up,词,VERB,C1
to dam up,to dam up,词,VERB,C1
to damn (verb),to damn,词,VERB,B2
to dampen,to dampen,使潮湿,VERB,B2
to dare to,to dare to,勇于,VERB,B2
to dawdle,to dawdle,闲逛,VERB,B2
to decentralize,to decentralize,去中心化,VERB,B2
to decide determine,to decide determine,决定/确定,VERB,B2
to decimate,to decimate,大量削减,VERB,B2
to declaim,to declaim,慷慨陈词,VERB,B2
to decouple,to decouple,分离,VERB,B2
to decry,to decry,谴责,VERB,B2
to default (verb),to default,拖欠,VERB,B2
to defect to the enemy,to defect to the enemy,投敌,VERB,B2
to defend oneself,to defend oneself,词,VERB,B2
to define,to define,定义,VERB,B2
to defray,to defray,支付,VERB,B2
to defrost,to defrost,除霜,VERB,B2
to defuse,to defuse,缓和,VERB,B2
to dejta,to dejta,约会,VERB,B2
to delay to take long,to delay to take long,词,VERB,C1
to delete to remove,to delete to remove,词,VERB,C1
to deliver to give as gift,to deliver to give as gift,送,VERB,B2
to deliver to issue,to deliver to issue,词,VERB,C1
to delude oneself,to delude oneself,词,VERB,B2
to demilitarize,to demilitarize,非军事化,VERB,B2
to demonize,to demonize,妖魔化,VERB,B2
to denominate,to denominate,命名,VERB,B2
to deploy unfold,to deploy unfold,词,VERB,C1
to deposit money,to deposit money,储蓄,VERB,B2
to deputize,to deputize,词,VERB,C1
to deregister,to deregister,注销,VERB,B2
to descend from,to descend from,起源于,VERB,B2
to destock,to destock,词,VERB,C1
to destroy (noun),to destroy,毁掉,NOUN,B2
to deviate,to deviate,偏离,VERB,B2
to dialyze,to dialyze,词,VERB,C1
to die for,to die for,死要,VERB,B2
to diet,to diet,减肥,VERB,B2
to differ,to differ,不同,VERB,B2
to digitalize,to digitalize,词,VERB,C1
to dimension (verb),to dimension,词,VERB,C1
to diminish,to diminish,减少,VERB,B2
to dirty to tarnish,to dirty to tarnish,弄脏,VERB,B2
to disappear to vanish,to disappear to vanish,词,VERB,A2
to disdain as beneath contempt,to disdain as beneath contempt,不屑一顾,VERB,B2
to disenchant,to disenchant,使清醒,VERB,B2
to disfavor,to disfavor,不利于,VERB,B2
to disgust (verb),to disgust,词,VERB,B2
to disjoin,to disjoin,分离,VERB,B2
to dislodge,to dislodge,逐出,VERB,B2
to dismiss fire,to dismiss fire,解雇,VERB,B2
to dismiss from office,to dismiss from office,词,VERB,C1
to disoblige,to disoblige,词,VERB,C1
to dispel,to dispel,消除,VERB,B2
to display to bring into play,to display to bring into play,发挥,VERB,B1
to disrupt,to disrupt,扰乱,VERB,B2
to disturb to alarm,to disturb to alarm,惊动,VERB,C1
to dither,to dither,犹豫不决,VERB,B2
to divulge,to divulge,泄露,VERB,B2
to do crafts,to do crafts,词,VERB,B1
to do hair,to do hair,词,VERB,C1
to do harm,to do harm,伤害,VERB,B2
to do justice to,to do justice to,词,VERB,C1
to do one's utmost,to do one's utmost,全力以赴,VERB,B2
to do sports,to do sports,运动,VERB,B2
to do what,to do what,干嘛,VERB,B2
to do wrong,to do wrong,词,VERB,B2
to donate blood,to donate blood,献血,VERB,B2
to dope (verb),to dope,词,VERB,B2
to drape,to drape,悬挂,VERB,B2
to drape over one's shoulders,to drape over one's shoulders,披,VERB,B1
to draw support from,to draw support from,借助,VERB,B2
to draw up,to draw up,起草,VERB,B2
to draw water,to draw water,打水,VERB,B2
to drink a toast,to drink a toast,干杯,VERB,B2
to drink binge,to drink binge,狂饮,VERB,B2
to drive herd,to drive herd,驱赶/推动,VERB,B2
to drive in to break down,to drive in to break down,词,VERB,C1
to drive lead,to drive lead,驾驶,VERB,B2
to drive there,to drive there,词,VERB,B2
to drop off,to drop off,放下,VERB,B2
to drown to sink,to drown to sink,词,VERB,A2
to dry clean,to dry clean,干洗,VERB,B2
to dry in the sun (aux),to dry in the sun,晒,AUX,B1
to dry in the sun (verb),to dry in the sun,晾晒,VERB,B2
to dry out,to dry out,词,VERB,C1
to dry up,to dry up,使干枯,VERB,B2
to duck (verb),to duck,词,VERB,C1
to dull (verb),to dull,词,VERB,C1
to dump,to dump,抛弃,VERB,B2
to dupe,to dupe,欺骗,VERB,B2
to dust (verb),to dust,词,VERB,C1
to dye,to dye,染色,VERB,B2
to each other (adv),to each other,词,ADV,C1
to earmark,to earmark,词,VERB,C1
to earn money,to earn money,挣钱,VERB,B2
to earnestly request,to earnestly request,恳请,VERB,B2
to eat animals,to eat animals,词,VERB,A2
to eavesdrop,to eavesdrop,偷听,VERB,B2
to edge (verb),to edge,词,VERB,C1
to elapse,to elapse,流逝,VERB,B2
to email,to email,发邮件,VERB,B2
to emasculate,to emasculate,使无力,VERB,B2
to emerge one after another,to emerge one after another,层出不穷,ADJ,C1
to emigrate,to emigrate,移居国外,VERB,B2
to empty,to empty,倒空,VERB,B2
to encore (verb),to encore,词,VERB,C1
to encroach,to encroach,侵蚀,VERB,B2
to engage in,to engage in,从事,VERB,B2
to engrave,to engrave,雕刻,VERB,B2
to enhance,to enhance,增强,VERB,B2
to enrol,to enrol,注册,VERB,B2
to entail strenuous effort,to entail strenuous effort,吃力,NOUN,B2
to enter into,to enter into,词,VERB,B2
to enter palace,to enter palace,进宫,VERB,B1
to enter to advance,to enter to advance,进,VERB,A1
to enthuse,to enthuse,使热情,VERB,B2
to equal (verb),to equal,无异,VERB,B2
to erect behave,to erect behave,建造,VERB,B2
to esteem,to esteem,推崇,VERB,B2
to ever (verb),to ever,何尝,VERB,B2
to exchange currency,to exchange currency,换汇,VERB,B2
to exchange to replace,to exchange to replace,词,VERB,A2
to execrate,to execrate,痛恨,VERB,B2
to exemplify,to exemplify,举例说明,VERB,B2
to exert effort,to exert effort,使劲儿,VERB,B1
to exist there is,to exist there is,存在/有,VERB,B2
to exit to go out,to exit to go out,出去,VERB,A2
to experiment,to experiment,实验,VERB,B2
to express sympathy,to express sympathy,慰问,VERB,C1
to externalize,to externalize,使外在化,VERB,B2
to extort a bribe,to extort a bribe,索贿,VERB,B2
to fake,to fake,伪造,VERB,B2
to fall behind,to fall behind,落后,VERB,B2
to fall crash,to fall crash,坠落/猛冲,VERB,B2
to fall down,to fall down,倒下,VERB,B2
to fall into,to fall into,陷入,VERB,B2
to fall to,to fall to,落到...身上,VERB,B2
to fart (verb),to fart,放屁,VERB,B2
to fasten,to fasten,系紧,VERB,B2
to fawn on,to fawn on,巴结,VERB,C1
to feel cold,to feel cold,寒,VERB,C1
to feel dizzy,to feel dizzy,词,VERB,A2
to feel relieved,to feel relieved,放心,VERB,B2
to feel sorry for,to feel sorry for,惋惜,VERB,B2
to feel to think,to feel to think,觉得,VERB,A1
to feel wronged,to feel wronged,委屈,VERB,B2
to feign,to feign,假装,VERB,B2
to fell,to fell,砍倒,VERB,B2
to ferret,to ferret,搜寻,VERB,B2
to festoon,to festoon,词,VERB,C1
to fight over to vie for,to fight over to vie for,争夺,VERB,B2
to file for record,to file for record,备案,VERB,B2
to fill in a blank,to fill in a blank,填空,VERB,A2
to film (verb),to film,拍摄,VERB,B2
to finalize,to finalize,完成,VERB,B2
to finally,to finally,你可算,VERB,B2
to finance to fund,to finance to fund,词,VERB,B1
to find employment,to find employment,就业,VERB,C1
to find medicine,to find medicine,找药,VERB,C1
to find oneself,to find oneself,处于,VERB,B2
to find you,to find you,找你,VERB,B2
to fine (verb),to fine,罚款,VERB,B2
to fit out to develop,to fit out to develop,词,VERB,C1
to fit suit,to fit suit,适合,VERB,B2
to fix to prepare,to fix to prepare,词,VERB,A2
to fix to set,to fix to set,词,VERB,B1
to flame,to flame,燃烧,VERB,B2
to flee escape,to flee escape,逃跑,VERB,B2
to flock,to flock,群集,VERB,B2
to flout,to flout,蔑视,VERB,B2
to flow in,to flow in,词,VERB,C1
to flush,to flush,冲洗,VERB,B2
to flush out,to flush out,词,VERB,B2
to foam (verb),to foam,词,VERB,B2
to foil (verb),to foil,词,VERB,C1
to fold back to withdraw,to fold back to withdraw,词,VERB,C1
to follow up,to follow up,追问,VERB,B2
to food give birth,to food give birth,食物/生育,VERB,B2
to for example,to for example,比如,VERB,B2
to form a coalition,to form a coalition,词,VERB,C1
to form to train,to form to train,词,VERB,B1
to fraction,to fraction,分割,VERB,B2
to freshen,to freshen,使清新,VERB,B2
to frolic,to frolic,嬉戏,VERB,B2
to fuck,to fuck,词,VERB,B2
to fuck off,to fuck off,词,VERB,C1
to function to work,to function to work,词,VERB,B1
to function work,to function work,运作/起作用,VERB,B2
to furlough,to furlough,临时解雇,VERB,B2
to fuse (verb),to fuse,融合,VERB,B2
to gape,to gape,目瞪口呆,VERB,B2
to gather herbs,to gather herbs,采药,VERB,C1
to gather to collect,to gather to collect,词,VERB,A2
to gather to meet,to gather to meet,词,VERB,A2
to generate engender,to generate engender,产生,VERB,B2
to generate to beget,to generate to beget,词,VERB,C1
to get a haircut,to get a haircut,理发,VERB,A2
to get acquire,to get acquire,获得/弄到,VERB,B2
to get angry annoyed,to get angry annoyed,恼火,ADJ,C1
to get better,to get better,词,VERB,A2
to get bored,to get bored,词,VERB,B1
to get by,to get by,过得去,VERB,B2
to get cheaper,to get cheaper,词,VERB,A2
to get engaged,to get engaged,词,VERB,B1
to get expensive,to get expensive,词,VERB,A2
to get into,to get into,陷入,VERB,B2
to get off,to get off,词,VERB,B2
to get on,to get on,词,VERB,B2
to get on a vehicle,to get on a vehicle,上车,VERB,B2
to get rich,to get rich,发财,VERB,B2
to get sick,to get sick,生病,VERB,A1
to get started,to get started,词,VERB,C1
to get stoned,to get stoned,词,VERB,C1
to get stuck,to get stuck,卡住,VERB,B2
to get tired,to get tired,疲劳,VERB,A2
to get to know,to get to know,词,VERB,B1
to giggle,to giggle,咯咯笑,VERB,B2
to give a discount,to give a discount,打折,VERB,A2
to give a gift,to give a gift,词,VERB,A2
to give a ride,to give a ride,载送一程,VERB,B2
to give birth,to give birth,分娩,VERB,B2
to give in,to give in,词,VERB,B2
to give oneself up,to give oneself up,投案,VERB,B2
to give or have an injection,to give or have an injection,打针,VERB,A2
to give rise to,to give rise to,引起,VERB,A2
to give up halfway,to give up halfway,半途而废,VERB,B2
to give you (verb),to give you,给你,VERB,B1
to glue (verb),to glue,词,VERB,C1
to go along,to go along,词,VERB,C1
to go back and forth,to go back and forth,往返,VERB,B1
to go blind,to go blind,失明,VERB,B2
to go down to descend,to go down to descend,词,VERB,A2
to go forward,to go forward,往后,VERB,B2
to go home,to go home,回家,VERB,B2
to go in a direction,to go in a direction,往,VERB,A2
to go on a business trip,to go on a business trip,出差,VERB,B2
to go on stage,to go on stage,上场,VERB,B2
to go there,to go there,词,VERB,B1
to go to bed,to go to bed,上床,VERB,B2
to go to school,to go to school,上学,VERB,B2
to go to work,to go to work,上班,VERB,A1
to go travel,to go travel,词,VERB,A1
to go up again,to go up again,词,VERB,B1
to go up in smoke,to go up in smoke,化为乌有,VERB,B2
to go up to climb,to go up to climb,词,VERB,A2
to go upstairs,to go upstairs,上楼,VERB,B2
to graspen,to graspen,抓住,VERB,B2
to gratinate,to gratinate,烤成焦皮,VERB,B2
to grill (verb),to grill,词,VERB,A2
to grow old,to grow old,词,VERB,A1
to growl,to growl,咆哮,VERB,B2
to gulp down,to gulp down,词,VERB,C1
to hail inspect,to hail inspect,盘查,VERB,B2
to hand in,to hand in,词,VERB,B2
to handle affairs,to handle affairs,办事,VERB,B2
to hang hook,to hang hook,悬挂/钩住,VERB,B2
to hang to suspend,to hang to suspend,悬挂,VERB,C1
to harbor,to harbor,怀有,VERB,B2
to harm you,to harm you,害你,VERB,B2
to hasten,to hasten,词,VERB,C1
to hatch bloom,to hatch bloom,词,VERB,B2
to have a fever,to have a fever,发烧,VERB,B2
to have an attack,to have an attack,发作,VERB,B2
to have at one's disposal,to have at one's disposal,拥有/处置,VERB,B2
to have had enough,to have had enough,受够了,VERB,B2
to have no choice,to have no choice,不得已,ADJ,B2
to have seen,to have seen,看过,VERB,B2
to have some,to have some,有些,VERB,B1
to have strength,to have strength,有力气,VERB,B2
to have summer vacation,to have summer vacation,放暑假,VERB,A2
to have supper,to have supper,词,VERB,C1
to head (verb),to head,词,VERB,B2
to head for,to head for,前往,VERB,B2
to hear of,to hear of,词,VERB,B1
to hear that,to hear that,听说,VERB,B2
to help out repair,to help out repair,词,VERB,B2
to hide to disappear,to hide to disappear,词,VERB,A2
to hoist,to hoist,词,VERB,C1
to hold a meeting,to hold a meeting,开会,VERB,B2
to hold a record,to hold a record,保持纪录,VERB,B2
to hold accountable,to hold accountable,问责,VERB,B2
to hold back,to hold back,憋,VERB,B2
to hold in the mouth,to hold in the mouth,叼,NOUN,B2
to hold keep,to hold keep,词,VERB,B2
to hold talks,to hold talks,词,VERB,C1
to hold up stop,to hold up stop,词,VERB,A2
to hollow out,to hollow out,词,VERB,C1
to hop,to hop,词,VERB,A1
to hope for,to hope for,盼望,VERB,B2
to house (verb),to house,词,VERB,B2
to huddle,to huddle,词,VERB,C1
to hunt down,to hunt down,追杀,VERB,B2
to hurry back,to hurry back,急回,VERB,C1
to hurt (adj),to hurt,疼,ADJ,A1
to hush,to hush,别吵,VERB,B2
to ignite,to ignite,词,VERB,B2
to ignite to inflame,to ignite to inflame,词,VERB,C1
to immunize,to immunize,免疫,VERB,B2
to imprint (verb),to imprint,词,VERB,C1
to incarcerate,to incarcerate,监禁,VERB,B2
to incentivize,to incentivize,词,VERB,C1
to indicate interpret,to indicate interpret,表明/解释,VERB,B2
to indict,to indict,控告,VERB,B2
to indignate,to indignate,词,VERB,C1
to indispose,to indispose,词,VERB,C1
to induce to lead to,to induce to lead to,词,VERB,C1
to industrialize,to industrialize,工业化,VERB,B2
to inflate to blow,to inflate to blow,词,VERB,A2
to inflict to impose,to inflict to impose,施加,VERB,B2
to inform to reach,to inform to reach,词,VERB,A2
to infuse,to infuse,泡制,VERB,B2
to innovate,to innovate,词,VERB,C1
to inoculate,to inoculate,词,VERB,C1
to input,to input,输入,VERB,B2
to insist to design,to insist to design,词,VERB,A2
to institutionalize,to institutionalize,制度化,VERB,C1
to instrumentalize,to instrumentalize,工具化,VERB,B2
to interact,to interact,词,VERB,C1
to interleave,to interleave,词,VERB,C1
to intermarry,to intermarry,联姻,VERB,B2
to internalize,to internalize,词,VERB,C1
to invalidate,to invalidate,证明无效,VERB,B2
to inventory,to inventory,盘点,VERB,B2
to investigate (noun),to investigate,追究,NOUN,C1
to invite to bless,to invite to bless,词,VERB,A2
to invoice,to invoice,开票,VERB,B2
to issue a fatwa,to issue a fatwa,词,VERB,C1
to issue exhibit,to issue exhibit,词,VERB,C1
to issue to publish,to issue to publish,发表,VERB,B1
to jeopardize to harm,to jeopardize to harm,危害,VERB,B1
to jest ironically,to jest ironically,词,VERB,C1
to join to adhere,to join to adhere,加入 / 附着,VERB,B2
to jostle,to jostle,词,VERB,C1
to jostle shove,to jostle shove,词,VERB,B2
to juggle,to juggle,词,VERB,C1
to keep confidential,to keep confidential,保密,VERB,B2
to keep pace with,to keep pace with,词,VERB,C1
to keep secret,to keep secret,隐瞒,VERB,B2
to keep silent,to keep silent,保持沉默,VERB,B2
to keep thinking about,to keep thinking about,惦记,VERB,C1
to kidnapped,to kidnapped,绑架,VERB,B2
to kill you,to kill you,杀你,VERB,B2
to knead,to knead,词,VERB,A1
to kneel,to kneel,词,VERB,B1
to knock to pound,to knock to pound,词,VERB,A2
to knot (verb),to knot,词,VERB,C1
to know a fact,to know a fact,词,VERB,A2
to know be acquainted,to know be acquainted,词,VERB,A2
to know feel,to know feel,认识/感觉,VERB,B2
to know nothing,to know nothing,一无所知,VERB,B2
to lack basis,to lack basis,无据,VERB,B2
to lament,to lament,哀叹,VERB,B2
to laugh smile,to laugh smile,笑,VERB,A1
to launder,to launder,洗钱,VERB,B2
to lay down,to lay down,放下,VERB,B2
to lay eggs,to lay eggs,词,VERB,C1
to lay off to dismiss,to lay off to dismiss,词,VERB,C1
to lay put,to lay put,放,VERB,B2
to lead to put forward,to lead to put forward,率领 / 提出,VERB,B2
to lead to succeed,to lead to succeed,词,VERB,B2
to lean against,to lean against,词,VERB,B2
to leap (verb),to leap,跨越,VERB,B2
to leave stick,to leave stick,离开/刺,VERB,B2
to leave to,to leave to,词,VERB,B2
to leave to abandon,to leave to abandon,词,VERB,A2
to legislate,to legislate,词,VERB,C1
to lend to borrow,to lend to borrow,词,VERB,A2
to lengthen,to lengthen,延长,VERB,B2
to let (aux),to let,让你,AUX,B2
to let alone (verb),to let alone,更何况,VERB,B2
to let in,to let in,词,VERB,C1
to let out,to let out,词,VERB,B1
to let to allow,to let to allow,让,VERB,B2
to levy,to levy,征收,VERB,C1
to license,to license,许可,VERB,B2
to lie in,to lie in,在于,VERB,B2
to lie tell untruth,to lie tell untruth,词,VERB,A2
to lie to,to lie to,词,VERB,B2
to light,to light,照亮,VERB,B2
to light a fire,to light a fire,生火,VERB,B2
to light ignite,to light ignite,点燃,VERB,B2
to like (aux),to like,词,AUX,A2
to linger,to linger,徘徊,VERB,B2
to linkage,to linkage,联动,VERB,B2
to listen to,to listen to,词,VERB,B2
to litigate,to litigate,词,VERB,C1
to live in,to live in,词,VERB,C1
to live on,to live on,词,VERB,C1
to load charge,to load charge,装载,VERB,B2
to loathe,to loathe,厌恶,VERB,B2
to localize,to localize,本地化,VERB,B2
to lock conclude,to lock conclude,词,VERB,B2
to lock in,to lock in,词,VERB,B2
to lodge,to lodge,借宿,VERB,B2
to lodge an appeal,to lodge an appeal,提出上诉,VERB,B2
to log in,to log in,登录,VERB,B2
to loiter,to loiter,词,VERB,C1
to long,to long,渴望,VERB,B2
to look forward to,to look forward to,期待,VERB,B1
to look in all directions idiom,to look in all directions idiom,东张西望,VERB,B2
to look like,to look like,词,VERB,A2
to look quickly,to look quickly,快看,VERB,C1
to look to see to read,to look to see to read,看,VERB,A1
to loot (verb),to loot,词,VERB,C1
to lose bid,to lose bid,落标,VERB,B2
to lose one's job,to lose one's job,失业,VERB,B2
to lose one's temper,to lose one's temper,发火,VERB,B2
to lose one's way,to lose one's way,迷路,VERB,B2
to love dearly,to love dearly,心疼,VERB,B2
to lower,to lower,降低,VERB,B2
to lug,to lug,搬运,VERB,B2
to lull a baby,to lull a baby,哄婴儿,VERB,B1
to lure (verb),to lure,词,VERB,B2
to lurk,to lurk,词,VERB,B2
to magnetize,to magnetize,词,VERB,C1
to maim,to maim,词,VERB,C1
to make a decision,to make a decision,做主,VERB,B2
to make a fool of oneself,to make a fool of oneself,出洋相,VERB,B2
to make a phone call,to make a phone call,打电话,VERB,A1
to make bland,to make bland,使乏味,VERB,B2
to make excuses,to make excuses,词,VERB,B2
to make explicit,to make explicit,词,VERB,B2
to make fail,to make fail,词,VERB,C1
to make heavier,to make heavier,加重,VERB,B2
to make lasting,to make lasting,词,VERB,B2
to make one's way,to make one's way,词,VERB,B2
to make out,to make out,接吻,VERB,B2
to make peace,to make peace,和亲,VERB,A2
to make persistent efforts,to make persistent efforts,再接再厉,VERB,B2
to make resemble,to make resemble,弄得像,NOUN,C1
to make sense,to make sense,讲得通,VERB,B2
to make stupid,to make stupid,使愚蠢,VERB,B2
to make up for substitute,to make up for substitute,弥补/替代,VERB,B2
to maltreat,to maltreat,虐待,VERB,B2
to mandate (verb),to mandate,词,VERB,B2
to maneuver (verb),to maneuver,词,VERB,C1
to manifest,to manifest,表明,VERB,B2
to map out,to map out,摸清,VERB,B2
to marginalize,to marginalize,使边缘化,VERB,B2
to mark out,to mark out,标示,VERB,B2
to marry (noun),to marry,出阁,NOUN,C1
to marry a woman,to marry a woman,娶,VERB,B1
to marry daughter,to marry daughter,嫁闺,NOUN,C1
to mash (verb),to mash,词,VERB,A2
to massacre (verb),to massacre,词,VERB,C1
to mast,to mast,降伏,VERB,B2
to mature (verb),to mature,词,VERB,B2
to maximize,to maximize,词,VERB,C1
to mean entail,to mean entail,意味着,VERB,B2
to mean to head to,to mean to head to,词,VERB,A2
to mean to think,to mean to think,词,VERB,C1
to meant,to meant,意思是,VERB,B2
to medicalize,to medicalize,词,VERB,C1
to meditate,to meditate,沉思,VERB,B2
to memorize,to memorize,词,VERB,A2
to mention to remember,to mention to remember,词,VERB,A2
to mess about,to mess about,胡搞,VERB,B2
to mess around,to mess around,胡闹,VERB,B2
to militarize,to militarize,词,VERB,C1
to mime (verb),to mime,词,VERB,C1
to mince,to mince,词,VERB,B1
to minimize,to minimize,最小化,VERB,B2
to mirror,to mirror,反映,VERB,B2
to missed,to missed,错过,VERB,B2
to mix in,to mix in,词,VERB,B2
to mix together disparate substances,to mix together disparate substances,夹杂,VERB,B2
to mix up,to mix up,词,VERB,C1
to model (verb),to model,词,VERB,C1
to modernize,to modernize,词,VERB,C1
to modulate,to modulate,调节,VERB,B2
to monitor (verb),to monitor,监察,VERB,B2
to moon (verb),to moon,词,VERB,A2
to mop (verb),to mop,词,VERB,A2
to mop to rinse,to mop to rinse,词,VERB,A2
to motivate,to motivate,激励,VERB,B2
to mourn,to mourn,哀悼,VERB,B2
to move forward,to move forward,词,VERB,A2
to move house,to move house,搬家,VERB,B2
to move on,to move on,词,VERB,C1
to move out,to move out,搬出,VERB,B2
to move sb emotionally,to move sb emotionally,感动,VERB,B2
to move to pity,to move to pity,使怜悯,VERB,B2
to move touch,to move touch,使感动,VERB,B2
to mug (verb),to mug,词,VERB,C1
to multiply tenfold,to multiply tenfold,增至十倍,VERB,B2
to mumble,to mumble,词,VERB,C1
to mystify,to mystify,神秘化,VERB,B2
to navigate,to navigate,导航；航行,VERB,B2
to nearly succeed,to nearly succeed,垂成,VERB,B2
to need (aux),to need,还要,AUX,B2
to need must,to need must,词,VERB,A2
to neutralize,to neutralize,中和,VERB,B2
to not abandon,to not abandon,别丢下,VERB,B2
to not cry,to not cry,别哭,VERB,B2
to not fear,to not fear,别怕,VERB,B2
to not look,to not look,别看,VERB,C1
to not lose,to not lose,别丢,VERB,B2
to not run,to not run,别跑,VERB,B2
to not seen,to not seen,不见,VERB,B2
to not sleep,to not sleep,睡不,VERB,B2
to nourish,to nourish,词,VERB,C1
to nuance,to nuance,使具有细微差别,VERB,B2
to number (verb),to number,词,VERB,C1
to object,to object,反对,VERB,B2
to objectify,to objectify,客观化,VERB,B2
to oblige,to oblige,强迫,VERB,B2
to obscure (verb),to obscure,词,VERB,B2
to observe to watch,to observe to watch,词,VERB,B1
to obtain issuance,to obtain issuance,词,VERB,C1
to occupy oneself,to occupy oneself,从事,VERB,B2
to occur to,to occur to,词,VERB,B2
to ogle,to ogle,窥视,VERB,B2
to open one's eyes,to open one's eyes,睁,VERB,B1
to operate manually,to operate manually,手动,VERB,C1
to operationalize,to operationalize,词,VERB,C1
to opt to choose,to opt to choose,词,VERB,C1
to orient,to orient,定向,VERB,B2
to orient to guide,to orient to guide,词,VERB,C1
to ostracize,to ostracize,排斥,VERB,B2
to outdistance,to outdistance,词,VERB,C1
to overestimate,to overestimate,词,VERB,C1
to overlook,to overlook,忽视,VERB,B2
to oversleep,to oversleep,睡过头,VERB,B2
to pace back and forth,to pace back and forth,徘徊,VERB,C1
to paint over,to paint over,重新粉刷,VERB,B2
to pamper,to pamper,纵容,VERB,B2
to panic (verb),to panic,词,VERB,C1
to party,to party,狂欢,VERB,B2
to pass an exam,to pass an exam,及格,VERB,B1
to pass through,to pass through,通,VERB,B2
to pass time,to pass time,度过,VERB,B1
to paste (verb),to paste,粘贴,VERB,B1
to patch (verb),to patch,词,VERB,A2
to patrol,to patrol,巡逻,VERB,B2
to pauperize,to pauperize,使贫困,VERB,B2
to pause (verb),to pause,……,VERB,B2
to pay attention to,to pay attention to,关注,VERB,B2
to pay off,to pay off,清偿,VERB,B2
to pay out,to pay out,词,VERB,C1
to pay the bill,to pay the bill,买单,VERB,C1
to pay tribute,to pay tribute,致敬,VERB,B2
to peddle,to peddle,词,VERB,C1
to pension off,to pension off,词,VERB,C1
to perceive,to perceive,察觉,VERB,B2
to perfect,to perfect,精修,VERB,B2
to perform umrah,to perform umrah,词,VERB,C1
to perfume (verb),to perfume,词,VERB,B1
to permeate,to permeate,弥漫,VERB,C1
to perpetuate,to perpetuate,使永存,VERB,B2
to persecute,to persecute,迫害,VERB,B2
to persevere,to persevere,坚持,VERB,B2
to persevere with,to persevere with,坚持,VERB,A2
to persist,to persist,坚持,VERB,B2
to personify,to personify,词,VERB,C1
to pick out,to pick out,挑选,VERB,B2
to pierce,to pierce,词,VERB,B2
to pioneer,to pioneer,首创,VERB,B2
to pipe (verb),to pipe,词,VERB,A2
to place put,to place put,放置,VERB,B2
to plagiarize,to plagiarize,剽窃,VERB,B2
to plane,to plane,刨,VERB,B2
to plant trees,to plant trees,植树,VERB,B2
to play a joke,to play a joke,开玩笑,VERB,A2
to play along,to play along,配合,VERB,B2
to play down,to play down,淡化,VERB,B2
to play football,to play football,踢足球,VERB,B2
to play sports,to play sports,做运动,VERB,B2
to plead guilty,to plead guilty,认罪,VERB,C1
to pledge mutually,to pledge mutually,词,VERB,C1
to pluck,to pluck,词,VERB,C1
to pluck a string,to pluck a string,弹,VERB,A2
to point to clock in,to point to clock in,指 / 打卡,VERB,B2
to polarize,to polarize,使两极分化,VERB,B2
to pole (verb),to pole,词,VERB,C1
to polemicize,to polemicize,词,VERB,C1
to portend,to portend,词,VERB,B2
to position,to position,定位 / 安置,VERB,B2
to post,to post,张贴,VERB,B2
to postpone to carry over,to postpone to carry over,推迟,VERB,B2
to postulate,to postulate,假定,VERB,B2
to pour out,to pour out,倾诉,VERB,B2
to practice fraud,to practice fraud,作弊,VERB,B2
to practice sword,to practice sword,练剑,VERB,B2
to praise lavishly,to praise lavishly,大肆吹捧,VERB,B2
to prejudge,to prejudge,词,VERB,B2
to preserve to protect,to preserve to protect,词,VERB,C1
to preside,to preside,主持,VERB,B2
to pressurize,to pressurize,逼迫,VERB,B2
to presuppose,to presuppose,词,VERB,B2
to prick,to prick,扎,VERB,B2
to prioritize,to prioritize,优先考虑,VERB,B2
to privatize,to privatize,私有化,VERB,B2
to proceed in an orderly way,to proceed in an orderly way,循序渐进,VERB,C1
to profile (verb),to profile,词,VERB,C1
to program,to program,编程,VERB,B2
to project,to project,投射,VERB,B2
to propagate,to propagate,传播,VERB,B2
to prosecute,to prosecute,起诉,VERB,B2
to prosper,to prosper,繁荣,VERB,B2
to protect oneself,to protect oneself,自保,VERB,C1
to protect to defend,to protect to defend,词,VERB,A2
to provide to supply,to provide to supply,词,VERB,B1
to publicize,to publicize,宣传,VERB,B1
to publish edit,to publish edit,词,VERB,B2
to publish to spread to hang laundry,to publish to spread to hang laundry,词,VERB,A2
to pucker,to pucker,噘,VERB,B2
to pull through,to pull through,词,VERB,B2
to pump (verb),to pump,词,VERB,C1
to puncture deflate,to puncture deflate,刺破,VERB,B2
to purge,to purge,清除,VERB,B2
to purify certify,to purify certify,词,VERB,C1
to pursue to continue,to pursue to continue,词,VERB,B1
to push back,to push back,词,VERB,B2
to push through,to push through,推动,VERB,B2
to push to grow,to push to grow,推/生长,VERB,B2
to put away,to put away,收拾,VERB,B2
to put back,to put back,放回,VERB,B2
to put back to reposition,to put back to reposition,放回 / 重新定位,VERB,B2
to put on makeup,to put on makeup,化妆,VERB,B2
to put set,to put set,放置,VERB,B2
to put standing,to put standing,词,VERB,A2
to put to bed,to put to bed,词,VERB,A1
to put to sleep,to put to sleep,词,VERB,B2
to puzzle (verb),to puzzle,迷惑,VERB,B2
to quarrel (verb),to quarrel,吵,VERB,B2
to question officially,to question officially,词,VERB,C1
to queue,to queue,排队,VERB,B2
to quit smoking,to quit smoking,戒烟,VERB,B1
to quiver,to quiver,颤抖,VERB,B2
to race (verb),to race,词,VERB,B1
to race down,to race down,词,VERB,C1
to raise a child,to raise a child,抚养孩子,VERB,B1
to raise awareness,to raise awareness,提高意识,VERB,B2
to raise bring up,to raise bring up,抚养,VERB,B2
to raise funds,to raise funds,筹资,VERB,B2
to raise seedlings,to raise seedlings,育苗,VERB,B2
to rally,to rally,团结,VERB,B2
to ram (verb),to ram,词,VERB,C1
to rape (verb),to rape,词,VERB,B2
to ratify,to ratify,批准,VERB,B2
to ratify to approve,to ratify to approve,词,VERB,C1
to rationalize,to rationalize,合理化,VERB,B2
to reach out,to reach out,伸出,VERB,B2
to react reaction,to react reaction,反应,VERB,B1
to read aloud,to read aloud,词,VERB,B2
to read to be,to read to be,词,VERB,B1
to rebel (verb),to rebel,造反,VERB,B2
to receive a bonus,to receive a bonus,分红,VERB,B2
to receive payment,to receive payment,词,VERB,B1
to recharge,to recharge,充电,VERB,B2
to recommend for admission,to recommend for admission,保送,VERB,B2
to reconquer,to reconquer,词,VERB,C1
to record save,to record save,词,VERB,B2
to record sound,to record sound,录音,VERB,B2
to recover to retrieve,to recover to retrieve,词,VERB,A2
to recover to wake up,to recover to wake up,词,VERB,A2
to recreate,to recreate,重建,VERB,B2
to rediscover,to rediscover,重新发现,VERB,B2
to redo,to redo,词,VERB,B1
to reduce sentence,to reduce sentence,减刑,VERB,B2
to reelect,to reelect,词,VERB,C1
to reflect deeply,to reflect deeply,词,VERB,B2
to reflect on,to reflect on,思考,VERB,B2
to refresh,to refresh,使恢复精神,VERB,B2
to refuel,to refuel,加油,VERB,B2
to regain,to regain,恢复,VERB,B2
to regionalize,to regionalize,区域化,VERB,B2
to register one's name,to register one's name,登记,VERB,B1
to register to record,to register to record,词,VERB,A2
to regret apologize,to regret apologize,遗憾/道歉,VERB,B2
to rehabilitate,to rehabilitate,使康复,VERB,B2
to reign (verb),to reign,词,VERB,B2
to rein in,to rein in,词,VERB,C1
to reinstate,to reinstate,恢复,VERB,B1
to reinvent,to reinvent,词,VERB,C1
to relate,to relate,联系,VERB,B2
to relate to,to relate to,有关,VERB,C1
to relativize,to relativize,词,VERB,C1
to relaunch,to relaunch,重启,VERB,B2
to relay,to relay,转达,VERB,B2
to release let go,to release let go,释放/放手,VERB,B2
to release me,to release me,放我,VERB,B2
to remain to stay,to remain to stay,词,VERB,A2
to remediate,to remediate,整治,VERB,B2
to remove makeup,to remove makeup,词,VERB,C1
to remove to pull out,to remove to pull out,词,VERB,A2
to remunerate,to remunerate,词,VERB,C1
to renounce to disown,to renounce to disown,否认 / 抛弃,VERB,B2
to renovate,to renovate,翻新,VERB,B2
to rent out,to rent out,出租,VERB,B2
to reoffend,to reoffend,重犯,VERB,B2
to reopen,to reopen,重新开放,VERB,B2
to repeat a grade,to repeat a grade,留级,VERB,B2
to repel,to repel,击退,VERB,B2
to replace you,to replace you,替你,VERB,C1
to replicate,to replicate,复制,VERB,B2
to report to authorities,to report to authorities,举报,VERB,B2
to reproach,to reproach,责备,VERB,B2
to reproduce,to reproduce,繁殖,VERB,B2
to request leave,to request leave,请假,VERB,A2
to research (verb),to research,词,VERB,B2
to resell,to resell,转售,VERB,B2
to resemble (adj),to resemble,相似,ADJ,B1
to resonate,to resonate,共鸣,VERB,B2
to respect and love,to respect and love,敬爱,VERB,B1
to respond to a lawsuit,to respond to a lawsuit,应诉,VERB,B2
to restructure,to restructure,词,VERB,C1
to result,to result,产生,VERB,B2
to resume studies,to resume studies,复学,VERB,B2
to resurrect,to resurrect,复活,VERB,B2
to resurrect to revive,to resurrect to revive,词,VERB,C1
to retort,to retort,反驳,VERB,B2
to retrace,to retrace,追溯,VERB,B2
to retreat (verb),to retreat,后退,VERB,B2
to return a car,to return a car,送车,VERB,B2
to return home,to return home,词,VERB,B1
to return something,to return something,词,VERB,A2
to return to restore,to return to restore,词,VERB,C1
to revalue,to revalue,重新估值,VERB,B2
to reverse,to reverse,反转,VERB,B2
to revitalize,to revitalize,使复苏,VERB,B2
to revolutionize,to revolutionize,革命化,VERB,B2
to revolve around,to revolve around,围绕,VERB,B2
to rewrite,to rewrite,词,VERB,C1
to ride along,to ride along,词,VERB,B1
to ridicule (verb),to ridicule,词,VERB,C1
to roar with laughter,to roar with laughter,哄,VERB,B2
to rock (verb),to rock,词,VERB,C1
to roll up,to roll up,卷,VERB,B1
to roll up sleeves,to roll up sleeves,词,VERB,B1
to root out,to root out,词,VERB,C1
to rot,to rot,腐烂,VERB,B2
to rotate,to rotate,轮,VERB,C1
to round (verb),to round,词,VERB,A2
to rule out,to rule out,词,VERB,C1
to run about,to run about,乱跑,VERB,C1
to run away,to run away,逃跑,VERB,B2
to sabotage,to sabotage,破坏,VERB,B2
to safeguard,to safeguard,保障,VERB,B2
to sanction,to sanction,认可,VERB,B2
to sanction to punish,to sanction to punish,词,VERB,C1
to saturate,to saturate,使饱和,VERB,B2
to save seeds,to save seeds,留种,VERB,B2
to save you,to save you,救你,VERB,B1
to savor,to savor,品味,VERB,B2
to saw,to saw,锯,VERB,B2
to scan,to scan,扫描,VERB,B2
to scare away,to scare away,惊飞,VERB,B2
to scent,to scent,词,VERB,B2
to schematize,to schematize,词,VERB,C1
to scheme (verb),to scheme,词,VERB,C1
to score (verb),to score,词,VERB,B2
to scout,to scout,侦察,VERB,B2
to scram,to scram,词,VERB,B2
to scrape,to scrape,词,VERB,B2
to scratch to rub,to scratch to rub,词,VERB,A2
to screw,to screw,拧,VERB,B2
to scrimp,to scrimp,词,VERB,C1
to sculpt,to sculpt,词,VERB,C1
to search apply,to search apply,寻找/申请,VERB,B2
to second (verb),to second,词,VERB,C1
to secrete,to secrete,分泌,VERB,B2
to secularize,to secularize,词,VERB,C1
to see emperor,to see emperor,面圣,VERB,C1
to seek clarification,to seek clarification,词,VERB,B2
to seek death,to seek death,求死,VERB,C1
to seek peace,to seek peace,主和,VERB,B2
to seek you,to seek you,寻你,VERB,B2
to seep,to seep,词,VERB,B2
to segment,to segment,细分,VERB,B2
to sell dispose,to sell dispose,词,VERB,B2
to sell foreign exchange,to sell foreign exchange,售汇,VERB,B2
to send (noun),to send,送去,NOUN,C1
to send back,to send back,传回,VERB,B2
to send mail,to send mail,寄件,VERB,B2
to send out,to send out,发出,VERB,B2
to sensitize,to sensitize,提高意识,VERB,B2
to separate divorce,to separate divorce,分离/离婚,VERB,B2
to sequester,to sequester,隔离,VERB,B2
to serve a route,to serve a route,为...提供交通服务,VERB,B2
to serve as,to serve as,充当,VERB,B2
to set off again,to set off again,词,VERB,B2
to set out,to set out,上路,VERB,B2
to set out on a journey,to set out on a journey,启程,VERB,B2
to set rates,to set rates,定价,VERB,B2
to settle up,to settle up,结账,VERB,B2
to sever ties,to sever ties,断义,VERB,C1
to sew again,to sew again,词,VERB,B1
to sew in,to sew in,词,VERB,C1
to sexualize,to sexualize,词,VERB,C1
to shade,to shade,词,VERB,C1
to share divide,to share divide,分享,VERB,B2
to sharpen,to sharpen,磨快,VERB,B2
to shed tears,to shed tears,流泪,VERB,A2
to shelter house,to shelter house,词,VERB,B2
to shield (verb),to shield,包庇,VERB,B2
to shiver (verb),to shiver,词,VERB,B1
to shoot dead,to shoot dead,击毙,VERB,B2
to shoot through,to shoot through,射穿,VERB,C1
to shop be about,to shop be about,购物,VERB,B2
to shop for groceries,to shop for groceries,词,VERB,A2
to show partiality,to show partiality,偏袒,VERB,C1
to shunt,to shunt,分流,VERB,B2
to shut up,to shut up,闭嘴,VERB,B2
to sicken,to sicken,词,VERB,C1
to sigh (verb),to sigh,词,VERB,B2
to sightsee,to sightsee,游览,VERB,B2
to sign up,to sign up,报名,VERB,A2
to signal (verb),to signal,暗讯,VERB,B2
to simmer,to simmer,词,VERB,B1
to simper,to simper,词,VERB,C1
to simulate,to simulate,模拟,VERB,B2
to sip (verb),to sip,词,VERB,B2
to sit (noun),to sit,坐坐,NOUN,C1
to situate,to situate,定位,VERB,B2
to skim,to skim,轻触,VERB,B2
to skip,to skip,跳过,VERB,B2
to slam to snap,to slam to snap,词,VERB,C1
to slash,to slash,猛砍,VERB,B2
to slaughter (verb),to slaughter,宰,VERB,B2
to slaughter shoot down,to slaughter shoot down,屠宰/击落,VERB,B2
to slay,to slay,词,VERB,C1
to slice (verb),to slice,词,VERB,C1
to slight (verb),to slight,怠慢,VERB,B2
to slope down,to slope down,词,VERB,B2
to smooth (verb),to smooth,抚平,VERB,B2
to snack (verb),to snack,词,VERB,C1
to snack eat sweets,to snack eat sweets,词,VERB,A1
to sneak away,to sneak away,溜走,VERB,B2
to snow,to snow,下雪,VERB,B2
to soften,to soften,使灵活,VERB,B2
to solder,to solder,焊接,VERB,B2
to solidify,to solidify,凝固,VERB,B2
to someone's face,to someone's face,当面,ADV,C1
to sort out,to sort out,词,VERB,B2
to spam,to spam,发垃圾信息,VERB,B2
to spatter,to spatter,血溅,VERB,C1
to specialize,to specialize,专攻,VERB,B2
to spectacularize,to spectacularize,词,VERB,C1
to spell,to spell,拼写,VERB,B2
to spend time,to spend time,词,VERB,A2
to spend time to judge to fulfill,to spend time to judge to fulfill,词,VERB,B1
to spend to exchange,to spend to exchange,词,VERB,A2
to spout,to spout,喷射,VERB,B2
to spray,to spray,喷洒,VERB,B2
to spread to make a bed,to spread to make a bed,词,VERB,A2
to spy on,to spy on,词,VERB,C1
to squeak,to squeak,吱吱叫,VERB,B2
to stamp (verb),to stamp,词,VERB,B2
to stand by,to stand by,词,VERB,B2
to stand out to differentiate,to stand out to differentiate,词,VERB,C1
to stare blankly,to stare blankly,发呆,VERB,B2
to start a business,to start a business,创业,VERB,B2
to start again,to start again,重新开始,VERB,B2
to statistics,to statistics,统计,VERB,B2
to stay awake,to stay awake,守夜,VERB,B2
to stay here,to stay here,留在这里,VERB,B2
to stay overnight,to stay overnight,词,VERB,B2
to steal away,to steal away,偷走,VERB,B2
to steal sword,to steal sword,偷剑,NOUN,B2
to steam (verb),to steam,蒸煮,VERB,B2
to steep (verb),to steep,词,VERB,C1
to steer control,to steer control,控制,VERB,B2
to stem,to stem,起源于,VERB,B2
to stem from,to stem from,源于,VERB,B2
to step down,to step down,辞职,VERB,B2
to step in,to step in,介入,VERB,B2
to step on,to step on,踩,VERB,B2
to stick out,to stick out,伸出,VERB,B2
to stifle smother,to stifle smother,词,VERB,B2
to stint,to stint,吝啬,VERB,B2
to stir up trouble,to stir up trouble,惹祸,VERB,C1
to stitch,to stitch,缝,VERB,B2
to stock up,to stock up,进货,VERB,B2
to stone (verb),to stone,词,VERB,C1
to stop down,to stop down,词,VERB,C1
to straighten up,to straighten up,词,VERB,B2
to stride (verb),to stride,词,VERB,B2
to strike to offend,to strike to offend,撞击 / 冒犯,VERB,B2
to string together,to string together,串,VERB,B2
to strip,to strip,裸露,VERB,B2
to strip bare,to strip bare,洗劫,VERB,B2
to strive for,to strive for,争取,VERB,B2
to study abroad,to study abroad,留学,VERB,A2
to study at university,to study at university,词,VERB,A2
to study deeply,to study deeply,钻研,VERB,B2
to study jointly,to study jointly,共同研究,VERB,C1
to study to learn,to study to learn,学习,VERB,B2
to stun,to stun,词,VERB,C1
to stutter,to stutter,词,VERB,B2
to subject (verb),to subject,词,VERB,C1
to sublimate,to sublimate,升华,VERB,B2
to subordinate,to subordinate,从属,VERB,B2
to suborn,to suborn,教唆,VERB,B2
to subsidize,to subsidize,资助,VERB,B2
to subsist,to subsist,存在,VERB,B2
to substantiate,to substantiate,证实,VERB,B2
to subtract,to subtract,词,VERB,C1
to succeed to pass,to succeed to pass,词,VERB,A2
to such an extent as to,to such an extent as to,以致,SCONJ,B2
to suck up,to suck up,词,VERB,C1
to suddenly realize,to suddenly realize,恍然大悟,VERB,C1
to suffer losses,to suffer losses,吃亏,VERB,B2
to suffice to reach,to suffice to reach,词,VERB,B1
to suit agree,to suit agree,词,VERB,B2
to sum up,to sum up,总括,VERB,B2
to sunbathe,to sunbathe,词,VERB,B2
to supplement (verb),to supplement,补充,VERB,B2
to support with the hand,to support with the hand,扶,VERB,B2
to surf,to surf,词,VERB,C1
to surge (verb),to surge,词,VERB,B2
to survey (verb),to survey,调研,VERB,B2
to sustain injuries,to sustain injuries,受伤,VERB,B1
to suture (verb),to suture,缝合,VERB,B2
to swallow up,to swallow up,词,VERB,B2
to swarm,to swarm,分群,VERB,B2
to sway hips,to sway hips,词,VERB,C1
to swear an oath,to swear an oath,宣誓,VERB,C1
to swipe,to swipe,词,VERB,C1
to switch,to switch,切换,VERB,B2
to switch off,to switch off,关掉,VERB,B2
to switch on,to switch on,开启,VERB,B2
to synchronize,to synchronize,词,VERB,C1
to tack,to tack,词,VERB,C1
to tackle approach,to tackle approach,词,VERB,B2
to tag (verb),to tag,词,VERB,C1
to taint,to taint,玷污,VERB,B2
to take a bath,to take a bath,洗澡,VERB,A1
to take a shower,to take a shower,词,VERB,A2
to take a walk,to take a walk,散步,VERB,A2
to take action,to take action,出手,VERB,B2
to take amiss,to take amiss,词,VERB,C1
to take back,to take back,拿回,VERB,B2
to take bribes,to take bribes,词,VERB,C1
to take care of oneself,to take care of oneself,保重,VERB,B2
to take charge of,to take charge of,主持,VERB,B1
to take drugs,to take drugs,吸毒,VERB,B2
to take leave,to take leave,告辞,VERB,B2
to take minutes,to take minutes,记录,VERB,B2
to take off to remove,to take off to remove,词,VERB,A2
to take on,to take on,词,VERB,C1
to take one's time,to take one's time,词,VERB,B2
to take precautions,to take precautions,戒备,NOUN,C1
to take risks,to take risks,冒险,VERB,B1
to talk (verb),to talk,谈,VERB,B2
to talk chat,to talk chat,聊天/谈论,VERB,B2
to tap to type,to tap to type,词,VERB,C1
to target (verb),to target,针对,VERB,B2
to task (verb),to task,词,VERB,C1
to tax to accuse of,to tax to accuse of,词,VERB,C1
to tax to burden,to tax to burden,征税,VERB,B2
to tear down,to tear down,拆除,VERB,B2
to technologize,to technologize,技术化,VERB,B2
to telework,to telework,远程办公,VERB,B2
to tell to narrate,to tell to narrate,词,VERB,A2
to tense (verb),to tense,词,VERB,B2
to text,to text,发短信,VERB,B2
to theatricalize,to theatricalize,戏剧化,VERB,B2
to think back over sth,to think back over sth,反思,VERB,B2
to think it over,to think it over,思考,VERB,B2
to think of,to think of,想到,VERB,C1
to think opine,to think opine,认为,VERB,B2
to think up every possible method idiom to devise ways and means,to think up every possible method idiom to devise ways and means,想方设法,VERB,C1
to this (adv),to this,对此,ADV,C1
to thresh,to thresh,脱粒,VERB,B2
to thrive,to thrive,茁壮成长,VERB,B2
to throw in,to throw in,词,VERB,B2
to throw oneself at,to throw oneself at,词,VERB,C1
to thrown,to thrown,扔,VERB,B2
to tidy,to tidy,整理,VERB,B2
to tinker,to tinker,词,VERB,B1
to tip,to tip,透露,VERB,B2
to tip over,to tip over,翻倒,VERB,B2
to tire get tired,to tire get tired,疲倦/厌烦,VERB,B2
to title,to title,命名,VERB,B2
to title to be titled,to title to be titled,词,VERB,B1
to toil (verb),to toil,词,VERB,C1
to topple,to topple,词,VERB,C1
to torture (verb),to torture,拷问,VERB,B2
to total (verb),to total,共计,VERB,B2
to totalize,to totalize,词,VERB,C1
to tow,to tow,词,VERB,C1
to trace,to trace,描绘；标出,VERB,B2
to track (verb),to track,追踪,VERB,B2
to train exercise,to train exercise,训练/锻炼,VERB,B2
to transcribe,to transcribe,转录,VERB,B2
to transfer (verb),to transfer,转移,VERB,B2
to transfer schools,to transfer schools,转学,VERB,B2
to transgress,to transgress,违背,VERB,B2
to trap (verb),to trap,词,VERB,C1
to trap fell,to trap fell,困住/砍倒,VERB,B2
to traumatize,to traumatize,词,VERB,C1
to travel far,to travel far,千里迢迢,VERB,C1
to travel trip,to travel trip,旅游,VERB,A1
to treat as,to treat as,当作,VERB,C1
to treat sb unfairly,to treat sb unfairly,亏待,VERB,B2
to treat wound,to treat wound,治伤,VERB,B2
to trek (verb),to trek,词,VERB,C1
to trouble (verb),to trouble,困扰,VERB,B2
to try to try on,to try to try on,尝试 / 试穿,VERB,A2
to tumble,to tumble,跌倒,VERB,B2
to tune,to tune,调谐,VERB,B2
to turn away,to turn away,转开,VERB,B2
to turn back,to turn back,词,VERB,B2
to turn on to employ,to turn on to employ,词,VERB,A2
to turn out to be,to turn out to be,词,VERB,C1
to turn over,to turn over,翻,VERB,B1
to tweet,to tweet,发推文,VERB,B2
to type,to type,打字,VERB,B2
to tyrannize,to tyrannize,词,VERB,C1
to unbend,to unbend,润滑,VERB,B2
to unblind,to unblind,使醒悟,VERB,B2
to unblock,to unblock,词,VERB,C1
to unbridle,to unbridle,解开,VERB,B2
to uncover to reveal,to uncover to reveal,词,VERB,A2
to undergo,to undergo,经历,VERB,B2
to underline,to underline,强调,VERB,B2
to understand by listening,to understand by listening,听懂,VERB,B2
to unearth to track down,to unearth to track down,寻觅，找到,VERB,B2
to unhook,to unhook,摘下,VERB,B2
to unload,to unload,卸货,VERB,B2
to unscrew,to unscrew,词,VERB,B2
to unseat,to unseat,词,VERB,C1
to unshackle,to unshackle,词,VERB,C1
to unstitch,to unstitch,词,VERB,B2
to use a wheelchair,to use a wheelchair,坐轮椅,VERB,B2
to use force,to use force,动武,VERB,B2
to use to usually,to use to usually,通常/习惯于,VERB,B2
to use up,to use up,用完,VERB,B2
to vacuum (verb),to vacuum,词,VERB,A2
to validate,to validate,验证,VERB,B2
to valorize,to valorize,词,VERB,C1
to vampirize,to vampirize,吸血,VERB,B2
to vary,to vary,改变,VERB,B2
to vegetate,to vegetate,苟活,VERB,B2
to vibrate,to vibrate,振动,VERB,B2
to view,to view,参观,VERB,B2
to vote (verb),to vote,表决,VERB,B2
to vow (verb),to vow,发誓,VERB,B2
to wait and see,to wait and see,等待观望,VERB,B2
to walk around,to walk around,四处走动,VERB,B2
to walk to go,to walk to go,走,VERB,A1
to wall up,to wall up,词,VERB,C1
to want (aux),to want,欲,AUX,A2
to want alive,to want alive,活要,VERB,C1
to wanted,to wanted,通缉,VERB,B2
to warm,to warm,加热,VERB,B2
to warm up,to warm up,词,VERB,B2
to warp,to warp,弯曲,VERB,B2
to wash and iron,to wash and iron,洗熨,VERB,B2
to wash up,to wash up,词,VERB,A2
to wash with water,to wash with water,水洗,VERB,B2
to watch for,to watch for,词,VERB,C1
to watch out,to watch out,小心,VERB,B2
to watch tv,to watch tv,看电视,VERB,B2
to water give drink,to water give drink,词,VERB,B2
to wave (verb),to wave,挥,VERB,B2
to wax (verb),to wax,词,VERB,A1
to wear down,to wear down,词,VERB,B2
to wear to get dressed,to wear to get dressed,词,VERB,A2
to wear to put on,to wear to put on,穿,VERB,A1
to weary to tire,to weary to tire,使厌倦,VERB,B2
to wedge,to wedge,卡住,VERB,B2
to weigh down,to weigh down,词,VERB,C1
to weigh options,to weigh options,词,VERB,B2
to whistle (verb),to whistle,呼啸,VERB,B2
to wilt,to wilt,枯萎,VERB,B2
to win inevitably,to win inevitably,必胜,VERB,B2
to wipe out,to wipe out,消灭,VERB,B2
to wipe to clean,to wipe to clean,词,VERB,A2
to wiretap,to wiretap,监听,VERB,B2
to wish one could,to wish one could,恨不得,VERB,B2
to withdraw to sample,to withdraw to sample,词,VERB,C1
to wither,to wither,,VERB,B2
to word (verb),to word,词,VERB,C1
to work hard,to work hard,努力,VERB,A1
to work hard for,to work hard for,力争,VERB,B2
to work overtime,to work overtime,加点,VERB,C1
to work part-time,to work part-time,打工,VERB,B2
to worry (adj),to worry,着急,ADJ,A1
to worry anxiety,to worry anxiety,词,VERB,A2
to worry to preoccupy,to worry to preoccupy,使担心,VERB,B2
to worsen to deteriorate,to worsen to deteriorate,恶化,VERB,B2
to worship (verb),to worship,崇拜,VERB,B2
to wrestle,to wrestle,词,VERB,B2
to wring,to wring,拧干,VERB,B2
to write down,to write down,词,VERB,B2
to wrong (verb),to wrong,冤,VERB,B2
to wrong someone,to wrong someone,冤枉,VERB,B2
to yell at,to yell at,词,VERB,B1
to yelp,to yelp,词,VERB,C1
to zero out,to zero out,清零,VERB,B2
toad,toad,蟾蜍,NOUN,B2
toast,toast,你敬酒,NOUN,B2
tocadiscos,record player,唱机,NOUN,B2
tocino,bacon,培根,NOUN,B2
today (noun),today,今,NOUN,B2
today's,today's,词,ADJ,C1
todo,all,全部,ADV,B2
todo el día,all day long,一整天,NOUN,B2
tofu,tofu,豆腐,NOUN,B2
tofu seco,dried tofu,豆干,NOUN,B2
tofu skin,tofu skin,腐竹,NOUN,C1
toga negra,black robe,黑衣,NOUN,B2
together,together,共同的,ADJ,B2
togetherness,togetherness,词,NOUN,C1
toilet paper,toilet paper,卫生纸,NOUN,C1
toiling,toiling,词,ADJ,C1
told instructed,told instructed,被告知的,ADJ,B2
tolerance dependence,tolerance dependence,词,NOUN,C1
tolerancia,tolerance,宽容,NOUN,B2
tolerant,tolerant,宽容的,ADJ,B2
tolerar,to tolerate,容忍,VERB,B2
toll,toll,通行费,NOUN,B2
toma,taking,拍摄,NOUN,B2
tomar prestado,to borrow,借,VERB,B2
tomb monument,tomb monument,墓碑,NOUN,B2
tombstone,tombstone,词,NOUN,C1
tome,tome,词,NOUN,C1
tomorrow (noun),tomorrow,明天,NOUN,B2
tomorrow night,tomorrow night,明晚,ADV,B2
tonality,tonality,词,NOUN,C1
tonelada,ton,吨,NOUN,B2
tonic (adj),tonic,词,ADJ,C1
tonic (noun),tonic,词,NOUN,C1
tonight,tonight,今晚,ADV,B2
tono,tone,语气,NOUN,B2
tonsil,tonsil,词,NOUN,B2
too big,too big,太大,ADJ,B2
too heavy,too heavy,太重,ADJ,B2
too late,too late,太迟,ADV,B2
too particular,too particular,太介,ADJ,C1
too reckless,too reckless,太莽撞,NOUN,C1
too small,too small,太小,ADJ,B2
tool room,tool room,工具间,NOUN,B2
tooling,tooling,词,NOUN,C1
tools,tools,工具,NOUN,B2
toothache,toothache,牙痛,NOUN,B2
toothbrush,toothbrush,牙刷,NOUN,B2
toothless,toothless,无齿的,ADJ,B2
toothpaste,toothpaste,牙膏,NOUN,B2
top,top,顶部,NOUN,B2
top (adj),top,顶部的,ADJ,C1
top dressing,top dressing,追肥,NOUN,B2
top great,top great,顶部/极好,NOUN,B2
top priority,top priority,当务之急,NOUN,C1
top scorer,top scorer,词,NOUN,B2
toparse con,to run into,碰见,VERB,B2
topographical,topographical,词,ADJ,C1
topography,topography,地形,NOUN,B2
topógrafo,surveyor,测量员,NOUN,B2
torcido,crooked,弯曲的,ADJ,B2
torment (noun),torment,词,NOUN,C1
tormenta de arena,sandstorm,沙尘暴,NOUN,B2
tormentor,tormentor,词,NOUN,B2
torments,torments,词,NOUN,B2
tornado,tornado,龙卷风,NOUN,B2
torpid,torpid,词,ADJ,C1
torpor,torpor,词,NOUN,C1
torque,torque,词,NOUN,C1
torrent,torrent,激流,NOUN,B2
torrid,torrid,词,ADJ,C1
torsion,torsion,扭转,NOUN,B2
torso,torso,躯干,NOUN,B2
tortious,tortious,词,ADJ,C1
tortoise,tortoise,词,NOUN,B1
tortuous,tortuous,词,ADJ,C1
torture,torture,酷刑,NOUN,B2
torture,to torture,折磨,VERB,B2
torture ordeal,torture ordeal,词,NOUN,C1
toser,cough,咳嗽,NOUN,B2
toser,to cough,咳嗽,VERB,B2
toss,toss,词,VERB,B2
total,total,总数,NOUN,B2
total (adj),total,完全的,ADJ,B2
totalitarian,totalitarian,极权主义的,ADJ,B2
totalitarianism,totalitarianism,词,NOUN,C1
totality,totality,词,NOUN,C1
totem,totem,词,NOUN,C1
totemism,totemism,词,NOUN,C1
touchability,touchability,能触摸,NOUN,B2
touchstone,touchstone,词,NOUN,C1
touchy,touchy,易怒的,ADJ,B2
tough,tough,艰难的,ADJ,B2
tough guy,tough guy,硬汉,NOUN,B2
tour guide,tour guide,导游,NOUN,A2
tourist,tourist,旅游的,ADJ,B2
touristic,touristic,旅游的,ADJ,B2
tournament,tournament,锦标赛,NOUN,B2
tout,tout,词,VERB,C1
toward,toward,朝向,ADP,B2
towards,towards,迎向,ADV,B2
towel,towel,毛巾,NOUN,B2
towering,towering,词,ADJ,B2
town,town,城镇,NOUN,B2
town hall,town hall,市政厅,NOUN,B2
town mayor,town mayor,镇长,NOUN,B2
township,township,乡镇,NOUN,B2
township head,township head,乡长,NOUN,B2
township road,township road,乡道,NOUN,B2
toxic,toxic,有毒的,ADJ,B2
toxicity,toxicity,词,NOUN,C1
toxin,toxin,词,NOUN,C1
toys,toys,玩具,NOUN,B2
trabajador,hardworking,勤奋的,ADJ,B2
trabajador,worker,工人,NOUN,B2
trabajo,labor,劳动,NOUN,B2
trabajo,toil,苦工,NOUN,B2
trabajo pesado,heavy work,重功,NOUN,B2
trace,trace,痕迹,NOUN,B2
trace element,trace element,微量元素,NOUN,C1
track,track,轨道,NOUN,B2
track,to track,追踪,VERB,B2
track and field,track and field,田径,NOUN,C1
track trace,track trace,痕迹/轨道,NOUN,B2
tracking,tracking,词,NOUN,C1
tracksuit,tracksuit,词,NOUN,C1
tractable,tractable,词,ADJ,C1
tractor,tractor,拖拉机,NOUN,B2
trade (verb),trade,词,VERB,A2
trade barrier,trade barrier,贸易壁垒,NOUN,B2
trade fair,trade fair,展销会,NOUN,C1
trade union,trade union,工会,NOUN,B2
trade unionist,trade unionist,词,NOUN,C1
trade-off,trade-off,词,NOUN,C1
trademark,trademark,商标,NOUN,B2
trading practice,trading practice,词,NOUN,C1
traditional,traditional,传统的,ADJ,B2
traditional chinese painting,traditional chinese painting,国画,NOUN,B2
traditional costume,traditional costume,传统服饰,NOUN,B2
traditional female singers,traditional female singers,词,NOUN,B1
traditionalism,traditionalism,词,NOUN,C1
traditionally,traditionally,传统地,ADV,B2
traditions,traditions,词,NOUN,B1
traducción,translation,翻译,NOUN,B2
traduce,traduce,词,VERB,C1
traductor,translator,译者,NOUN,B2
traer,to fetch,取来,VERB,B2
traffic light,traffic light,红绿灯,NOUN,B2
traffic restriction,traffic restriction,限行,NOUN,B2
traffic ticket,traffic ticket,词,NOUN,C1
trafficker,trafficker,词,NOUN,C1
trafficking,trafficking,词,NOUN,C1
tragar,to swallow,吞下,VERB,B2
tragic,tragic,悲剧的,ADJ,B2
tragically,tragically,悲剧地,ADV,B2
tragicness,tragicness,词,NOUN,C1
traicionero,treacherous,背叛的,ADJ,B2
traición,treason,叛国罪,NOUN,B2
trail,trail,词,NOUN,B1
trailer,trailer,预告片,NOUN,B2
train of thought,train of thought,思路,NOUN,B2
train ride,train ride,词,NOUN,A1
train station,train station,火车站,NOUN,B2
train ticket,train ticket,词,NOUN,A1
trained,trained,词,ADJ,C1
trainee,trainee,实习生,NOUN,B2
trainer,trainer,教练,NOUN,B2
trainer bastard,trainer bastard,,NOUN,B2
training center,training center,培训中心,NOUN,C1
traitor,traitor,叛徒,NOUN,B2
traits qualities,traits qualities,词,NOUN,C1
trajectory,trajectory,轨迹,NOUN,B2
tram,tram,有轨电车,NOUN,B2
trance,trance,词,NOUN,C1
tranquilo,tranquil,宁静的,ADJ,B2
trans-above,trans-above,超上,NOUN,C1
trans-abstraction,trans-abstraction,超抽,NOUN,B2
trans-analysis,trans-analysis,超分,NOUN,C1
trans-concept,trans-concept,超概,NOUN,C1
trans-deduction,trans-deduction,超演,NOUN,B2
trans-dialectic,trans-dialectic,超辩,NOUN,B2
trans-er,trans-er,超而,NOUN,B2
trans-faith,trans-faith,超信,NOUN,C1
trans-host,trans-host,超主,NOUN,C1
trans-idealism,trans-idealism,超唯,NOUN,B2
trans-inclusion,trans-inclusion,超纳,NOUN,C1
trans-induction,trans-induction,超归,NOUN,B2
trans-inference,trans-inference,超推,NOUN,B2
trans-judgment,trans-judgment,超判,NOUN,C1
trans-logic,trans-logic,超辑,NOUN,C1
trans-mind,trans-mind,超心,NOUN,C1
trans-reality,trans-reality,超现,NOUN,C1
trans-synthesis,trans-synthesis,超合,NOUN,C1
transacción,transaction,交易,NOUN,B2
transatlantic,transatlantic,词,ADJ,C1
transcend,transcend,词,VERB,C1
transcript,transcript,词,NOUN,C1
transdecisión,trans-decision,超断,NOUN,B2
transfer to another hospital,transfer to another hospital,转院,VERB,C1
transfer window,transfer window,词,NOUN,B2
transferee,transferee,词,NOUN,C1
transferir,transfer,转移,NOUN,B2
transferir,to transfer,转移,VERB,B2
transferor,transferor,词,NOUN,C1
transferred,transferred,词,ADJ,C1
transfers,transfers,转会,NOUN,B2
transfix,transfix,词,VERB,C1
transformación,transformation,تحول,NOUN,B2
transformer converter,transformer converter,词,NOUN,C1
transhumance,transhumance,词,NOUN,B2
transhuésped,trans-guest,超客,NOUN,B2
transient,transient,词,ADJ,C1
transistor,transistor,词,NOUN,C1
transit,transit,运输,NOUN,C1
transition,transition,过渡,NOUN,B2
transitivity,transitivity,及物性,NOUN,C1
transitorio,transitional,过渡的,ADJ,B2
transitory,transitory,词,ADJ,C1
translatology,translatology,词,NOUN,C1
translucent,translucent,词,ADJ,C1
transmateria,trans-matter,超物,NOUN,B2
transmisión,transmission,传输,NOUN,B2
transmisión a ti,transmission to you,传你,NOUN,B2
transmisor,transmitter,发射台,NOUN,B2
transmitir,broadcast,广播,NOUN,B2
transmitir,to broadcast,播出,VERB,B2
transmitir,to convey,传达,VERB,B2
transmitir,to pass on,转交,VERB,B2
transmitir,to transmit,传输,VERB,B2
transmute,transmute,词,VERB,C1
transnational,transnational,跨国性,ADJ,C1
transparencia,transparency,透明度,NOUN,B2
transparente,transparent,透明的,ADJ,B2
transpire,transpire,词,VERB,C1
transplant (noun),transplant,移植,NOUN,C1
transplant (verb),transplant,移栽,VERB,C1
transport (adj),transport,词,ADJ,C1
transport service,transport service,词,NOUN,C1
transportation,transportation,词,NOUN,C1
transporter,transporter,词,NOUN,C1
transportista,carrier,承运人,NOUN,B2
transpose,transpose,词,VERB,C1
transregional,transregional,词,ADJ,C1
trapdoor,trapdoor,活板门,NOUN,B2
trapping,trapping,词,NOUN,C1
trascendencia,transcendence,超越,NOUN,B2
trascendental,transcendental,先验的,ADJ,B2
trascendente,transcendent,卓越的,ADJ,B2
trash bag,trash bag,垃圾袋,NOUN,B2
trash can,trash can,词,NOUN,A2
trasplantar,to plant out,定植,VERB,B2
tratado,treaty,条约,NOUN,B2
tratamiento,person honorific,位,NOUN,B2
tratar,to deal with,处理,VERB,B2
trauma,trauma,创伤,NOUN,B2
traumatic,traumatic,创伤的,ADJ,B2
travail,travail,词,NOUN,C1
travel guide,travel guide,词,NOUN,A1
traveled,traveled,词,ADJ,C1
travesty,travesty,词,NOUN,C1
travieso,naughty,淘气的,ADJ,B2
traída,bringing,جلب,NOUN,B2
treacherous minister,treacherous minister,奸臣,NOUN,B2
treacherously,treacherously,词,ADV,C1
treacherousness,treacherousness,阴险,NOUN,B2
treasure land,treasure land,宝地,NOUN,C1
treasure room,treasure room,词,NOUN,C1
treat,treat,盛宴,NOUN,B2
treatise,treatise,词,NOUN,C1
trece,thirteen,十三,NUM,B2
trek (noun),trek,词,NOUN,C1
tremendous,tremendous,词,ADJ,B2
tremulous,tremulous,颤抖的,ADJ,B2
trenchant,trenchant,词,ADJ,C1
trending,trending,词,ADJ,C1
trepidation,trepidation,词,NOUN,C1
trespass (noun),trespass,擅闯,NOUN,C1
trespass (verb),trespass,词,VERB,C1
trial run,trial run,词,NOUN,B2
triangular,triangular,三角形的,ADJ,B2
tribalism (adj),tribalism,词,ADJ,C1
tribalism (noun),tribalism,词,NOUN,C1
tribulation,tribulation,词,NOUN,C1
tribunal,tribunal,词,NOUN,C1
tribune,tribune,词,NOUN,C1
tributo,tribute,贡品,NOUN,B2
tricky,tricky,词,ADJ,B2
tricolor,tricolor,词,ADJ,C1
trigger,to trigger,触发,VERB,B2
trigger imprint,trigger imprint,印记,NOUN,B2
trigger mechanism,trigger mechanism,,NOUN,B2
triggering,triggering,触发,NOUN,B2
trigo sarraceno,buckwheat,荞麦,NOUN,B2
trigonometry,trigonometry,词,NOUN,C1
trilemma,trilemma,三难困境,NOUN,B2
trilogy,trilogy,三部曲,NOUN,B2
trim,trim,词,VERB,C1
trimestre,quarter of a year,季度,NOUN,B2
trinchera,trench,沟渠,NOUN,B2
triple,triple,三倍的,ADJ,B2
tristeza,gloominess,忧郁,NOUN,B2
trite,trite,陈腐的,ADJ,B2
trivia,trivia,词,NOUN,C1
triviality,triviality,琐碎,NOUN,B2
trivializable,trivializable,可轻描淡写的,ADJ,B2
trivialization,trivialization,浅薄化,NOUN,B2
triángulo,triangle,三角形,NOUN,B2
trocar,trocar,词,NOUN,C1
troglodyte,troglodyte,词,NOUN,C1
trono,throne,王座,NOUN,B2
troop,troop,部队,NOUN,B2
troop dispatch,troop dispatch,出兵,NOUN,B2
troops,troops,部队,NOUN,B2
trophy,trophy,奖杯,NOUN,B2
tropic,tropic,词,NOUN,C1
tropical,tropical,热带的,ADJ,B2
trotar,to run to jog,跑步,VERB,B2
trouble,trouble,麻烦,NOUN,B2
trouble,to trouble,有劳,VERB,B2
trouble entry,trouble entry,麻烦进,NOUN,C1
trouble spot,trouble spot,词,NOUN,C1
troublesome,troublesome,麻烦的,ADJ,B2
troubling,troubling,令人担忧的,ADJ,B2
troupe,troupe,剧团,NOUN,B2
trousers,trousers,裤子,NOUN,B2
trout,trout,词,NOUN,C1
trowel,trowel,词,NOUN,B2
truce,truce,休战,NOUN,B2
truculent,truculent,词,ADJ,C1
true concession,true concession,真让,NOUN,B2
true form,true form,原形,NOUN,B2
true heart,true heart,本心,NOUN,B2
true qi,true qi,真气,NOUN,C1
trueno,thunder,雷,NOUN,B2
truism,truism,自明之理,NOUN,B2
truly,truly,确实,ADV,B2
trumpet,trumpet,小号,NOUN,B2
truncate,truncate,词,VERB,C1
truncheon,truncheon,词,NOUN,C1
trust in God,trust in God,词,NOUN,C1
trusting,trusting,信任的,ADJ,B2
trustworthiness,trustworthiness,讲信,NOUN,B2
truthful,truthful,忠于事实的,ADJ,B2
try hard to,to try hard to,力图,VERB,B2
try out,try out,词,VERB,C1
tsunami,tsunami,海啸,NOUN,C1
tube,tube,أنبوب,NOUN,B2
tuberculosis,tuberculosis,结核病,NOUN,B2
tubería,pipe,管子,NOUN,B2
tug,tug,词,VERB,C1
tumba,grave,坟墓,NOUN,B2
tumble (noun),tumble,词,NOUN,C1
tumor,tumor,肿瘤,NOUN,B2
tumoral,tumoral,词,ADJ,C1
tumult,tumult,词,NOUN,C1
tumulto,riot,骚乱,NOUN,B2
tumultuous,tumultuous,词,ADJ,C1
tuna,tuna,金枪鱼,NOUN,B2
tunic,tunic,束腰外衣,NOUN,B2
tuning,tuning,词,NOUN,C1
turban,turban,词,NOUN,B2
turbid,turbid,词,ADJ,C1
turbine,turbine,词,NOUN,C1
turbulence,turbulence,词,NOUN,C1
turbulent,turbulent,动荡的,ADJ,B2
turgid,turgid,词,ADJ,C1
turkey,turkey,火鸡,NOUN,B2
turkish,turkish,土耳其的,ADJ,B2
turmeric,turmeric,词,NOUN,B2
turmoil,turmoil,混乱,NOUN,B2
turn around,to turn around,转身,VERB,B2
turn of phrase,turn of phrase,词,NOUN,C1
turn off,to turn off,关闭,VERB,B2
turn signal,turn signal,转向灯,NOUN,B2
turnaround,turnaround,转胜,NOUN,C1
turncoat,turncoat,词,NOUN,C1
turning point,turning point,转折点,NOUN,B2
turnip,turnip,芜菁,NOUN,B2
turnoff,turnoff,词,NOUN,B2
turnout,turnout,出席率,NOUN,B2
turntable,turntable,,NOUN,B2
turpitude,turpitude,词,NOUN,C1
tutelage,tutelage,监护,NOUN,B2
tutelary,tutelary,词,ADJ,C1
tutor,tutor,导师,NOUN,C1
tutoring,tutoring,补习,NOUN,B2
tv,tv,电视,NOUN,B2
tv movie,tv movie,电视电影,NOUN,B2
tv viewer,tv viewer,电视观众,NOUN,B2
tweezers,tweezers,词,NOUN,C1
twelve,twelve,十二,NUM,B2
twenty-five,twenty-five,词,NUM,C1
twenty-two-year-old,twenty-two-year-old,,NOUN,B2
twice,twice,两次,ADV,B2
twinning,twinning,词,NOUN,B2
twins,twins,双胞胎,NOUN,A2
twist,to twist,扭曲,VERB,B2
twist (noun),twist,词,NOUN,C1
twisted,twisted,扭曲的,ADJ,B2
twitching,twitching,抽搐的,ADJ,B2
two animals,two animals,两只,NUM,B2
two days,two days,两天,NUM,B2
two jin,two jin,两斤,NOUN,C1
two kinds,two kinds,两种,NUM,B2
two minutes,two minutes,两分钟,NUM,B2
two people,two people,两名,NUM,B2
two polite,two polite,两位,NUM,B2
two sons,two sons,儿俩,NOUN,B2
two thousand coins,two thousand coins,两千贯,NOUN,C1
two weeks,two weeks,两周,NUM,B2
two years,two years,两年,NUM,B2
two-dimensional,two-dimensional,二维的,ADJ,B2
two-way street,two-way street,双行道,NOUN,B2
twofold,twofold,双重的,ADJ,B2
type like,type like,类型/比如,NOUN,B2
typically,typically,词,ADV,C1
typographical,typographical,排版的,ADJ,B2
typography,typography,词,NOUN,C1
typology,typology,类型学,NOUN,B2
tyrannical,tyrannical,专横的,ADJ,B2
tyrannical might,tyrannical might,词,NOUN,C1
tyrannically haughty,tyrannically haughty,词,ADJ,C1
tácitamente,tacitly,默不作声地,ADV,B2
táctica,tactics,战术,NOUN,B2
técnico,technical,技术的,ADJ,B2
técnico,technician,技术员,NOUN,B2
térmico,thermal,热的,ADJ,B2
tía,paternal aunt,姑母,NOUN,B2
tía materna,maternal aunt,姨母,NOUN,B2
tío materno,maternal uncle,舅舅,NOUN,B2
tú,then you,那你,PRON,B2
ubiquitous,ubiquitous,词,ADJ,C1
ukrainian,ukrainian,乌克兰的,ADJ,B2
ulceración,ulceration,溃疡,NOUN,B2
ulterior,ulterior,词,ADJ,C1
ulteriormente,further,进一步的,ADJ,B2
ultimate,ultimate,最终的,ADJ,B2
ultimate art,ultimate art,绝学,NOUN,B2
ultimate outcome,ultimate outcome,词,NOUN,C1
ultimatum,ultimatum,词,NOUN,C1
ultrasound,ultrasound,B超,NOUN,C1
ultraviolet radiation,ultraviolet radiation,紫外线,NOUN,C1
ululate,ululate,词,VERB,B2
ululation,ululation,词,NOUN,C1
ululations,ululations,欢呼声,NOUN,B1
um,um,嗯,INTJ,B2
umbrage,umbrage,词,NOUN,C1
umbral,threshold,门槛,NOUN,B2
un poco,a little,一点,ADJ,B2
un poco,a bit,一点,ADV,B2
unabated,unabated,词,ADJ,C1
unable,unable,词,ADJ,B2
unanimity,unanimity,词,NOUN,C1
unarmed,unarmed,手无寸铁的,ADJ,B2
unavoidable,unavoidable,不可避免,ADJ,C1
unaware,unaware,词,ADJ,B2
uncanny,uncanny,词,ADJ,C1
unceasing,unceasing,不断,ADV,B2
uncompromising,uncompromising,词,ADJ,B2
unconscious (noun),unconscious,词,NOUN,C1
uncovering,uncovering,破获,NOUN,B2
uncritical,uncritical,不加批判的,ADJ,B2
unctuous,unctuous,谄媚的,ADJ,B2
undead,undead,词,NOUN,C1
undecided indecisive,undecided indecisive,犹豫不决的,ADJ,B2
undeniably,undeniably,词,ADV,B2
under below,under below,在...下方,ADP,A2
under the,under the,词,ADP,B2
underclass,underclass,底层,NOUN,B2
undercover agent,undercover agent,卧底,NOUN,B2
undergraduate course,undergraduate course,本科,NOUN,B1
underground,underground,地下的,ADJ,B2
underground canal,underground canal,词,NOUN,B2
underground garage,underground garage,地下车库,NOUN,C1
underling,underling,词,NOUN,C1
underlying,underlying,词,ADJ,B2
undermining authority,undermining authority,削弱权威,NOUN,B2
underneath (adp),underneath,词,ADP,B1
underneath (noun),underneath,底下,NOUN,C1
underpass,underpass,地下通道,NOUN,C1
underpin,underpin,词,VERB,C1
underscore,underscore,词,VERB,C1
underside,underside,下方,NOUN,C1
understanding,understanding,体贴的,ADJ,B2
undervaluing,undervaluing,词,NOUN,C1
underwater,underwater,词,ADJ,B2
underworld,underworld,地下世界,NOUN,B2
undisturbed,undisturbed,词,ADJ,C1
undo (adj),undo,词,ADJ,C1
undulate,undulate,词,VERB,C1
unearned,unearned,浪得,NOUN,C1
unemployed person,unemployed person,词,NOUN,B2
unending flow,unending flow,川流不息,ADJ,C1
unequivocal,unequivocal,词,ADJ,C1
unerring,unerring,词,ADJ,C1
unerziehung,unerziehung,词,NOUN,B2
uneven,uneven,不均,ADJ,C1
unexpected event,unexpected event,变故,NOUN,B2
unfahrt,unfahrt,词,NOUN,B2
unfair prejudice,unfair prejudice,词,NOUN,C1
unfairness,unfairness,词,NOUN,C1
unfaithful infidel,unfaithful infidel,词,ADJ,C1
unfamiliar,unfamiliar,生疏,ADJ,C1
unfamiliarity,unfamiliarity,不熟,NOUN,C1
unfassung,unfassung,词,NOUN,B2
unfettered,unfettered,词,ADJ,C1
unforderung,unforderung,词,NOUN,C1
unforeseen,unforeseen,意外的,ADJ,B2
unforgettable,unforgettable,词,ADJ,C1
unforgivable (noun),unforgivable,词,NOUN,B2
unfounded,unfounded,词,ADJ,C1
unfriendly,unfriendly,不友好的,ADJ,B2
ungabe,ungabe,词,NOUN,C1
ungestaltung,ungestaltung,词,NOUN,C1
ungodliness,ungodliness,词,NOUN,C1
unhappiness,unhappiness,词,NOUN,C1
unhealthy,unhealthy,词,ADJ,C1
unhurried patience,unhurried patience,词,NOUN,C1
unicidad,uniqueness,独特,NOUN,B2
unicorn,unicorn,词,NOUN,C1
unidad,unit,单元,NOUN,B2
unidad,unity,团结,NOUN,B2
unidad,classifier for trees,棵,NUM,B2
unido,united,联合的,ADJ,B2
unificar,to unify,统一,VERB,B2
unification,unification,统一,NOUN,B2
unified examination,unified examination,统考,NOUN,B2
uniform,uniform,制服,NOUN,B2
uniformity,uniformity,统一性,NOUN,B2
unilateral,unilateral,单方面的,ADJ,B2
unilateralism,unilateralism,词,NOUN,C1
unimpeachable,unimpeachable,词,ADJ,C1
uninhibited,uninhibited,词,ADJ,C1
union (adj),union,词,ADJ,C1
unionist,unionist,词,ADJ,B2
unique (noun),unique,词,NOUN,B2
universal,universal,普遍的,ADJ,B2
universal total,universal total,词,ADJ,C1
universalidad,universality,普遍性,NOUN,B2
universities,universities,大学,NOUN,B2
university (adj),university,词,ADJ,C1
university of applied sciences,university of applied sciences,应用科学大学,NOUN,B2
university student,university student,大学生,NOUN,B2
unjust death,unjust death,死得冤,NOUN,C1
unkempt,unkempt,词,ADJ,C1
unkunft,unkunft,词,NOUN,C1
unlawful,unlawful,非法的,ADJ,B2
unlike (adp),unlike,词,ADP,B2
unlike (verb),unlike,不像,VERB,B2
unlocked,unlocked,词,NOUN,B2
unmitigated,unmitigated,词,ADJ,C1
unnahme,unnahme,词,NOUN,B2
unobtrusive,unobtrusive,词,ADJ,C1
unofficially,unofficially,非正式地,ADV,B2
unparalleled (adj),unparalleled,词,ADJ,C1
unparalleled (noun),unparalleled,绝世,NOUN,C1
unpflegung,unpflegung,词,NOUN,B2
unpredictable (noun),unpredictable,词,NOUN,B2
unpublished,unpublished,词,ADJ,B2
unreasonable,unreasonable,不情,NOUN,B2
unreasonableness,unreasonableness,无理,NOUN,C1
unrecognized,unrecognized,词,ADJ,C1
unregelung,unregelung,词,NOUN,C1
unrelated,unrelated,词,ADJ,C1
unreliable,unreliable,词,ADJ,C1
unremitting,unremitting,词,ADJ,C1
unrequited,unrequited,词,ADJ,C1
unrichtung,unrichtung,词,NOUN,C1
unsafe,unsafe,词,ADJ,B1
unscathed,unscathed,未受伤害的,ADJ,B2
unschaft,unschaft,词,NOUN,B2
unschrift,unschrift,词,NOUN,C1
unscrupulousness,unscrupulousness,毫无良知,NOUN,B2
unsecured,unsecured,,NOUN,B2
unseemly,unseemly,词,ADJ,C1
unseen realities,unseen realities,词,NOUN,C1
unsetzung,unsetzung,词,NOUN,C1
unsicht,unsicht,词,NOUN,C1
unsinnung,unsinnung,词,NOUN,C1
unsolved case,unsolved case,疑案,NOUN,B2
unsprache,unsprache,词,NOUN,C1
unsteady,unsteady,词,ADJ,C1
unstinting,unstinting,词,ADJ,C1
unstoppable,unstoppable,不可阻挡,ADJ,B2
unsubscription,unsubscription,词,NOUN,B1
unsuccessful,unsuccessful,词,ADJ,C1
unsucht,unsucht,词,NOUN,C1
unsuchung,unsuchung,词,NOUN,C1
unsustainability,unsustainability,玩不长,NOUN,C1
unsustainable,unsustainable,难以持续,ADJ,C1
unteilung,unteilung,词,NOUN,C1
untenable,untenable,词,ADJ,C1
untererziehung,untererziehung,词,NOUN,C1
unterfahrt,unterfahrt,词,NOUN,C1
unterfassung,unterfassung,词,NOUN,C1
unterforderung,unterforderung,词,NOUN,C1
untergabe,untergabe,词,NOUN,C1
untergestaltung,untergestaltung,词,NOUN,C1
unternahme,unternahme,词,NOUN,C1
unterpflegung,unterpflegung,词,NOUN,B2
unterregelung,unterregelung,词,NOUN,C1
unterrichtung,unterrichtung,词,NOUN,C1
unterschaft,unterschaft,词,NOUN,C1
unterschrift,unterschrift,词,NOUN,C1
untersetzung,untersetzung,词,NOUN,B2
untersicht,untersicht,词,NOUN,C1
untersinnung,untersinnung,词,NOUN,B2
untersprache,untersprache,词,NOUN,C1
untersucht,untersucht,词,NOUN,C1
untersuchung,untersuchung,词,NOUN,C1
unterteilung,unterteilung,词,NOUN,C1
untertheilung,untertheilung,词,NOUN,C1
untertreibung,untertreibung,词,NOUN,B2
unterwandel,unterwandel,词,NOUN,C1
unterweisung,unterweisung,词,NOUN,C1
unterwirkung,unterwirkung,词,NOUN,C1
untheilung,untheilung,词,NOUN,C1
until,until,直到,SCONJ,B2
until to,until to,词,ADP,A2
untouchable,untouchable,不可触碰的,ADJ,B2
untouched,untouched,词,ADJ,C1
untoward,untoward,词,ADJ,C1
untreibung,untreibung,词,NOUN,B2
unwandel,unwandel,词,NOUN,B2
unwanted,unwanted,不受欢迎的,ADJ,B2
unwarranted,unwarranted,词,ADJ,C1
unwashed,unwashed,洗不,NOUN,C1
unweisung,unweisung,词,NOUN,B2
unwell,unwell,词,ADJ,C1
unwieldy,unwieldy,词,ADJ,C1
unwilling,unwilling,不愿,VERB,B2
unwinnable,unwinnable,打不赢,NOUN,B2
unwirkung,unwirkung,词,NOUN,C1
unwitting,unwitting,词,ADJ,C1
unwonted,unwonted,词,ADJ,C1
unánime,unanimous,一致的,ADJ,B2
up above,up above,上,ADP,A1
up there,up there,在那上面,ADV,B2
up to a time,up to a time,截至,VERB,C1
up-down,up-down,上下,NOUN,C1
upbeat,upbeat,轻快的,ADJ,B2
upbraid,upbraid,词,VERB,C1
update (noun),update,词,NOUN,B1
updated,updated,词,ADJ,C1
upgrade (noun),upgrade,词,NOUN,C1
upgraded,upgraded,词,ADJ,C1
upheaval,upheaval,剧变,NOUN,B2
uphold,uphold,词,VERB,C1
upholding of rights,upholding of rights,词,NOUN,C1
upload (noun),upload,词,NOUN,C1
upper class,upper class,上层,NOUN,B2
upper floor,upper floor,楼上,NOUN,B2
upper part,upper part,上部,NOUN,B2
upper reaches,upper reaches,上游,NOUN,B2
upper residence,upper residence,上住,NOUN,C1
upper voice,upper voice,词,NOUN,C1
upright,upright,直立地,ADV,B2
uprightness,uprightness,词,NOUN,B2
upset,upset,心烦的,ADJ,B2
upshot,upshot,词,NOUN,C1
upward,upward,向上,ADV,B2
upwards,upwards,向上,ADV,B2
urban area,urban area,词,NOUN,C1
urbane,urbane,词,ADJ,C1
urbanidad,urbanity,都市风度,NOUN,B2
urbanism,urbanism,词,NOUN,B2
urbanization,urbanization,城市化,NOUN,B2
urbano,urban,城市的,ADJ,B2
urerziehung,urerziehung,词,NOUN,C1
urfahrt,urfahrt,词,NOUN,C1
urfassung,urfassung,词,NOUN,C1
urforderung,urforderung,词,NOUN,C1
urgabe,urgabe,词,NOUN,B2
urgent camp report,urgent camp report,营急报,NOUN,C1
urgent message,urgent message,急讯,NOUN,C1
urgente,urgent,紧急的,ADJ,B2
urgestaltung,urgestaltung,词,NOUN,B2
urine,urine,尿,NOUN,C1
urkunft,urkunft,词,NOUN,C1
urnahme,urnahme,词,NOUN,B2
urpflegung,urpflegung,词,NOUN,C1
urregelung,urregelung,词,NOUN,C1
urrichtung,urrichtung,词,NOUN,C1
urschaft,urschaft,词,NOUN,C1
urschrift,urschrift,词,NOUN,B2
ursetzung,ursetzung,词,NOUN,B2
ursicht,ursicht,词,NOUN,B2
ursinnung,ursinnung,词,NOUN,C1
ursprache,ursprache,词,NOUN,C1
ursucht,ursucht,词,NOUN,C1
ursuchung,ursuchung,词,NOUN,C1
urteilung,urteilung,词,NOUN,B2
urtheilung,urtheilung,词,NOUN,C1
urtreibung,urtreibung,词,NOUN,C1
urwandel,urwandel,词,NOUN,B2
urweisung,urweisung,词,NOUN,C1
urwirkung,urwirkung,词,NOUN,C1
usage,usage,还用,NOUN,C1
usage-based,usage-based,词,ADJ,C1
usar muletas,to use crutches,拄拐,VERB,B2
usar palillos,to use chopsticks,动筷,VERB,B2
usb flash drive,usb flash drive,U盘,NOUN,B2
used,used,词,ADJ,C1
usefulness avail,usefulness avail,效用,NOUN,C1
useless zero,useless zero,词,ADJ,A2
using this,using this,用这,NOUN,C1
usual,usual,通常的,ADJ,B2
usual thing,usual thing,惯例,NOUN,B2
usuario,user,用户,NOUN,B2
usufructuary,usufructuary,词,NOUN,C1
usurer,usurer,词,NOUN,C1
usurpar,to usurp,篡夺,VERB,B2
usurpation,usurpation,词,NOUN,C1
usury,usury,词,NOUN,C1
utensil,utensil,词,NOUN,C1
uterine,uterine,词,ADJ,C1
utilitarismo,utilitarianism,功利主义,NOUN,B2
utilitarista,utilitarian,功利的,ADJ,B2
utility,utility,效用,NOUN,B2
utility meter,utility meter,公用事业表,NOUN,B1
utility room,utility room,杂物间,NOUN,C1
utilizable,usable,可用的,ADJ,B2
utilización,utilization,利用,NOUN,B2
utilizar,to utilize,利用,VERB,B2
utmost extreme end,utmost extreme end,词,NOUN,C1
utopía,utopia,乌托邦,NOUN,B2
utter,utter,词,ADJ,C1
utterance-related,utterance-related,词,ADJ,C1
utópico,utopian,乌托邦式的,ADJ,B2
uva,grape,葡萄,NOUN,B2
vacaciones,holiday,假期,NOUN,B2
vacant lot,vacant lot,空地,NOUN,C1
vacante,vacant,空缺的,ADJ,B2
vacante,vacancy,空缺,NOUN,B2
vacate,vacate,词,VERB,C1
vacation (verb),vacation,度假,VERB,C1
vaccinal,vaccinal,词,ADJ,C1
vaccine-related,vaccine-related,疫苗的,ADJ,B2
vacilar,to stagger,蹒跚,VERB,B2
vacillate,vacillate,词,VERB,C1
vacuna,vaccine,疫苗,NOUN,B2
vacunación,vaccination,疫苗接种,NOUN,B2
vacunar,to vaccinate,接种疫苗,VERB,B2
vacuous,vacuous,词,ADJ,C1
vacuum,vacuum,真空的,ADJ,B2
vacuum (noun),vacuum,词,NOUN,B2
vacuum cleaner,vacuum cleaner,吸尘器,NOUN,B2
vacuum pump,vacuum pump,词,NOUN,C1
vagabond,vagabond,词,NOUN,C1
vagabond-poet life,vagabond-poet life,词,NOUN,C1
vagar,to roam,漫游,VERB,B2
vagary,vagary,词,NOUN,C1
vago,vague,含糊的,ADJ,B2
vagrancy,vagrancy,词,NOUN,C1
vagrant,vagrant,词,NOUN,C1
vaguely,vaguely,词,ADV,C1
vagueness,vagueness,模糊,NOUN,C1
vain,vain,徒劳的,ADJ,B2
vain (noun),vain,白白,NOUN,C1
vainglorious,vainglorious,词,ADJ,C1
vainglory,vainglory,词,NOUN,C1
vale,voucher,代金券,NOUN,B2
vale of tears,vale of tears,词,NOUN,C1
valedictory,valedictory,词,ADJ,C1
valentía,bravery,勇敢,NOUN,B2
valiance,valiance,骁勇,NOUN,C1
valiantly,valiantly,词,ADV,C1
valid,valid,有效的,ADJ,B2
validez,validity,有效期,NOUN,B2
valiente,valiant,英勇的,ADJ,B2
valioso,valuable,有价值的,ADJ,B2
valor,valor,勇气,NOUN,B2
valoración,valuation,估值,NOUN,B2
valorar,to appraise,评估,VERB,B2
value chain,value chain,价值链,NOUN,C1
value change,value change,改值,NOUN,B2
valued,valued,词,ADJ,C1
values,values,价值观,NOUN,B2
values base,values base,价值基础,NOUN,B2
valve,valve,词,NOUN,C1
vampiro,vampire,吸血鬼,NOUN,B2
vanguardia,vanguard,先锋,NOUN,B2
vanguardista,avant-garde,前卫的,ADJ,B2
vanidad,vanity,虚荣,NOUN,B2
vanilla,vanilla,词,NOUN,C1
vanishing,vanishing,词,NOUN,C1
vanquish,vanquish,词,VERB,C1
vapid,vapid,词,ADJ,C1
vapor,vapor,词,NOUN,C1
vaporizer,vaporizer,词,NOUN,C1
variable,variable,变量,NOUN,B2
variable (adj),variable,词,ADJ,C1
variables,variables,词,NOUN,C1
variant,variant,变体,NOUN,B2
varianza,variance,方差,NOUN,B2
variation,variation,变化,NOUN,B2
variedad,variety,种类,NOUN,B2
variegate,variegate,词,VERB,C1
varilla de cortina,curtain rod,窗帘杆,NOUN,B2
varios,several,几个,DET,B2
various,various,各种各样的,ADJ,B2
varying,varying,词,ADJ,B2
vassal,vassal,之臣,NOUN,C1
vastness,vastness,词,NOUN,B2
vasto,vast,巨大的,ADJ,B2
vat,vat,增值税,NOUN,B2
vaunt,vaunt,词,VERB,C1
veces,times,倍,NOUN,B2
vecindad,vicinity,附近,NOUN,B2
vector,vector,词,NOUN,C1
veer,veer,词,VERB,C1
vegetable selling,vegetable selling,卖菜,NOUN,C1
vegetables,vegetables,菜吧,NOUN,C1
vegetarian,vegetarian,素食者,NOUN,B2
vegetarian (adj),vegetarian,词,ADJ,A1
vehemence,vehemence,词,NOUN,C1
vehicular,vehicular,词,ADJ,C1
veil,veil,词,NOUN,C1
veiled,veiled,隐晦的,ADJ,B2
vela,candle,蜡烛,NOUN,B2
velarization,velarization,词,NOUN,C1
vencido,overdue,逾期,ADJ,B2
venda,bandage,绷带,NOUN,B2
vendedor,salesperson,销售人员,NOUN,B2
vending machine,vending machine,自动售货机,NOUN,B2
veneer,veneer,词,NOUN,C1
venenoso,poisonous,有毒的,ADJ,B2
venerable,venerable,值得尊敬的,ADJ,B2
venereal disease,venereal disease,性病,NOUN,B2
venganza,vengeance,报复,NOUN,B2
vengar,to avenge,复仇,VERB,B2
vengarse,to take revenge,报复,VERB,B2
venial,venial,词,ADJ,C1
venir,to come here,来到这里,VERB,B2
venom,venom,词,NOUN,C1
venomous,venomous,词,ADJ,C1
venomous dragon,venomous dragon,毒龙,NOUN,C1
vent (noun),vent,词,NOUN,B2
venta,sale,出售,NOUN,B2
ventajoso,advantageous,有利的,ADJ,B2
ventas,sales,打折,NOUN,B2
ventilación,ventilation,通风,NOUN,B2
venting,venting,出气,NOUN,C1
venting anger,venting anger,泄愤,NOUN,C1
ventisca,blizzard,暴风雪,NOUN,B2
venture (noun),venture,词,NOUN,B2
ver cadáver,to see corpse,见尸,VERB,B2
veracity,veracity,词,NOUN,C1
verbal,verbal,言语的,ADJ,B2
verbal sparring,verbal sparring,词,NOUN,C1
verbalize,verbalize,词,VERB,B2
verbatim,verbatim,词,ADV,C1
verbose,verbose,冗长的,ADJ,B2
verbosely,verbosely,词,ADV,C1
verdant,verdant,词,ADJ,C1
vererziehung,vererziehung,词,NOUN,C1
verfahrt,verfahrt,词,NOUN,C1
verforderung,verforderung,词,NOUN,C1
vergabe,vergabe,词,NOUN,C1
verge,verge,词,NOUN,C1
vergestaltung,vergestaltung,词,NOUN,C1
vergonzoso,shameful,可耻的,ADJ,B2
verifiable,verifiable,词,ADJ,C1
verification,verification,词,NOUN,C1
veritable,veritable,词,ADJ,C1
verity,verity,词,NOUN,C1
verkunft,verkunft,词,NOUN,C1
vernacular,vernacular,词,NOUN,C1
vernahme,vernahme,词,NOUN,C1
vernal,vernal,春季的,ADJ,B2
vernier,vernier,词,NOUN,C1
verpflegung,verpflegung,词,NOUN,C1
verregelung,verregelung,词,NOUN,C1
verrichtung,verrichtung,词,NOUN,C1
versado,versed,精通的,ADJ,B2
versatile,versatile,多才多艺的,ADJ,B2
versatility,versatility,词,NOUN,B2
verschaft,verschaft,词,NOUN,B2
verschrift,verschrift,词,NOUN,C1
verse,verse,词,NOUN,C1
verse of Quran,verse of Quran,词,NOUN,B2
versetzung,versetzung,词,NOUN,C1
versicht,versicht,词,NOUN,C1
versification,versification,词,NOUN,C1
versinnung,versinnung,词,NOUN,B2
versprache,versprache,词,NOUN,C1
versucht,versucht,词,NOUN,C1
versuchung,versuchung,词,NOUN,C1
versus,versus,对,ADP,B2
vertebra,vertebra,词,NOUN,B2
verteilung,verteilung,词,NOUN,C1
verter,to pour,倾倒,VERB,B2
vertex,vertex,词,NOUN,C1
vertheilung,vertheilung,词,NOUN,C1
vertical,vertical,垂直的,ADJ,B2
vertigo,vertigo,词,NOUN,C1
vertigo dizziness,vertigo dizziness,词,NOUN,C1
vertreibung,vertreibung,词,NOUN,C1
verwandel,verwandel,词,NOUN,C1
verweisung,verweisung,词,NOUN,C1
verwirkung,verwirkung,词,NOUN,C1
very best,very best,最好的,ADJ,B2
very deep,very deep,很深,ADJ,B2
very good,very good,很好,ADJ,B2
very hard,very hard,极硬的,ADJ,B2
very heavy,very heavy,很重,ADJ,C1
very much,very much,万分,ADV,B2
very well,very well,词,ADV,B2
vestige,vestige,词,NOUN,C1
veterinarian,veterinarian,词,NOUN,C1
veto,veto,否决,NOUN,B2
vex,vex,词,VERB,C1
vexation,vexation,词,NOUN,C1
viabilidad,feasibility,可行性,NOUN,B2
viable,viable,可行的,ADJ,B2
viaje,travel,出行,NOUN,B2
viajero,traveler,旅行家,NOUN,B2
vial,vial,词,NOUN,C1
vibración,vibration,振动,NOUN,B2
vibrant,vibrant,词,ADJ,C1
vicarious,vicarious,词,ADJ,C1
vice versa,vice versa,反之亦然,ADJ,B2
vice-minister,vice-minister,侍郎,NOUN,B2
viceversa,vice versa,反之亦然,ADV,B2
vicious,vicious,词,ADJ,B2
victory banquet,victory banquet,庆功宴,NOUN,B2
vida,lifetime,一生,NOUN,B2
vida o muerte,life-and-death,决生,NOUN,B2
vida y muerte,life and death,生死,NOUN,B2
video clip,video clip,词,NOUN,C1
video on demand,video on demand,点播,NOUN,C1
videodisco,video disc,影碟,NOUN,B2
videotape,videotape,词,NOUN,C1
vientre,belly,肚子,NOUN,B2
viewer,viewer,观众,NOUN,B2
viewing,viewing,词,NOUN,B1
views,views,观看次数,NOUN,B2
vigilancia,surveillance,监视,NOUN,B2
vigilancia,vigilance,警惕,NOUN,B2
vigilar,to surveil,监视,VERB,B2
vigilia,vigil,守夜,NOUN,B2
vignette,vignette,词,NOUN,C1
vigor,vigor,活力,NOUN,B2
vigor of prime,vigor of prime,词,NOUN,C1
vigorous,vigorous,词,ADJ,C1
vil,vile,卑鄙的,ADJ,B2
vile,vile,可憎地,ADV,B2
villa,villa,别墅,NOUN,B2
village road,village road,村道,NOUN,C1
villager,villager,村民,NOUN,C1
villainous,villainous,恶棍的,ADJ,B2
villainy,villainy,邪恶,NOUN,B2
villano,villain,反派,NOUN,B2
vinagre,vinegar,醋,NOUN,B2
vindicate,vindicate,词,VERB,C1
vindictive,vindictive,词,ADJ,C1
vineyard,vineyard,葡萄园,NOUN,C1
vintage,vintage,佳酿,NOUN,B2
violación,violation,侵越,NOUN,B2
violar,rape,强奸,NOUN,B2
violar,to rape,强奸,VERB,B2
violar,to violate,违反,VERB,B2
violar la disciplina,to violate discipline,违纪,VERB,B2
violate regulations,violate regulations,违规,VERB,C1
violations,violations,词,NOUN,C1
violent act,violent act,词,NOUN,C1
violently,violently,暴力地,ADV,B2
violet (adj),violet,词,ADJ,C1
violet (noun),violet,词,NOUN,B2
violín,violin,小提琴,NOUN,B2
viper,viper,词,NOUN,B2
viral,viral,病毒性的,ADJ,C1
virginal,virginal,处女的,ADJ,B2
virtual,virtual,虚拟的,ADJ,B2
virtual reality,virtual reality,虚拟现实,NOUN,B2
virtualmente,virtually,几乎,ADV,B2
virtuoso,virtuoso,词,NOUN,C1
virtuous,virtuous,有德行的,ADJ,B2
virus,virus,病毒,NOUN,B2
visa,visa,签证,NOUN,B2
viscosity,viscosity,词,NOUN,C1
viscoso,viscous,黏稠的,ADJ,B2
viscount,viscount,词,NOUN,C1
visibility,visibility,能见度,NOUN,B2
visible,visible,可见的,ADJ,B2
visionary,visionary,词,NOUN,C1
visitante,visitor,访客,NOUN,B2
visiting ban,visiting ban,,NOUN,B2
visor,visor,词,NOUN,B2
vista,sight,视力,NOUN,B2
visual,visual,视觉的,ADJ,B2
visualize,visualize,词,VERB,C1
vital,vital,词,ADJ,B2
vital point,vital point,要害,NOUN,B2
vitality,vitality,词,NOUN,B2
vitality powder,vitality powder,元散,NOUN,C1
vitamina,vitamin,维生素,NOUN,B2
vitiate,vitiate,词,VERB,C1
vitriolic,vitriolic,词,ADJ,C1
vituperate,vituperate,词,VERB,C1
vivacious,vivacious,词,ADJ,C1
vivo,vivid,生动的,ADJ,B2
vocabulary,vocabulary,词,NOUN,C1
vocal,vocal,直言的,ADJ,B2
vocal range,vocal range,词,NOUN,C1
vocalization,vocalization,词,NOUN,C1
vocation,vocation,词,NOUN,C1
vocationalization,vocationalization,词,NOUN,C1
vociferous,vociferous,词,ADJ,C1
vodka,vodka,词,NOUN,C1
voice command,voice command,声令,NOUN,B2
voiceover,voiceover,词,NOUN,C1
voicing,voicing,词,NOUN,C1
void,void,最无,NOUN,B2
volante,steering wheel,方向盘,NOUN,B2
volatility,volatility,词,NOUN,C1
volcanic,volcanic,词,ADJ,C1
volcar,to overturn,打翻,VERB,B2
volcán,volcano,火山,NOUN,B2
volition,volition,词,NOUN,C1
volleyball,volleyball,排球,NOUN,B2
voltage,voltage,词,NOUN,C1
voluble,voluble,词,ADJ,C1
volume measure,volume measure,词,NOUN,B2
volumen,bulk,主体,NOUN,B2
volumen,volume,体积,NOUN,B2
volumen,measure word for books,本,NUM,B2
volumetric,volumetric,词,ADJ,C1
voluminous,voluminous,词,ADJ,C1
voluntad del padre imperial,imperial father's will,父皇要,NOUN,B2
voluntariamente,voluntarily,自愿地,ADV,B2
voluntariness,voluntariness,词,NOUN,C1
voluntario,voluntary,自愿的,ADJ,B2
voluntarist,voluntarist,词,ADJ,C1
volunteer work,volunteer work,志愿工作,NOUN,B2
volunteering,volunteering,志愿服务,NOUN,B2
voluptuous,voluptuous,词,ADJ,C1
volver,to come back,回来,VERB,B2
volver a ver,to see again,再见,VERB,B2
volátil,volatile,易变的,ADJ,B2
vomit (noun),vomit,词,NOUN,B2
vomitar,to vomit,呕吐,VERB,B2
vomiting,vomiting,词,NOUN,C1
voracious,voracious,词,ADJ,C1
voracity,voracity,词,NOUN,C1
vorderbildung,vorderbildung,词,NOUN,C1
vordererziehung,vordererziehung,词,NOUN,C1
vorderfahrt,vorderfahrt,词,NOUN,C1
vorderfassung,vorderfassung,词,NOUN,B2
vorderforderung,vorderforderung,词,NOUN,C1
vordergabe,vordergabe,词,NOUN,C1
vordergestaltung,vordergestaltung,词,NOUN,C1
vorderkunft,vorderkunft,词,NOUN,C1
vorderleitung,vorderleitung,词,NOUN,B2
vordermessung,vordermessung,词,NOUN,C1
vordernahme,vordernahme,词,NOUN,C1
vorderordnung,vorderordnung,词,NOUN,C1
vorderpflegung,vorderpflegung,词,NOUN,C1
vorderrechnung,vorderrechnung,词,NOUN,C1
vorderregelung,vorderregelung,词,NOUN,C1
vorderrichtung,vorderrichtung,词,NOUN,B2
vorderschaft,vorderschaft,词,NOUN,C1
vorderschrift,vorderschrift,词,NOUN,C1
vordersetzung,vordersetzung,词,NOUN,B2
vordersicht,vordersicht,词,NOUN,C1
vordersinnung,vordersinnung,词,NOUN,B2
vordersprache,vordersprache,词,NOUN,C1
vorderstellung,vorderstellung,词,NOUN,C1
vordersucht,vordersucht,词,NOUN,C1
vordersuchung,vordersuchung,词,NOUN,C1
vorderteilung,vorderteilung,词,NOUN,C1
vordertheilung,vordertheilung,词,NOUN,C1
vordertreibung,vordertreibung,词,NOUN,C1
vorderwandel,vorderwandel,词,NOUN,B2
vorderwandlung,vorderwandlung,词,NOUN,C1
vorderweisung,vorderweisung,词,NOUN,B2
vorderwendung,vorderwendung,词,NOUN,C1
vorderwirkung,vorderwirkung,词,NOUN,C1
vorerziehung,vorerziehung,词,NOUN,B2
vorfahrt,vorfahrt,词,NOUN,C1
vorfassung,vorfassung,词,NOUN,C1
vorforderung,vorforderung,词,NOUN,C1
vorgabe,vorgabe,词,NOUN,C1
vorgestaltung,vorgestaltung,词,NOUN,C1
vorkunft,vorkunft,词,NOUN,C1
vornahme,vornahme,词,NOUN,C1
vorpflegung,vorpflegung,词,NOUN,C1
vorregelung,vorregelung,词,NOUN,C1
vorrichtung,vorrichtung,词,NOUN,C1
vorschaft,vorschaft,词,NOUN,C1
vorsetzung,vorsetzung,词,NOUN,C1
vorsicht,vorsicht,词,NOUN,C1
vorsinnung,vorsinnung,词,NOUN,C1
vorsprache,vorsprache,词,NOUN,C1
vorsucht,vorsucht,词,NOUN,C1
vorsuchung,vorsuchung,词,NOUN,C1
vorteilung,vorteilung,词,NOUN,B2
vortheilung,vortheilung,词,NOUN,B2
vortreibung,vortreibung,词,NOUN,C1
vorwandel,vorwandel,词,NOUN,B2
vorweisung,vorweisung,词,NOUN,C1
vorwirkung,vorwirkung,词,NOUN,C1
votación,voting,投票,NOUN,B2
votante,voter,选民,NOUN,B2
votar,vote,投票,NOUN,B2
votar,to vote,表决,VERB,B2
votary,votary,词,NOUN,C1
vote counting austerity,vote counting austerity,词,NOUN,C1
voto,vow,誓言,NOUN,B2
vouch,vouch,词,VERB,C1
vouchsafe,vouchsafe,词,VERB,C1
vowel,vowel,词,NOUN,C1
vowel inclination,vowel inclination,词,NOUN,C1
voyage,voyage,词,NOUN,B2
voyeur,voyeur,词,NOUN,C1
vs,vs,与...相对,ADP,B2
vulnerability,vulnerability,漏洞,NOUN,C1
vulnerable,vulnerable,易受伤害的,ADJ,B2
vía de circunvalación,ring road,绕城,NOUN,B2
vídeo,video,视频,NOUN,B2
vórtice,vortex,漩涡,NOUN,B2
wading,wading,词,NOUN,B2
waffle,waffle,词,NOUN,A2
waft,waft,词,VERB,C1
wage earner,wage earner,词,NOUN,C1
wage labor,wage labor,雇佣劳动,NOUN,B2
wage murder unit,wage murder unit,词,NOUN,B2
wage-related,wage-related,词,ADJ,C1
wager,wager,词,NOUN,C1
waggish,waggish,词,ADJ,C1
wagon,wagon,词,NOUN,B2
wahhabism,wahhabism,词,NOUN,C1
wailing,wailing,词,NOUN,B2
waist token,waist token,腰牌,NOUN,B2
wait for opportunity,wait for opportunity,伺机,VERB,C1
wait inside,wait inside,里候,NOUN,B2
wait-and-see,wait-and-see,观望的,ADJ,B2
waiter attendant,waiter attendant,服务员,NOUN,B2
waiting,waiting,等他,NOUN,C1
waiting hall,waiting hall,候车室,NOUN,B2
waive,waive,词,VERB,C1
wake up (noun),wake up,你醒醒,NOUN,C1
waken,waken,词,VERB,B2
walker,walker,词,NOUN,C1
walking,walking,词,NOUN,B1
wall fence,wall fence,词,NOUN,A2
wall-mounted,wall-mounted,词,ADJ,C1
wallow,wallow,词,VERB,C1
walnut,walnut,核桃,NOUN,B2
walnuts,walnuts,词,NOUN,B2
wan,wan,词,ADJ,B2
wanderer,wanderer,词,NOUN,C1
wandering monk,wandering monk,游方,NOUN,B2
want (adp),want,我要,ADP,A2
wanted one,wanted one,词,NOUN,B2
wanted person,wanted person,词,NOUN,C1
wanting you,wanting you,要你,NOUN,B2
wanton,wanton,词,ADJ,C1
wantonly,wantonly,大肆,ADV,B2
wantonness,wantonness,肆意,NOUN,C1
war cessation,war cessation,战息,NOUN,B2
warble (verb),warble,词,VERB,C1
warm-up,warm-up,词,NOUN,B1
warm-up match,warm-up match,热身赛,NOUN,C1
warmer,warmer,更暖的,ADJ,B2
warmly,warmly,热情地,ADV,B2
warmonger,warmonger,词,NOUN,C1
warning (adj),warning,词,ADJ,C1
warning sign,warning sign,警示牌,NOUN,C1
warrant,warrant,令状,NOUN,B2
warrior (part),warrior,士,PART,B2
warship,warship,词,NOUN,C1
wash (noun),wash,冲走,NOUN,C1
wash clothes,wash clothes,词,VERB,A1
waste disposal site,waste disposal site,词,NOUN,B1
waste of time,waste of time,浪费时间,NOUN,B2
waste residue,waste residue,废渣,NOUN,B2
waste sorting,waste sorting,垃圾分类,NOUN,C1
wastewater,wastewater,废水,NOUN,C1
watch of the night,watch of the night,词,NOUN,C1
watch over,watch over,词,VERB,C1
watched,watched,词,NOUN,B2
watchmaking,watchmaking,词,NOUN,C1
water caltrop,water caltrop,菱角,NOUN,C1
water chestnut,water chestnut,荸荠,NOUN,C1
water garment,water garment,水衣,NOUN,C1
water heater,water heater,热水器,NOUN,B2
water jug,water jug,词,NOUN,B2
water phase,water phase,水相,NOUN,C1
water polo,water polo,水球,NOUN,C1
water source,water source,水源,NOUN,C1
watercourse,watercourse,河道,NOUN,B1
watering,watering,词,NOUN,B2
watermelon seed,watermelon seed,西瓜子,NOUN,B2
watershed,watershed,词,NOUN,C1
waterskin,waterskin,词,NOUN,B2
watertight,watertight,,NOUN,B2
waterwheel,waterwheel,词,NOUN,C1
wave,wave,波浪,NOUN,B2
wave,to wave,挥手,VERB,B2
wave (adj),wave,词,ADJ,C1
waver,waver,动摇,VERB,C1
waves,waves,词,NOUN,B1
waxen,waxen,词,ADJ,C1
way home,way home,词,NOUN,C1
way of thinking,way of thinking,词,NOUN,B2
waylay,waylay,词,VERB,C1
we or us including both the speaker and the person s spoken to,we or us including both the speaker and the person s spoken to,咱们,PRON,B2
we two,we two,我俩,PRON,B2
we two (noun),we two,们俩,NOUN,C1
we us,we us,词,PRON,A2
weak point,weak point,弱点,NOUN,C1
weakened,weakened,词,ADJ,C1
weakening,weakening,减弱,NOUN,B2
weakly,weakly,词,ADV,C1
weal,weal,词,NOUN,C1
wealth,wealth,财富,NOUN,B2
wealthy easy,wealthy easy,词,ADJ,C1
wealthy nation,wealthy nation,富国,NOUN,C1
wean,to wean,断奶,VERB,B2
weaning,weaning,断奶,NOUN,B2
weapon arms,weapon arms,词,NOUN,A1
wear tear,wear tear,词,NOUN,C1
wearisome,wearisome,词,ADJ,C1
weather,weather,天气,NOUN,B2
weather forecast,weather forecast,词,NOUN,B1
weather institute,weather institute,词,NOUN,B2
weathering,weathering,词,NOUN,C1
weave,to weave,编织,VERB,B2
weaver,weaver,词,NOUN,B1
weaving,weaving,编织,NOUN,B2
webcam,webcam,网络摄像头,NOUN,B2
website,website,网站,NOUN,B2
wedding anniversary,wedding anniversary,结婚纪念日,NOUN,B2
wedding banquet,wedding banquet,喜酒,NOUN,C1
wedding ceremony,wedding ceremony,婚礼,NOUN,B2
wedding date,wedding date,婚期,NOUN,C1
wedding photo,wedding photo,婚纱照,NOUN,B2
weed,weed,杂草,NOUN,B2
weeding,weeding,词,NOUN,C1
weeds,weeds,词,NOUN,C1
week number,week number,周次,NOUN,B2
weekday,weekday,工作日,NOUN,B2
weekend,weekend,周末,NOUN,B2
weekly,weekly,每周的,ADJ,B2
weekly (adv),weekly,按周,ADV,C1
weekly (noun),weekly,周刊,NOUN,B2
weekly newspaper,weekly newspaper,周报,NOUN,C1
weekly test,weekly test,周测,NOUN,B2
weep,to weep,哭泣,VERB,B2
weeping,weeping,痛哭,NOUN,C1
weighing,weighing,词,NOUN,B2
weight training,weight training,词,NOUN,C1
weightlifting,weightlifting,举重,NOUN,B2
weird,weird,奇怪的,ADJ,B2
weirdo,weirdo,怪人,NOUN,B2
weiterziehung,weiterziehung,词,NOUN,C1
weitfahrt,weitfahrt,词,NOUN,C1
weitfassung,weitfassung,词,NOUN,C1
weitforderung,weitforderung,词,NOUN,C1
weitgabe,weitgabe,词,NOUN,C1
weitgestaltung,weitgestaltung,词,NOUN,C1
weitkunft,weitkunft,词,NOUN,C1
weitnahme,weitnahme,词,NOUN,C1
weitpflegung,weitpflegung,词,NOUN,C1
weitregelung,weitregelung,词,NOUN,B2
weitrichtung,weitrichtung,词,NOUN,C1
weitschaft,weitschaft,词,NOUN,C1
weitschrift,weitschrift,词,NOUN,C1
weitsetzung,weitsetzung,词,NOUN,C1
weitsicht,weitsicht,词,NOUN,B2
weitsinnung,weitsinnung,词,NOUN,C1
weitsprache,weitsprache,词,NOUN,C1
weitsucht,weitsucht,词,NOUN,C1
weitsuchung,weitsuchung,词,NOUN,B2
weitteilung,weitteilung,词,NOUN,B2
weittheilung,weittheilung,词,NOUN,C1
weittreibung,weittreibung,词,NOUN,C1
weitwandel,weitwandel,词,NOUN,B2
weitweisung,weitweisung,词,NOUN,B2
weitwirkung,weitwirkung,词,NOUN,C1
welcome,welcome,受欢迎的,ADJ,B2
welcome (intj),welcome,词,INTJ,A1
welcome banquet,welcome banquet,欢迎宴,NOUN,B2
welcome committee,welcome committee,,NOUN,B2
weld,weld,词,VERB,C1
welder,welder,词,NOUN,C1
welding,welding,焊接,NOUN,B2
welfare,welfare,福利,NOUN,B2
welfare home,welfare home,福利院,NOUN,C1
well,well,好吧,INTJ,B2
well (noun),well,水井,NOUN,B2
well known,well known,家喻户晓,ADJ,C1
well-behaved,well-behaved,词,ADJ,B2
well-considered,well-considered,深思熟虑的,ADJ,B2
well-crafted,well-crafted,词,ADJ,B2
well-disposed,well-disposed,善意的,ADJ,B2
well-fitting of clothes,well-fitting of clothes,合身,NOUN,B2
well-groomed,well-groomed,整洁的,ADJ,B2
well-read,well-read,词,ADJ,C1
well-received,well-received,喜闻乐见,ADJ,B2
well-timed,well-timed,合时,ADJ,B2
wellness,wellness,我好,NOUN,C1
welter,welter,词,NOUN,C1
wend,wend,词,VERB,C1
werewolf,werewolf,狼人,NOUN,B2
western,western,西方的,ADJ,B2
western regions,western regions,西域,NOUN,B2
westerner,westerner,词,NOUN,B2
westward,westward,向西,ADV,B2
westward (noun),westward,往西,NOUN,B2
wet,wet,湿的,ADJ,B2
wet nurse,wet nurse,词,NOUN,B1
wet shoes,wet shoes,鞋子湿,NOUN,C1
wet wipe,wet wipe,湿巾,NOUN,C1
wetland,wetland,湿地,NOUN,B2
whale,whale,鲸鱼,NOUN,B2
what,what,什么,ADV,B2
what (noun),what,有何,NOUN,C1
what about you,what about you,那你呢,NOUN,C1
what extent,what extent,在何种程度上,ADV,B2
what for,what for,词,ADV,A2
what is known,what is known,所知,NOUN,C1
what is said,what is said,所说,NOUN,C1
what is wrong,what is wrong,咋了,NOUN,C1
what kind,what kind,什么样,PRON,B2
what kind of,what kind of,什么样的,PRON,B2
what manner,what manner,成何,NOUN,C1
whatsoever,whatsoever,词,DET,B2
wheat,wheat,小麦,NOUN,B2
wheedle,wheedle,词,VERB,C1
wheel hub,wheel hub,轮毂,NOUN,C1
wheelchair,wheelchair,轮椅,NOUN,B2
when (adp),when,之时,ADP,B2
when than,when than,词,SCONJ,A2
when the time comes,when the time comes,到时候,ADV,B2
whenever,whenever,词,NOUN,B2
where (pron),where,哪儿,PRON,B2
where from,where from,哪来,PRON,B2
where i,where i,,NOUN,B2
where person,where person,人哪,NOUN,C1
where to,where to,词,ADV,A2
whereas (cconj),whereas,词,CCONJ,B2
whereas (sconj),whereas,词,SCONJ,C1
whereas since,whereas since,词,SCONJ,A2
whereby,whereby,其中,ADV,B2
wherever (adv),wherever,词,ADV,B1
wherever (cconj),wherever,词,CCONJ,C1
whet,whet,词,VERB,C1
whether,whether,能否,NOUN,B2
whether (part),whether,词,PART,A1
whether (sconj),whether,是否,SCONJ,A2
whether or not,whether or not,是否,SCONJ,B2
whey,whey,乳清,NOUN,B2
which,which,哪个,DET,B2
which one,which one,哪一个,PRON,B2
which ones,which ones,哪些,PRON,B2
which seat,which seat,哪座,NOUN,B2
whimsical,whimsical,词,ADJ,C1
whimsy,whimsy,词,NOUN,C1
whine,to whine,哀叹,VERB,B2
whip (noun),whip,鞭,NOUN,B2
whirl,whirl,词,VERB,C1
whirlwind,whirlwind,旋风；漩涡,NOUN,B2
whirring,whirring,词,NOUN,C1
whisk,whisk,打蛋器,NOUN,B2
whisk whip,whisk whip,词,NOUN,B1
whistle,whistle,口哨,NOUN,B2
whistle,to whistle,吹口哨,VERB,B2
whistling,whistling,词,NOUN,C1
white blood cell,white blood cell,白细胞,NOUN,B2
whiting,whiting,词,NOUN,B2
whittle,whittle,词,VERB,C1
who (noun),who,谁敢,NOUN,B2
who believes,who believes,谁信,NOUN,C1
who polite,who polite,哪位,PRON,B2
who takes,who takes,谁拿,NOUN,C1
whoever,whoever,词,PRON,B2
whole,whole,整体,NOUN,B2
whole body,whole body,全身,NOUN,B2
whole family,whole family,一家人,NOUN,B2
whole night,whole night,整夜,ADV,C1
whole world,whole world,全世界,NOUN,B2
wholehearted,wholehearted,词,ADJ,C1
wholesale,wholesale,批发,NOUN,B2
wholesale (adv),wholesale,词,ADV,B1
wholesome,wholesome,词,ADJ,C1
whom,whom,谁,PRON,B2
whore,whore,妓女,NOUN,B2
whose,whose,谁的,PRON,B2
whose (det),whose,词,DET,B2
why,why,为什么,ADV,B2
why bother,why bother,何必,ADV,B2
why not,why not,何不,ADV,B2
wick,wick,词,NOUN,C1
widespread,widespread,广泛的,ADJ,B2
widowhood,widowhood,词,NOUN,C1
width,width,宽度,NOUN,B2
wiederbildung,wiederbildung,词,NOUN,C1
wiedererziehung,wiedererziehung,词,NOUN,B2
wiederfahrt,wiederfahrt,词,NOUN,B2
wiederfassung,wiederfassung,词,NOUN,C1
wiederforderung,wiederforderung,词,NOUN,C1
wiedergabe,wiedergabe,词,NOUN,C1
wiedergestaltung,wiedergestaltung,词,NOUN,C1
wiederkunft,wiederkunft,词,NOUN,B2
wiederleitung,wiederleitung,词,NOUN,B2
wiedermessung,wiedermessung,词,NOUN,C1
wiedernahme,wiedernahme,词,NOUN,C1
wiederordnung,wiederordnung,词,NOUN,B2
wiederpflegung,wiederpflegung,词,NOUN,C1
wiederrechnung,wiederrechnung,词,NOUN,C1
wiederregelung,wiederregelung,词,NOUN,C1
wiederrichtung,wiederrichtung,词,NOUN,C1
wiederschaft,wiederschaft,词,NOUN,C1
wiederschrift,wiederschrift,词,NOUN,C1
wiedersetzung,wiedersetzung,词,NOUN,C1
wiedersicht,wiedersicht,词,NOUN,B2
wiedersinnung,wiedersinnung,词,NOUN,B2
wiedersprache,wiedersprache,词,NOUN,B2
wiederstellung,wiederstellung,词,NOUN,C1
wiedersucht,wiedersucht,词,NOUN,B2
wiedersuchung,wiedersuchung,词,NOUN,B2
wiederteilung,wiederteilung,词,NOUN,C1
wiedertheilung,wiedertheilung,词,NOUN,C1
wiedertreibung,wiedertreibung,词,NOUN,B2
wiederwandel,wiederwandel,词,NOUN,C1
wiederwandlung,wiederwandlung,词,NOUN,C1
wiederweisung,wiederweisung,词,NOUN,C1
wiederwendung,wiederwendung,词,NOUN,C1
wiederwirkung,wiederwirkung,词,NOUN,C1
wife,wife,妻子,NOUN,B2
wife mrs,wife mrs,妻子/夫人,NOUN,B2
wig,wig,假发,NOUN,B2
wild boar,wild boar,词,NOUN,C1
wild ghost,wild ghost,野鬼……,NOUN,C1
wild ones,wild ones,词,NOUN,C1
wilderness,wilderness,荒野,NOUN,B2
wildlife,wildlife,词,NOUN,C1
wile,wile,词,NOUN,C1
will,will,将要,AUX,B2
will (adv),will,将,ADV,C1
will give majesty,will give majesty,会给陛,NOUN,C1
will not (aux),will not,不会,AUX,B2
will not (part),will not,词,PART,A1
will shall,will shall,将要/会,AUX,B2
will surely,will surely,定会,AUX,B2
will surely (adv),will surely,总会,ADV,C1
will willpower,will willpower,词,NOUN,B2
willful,willful,任性的,ADJ,B2
willing,willing,肯,AUX,B2
willing to hear,willing to hear,愿闻,NOUN,C1
willingness,willingness,乐意,NOUN,B2
willow,willow,词,NOUN,B2
willowy,willowy,词,ADJ,C1
wily,wily,词,ADJ,C1
wimp,wimp,懦夫,NOUN,B2
win,win,胜利,NOUN,B2
win bid,win bid,中标,VERB,C1
wince,wince,词,VERB,C1
wind (adj),wind,词,ADJ,C1
wind direction,wind direction,风向,NOUN,C1
wind energy,wind energy,风能,NOUN,C1
wind force,wind force,风力,NOUN,B2
wind speed,wind speed,风速,NOUN,B2
windfall,windfall,意外之财,NOUN,B2
windless,windless,无风的,ADJ,B2
windmill,windmill,词,NOUN,B2
window frame,window frame,窗框,NOUN,C1
window glass,window glass,窗玻璃,NOUN,B2
windowsill,windowsill,窗台,NOUN,C1
windproof,windproof,挡风的,ADJ,B2
windy,windy,有风的,ADJ,B2
windy day,windy day,风天,NOUN,B2
wine cup,wine cup,这酒盏,NOUN,B2
wing,wing,翅膀,NOUN,B2
wings,wings,翅子,NOUN,C1
wink,to wink,眨眼,VERB,B2
winning,winning,词,ADJ,C1
winning bid price,winning bid price,中标价,NOUN,B2
winnow,to winnow,筛选,VERB,B2
winsome,winsome,词,ADJ,C1
winter melon,winter melon,冬瓜,NOUN,C1
winter vacation,winter vacation,寒假,NOUN,B2
winter worm,winter worm,冬虫,NOUN,C1
wintering,wintering,连过冬,NOUN,C1
wiper,wiper,雨刷,NOUN,B2
wired,wired,词,ADJ,C1
wireless,wireless,无线的,ADJ,B2
wisdom,wisdom,智慧,NOUN,B2
wisely,wisely,明智地,ADV,B2
wishful thinking,wishful thinking,你休想,NOUN,C1
wistful,wistful,词,ADJ,C1
witch hunt,witch hunt,词,NOUN,C1
with each other,with each other,词,ADV,A2
with it,with it,在其中,ADV,B2
with that,with that,以此,ADV,B2
with the aim of,with the aim of,词,ADP,C1
with this,with this,以此,ADV,B2
with what,with what,用什么,ADV,B2
with which,with which,词,PRON,A2
withdraw a lawsuit,withdraw a lawsuit,撤诉,VERB,B2
withdrawal fold,withdrawal fold,词,NOUN,C1
withdrawn,withdrawn,词,ADJ,B2
withering,withering,词,NOUN,C1
within one's power,within one's power,力所能及,ADJ,B2
without (sconj),without,词,SCONJ,B1
without exception,without exception,无例外的,ADV,B2
without further ado,without further ado,毫不犹豫地,ADV,B2
withstand,withstand,词,VERB,C1
witness examination,witness examination,证人询问,NOUN,B2
witness female,witness female,词,NOUN,B2
witness protection,witness protection,,NOUN,B2
witticism,witticism,词,NOUN,C1
wittiness,wittiness,风趣,NOUN,B2
wizened,wizened,词,ADJ,C1
woe (intj),woe,词,INTJ,B2
woe (noun),woe,词,NOUN,C1
woman-like,woman-like,妇似,NOUN,C1
women,women,词,NOUN,B2
women and children,women and children,妇孺,NOUN,C1
won't do (adj),won't do,不行,ADJ,B2
wonder (noun),wonder,太妙,NOUN,C1
wonderful,wonderful,极好地,ADV,B2
wont,wont,词,NOUN,C1
wonton,wonton,馄饨,NOUN,C1
wooden,wooden,木制的,ADJ,B2
woods,woods,林子,NOUN,B2
woody,woody,词,ADJ,C1
word choice,word choice,措辞,NOUN,B2
wording,wording,措辞,NOUN,B2
words,words,多说,NOUN,C1
work and rest,work and rest,作息,NOUN,B2
work book,work book,词,NOUN,B1
work environment,work environment,工作环境,NOUN,B2
work task,work task,工作任务,NOUN,B2
work to work,work to work,工作,NOUN,A1
workable,workable,可加工的,ADJ,B2
worker laborer,worker laborer,词,NOUN,B1
workforce,workforce,词,NOUN,B2
working class,working class,工人阶级,NOUN,B2
working day,working day,工作日,NOUN,B2
working method,working method,工作方式,NOUN,B2
workout,workout,词,NOUN,C1
works,works,词,NOUN,B2
workshops,workshops,词,NOUN,B2
world champion,world champion,世界冠军,NOUN,B2
world famous,world famous,举世闻名,ADJ,B2
world record,world record,世界纪录,NOUN,B2
world-famous,world-famous,词,ADJ,C1
worldliness,worldliness,词,NOUN,C1
worldly,worldly,世俗的,ADJ,B2
wormwood,wormwood,词,NOUN,A2
worn out,worn out,词,ADJ,C1
worries about the rear,worries about the rear,后顾之忧,NOUN,B2
worry relief,worry relief,排忧,NOUN,B2
worry-free,worry-free,无忧,NOUN,B2
worrying,worrying,令人担忧的,ADJ,B2
worse,worse,更糟的事,NOUN,B2
worsening,worsening,词,NOUN,C1
worst,worst,最坏的,ADJ,B2
worst (adv),worst,词,ADV,C1
worst (noun),worst,词,NOUN,C1
worst thing,worst thing,最坏的事,NOUN,B2
worth mentioning,worth mentioning,值得一提的,ADJ,B2
worth seeing,worth seeing,词,ADJ,C1
worthiness,worthiness,真配,NOUN,C1
worthless,worthless,无价值的,ADJ,B2
worthwhile (adj),worthwhile,词,ADJ,C1
worthwhile (noun),worthwhile,合算,NOUN,B2
worthy of the name,worthy of the name,名副其实,ADJ,B2
would,would,将要,AUX,B2
would like,would like,词,AUX,A2
would rather (adv),would rather,宁可,ADV,B1
would rather (sconj),would rather,宁愿,SCONJ,B2
wounded (noun),wounded,伤兵,NOUN,B2
woven rug,woven rug,词,NOUN,C1
wow,wow,哇,INTJ,B2
wraith,wraith,词,NOUN,C1
wrangle,wrangle,词,VERB,C1
wreckage,wreckage,词,NOUN,C1
wrench,wrench,词,NOUN,C1
wretched,wretched,词,ADJ,C1
wretchedness,wretchedness,悲惨,NOUN,C1
wrinkled crumpled,wrinkled crumpled,词,ADJ,B1
wrinkles,wrinkles,词,NOUN,B2
wrinkling,wrinkling,起皱,NOUN,C1
writ,writ,词,NOUN,C1
writhe,writhe,词,VERB,C1
written claim,written claim,词,NOUN,C1
written instruction,written instruction,批示,NOUN,C1
wrongdoer,wrongdoer,罪犯,NOUN,B2
wrongful conviction,wrongful conviction,冤案,NOUN,B2
wry,wry,词,ADJ,C1
x-ray,x-ray,X光片,NOUN,B2
xenophobia,xenophobia,排外心理,NOUN,B2
xerography,xerography,词,NOUN,C1
xiao,xiao,箫,NOUN,C1
xiulian,xiulian,秀莲,NOUN,B2
yacht,yacht,词,NOUN,B2
yard,yard,院子,NOUN,B2
yeah,yeah,词,INTJ,A1
yeah yeah,yeah yeah,是是是,INTJ,B2
year after year,year after year,年复一年,ADV,C1
year beginning,year beginning,年初,NOUN,C1
year by year,year by year,逐年,ADV,B2
year of age,year of age,岁,NOUN,A1
year-old,year-old,词,ADJ,A1
year-round,year-round,常年,NOUN,C1
yearling sheep,yearling sheep,词,NOUN,B2
years,years,数年,NOUN,B2
yeast,yeast,酵母,NOUN,B2
yell,to yell,大吼,VERB,B2
yeoman,yeoman,词,NOUN,C1
yep,yep,是的,INTJ,B2
yes,yes,是啊,NOUN,B2
yes (adv),yes,词,ADV,A2
yes (part),yes,是的,PART,B2
yes indeed,yes indeed,正是,INTJ,B2
yes indeed (adv),yes indeed,词,ADV,B2
yeso,plaster,石膏,NOUN,B2
yesterday,yesterday,بارحة,NOUN,B2
yesteryear,yesteryear,词,NOUN,C1
yet,yet,还,ADV,B2
yield,yield,产量,NOUN,B2
yikes,yikes,哎呀,INTJ,B2
yin needle,yin needle,阴针,NOUN,C1
yin púrpura,purple yin,紫阴,NOUN,B2
yo,yo,哟,PART,B2
yoga,yoga,瑜伽,NOUN,B2
yoga practice,yoga practice,瑜伽练习,NOUN,B2
yogurt,yogurt,酸奶,NOUN,B2
yoke,yoke,枷锁,NOUN,B2
yore,yore,词,NOUN,C1
you (noun),you,你刚,NOUN,C1
you accusative,you accusative,词,PRON,A2
you and I,you and I,我和你,NOUN,B2
you are,you are,您在,NOUN,C1
you can,you can,您能,NOUN,B2
you cannot live,you cannot live,你也活不,NOUN,B2
you dative,you dative,词,PRON,A2
you except,you except,你除,NOUN,B2
you female,you female,妳,PRON,C1
you feminine,you feminine,词,PRON,A1
you formal,you formal,您,PRON,B2
you masculine,you masculine,词,PRON,A1
you polite,you polite,您,PRON,B2
you scared me,you scared me,你吓死我,NOUN,B2
you take,you take,你拿,NOUN,B2
you two,you two,你俩,NOUN,C1
you want sword,you want sword,你要剑……,NOUN,B2
you're welcome,you're welcome,不客气,INTJ,A1
young hero,young hero,少侠,NOUN,C1
young lady,young lady,小姐,NOUN,B2
young man,young man,年轻人,NOUN,B2
young master,young master,少庄主,NOUN,B2
young person,young person,年轻人,NOUN,B2
young wife,young wife,小媳,NOUN,B2
younger,younger,较年轻的,ADJ,B2
younger brother,younger brother,弟弟,NOUN,B2
younger sibling,younger sibling,词,NOUN,C1
younger sister,younger sister,妹妹,NOUN,A1
youngest,youngest,最年轻的,ADJ,B2
your,your,你的,PRON,B2
your arrow,your arrow,若非你一箭,NOUN,B2
your escort,your escort,您押,NOUN,C1
your excess,your excess,你多,NOUN,C1
your head,your head,你头上,NOUN,B2
your laugh,your laugh,你笑,NOUN,B2
your majesty,your majesty,陛下,NOUN,B2
your parents,your parents,你爹娘,NOUN,B2
your photo,your photo,照你,NOUN,B2
your pl,your pl,你们的,DET,B2
your plural,your plural,你们的,DET,B2
your plural (pron),your plural,词,PRON,A2
your reckoning,your reckoning,你算,NOUN,C1
your son,your son,儿臣,NOUN,B1
your trouble,your trouble,有劳你,NOUN,B2
your word,your word,听你,NOUN,B2
your wound,your wound,你这伤,NOUN,B2
yours,yours,你的,PRON,B2
yourself,yourself,你自己,PRON,B2
youth culture,youth culture,词,NOUN,C1
youth people,youth people,词,NOUN,C1
youth trauma,youth trauma,童年创伤,NOUN,B2
youthful vigor,youthful vigor,词,NOUN,C1
yuan Chinese currency,yuan Chinese currency,元,NOUN,A1
yuanxiao,yuanxiao,元宵,NOUN,B2
yuca,cassava,木薯,NOUN,B2
yuck,yuck,呸,INTJ,B2
zajal,zajal,词,NOUN,B2
zany,zany,词,ADJ,C1
zapatos,shoes,鞋子,NOUN,B2
zealot,zealot,词,NOUN,C1
zealous,zealous,词,ADJ,C1
zellige tiles,zellige tiles,词,NOUN,A2
zen master,zen master,禅师,NOUN,B2
zenith,zenith,顶点,NOUN,B2
zephyr,zephyr,词,NOUN,C1
zererziehung,zererziehung,词,NOUN,C1
zerfahrt,zerfahrt,词,NOUN,C1
zerfassung,zerfassung,词,NOUN,C1
zerforderung,zerforderung,词,NOUN,C1
zergabe,zergabe,词,NOUN,C1
zergestaltung,zergestaltung,词,NOUN,C1
zerkunft,zerkunft,词,NOUN,C1
zernahme,zernahme,词,NOUN,B2
zero,zero,零,NOUN,B2
zeroing,zeroing,词,NOUN,C1
zerpflegung,zerpflegung,词,NOUN,C1
zerregelung,zerregelung,词,NOUN,B2
zerrichtung,zerrichtung,词,NOUN,C1
zerschaft,zerschaft,词,NOUN,C1
zerschrift,zerschrift,词,NOUN,C1
zersetzung,zersetzung,词,NOUN,C1
zersicht,zersicht,词,NOUN,B2
zersinnung,zersinnung,词,NOUN,C1
zersprache,zersprache,词,NOUN,C1
zersucht,zersucht,词,NOUN,B2
zersuchung,zersuchung,词,NOUN,B2
zerteilung,zerteilung,词,NOUN,B2
zertheilung,zertheilung,词,NOUN,C1
zertreibung,zertreibung,词,NOUN,C1
zerwandel,zerwandel,词,NOUN,C1
zerweisung,zerweisung,词,NOUN,C1
zerwirkung,zerwirkung,词,NOUN,C1
zest,zest,词,NOUN,C1
zesty,zesty,词,ADJ,C1
zhuang he,zhuang he,庄郃,NOUN,B2
zinc,zinc,锌,NOUN,B2
zodiac sign,zodiac sign,属相,NOUN,B2
zombie,zombie,僵尸,NOUN,B2
zongzi,zongzi,粽子,NOUN,B2
zoo,zoo,动物园,NOUN,B2
zorro,fox,狐狸,NOUN,B2
zucchini,zucchini,西葫芦,NOUN,B2
zuerziehung,zuerziehung,词,NOUN,C1
zufahrt,zufahrt,词,NOUN,B2
zufassung,zufassung,词,NOUN,C1
zuforderung,zuforderung,词,NOUN,C1
zugabe,zugabe,词,NOUN,C1
zugestaltung,zugestaltung,词,NOUN,C1
zukunft,zukunft,词,NOUN,C1
zunahme,zunahme,词,NOUN,C1
zupflegung,zupflegung,词,NOUN,C1
zuregelung,zuregelung,词,NOUN,C1
zurichtung,zurichtung,词,NOUN,B2
zuschaft,zuschaft,词,NOUN,B2
zuschrift,zuschrift,词,NOUN,C1
zusetzung,zusetzung,词,NOUN,C1
zusicht,zusicht,词,NOUN,B2
zusinnung,zusinnung,词,NOUN,C1
zusprache,zusprache,词,NOUN,B2
zusucht,zusucht,词,NOUN,C1
zusuchung,zusuchung,词,NOUN,C1
zuteilung,zuteilung,词,NOUN,C1
zutheilung,zutheilung,词,NOUN,C1
zutreibung,zutreibung,词,NOUN,C1
zuwandel,zuwandel,词,NOUN,C1
zuweisung,zuweisung,词,NOUN,C1
zuwirkung,zuwirkung,词,NOUN,C1
ágil,agile,敏捷的,ADJ,B2
águila,eagle,鹰,NOUN,B2
álbum,album,相册,NOUN,B2
álgebra,algebra,代数,NOUN,B2
ámbito de jurisdicción,jurisdiction area,辖区,NOUN,B2
área,area,区域,NOUN,B2
átomo,atom,原子,NOUN,B2
él,him,他吧,NOUN,B2
ética,ethics,伦理学,NOUN,B2
ímpetu,momentum,势头,NOUN,B2
órgano,organ,器官,NOUN,B2
óxido,oxide,氧化物,NOUN,B2
óxido,rust,铁锈,NOUN,B2
úlcera,ulcer,溃疡,NOUN,B2
útil,helpful,有帮助的,ADJ,B2
