Swedish_Lemma,English_Lemma,Chinese_Lemma,POS,CEFR
-t,-ly,地,PART,B2
lite,a bit,一点,ADV,B2
liten,a little,一点,ADJ,B2
gift par,a married couple,夫妇,NOUN,B2
par,a pair,一对,NUM,B2
hög,a pile,一堆,NUM,B2
brunn,a well,井,NOUN,B2
stund,a while,一会儿,NOUN,B2
avsky,to abhor,憎恶,VERB,B2
förmågen,able,能够的,ADJ,B2
avskaffa,to abolish,废除,VERB,B2
erosion,abrasion,擦伤,NOUN,B2
utlandet,abroad,国外,NOUN,B2
plötslig,abrupt,突然的,ADJ,B2
fly,to abscond,潜逃,VERB,B2
bortavänt,absent-mindedness,心不在焉,NOUN,B2
absolut,absolute,绝对的,ADJ,B2
absorbera,to absorb,吸收,VERB,B2
avstå,to abstain,克制,VERB,B2
abstraktion,abstraction,抽象,NOUN,B2
obegriplig,abstruse,深奥的,ADJ,B2
överflödande,abundant,丰富的,ADJ,B2
missbruka,abuse,滥用,NOUN,B2
missbruka,to abuse,滥用,VERB,B2
avgrund,abyss,深渊,NOUN,B2
acceptans,acceptance,接受,NOUN,B2
tillfällig,accidental,偶然的,ADJ,B2
tillfälligt,accidentally,意外地,ADV,B2
hysa,to accommodate,容纳,VERB,B2
boende,accommodation,住宿,NOUN,B2
åtfölja,to accompany,陪伴,VERB,B2
överensstämmelse,accord with,合乎,NOUN,B2
ansvarsskyldighet,accountability,问责制,NOUN,B2
revisor,accountant,会计师,NOUN,B2
redovisning,accounting,会计,NOUN,B2
ackreditera,to accredit,认可,VERB,B2
ackrediterad,accredited,认可的,ADJ,B2
tillfalla,to accrue,积累,VERB,B2
ackumulera,to accumulate,积累,VERB,B2
ackumulation,accumulation,积累,NOUN,B2
korrekt,accurate,准确的,ADJ,B2
syra,acid,酸,NOUN,B2
surhet,acidity,酸度,NOUN,B2
akustik,acoustics,声学,NOUN,B2
förvärv,acquisition,获得,NOUN,B2
frikänna,to acquit,宣告无罪,VERB,B2
bitterhet,acrimony,尖刻,NOUN,B2
akrobat,acrobat,杂技演员,NOUN,B2
över,across,穿过,ADP,B2
samverkan,act jointly,合伙,NOUN,B2
handling,action,行动,NOUN,B2
beroende,addicted,上瘾的,ADJ,B2
beroende,addiction,上瘾,NOUN,B2
tillägg,addition,增加,NOUN,B2
ytterligare,additional,额外的,ADJ,B2
tillräcklig,adequate,足够的,ADJ,B2
närhet,adjacency,邻接,NOUN,B2
angränsande,adjacent,邻近的,ADJ,B2
justera,to adjust,调整,VERB,B2
administrativ,administrative,行政的,ADJ,B2
visserligen,admittedly,诚然,ADV,B2
förmana,to admonish,告诫,VERB,B2
aggressivitet,aggressiveness,攻击性,NOUN,B2
agil,agile,敏捷的,ADJ,B2
agilitet,agility,敏捷,NOUN,B2
ångest,agony,极度痛苦,NOUN,B2
jordbruks,agricultural,农业的,ADJ,B2
jordbruk,agriculture,农业,NOUN,B2
åh,ah,啊,INTJ,B2
mål,aim,目标,NOUN,B2
luftkonditionering,air conditioning,空调,NOUN,B2
luftförsvar,air defense,防空,NOUN,B2
alarmklocka,alarm clock,闹钟,NOUN,B2
alarmant,alarming,令人担忧的,ADJ,B2
ack,alas,唉,INTJ,B2
larm,alert,警报,NOUN,B2
algoritm,algorithm,算法,NOUN,B2
främmandegörande,alienation,异化,NOUN,B2
justering,alignment,结盟,NOUN,B2
underhåll,alimony,赡养费,NOUN,B2
levande,alive,活着的,ADJ,B2
allt,all,全部,ADV,B2
hela dagen,all day long,一整天,NOUN,B2
påstådd,alleged,所谓的,ADJ,B2
påstås,allegedly,据称,ADV,B2
allergi,allergy,过敏,NOUN,B2
dold läge,allow hiding,许躲,NOUN,B2
bidrag,allowance,津贴,NOUN,B2
legering,alloy,合金,NOUN,B2
analytiker,analyst,分析师,NOUN,B2
anarki,anarchy,无政府状态,NOUN,B2
förfader,ancestor,祖先,NOUN,B2
ankra,anchor,锚,NOUN,B2
ankra,to anchor,抛锚,VERB,B2
antik,ancient,古老的,ADJ,B2
forntiden,ancient times,古代,NOUN,B2
och,and,重而,NOUN,B2
och så vidare,and so forth,依此类推,ADV,B2
och så vidare,and so on,之类,NOUN,B2
anekdot,anecdote,轶事,NOUN,B2
anestesi,anesthesia,麻醉,NOUN,B2
bedövningsmedel,anesthetic,麻醉剂,NOUN,B2
ångest,anguish,痛苦,NOUN,B2
animerad film,animated film,动画片,NOUN,B2
fiendskap,animosity,敌意,NOUN,B2
vrist,ankle,脚踝,NOUN,B2
annexera,annex,附件,NOUN,B2
annexera,to annex,兼并,VERB,B2
förintelse,annihilation,寂灭,NOUN,B2
årsdag,anniversary,周年纪念,NOUN,B2
annotera,to annotate,注释,VERB,B2
kungörelse,announcement,公告,NOUN,B2
irritera,to annoy,使恼怒,VERB,B2
irritation,annoyance,烦恼,NOUN,B2
årsredovisning,annual report,年报,NOUN,B2
årligen,annually,每年,ADV,B2
anomi,anomaly,异常,NOUN,B2
besvara,to answer reply,回答,VERB,B2
svarmaskin,answering machine,邮箱,NOUN,B2
antenn,antenna,天线,NOUN,B2
antologi,anthology,选集,NOUN,B2
antropologi,anthropology,人类学,NOUN,B2
antropomorfism,anthropomorphism,拟人化,NOUN,B2
antiabstraktion,anti-abstraction,反抽,NOUN,B2
antiaktion,anti-action,反作,NOUN,B2
antigeneralitet,anti-generality,反般,NOUN,B2
antiintegration,anti-integration,反合,NOUN,B2
antimått,anti-measure,反度,NOUN,B2
antiomnipresens,anti-omnipresence,反遍,NOUN,B2
antikrig,anti-war,反战,NOUN,B2
antikropp,antibody,抗体,NOUN,B2
förvänta,to anticipate,预期,VERB,B2
förväntan,anticipation,预期,NOUN,B2
antik,antique,古老的,ADJ,B2
antiseptikum,antiseptic,防腐剂,NOUN,B2
antites,antithesis,对立面,NOUN,B2
orolig,anxious,焦虑的,ADJ,B2
någon,any,任何,DET,B2
någon,anyone,任何人,PRON,B2
apokryf,apocryphal,杜撰的,ADJ,B2
beklama,to apologize,道歉,VERB,B2
ursäkt,apology,道歉,NOUN,B2
avfall,apostasy,叛教,NOUN,B2
beropa,to appeal,呼吁,VERB,B2
freda,to appease,安抚,VERB,B2
applaudera,to applaud,鼓掌,VERB,B2
tillämplighet,applicability,适用性,NOUN,B2
sökande,applicant,申请人,NOUN,B2
gipsa,to apply a cast,打石膏,VERB,B2
sminka,to apply makeup,化妆,VERB,B2
anställning,appointment,预约,NOUN,B2
bedöma,to appraise,评估,VERB,B2
tackfest,appreciation banquet,答谢宴,NOUN,B2
gripa,to apprehend,逮捕,VERB,B2
gripande,apprehension,忧虑,NOUN,B2
lärling,apprentice,学徒,NOUN,B2
lärlingskap,apprenticeship,学徒期,NOUN,B2
lämplig,appropriate,适当的,ADJ,B2
aprikos,apricot,杏,NOUN,B2
förkläde,apron,围裙,NOUN,B2
arabesk,arabesque,阿拉伯式花纹,NOUN,B2
godtycklig,arbitrary,任意的,ADJ,B2
arbitrera,to arbitrate,仲裁,VERB,B2
skiljedom,arbitration,仲裁,NOUN,B2
båge,arch,拱门,NOUN,B2
arkeologisk,archaeological,考古的,ADJ,B2
arkeologi,archaeology,考古学,NOUN,B2
arkaisk,archaic,古老的,ADJ,B2
arkaism,archaism,古语,NOUN,B2
ögrupp,archipelago,群岛,NOUN,B2
arkitekt,architect,建筑师,NOUN,B2
arkitektonisk,architectural,建筑的,ADJ,B2
arkitektur,architecture,建筑,NOUN,B2
glöd,ardor,热情,NOUN,B2
besvärlig,arduous,艰巨的,ADJ,B2
aristokrati,aristocracy,贵族阶层,NOUN,B2
aristokrat,aristocrat,贵族,NOUN,B2
rustning,armor,盔甲,NOUN,B2
uppväcka,to arouse,引起,VERB,B2
efterbetalning,arrears,欠款,NOUN,B2
övermod,arrogance,傲慢,NOUN,B2
övermodig,arrogant,傲慢的,ADJ,B2
konstgalleri,art gallery,美术馆,NOUN,B2
artär,artery,动脉,NOUN,B2
artikulera,to articulate,清晰表达,VERB,B2
list,artifice,诡计,NOUN,B2
astronaut,astronaut,宇航员,NOUN,B2
bacon,bacon,培根,NOUN,B2
dålig sak,bad thing,坏事,NOUN,B2
bagare,baker,面包师,NOUN,B2
balanserad,balanced,平衡的,ADJ,B2
skallig,bald,秃头的,ADJ,B2
ballett,ballet,芭蕾舞,NOUN,B2
kugelpenna,ballpoint pen,圆珠笔,NOUN,B2
förbjuda,to ban,禁止,VERB,B2
banalitet,banality,陈词滥调,NOUN,B2
band,band,乐队,NOUN,B2
utvisa,to banish,流放,VERB,B2
bankir,banker,银行家,NOUN,B2
bank,banking,银行的,ADJ,B2
bankett,banquet,宴会,NOUN,B2
barbaritet,barbarity,残暴,NOUN,B2
barfotad,barefoot,赤脚的,ADJ,B2
bjeffa,to bark,吠叫,VERB,B2
korn,barley,大麦,NOUN,B2
baronessa,baroness,女男爵,NOUN,B2
basalitet,baseness,卑鄙,NOUN,B2
basal,basic,基本的,ADJ,B2
basalt,basically,基本上,ADV,B2
basilika,basil,罗勒,NOUN,B2
basilika,basilica,大教堂,NOUN,B2
bäcken,basin,盆,NOUN,B2
bas,basis,基础,NOUN,B2
korg,basket,篮子,NOUN,B2
bas,bass,贝斯,NOUN,B2
fladdermus,bat,蝙蝠,NOUN,B2
bad,bath,洗澡,NOUN,B2
bataljon,battalion,营,NOUN,B2
vik,bay,海湾,NOUN,B2
kunna,to be able,能,VERB,B2
kunna,to be able to,能够,VERB,B2
frånvarande,to be absent,缺席,VERB,B2
beroende,to be addicted,上瘾,VERB,B2
modig,to be brave,勇善,VERB,B2
besegrad,to be defeated,会败,VERB,B2
iver,to be eager,心切,VERB,B2
iver efter,to be eager for,巴不得,VERB,B2
vald,to be elected,当选,VERB,B2
räcklig,to be enough,足够,VERB,B2
förtrollad,to be entranced,出神,VERB,B2
god på,to be good at,擅长,VERB,B2
tacksam,to be grateful,感激,VERB,B2
slagen,to be hit,中箭,VERB,B2
avundsjuk,to be jealous,嫉妒,VERB,B2
sen,to be late,迟到,VERB,B2
överbliven,to be left over,剩余,VERB,B2
på tjänst,to be on duty,值班,VERB,B2
ansvarig för,to be responsible for,负责,VERB,B2
rätt,to be right,正确,VERB,B2
säker,to be safe,安好,VERB,B2
så,to be so,然,VERB,B2
stulen,to be stolen,失窃,VERB,B2
överraskad,to be surprised,感到惊讶,VERB,B2
nyttig,to be useful,有用,VERB,B2
värd,to be worth,值得,VERB,B2
tåla,to bear,忍受,VERB,B2
uthärdlig,bearable,可忍受的,ADJ,B2
hållning,bearing,轴承,NOUN,B2
misshandel,beating,跳动,NOUN,B2
på grund av,because of,因为,ADP,B2
bibel,bible,圣经,NOUN,B2
bibliografi,bibliography,参考书目,NOUN,B2
bud,bid,出价,NOUN,B2
anbudssamverkan,bid collusion,串标,NOUN,B2
anbudsutvärdering,bid evaluation,评标,NOUN,B2
anbudsöppning,bid opening,开标,NOUN,B2
galla,bile,胆汁,NOUN,B2
biljard,billiards,台球,NOUN,B2
binär,binary,二进制的,ADJ,B2
bindning,binding,装订,NOUN,B2
biologisk mångfald,biodiversity,生物多样性,NOUN,B2
biografi,biography,传记,NOUN,B2
biologi,biology,生物学,NOUN,B2
biomassa,biomass,生物质,NOUN,B2
biopsi,biopsy,活检,NOUN,B2
bioteknik,biotechnology,生物技术,NOUN,B2
biskop,bishop,主教,NOUN,B2
bett,bite,一口,NOUN,B2
bitning,biting,尖刻的,ADJ,B2
bitterhet,bitterness,苦涩,NOUN,B2
bisarr,bizarre,奇异的,ADJ,B2
svartmarknad,black market,黑市,NOUN,B2
svart kåpa,black robe,黑衣,NOUN,B2
björnbär,blackberry,黑莓,NOUN,B2
tavla,blackboard,黑板,NOUN,B2
svärta,to blacken,变黑,VERB,B2
utpressa,to blackmail,勒索,VERB,B2
smed,blacksmith,铁匠,NOUN,B2
blad,blade,刀片,NOUN,B2
skuld,blame,责备,NOUN,B2
smaklös,bland,平淡的,ADJ,B2
brand,blaze,火焰,NOUN,B2
blekmedel,bleach,漂白剂,NOUN,B2
fläck,blemish,瑕疵,NOUN,B2
salighet,bliss,极乐,NOUN,B2
snöoväder,blizzard,暴风雪,NOUN,B2
blockera,blockade,封锁,NOUN,B2
blockera,to blockade,封锁,VERB,B2
blogg,blog,博客,NOUN,B2
blodskuld,blood debt,血债,NOUN,B2
blodhav,blood sea,血海,NOUN,B2
misslyckande,blot,污点,NOUN,B2
blus,blouse,女衬衫,NOUN,B2
blåbär,blueberry,蓝莓,NOUN,B2
rakt,bluntly,直率地,ADV,B2
slöa,to blur,模糊,VERB,B2
internat,boarding school,寄宿学校,NOUN,B2
skryt,boasting,夸耀,NOUN,B2
kroppslig,bodily,身体上的,ADJ,B2
panna,boiler,锅炉,NOUN,B2
kokning,boiling,沸腾,NOUN,B2
modig,bold,大胆的,ADJ,B2
mod,boldness,大胆,NOUN,B2
bombardera,to bombard,轰炸,VERB,B2
bombastisk,bombastic,夸大的,ADJ,B2
bombning,bombing,轰炸,NOUN,B2
ben,bone,骨头,NOUN,B2
benig,bony,瘦骨嶙峋的,ADJ,B2
broschyr,booklet,小册子,NOUN,B2
gräns,border,边境的,ADJ,B2
tråka,to bore,使厌烦,VERB,B2
tråkighet,boredom,无聊,NOUN,B2
lånare,borrower,借款人,NOUN,B2
lån,borrowing,借贷,NOUN,B2
båda,both,两者,PRON,B2
båda händer,both hands,双手,NOUN,B2
besvär,bother,麻烦,NOUN,B2
block,boulder,巨石,NOUN,B2
bunden,bound,一定的,ADJ,B2
borgerligheten,bourgeoisie,资产阶级,NOUN,B2
båge,bow,蝴蝶结,NOUN,B2
boxning,boxing,拳击,NOUN,B2
bojkotta,to boycott,抵制,VERB,B2
skryta,to brag,吹嘘,VERB,B2
broms,brake,刹车,NOUN,B2
gren,branch,分支,NOUN,B2
helt ny,brand new,崭新的,ADJ,B2
fräckhet,brazenness,厚颜无耻,NOUN,B2
överträdelse,breach,违反,NOUN,B2
bryta avtal,to breach contract,违约,VERB,B2
bryta ihop,to break down,分解,VERB,B2
bryta upp,to break open,撬开,VERB,B2
slita upp,to break up,破裂,VERB,B2
brytning,breakdown,故障,NOUN,B2
amma,to breastfeed,母乳喂养,VERB,B2
amning,breastfeeding,母乳喂养,NOUN,B2
ras,breed,品种,NOUN,B2
bris,breeze,微风,NOUN,B2
kortform,brevity,简洁,NOUN,B2
bryggeri,brewery,啤酒厂,NOUN,B2
bestyckning,bribe,贿赂,NOUN,B2
bestickning,bribery,贿赂,NOUN,B2
tegel,brick,砖,NOUN,B2
brudkammare,bridal chamber,洞房,NOUN,B2
skrift,brief,简短的,ADJ,B2
ljus,bright,明亮的,ADJ,B2
briljans,brilliance,辉煌,NOUN,B2
återbringa,to bring back,带回,VERB,B2
bärande,bringing,جلب,NOUN,B2
sända,to broadcast,播出,VERB,B2
sändning,broadcasting,广播,NOUN,B2
brokad,brocade,锦绣,NOUN,B2
mäkleri,brokerage,经纪业,NOUN,B2
brons,bronze,青铜,NOUN,B2
bäck,brook,小溪,NOUN,B2
kost,broom,扫帚,NOUN,B2
buljong,broth,肉汤,NOUN,B2
bordell,brothel,妓院,NOUN,B2
brödraskap,brotherhood,兄弟情谊,NOUN,B2
bläddra,to browse,浏览,VERB,B2
webbläsare,browser,浏览器,NOUN,B2
borste,brush,刷子,NOUN,B2
brutalisera,to brutalize,使变得残忍,VERB,B2
bock,buck,美元,NOUN,B2
hink,bucket,桶,NOUN,B2
grynhavre,buckwheat,荞麦,NOUN,B2
budgetmässig,budgetary,预算的,ADJ,B2
insekt,bug,虫子,NOUN,B2
massa,bulk,主体,NOUN,B2
buss,bully,欺凌者,NOUN,B2
bunt,bundle,捆,NOUN,B2
byrå,bureau,局,NOUN,B2
byråkrati,bureaucracy,官僚主义,NOUN,B2
inbrytare,burglar,窃贼,NOUN,B2
inbrott,burglary,入室盗窃罪,NOUN,B2
begravning,burial,埋葬,NOUN,B2
brännskada,burn,烧伤,NOUN,B2
pricka,to burp,打嗝,VERB,B2
brista,to burst,爆发,VERB,B2
buske,bush,灌木,NOUN,B2
affärs,business,商业的,ADJ,B2
affärsmöte,business meeting,洽谈会,NOUN,B2
rusning,bustle,喧闹,NOUN,B2
men,but,然而,ADV,B2
men jag,but i,可我,ADV,B2
men du,but you,但您,NOUN,B2
slaktare,butcher,屠夫,NOUN,B2
fjäril,butterfly,蝴蝶,NOUN,B2
skinkor,buttocks,屁股,NOUN,B2
med alla medel,by fair means or foul,不择手段,ADV,B2
genom,by means of,通过,ADP,B2
svunnen,bygone,过去的,ADJ,B2
bypass-operation,bypass surgery,搭桥手术,NOUN,B2
kabel,cable,电缆,NOUN,B2
katastrof,calamity,灾难,NOUN,B2
beräkna,to calculate,计算,VERB,B2
beräkning,calculation,计算,NOUN,B2
miniräknare,calculator,计算器,NOUN,B2
kalender,calendar,日历,NOUN,B2
kalv,calf,小腿,NOUN,B2
kalibrering,calibration,校准,NOUN,B2
samtal,call,电话,NOUN,B2
kalligrafi,calligraphy,书法,NOUN,B2
kallelse,calling,使命,NOUN,B2
okänslig,callous,冷酷,ADJ,B2
lugna,calm,平静,NOUN,B2
lugna,to calm,使平静,VERB,B2
lugn,calmness,平静,NOUN,B2
kamel,camel,骆驼,NOUN,B2
kampanja,to campaign,积极参与活动,VERB,B2
kan bara,can only,只能,AUX,B2
kan inte tro,to can't believe,不敢相信,VERB,B2
kan inte låta bli,can't help,不由得,ADV,B2
kanal,canal,运河,NOUN,B2
ställa in,to cancel,取消,VERB,B2
avbokning,cancellation,取消,NOUN,B2
kandidatur,candidacy,候选资格,NOUN,B2
kassa,cash,现金,ADJ,B2
kassa,to cash,兑现,VERB,B2
kassaapparat,cash register,收银机,NOUN,B2
kashot,cashew,腰果,NOUN,B2
kasmér,cashmere,羊绒,NOUN,B2
manoknöl,cassava,木薯,NOUN,B2
slarvig,casual,随意的,ADJ,B2
katalog,catalog,目录,NOUN,B2
katalysator,catalyst,催化剂,NOUN,B2
katastrof,catastrophe,大灾难,NOUN,B2
fångst,catch,捕捉,NOUN,B2
komma ikapp,to catch up,赶上,VERB,B2
kategorisering,categorization,分类,NOUN,B2
kategorisera,to categorize,分类,VERB,B2
kategori,category,类别,NOUN,B2
katharsis,catharsis,宣泄,NOUN,B2
katedral,cathedral,大教堂,NOUN,B2
katolicism,catholicism,天主教,NOUN,B2
gulröt,cauliflower,花椰菜,NOUN,B2
kausalitet,causality,因果关系,NOUN,B2
orsakande,causation,因果关系,NOUN,B2
försiktighet,caution,谨慎,NOUN,B2
försiktig,cautious,小心的,ADJ,B2
försiktig och samvetsgrann,cautious and conscientious,兢兢业业,ADJ,B2
kavalleri,cavalry,骑兵,NOUN,B2
gäspa,to caw,呱呱叫,VERB,B2
tak,ceiling,天花板,NOUN,B2
firande,celebration,庆祝,NOUN,B2
selleri,celery,芹菜,NOUN,B2
celibat,celibacy,独身,NOUN,B2
cell,cell,细胞,NOUN,B2
mobiltelefon,cell phone,手机,NOUN,B2
källare,cellar,地窖,NOUN,B2
cellulär,cellular,细胞的,ADJ,B2
cementera,to cement,巩固,VERB,B2
centralisering,centralization,集中化,NOUN,B2
centrifugalkraft,centrifugal force,离心力,NOUN,B2
centrifug,centrifuge,离心机,NOUN,B2
keramik,ceramics,陶瓷,NOUN,B2
ceremonimössa,ceremonial cap,爵弁,NOUN,B2
säker,certain,确定的,ADJ,B2
säkerhet,certainty,确定性,NOUN,B2
fortjänstbevis,certificate of merit,奖状,NOUN,B2
intyga,to certify,证明,VERB,B2
upphörande,cessation,终止,NOUN,B2
ordförande,chairman,主席,NOUN,B2
kreda,chalk,粉笔,NOUN,B2
kammare,chamber,房间,NOUN,B2
champagne,champagne,香槟,NOUN,B2
mästare,champion,冠军,NOUN,B2
mästerskap,championship,锦标赛,NOUN,B2
kansler,chancellor,总理,NOUN,B2
byta däck,to change tire,换胎,VERB,B2
ändrad politik,changed policy,改策,NOUN,B2
kanalisera,to channel,疏导,VERB,B2
kaotisk,chaotic,混乱的,ADJ,B2
kapell,chapel,小教堂,NOUN,B2
tecken,character word,字,NOUN,B2
karakteristisk,characteristic,典型的,ADJ,B2
kol,charcoal,木炭,NOUN,B2
ladda,charge,收费,NOUN,B2
ladda,to charge,充电,VERB,B2
laddare,charger,充电器,NOUN,B2
karisma,charisma,个人魅力,NOUN,B2
karta,chart,图表,NOUN,B2
chartra,to charter,租船,VERB,B2
jaga,chase,追逐,NOUN,B2
jaga,to chase,追逐,VERB,B2
kysklighet,chastity,贞洁,NOUN,B2
chatta,to chat,聊天,VERB,B2
chattera,to chatter,喋喋不休,VERB,B2
kassa,checkout,收银台,NOUN,B2
kind,cheek,脸颊,NOUN,B2
muntra upp,to cheer up,使高兴,VERB,B2
skål,cheers,干杯,INTJ,B2
kemikalie,chemical,化学品,NOUN,B2
skärja,to cherish,珍爱,VERB,B2
körsbär,cherry,樱桃,NOUN,B2
bröstkorg,chest,胸部,NOUN,B2
bröstsmärta,chest pain,胸痛,NOUN,B2
kastanj,chestnut,板栗,NOUN,B2
chilipeppar,chili pepper,辣椒,NOUN,B2
skorsten,chimney,烟囱,NOUN,B2
kinesiska,chinese language,华文,NOUN,B2
kvittra,to chirp,啁啾,VERB,B2
mejsel,chisel,凿子,NOUN,B2
ridderlighet,chivalry,骑士精神,NOUN,B2
kör,choir,合唱团,NOUN,B2
kolesterol,cholesterol,胆固醇,NOUN,B2
kromosom,chromosome,染色体,NOUN,B2
kronisk,chronic,慢性的,ADJ,B2
kanel,cinnamon,肉桂,NOUN,B2
krets,circuit,电路,NOUN,B2
omskärelse,circumcision,割礼,NOUN,B2
omskriva,to circumscribe,限制,VERB,B2
citat,citation,引用,NOUN,B2
citera,to cite,引用,VERB,B2
medborgarskap,citizenship,公民身份,NOUN,B2
tjänsteman,civil servant,公务员,NOUN,B2
oväsen,clamor,喧嚣,NOUN,B2
klemma,clamp,夹钳,NOUN,B2
hemlig,clandestine,秘密的,ADJ,B2
klappa,to clap,拍手,VERB,B2
klargörande,clarification,澄清,NOUN,B2
tydlighet,clarity,清晰,NOUN,B2
klassisk,classical,古典的,ADJ,B2
klassicism,classicism,古典主义,NOUN,B2
klassificering,classification,分类,NOUN,B2
stycke,classifier for paintings cloth etc.,幅,NUM,B2
stam,classifier for trees,棵,NUM,B2
klassificera,to classify,分类,VERB,B2
klasskamrat,classmate,同学,NOUN,B2
klassrum,classroom,教室,NOUN,B2
städa,to clean up,清理,VERB,B2
renlighet,cleanliness,清洁,NOUN,B2
rengöring,cleansing,清洗,NOUN,B2
insikt,clear knowledge,明知,NOUN,B2
klarsoppa,clear soup,江瑶清羹,NOUN,B2
tydlig,clear-cut,明确的,ADJ,B2
rydning,clearing,林中空地,NOUN,B2
tydligt,clearly,清楚地,ADV,B2
avgränsad,clearly demarcated,分明,ADJ,B2
klyva,to cleave,劈开,VERB,B2
klerus,clergy,神职人员,NOUN,B2
klok,clever,聪明的,ADJ,B2
kliché,cliche,陈词滥调,NOUN,B2
klicka,to click,点击,VERB,B2
klientelism,clientelism,庇护主义,NOUN,B2
klimat,climate,气候,NOUN,B2
klimatförändring,climate change,气候变化,NOUN,B2
klimax,climax,高潮,NOUN,B2
fästa,to cling,紧贴,VERB,B2
klinisk,clinical,临床的,ADJ,B2
klipp,clip,夹子,NOUN,B2
kappa,cloak,斗篷,NOUN,B2
garderob,cloakroom,衣帽间,NOUN,B2
klon,clone,克隆体,NOUN,B2
tät,close,近的,ADJ,B2
avsluta,to close account,销户,VERB,B2
stänga,to close the door,关门,VERB,B2
skåp,closet,壁橱,NOUN,B2
avslutningsceremoni,closing ceremony,闭幕仪式,NOUN,B2
stängning,closure,关闭,NOUN,B2
propp,clot,凝块,NOUN,B2
tyg,cloth,布,NOUN,B2
kläder,clothing,服装,NOUN,B2
molnig,cloudy,阴沉的,ADJ,B2
klovne,clown,小丑,NOUN,B2
klumpig,clumsy,笨拙的,ADJ,B2
kluster,cluster,簇,NOUN,B2
koppling,clutch,离合器,NOUN,B2
coacha,coach,教练,NOUN,B2
coacha,to coach,辅导,VERB,B2
grov,coarse,粗糙的,ADJ,B2
övertalning,coaxing,哄得,NOUN,B2
koefficient,coefficient,系数,NOUN,B2
tvång,coercion,胁迫,NOUN,B2
koexistera,to coexist,共存,VERB,B2
koexistens,coexistence,共存,NOUN,B2
sammanhang,coherence,连贯性,NOUN,B2
sammanhängande,coherent,连贯的,ADJ,B2
sammanhållning,cohesion,凝聚力,NOUN,B2
sammanfalla,to coincide,同时发生,VERB,B2
sil,colander,漏勺,NOUN,B2
kallt blod,cold blood,冷血,NOUN,B2
kallvåg,cold wave,寒潮,NOUN,B2
kallt,coldly,冷淡地,ADV,B2
samarbeta,to collaborate,合作,VERB,B2
samarbete,collaboration,合作,NOUN,B2
samarbetare,collaborator,合作者,NOUN,B2
kommentator,commentator,评论员,NOUN,B2
handel,commerce,商业,NOUN,B2
komersiell,commercial,商业的,ADJ,B2
kommission,commission,委员会,NOUN,B2
göra ett brott,to commit a crime,犯罪,VERB,B2
engagerad,committed,投入的,ADJ,B2
vara,commodity,商品,NOUN,B2
gemensamhet,commonality,共同点,NOUN,B2
bonde,commoner,平民,NOUN,B2
upprör,commotion,骚动,NOUN,B2
kommuniké,communique,公报,NOUN,B2
kommunism,communism,共产主义,NOUN,B2
kommunistisk,communist,شيوعي,ADJ,B2
kommunitarism,communitarianism,社群主义,NOUN,B2
gemenskap,community,社区,NOUN,B2
kompakt,compact,紧凑的,ADJ,B2
kamratskap,companionship,陪伴,NOUN,B2
avdelning,compartment,隔间,NOUN,B2
kompass,compass,指南针,NOUN,B2
medkänsla,compassion,同情,NOUN,B2
medkännande,compassionate,有同情心的,ADJ,B2
kompatibilitet,compatibility,兼容性,NOUN,B2
landsman,compatriot,同胞,NOUN,B2
tvinga,to compel,强迫,VERB,B2
ersättningsledighet,compensatory leave,调休,NOUN,B2
kompetent,competent,胜任的,ADJ,B2
konkurrenskraft,competitiveness,竞争力,NOUN,B2
konkurrent,competitor,竞争者,NOUN,B2
sammanställning,compilation,汇编,NOUN,B2
komplementär,complementary,互补的,ADJ,B2
slutförande,completion,完成,NOUN,B2
komplex,complex,复杂的,ADJ,B2
komplexitet,complexity,复杂性,NOUN,B2
efterlevnad,compliance,合规,NOUN,B2
efterlevande,compliant,符合的,ADJ,B2
komplikera,to complicate,使复杂化,VERB,B2
medskyldig,complicit,共谋的,ADJ,B2
medskyldighet,complicity,共犯,NOUN,B2
lyda,to comply,遵守,VERB,B2
följa,to comply with,遵守,VERB,B2
komponent,component,组成部分,NOUN,B2
komponera,to compose,组成,VERB,B2
samlad,composed,稳重的,ADJ,B2
kompositör,composer,作曲家,NOUN,B2
komposition,composition,作文,NOUN,B2
kompost,compost,堆肥,NOUN,B2
samladhet,composure,镇定,NOUN,B2
förening,compound,复合性,ADJ,B2
förstå,to comprehend,理解,VERB,B2
förståelse,comprehension,理解,NOUN,B2
komprimera,to compress,压缩,VERB,B2
kompressor,compressor,压缩机,NOUN,B2
kompromissa,to compromise,危及,VERB,B2
kompulsiv,compulsive,强迫性的,ADJ,B2
beräkna,to compute,计算,VERB,B2
beräkning,computing,计算机科学,NOUN,B2
dölja,to conceal,隐藏,VERB,B2
doldhet,concealment,隐瞒,NOUN,B2
självbelåten,conceited,自负的,ADJ,B2
tanka,to conceive,构想,VERB,B2
gälla,concern,担忧,NOUN,B2
gälla,to concern,涉及,VERB,B2
koncession,concession,让步,NOUN,B2
koncis,concise,简洁的,ADJ,B2
avsluta,to conclude,得出结论,VERB,B2
avgörande,conclusive,决定性的,ADJ,B2
betong,concrete,具体的,ADJ,B2
konkubin,concubine,妾,NOUN,B2
följaktligen,consequently,因此,ADV,B2
bevarande,conservation,保护,NOUN,B2
konservativ,conservative,保守的,ADJ,B2
betydande,considerable,相当大的,ADJ,B2
omsorgsfull,considerate,体贴,ADJ,B2
konsignation,consignment,托运,NOUN,B2
konsistens,consistency,一致性,NOUN,B2
konsekvent,consistent,一致的,ADJ,B2
tröst,consolation,安慰,NOUN,B2
trösta,to console,安慰,VERB,B2
konsolidera,to consolidate,巩固,VERB,B2
konsort,consort,福晋,NOUN,B2
framträdande,conspicuous,显著的,ADJ,B2
samspira,to conspire,密谋,VERB,B2
stjärnbild,constellation,星座,NOUN,B2
förstoppning,constipation,便秘,NOUN,B2
konstitutionell,constitutional,宪法的,ADJ,B2
konstitutionalitet,constitutionality,合宪性,NOUN,B2
inskränka,to constrain,限制,VERB,B2
inskränkning,constraint,约束,NOUN,B2
konstruktion,construction,建造,NOUN,B2
byggarbete,construction site,工地,NOUN,B2
konstruktiv,constructive,建设性的,ADJ,B2
konsul,consul,领事,NOUN,B2
konsulär,consular,领事的,ADJ,B2
konsulat,consulate,领事馆,NOUN,B2
konsultera,to consult reference,参考,VERB,B2
konsult,consultant,顾问,NOUN,B2
konsultation,consultation,咨询,NOUN,B2
konsumera,to consume,消费,VERB,B2
konsumtion,consumption,消费,NOUN,B2
smittsam,contagious,传染性的,ADJ,B2
behållare,container,容器,NOUN,B2
förorena,to contaminate,污染,VERB,B2
överväga,to contemplate,沉思,VERB,B2
tänksam,contemplative,沉思的,ADJ,B2
samtidig,contemporary,当代的,ADJ,B2
tillfredsställelse,contentment,满足,NOUN,B2
tävling,contest,比赛,NOUN,B2
kontextuell,contextual,语境的,ADJ,B2
kontinent,continent,大陆,NOUN,B2
kontingens,contingency,偶然性,NOUN,B2
fortsättning,continuation,延续,NOUN,B2
kontinuitet,continuity,连续性,NOUN,B2
kontinuerlig,continuous,连续的,ADJ,B2
avtala,to contract,收缩,VERB,B2
motsägelse,contradiction,矛盾,NOUN,B2
motsägelsefull,contradictory,矛盾的,ADJ,B2
motsats,contrary,反而,NOUN,B2
motsatt avsikt,contrary intention,反意,NOUN,B2
kontrastera,to contrast,对比,VERB,B2
överträda,to contravene,违反,VERB,B2
kontroversiell,controversial,有争议的,ADJ,B2
kontrovers,controversy,争议,NOUN,B2
sammanträffa,to convene,召集,VERB,B2
praktisk,convenient,方便的,ADJ,B2
konventionell,conventional,传统的,ADJ,B2
konvergera,to converge,汇聚,VERB,B2
konvergens,convergence,汇聚,NOUN,B2
konversera,to converse,交谈,VERB,B2
tvärtom,conversely,相反地,ADV,B2
konvertera,to convert,转换,VERB,B2
döma,to convict,定罪,VERB,B2
kramp,convulsion,抽搐,NOUN,B2
kokt köttbulle,cooked meatball,丸子熟,NOUN,B2
kokt ris,cooked rice,米饭,NOUN,B2
kex,cookie,饼干,NOUN,B2
kokpanna,cooking pot,炖锅,NOUN,B2
avkyla,to cool down,冷却,VERB,B2
kylning,cooling,冷却,NOUN,B2
koordinator,coordinator,协调员,NOUN,B2
koppar,copper,铜,NOUN,B2
kopist,copyist,抄写员,NOUN,B2
upphovsrätt,copyright,版权,NOUN,B2
korall,coral,珊瑚,NOUN,B2
kork,cork,软木塞,NOUN,B2
kröningsceremoni,coronation,加冕,NOUN,B2
lik,corpse,尸体,NOUN,B2
korrigering,correction,纠正,NOUN,B2
korrelation,correlation,相关性,NOUN,B2
korrespondera,to correspond,符合,VERB,B2
korrespondens,correspondence,通信,NOUN,B2
korrosion,corrosion,腐蚀,NOUN,B2
korrumpera,corrupt,腐败的,ADJ,B2
korrumpera,to corrupt,腐败,VERB,B2
korruption,corruption,腐败,NOUN,B2
kosmisk,cosmic,宇宙的,ADJ,B2
kostym,costume,戏服,NOUN,B2
hosta,cough,咳嗽,NOUN,B2
råd,council,委员会,NOUN,B2
rådgivning,counseling,咨询,NOUN,B2
räkna,to count as,算,VERB,B2
motverka,to counter,反击,VERB,B2
motform,counter-form,反式,NOUN,B2
motlogik,counter-logic,反逻,NOUN,B2
antimateri,counter-matter,反物,NOUN,B2
motmekanism,counter-mechanism,反机,NOUN,B2
motmodell,counter-model,反模,NOUN,B2
motobservation,counter-observation,反察,NOUN,B2
motkvalitet,counter-quality,反质,NOUN,B2
motrutt,counter-route,反途,NOUN,B2
motfärdighet,counter-skill,反技,NOUN,B2
motsula,counter-sole,反唯,NOUN,B2
motstruktur,counter-structure,反结,NOUN,B2
motsystem,counter-system,反系,NOUN,B2
motteknik,counter-technique,反术,NOUN,B2
motström,counter-trend,反势,NOUN,B2
mottyp,counter-type,反型,NOUN,B2
motattack,counterattack,反击,NOUN,B2
falsk,counterfeit,假冒,ADJ,B2
motpart,counterpart,对应的人或物,NOUN,B2
otalig,countless,无数的,ADJ,B2
land,countryside,乡村,NOUN,B2
kupp,coup,政变,NOUN,B2
par,couple,一对,NOUN,B2
distikon,couplet,对联,NOUN,B2
avvisning,court dismissal,退朝,NOUN,B2
hövlighet,courtesy,礼貌,NOUN,B2
gård,courtyard,庭院,NOUN,B2
förbund,covenant,契约,NOUN,B2
girighet,covetousness,贪欲,NOUN,B2
krabba,crab,螃蟹,NOUN,B2
knakka,to crackle,噼啪作响,VERB,B2
hantverk,craft,工艺,NOUN,B2
hantverkare,craftsman,工匠,NOUN,B2
hantverkskonst,craftsmanship,手工艺,NOUN,B2
kran,crane,起重机,NOUN,B2
kassa,crate,板条箱,NOUN,B2
krater,crater,火山口,NOUN,B2
längta,to crave,渴望,VERB,B2
kreativ,creative,有创造力的,ADJ,B2
kreativitet,creativity,创造力,NOUN,B2
trovärdighet,credibility,可信度,NOUN,B2
fordringshavare,creditor,债权人,NOUN,B2
fordringsrätt,creditor's right,债权,NOUN,B2
trosbekännelse,creed,信条,NOUN,B2
våga,crest,顶峰,NOUN,B2
brottslighet,criminality,犯罪,NOUN,B2
kriminalisera,to criminalize,定罪,VERB,B2
kritiker,critic,评论家,NOUN,B2
kritisk,critical,关键的,ADJ,B2
kritikalitet,criticality,临界性,NOUN,B2
kritisera,to criticize,批评,VERB,B2
sned,crooked,弯曲的,ADJ,B2
gröda,crop,庄稼,NOUN,B2
korsning,crossing,交叉口,NOUN,B2
korsväg,crossroads,十字路口,NOUN,B2
knäböja,to crouch,蹲下,VERB,B2
kråka,crow,乌鸦,NOUN,B2
folkmassa,crowd,人群,NOUN,B2
kröna,to crown,加冕,VERB,B2
avgörande,crucial,至关重要的,ADJ,B2
härskamma,cruelty,残忍,NOUN,B2
kryssning,cruise,巡航,NOUN,B2
knäcka,to crunch,嘎吱作响,VERB,B2
knäckande nederlag,crushing defeat,惨败,NOUN,B2
skorpa,crust,外壳,NOUN,B2
kräftdjur,crustacean,甲壳类动物,NOUN,B2
kryck,crutch,拐杖,NOUN,B2
kristall,crystal,水晶,NOUN,B2
unge,cub,幼兽,NOUN,B2
kub,cube,立方体,NOUN,B2
kubism,cubism,立体主义,NOUN,B2
kulturell,cultural,文化的,ADJ,B2
kulturrelikv,cultural relic,文物,NOUN,B2
list,cunning,诡计,NOUN,B2
inskränka,to curb,抑制,VERB,B2
nuvarande dynasti,current dynasty,当朝,NOUN,B2
för närvarande,currently,目前,ADV,B2
förbannad,cursed,被诅咒的,ADJ,B2
gardinstång,curtain rod,窗帘杆,NOUN,B2
kurva,curve,曲线,NOUN,B2
kudde,cushion,垫子,NOUN,B2
vårdnad,custody,监护,NOUN,B2
sedvanlig,customary,习惯的,ADJ,B2
anständighet,decency,体面,NOUN,B2
decentralisering,decentralization,权力下放,NOUN,B2
bedrägeri,deception,欺骗,NOUN,B2
fuskmod,deception dare,你敢骗我,NOUN,B2
avkoda,to decipher,破译,VERB,B2
beslutsfattare,decision-maker,决策者,NOUN,B2
deklaration,declaration,宣言,NOUN,B2
förklara,to declare,宣布,VERB,B2
avtagande,decline,衰退,NOUN,B2
avböja artigt,to decline politely,婉拒,VERB,B2
avveckling,decommissioning,退役,NOUN,B2
nedbryta,to decompose,分解,VERB,B2
dekonstruera,to deconstruct,解构,VERB,B2
dekonstruktion,deconstruction,解构主义,NOUN,B2
minska,decrease,减少,NOUN,B2
minska,to decrease,减少,VERB,B2
förordna,decree,法令,NOUN,B2
förordna,to decree,颁布法令,VERB,B2
avkryptering,decryption,解密,NOUN,B2
dedikera,to dedicate,致力于,VERB,B2
deducera,to deduce,推断,VERB,B2
avdraga,to deduct,扣除,VERB,B2
avdrag,deduction,扣除,NOUN,B2
djupsteka,to deep-fry,油炸,VERB,B2
fördjupa,to deepen,加深,VERB,B2
standard,default,违约,NOUN,B2
defetism,defeatism,失败主义,NOUN,B2
övergå,to defect,叛变,VERB,B2
försvara sitt land,to defend one's country,卫国,VERB,B2
åtalad,defendant,被告,NOUN,B2
uppror,defiance,挑衅,NOUN,B2
upprorisk,defiant,挑衅的,ADJ,B2
brist,deficiency,缺乏,NOUN,B2
bristfällig,deficient,有缺陷的,ADJ,B2
underskott,deficit,赤字,NOUN,B2
definitiv,definitive,决定性的,ADJ,B2
avskogning,deforestation,森林砍伐,NOUN,B2
bedra,to defraud,诈骗,VERB,B2
trotta,to defy,违抗,VERB,B2
degenerera,to degenerate,退化,VERB,B2
degradera,to degrade,贬低,VERB,B2
dehydrering,dehydration,脱水,NOUN,B2
gudom,deity,神,NOUN,B2
nedslagen,dejected,沮丧的,ADJ,B2
nedslagenhet,dejection,沮丧,NOUN,B2
försening,delay,延迟,NOUN,B2
delegat,delegate,代表,NOUN,B2
avsiktlig,deliberate,深思熟虑的,ADJ,B2
avsiktligt,deliberately,故意地,ADV,B2
smaklig,delicious,美味的,ADJ,B2
glädje,delight,高兴,NOUN,B2
brottlighet,delinquency,违法行为,NOUN,B2
förbrytare,delinquent,罪犯,NOUN,B2
översvämning,deluge,洪水,NOUN,B2
sken,delusion,幻想,NOUN,B2
krävande,demanding,要求高的,ADJ,B2
demens,dementia,痴呆,NOUN,B2
avmilitarisering,demilitarization,去武,NOUN,B2
demokratisering,democratization,民主化,NOUN,B2
demografi,demography,人口学,NOUN,B2
riva,to demolish,拆除,VERB,B2
rivning,demolition,拆除,NOUN,B2
demoralisera,to demoralize,使士气低落,VERB,B2
design,design,设计,NOUN,B2
design,to design,设计,VERB,B2
öde,desolate,荒凉的,ADJ,B2
föraktlig,despicable,可鄙的,ADJ,B2
destabilisering,destabilization,动摇,NOUN,B2
destabilisera,to destabilize,使不稳定,VERB,B2
öde,destiny,命运,NOUN,B2
utblottning,destitution,贫困,NOUN,B2
förstörelse,destruction,破坏,NOUN,B2
destruktiv,destructive,مدمر,ADJ,B2
avskilja,to detach,分离,VERB,B2
avskiljande,detachment,脱落,NOUN,B2
upptäcka,to detect,探测,VERB,B2
avspänning,detente,缓和,NOUN,B2
försämras,to deteriorate,恶化,VERB,B2
beslutsamhet,determination,决心,NOUN,B2
beslutsam,determined,下定决心的,ADJ,B2
deterministisk,deterministic,决定论的,ADJ,B2
avskyvärd,detestable,可恶的,ADJ,B2
detonera,to detonate,引爆,VERB,B2
omväg,detour,绕道,NOUN,B2
avgifta,to detoxify,解毒,VERB,B2
devalvera,to devalue,贬值,VERB,B2
ödelägga,to devastate,摧毁,VERB,B2
förödelse,devastation,破坏,NOUN,B2
utvecklad,developed,发达的,ADJ,B2
utvecklare,developer,开发商,NOUN,B2
avvikelse,deviation,偏离,NOUN,B2
utforma,to devise,设计,VERB,B2
hängivenhet,devotion,奉献,NOUN,B2
dagg,dew,露水,NOUN,B2
diagnostisera,to diagnose,诊断,VERB,B2
dialekt,dialect,方言,NOUN,B2
dialoga,to dialogue,对话,VERB,B2
diarré,diarrhea,腹泻,NOUN,B2
tärning,dice,骰子,NOUN,B2
diktera,to dictate,口述,VERB,B2
ordbok,dictionary,词典,NOUN,B2
kost,diet,饮食,NOUN,B2
differentiera,to differentiate,区分,VERB,B2
differentiering,differentiation,区分,NOUN,B2
svår attack,difficult attack,难攻,NOUN,B2
svårt problem,difficult problem,难题,NOUN,B2
diffunda,to diffuse,扩散,VERB,B2
smälta,to digest,消化,VERB,B2
smältning,digestion,消化,NOUN,B2
smältande,digestive,消化的,ADJ,B2
grävning,digging,挖掘,NOUN,B2
siffra,digit,数字,NOUN,B2
digitalisering,digitization,数字化,NOUN,B2
digrediera,to digress,离题,VERB,B2
dilatera,to dilate,膨胀,VERB,B2
dilatation,dilation,扩张,NOUN,B2
dilemma,dilemma,困境,NOUN,B2
flitig,diligent,勤奋的,ADJ,B2
dinosaurie,dinosaur,恐龙,NOUN,B2
dippa,to dip,蘸,VERB,B2
diplomati,diplomacy,外交,NOUN,B2
diplomatisk,diplomatic,外交的,ADJ,B2
riktningsskylt,direction sign,指示牌,NOUN,B2
direkt,directly,直接地,ADV,B2
funktionsnedsättning,disability,残疾,NOUN,B2
funktionsnedsatt,disabled,残疾的,ADJ,B2
nackdel,disadvantage,劣势,NOUN,B2
disputera,to disagree,不同意,VERB,B2
oense,disagreement,不和,NOUN,B2
försvinnande,disappearance,消失,NOUN,B2
besvika,to disappoint,使失望,VERB,B2
besvikande,disappointing,令人失望的,ADJ,B2
missbilliga,to disapprove,不赞成,VERB,B2
avvapna,to disarm,解除武装,VERB,B2
demontera,to disassemble,拆卸,VERB,B2
katastrofal,disastrous,灾难性的,ADJ,B2
avvisa,to disavow,否认,VERB,B2
otro,disbelief,不信,NOUN,B2
förkasta,to discard,丢弃,VERB,B2
utsläpp,discharge,放电,NOUN,B2
discipel,disciple,门徒,NOUN,B2
disciplinera,to discipline,管教,VERB,B2
avslöja,to disclose,揭露,VERB,B2
obehag,discomfort,不适,NOUN,B2
avkoppla,to disconnect,断开,VERB,B2
avbryta,to discontinue,停止,VERB,B2
strid,discord,不和,NOUN,B2
diskordans,discordance,不一致,NOUN,B2
avskräcka,to discourage,使气馁,VERB,B2
diskutera,discourse,论述,NOUN,B2
diskutera,to discourse,论述,VERB,B2
diskreditera,to discredit,败坏名声,VERB,B2
diskretion,discretion,谨慎,NOUN,B2
diskriminera,to discriminate,歧视,VERB,B2
förfärlighet,disdain,蔑视,NOUN,B2
lämna,to disembark,下船,VERB,B2
avlägsna,to disengage,脱离,VERB,B2
skam,disgrace,耻辱,NOUN,B2
dölja,disguise,伪装,NOUN,B2
dölja,to disguise,伪装,VERB,B2
tallrik,dish,盘子,NOUN,B2
desinficera,to disinfect,消毒,VERB,B2
desinfektionsmedel,disinfectant,消毒剂,NOUN,B2
desinformation,disinformation,虚假信息,NOUN,B2
intressebrist,disinterest,公正;不感兴趣,NOUN,B2
opartisk,disinterested,公正的,ADJ,B2
disjunkt,disjoint,不相交的,ADJ,B2
luxera,to dislocate,使脱臼,VERB,B2
luxation,dislocation,脱臼,NOUN,B2
nedmontering,dismantling,拆除，瓦解,NOUN,B2
avsked,dismissal,解雇,NOUN,B2
stiga av,to dismount,下马,VERB,B2
lydnadsbrist,disobedience,不服从,NOUN,B2
lyda inte,to disobey,违抗,VERB,B2
oordningsam,disorderly,杂乱的,ADJ,B2
orientera bort,to disorient,使迷失方向,VERB,B2
orienteringsstörning,disorientation,迷失方向,NOUN,B2
obalans,disparity,差异,NOUN,B2
skicka,to dispatch,派遣,VERB,B2
utdela medicin,to dispense medicine,配药,VERB,B2
utställning,display,展示,NOUN,B2
missnöja,to displease,使不快,VERB,B2
missnöje,displeasure,不悦,NOUN,B2
avfallshantering,disposal,处理,NOUN,B2
tvist,dispute,争论,NOUN,B2
ignorera,to disregard,忽视,VERB,B2
sektionera,to dissect,解剖,VERB,B2
sprida,to disseminate,传播,VERB,B2
dissens,dissent,异议,NOUN,B2
avhandling,dissertation,论文,NOUN,B2
upplösning,dissolution,溶解,NOUN,B2
upplösa,to dissolve,溶解,VERB,B2
dissonans,dissonance,不和谐,NOUN,B2
avråda,to dissuade,劝阻,VERB,B2
distinkt,distinct,明显的,ADJ,B2
distinktion,distinction,区别,NOUN,B2
distinkt,distinguished,杰出,ADJ,B2
förvränga,to distort,扭曲,VERB,B2
förvrängning,distortion,扭曲,NOUN,B2
distriktchef,district head,区长,NOUN,B2
dyka,dive,跳水,NOUN,B2
dyka,to dive,潜水,VERB,B2
diversifiering,diversification,多样化,NOUN,B2
diversifiera,to diversify,使多样化,VERB,B2
avleda,to divert,转移,VERB,B2
divin,divine,神圣的,ADJ,B2
dykning,diving,潜水,NOUN,B2
gudomlighet,divinity,神性,NOUN,B2
skilja,to divorce,离婚,VERB,B2
svimning,dizziness,眩晕,NOUN,B2
svimmande,dizzy,头晕的,ADJ,B2
inte,do not,莫,ADV,B2
använd ej,do not use,别用,NOUN,B2
göra,to do one's best,尽力,VERB,B2
göra,to do to make,做,VERB,B2
lydnad,docility,温顺,NOUN,B2
brygga,dock,码头,NOUN,B2
doktorat,doctorate,博士学位,NOUN,B2
dokumentär,documentary,纪录片的,ADJ,B2
undvika,to dodge,躲避,VERB,B2
dogmatisk,dogmatic,教条的,ADJ,B2
delfin,dolphin,海豚,NOUN,B2
donation,donation,捐款,NOUN,B2
drama,drama,戏剧,NOUN,B2
drift,drift,漂移,NOUN,B2
drift,drifting,漂泊,NOUN,B2
borr,drill,钻头,NOUN,B2
infart,driveway,车道,NOUN,B2
droppa,to drop,掉落,VERB,B2
tork,drought,干旱,NOUN,B2
sömnighet,drowsiness,昏睡,NOUN,B2
trummor,drum,鼓,NOUN,B2
dualitet,duality,二元性,NOUN,B2
förfallen,due,到期的,ADJ,B2
på grund av,due to,由于,ADP,B2
tristess,dullness,迟钝,NOUN,B2
dum,dumb,愚蠢的,ADJ,B2
knytpudde,dumpling,丸子,NOUN,B2
dyna,dune,沙丘,NOUN,B2
duplicera,to duplicate,复制,VERB,B2
hållbarhet,durability,耐用性,NOUN,B2
varaktighet,duration,持续时间,NOUN,B2
under,during,在...期间,ADP,B2
under dagen,during the day,在白天,ADV,B2
skymning,dusk,黄昏,NOUN,B2
nederländsk,dutch,荷兰的,ADJ,B2
bostad,dwelling,住宅,NOUN,B2
dynamisk,dynamic,动态的,ADJ,B2
dynasti,dynasty,王朝,NOUN,B2
dysfunktion,dysfunction,功能障碍,NOUN,B2
dystopi,dystopia,反乌托邦,NOUN,B2
varje,each,每个,DET,B2
örn,eagle,鹰,NOUN,B2
tidigare,earlier,刚才,ADV,B2
morgon,early morning,凌晨,NOUN,B2
tidsig varning,early warning,预警,NOUN,B2
jordbävning,earthquake,地震,NOUN,B2
lätthet,ease,轻松,NOUN,B2
lätt sagt,easy to say,好说,NOUN,B2
excentrisk,eccentric,古怪的,ADJ,B2
kyrklig,ecclesiastical,教会的,ADJ,B2
formörkelse,eclipse,日食,NOUN,B2
ekologi,ecology,生态学,NOUN,B2
ekosystem,ecosystem,生态系统,NOUN,B2
extas,ecstasy,狂喜,NOUN,B2
kant,edge,边缘,NOUN,B2
edikt,edict,法令,NOUN,B2
redigera,to edit,编辑,VERB,B2
upplaga,edition,版本,NOUN,B2
redaktörsartikel,editorial,社论,NOUN,B2
utbilda,to educate,教育,VERB,B2
effektivitet,effectiveness,功效,NOUN,B2
verkan,efficacy,功效,NOUN,B2
effektiv,efficient,高效的,ADJ,B2
aubergine,eggplant,茄子,NOUN,B2
utveckla,elaborate,详尽的,ADJ,B2
utveckla,to elaborate,制定,VERB,B2
elasticitet,elasticity,弹性,NOUN,B2
upprymd,elated,兴高采烈的,ADJ,B2
äldre,elderly,年长的,ADJ,B2
äldste son,eldest son,长子,NOUN,B2
välja,to elect,选举,VERB,B2
väljarkår,electorate,选民,NOUN,B2
elektronisk,electronic,电子的,ADJ,B2
elektronisk betalning,electronic payment,电子支付,NOUN,B2
elegi,elegy,挽歌,NOUN,B2
höjd,elevation,提升,NOUN,B2
eliminering,elimination,消除,NOUN,B2
eloquens,eloquence,口才,NOUN,B2
emanera,to emanate,散发,VERB,B2
emancipera,to emancipate,解放,VERB,B2
inbädda,to embed,嵌入,VERB,B2
pryda,to embellish,装饰,VERB,B2
försloka,to embezzle,贪污,VERB,B2
förslokning,embezzlement,贪污,NOUN,B2
kroppslita,to embody,体现,VERB,B2
brodera,to embroider,刺绣,VERB,B2
broderi,embroidery,刺绣,NOUN,B2
uppkomst,emergence,涌现,NOUN,B2
emittera,to emit,发出,VERB,B2
emotionalitet,emotionality,感性/情绪化,NOUN,B2
ematisera,to empathize,共情,VERB,B2
betoning,emphasis,强调,NOUN,B2
rike,empire,帝国,NOUN,B2
befogen,to empower,授权,VERB,B2
kejsarinna,empress,女皇,NOUN,B2
tomhet,emptiness,空虚,NOUN,B2
tomt rykte,empty fame,虚名,NOUN,B2
emulera,to emulate,效仿,VERB,B2
möjliggöra,to enable,使能够,VERB,B2
verkställa,to enact,颁布,VERB,B2
förtrylla,to enchant,使着迷,VERB,B2
förtryllande,enchanting,迷人的,ADJ,B2
inluta,to enclose,围住,VERB,B2
omfatta,to encompass,包含,VERB,B2
möte,encounter,相遇,NOUN,B2
uppmuntra,to encourage,鼓励,VERB,B2
kryptering,encryption,加密,NOUN,B2
encyklopedi,encyclopedia,百科全书,NOUN,B2
encyklopedisk,encyclopedic,百科全书式的,ADJ,B2
slut,end,端,PART,B2
äventyra,to endanger,危及,VERB,B2
hotad,endangered,濒危的,ADJ,B2
godkänna,to endorse,支持,VERB,B2
godkännande,endorsement,背书,NOUN,B2
donera,to endow,赋予,VERB,B2
uthållighet,endurance,坚忍,NOUN,B2
uthärda,to endure,忍受,VERB,B2
fiende,enemy must,仇必,NOUN,B2
fiendestat,enemy state,敌国,NOUN,B2
upprätthålla,to enforce,执行,VERB,B2
verkställighet,enforcement,执行,NOUN,B2
engagemang,engagement,订婚,NOUN,B2
ingenjörskonst,engineering,工程学,NOUN,B2
gravyr,engraving,版画,NOUN,B2
förstora,to enlarge,扩大,VERB,B2
upplysa,to enlighten,启发,VERB,B2
upplyst,enlightened,开明的,ADJ,B2
upplysning,enlightenment,澄清,NOUN,B2
värva,to enlist,征募,VERB,B2
fientlighet,enmity,敌意,NOUN,B2
förädla,to ennoble,使高贵,VERB,B2
enormitet,enormity,极恶,NOUN,B2
tillräcklig,enough,足够的,ADJ,B2
berikning,enrichment,丰富,NOUN,B2
skriva in,to enroll,注册,VERB,B2
inskrivning,enrollment,注册,NOUN,B2
medföra,to entail,牵涉,VERB,B2
trassla in,to entangle,使纠缠,VERB,B2
träda in,to enter,进入,VERB,B2
inträda i stad,to enter city,进城,VERB,B2
företag,enterprise,企业,NOUN,B2
underhålla,to entertain,娱乐,VERB,B2
underhållningscenter,entertainment center,娱乐中心,NOUN,B2
tronbestigning,enthronement,登基,NOUN,B2
entusiasm,enthusiasm,热情,NOUN,B2
locka,to entice,引诱,VERB,B2
hel,entire,整个的,ADJ,B2
helhet,entirety,全部,NOUN,B2
följe,entourage,随从,NOUN,B2
befästa,to entrench,巩固,VERB,B2
ingång,entry,入口,NOUN,B2
räkna upp,to enumerate,列举,VERB,B2
uttal,enunciation,发音,NOUN,B2
avundsjuk,envious,嫉妒的,ADJ,B2
miljö-,environmental,环境的,ADJ,B2
miljöskydd,environmental protection,环境保护,NOUN,B2
miljörapport,environmental report,环境报告,NOUN,B2
föreställa sig,to envision,展望,VERB,B2
enzym,enzyme,酶,NOUN,B2
epos,epic,史诗,NOUN,B2
epikureisk,epicurean,享乐主义的,ADJ,B2
kunskapsteori,epistemology,认识论,NOUN,B2
personifiering,epitome,化身,NOUN,B2
lika,equal,相等的,ADJ,B2
ekvation,equation,方程,NOUN,B2
ridsport,equestrianism,马术,NOUN,B2
jämvikt,equilibrium,平衡,NOUN,B2
utrusta,to equip,装备,VERB,B2
utrustad,equipped,配备的,ADJ,B2
motsvarighet,equivalent,等价物,NOUN,B2
utrota,to eradicate,根除,VERB,B2
utrotning,eradication,根除,NOUN,B2
radera,to erase,擦除,VERB,B2
suddgummi,eraser,橡皮擦,NOUN,B2
radering,erasure,擦除,NOUN,B2
fela,to err,犯错,VERB,B2
ärende,errand,差事,NOUN,B2
fel,error,错误,NOUN,B2
utbrott,eruption,爆发,NOUN,B2
eskalera,to escalate,升级,VERB,B2
eskalation,escalation,升级,NOUN,B2
rulltrappa,escalator,自动扶梯,NOUN,B2
eskort,escort guard,镖师,NOUN,B2
spioneri,espionage,间谍活动,NOUN,B2
essens,essence,本质,NOUN,B2
väsentlig,essential,必要的,ADJ,B2
grundutrustning,essential equipment,要置,NOUN,B2
väsentligen,essentially,主要地,ADV,B2
fastighet,estate,地产,NOUN,B2
aktning,esteem,尊重,NOUN,B2
uppskatta,estimate,估计,NOUN,B2
uppskatta,to estimate,估计,VERB,B2
frånmärdhet,estrangement,疏离,NOUN,B2
mynning,estuary,河口,NOUN,B2
evig allians,eternal alliance,永结,NOUN,B2
etnicitet,ethnicity,种族,NOUN,B2
etnologi,ethnology,民族学,NOUN,B2
minnestal,eulogy,赞辞,NOUN,B2
eufemism,euphemism,委婉语,NOUN,B2
eufori,euphoria,欣快感,NOUN,B2
undvika,to evade,逃避,VERB,B2
utvärdering,evaluation,评估,NOUN,B2
evangelisera,to evangelize,传福音,VERB,B2
fördunsta,to evaporate,蒸发,VERB,B2
fördunstning,evaporation,蒸发,NOUN,B2
undvikande,evasive,回避的,ADJ,B2
jämn,even,偶数的,ADJ,B2
även om,even if,即使,SCONJ,B2
slutligen,eventually,最终,ADV,B2
bestå,to ever,里何尝,VERB,B2
vardag,every day,天天,ADV,B2
utvisa,to evict,驱逐,VERB,B2
utvisning,eviction,驱逐,NOUN,B2
tydlig,evident,明显的,ADJ,B2
ond,evil,邪,PART,B2
evolution,evolution,进化,NOUN,B2
utvecklas,to evolve,进化,VERB,B2
förvärra,to exacerbate,加剧,VERB,B2
förvärring,exacerbation,加剧,NOUN,B2
exakt,exactly,确切地,ADV,B2
överdriven,exaggerated,夸张的,ADJ,B2
överdrift,exaggeration,夸张,NOUN,B2
irritera,to exasperate,激怒,VERB,B2
irritation,exasperation,恼怒,NOUN,B2
utgräva,to excavate,挖掘,VERB,B2
överskrida,to exceed,超过,VERB,B2
utmärka,to excel,擅长,VERB,B2
undantagslös,exceptional,杰出的,ADJ,B2
urval,excerpt,摘录,NOUN,B2
överskott,excess,过量,NOUN,B2
överdriven,excessive,过度的,ADJ,B2
utbyta,to exchange,交换,VERB,B2
uppröra,to excite,使兴奋,VERB,B2
upprörhet,excitement,兴奋,NOUN,B2
utrop,exclamation,感叹,NOUN,B2
utesluten,excluded,排除在外的,ADJ,B2
uteslutning,exclusion,排除,NOUN,B2
exklusiv,exclusive,独有的,ADJ,B2
exklusivt,exclusively,专门地,ADV,B2
exklusivitet,exclusivity,排他性,NOUN,B2
bannlysa,to excommunicate,开除教籍,VERB,B2
bannlysning,excommunication,绝罚,NOUN,B2
skada,to excoriate,严厉批评,VERB,B2
rättare,executioner,刽子手,NOUN,B2
chef,executive,行政主管,NOUN,B2
testamentsförvaltare,executor,遗嘱执行人,NOUN,B2
exeges,exegesis,注释,NOUN,B2
befria,to exempt,免除,VERB,B2
undantag,exemption,豁免,NOUN,B2
utandas,to exhale,呼气,VERB,B2
utmatta,to exhaust,耗尽,VERB,B2
utmattning,exhaustion,疲惫,NOUN,B2
omfattande,exhaustive,详尽的,ADJ,B2
visa,to exhibit,展览,VERB,B2
mana,to exhort,劝告,VERB,B2
exhumera,to exhume,掘出,VERB,B2
fördriva,exile,流亡,NOUN,B2
fördriva,to exile,流放,VERB,B2
friklara,to exonerate,使无罪,VERB,B2
utvisa,to expel,开除,VERB,B2
använda,to expend,花费,VERB,B2
utgift,expenditure,支出,NOUN,B2
utgifter,expenses,费用,NOUN,B2
utgång,expiry,失效,NOUN,B2
uttrycklig,explicit,明确的,ADJ,B2
exploatering,exploitation,利用,NOUN,B2
upptäckare,explorer,探险家,NOUN,B2
explosiv,explosive,爆炸性的,ADJ,B2
exponering,exposure,暴露,NOUN,B2
redogöra,to expound,阐述,VERB,B2
expropriera,to expropriate,征用,VERB,B2
utvisning,expulsion,驱逐,NOUN,B2
förlängning,extension,延伸,NOUN,B2
omfattande,extensive,广泛的,ADJ,B2
utrota,to exterminate,消灭,VERB,B2
utrotning,extermination,灭绝,NOUN,B2
extern,external,外部的,ADJ,B2
utdöende,extinction,灭绝,NOUN,B2
utpressa,to extort,敲诈,VERB,B2
utpressning,extortion,勒索,NOUN,B2
extra,extra,群众演员,NOUN,B2
extrahera,to extract,提取,VERB,B2
extraktion,extraction,提取,NOUN,B2
utlämna,to extradite,引渡,VERB,B2
utlämning,extradition,引渡,NOUN,B2
extraordinarie,extraordinary,非凡的,ADJ,B2
extrapolera,to extrapolate,推断,VERB,B2
extravagans,extravagance,奢侈,NOUN,B2
extrem,extreme,أقصى,NOUN,B2
jubla,to exult,狂喜,VERB,B2
jubel,exultation,欢腾,NOUN,B2
ögonbryn,eyebrow,眉毛,NOUN,B2
ögonfrans,eyelash,睫毛,NOUN,B2
ögonvittne,eyewitness,目击,NOUN,B2
fabel,fable,寓言,NOUN,B2
tyg,fabric,织物,NOUN,B2
förfalska,to fabricate,捏造,VERB,B2
förfalskning,fabrication,捏造,NOUN,B2
möta,to face,面对,VERB,B2
ansiktsläsning,face reading,面相,NOUN,B2
ansiktsigenkänning,face recognition,认人,NOUN,B2
underlätta,to facilitate,促进,VERB,B2
anläggning,facilities,设施,NOUN,B2
faksimil,facsimile,副本,NOUN,B2
fraktion,faction,派,NOUN,B2
faktor,factor,因素,NOUN,B2
fakultet,faculty,学院,NOUN,B2
blekna,to fade,褪色,VERB,B2
bleknad,faded,褪色的,ADJ,B2
misslyckat bud,failed bid,流标,NOUN,B2
svimning,fainting,晕厥,NOUN,B2
mässa,fair,交易会,NOUN,B2
fä,fairy,仙女,NOUN,B2
saga,fairy tale,童话,NOUN,B2
tro,faith,信仰,NOUN,B2
falsk,fake,假的,ADJ,B2
falk,falcon,猎鹰,NOUN,B2
höst,fall,瀑布,NOUN,B2
dra sig tillbaka,to fall back,回落,VERB,B2
bli sjuk,to fall ill,患病,VERB,B2
förälska sig,to fall in love,坠入爱河,VERB,B2
felföljd,fallacy,谬误,NOUN,B2
bråk,falling out,反目,NOUN,B2
genomfall,falling though,虽坠,NOUN,B2
lögn,falsehood,谎言,NOUN,B2
förfalska,to falsify,伪造,VERB,B2
falskhet,falsity,虚假,NOUN,B2
berömmelse,fame,名声,NOUN,B2
bekant,familiar,熟悉的,ADJ,B2
bekantskap,familiarity,مألوف,NOUN,B2
familjemedlem,family member,家庭成员,NOUN,B2
familjeförfall,family ruin,家破,NOUN,B2
anhängare,fan,粉丝,NOUN,B2
fanatism,fanaticism,狂热,NOUN,B2
långt,far,远的,ADJ,B2
jordbruk,farming,农业,NOUN,B2
snabb,fast quick,快的,ADJ,B2
fasta,fasting,禁食,NOUN,B2
dödlig,fatal,致命的,ADJ,B2
far,father,父,PART,B2
utmattning,fatigue,疲劳,NOUN,B2
fel,fault,错误,NOUN,B2
gunst,favor,恩惠,NOUN,B2
förmånliga omständigheter,favorable circumstances,顺境,NOUN,B2
favorit,favorite,最喜欢的,ADJ,B2
genomförbarhet,feasibility,可行性,NOUN,B2
genomförbar,feasible,可行的,ADJ,B2
bedrift,feat,功绩,NOUN,B2
foder,feed,饲料,NOUN,B2
återkoppling,feedback,反馈,NOUN,B2
avgift,fees,酬金,NOUN,B2
kamrat,fellow,家伙,NOUN,B2
brott,felony,重罪,NOUN,B2
kvinna,female,雌性,NOUN,B2
kvinnliga släktingar,female relatives,女眷,NOUN,B2
kvinnlighet,femininity,女性气质,NOUN,B2
fäktning,fencing,击剑,NOUN,B2
fänkål,fennel,茴香,NOUN,B2
jäsa,to ferment,发酵,VERB,B2
jästning,fermentation,发酵,NOUN,B2
vildhet,ferocity,凶猛,NOUN,B2
fruktbarhet,fertility,肥沃,NOUN,B2
befruktning,fertilization,施肥,NOUN,B2
gödselmedel,fertilizer,肥料,NOUN,B2
söndra,to fester,溃烂,VERB,B2
festival,festival,节日,NOUN,B2
foster,fetus,胎儿,NOUN,B2
fejd,feud,世仇,NOUN,B2
feodal,feudal,封建,ADJ,B2
feodalism,feudalism,封建主义,NOUN,B2
få,few,很少的,ADJ,B2
fiber,fiber,纤维,NOUN,B2
film,film,电影,NOUN,B2
filter,filter,过滤器,NOUN,B2
filter,to filter,过滤,VERB,B2
passa,to fit,适合,VERB,B2
kondition,fitness,健康,NOUN,B2
flaska,flask,小瓶,NOUN,B2
smickeri,flattery,奉承,NOUN,B2
smak,flavor,味道,NOUN,B2
brist,flaw,缺陷,NOUN,B2
fly,to flee,逃跑,VERB,B2
flyktig,fleeting,短暂的,ADJ,B2
flexibilitet,flexibility,灵活性,NOUN,B2
flexibel,flexible,灵活的,ADJ,B2
flakig,flimsy,脆弱的,ADJ,B2
flock,flock,兽群,NOUN,B2
översvämning,flood,洪水,NOUN,B2
flora,flora,植物群,NOUN,B2
flora,to flourish,繁荣,VERB,B2
flöde,flow,流动,NOUN,B2
spenning,flu,流感,NOUN,B2
fluktuation,fluctuation,波动,NOUN,B2
flytande,fluent,流利的,ADJ,B2
flöjt,flute,长笛,NOUN,B2
fladdra,to flutter,飘动,VERB,B2
flug,fly,苍蝇,NOUN,B2
skumig,foamy,多泡沫的,ADJ,B2
foder,fodder,饲料,NOUN,B2
mapp,folder,文件夹,NOUN,B2
folk,folk,民间的,ADJ,B2
folkliv,folklore,民俗,NOUN,B2
uppföljning,follow-up,跟进,NOUN,B2
följare,follower,追随者,NOUN,B2
livsmedel,foodstuff,食品,NOUN,B2
dum,foolish,愚蠢的,ADJ,B2
fotbrygga,footbridge,人行天桥,NOUN,B2
skor,footwear,鞋穿,NOUN,B2
gratis,for free,免费,ADV,B2
för det,for it,为此,ADV,B2
för tillfället,for now,暂时,ADV,B2
för ... skull,for the sake of,为了,ADP,B2
för vad,for what,为了什么,ADV,B2
i många år,for years,多年,ADV,B2
förbjudet land,forbidden land,禁地,NOUN,B2
kraft,force,力量,NOUN,B2
tvångsvis,forcibly,强制地,ADV,B2
prognos,forecast,预测,NOUN,B2
utlänning,foreigner,外国人,NOUN,B2
försyn,foresight,远见,NOUN,B2
för alltid,forever,永远,ADV,B2
förfalska,to forge,伪造,VERB,B2
förfalskning,forgery,伪造品,NOUN,B2
glömsk,forgetful,健忘的,ADJ,B2
gaffel,fork,叉子,NOUN,B2
formell,formal,正式的,ADJ,B2
formalitet,formality,礼节,NOUN,B2
formalisera,to formalize,使正式化,VERB,B2
tidigare,former,以前的,ADJ,B2
tidigare,formerly,以前,ADV,B2
framåt,forth,向前,ADV,B2
fästning,fortress,堡垒,NOUN,B2
lycklig,fortunate,幸运的,ADJ,B2
lycka,fortune,运气,NOUN,B2
spådom,fortune telling,算命,NOUN,B2
fossil,fossil,化石,NOUN,B2
grundare,founder,创始人,NOUN,B2
funnen,foundling,弃婴,NOUN,B2
gjuteri,foundry,铸造厂,NOUN,B2
fontän,fountain,喷泉,NOUN,B2
fragment,fragment,碎片,NOUN,B2
frost,frost,霜,NOUN,B2
full makt,full power,全力,NOUN,B2
funktionell,functional,功能的,ADJ,B2
funktionalitet,functionality,功能性,NOUN,B2
fond,fund,基金,NOUN,B2
utrusta,to furnish,提供,VERB,B2
vidare,further,进一步的,ADJ,B2
dessutom,furthermore,此外,ADV,B2
furi,fury,狂怒,NOUN,B2
smyga,fuse,保险丝,NOUN,B2
fuselå,fuselage,机身,NOUN,B2
fusion,fusion,融合,NOUN,B2
bråk,fuss,大惊小怪,NOUN,B2
futilitet,futility,无用,NOUN,B2
vinst,gain,收益,NOUN,B2
gallanteri,gallantry,英勇,NOUN,B2
galleri,gallery,画廊,NOUN,B2
galoppa,to gallop,飞奔,VERB,B2
gambla,gamble,赌博,NOUN,B2
gambla,to gamble,赌博,VERB,B2
trädgårdsmästare,gardener,园丁,NOUN,B2
plagg,garment,服装,NOUN,B2
garnera,to garnish,装饰,VERB,B2
garnison,garrison,驻军,NOUN,B2
pratsam,garrulous,喋喋不休的,ADJ,B2
mack,gas station,加油站,NOUN,B2
sammankomst,gathering,聚集,NOUN,B2
skåda,gaze,目视,NOUN,B2
skåda,to gaze,凝视,VERB,B2
utrustning,gear,齿轮,NOUN,B2
kön,gender,性别,NOUN,B2
gen,gene,基因,NOUN,B2
genealogi,genealogy,家谱学,NOUN,B2
generalisering,generalization,概括,NOUN,B2
generalisera,to generalize,概括,VERB,B2
generellt,generally,通常,ADV,B2
generera,to generate,产生,VERB,B2
generositet,generosity,慷慨,NOUN,B2
genes,genesis,起源,NOUN,B2
genetisk,genetic,基因的,ADJ,B2
genetik,genetics,遗传学,NOUN,B2
genom,genome,基因组,NOUN,B2
mjuk,gentle,温柔的,ADJ,B2
herre,gentleman,绅士,NOUN,B2
geografisk,geographical,地理的,ADJ,B2
geografi,geography,地理,NOUN,B2
geologisk,geological,地质的,ADJ,B2
geologi,geology,地质学,NOUN,B2
geometrisk,geometric,几何的,ADJ,B2
geometri,geometry,几何学,NOUN,B2
geopolitisk,geopolitical,地缘政治的,ADJ,B2
geopolitik,geopolitics,地缘政治,NOUN,B2
spora,germ,病菌,NOUN,B2
spiring,germination,发芽,NOUN,B2
gestikulera,to gesticulate,做手势,VERB,B2
bekanta sig,to get acquainted,相互认识,VERB,B2
bli arg,to get angry,生气,VERB,B2
gå vilse,to get lost,迷路,VERB,B2
sluta,to get off work,下班,VERB,B2
slippa,to get rid of,摆脱,VERB,B2
stiga upp,to get up,起床,VERB,B2
vana sig vid,to get used to,习惯于,VERB,B2
jättestor,giant,巨大的,ADJ,B2
gigantisk,gigantic,巨大的,ADJ,B2
gå igenom,to go through,经历,VERB,B2
gå upp,to go up,上升,VERB,B2
krigsgud,god of war,战神,NOUN,B2
gudinna,goddess,女神,NOUN,B2
gudfar,godfather,教父,NOUN,B2
gods,good,خير,NOUN,B2
tur,good luck,好运,NOUN,B2
anseende,good reputation,清誉,NOUN,B2
gås,goose,鹅,NOUN,B2
praktfull,gorgeous,华丽的,ADJ,B2
styra,to govern,统治,VERB,B2
styre,governance,治理,NOUN,B2
statlig,governmental,政府的,ADJ,B2
grabba,to grab,抓,VERB,B2
graciös,graceful,优雅的,ADJ,B2
gradering,gradation,渐变,NOUN,B2
betygssättning,grading,评分；记号,NOUN,B2
gradvis,gradual,逐渐的,ADJ,B2
examinera,graduate,毕业生,NOUN,B2
examinera,to graduate,毕业,VERB,B2
ymp,graft,嫁接,NOUN,B2
grammatik,grammar,语法,NOUN,B2
storslagen,grand,宏伟的,ADJ,B2
stort avstånd,grand distance,雄远,NOUN,B2
barnbarn,granddaughter,孙女,NOUN,B2
storhet,grandeur,宏伟,NOUN,B2
grandios,grandiose,浮夸的,ADJ,B2
farmor,grandma,奶奶,NOUN,B2
barnbarn,grandson,孙子,NOUN,B2
granit,granite,花岗岩,NOUN,B2
bevilja,to grant,授予,VERB,B2
vindruva,grape,葡萄,NOUN,B2
grafisk,graphic,图形的,ADJ,B2
gripa fast,to grasp firmly,抓紧,VERB,B2
gräsmark,grassland,草地,NOUN,B2
grus,gravel,砾石,NOUN,B2
tyngdkraft,gravity,重力,NOUN,B2
grå,gray,灰色的,ADJ,B2
beta,to graze,吃草,VERB,B2
fetig,greasy,油腻的,ADJ,B2
stor,great,伟大的,ADJ,B2
stor tjänst,great favor,大恩,NOUN,B2
stor förolämpning,great offense,冒犯大,NOUN,B2
stormakt,great power,大国,NOUN,B2
storhet,greatness,伟大,NOUN,B2
grönt öga,green eye,碧眼,NOUN,B2
gröna ögon,green eyes,想碧眼,NOUN,B2
grön teknik,green technology,绿色技术,NOUN,B2
grönögd,green-eyed,让碧眼,NOUN,B2
växthus,greenhouse,温室,NOUN,B2
sorg,grief,悲伤,NOUN,B2
klagomål,grievance,弊端,NOUN,B2
grym,grim,严酷的,ADJ,B2
smuts,grime,污垢,NOUN,B2
flina,to grin,咧嘴笑,VERB,B2
mala,to grind,磨碎,VERB,B2
gripa,to grip,紧握,VERB,B2
stöna,to groan,呻吟,VERB,B2
brudgum,groom,新郎,NOUN,B2
vidrig,gross,总的,ADJ,B2
mark,grounds,论据,NOUN,B2
växa upp,to grow up,成长,VERB,B2
morrande,growl,低吼,NOUN,B2
tillväxt,growth,增长,NOUN,B2
agg,grudge,怨恨,NOUN,B2
muttra,to grumble,抱怨,VERB,B2
muttrande,grumbling,抱怨,NOUN,B2
garanti,guarantee,保证,NOUN,B2
borgensman,guarantor,担保人,NOUN,B2
förmyndare,guardian,守卫,NOUN,B2
förmyndarskap,guardianship,监护,NOUN,B2
guida,guide,导游,NOUN,B2
guida,to guide,引导,VERB,B2
giljotin,guillotine,断头台,NOUN,B2
skyldig,guilty,有罪的,ADJ,B2
gitarrist,guitarist,吉他手,NOUN,B2
bukt,gulf,海湾,NOUN,B2
godtrogen,gullible,易受骗的,ADJ,B2
halsa,to gulp,吞咽,VERB,B2
tandkött,gum,牙龈,NOUN,B2
gymnastiksal,gymnasium,体育馆,NOUN,B2
gymnastik,gymnastics,体操,NOUN,B2
bruk,habitually in the past,往常,NOUN,B2
tillvänjning,habituation,习惯化,NOUN,B2
hacka,to hack,入侵；盗版,VERB,B2
pruta,to haggle,讨价还价,VERB,B2
prutande,haggling,计较,NOUN,B2
hagel,hail,冰雹,NOUN,B2
frisör,hairdresser,理发师,NOUN,B2
korridor,hallway,走廊,NOUN,B2
handboja,handcuff,手铐,NOUN,B2
näsduk,handkerchief,手帕,NOUN,B2
handtag,handle,把手,NOUN,B2
hantering,handling,处理,NOUN,B2
stilig man,handsome guy,帅哥,NOUN,B2
skrivövning,handwriting practice,练字,NOUN,B2
hänga upp,to hang up,挂断,VERB,B2
trakassera,to harass,骚扰,VERB,B2
kränkning,harassment,骚扰,NOUN,B2
svårvald,hard to choose,难以抉择,ADJ,B2
svårskild,hard to distinguish,难以区分,ADJ,B2
svårupprätthållen,hard to maintain,难以维持,ADJ,B2
svårtalad,hard to speak of,难以启齿,ADJ,B2
hårdhet,hardness,硬度,NOUN,B2
arbetsam,hardworking,勤奋的,ADJ,B2
skada,harm,伤害,NOUN,B2
skada,to harm,损害,VERB,B2
skadlig,harmful,有害的,ADJ,B2
oskadlig,harmless,无害的,ADJ,B2
harmonisk,harmonious,和谐的,ADJ,B2
harmonisering,harmonization,协调,NOUN,B2
harmoni,harmony,和谐,NOUN,B2
skörd,harvest,收获,NOUN,B2
brådska,haste,匆忙,NOUN,B2
brådig,hasty,仓促的,ADJ,B2
hat,hate,仇恨,NOUN,B2
högmod,haughtiness,傲慢,NOUN,B2
olyckas,to have an accident,遭遇意外,VERB,B2
frukosta,to have breakfast,吃早餐,VERB,B2
middaga,to have dinner,吃晚餐,VERB,B2
luncha,to have lunch,吃午餐,VERB,B2
bara ha,to have only,唯有,VERB,B2
nödvändighet,have to,还得,NOUN,B2
hö,hay,干草,NOUN,B2
hasselnot,hazelnut,榛子,NOUN,B2
hörlurar,headphones,耳机,NOUN,B2
läkning,healing,治愈,NOUN,B2
hop,heap,堆,NOUN,B2
höra,to hear a case,审理,VERB,B2
hörselbeile,heard beile,听说贝勒,NOUN,B2
hörsel,hearing,听证会,NOUN,B2
hjärtklapp,heartbeat,心跳,NOUN,B2
värma,to heat,加热,VERB,B2
hettbölja,heat wave,热浪,NOUN,B2
uppvärmning,heating,供暖,NOUN,B2
himmel,heaven,天堂,NOUN,B2
himmelsk doft,heavenly fragrance,天香,NOUN,B2
tyngd,heaviness,沉重 / 笨重,NOUN,B2
tung etikett,heavy etiquette,礼太重,NOUN,B2
tung knut,heavy knot,重结,NOUN,B2
tung maskin,heavy machine,重机,NOUN,B2
tung typ,heavy type,重型,NOUN,B2
tungt arbete,heavy work,重功,NOUN,B2
igelkott,hedgehog,刺猬,NOUN,B2
häla,heel,脚后跟,NOUN,B2
hegemoni,hegemony,霸权,NOUN,B2
hjälpa,to help assistance,帮助,VERB,B2
hjälpsam,helpful,有帮助的,ADJ,B2
hemorragi,hemorrhage,出血,NOUN,B2
ört,herb,草药,NOUN,B2
hjord,herd,兽群,NOUN,B2
herde,herder,牧民,NOUN,B2
arvlig,hereditary,遗传的,ADJ,B2
ärvlighet,heredity,遗传,NOUN,B2
kätteri,heresy,异端,NOUN,B2
kättare,heretic,异端,NOUN,B2
arv,heritage,遗产,NOUN,B2
hermeneutisk,hermeneutic,诠释学的,ADJ,B2
heroisk,heroic,英勇的,ADJ,B2
heterogen,heterogeneous,异质的,ADJ,B2
hej,hey,嘿,INTJ,B2
dölja,to hide oneself,躲藏,VERB,B2
doldis,hideout,藏身处,NOUN,B2
döljande,hiding,ٱختباء,NOUN,B2
heders-,honorary,名誉的,ADJ,B2
hedrad,honored,尊敬的,ADJ,B2
hoppas,to hope to wish,希望,VERB,B2
horisont,horizon,地平线,NOUN,B2
hormon,hormone,激素,NOUN,B2
hemsk,horrible,可怕的,ADJ,B2
förfära,to horrify,使惊骇,VERB,B2
förfärande,horrifying,令人毛骨悚然的,ADJ,B2
hästavgång,horse departure,马去,NOUN,B2
gästvänlig,hospitable,好客的,ADJ,B2
gästvänlighet,hospitality,好客,NOUN,B2
sjukhusvårdas,to hospitalize,使住院,VERB,B2
arrangera,to host,接待,VERB,B2
fientlig,hostile,敌对的,ADJ,B2
fientlighet,hostility,敌意,NOUN,B2
varmluftballong,hot air balloon,热气球,NOUN,B2
hushåll,household,家庭,NOUN,B2
bostad,housing,住房,NOUN,B2
hur,how,又怎会,NOUN,B2
hur många,how many,多少,NUM,B2
hur mycket,how much,多少,PRON,B2
dock,however,然而,CCONJ,B2
yla,to howl,嚎叫,VERB,B2
enorm,huge,巨大的,ADJ,B2
va,huh,哈,INTJ,B2
humma,to hum,哼唱,VERB,B2
mänsklig kapacitet,human capacity,人会,NOUN,B2
människonatur,human nature,人性,NOUN,B2
humanisering,humanization,人性化,NOUN,B2
fuktighet,humidity,湿度,NOUN,B2
förnedra,to humiliate,羞辱,VERB,B2
förnedring,humiliation,羞辱,NOUN,B2
ödmjukhet,humility,谦逊,NOUN,B2
kryckryggad,hunchbacked,驼背的,ADJ,B2
svält,hunger,饥饿,NOUN,B2
jakt,hunting,狩猎,NOUN,B2
orkan,hurricane,飓风,NOUN,B2
hydda,hut,小屋,NOUN,B2
hybridisering,hybridization,杂交,NOUN,B2
vattenkraft,hydro energy,水能,NOUN,B2
väte,hydrogen,氢,NOUN,B2
hygien,hygiene,卫生,NOUN,B2
psalm,hymn,赞美诗,NOUN,B2
överanvändning,hyper-use,超用,NOUN,B2
hypnos,hypnosis,催眠,NOUN,B2
hypokrisi,hypocrisy,虚伪,NOUN,B2
hypotermi,hypothermia,体温过低,NOUN,B2
hypotetisk,hypothetical,假设的,ADJ,B2
jag förtjänar inte din berömelse,i don't deserve your praise,不敢当,INTJ,B2
ishockey,ice hockey,冰球,NOUN,B2
isbana,ice rink,溜冰场,NOUN,B2
ikon,icon,偶像,NOUN,B2
isig,icy,冰冷的,ADJ,B2
id-kort,id card,身份证,NOUN,B2
id-foto,id photo,证件照,NOUN,B2
idealisk,ideal,理想的,ADJ,B2
idealism,idealist,理想主义者,NOUN,B2
ideologisk,ideological,意识形态的,ADJ,B2
ideologi,ideology,意识形态,NOUN,B2
idioti,idiocy,愚蠢,NOUN,B2
ledig,idle,懒惰的,ADJ,B2
om när,if when,如果,SCONJ,B2
kejsarlig släkting,imperial relatives,皇亲,NOUN,B2
implementera,to implement,实施,VERB,B2
implementering,implementation,实施,NOUN,B2
inblandas,to implicate,连累,VERB,B2
bega,to implore,恳求,VERB,B2
oförskamfull,impolite,不礼貌的,ADJ,B2
import,importation,进口,NOUN,B2
påbuda,to impose,强加,VERB,B2
omöjlighet,impossibility,不可能,NOUN,B2
fängsla,to imprison,监禁,VERB,B2
fängslande,imprisonment,监禁,NOUN,B2
opassande,improper,不合适的,ADJ,B2
förbättring,improvement,好转,NOUN,B2
improvisera,to improvise,即兴创作,VERB,B2
improviserad,improvised,即兴的,ADJ,B2
oförskämhet,impudence,厚颜无耻,NOUN,B2
oförskamfull,impudent,无礼的,ADJ,B2
impuls,impulse,冲动,NOUN,B2
impulsiv,impulsive,冲动的,ADJ,B2
orenhet,impurity,不纯,NOUN,B2
dessutom,in addition,此外,ADV,B2
i förväg,in advance,事先,ADV,B2
detaljerat,in detail,详细地,ADV,B2
framför,in front,在前面,ADV,B2
i det,in it,在里面,ADV,B2
för att,in order to,以期,SCONJ,B2
personligen,in person,亲自地,ADV,B2
trotts,to in spite of,不顾,VERB,B2
i himlen,in the sky,天上,NOUN,B2
i tid,in time,及时地,ADV,B2
vind,in wind,临风,NOUN,B2
skrift,in writing,书面,NOUN,B2
oförmåga,inability,无能,NOUN,B2
inviga,to inaugurate,启用,VERB,B2
invigning,inauguration,开幕,NOUN,B2
rökelse,incense,香,NOUN,B2
incitament,incentive,激励,NOUN,B2
tum,inch,بوصة,NOUN,B2
i övrigt,incidentally,顺便地,ADV,B2
incinera,to incinerate,焚烧,VERB,B2
uppvigla,to incite,煽动,VERB,B2
uppvigling,incitement,煽动,NOUN,B2
benägenhet,inclination,倾向,NOUN,B2
luta,to incline,使倾斜,VERB,B2
intäkt och utgift,income and expense,收支,NOUN,B2
oförenlighet,incompatibility,不兼容,NOUN,B2
ofullständig,incomplete,不完整的,ADJ,B2
inkonsekvens,inconsistency,不一致,NOUN,B2
inkonsekvent,inconsistent,不一致的,ADJ,B2
inkorporera,to incorporate,包含,VERB,B2
ökning,increase,增加,NOUN,B2
öka stadigt,to increase steadily,与日俱增,VERB,B2
alltmer,increasingly,越来越,ADV,B2
inkubation,incubation,孵化,NOUN,B2
inkubator,incubator,孵化器,NOUN,B2
skuldsättning,indebtedness,负债,NOUN,B2
obeslutsam,indecisive,犹豫不决的,ADJ,B2
outplånlig,indelible,不可磨灭的,ADJ,B2
oberoende,independence,独立,NOUN,B2
obeskrivlig,indescribable,难以形容的,ADJ,B2
indikera,to indicate,表明,VERB,B2
indikator,indicator,指标,NOUN,B2
likgiltighet,indifference,冷漠,NOUN,B2
likgiltig,indifferent,冷漠的,ADJ,B2
inhemsk,indigenous,本土的,ADJ,B2
matsmältningsstörning,indigestion,消化不良,NOUN,B2
indignerad,indignant,愤慨的,ADJ,B2
omrörlig,indispensable,不可或缺的,ADJ,B2
individuell,individual,单独的,ADJ,B2
individuell uppgift,individual assignment,个人作业,NOUN,B2
individualitet,individuality,个性,NOUN,B2
inducera,to induce,引起,VERB,B2
industriell,industrial,工业的,ADJ,B2
industrikedja,industry chain,产业链,NOUN,B2
ineffektiv,inefficient,低效的,ADJ,B2
ojämlikhet,inequality,不平等,NOUN,B2
tröghet,inertia,惯性,NOUN,B2
obergad,inexperienced,生疏的,ADJ,B2
förälskelse,infatuation,迷恋,NOUN,B2
sluta,to infer,推断,VERB,B2
slutsats,inference,推断,NOUN,B2
underlägsen,inferior,低等的,ADJ,B2
underlägsenhet,inferiority,劣势,NOUN,B2
infiltrera,to infiltrate,渗透,VERB,B2
oändlig,infinite,无限的,ADJ,B2
inflatera,to inflate,使膨胀,VERB,B2
påverka,to influence,影响,VERB,B2
informell,informal,非正式的,ADJ,B2
kränka,to infringe,侵犯,VERB,B2
genialisk,ingenious,灵巧的,ADJ,B2
rättfärdigande,justification,理由,NOUN,B2
kittel,kettle,水壶,NOUN,B2
tangentbord,keyboard,键盘,NOUN,B2
njur,kidney,肾脏,NOUN,B2
slå två flugor i en smäll,kill two birds with one stone,一举两得,ADJ,B2
mördare,killer,杀手,NOUN,B2
art,kind,种类,NOUN,B2
kinetisk,kinetic,运动的,ADJ,B2
rike,kingdom,王国,NOUN,B2
släktskap,kinship,亲属关系,NOUN,B2
kyssa,to kiss,亲吻,VERB,B2
drake,kite,风筝,NOUN,B2
knut,knot,结,NOUN,B2
känna igen,to know to recognize,认识,VERB,B2
känd,known,已知的,ADJ,B2
arbete,labor,劳动,NOUN,B2
laboratorium,laboratory,实验室,NOUN,B2
arbetsam,laborious,费力的,ADJ,B2
sakna,to lack,缺乏,VERB,B2
lakonisk,laconic,简洁的,ADJ,B2
stege,ladder,梯子,NOUN,B2
lam,lame,跛的,ADJ,B2
landning,landing,着陆,NOUN,B2
hyresvärd,landlord,房东,NOUN,B2
landskap,landscape,风景,NOUN,B2
jordskred,landslide,滑坡,NOUN,B2
fil,lane,小巷,NOUN,B2
lykta,lantern,灯笼,NOUN,B2
storskalig,large-scale,大规模的,ADJ,B2
struphuvud,larynx,喉,NOUN,B2
bestå,to last,持续,VERB,B2
hålla i sig,to last a period of time,为期,VERB,B2
senhet,late,晚才,NOUN,B2
legendarisk,legendary,传奇的,ADJ,B2
lagstiftande,legislative,立法的,ADJ,B2
legitimitet,legitimacy,合法性,NOUN,B2
legitim,legitimate,合法的,ADJ,B2
fritid,leisure,闲暇,NOUN,B2
låna,to lend,借出,VERB,B2
mildhet,leniency,宽厚,NOUN,B2
mild,lenient,宽大的,ADJ,B2
mindre,less,更少,ADV,B2
för att inte,lest,唯恐,SCONJ,B2
låta,let,让,AUX,B2
låta,to let,让,VERB,B2
för att inte tala om,let alone,别说,ADV,B2
släppa,to let go,放开,VERB,B2
sallad,lettuce,生菜,NOUN,B2
lexikologi,lexicology,词汇学,NOUN,B2
ansvar,liability,责任,NOUN,B2
förbindelse,liaison,联络,NOUN,B2
liberalisering,liberalization,自由化,NOUN,B2
befrielse,liberation,解放,NOUN,B2
registreringsskylt,license plate,车牌,NOUN,B2
registreringsskyltsrestriktion,license plate restriction,限号,NOUN,B2
lösaktighet,licentiousness,放荡,NOUN,B2
liv och död,life and death,生死,NOUN,B2
livstids fängelse,life imprisonment,无期徒刑,NOUN,B2
livstids straff,life retribution,偿命,NOUN,B2
liv och död,life-and-death,决生,NOUN,B2
livstid,lifetime,一生,NOUN,B2
lätthet,lightness,轻盈,NOUN,B2
likhet,likeness,就象,NOUN,B2
likaså,likewise,同样地,ADV,B2
gräns,limit,限制,NOUN,B2
ställa upp,to line up,排成一行,VERB,B2
släktlinje,lineage,血统,NOUN,B2
linjär,linear,线性的,ADJ,B2
linne,linen,线麻,NOUN,B2
likvidation,liquidation,清算,NOUN,B2
likviditet,liquidity,流动性,NOUN,B2
lista,to list,列举,VERB,B2
lyssna uppmärksamt,to listen attentively,倾听,VERB,B2
läskunnighet,literacy,读写能力,NOUN,B2
processförande,litigant,诉讼当事人,NOUN,B2
rättsprocess,litigation,诉讼,NOUN,B2
lilla elva,little eleven,小十一,NOUN,B2
lilla nia,little nine,小九,NOUN,B2
livlig,lively,热闹的,ADJ,B2
boskap,livestock,家畜,NOUN,B2
last,load,负载,NOUN,B2
limpa,loaf,一条面包,NOUN,B2
lokalisera,to locate,定位,VERB,B2
plats,location,地点,NOUN,B2
låsa in,to lock up,关押,VERB,B2
låsa ner,to lockdown,封城,VERB,B2
omklädningsrum,locker room,更衣室,NOUN,B2
logi,lodging,住宿,NOUN,B2
hög,lofty,崇高的,ADJ,B2
stock,log,日志,NOUN,B2
logistik,logistics,后勤,NOUN,B2
ensam,lonely,孤独的,ADJ,B2
för länge sedan,long ago,早已,ADV,B2
långfärdsbuss,long-distance bus,长途车,NOUN,B2
ta hand om,to look after,照料,VERB,B2
titta på,to look at,观看,VERB,B2
titta på dig,look at you,你看你,NOUN,B2
se ner på,to look down upon,看不起,VERB,B2
leta efter,to look for to find,找,VERB,B2
slå upp,to look up,查阅,VERB,B2
äktenskapsallians,marriage alliance,联姻,NOUN,B2
äktenskapsbar,marriageable,适婚,NOUN,B2
martyrium,martyrdom,殉难,NOUN,B2
förundras,to marvel,使惊奇,VERB,B2
massakr,massacre,大屠杀,NOUN,B2
massiv,massive,巨大的,ADJ,B2
mästra,to master,掌握,VERB,B2
masterexamen,master's degree,硕士学位,NOUN,B2
mästarens ord,master's word,爷说,NOUN,B2
mästerskap,mastery,精通,NOUN,B2
matchande,matching,配套,ADJ,B2
matchtid,matching time,对时,NOUN,B2
matchmakare,matchmaker,媒,NOUN,B2
morbror,maternal uncle,舅舅,NOUN,B2
matematisk,mathematical,数学的,ADJ,B2
matris,matrix,矩阵,NOUN,B2
sake,matter,事情,NOUN,B2
madrass,mattress,床垫,NOUN,B2
mognad,maturity,成熟,NOUN,B2
maximal,maximum,最大,ADJ,B2
jag,me,لي,NOUN,B2
äng,meadow,草地,NOUN,B2
mellan,meantime,同时,NOUN,B2
samtidigt,meanwhile,同时,ADV,B2
exemplar,measure word for books,本,NUM,B2
mekanism,mechanism,机制,NOUN,B2
mekanistisk,mechanistic,机制性,ADJ,B2
medling,mediation,调解,NOUN,B2
patientjournal,medical record,病历,NOUN,B2
måttligt regn,moderate rain,中雨,NOUN,B2
modernisering,modernization,现代化,NOUN,B2
blygsam,modest,谦虚的,ADJ,B2
modifiering,modification,修改,NOUN,B2
modifierad effekt,modified effect,改效,NOUN,B2
modifierad modell,modified model,改模,NOUN,B2
modifierat ljud,modified sound,改响,NOUN,B2
modifierat system,modified system,改系,NOUN,B2
modifiera,to modify,修改,VERB,B2
modulär,modular,模块化的,ADJ,B2
fuktig,moist,潮湿的,ADJ,B2
mögel,mold,鞋楦,NOUN,B2
möl,mole,鼹鼠,NOUN,B2
molekyl,molecule,分子,NOUN,B2
monetär,monetary,金钱的,ADJ,B2
övervakning,monitoring,监控,NOUN,B2
övervakningsrum,monitoring room,监控室,NOUN,B2
monopolistisk,monopolistic,垄断的,ADJ,B2
monopolisera,to monopolize,垄断,VERB,B2
monoton,monotonous,单调的,ADJ,B2
månadsmåne,month moon,月,NOUN,B2
månadsvis,monthly,每月的,ADJ,B2
månadskontroll,monthly exam,月考,NOUN,B2
månmunk,mooncake,月饼,NOUN,B2
moralitet,morality,道德,NOUN,B2
mer,more,مزيد,NOUN,B2
oftare,more often,更频繁,ADV,B2
dessutom,moreover,此外,ADV,B2
morgontidning,morning newspaper,晨报,NOUN,B2
morfologisk,morphological,形态的,ADJ,B2
morfologi,morphology,形态学,NOUN,B2
inteckna,mortgage,抵押贷款,NOUN,B2
inteckna,to mortgage,抵押,VERB,B2
mosaik,mosaic,马赛克,NOUN,B2
moské,mosque,清真寺,NOUN,B2
mygga,mosquito,蚊子,NOUN,B2
mamma,mother,娘,PART,B2
mors trygghet,mother's reassurance,娘放心,NOUN,B2
mors,mother-in-law,岳母,NOUN,B2
husvagn,motorhome,露营车,NOUN,B2
bergsnedfart,mountain descent,下山,NOUN,B2
bergskedja,mountain range,山脉,NOUN,B2
munfull,mouthful,一口,NOUN,B2
flytta,to move aside,移开,VERB,B2
flytta,to move in,搬入,VERB,B2
film,movie,电影,NOUN,B2
herr,mr.,先生,NOUN,B2
mrt,mri,核磁共振,NOUN,B2
mycket,much,多,DET,B2
slem,mucus,黏液,NOUN,B2
ler,mud,泥,NOUN,B2
virrig,muddled,混乱的,ADJ,B2
multiplicera,to multiply,乘；增加,VERB,B2
kommunal,municipal,市政的,ADJ,B2
gävnhet,munificence,慷慨,NOUN,B2
muskelsmärta,muscle pain,肌肉痛,NOUN,B2
svamp,mushroom,蘑菇,NOUN,B2
marin,navy,海军,NOUN,B2
nära,near,靠近,ADV,B2
närheten,nearby,在附近,ADV,B2
nästan,nearly,几乎,ADV,B2
nysn,neat,整洁的,ADJ,B2
nödvändighet,necessity,必要性；必需品,NOUN,B2
negera,to negate,否定,VERB,B2
försumma,to neglect,忽视,VERB,B2
vårdslöshet,negligence,疏忽；过失,NOUN,B2
vårdslös,negligent,疏忽的,ADJ,B2
obetydlig,negligible,微不足道的,ADJ,B2
betydande,negligible not,不可忽视,ADJ,B2
förhandling,negotiations,谈判,NOUN,B2
snyta,to neigh,嘶鸣,VERB,B2
grannskapet,neighborhood,社区,NOUN,B2
grannliggande,neighboring,邻近的,ADJ,B2
nervositet,nervousness,紧张,NOUN,B2
neuros,neurosis,神经症,NOUN,B2
neutralitet,neutrality,中立,NOUN,B2
nyårsdag,new year's day,元旦,NOUN,B2
grann,next door,隔壁,NOUN,B2
nypa,to nibble,啃,VERB,B2
nattvy,night view,夜景,NOUN,B2
nattklubb,nightclub,夜总会,NOUN,B2
nattskärr,nightingale,夜莺,NOUN,B2
nej,no,不,ADV,B2
skadeslöshet,no harm,没事吧,NOUN,B2
inte längre,no longer,不再,ADV,B2
oavsett,no matter,不论,CCONJ,B2
behov,no need,不用,AUX,B2
adel,nobility,贵族气质,NOUN,B2
ingen,nobody,没有人,PRON,B2
nattlig,nocturnal,夜间的,ADJ,B2
nixa,to nod,点头,VERB,B2
brusig,noisy,吵闹的,ADJ,B2
nominera,to nominate,提名,VERB,B2
nominering,nomination,提名,NOUN,B2
oförmåga,non-ability,非能,NOUN,B2
icke-abstraktion,non-abstraction,非抽,NOUN,B2
icke-handling,non-action,非作,NOUN,B2
icke-hjälp,non-assistance,勿助,NOUN,B2
icke-tron,non-belief,非信,NOUN,B2
icke-begrepp,non-concept,非概,NOUN,B2
icke-konstruktion,non-construction,非建,NOUN,B2
icke-kontingent,non-contingent,非偶,NOUN,B2
icke-bevis,non-evidence,非据,NOUN,B2
icke-induktion,non-induction,非归,NOUN,B2
icke-inferens,non-inference,非推,NOUN,B2
icke-nivå,non-level,非级,NOUN,B2
icke-styrning,non-management,管不,NOUN,B2
icke-förtjänst,non-merit,非功,NOUN,B2
icke-medvetande,non-mind,非心,NOUN,B2
icke-modell,non-model,非模,NOUN,B2
icke-bana,non-orbit,非轨,NOUN,B2
icke-ordning,non-order,非序,NOUN,B2
icke-skugga,non-shadow,非影,NOUN,B2
icke-ljud,non-sound,非响,NOUN,B2
icke-specifik,non-specific,非殊,NOUN,B2
icke-stad,non-state,非态,NOUN,B2
icke-strategi,non-strategy,非略,NOUN,B2
icke-substans,non-substance,非质,NOUN,B2
icke-tanke,non-thought,非念,NOUN,B2
icke-spår,non-trace,非迹,NOUN,B2
ohörlydande,obedient,顺从的,ADJ,B2
fetma,obesity,肥胖,NOUN,B2
invändning,objection,异议,NOUN,B2
mål,objective,客观的,ADJ,B2
objektivitet,objectivity,客观性,NOUN,B2
obscen,obscene,淫秽的,ADJ,B2
observatorium,observatory,天文台,NOUN,B2
observatör,observer,观察者,NOUN,B2
föråldrad,obsolete,过时的,ADJ,B2
envist,obstinate,固执的,ADJ,B2
spärra,to obstruct,阻碍,VERB,B2
spärrning,obstruction,阻塞,NOUN,B2
få,to obtain,获得,VERB,B2
ibland,occasionally,偶尔,ADV,B2
yrke,occupation,职业,NOUN,B2
upptagen,occupied,被占用的,ADJ,B2
förekomst,occurrence,发生,NOUN,B2
hav,ocean,海洋,NOUN,B2
av,of,之,PART,B2
självfallet,of course,理所当然的,ADJ,B2
terrängbil,off-road vehicle,越野车,NOUN,B2
kränka,to offend,冒犯,VERB,B2
erbjudande,offering,祭品,NOUN,B2
tjänsteman,official,官员,NOUN,B2
officiellt,officially,正式地,ADV,B2
tjänsteman,officials,官员,NOUN,B2
åh,oh,哇,PART,B2
salva,ointment,药膏,NOUN,B2
okej,okay,好的,INTJ,B2
ålderdom,old age,老年,NOUN,B2
gamla mästaren,old master,老太爷,NOUN,B2
gammal tjänare,old servant,老奴,NOUN,B2
äldre bror,older brother,大哥哥,NOUN,B2
omelett,omelet,欧姆蛋,NOUN,B2
hotfull,ominous,不祥的,ADJ,B2
utelämna,to omit,省略,VERB,B2
huvud,on head,当头,NOUN,B2
på det,on it,在上面,ADV,B2
å andra sidan,on the other hand,另一方面,ADV,B2
på väg,on the way,在路上,ADV,B2
en gång,once,一次,ADV,B2
en gång till,once more,再次,ADV,B2
en,one,人们,PRON,B2
en efter en,one after another,接连地,ADV,B2
en bok,one book,一本,NUM,B2
en dag,one day,一天,NUM,B2
en familj,one family,一家,NUM,B2
en lägenhet,one flat,一张,NUM,B2
ett huvud,one head,一头,NUM,B2
en natt,one night,一晚,NUM,B2
ett set,one set,一套,NUM,B2
ett skott,one shot,一枪,NUM,B2
till hjärtats nöje,one's heart's content,尽情,ADV,B2
ensidig,one-sided,单方面的,ADJ,B2
bara,only,而已,SCONJ,B2
bara precis,only just,才,ADV,B2
bara då,only then,才,ADV,B2
bara jag,only-me,只我,NOUN,B2
ontologi,ontology,本体论,NOUN,B2
öppensinnad,open-minded,思想开明的,ADJ,B2
öppning,opening,开口,NOUN,B2
öppet,openly,公开地,ADV,B2
operatör,operator,经营者,NOUN,B2
möjlighet,opportunity,机会,NOUN,B2
motverka,to oppose,反对,VERB,B2
motsatt,opposite,相反的,ADJ,B2
förtrycka,to oppress,压迫,VERB,B2
förtryck,oppression,压迫,NOUN,B2
optisk,optical,光学的,ADJ,B2
optik,optics,光学,NOUN,B2
optimistisk,optimistic,乐观的,ADJ,B2
optimera,to optimize,优化,VERB,B2
alternativ,option,选择,NOUN,B2
valfri,optional,可选的,ADJ,B2
alternativ,options,期权,NOUN,B2
muntlig,oral,口头的,ADJ,B2
muntligt påbud,oral decree,口谕,NOUN,B2
omloppsbana,orbit,轨道,NOUN,B2
fruktodling,orchard,果园,NOUN,B2
orkester,orchestra,管弦乐队,NOUN,B2
prövning,ordeal,苦难,NOUN,B2
ordnad,orderly,有序的,ADJ,B2
vanligtvis,ordinarily,通常,ADV,B2
vanlig,ordinary,普通的,ADJ,B2
vanlig dag,ordinary day,平日,NOUN,B2
vanliga människor,ordinary people,老百姓,NOUN,B2
organisk,organic,有机的,ADJ,B2
organiserad,organized,有组织的,ADJ,B2
organisatör,organizer,组织者,NOUN,B2
orientering,orientation,取向,NOUN,B2
originaldokument,original document,原件,NOUN,B2
originalitet,originality,独创性,NOUN,B2
ursprungligen,originally,最初,ADV,B2
härstamma,to originate,发源,VERB,B2
föräldralöst barn,orphan,孤儿,NOUN,B2
ortodox,orthodox,正统的,ADJ,B2
oscillera,to oscillate,振荡,VERB,B2
andra sidan,other side,对面,NOUN,B2
annorlunda,otherness,相异性,NOUN,B2
andra,others,他人,NOUN,B2
utbrott,outburst,迸发,NOUN,B2
utstött,outcast,被遗弃者,NOUN,B2
föråldrad,outdated,过时的,ADJ,B2
utettoalett,outhouse,茅房,NOUN,B2
utlopp,outlet,出口,NOUN,B2
skissera,outline,大纲,NOUN,B2
skissera,to outline,勾勒,VERB,B2
utsikt,outlook,前景,NOUN,B2
upprörande,outrage,愤怒,NOUN,B2
utanför,outside,在外面,ADV,B2
utkontraktering,outsourcing,外包,NOUN,B2
överdomän,over-domain,超畴,NOUN,B2
överstrategi,over-strategy,超策,NOUN,B2
överstryk,over-stroke,超程,NOUN,B2
överlag,overall,总体上,ADV,B2
molnigt,overcast,阴天的,ADJ,B2
övervinna,to overcome,克服,VERB,B2
överdra,to overdraw,透支,VERB,B2
försenad,overdue,逾期,ADJ,B2
överflöde,overflow,溢出,NOUN,B2
överlappning,overlap,重叠,NOUN,B2
över natten,overnight,一夜之间,ADV,B2
utlandskineser,overseas chinese,华侨,NOUN,B2
inhamta,to overtake,超过,VERB,B2
övervända,to overturn,打翻,VERB,B2
överrumpla,to overwhelm,使不知所措,VERB,B2
skulda,to owe,欠,VERB,B2
uggla,owl,猫头鹰,NOUN,B2
oxid,oxide,氧化物,NOUN,B2
tempomakare,pace-setter,标兵,NOUN,B2
persilja,parsley,欧芹,NOUN,B2
arva,to part by death,死别,VERB,B2
delorsak,partial cause,分因,NOUN,B2
delbetydelse,partial meaning,分义,NOUN,B2
deltagande,participatory,参与式的,ADJ,B2
partikel,particle,颗粒,NOUN,B2
speciell,particular,特定的,ADJ,B2
partnerskap,partnership,伙伴关系,NOUN,B2
dö,to pass away,流逝,VERB,B2
passera,to pass by,经过,VERB,B2
överlåta,to pass on,转交,VERB,B2
passiv,passive,被动的,ADJ,B2
fortid,past,过去,NOUN,B2
tentor,past exam papers,真题,NOUN,B2
lim,paste,酱,NOUN,B2
bete,pasture,牧场,NOUN,B2
lapp,patch,补丁,NOUN,B2
patologisk,pathological,病态的,ADJ,B2
patriarkat,patriarchy,父权制,NOUN,B2
patriotisk,patriotic,爱国的,ADJ,B2
pausa,to pause,暂停,VERB,B2
paviljong,pavilion,亭子,NOUN,B2
akta,to pay attention,注意,VERB,B2
hysa,to pay respects,参见,VERB,B2
betala,to pay smilingly,笑付,VERB,B2
betala,to pay tax,纳税,VERB,B2
betalning,payment all,付都,NOUN,B2
fredfull,peaceful,和平的,ADJ,B2
persika,peach,桃子,NOUN,B2
topp,peak,顶峰,NOUN,B2
peanöt,peanut,花生,NOUN,B2
päron,pear,梨,NOUN,B2
pärla,pearl,珍珠,NOUN,B2
bonde,peasant,农民,NOUN,B2
sten,pebble,卵石,NOUN,B2
pedagogisk,pedagogical,教学的,ADJ,B2
pedagogik,pedagogy,教育学,NOUN,B2
fotgängare,pedestrian,行人,NOUN,B2
fotgängarbro,pedestrian bridge,天桥,NOUN,B2
skal,peel,皮,NOUN,B2
jämlik,peer,同龄人,NOUN,B2
penna,pencil,铅笔,NOUN,B2
genomtränga,to penetrate,穿透,VERB,B2
genomträngning,penetration,渗透,NOUN,B2
halvö,peninsula,半岛,NOUN,B2
procentandel,percentage,百分比,NOUN,B2
insiktsfull,perceptive,敏锐的,ADJ,B2
bestämd,peremptory,专横的,ADJ,B2
perfektion,perfection,完美,NOUN,B2
kanske,perhaps,也许,ADV,B2
fara,peril,危险,NOUN,B2
periodiskt,periodically,定期地,ADV,B2
perifer,peripheral,外围的,ADJ,B2
förstöras,to perish,死亡,VERB,B2
falskt vittnesmål,perjury,伪证,NOUN,B2
beständighet,permanence,持久,NOUN,B2
genomtränglig,permeable,可渗透的,ADJ,B2
tillåta,permit,许可证,NOUN,B2
tillåta,to permit,允许,VERB,B2
vinkelrät,perpendicular,垂直的,ADJ,B2
förfolgelse,persecution,迫害,NOUN,B2
fysiologi,physiology,生理学,NOUN,B2
plocka upp,to pick up,捡起,VERB,B2
inlägga,to pickle,腌渍,VERB,B2
upplysning,piece of information,信息,NOUN,B2
fromhet,piety,虔诚,NOUN,B2
duva,pigeon,鸽子,NOUN,B2
hög,pile,堆,NOUN,B2
hopa,to pile up,堆积,VERB,B2
vallfart,pilgrimage,朝圣,NOUN,B2
pelare,pillar,柱子,NOUN,B2
nåla,to pin,别住,VERB,B2
tall,pine,松树,NOUN,B2
pistaschnöt,pistachio,开心果,NOUN,B2
grop,pit,坑,NOUN,B2
ömklig,pitiful,可怜的,ADJ,B2
beklaga,pity,可惜,ADJ,B2
beklaga,to pity,同情,VERB,B2
placering,placement,放置,NOUN,B2
plagiat,plagiarism,剽窃,NOUN,B2
slätt,plain,平原,NOUN,B2
kärande,plaintiff,原告,NOUN,B2
plantera ut,to plant out,定植,VERB,B2
plantage,plantation,人工林,NOUN,B2
plantering,planting,种植,NOUN,B2
plastisk,plastic,塑料的,ADJ,B2
platå,plateau,高原,NOUN,B2
pläterad,plated,镀层的,ADJ,B2
blodplätt,platelet,血小板,NOUN,B2
fundera,to ponder,沉思,VERB,B2
popularitet,popularity,流行,NOUN,B2
popularisera,to popularize,推广,VERB,B2
befolka,to populate,居住,VERB,B2
befolkning,population,人口,NOUN,B2
veranda,porch,门廊,NOUN,B2
pornografisk,pornographic,色情的,ADJ,B2
gröt,porridge,粥,NOUN,B2
portvakt,porter,搬运工,NOUN,B2
positionering,positioning,定位,NOUN,B2
besittning,possession,财产,NOUN,B2
postkontor,post office,邮局,NOUN,B2
plakat,poster,海报,NOUN,B2
postulat,postulate,假定,NOUN,B2
kastrull,pot,锅,NOUN,B2
keramik,pottery,陶器,NOUN,B2
fågelkött,poultry,家禽,NOUN,B2
rycka,to pounce,猛扑,VERB,B2
pulver,powder,粉末,NOUN,B2
maktpotens,powerful nation,强国,NOUN,B2
praktiskt,practically,几乎,ADV,B2
praktik,practice,练习,NOUN,B2
praktiker,practitioner,从业者,NOUN,B2
predika,to preach,布道,VERB,B2
predikan,preaching,劝诫,NOUN,B2
inledning,preamble,序言,NOUN,B2
osäkerhet,precariousness,不稳定性,NOUN,B2
försiktighetsåtgärd,precaution,预防措施,NOUN,B2
föregå,to precede,在...之前,VERB,B2
pristig,precious,珍贵的,ADJ,B2
pristighet,preciousness,珍贵,NOUN,B2
nederbörd,precipitation,降水,NOUN,B2
precis,precise,精确的,ADJ,B2
föregångare,precursor,先驱,NOUN,B2
predatorisk,predatory,掠夺的,ADJ,B2
föregångare,predecessor,前任,NOUN,B2
predikament,predicament,困境,NOUN,B2
förutsäga,to predict,预测,VERB,B2
förutsägelse,prediction,预测,NOUN,B2
förord,preface,序言,NOUN,B2
prefektur,prefecture,省政府,NOUN,B2
graviditet,pregnancy,怀孕,NOUN,B2
premiär,premier,总理,NOUN,B2
premiär,premiere,首演,NOUN,B2
premiss,premise,前提,NOUN,B2
förberedelse,preparation,准备,NOUN,B2
förbereda,to prepare a lesson,预习,VERB,B2
absurd,preposterous,荒谬的,ADJ,B2
föreskriva,to prescribe,开处方,VERB,B2
recept,prescription,处方,NOUN,B2
presentatör,presenter,主持人,NOUN,B2
bevarande,preservation,保护,NOUN,B2
presidentskap,presidency,总统任期,NOUN,B2
presidentiell,presidential,总统的,ADJ,B2
pressande,pressing,紧迫的,ADJ,B2
anta,to presume,假定,VERB,B2
antagande,presumption,自负,NOUN,B2
göra sig till,to pretend to be,冒充,VERB,B2
fint,pretense,假装,NOUN,B2
förevändning,pretext,借口,NOUN,B2
fin,pretty,漂亮的,ADJ,B2
tidigare,previous,先前的,ADJ,B2
tidigare,previously,以前,ADV,B2
primär,primary,主要的,ADJ,B2
primitiv,primitive,原始的,ADJ,B2
trycka,print,印记,NOUN,B2
trycka,to print,打印,VERB,B2
skrivare,printer,打印机,NOUN,B2
prisma,prism,棱镜,NOUN,B2
privatliv,privacy,隐私,NOUN,B2
privilegium,privilege,特权,NOUN,B2
probabilistisk,probabilistic,概率的,ADJ,B2
sannolikhet,probability,概率,NOUN,B2
fortsätta,to proceed,继续进行,VERB,B2
bearbeta,to process,处理,VERB,B2
prokrastinera,to procrastinate,拖延,VERB,B2
prokrastinering,procrastination,拖延,NOUN,B2
produktion,production,生产,NOUN,B2
produktivitet,productivity,生产力,NOUN,B2
skicklig,proficient,熟练的,ADJ,B2
vinstgivande,profit-making,营利性,ADJ,B2
djup,profound,深刻的,ADJ,B2
programmerare,programmer,程序员,NOUN,B2
programmering,programming,编程,NOUN,B2
föregå,to progress,进步,VERB,B2
lägesrapport,progress report,进度报告,NOUN,B2
progressiv,progressive,渐进的,ADJ,B2
progressivt,progressively,逐渐地,ADV,B2
förbjuda,to prohibit,禁止,VERB,B2
förbud,prohibition,禁止,NOUN,B2
projektuppgift,project assignment,项目作业,NOUN,B2
projektor,projector,投影仪,NOUN,B2
prolixitet,prolixity,冗长,NOUN,B2
förlänga,to prolong,延长,VERB,B2
promiss,promissory note,本票,NOUN,B2
promotör,promoter,推动者,NOUN,B2
omedelbart,promptly,迅速地,ADV,B2
promulgera,to promulgate,颁布,VERB,B2
uttal,pronunciation,发音,NOUN,B2
bevisläsning,proofreading,校对,NOUN,B2
stötta,to prop,撑,VERB,B2
benägenhet,propensity,倾向,NOUN,B2
profetia,prophecy,预言,NOUN,B2
profetera,to prophesy,预言,VERB,B2
förslag,proposal,提议,NOUN,B2
anständighet,propriety,分寸,NOUN,B2
prosaisk,prosaic,平淡无奇的,ADJ,B2
prosa,prose,散文,NOUN,B2
utsikt,prospect,前景,NOUN,B2
välfärd,prosperity,繁荣,NOUN,B2
välmående,prosperous,繁荣的,ADJ,B2
protektionism,protectionism,保护主义,NOUN,B2
skyddande,protective,保护的,ADJ,B2
protestant,protester,示威者,NOUN,B2
ordspråk,proverb,谚语,NOUN,B2
tillhandahålla bevis,to provide evidence,举证,VERB,B2
ge återkoppling,to provide feedback,反馈,VERB,B2
förutsatt att,provided that,只要,SCONJ,B2
leverantör,provider,提供者,NOUN,B2
provinsväg,provincial highway,省道,NOUN,B2
försörjningsmedel,provisions,储备,NOUN,B2
provokation,provocation,挑衅,NOUN,B2
provocera,to provoke,激怒,VERB,B2
närhet,proximity,邻近,NOUN,B2
ombud,proxy,代理人,NOUN,B2
försiktighet,prudence,谨慎,NOUN,B2
psykos,psychosis,精神病,NOUN,B2
pubertet,puberty,青春期,NOUN,B2
allmän ordning,public order,治安,NOUN,B2
allmännyttan,public welfare,公益性,NOUN,B2
publikation,publication,出版物,NOUN,B2
offentligt,publicly,公开地,ADV,B2
publicera,to publish,出版,VERB,B2
förlag,publishing house,出版社,NOUN,B2
lunga,pulmonary,肺的,ADJ,B2
predikstol,pulpit,讲坛,NOUN,B2
punctuel,punctual,准时的,ADJ,B2
pungtur,puncture,穿刺,NOUN,B2
docka,puppet,木偶,NOUN,B2
köpa,to purchase,购买,VERB,B2
ren,pure,纯净的,ADJ,B2
rening,purification,净化,NOUN,B2
renhet,purity,纯洁,NOUN,B2
lila yin,purple yin,紫阴,NOUN,B2
jakt,pursuit,追求,NOUN,B2
lägga ner,to put down,放下,VERB,B2
ordna,to put in order,收拾,VERB,B2
ta på sig,to put on,穿上,VERB,B2
förbrylla,puzzle,谜题,NOUN,B2
förbrylla,to puzzle,使困惑,VERB,B2
vaktel,quail,鹌鹑,NOUN,B2
kvalifikation,qualifications,资格,NOUN,B2
kvalificerad,qualified,合格的,ADJ,B2
kvalificera,to qualify,使合格,VERB,B2
kvalitativ,qualitative,定性的,ADJ,B2
kvantitativ,quantitative,定量的,ADJ,B2
gräl,quarreling,再吵,NOUN,B2
kvartal,quarter of a year,季度,NOUN,B2
kvartalstidskrift,quarterly magazine,季刊,NOUN,B2
kaj,quay,码头,NOUN,B2
sökande,quest,探索,NOUN,B2
tvivelaktig,questionable,可疑的,ADJ,B2
förhör,questioning,质问,NOUN,B2
snabb,quick,快的,ADJ,B2
snabbt,quickly,迅速地,ADV,B2
lapptäcke,quilt,被子,NOUN,B2
kvot,quota,配额,NOUN,B2
citat,quotation,报价,NOUN,B2
citera,to quote,引用,VERB,B2
rabbin,rabbi,拉比,NOUN,B2
strålglans,radiance,光辉,NOUN,B2
radikal,radical,激进的,ADJ,B2
radiostation,radio station,广播电台,NOUN,B2
radioaktiv,radioactive,放射性的,ADJ,B2
rädisa,radish,小萝卜,NOUN,B2
rasa,rage,愤怒,NOUN,B2
rasa,to rage,狂怒,VERB,B2
trasig,ragged,破烂的,ADJ,B2
räd,raid,突袭,NOUN,B2
räcke,railing,栏杆,NOUN,B2
regnbåge,rainbow,彩虹,NOUN,B2
regnjacka,raincoat,雨衣,NOUN,B2
regnskog,rainforest,雨林,NOUN,B2
insamla donationer,to raise donations,募捐,VERB,B2
rående tyranni,rampant tyranny,横行,NOUN,B2
slumpmässig,random,随机的,ADJ,B2
omfång,range,范围,NOUN,B2
rang,rank,等级,NOUN,B2
rankning,ranking,等级,NOUN,B2
lösesumma,ransom,赎金,NOUN,B2
snabb,rapid,迅速的,ADJ,B2
pryk,rascal,无赖,NOUN,B2
rasande,rash,轻率的,ADJ,B2
hallon,raspberry,覆盆子,NOUN,B2
råtttät,rat-proof,防鼠,ADJ,B2
taxa,rate,比率,NOUN,B2
betyg,rating,评分,NOUN,B2
rationalitet,rationality,理性,NOUN,B2
rationalisering,rationalization,合理化,NOUN,B2
korp,raven,乌鸦,NOUN,B2
råvara,raw material,原材料,NOUN,B2
rasör,razor,剃刀,NOUN,B2
plötslighet,re-abruptness,再骤,NOUN,B2
omkamp,re-battle,重战,NOUN,B2
gräns,re-boundary,重界,NOUN,B2
omgång,re-course,重途,NOUN,B2
omskapelse,re-creation,再作,NOUN,B2
omuppförande,re-enactment,再演,NOUN,B2
återbevisning,re-evidence,重据,NOUN,B2
återfrukt,re-fruit,再果,NOUN,B2
återinner,re-inner,再内,NOUN,B2
omlagering,re-layering,改层,NOUN,B2
återbegränsning,re-limit,重限,NOUN,B2
återlogik,re-logic,再逻,NOUN,B2
återbetydelse,re-meaning,再义,NOUN,B2
omordning,re-order,重序,NOUN,B2
återtakt,re-pace,重骤,NOUN,B2
återbana,re-path,重径,NOUN,B2
återkvantitet,re-quantity,再量,NOUN,B2
återresonemang,re-reason,重理,NOUN,B2
omdirigering,re-routing,改轨,NOUN,B2
omsekvensering,re-sequencing,改骤,NOUN,B2
återinlämning,re-submission,再上,NOUN,B2
nåbar,reachable,可到达的,ADJ,B2
reaktiv,reactive,反应的,ADJ,B2
reaktor,reactor,反应堆,NOUN,B2
läsare,reader,读者,NOUN,B2
beredskap,readiness,准备就绪,NOUN,B2
läsning,reading,阅读,NOUN,B2
fastighet,real estate,房地产,ADJ,B2
realistisk,realistic,现实的,ADJ,B2
verklig önskan,really want,真要,NOUN,B2
baksida,rear,后部,NOUN,B2
bakdel,rear part,后部,NOUN,B2
resonera,to reason,推理,VERB,B2
försäkran,reassurance,安抚,NOUN,B2
lugna,to reassure,使安心,VERB,B2
rebellera,to rebel,反叛,VERB,B2
upproriskt hjärta,rebellious heart,反心,NOUN,B2
återbygga,to rebuild,重建,VERB,B2
vederlägga,to rebut,反驳,VERB,B2
motinlägg,rebuttal,反驳,NOUN,B2
kvitto,receipt,收据,NOUN,B2
få post,to receive mail,收件,VERB,B2
ta emot beställningar,to receive orders,受命,VERB,B2
få världsomspännande uppmärksamhet,to receive worldwide attention,举世瞩目,VERB,B2
mottagare,recipient,接受者,NOUN,B2
ömsesidig,reciprocal,互惠的,ADJ,B2
recitera,to recite,背诵,VERB,B2
vårdslös,reckless,鲁莽的,ADJ,B2
vårdslöshet,recklessness,轻率,NOUN,B2
återkräva,to reclaim,收回,VERB,B2
liggande,reclining,躺下,NOUN,B2
känna igen,to recognize,认出,VERB,B2
rekommendation,recommendation,推荐,NOUN,B2
rekommendation av andra,recommendation by others,他荐,NOUN,B2
försoning,reconciliation,和解,NOUN,B2
spaning,reconnaissance,侦察,NOUN,B2
ompröva,to reconsider,重新考虑,VERB,B2
omprövning,reconsideration,重思,NOUN,B2
rekonstruera,to reconstruct,重建,VERB,B2
rekonstruktion,reconstruction,重建,NOUN,B2
registrera,to record,记录,VERB,B2
skivspelare,record player,唱机,NOUN,B2
räkna om,to recount,转述,VERB,B2
återhämtning,recovery,恢复,NOUN,B2
rätta till,to rectify,纠正,VERB,B2
återhämta sig,to recuperate,恢复,VERB,B2
återfall,recurrence,往复,NOUN,B2
jävsförklaring,recusal,回避,NOUN,B2
återvinna,to recycle,回收利用,VERB,B2
återvinning,recycling,回收利用,NOUN,B2
omdefinition,redefinition,改界,NOUN,B2
domare,referee,裁判,NOUN,B2
referens,reference,参考,NOUN,B2
relativt,relatively,相对地,ADV,B2
relativt sett,relatively speaking,相对而言,ADV,B2
avslappning,relaxation,缓和,NOUN,B2
frigöra,to release,释放,VERB,B2
nedgradera,to relegate,降级,VERB,B2
relevans,relevance,相关性,NOUN,B2
tillförlitlighet,reliability,可靠性,NOUN,B2
förtroende,reliance,信赖,NOUN,B2
relik,relic,圣物,NOUN,B2
lindra,to relieve,缓解,VERB,B2
flytta,to relocate,调动,VERB,B2
ovilligt,reluctantly,不情愿地,ADV,B2
lita,to rely,依赖,VERB,B2
lita på,to rely on,依靠,VERB,B2
rest,remainder,剩余部分,NOUN,B2
rester,remains,残骸,NOUN,B2
avlägsen,remote,遥远的,ADJ,B2
fjärrstyrd bil,remote-controlled car,遥控车,NOUN,B2
borttagande,removal,移除,NOUN,B2
ersättning,remuneration,报酬,NOUN,B2
renässans,renaissance,复兴,NOUN,B2
njur-,renal,肾脏的,ADJ,B2
träff,rendezvous,约会,NOUN,B2
bryta,to renege,食言,VERB,B2
förnya,to renew,更新,VERB,B2
förnybar,renewable,可再生的,ADJ,B2
renovering,renovation,翻新,NOUN,B2
rykte,renown,声誉,NOUN,B2
återoperation,reoperation,再术,NOUN,B2
omorganisation,reorganization,重组,NOUN,B2
reparation,repair,修理,NOUN,B2
ersättning,reparation,赔偿,NOUN,B2
revidera,to revise,修订,VERB,B2
upphäva,to revoke,撤销,VERB,B2
revolutionär,revolutionary,革命的,ADJ,B2
retorik,rhetoric,修辞,NOUN,B2
retorisk,rhetorical,修辞的,ADJ,B2
retorisk fråga,rhetorical question,宁非,NOUN,B2
rim,rhyme,韵脚,NOUN,B2
rytm,rhythm,节奏,NOUN,B2
naturgynnad,richly endowed by nature,得天独厚,ADJ,B2
ridpaus,ride break,骑破,NOUN,B2
spricka,rift,裂痕,NOUN,B2
rättfärdig förargelse,righteous indignation,义愤,NOUN,B2
rättfärdighet,righteousness,亦正,NOUN,B2
rättigheter,rights,权利,NOUN,B2
rigiditet,rigidity,僵硬,NOUN,B2
rigorös,rigorous,严格的,ADJ,B2
ringa,ring,戒指,NOUN,B2
ringa,to ring,鸣响,VERB,B2
ringväg,ring road,绕城,NOUN,B2
ringning,ringing,铃声,NOUN,B2
mogen,ripe,成熟的,ADJ,B2
uppgång,rise,上涨,NOUN,B2
riskera,to risk life,拼命,VERB,B2
dödsrisk,risking death,冒死,NOUN,B2
rivalisering,rivalry,竞争,NOUN,B2
flodbank,riverbank,河岸,NOUN,B2
vägskylt,road sign,路标,NOUN,B2
vandra,to roam,漫游,VERB,B2
bröla,to roar,咆哮,VERB,B2
rost,roast,烤肉,NOUN,B2
rost,to roast,煎烤,VERB,B2
bedrägeri,scam,骗局,NOUN,B2
skanning,scan,扫描件,NOUN,B2
knapp,scarce,稀少的,ADJ,B2
brist,scarcity,短缺,NOUN,B2
rädd,scared,害怕的,ADJ,B2
sprida,to scatter,分散,VERB,B2
utspridd,scattered,分散的,ADJ,B2
scen,scene,场景,NOUN,B2
landskap,scenery,风景,NOUN,B2
schema,scheme,计划,NOUN,B2
schizofreni,schizophrenia,精神分裂症,NOUN,B2
lärd,scholar,学者,NOUN,B2
skol-,scholastic,经院哲学的,ADJ,B2
skälla,to scold,训斥,VERB,B2
omfång,scope,范围,NOUN,B2
bränna,to scorch,烧焦,VERB,B2
brännande,scorching,灼热的,ADJ,B2
gissel,scourge,灾祸,NOUN,B2
spejare,scout,侦察员,NOUN,B2
skrot,scrap,碎屑,NOUN,B2
klia,to scratch,抓,VERB,B2
manus,screenplay,剧本,NOUN,B2
skruvmejsel,screwdriver,螺丝刀,NOUN,B2
manus,script for play,剧本,NOUN,B2
skrupel,scruple,顾虑,NOUN,B2
granska,to scrutinize,仔细检查,VERB,B2
dykning,scuba diving,潜水,NOUN,B2
skulptör,sculptor,雕塑家,NOUN,B2
skulptur,sculpture,雕塑,NOUN,B2
mås,seagull,海鸥,NOUN,B2
försegla,to seal,密封,VERB,B2
krydda,to season,调味,VERB,B2
säsongsbetonad,seasonal,季节性的,ADJ,B2
utträda,to secede,脱离,VERB,B2
avskild utgång,seclusion exit,出关,NOUN,B2
andra,second,第二,ADJ,B2
andra gång,second time,再而,NOUN,B2
sekundär,secondary,次要的,ADJ,B2
andraledes,secondly,其次,ADV,B2
hemlig sammankomst,secret meeting,密会,NOUN,B2
sekretariat,secretariat,秘书处,NOUN,B2
i hemlighet,secretly,秘密地,ADV,B2
sekt,sect,教派,NOUN,B2
sekteristisk,sectarian,宗派的,ADJ,B2
sekularism,secularism,世俗主义,NOUN,B2
securitisering,securitization,证券化,NOUN,B2
säkerhetsvakt,security guard,保安,NOUN,B2
sedanbil,sedan,轿车,NOUN,B2
återse,to see again,再见,VERB,B2
se lik,to see corpse,见尸,VERB,B2
avsked,see off,送走,NOUN,B2
genomskåda,to see through,看穿,VERB,B2
frö,seed,种子,NOUN,B2
söka audiens,to seek audience,求见,VERB,B2
söka sanningen i fakta,to seek truth from facts,实事求是,VERB,B2
kortsiktig,seeking instant benefit,急功近利,ADJ,B2
till synes,seemingly,表面上,ADV,B2
seismisk,seismic,地震的,ADJ,B2
beslagta,to seize,抓住,VERB,B2
urval,selection,选择,NOUN,B2
selektiv,selective,选择的，挑选的,ADJ,B2
själv,self,自我,NOUN,B2
självsäker,self-confident,自信的,ADJ,B2
självuppoffring,self-sacrifice,舍己,NOUN,B2
själviskhet,selfishness,自私,NOUN,B2
säljare,seller,售货员,NOUN,B2
termin,semester,学期,NOUN,B2
semiologi,semiology,符号学，症状学,NOUN,B2
semiotik,semiotics,符号学,NOUN,B2
senioritet,seniority,资历,NOUN,B2
grund,shallow,浅的,ADJ,B2
bluff,sham,假冒,NOUN,B2
skamlig,shameful,可耻的,ADJ,B2
skamlös,shameless,无耻的,ADJ,B2
schampo,shampoo,洗发水,NOUN,B2
form,shape,形状,NOUN,B2
vass,sharp,锋利的,ADJ,B2
krossa,to shatter,粉碎,VERB,B2
skjul,shed,棚屋,NOUN,B2
skydd,shelter,庇护所,NOUN,B2
herde,shepherd,牧羊人,NOUN,B2
byta,to shift,改变,VERB,B2
skiftesrotation,shift rotation,倒班,NOUN,B2
skiftesbyte,shift swap,换班,NOUN,B2
tidigarelägga,to shift to an earlier date,提前,VERB,B2
skeppa ut,to ship out,出货,VERB,B2
varv,shipyard,造船厂,NOUN,B2
skoavtagning,shoe removal,鞋脱,NOUN,B2
skjuta ner,to shoot down,击落,VERB,B2
skottlossning,shootout,枪战,NOUN,B2
köpcentrum,shopping center,购物中心,NOUN,B2
strand,shore,岸,NOUN,B2
kortsiktig,short-term,短期的,ADJ,B2
brist,shortcoming,缺点,NOUN,B2
bör inte,should not,不该,AUX,B2
rop,shout,喊叫,NOUN,B2
spade,shovel,铲子,NOUN,B2
listig,shrewd,精明的,ADJ,B2
krympa,to shrink,收缩,VERB,B2
rysning,shudder,战栗,NOUN,B2
syskon,siblings,兄弟姐妹,NOUN,B2
sida,side,侧面,NOUN,B2
trottoar,sidewalk,人行道,NOUN,B2
belägring,siege,围攻,NOUN,B2
sik,sieve,筛子,NOUN,B2
sikta,to sift,筛选,VERB,B2
sucka,sigh,叹息,NOUN,B2
sucka,to sigh,叹气,VERB,B2
sucka,to sigh with sorrow,感慨,VERB,B2
kvittera,to sign for,签收,VERB,B2
signalera,signal,信号,NOUN,B2
signalera,to signal,示意,VERB,B2
betydelse,significance,含义,NOUN,B2
betydelsefull,significant,重要的,ADJ,B2
betyda,to signify,意味着,VERB,B2
tysta,to silence,خرس,VERB,B2
tyst,silent,沉默的,ADJ,B2
siden,silk,丝绸,NOUN,B2
sidentyg,silk cloth,丝绸,NOUN,B2
fjolla,silly girl,傻丫头,NOUN,B2
likhet,similarity,相似,NOUN,B2
liknelse,simile,明喻,NOUN,B2
enkelhet,simplicity,简单,NOUN,B2
förenkla,to simplify,简化,VERB,B2
enkelt,simply,简单地,ADV,B2
simulering,simulation,模拟,NOUN,B2
samtidig,simultaneous,同时的,ADJ,B2
ärlighet,sincerity,真诚,NOUN,B2
tanke,single thought,一念,NOUN,B2
vask,sink,水槽,NOUN,B2
smutta,to sip,小口喝,VERB,B2
herre,sir,先生,NOUN,B2
svägerska,sister-in-law,嫂子/弟媳/大姑子/小姑子,NOUN,B2
sätta sig,to sit down,坐下,VERB,B2
situation,situation circumstances,情形,NOUN,B2
snarka,to snore,打鼾,VERB,B2
nos,snout,口鼻,NOUN,B2
snöskugga,snow shadow,雪影姐姐,NOUN,B2
snöflinga,snowflake,雪花,NOUN,B2
så,so,所以,ADV,B2
så mycket,so much,这么多,ADV,B2
så att,so that,以便,SCONJ,B2
så kallad,so-called,所谓的,ADJ,B2
blötlägga,to soak,浸透,VERB,B2
snyfta,to sob,啜泣,VERB,B2
snyftande,sobbing,抽泣,NOUN,B2
nykterhet,sobriety,清醒,NOUN,B2
umgänglig,sociable,好交际的,ADJ,B2
social skiljedom,social arbitration,社会仲裁,NOUN,B2
social uppvaknande,social awakening,社会觉醒,NOUN,B2
social kompromiss,social compromise,社会妥协,NOUN,B2
social distansering,social distancing,社交距离,NOUN,B2
social harmoni,social harmony,社会和谐,NOUN,B2
social identitet,social identity,社会身份,NOUN,B2
social interaktion,social interaction,社会互动,NOUN,B2
social mobilisering,social mobilization,社会动员,NOUN,B2
social organisation,social organization,社会组织,NOUN,B2
social praktik,social practice,社会实践,NOUN,B2
social försoning,social reconciliation,社会和解,NOUN,B2
social stabilitet,social stability,社会稳定,NOUN,B2
socialstatistik,social statistics,社会统计,NOUN,B2
social skiktning,social stratification,社会分层,NOUN,B2
social tillit,social trust,社会信任,NOUN,B2
sociolog,sociologist,社会学家,NOUN,B2
sociologi,sociology,社会学,NOUN,B2
softboll,softball,垒球,NOUN,B2
mjukvara,software,软件,NOUN,B2
jord,soil,土壤,NOUN,B2
vistelse,sojourn,逗留,NOUN,B2
tröst,solace,安慰,NOUN,B2
soldat,soldiers,官兵,NOUN,B2
sula,sole,鞋底,NOUN,B2
högtidlig,solemn,庄严的,ADJ,B2
begära,to solicit,恳求,VERB,B2
samla in donationer,to solicit donations,募捐,VERB,B2
fast ämne,solid,3D模型 / 实体,NOUN,B2
SSD,solid-state drive,固态硬盘,NOUN,B2
monolog,soliloquy,独白,NOUN,B2
ensamhet,solitude,孤独,NOUN,B2
solvens,solvency,偿付能力,NOUN,B2
lösningsmedel,solvent,溶剂,NOUN,B2
några ut,some out,出些,NOUN,B2
på något sätt,somehow,以某种方式,ADV,B2
någon gång,sometime,在某个时候,ADV,B2
sot,soot,烟灰,NOUN,B2
sofism,sophism,诡辩,NOUN,B2
sofisteri,sophistry,诡辩,NOUN,B2
ledsen,sorry,抱歉,ADJ,B2
sortera,to sort,分类,VERB,B2
sorl,sound of activity,动静,NOUN,B2
sundhet,soundness,好端端,NOUN,B2
sydarmé,southern army,南军,NOUN,B2
monark,sovereign,君主,NOUN,B2
så,to sow,播种,VERB,B2
sådd,sowing,播种,NOUN,B2
rymlig,spacious,宽敞的,ADJ,B2
spansk,spanish,西班牙的,ADJ,B2
fritid,spare time,业余,NOUN,B2
gnista,spark,火花,NOUN,B2
sparv,sparrow,麻雀,NOUN,B2
kramp,spasm,痉挛,NOUN,B2
spjut,spear,长矛,NOUN,B2
specialämne,special topic,专题,NOUN,B2
specialisering,specialization,专业化,NOUN,B2
specialiserad,specialized,专业的,ADJ,B2
art,species,物种,NOUN,B2
specifikation,specification,规格,NOUN,B2
glasögon,spectacles,眼镜,NOUN,B2
spektakulär,spectacular,壮观的,ADJ,B2
spektral,spectral,幽灵般的,ADJ,B2
spektrum,spectrum,光谱,NOUN,B2
spekulation,speculation,推测,NOUN,B2
besvärjelse,spell,咒语,NOUN,B2
sfär,sphere,领域,NOUN,B2
sinnesövning,spirit training,练神,NOUN,B2
andlighet,spirituality,灵性,NOUN,B2
elak,spiteful,怀恨的,ADJ,B2
praktfull,splendid,极好的,ADJ,B2
prakt,splendor,辉煌,NOUN,B2
dela,split,分裂,NOUN,B2
dela,to split,分裂,VERB,B2
förstöra,to spoil,损坏,VERB,B2
talesperson,spokesperson,发言人,NOUN,B2
sponsring,sponsorship,赞助,NOUN,B2
spontan,spontaneous,自发的,ADJ,B2
sportbil,sports car,跑车,NOUN,B2
stukning,sprain,扭伤,NOUN,B2
sprej,spray,喷雾,NOUN,B2
spridning,spread,传播,NOUN,B2
strö,to sprinkle,撒,VERB,B2
sporra,to spur,激励,VERB,B2
trupp,squad,小队,NOUN,B2
slösa,to squander,浪费,VERB,B2
slöseri,squandering,挥霍,NOUN,B2
fyrkantig,square,平方的,ADJ,B2
huka,to squat,蹲,VERB,B2
ekorre,squirrel,松鼠,NOUN,B2
sticka,to stab,刺,VERB,B2
stabilitet,stability,稳定,NOUN,B2
stabilisera,to stabilize,使稳定,VERB,B2
stadion,stadium,体育场,NOUN,B2
scen,stage,阶段,NOUN,B2
teaterpjäs,stage play,舞台剧,NOUN,B2
vackla,to stagger,蹒跚,VERB,B2
stagnera,to stagnate,停滞,VERB,B2
stanna,to stall,拖延,VERB,B2
utmärka,to stand out,引人注目,VERB,B2
stå,to stand side by side,并列,VERB,B2
resa,to stand up,站起来,VERB,B2
standardisering,standardization,标准化,NOUN,B2
stillastående,standstill,停滞,NOUN,B2
stjärnanis,star anise,八角,NOUN,B2
stjärnhimmel,starry sky,星空,NOUN,B2
statisk,static,静态的,ADJ,B2
pappersvaror,stationery,文具,NOUN,B2
statistisk,statistical,统计的,ADJ,B2
statistik,statistics,统计学,NOUN,B2
staty,statue,雕像,NOUN,B2
ånga,to steam,蒸,VERB,B2
ångad bulle,steamed stuffed bun,包子,NOUN,B2
stjärn-,stellar,杰出的,ADJ,B2
stjälk,stem,茎,NOUN,B2
stank,stench,恶臭,NOUN,B2
stenos,stenosis,狭窄,NOUN,B2
styvmor,stepmother,后母,NOUN,B2
steg,steps,台阶,NOUN,B2
steril,sterile,无菌的,ADJ,B2
stuva,to stew,炖,VERB,B2
sticka,to stick,插入,VERB,B2
stelhet,stiffness,僵硬,NOUN,B2
stigmatisera,to stigmatize,污名化,VERB,B2
stimulans,stimulant,兴奋剂,NOUN,B2
stimulera,to stimulate,激发,VERB,B2
sticka,to sting,刺,VERB,B2
snålhet,stinginess,吝啬；小气,NOUN,B2
snål,stingy,吝啬的,ADJ,B2
stinka,to stink,发臭,VERB,B2
stipulera,to stipulate,规定,VERB,B2
röra,stir,搅拌,NOUN,B2
röra,to stir,搅拌,VERB,B2
stygn,stitch,针脚,NOUN,B2
lager,stock,库存,NOUN,B2
upplag,stockpile,储备,NOUN,B2
elda,to stoke,添燃料,VERB,B2
magont,stomachache,肚子痛,NOUN,B2
stoppa mig,to stop me,拦我,VERB,B2
lagra,store,商店,NOUN,B2
lagra,to store,储存,VERB,B2
stormig,stormy,有暴风雨的,ADJ,B2
räta,to straighten,弄直,VERB,B2
okomplicerad,straightforward,直率的,ADJ,B2
ansträngning,strain,压力,NOUN,B2
sund,strait,海峡,NOUN,B2
främmande trupper,strange troops,怪兵,NOUN,B2
egendomlighet,strangeness,奇怪,NOUN,B2
rem,strap,带子,NOUN,B2
strategisk,strategic,战略的,ADJ,B2
jordgubbe,strawberry,草莓,NOUN,B2
ström,stream,溪流,NOUN,B2
strikt,strict,严格的,ADJ,B2
strejk,strike,罢工,NOUN,B2
anfallare,striker,罢工者,NOUN,B2
sträng,string,细绳,NOUN,B2
remsa,strip,条带,NOUN,B2
slag,stroke,中风,NOUN,B2
strosa,to stroll,散步,VERB,B2
strukturell,structural,结构的,ADJ,B2
fast,stuck,卡住的,ADJ,B2
studie,study,研究,NOUN,B2
stoppa,stuff,东西,NOUN,B2
stoppa,to stuff,填塞,VERB,B2
snubbla,to stumble,绊倒,VERB,B2
förbluffande,stunning,极好的,ADJ,B2
robust,sturdy,坚固的,ADJ,B2
stilfull,stylish,雅致的,ADJ,B2
underkuva,to subdue,制服,VERB,B2
subjektiv,subjective,主观的,ADJ,B2
underkuva,to subjugate,征服,VERB,B2
sänka,to submerge,淹没,VERB,B2
underkastelse,submission,顺从,NOUN,B2
skicka,to submit,提交,VERB,B2
underordnad,subordinate,下属,NOUN,B2
prenumerant,subscriber,订阅者,NOUN,B2
efterföljande,subsequent,随后的,ADJ,B2
avta,to subside,平息,VERB,B2
dotterbolag,subsidiary,子公司,NOUN,B2
subventionera,to subsidize,资助,VERB,B2
existensminimum,subsistence,生计,NOUN,B2
substans,substance,物质,NOUN,B2
väsentlig,substantial,大量的,ADJ,B2
bevisning,substantiation,论证,NOUN,B2
ersättare,substitute,替代品,NOUN,B2
undertext,subtitle,字幕,NOUN,B2
successivt,successively,连续地,ADV,B2
efterträdare,successor,继任者,NOUN,B2
duka under,to succumb,屈服,VERB,B2
sådan,such,这样的,ADJ,B2
plötslig,sudden,突然的,ADJ,B2
lida av sömnlöshet,to suffer from insomnia,失眠,VERB,B2
tillräcklig,sufficient,足够的,ADJ,B2
kvävas,to suffocate,窒息,VERB,B2
kvävning,suffocation,窒息,NOUN,B2
förslag,suggestion,建议,NOUN,B2
passa,to suit,适合,VERB,B2
lämplighet,suitability,适宜性,NOUN,B2
resväska,suitcase,手提箱,NOUN,B2
sammanfattning,summary,摘要,NOUN,B2
topp,summit,顶峰,NOUN,B2
kalla,to summon,召唤,VERB,B2
kallelse,summons,传票,NOUN,B2
praktfull,sumptuous,奢华的,ADJ,B2
solig,sunny,晴朗的,ADJ,B2
superkomprehensiv,super-comprehensive,超遍,NOUN,B2
supergrad,super-grade,超级,NOUN,B2
superprincip,super-principle,超则,NOUN,B2
superkvalitet,super-quality,超质,NOUN,B2
supersystem,super-system,超制,NOUN,B2
supertanke,super-thought,超思,NOUN,B2
ytlig,superficial,表面的,ADJ,B2
överflödig,superfluous,多余的,ADJ,B2
överordnad,superior,上级,NOUN,B2
stormarknad,supermarket,超市,NOUN,B2
vidskepelse,superstition,迷信,NOUN,B2
tillsyn,supervision,监督,NOUN,B2
tillägg,supplement,补充,NOUN,B2
tillägg,to supplement,补充,VERB,B2
tillhandahålla,to supply,供货,VERB,B2
antaga,to suppose,假设,VERB,B2
undertrycka,to suppress,压制,VERB,B2
undertryckning,suppression,抑,NOUN,B2
säker,sure,确定的,ADJ,B2
ström,surge,激增,NOUN,B2
operation,surgery,手术,NOUN,B2
överträffa,to surpass,超过,VERB,B2
överskott,surplus,过剩,NOUN,B2
överge,surrender,投降,NOUN,B2
överge,to surrender,投降,VERB,B2
omgivningar,surroundings,周围,NOUN,B2
övervaka,to surveil,监视,VERB,B2
undersökning,survey,调查,NOUN,B2
mätare,surveyor,测量员,NOUN,B2
misstänkt,suspect,嫌疑人,NOUN,B2
avbryta,to suspend,暂停,VERB,B2
spänning,suspense,悬念,NOUN,B2
avstängning,suspension,暂停,NOUN,B2
hållbarhet,sustainability,可持续性,NOUN,B2
hållbar,sustainable,可持续的,ADJ,B2
föda,sustenance,食物,NOUN,B2
sy,suture,缝合,NOUN,B2
sy,to suture,缝合,VERB,B2
svan,swan,天鹅,NOUN,B2
svaja,to sway,摇摆,VERB,B2
svep,sweep,扫,NOUN,B2
sötma,sweet,糖果,NOUN,B2
söt dröm,sweet dream,美梦,NOUN,B2
söta,to sweeten,使变甜,VERB,B2
sötis,sweetie,亲爱的,NOUN,B2
godis,sweets,甜食,NOUN,B2
simbassäng,swimming pool,游泳池,NOUN,B2
svindla,to swindle,诈骗,VERB,B2
sväng,swing,秋千,NOUN,B2
växel,switch,开关,NOUN,B2
växlingsal,switch room,配电室,NOUN,B2
svullen,swollen,肿胀的,ADJ,B2
svärdlöshet,swordless,剑不,NOUN,B2
svärdsmann,swordsman,剑客,NOUN,B2
smickeri,sycophancy,阿谀奉承,NOUN,B2
symbolisera,to symbolize,象征,VERB,B2
symmetri,symmetry,对称,NOUN,B2
sympatisera,to sympathize,同情,VERB,B2
symfoni,symphony,交响乐,NOUN,B2
symptomatisk,symptomatic,症状的,ADJ,B2
synkronisering,synchronization,同步,NOUN,B2
synkron,synchronous,同步的,ADJ,B2
synergi,synergy,协同效应,NOUN,B2
synonymi,synonymy,同义关系,NOUN,B2
syntetisera,to synthesize,合成,VERB,B2
systematisk,systematic,系统的,ADJ,B2
systemisk,systemic,全身性的,ADJ,B2
tabu,taboo,禁忌,NOUN,B2
underförstådd,tacit,心照不宣的,ADJ,B2
underförstått,tacitly,默不作声地,ADV,B2
tyst,taciturn,沉默寡言的,ADJ,B2
tackla,to tackle,处理,VERB,B2
tactfull,tactful,圆滑的,ADJ,B2
skräddare,tailor,裁缝,NOUN,B2
ta ledigt,to take a leave of absence,休学,VERB,B2
ta med,to take along,带走,VERB,B2
ta bort,to take away,拿走,VERB,B2
vara försiktig,to take care,照顾,VERB,B2
ta hand om,to take care of,照顾,VERB,B2
ta sticklingar,to take cuttings,扦插,VERB,B2
ta av sig,to take off,起飞,VERB,B2
träda in,to take office,就职,VERB,B2
ta ut,to take out,拿出,VERB,B2
start,takeoff,起飞,NOUN,B2
prata nonsens,to talk nonsense,胡言乱语,VERB,B2
pratsam,talkative,健谈的,ADJ,B2
pratsamhet,talkativeness,多嘴,NOUN,B2
lång,tall,高的,ADJ,B2
tam,to tame,驯服,VERB,B2
solbränna,to tan,晒黑,VERB,B2
kännbar,tangible,有形的,ADJ,B2
garvare,tanner,制革工,NOUN,B2
garvning,tanning,晒黑,NOUN,B2
rikta,to target,针对,VERB,B2
målning,targeting,定位,NOUN,B2
smakpreferens,taste preference,口味,NOUN,B2
spänd,taut,绷紧的,ADJ,B2
krog,tavern,酒馆,NOUN,B2
beskatta,to tax,征税,VERB,B2
skattefri,tax-exempt,免税,ADJ,B2
teplantage,tea plantation,茶园,NOUN,B2
lagkamrat,teammate,队友,NOUN,B2
tåra,to tear,撕碎,VERB,B2
riv upp,to tear up,流泪,VERB,B2
teknik,technique,技巧,NOUN,B2
teknokrati,technocracy,技术官僚主义,NOUN,B2
teknologisk,technological,技术的,ADJ,B2
tråkig,tedious,乏味的,ADJ,B2
teleologi,teleology,目的论,NOUN,B2
telefon,telephone,电话,NOUN,B2
teleskop,telescope,望远镜,NOUN,B2
humör,temper,脾气,NOUN,B2
tillfällig vägran,temporary refusal,暂不,NOUN,B2
envetna,tenacious,顽强的,ADJ,B2
hyresgäst,tenant,租户,NOUN,B2
tendens,tendency,趋势,NOUN,B2
partisk,tendentious,有偏见的,ADJ,B2
kärlek,tenderness,柔情,NOUN,B2
sena,tendon,肌腱,NOUN,B2
tentativ,tentative,暂定的,ADJ,B2
avsluta,to terminate,终止,VERB,B2
avslutning,termination,解除,NOUN,B2
terminologisk,terminological,术语的,ADJ,B2
terminologi,terminology,术语,NOUN,B2
terräng,terrain,地形,NOUN,B2
jordisk,terrestrial,地球的,ADJ,B2
skrämma,to terrify,使恐惧,VERB,B2
skräckinjagande,terrifying,令人恐惧的,ADJ,B2
testikel,testicle,睾丸,NOUN,B2
lärobok,textbook,教科书,NOUN,B2
textil,textile,纺织,NOUN,B2
textuell,textual,文本的,ADJ,B2
tack,thank you,谢谢,INTJ,B2
tack,thanks,谢谢,NOUN,B2
tack vare,thanks to,多亏,ADP,B2
att,that,那个,PRON,B2
pil,that arrow,那一箭,NOUN,B2
alltså,that is,即,ADV,B2
så,that way,那样,PRON,B2
tina,to thaw,解冻,VERB,B2
den,the,这,DET,B2
tema,theme,主题,NOUN,B2
du,then you,那你,PRON,B2
teokrati,theocracy,神权政治,NOUN,B2
teologi,theology,神学,NOUN,B2
sats,theorem,定理,NOUN,B2
teoretisk,theoretical,理论的,ADJ,B2
teoretiskt,theoretically,理论上,ADV,B2
terapeutisk,therapeutic,治疗的,ADJ,B2
finnas,to there's still time,来得及,VERB,B2
termisk,thermal,热的,ADJ,B2
dessa,these,这些,PRON,B2
tre,these three,这三,NOUN,B2
de,they things,它们,PRON,B2
tjocklek,thickness,厚度,NOUN,B2
tjuv,thief presence,有贼,NOUN,B2
lår,thigh,大腿,NOUN,B2
vilja,to think to want,想,VERB,B2
tänka,to think up,构思,VERB,B2
tunnhet,thinness,瘦,NOUN,B2
tredje,third,三分之一,NOUN,B2
gåva,third bestowal,三授,NOUN,B2
denna,this,您这,NOUN,B2
strid,this battle,此战,NOUN,B2
punkt,this item,这件,NOUN,B2
så,this way,这样,PRON,B2
läger,this-camp,这营,NOUN,B2
torn,thorn,刺,NOUN,B2
grundlig,thorough,彻底的,ADJ,B2
de,those,那些,DET,B2
hotfull,threatening,具有威胁性的,ADJ,B2
3D-utskrift,three-d printing,3D打印,NOUN,B2
tröskel,threshold,门槛,NOUN,B2
sparsam,thrifty,节俭的,ADJ,B2
stöt,thrust,猛推,NOUN,B2
drift mot,thrust toward,插向,NOUN,B2
brut,thug,暴徒,NOUN,B2
åska,thunder,雷,NOUN,B2
så,thus,因此,ADV,B2
hindra,to thwart,阻挠,VERB,B2
tidvatten,tidal,潮汐,ADJ,B2
tidvatten,tide,潮汐,NOUN,B2
binda,to tie up,绑,VERB,B2
stram,tight,紧的,ADJ,B2
fast grepp,tight grip,手握紧,NOUN,B2
klinka,tile,瓦片,NOUN,B2
klinkning,tiling,铺瓷砖,NOUN,B2
tider,times,倍,NOUN,B2
feghet,timidity,胆怯,NOUN,B2
tenn,tin,锡,NOUN,B2
klåda,tingling,麻木感,NOUN,B2
liten,tiny,微小的,ADJ,B2
trötta,tire,轮胎,NOUN,B2
trötta,to tire,使疲倦,VERB,B2
trötthet,tiredness,疲劳,NOUN,B2
väv,tissue,组织,NOUN,B2
tiodel,tithe,什一税,NOUN,B2
idag,today,今天,NOUN,B2
slit,toil,苦工,NOUN,B2
tolerans,tolerance,宽容,NOUN,B2
gravkammare,tomb,坟墓,NOUN,B2
imorgon,tomorrow,غد,NOUN,B2
idag kväll,tonight,今晚,NOUN,B2
för mycket,too much,太,ADV,B2
för mjuk,too soft,太软,NOUN,B2
verktygsrum,tool room,工具间,NOUN,B2
verktyg,tools,工具,NOUN,B2
tandvärk,toothache,牙痛,NOUN,B2
tandkräm,toothpaste,牙膏,NOUN,B2
tilläggsgödsel,top dressing,追肥,NOUN,B2
ämne,topic,话题,NOUN,B2
topografi,topography,地形,NOUN,B2
fackla,torch,手电筒,NOUN,B2
ström,torrent,激流,NOUN,B2
totalt,total,总数,NOUN,B2
beröring,touch,接触,NOUN,B2
berörbarhet,touchability,能触摸,NOUN,B2
turism,tourism,旅游业,NOUN,B2
turistisk,touristic,旅游的,ADJ,B2
turnering,tournament,锦标赛,NOUN,B2
mot,toward,朝向,ADP,B2
stad,town,城镇,NOUN,B2
kommunchef,township head,乡长,NOUN,B2
spår,trace,痕迹,NOUN,B2
traktor,tractor,拖拉机,NOUN,B2
fackförening,trade union,工会,NOUN,B2
traditionell,traditional,传统的,ADJ,B2
trafikstockning,traffic jam,交通堵塞,NOUN,B2
trafikbegränsning,traffic restriction,限行,NOUN,B2
släpvagn,trailer,预告片,NOUN,B2
träna,to train,训练,VERB,B2
tänkflöde,train of thought,思路,NOUN,B2
tågstation,train station,火车站,NOUN,B2
tribut,tribute,贡品,NOUN,B2
bagatell,trifle,琐事,NOUN,B2
avtryckare,trigger,触发器,NOUN,B2
tredubbel,triple,三倍的,ADJ,B2
trivialitet,triviality,琐碎,NOUN,B2
trivialisering,trivialization,浅薄化,NOUN,B2
trupp,troop,部队,NOUN,B2
trofé,trophy,奖杯,NOUN,B2
besvära,to trouble,有劳,VERB,B2
trupp,troupe,剧团,NOUN,B2
byxor,trousers,裤子,NOUN,B2
vapenvila,truce,休战,NOUN,B2
verklig eftergift,true concession,真让,NOUN,B2
sann form,true form,原形,NOUN,B2
sant hjärta,true heart,本心,NOUN,B2
pålitlig,trustworthy,值得信赖的,ADJ,B2
anstränga sig,to try hard to,力图,VERB,B2
tub,tube,أنبوب,NOUN,B2
tonfisk,tuna,金枪鱼,NOUN,B2
tunika,tunic,束腰外衣,NOUN,B2
oro,turmoil,混乱,NOUN,B2
vända,to turn around,转身,VERB,B2
stänga av,to turn off,关闭,VERB,B2
slå på,to turn on,打开,VERB,B2
visa sig,to turn out,结果是,VERB,B2
blinkers,turn signal,转向灯,NOUN,B2
vändpunkt,turning point,转折点,NOUN,B2
kålrot,turnip,芜菁,NOUN,B2
deltagande,turnout,出席率,NOUN,B2
sköldpadda,turtle,海龟,NOUN,B2
förmyndarskap,tutelage,监护,NOUN,B2
handledning,tutoring,补习,NOUN,B2
upprötande,uprooting,背井离乡,NOUN,B2
uppröra,to upset,使生气,VERB,B2
uppgång,upturn,好转,NOUN,B2
urbanitet,urbanity,都市风度,NOUN,B2
uppmana,to urge,强烈要求,VERB,B2
brådska,urgency,紧急,NOUN,B2
vi,us,你我,NOUN,B2
använda pinnar,to use chopsticks,动筷,VERB,B2
använda kryckkor,to use crutches,拄拐,VERB,B2
värdelös,useless,无用的,ADJ,B2
användare,user,用户,NOUN,B2
vanlig,usual,通常的,ADJ,B2
nyttjanderätt,usufruct,用益权,NOUN,B2
usurpera,to usurp,篡夺,VERB,B2
utilitaristisk,utilitarian,功利的,ADJ,B2
utilitarism,utilitarianism,功利主义,NOUN,B2
utnyttjande,utilization,利用,NOUN,B2
utnyttja,to utilize,利用,VERB,B2
yttersta,utmost,你尽,NOUN,B2
utopi,utopia,乌托邦,NOUN,B2
utopisk,utopian,乌托邦式的,ADJ,B2
yttrande,utterance,话语,NOUN,B2
vakans,vacancy,空缺,NOUN,B2
vakant,vacant,空缺的,ADJ,B2
vaccinera,to vaccinate,接种疫苗,VERB,B2
vaccin,vaccine,疫苗,NOUN,B2
vag,vague,含糊的,ADJ,B2
tapper,valiant,英勇的,ADJ,B2
giltighet,validity,有效期,NOUN,B2
dal,valley,山谷,NOUN,B2
tapperhet,valor,勇气,NOUN,B2
värdering,valuation,估值,NOUN,B2
förtrupp,vanguard,先锋,NOUN,B2
vandring,wandering,漫游,NOUN,B2
lockbete,want to lure,想引,NOUN,B2
vilja,to want to need will,要,VERB,B2
avdelning,ward,病房,NOUN,B2
vaktmästare,warden,看守人,NOUN,B2
lager,warehouse,仓库,NOUN,B2
garanti,warranty,保修单,NOUN,B2
vara,to was,是,VERB,B2
tvätt,washing,洗涤,NOUN,B2
slöserig,wasteful,浪费的,ADJ,B2
brakmark,wasteland,荒地,NOUN,B2
titta,watch,手表,NOUN,B2
titta,to watch,观看,VERB,B2
vattna,to water,浇水,VERB,B2
vattenfall,water falling,水落,NOUN,B2
vattenkål,water spinach,空心菜,NOUN,B2
vattenfärg,watercolor,水彩画,NOUN,B2
vattenfall,waterfall,瀑布,NOUN,B2
vattenmelon,watermelon,西瓜,NOUN,B2
vattenmelonsskärna,watermelon seed,西瓜子,NOUN,B2
vattentät,waterproof,防水的,ADJ,B2
vi,we or us including both the speaker and the person s spoken to,咱们,PRON,B2
vi,we two,我俩,PRON,B2
avvänja,to wean,断奶,VERB,B2
avvänjning,weaning,断奶,NOUN,B2
trötthet,weariness,疲倦,NOUN,B2
väva,to weave,编织,VERB,B2
vävning,weaving,编织,NOUN,B2
webbkamera,webcam,网络摄像头,NOUN,B2
webbplats,website,网站,NOUN,B2
bröllopsfoto,wedding photo,婚纱照,NOUN,B2
ogräs,weed,杂草,NOUN,B2
veckonummer,week number,周次,NOUN,B2
vardag,weekday,工作日,NOUN,B2
veckovis,weekly,每周的,ADJ,B2
veckotest,weekly test,周测,NOUN,B2
gråta,to weep,哭泣,VERB,B2
underlig,weird,奇怪的,ADJ,B2
nörd,weirdo,怪人,NOUN,B2
välkomstmiddag,welcome banquet,欢迎宴,NOUN,B2
svetsning,welding,焊接,NOUN,B2
välfärd,welfare,福利,NOUN,B2
brunn,well,井,NOUN,B2
välmående,well-being,健康,NOUN,B2
vägenomtänkt,well-considered,深思熟虑的,ADJ,B2
välkänd,well-known,众所周知的,ADJ,B2
västra regioner,western regions,西域,NOUN,B2
våtmark,wetland,湿地,NOUN,B2
val,whale,鲸鱼,NOUN,B2
i vilken utsträckning,what extent,在何种程度上,ADV,B2
vete,wheat,小麦,NOUN,B2
när,when,当...时,SCONJ,B2
varförhållanden,whereabouts,行踪,NOUN,B2
varigenom,whereby,其中,ADV,B2
om,whether,能否,NOUN,B2
om eller inte,whether or not,是否,SCONJ,B2
vilken,which one,哪一个,PRON,B2
stund,while,一会儿,NOUN,B2
kaprice,whim,突发奇想,NOUN,B2
piska,to whip,鞭打,VERB,B2
virvelvind,whirlwind,旋风；漩涡,NOUN,B2
viskning,whisper,低语,NOUN,B2
pipa,whistle,口哨,NOUN,B2
pipa,to whistle,吹口哨,VERB,B2
hela världen,whole world,全世界,NOUN,B2
grosshandel,wholesale,批发,NOUN,B2
vem,whom,谁,PRON,B2
utbredd,widespread,广泛的,ADJ,B2
bredd,width,宽度,NOUN,B2
ska,will,将要,AUX,B2
viljefull,willful,任性的,ADJ,B2
vilja,willing,肯,AUX,B2
vilja,willingness,乐意,NOUN,B2
vinda,to wind,缠绕,VERB,B2
fönsterruta,window glass,窗玻璃,NOUN,B2
vindtät,windproof,挡风的,ADJ,B2
vinkopp,wine cup,这酒盏,NOUN,B2
vinka,to wink,眨眼,VERB,B2
silta,to winnow,筛选,VERB,B2
torka,to wipe,擦,VERB,B2
torkare,wiper,雨刷,NOUN,B2
tråd,wire,电线,NOUN,B2
trådlös,wireless,无线的,ADJ,B2
med svårighet,with difficulty,困难地,ADV,B2
avbryta,to withdraw,撤回,VERB,B2
avbrott,withdrawal,撤回,NOUN,B2
vittnesmål,witness testimony,人证,NOUN,B2
vitt,wits,心眼,NOUN,B2
vittig,witty,机智的,ADJ,B2
vakla,to wobble,摇晃,VERB,B2
gå,won't do,不行,ADJ,B2
gå,to won't do,不成,VERB,B2
träör,wood ear mushroom,木耳,NOUN,B2
skog,woodland,林地,NOUN,B2
ull,wool,羊毛,NOUN,B2
sträva,to work hard for sth to strive for success,争气,VERB,B2
fungera,to work out,成功,VERB,B2
världskrig,world war,世界大战,NOUN,B2
världsbild,worldview,世界观,NOUN,B2
världsomspännande,worldwide,全世界的,ADJ,B2
förvärra,to worsen,恶化,VERB,B2
tillbedjan,worship,崇拜,NOUN,B2
sär,to wound,使受伤,VERB,B2
vika,to wrap,包裹,VERB,B2
inpackning,wrapping,包装,NOUN,B2
vrak,wreck,残骸,NOUN,B2
rycka,to wrest,强行夺取,VERB,B2
bryting,wrestling,摔跤,NOUN,B2
rynka,wrinkle,皱纹,NOUN,B2
rynkresistent,wrinkle-resistant,防皱,ADJ,B2
handled,wrist,手腕,NOUN,B2
författare,writer,作家,NOUN,B2
skrift,writing,文字,NOUN,B2
skriven,written,书面的,ADJ,B2
fel,wrong,错误的,ADJ,B2
gård,yard,院子,NOUN,B2
gäspa,to yawn,打哈欠,VERB,B2
längta,to yearn for,渴望,VERB,B2
längtan,yearning,向往,NOUN,B2
jäst,yeast,酵母,NOUN,B2
skrika,to yell,大吼,VERB,B2
ja,yes,是啊,NOUN,B2
igår,yesterday,بارحة,NOUN,B2
ge,yield,产量,NOUN,B2
ge,to yield,产出,VERB,B2
du kan,you can,您能,NOUN,B2
du kan inte leva,you cannot live,你也活不,NOUN,B2
du,you polite,您,PRON,B2
ung dam,young lady,小姐,NOUN,B2
ung man,young man,年轻人,NOUN,B2
ung herre,young master,少庄主,NOUN,B2
ungdom,young person,年轻人,NOUN,B2
unge,youngster,年少者,NOUN,B2
ditt skratt,your laugh,你笑,NOUN,B2
er majestät,your majesty,陛下,NOUN,B2
zenit,zenith,顶点,NOUN,B2
Zhuanghe,zhuang he,庄郃,NOUN,B2
zink,zinc,锌,NOUN,B2
stjärntecken,zodiac sign,属相,NOUN,B2
fauna,fauna,动物群,NOUN,B2
express,express,明确的,ADJ,B2
fort,fort,堡垒,NOUN,B2
all,all,جميع,NOUN,B2
format,format,格式,NOUN,B2
flint,flint,燧石,NOUN,B2
april,april,四月,NOUN,B2
bit,bit,一点,NOUN,B2
