German_Lemma,English_Lemma,Chinese_Lemma,POS
Abbitte,apology,道歉,NOUN
Abdruck,print,印记,NOUN
abermals,once again,再次,ADV
abmachen,agree,约定,VERB
abschneiden,cut off,切断,VERB
absehen,to foresee; to refrain from (von),撇开,VERB
absetzen,discontinue,停止,VERB
abziehen,deduct,扣除,VERB
Abkommen,agreement,协议,NOUN
Abkürzung,shortcut,捷径,NOUN
ablegen,put down,放下,VERB
abnorm,abnormal,反常的,ADJ
Absatz,paragraph,段落,NOUN
abschalten,switch off,关掉,VERB
abspielen,play,播放,VERB
abstammen,descend from,起源于,VERB
Abteil,compartment,隔间,NOUN
Abwechslung,variety,变化,NOUN
Abwesenheit,absence,缺席,NOUN
Abzug,deduction,扣除,NOUN
achten,pay attention,注意,VERB
Adjektiv,adjective,形容词,NOUN
adlig,noble,贵族的,ADJ
adoptieren,adopt,收养,VERB
adressieren,address,写地址,VERB
Agentur,agency,机构,NOUN
Akademiker,academic,学者,NOUN
aktivieren,activate,激活,VERB
Akustik,acoustics,声学,NOUN
Akzeptanz,acceptance,接受,NOUN
Alarmanlage,alarm system,报警系统,NOUN
Außerirdischer,alien,外星人,NOUN
Alkoholiker,alcoholic,酗酒者,NOUN
Allerheiligen,All Saints' Day,诸圣节,NOUN
allmählich,gradual,逐渐的,ADJ
Alltag,everyday life,日常生活,NOUN
alphabetisch,alphabetical,字母顺序的,ADJ
Amt,office,办公室,NOUN
analysieren,to analyze,分析,VERB
Anblick,sight,景象,NOUN
anbrennen,to burn (food),烧焦,VERB
Andenken,souvenir,纪念品,NOUN
andererseits,on the other hand,另一方面,ADV
andermal,another time,改天,ADV
anfangs,at the beginning,起初,ADV
anfassen,to touch,触摸,VERB
Anfänger,beginner,初学者,NOUN
anbringen,to attach,安装,VERB
anfahren,to approach,靠近,VERB
angehen,tackle,处理,VERB
anheuern,hire,雇佣,VERB
Angehöriger,relative,亲属,NOUN
Angel,fishing rod,钓竿,NOUN
angeln,fish,钓鱼,VERB
angenehm,pleasant,令人愉快的,ADJ
anordnen,order,命令,VERB
anschießen,shoot,击伤,VERB
Angesicht,face,面容,NOUN
angesichts,in view of,鉴于,ADP
angespannt,tense,紧张的,ADJ
ansprechen,address,招呼,VERB
Angestellter,employee,雇员,NOUN
anzeigen,display,显示,VERB
Angreifer,attacker,攻击者,NOUN
anhängen,attach,附加,VERB
Anhörung,hearing,听证会,NOUN
anonym,anonymous,匿名的,ADJ
anpassen,to adapt,适应,VERB
anschließen,to connect,连接,VERB
Anschluss,connection,连接,NOUN
Anschuldigung,accusation,指控,NOUN
ansonsten,otherwise,否则,ADV
Anstand,decency,体面,NOUN
anstatt,instead,代替,ADP
Anstellung,employment,职位,NOUN
anstrengen,to strain,努力,VERB
antik,antique,古老的,ADJ
Antrieb,drive,动力,NOUN
Anwesen,estate,庄园,NOUN
Appell,appeal,呼吁,NOUN
apropos,speaking of which,顺便一提,ADV
arbeitslos,unemployed,失业的,ADJ
Armband,bracelet,手镯,NOUN
arm,poor,贫穷的,ADJ
Armut,poverty,贫困,NOUN
arrangieren,arrange,安排,VERB
Assistent,assistant,助手,NOUN
Assistentin,assistant,女助手,NOUN
Atem,breath,呼吸,NOUN
Atmosphäre,atmosphere,气氛,NOUN
attackieren,attack,攻击,VERB
au,ow,哎哟,INTJ
aua,ouch,哎哟,INTJ
aufbrechen,break up,破裂,VERB
aufeinander,each other,相互,ADV
Auffahrt,on-ramp,车道,NOUN
Auffassung,view,观点,NOUN
auffliegen,to be discovered,被发觉,VERB
auffinden,find,找到,VERB
aufklären,clarify,澄清,VERB
aufladen,charge,充电,VERB
auflegen,hang up,挂断,VERB
aufgeschlossen,open-minded,思想开明的,ADJ
aufgrund,due to,由于,ADP
Aufregung,excitement,兴奋,NOUN
Aufschwung,upturn,好转,NOUN
aufsteigen,to climb,上升,VERB
Auftraggeber,client,客户,NOUN
ausarten,escalate,恶化,VERB
ausbessern,mend,修补,VERB
ausbreiten,spread,传播,VERB
auseinander,apart,分开,ADV
ausführen,execute,执行,VERB
ausführlich,detailed,详细的,ADJ
ausbrechen,break out,爆发,VERB
ausgeglichen,balanced,平衡的,ADJ
ausgenommen,except,除...之外,ADP
ausrauben,rob,抢劫,VERB
ausgerechnet,of all things,偏偏,ADV
ausgesprochen,pronounced,显著的,ADJ
ausgezeichnet,excellent,优秀的,ADJ
auskommen,get by,过得去,VERB
Ausländer,foreigner,外国人,NOUN
auslösen,trigger,触发,VERB
Ausnutzung,exploitation,利用,NOUN
ausprobieren,try out,尝试,VERB
ausreichend,sufficient,足够的,ADJ
Ausschau,lookout,瞭望,NOUN
ausschließen,exclude,排除,VERB
Aussprache,pronunciation,发音,NOUN
ausstellen,to issue,开具,VERB
austrocknen,to dry out,干涸,VERB
Ausweg,way out,出路,NOUN
Autogramm,autograph,亲笔签名,NOUN
automatisch,automatic,自动的,ADJ
Autor,author,作者,NOUN
Autorität,authority,权威,NOUN
Autoschlüssel,car key,车钥匙,NOUN
autsch,ouch,哎哟,INTJ
Axt,axe,斧头,NOUN
Backe,cheek,脸颊,NOUN
Backofen,oven,烤箱,NOUN
Badewanne,bathtub,浴缸,NOUN
Bahnsteig,platform,站台,NOUN
Band,band,乐队,NOUN
Bande,gang,帮派,NOUN
Bankier,banker,银行家,NOUN
Baronin,baroness,男爵夫人,NOUN
Bart,beard,胡须,NOUN
Basis,base,基础,NOUN
Batterie,battery,电池,NOUN
Bauchschmerzen,stomach ache,腹痛,NOUN
Bauer,farmer,农民,NOUN
beachten,to consider,考虑,VERB
Beamte,official,官员,NOUN
Becken,pelvis,骨盆,NOUN
befinden,to be located,位于,VERB
befördern,to promote,晋升,VERB
befürchten,to fear,担心,VERB
begeben,to go,前往,VERB
begnügen,to be content,满足于,VERB
begreifen,to understand,理解,VERB
begrüßen,to welcome,欢迎,VERB
beheben,to fix,解决,VERB
beherbergen,to host,接待,VERB
behindern,to hinder,阻碍,VERB
Behörde,authority,当局,NOUN
beibehalten,to maintain,保持,VERB
beibringen,to teach,教授,VERB
beides,both,两者,PRON
beifügen,to enclose,附上,VERB
beim,at the,在...时,ADP
beinahe,almost,几乎,ADV
beiseite,aside,在一边,ADV
Beistand,assistance,援助,NOUN
beiwohnen,to attend,出席,VERB
beizeiten,in time,及时地,ADV
Bekannte,acquaintance,熟人,NOUN
Bekenntnis,confession,供认,NOUN
bekiffen,to get stoned,吸食大麻,VERB
beklauen,to rob,偷窃,VERB
belastet,burdened,负担重的,ADJ
belehren,to lecture,教导,VERB
belesen,well-read,博学的,ADJ
bellen,bark,吠叫,VERB
belohnen,to reward,奖励,VERB
belästigen,harass,骚扰,VERB
belästigt,harassed,被骚扰的,ADJ
bemüht,diligent,努力的,ADJ
benommen,dazed,头晕的,ADJ
benutzbar,usable,可用的,ADJ
benutzt,used,用过的,ADJ
Benzin,gasoline,汽油,NOUN
berechtigt,authorized,有资格的,ADJ
bereden,discuss,讨论,VERB
Bereitschaft,readiness,准备就绪,NOUN
bereuen,regret,后悔,VERB
Bergsteiger,mountaineer,登山者,NOUN
berufen,appoint,任命,VERB
beruhen,be based on,基于,VERB
berüchtigt,notorious,臭名昭著的,ADJ
besagen,state,说明,VERB
bescheiden,modest,谦虚的,ADJ
bescheinigen,certify,证明,VERB
beschießen,shoot at,射击,VERB
beschimpfen,insult,辱骂,VERB
beschleunigen,accelerate,加速,VERB
beschließen,decide,决定,VERB
Beschluss,decision,决定,NOUN
beschneiden,circumcise,割礼,VERB
beschuldigen,accuse,指控,VERB
Beschwerde,complaint,投诉,NOUN
beschwingt,upbeat,轻快的,ADJ
beschwören,to conjure,召唤,VERB
beschädigen,to damage,损坏,VERB
beschämen,to shame,使羞愧,VERB
besiegen,to defeat,击败,VERB
Besprechung,meeting,会议,NOUN
Besseres,something better,更好的事物,NOUN
bestechen,to bribe,贿赂,VERB
besteigen,to climb,攀登,VERB
Bestellung,order,订单,NOUN
Bestes,the best,最好的事物,NOUN
besteuern,to tax,征税,VERB
Bestie,beast,野兽,NOUN
bestmöglich,best possible,尽可能好的,ADJ
Bestreben,endeavor,努力,NOUN
Besucher,visitor,访客,NOUN
beteiligt,involved,参与的,ADJ
betrachten,to consider,考虑,VERB
Betreuung,care,照料,NOUN
betroffen,affected,受影响的,ADJ
betrügen,to cheat,欺骗,VERB
Betrüger,fraudster,骗子,NOUN
Beute,prey,猎物,NOUN
Beutel,pouch,袋子,NOUN
Bevölkerung,population,人口,NOUN
bewachen,to guard,看守,VERB
bewaffnet,armed,武装的,ADJ
Bewohner,resident,居民,NOUN
bewundern,to admire,钦佩,VERB
beziehungsweise,or rather,或者,ADV
beängstigend,scary,令人害怕的,ADJ
Biene,bee,蜜蜂,NOUN
Bilanz,balance,收支平衡,NOUN
Bildschirm,screen,屏幕,NOUN
billigen,to approve,批准,VERB
binden,to bind,捆绑,VERB
Birne,pear,梨,NOUN
bisherig,previous,迄今为止的,ADJ
Bissen,bite,一口,NOUN
bissl,a bit,一点,ADV
bizarr,bizarre,奇异的,ADJ
bla,blah,废话,INTJ
Blamage,disgrace,耻辱,NOUN
blasen,to blow,吹,VERB
blass,pale,苍白的,ADJ
blenden,to dazzle,使目眩,VERB
blicken,to look,看,VERB
Blitz,lightning,闪电,NOUN
bloß,just,仅仅,ADV
Blütezeit,heyday,鼎盛时期,NOUN
boah,wow,哇,INTJ
Bowle,punch (drink),潘趣酒,NOUN
Boxen,boxing,拳击,NOUN
Brite,Briton,英国人,NOUN
britisch,British,英国的,ADJ
Bruch,break,断裂,NOUN
Brunnen,fountain,喷泉,NOUN
Bräutigam,groom,新郎,NOUN
Bulldogge,bulldog,斗牛犬,NOUN
bunt,colorful,五颜六色的,ADJ
Busch,bush,灌木丛,NOUN
Böses,evil,恶行,NOUN
büßen,atone,赎罪,VERB
ca,approx.,大约,ADV
charmant,charming,迷人的,ADJ
Charme,charm,魅力,NOUN
Chemie,chemistry,化学,NOUN
Chemikalie,chemical,化学品,NOUN
chinesisch,Chinese,中国的,ADJ
Chirurg,surgeon,外科医生,NOUN
Chor,choir,合唱团,NOUN
cool,cool,酷的,ADJ
Urheberrecht,copyright,版权,NOUN
Grafschaft,county,县,NOUN
Kran,crane,起重机,NOUN
Dachboden,attic,阁楼,NOUN
Dad,dad,爸爸,NOUN
dadurch,thereby,因此,ADV
daheim,at home,在家,ADV
Dampf,steam,蒸汽,NOUN
dankeschön,thank you,谢谢,INTJ
dar,there,那里,ADV
daran,on it,在上面,ADV
daraus,from it,从中,ADV
Darbietung,performance,表演,NOUN
darstellen,to represent,代表,VERB
Datenbank,database,数据库,NOUN
Datenleck,data leak,数据泄露,NOUN
Dauer,duration,持续时间,NOUN
dazwischen,in between,在中间,ADV
Deckung,coverage,覆盖范围,NOUN
deins,yours,你的,PRON
demnach,according to that,因此,ADV
Depp,idiot,傻瓜,NOUN
deprimiert,depressed,沮丧的,ADJ
deswegen,therefore,因此,ADV
deuten,indicate,表明,VERB
Dichter,poet,诗人,NOUN
Dichtung,poetry,诗歌,NOUN
diejenige,the one,那个,DET
diffus,diffuse,模糊的,ADJ
Dinosaurier,dinosaur,恐龙,NOUN
diplomatisch,diplomatic,外交的,ADJ
diskret,discreet,谨慎的,ADJ
Diät,diet,节食,NOUN
Dokument,document,文件,NOUN
Dom,cathedral,大教堂,NOUN
Donner,thunder,雷声,NOUN
Doppelpunkt,colon,冒号,NOUN
Dosis,dose,剂量,NOUN
Draht,wire,金属丝,NOUN
dramatisch,dramatic,戏剧性的,ADJ
dran,on it,在上面,ADV
drauf,on it,在上面,ADV
draus,out,在外面,ADV
dreckig,dirty,脏的,ADJ
Drecksack,scumbag,混蛋,NOUN
Dreckskerl,dirty bastard,混蛋,NOUN
Dreh,spin,旋转,NOUN
Dreieck,triangle,三角形,NOUN
drin,inside,在里面,ADV
Dringlichkeit,urgency,紧急,NOUN
Getränk,drink,饮料,NOUN
dritte,third,第三,NUM
Drittel,third,三分之一,NOUN
Droge,drug,毒品,NOUN
drohen,threaten,威胁,VERB
Drohne,drone,无人机,NOUN
drunter,underneath,在下面,ADV
drängen,urge,催促,VERB
Dschungel,jungle,丛林,NOUN
Duft,fragrance,香味,NOUN
Dummheit,stupidity,愚蠢,NOUN
Dunkelheit,darkness,黑暗,NOUN
Dunkel,darkness,黑暗,NOUN
dunkeln,darken,变暗,VERB
Durchbruch,breakthrough,突破,NOUN
durchdrehen,go crazy,发疯,VERB
Durchsuchungsbefehl,search warrant,搜查令,NOUN
dynamisch,dynamic,动态的,ADJ
dämlich,stupid,愚蠢的,ADJ
Dämmerung,twilight,黄昏,NOUN
Dämon,demon,恶魔,NOUN
Dürre,drought,干旱,NOUN
Ebene,level,水平,NOUN
Edelstein,gemstone,宝石,NOUN
äh,eh,呃,INTJ
ehemalig,former,前任的,ADJ
ehrgeizig,ambitious,有野心的,ADJ
Eichhörnchen,squirrel,松鼠,NOUN
Eid,oath,誓言,NOUN
eigenartig,peculiar,奇怪的,ADJ
Eigentümer,owner,所有者,NOUN
einfließen,to flow in,流入,VERB
einfältig,simple-minded,头脑简单的,ADJ
einführen,to introduce,引入,VERB
Eingriff,intervention,干预,NOUN
einlassen,to let in,允许进入,VERB
einlegen,to insert,插入,VERB
einleiten,to initiate,开始,VERB
einnähen,to sew in,缝入,VERB
einpacken,to wrap,包装,VERB
einreichen,to submit,提交,VERB
Einsicht,insight,见解,NOUN
einst,once,曾经,ADV
eintragen,to enter,登记,VERB
Einwohner,inhabitant,居民,NOUN
Eisenbahn,railway,铁路,NOUN
eisig,icy,冰冷的,ADJ
eiskalt,ice-cold,冰冷的,ADJ
Ekel,disgust,厌恶,NOUN
eklig,disgusting,令人厌恶的,ADJ
Ekstase,ecstasy,狂喜,NOUN
Elefant,elephant,大象,NOUN
elektrisch,electric,电的,ADJ
elend,miserable,悲惨的,ADJ
Empfehlung,recommendation,推荐,NOUN
engagieren,engage,聘用,VERB
Engländer,Englishman,英国人,NOUN
enorm,enormous,巨大的,ADJ
Entdeckung,discovery,发现,NOUN
Entlassung,dismissal,解雇,NOUN
entstehen,arise,产生,VERB
enttäuschen,disappoint,使失望,VERB
entwerfen,design,设计,VERB
Erbschaft,inheritance,遗产,NOUN
ereignen,to occur,发生,VERB
Erfinder,inventor,发明者,NOUN
erforderlich,required,必需的,ADJ
erfrischend,refreshing,令人清爽的,ADJ
erhältlich,available,可获得的,ADJ
Erhöhung,increase,增加,NOUN
Erinnerung,memory,记忆,NOUN
erkundigen,to inquire,询问,VERB
Erlebnis,experience,经历,NOUN
erleichtern,to relieve,减轻,VERB
ermöglichen,to enable,使可能,VERB
Ernte,harvest,收获,NOUN
Eroberer,conqueror,征服者,NOUN
erobern,to conquer,征服,VERB
erreichbar,reachable,可到达的,ADJ
Errichtung,construction,建造,NOUN
Ersatz,replacement,替代品,NOUN
Erscheinung,appearance,现象,NOUN
erschießen,to shoot,枪杀,VERB
erschlagen,to slay,打死,VERB
erschöpft,exhausted,筋疲力尽的,ADJ
erschüttern,to shake,震动,VERB
Ersparnis,savings,积蓄,NOUN
erstellen,to create,创建,VERB
erstens,firstly,首先,ADV
erstmal,first of all,首先,ADV
erstechen,to stab,刺死,VERB
ertappen,to catch,当场抓住,VERB
erträglich,bearable,可忍受的,ADJ
ertönen,to sound,响起,VERB
Erwachsener,adult,成年人,NOUN
erweitern,to expand,扩大,VERB
erwischen,to catch,抓住,VERB
erwähnen,mention,提及,VERB
erzwingen,force,强迫,VERB
Erzählung,story,故事,NOUN
Etappe,stage,阶段,NOUN
etliche,several,几个,DET
etwa,approximately,大约,ADV
Eule,owl,猫头鹰,NOUN
ewig,eternal,永恒的,ADJ
exakt,exact,精确的,ADJ
explodieren,explode,爆炸,VERB
Exzellenz,excellence,卓越,NOUN
fade,bland,乏味的,ADJ
Faden,thread,线,NOUN
Fahrt,ride,行程,NOUN
Falsches,wrong,错误的事,NOUN
faltbar,foldable,可折叠的,ADJ
Falte,wrinkle,皱纹,NOUN
fanatisch,fanatical,狂热的,ADJ
Fantasie,fantasy,幻想,NOUN
Faser,fiber,纤维,NOUN
Fee,fairy,仙女,NOUN
Feierabend,end of the working day,下班,NOUN
fein,fine,精细的,ADJ
Feind,enemy,敌人,NOUN
feindlich,hostile,敌对的,ADJ
Fell,fur,毛皮,NOUN
Feminismus,feminism,女权主义,NOUN
Ferne,distance,距离,NOUN
fern,far,远的,ADJ
fernhalten,keep away,远离,VERB
fertigmachen,to finish,完成,VERB
fest,firm,坚固的,ADJ
fetten,to grease,涂油,VERB
fettig,greasy,油腻的,ADJ
Fettsäure,fatty acid,脂肪酸,NOUN
feucht,moist,潮湿的,ADJ
feuern,to fire,开火,VERB
Filz,felt,毛毡,NOUN
Finanzen,finances,财政,NOUN
finanziell,financial,财政的,ADJ
finanzieren,to finance,资助,VERB
finster,dark,黑暗的,ADJ
Fischer,fisherman,渔夫,NOUN
flach,flat,平坦的,ADJ
Fleck,stain,污渍,NOUN
Fledermaus,bat,蝙蝠,NOUN
flicken,to mend,修补,VERB
fließend,fluent,流利的,ADJ
flink,nimble,敏捷的,ADJ
Flitterwochen,honeymoon,蜜月,NOUN
folgendes,the following,以下内容,PRON
folglich,consequently,因此,ADV
Formel,formula,公式,NOUN
Fortpflanzung,reproduction,繁殖,NOUN
fragwürdig,questionable,可疑的,ADJ
französisch,French,法国的,ADJ
Freibad,outdoor pool,露天游泳池,NOUN
freilassen,to release,释放,VERB
Friseur,hairdresser,理发师,NOUN
frustriert,frustrated,沮丧的,ADJ
Frucht,fruit,水果,NOUN
Funk,radio,无线电,NOUN
Funke,spark,火花,NOUN
Funkgerät,radio,无线电设备,NOUN
Funkstille,radio silence,无线电静默,NOUN
funktional,functional,功能的,ADJ
Futter,feed,饲料,NOUN
fußen,to be based on,基于,VERB
fällig,due,到期的,ADJ
Föderation,federation,联邦,NOUN
fördern,to promote,促进,VERB
führend,leading,领先的,ADJ
Fülle,abundance,丰富,NOUN
fünfundzwanzig,twenty-five,二十五,NUM
fürchterlich,terrible,可怕的,ADJ
füreinander,for each other,相互,ADV
Fürsorge,care,照料,NOUN
Galaxie,galaxy,星系,NOUN
Galerie,gallery,画廊,NOUN
Gans,goose,鹅,NOUN
ganzheitlich,holistic,整体的,ADJ
garantieren,to guarantee,保证,VERB
Garderobe,wardrobe,衣帽间,NOUN
Gasse,alley,小巷,NOUN
gastfreundlich,hospitable,好客的,ADJ
Gattung,genus,属,NOUN
Gebrauch,use,使用,NOUN
Gebärde,gesture,手势,NOUN
geduldig,patient,耐心的,ADJ
geehrt,honored,尊敬的,ADJ
geeignet,suitable,合适的,ADJ
Gefangener,prisoner,囚犯,NOUN
Gefangenschaft,captivity,囚禁,NOUN
fesseln,tie up,绑,VERB
Gefährte,companion,同伴,NOUN
Gefälligkeit,favor,恩惠,NOUN
gefälligst,please,请,ADV
fälschen,fake,伪造,VERB
gefühlvoll,emotional,充满感情的,ADJ
gehorchen,to obey,服从,VERB
Gehorsam,obedience,服从,NOUN
Gehäuse,case,外壳,NOUN
gehörig,proper,适当的,ADJ
geil,horny,性欲的,ADJ
irren,to err,弄错,VERB
Geisel,hostage,人质,NOUN
geistig,mental,精神的,ADJ
geistreich,witty,机智的,ADJ
knüpfen,to link,连接,VERB
leisten,to accomplish,完成,VERB
Geliebte,beloved,爱人,NOUN
geliebt,loved,被爱的,ADJ
geliehen,borrowed,借来的,ADJ
gelingen,to succeed,成功,VERB
gell,right,对吧,INTJ
Gelächter,laughter,笑声,NOUN
Geländer,railing,栏杆,NOUN
Gen,gene,基因,NOUN
genehmigen,to approve,批准,VERB
genehmigt,approved,批准的,ADJ
genervt,annoyed,恼火的,ADJ
Genick,neck,脖颈,NOUN
Genosse,comrade,同志,NOUN
Geographie,geography,地理,NOUN
geregelt,regulated,调节,ADJ
gering,small,小的,ADJ
Gerinnsel,clot,凝块,NOUN
gernhaben,to like,喜欢,VERB
räuchern,to smoke,熏制,VERB
geräumig,spacious,宽敞的,ADJ
Gesang,singing,歌唱,NOUN
geschickt,skillful,熟练的,ADJ
scheiden,to divorce,离婚,VERB
Geschirr,dishes,餐具,NOUN
Geschlecht,gender,性别,NOUN
geschmacklos,tasteless,无味的,ADJ
Geschoss,floor,楼层,NOUN
geschäftlich,business,商业的,ADJ
gesinnt,disposed,有...意向的,ADJ
sperren,to block,封锁,VERB
Gestalt,shape,形状,NOUN
Gestank,stench,恶臭,NOUN
Geständnis,confession,供认,NOUN
vögeln,to fuck,性交,VERB
gewaltig,enormous,巨大的,ADJ
Gewehr,rifle,步枪,NOUN
Gewicht,weight,重量,NOUN
gewohnt,usual,通常的,ADJ
gewähren,to grant,给予,VERB
gewährleisten,to ensure,保证,VERB
gewärtig,prepared,准备好的,ADJ
gezielt,targeted,有针对性的,ADJ
giftig,poisonous,有毒的,ADJ
Gipfel,summit,峰会,NOUN
Gitarrenmusik,guitar music,吉他音乐,NOUN
Gitter,grid,网格,NOUN
Glanz,shine,光泽,NOUN
glaubwürdig,credible,可信的,ADJ
Gletscher,glacier,冰川,NOUN
gliedern,organize,组织,VERB
GmbH,limited liability company,有限责任公司,NOUN
Grab,grave,坟墓,NOUN
Gerade,straight line,直的,NOUN
grafisch,graphic,图形的,ADJ
Gramm,gram,克,NOUN
Grammatik,grammar,语法,NOUN
grandios,grandiose,宏伟的,ADJ
Gras,grass,草,NOUN
gratis,free,免费的,ADJ
grauen,to dread,恐惧,VERB
Griff,handle,把手,NOUN
grob,rough,粗糙的,ADJ
Groll,grudge,怨恨,NOUN
Grundlage,basis,基础,NOUN
Gruß,greeting,问候,NOUN
größtenteils,mostly,主要地,ADV
Gründer,founder,创始人,NOUN
Gunst,favor,恩惠,NOUN
Gutachten,expert opinion,专家意见,NOUN
gutartig,benign,良性的,ADJ
Gärtner,gardener,园丁,NOUN
gönnen,to grant,赐予,VERB
Göttin,goddess,女神,NOUN
günstig,cheap,便宜的,ADJ
Gürtel,belt,腰带,NOUN
Haft,detention,拘留,NOUN
Haftbefehl,arrest warrant,逮捕令,NOUN
Haftung,liability,责任,NOUN
Haken,hook,钩子,NOUN
Handgelenk,wrist,手腕,NOUN
Handwerker,handyman,工匠,NOUN
Handyklingeln,cell phone ringing,手机铃声,NOUN
Harfe,harp,竖琴,NOUN
Hau,blow,打击,NOUN
Hauch,breath,气息,NOUN
Hauptmann,captain,上尉,NOUN
Hauptquartier,headquarters,总部,NOUN
hauptsächlich,mainly,主要地,ADV
Hausbesuch,house call,上门拜访,NOUN
Haushalt,household,家庭,NOUN
Hausmeister,caretaker,房屋管理员,NOUN
heilig,holy,神圣的,ADJ
Heilige,saint,圣人,NOUN
Heilung,healing,治愈,NOUN
Heimweg,way home,回家的路,NOUN
heiter,cheerful,愉快的,ADJ
Heizkörper,radiator,暖气片,NOUN
Hektik,hectic,忙乱,NOUN
hektisch,hectic,忙碌的,ADJ
hellhörig,thin-walled,隔音差的,ADJ
Henker,executioner,刽子手,NOUN
her,here,这里,ADV
herab,down,向下,ADV
Herausforderung,challenge,挑战,NOUN
herauskommen,to come out,出来,VERB
herausragend,outstanding,杰出的,ADJ
herausstellen,to turn out,结果是,VERB
herbringen,to bring here,带来,VERB
Herd,stove,炉灶,NOUN
Herde,flock,兽群,NOUN
hereinfallen,to be fooled,上当,VERB
hereinlegen,to trick,欺骗,VERB
herholen,to fetch,取来,VERB
herkommen,to come here,来到这里,VERB
herrichten,to prepare,准备,VERB
Herkunft,origin,起源,NOUN
Herrgott,Lord God,上帝,NOUN
Herrin,mistress,女主人,NOUN
herrje,good heavens,天哪,INTJ
Herrschaften,ladies and gentlemen,各位,NOUN
herrschen,to rule,统治,VERB
Herstellung,production,生产,NOUN
herunter,down,向下,ADV
Herzinfarkt,heart attack,心脏病发作,NOUN
Herzog,duke,公爵,NOUN
Herzschlag,heartbeat,心跳,NOUN
heulen,to cry,哭泣,VERB
heutig,today's,今天的,ADJ
hieran,on this,在此,ADV
Hierarchie,hierarchy,等级制度,NOUN
hierbleiben,stay here,留在这里,VERB
hiermit,hereby,特此,ADV
Highschool,high school,高中,NOUN
hilflos,helpless,无助的,ADJ
hinauf,up,向上,ADV
hindern,hinder,阻碍,VERB
Hindernis,obstacle,障碍,NOUN
Hingabe,devotion,奉献,NOUN
hinrichten,execute,处决,VERB
Hinrichtung,execution,处决,NOUN
Hintertür,back door,后门,NOUN
hinzu,in addition,此外,ADV
Hirn,brain,大脑,NOUN
Historiker,historian,历史学家,NOUN
historisch,historic,历史的,ADJ
Hitze,heat,炎热,NOUN
Hitzkopf,hothead,急性子的人,NOUN
Hochmut,arrogance,傲慢,NOUN
Hochschule,college,高校,NOUN
hocken,to crouch,蹲,VERB
Hof,yard,院子,NOUN
hoffentlich,hopefully,希望,ADV
hoffnungslos,hopeless,绝望的,ADJ
holländisch,Dutch,荷兰的,ADJ
hopp,oops,哎呀,INTJ
hoppla,oops,哎呀,INTJ
Horizont,horizon,地平线,NOUN
Hotelzimmer,hotel room,酒店房间,NOUN
huch,yikes,哎呀,INTJ
hungrig,hungry,饥饿的,ADJ
hurra,hurrah,万岁,INTJ
hä,huh,哈,INTJ
Häkchen,checkmark,勾号,NOUN
Händler,dealer,商人,NOUN
häufig,frequent,频繁的,ADJ
Häuptling,chieftain,酋长,NOUN
höchstens,at most,至多,ADV
Höhe,height,高度,NOUN
Höhepunkt,climax,高潮,NOUN
Hüfte,hip,臀部,NOUN
Hühnchen,chicken,小鸡,NOUN
Ideologie,ideology,意识形态,NOUN
Täuschung,illusion,幻觉,NOUN
imaginär,imaginary,虚构的,ADJ
Imperium,empire,帝国,NOUN
impfen,vaccinate,接种疫苗,VERB
Impfung,vaccination,疫苗接种,NOUN
imponieren,to impress,给人留下深刻印象,VERB
imstande,able,能够,ADJ
Inbegriff,epitome,化身,NOUN
Indianer,Indians,印第安人,NOUN
Industrie,industry,工业,NOUN
Ingenieur,engineer,工程师,NOUN
Inhaber,owner,所有者,NOUN
innen,inside,在里面,ADV
Inneres,interior,内部,NOUN
Insekt,insect,昆虫,NOUN
Insektizid,insecticide,杀虫剂,NOUN
insgesamt,overall,总共,ADV
Eingebung,inspiration,灵感,NOUN
inspirieren,to inspire,启发,VERB
Institut,institute,机构,NOUN
intensiv,intense,强烈的,ADJ
interaktiv,interactive,交互式的,ADJ
Interessantes,interesting things,有趣的事物,NOUN
Internat,boarding school,寄宿学校,NOUN
Interpret,performer (musician/artist),口译员,NOUN
Investition,investment,投资,NOUN
irgendwas,something,某事,PRON
irgendwelch,any,任何一些,DET
ironisch,ironic,讽刺的,ADJ
Irrer,madman,疯子,NOUN
Italiener,Italian,意大利人,NOUN
jahrelang,for years,多年,ADV
Jahresende,end of the year,年底,NOUN
Jahreslohn,annual wage,年薪,NOUN
jaja,yeah yeah,是是是,INTJ
Jalousie,blind,百叶窗,NOUN
Jammertal,vale of tears,苦难深渊,NOUN
jargonhaft,jargon-heavy,充满行话的,ADJ
Jasmintee,jasmine tea,茉莉花茶,NOUN
je,ever,曾经,ADV
Jeansjacke,denim jacket,牛仔夹克,NOUN
jederzeit,at any time,随时,ADV
Jenseitsglaube,belief in the afterlife,对来世的信仰,NOUN
Jochbein,cheekbone,颧骨,NOUN
Jodmangel,iodine deficiency,碘缺乏,NOUN
Joggen,jogging,慢跑,NOUN
Jubel,cheers,欢呼,NOUN
jucken,to itch,发痒,VERB
Juckpulver,itching powder,痒痒粉,NOUN
Jugendamt,Youth Welfare Office,青少年福利局,NOUN
Jugendliche,youth (people),青少年,NOUN
Jugendwahn,obsession with youth,对年轻的狂热,NOUN
juhu,Yay,好耶,INTJ
Junggeselle,bachelor,单身汉,NOUN
juristisch,legal,法律的,ADJ
Juwel,jewel,珠宝,NOUN
Juwelenraub,jewel robbery,珠宝抢劫案,NOUN
jäh,sudden,突然的,ADJ
jährlich,annual,每年的,ADJ
jähzornig,irascible,易怒的,ADJ
Kabine,cabin,船舱,NOUN
Kahn,boat,小船,NOUN
Kai,quay,码头,NOUN
Kakao,cocoa,可可,NOUN
Kalender,calendar,日历,NOUN
Kamin,fireplace,壁炉,NOUN
Kammer,chamber,房间,NOUN
Kampagne,campaign,运动,NOUN
Kampf,fight,战斗,NOUN
Kandidat,candidate,候选人,NOUN
Kaninchen,rabbit,兔子,NOUN
Kapelle,chapel,小教堂,NOUN
Kapitulation,capitulation,投降,NOUN
Kargheit,barrenness,贫瘠,NOUN
Karikatur,caricature,漫画,NOUN
Karneval,carnival,狂欢节,NOUN
Karrieresprung,career leap,职业飞跃,NOUN
Karton,carton,纸板箱,NOUN
Kasten,crate,箱子,NOUN
Kathedrale,cathedral,大教堂,NOUN
Kauf,purchase,购买,NOUN
Kaufmann,merchant,商人,NOUN
Kaugummi,chewing gum,口香糖,NOUN
kausal,causal,因果的,ADJ
kehren,sweep,打扫,VERB
Keim,germ,病菌,NOUN
keinerlei,no,毫无,DET
keiner,none,没有一个,DET
keins,none,没有一个,DET
Kenner,connoisseur,行家,NOUN
Kerbtier,insect,昆虫,NOUN
Kerze,candle,蜡烛,NOUN
Kesseltreiben,witch hunt,猎巫,NOUN
Kettenhemd,chain mail,锁子甲,NOUN
keuchen,pant,喘气,VERB
Kilogramm,kilogram,千克,NOUN
kichern,giggle,咯咯笑,VERB
Kinderspiel,child's play,儿戏,NOUN
Kindheitstrauma,childhood trauma,童年创伤,NOUN
Kinn,chin,下巴,NOUN
Kippe,cigarette butt,烟头,NOUN
Kirchgang,churchgoing,上教堂,NOUN
Klagelied,lament,挽歌,NOUN
klagen,to complain,抱怨,VERB
Klangfarbe,timbre,音色,NOUN
Klappern,rattling,咔哒声,NOUN
klarkommen,to cope,应付,VERB
Klarsicht,clarity,清晰度,NOUN
klarstellen,to clarify,阐明,VERB
Klassiker,classic,经典作品,NOUN
klatschen,to clap,鼓掌,VERB
kleben,to glue,粘贴,VERB
kleiden,to dress,给...穿衣,VERB
Kleiderschrank,wardrobe,衣柜,NOUN
Kleingedrucktes,fine print,小字条款,NOUN
Klinge,blade,刀刃,NOUN
Klingelknopf,doorbell button,门铃按钮,NOUN
Klinkenstecker,jack plug,插头,NOUN
Klirren,clinking,叮当声,NOUN
Klub,club,俱乐部,NOUN
knacken,to crack,破裂,VERB
Knackpunkt,sticking point,关键点,NOUN
knallen,to bang,砰然作响,VERB
Kniefall,act of kneeling,下跪,NOUN
Knirschen,crunching,嘎吱声,NOUN
Knotenpunkt,junction,枢纽,NOUN
Knurren,growl,低吼,NOUN
knurren,growl,低吼,VERB
Koalition,coalition,联盟,NOUN
Kochbuch,cookbook,食谱,NOUN
kokett,coquettish,卖弄风情的,ADJ
Koks,coke,可卡因,NOUN
kollidieren,collide,碰撞,VERB
Kollision,collision,碰撞,NOUN
Kommandant,commander,指挥官,NOUN
Kompass,compass,指南针,NOUN
kompetent,competent,胜任的,ADJ
Komplize,accomplice,同谋,NOUN
komplottieren,conspire,密谋,VERB
komponieren,compose,作曲,VERB
Komponist,composer,作曲家,NOUN
Kompromiss,compromise,妥协,NOUN
Konfetti,confetti,彩纸屑,NOUN
Kongo,Congo,刚果,NOUN
konsequent,consistent,一致的,ADJ
konservativ,conservative,保守的,ADJ
Konsum,consumption,消费,NOUN
kontaktieren,contact,联系,VERB
kontaminieren,contaminate,污染,VERB
Kontinent,continent,大陆,NOUN
kontrovers,controversial,有争议的,ADJ
Kooperation,cooperation,合作,NOUN
Kopfgeld,bounty,赏金,NOUN
Kopflosigkeit,panic,惊慌失措,NOUN
Kopfweh,headache,头痛,NOUN
Korrekturlesen,proofreading,校对,NOUN
Kosmos,cosmos,宇宙,NOUN
Kostbarkeit,treasure,珍宝,NOUN
kotzen,vomit,呕吐,VERB
Kraftwerk,power plant,发电厂,NOUN
Kragen,collar,衣领,NOUN
Krankenakte,medical record,病历,NOUN
Krankenschwester,nurse,护士,NOUN
Kreatur,creature,生物,NOUN
kreieren,create,创造,VERB
Kreislauf,circulation,循环,NOUN
Kriminelle,criminal,罪犯,NOUN
Krisenherd,trouble spot,危机爆发点,NOUN
Kristall,crystal,水晶,NOUN
Kronleuchter,chandelier,枝形吊灯,NOUN
krumm,crooked,弯曲的,ADJ
kräftig,powerful,强壮的,ADJ
Krücke,crutch,拐杖,NOUN
Kulisse,backdrop,背景,NOUN
Kunstgriff,artifice,诡计,NOUN
Kurve,curve,曲线,NOUN
kurzfristig,short-term,短期的,ADJ
Käfer,beetle,甲虫,NOUN
Kälte,cold,寒冷,NOUN
Käufer,buyer,买家,NOUN
Köchin,cook,女厨师,NOUN
Köder,bait,诱饵,NOUN
körperlich,physical,身体的,ADJ
kühl,cool,凉爽的,ADJ
Küken,chick,小鸡,NOUN
Kümmerer,carer,照顾者,NOUN
Kündigung,resignation,辞职,NOUN
Kürze,brevity,简短,NOUN
küssen,kiss,亲吻,VERB
Labyrinth,maze,迷宫,NOUN
lachend,laughing,笑着的,ADJ
Lade,drawer,抽屉,NOUN
lahm,lame,跛的,ADJ
lakonisch,laconic,简洁的,ADJ
Landschaft,landscape,风景,NOUN
Landwirtschaft,agriculture,农业,NOUN
Langlebigkeit,longevity,长寿,NOUN
langweilen,to bore,使厌倦,VERB
Lappalie,trifle,琐事,NOUN
Laune,mood,心情,NOUN
Lausbub,rascal,顽童,NOUN
Lebensfreude,joie de vivre,生活乐趣,NOUN
Lebenslauf,resume,简历,NOUN
Lebensmittel,food,食品,NOUN
Leber,liver,肝脏,NOUN
Lebewesen,living being,生物,NOUN
Lederjacke,leather jacket,皮夹克,NOUN
legendär,legendary,传奇的,ADJ
Leichtsinn,recklessness,轻率,NOUN
Leiterin,leader (female),女领导,NOUN
Leitfaden,guide,指南,NOUN
Leitplanke,guardrail,护栏,NOUN
Leitung,management,管理,NOUN
Lenkung,steering,转向,NOUN
Lernkurve,learning curve,学习曲线,NOUN
letztendlich,ultimately,最终,ADV
leuchten,to shine,发光,VERB
Niveau,level,水平,NOUN
Libelle,dragonfly,蜻蜓,NOUN
Lichtspiel,motion picture,电影,NOUN
Lichtung,clearing,林中空地,NOUN
liebevoll,affectionate,深情的,ADJ
Liebhaber,lover,爱好者,NOUN
Liebschaft,romance,风流韵事,NOUN
Liebste,dearest,最爱的人,NOUN
Liebster,dearest,最爱的人,NOUN
Lieferwagen,delivery van,厢式送货车,NOUN
Gefallen,favor,恩惠,NOUN
link,left,左边的,ADJ
Lippenbekenntnis,lip service,口惠,NOUN
Lippenstift,lipstick,口红,NOUN
Literatur,literature,文学,NOUN
Lizenz,license,许可证,NOUN
Lizenzgeber,licensor,许可方,NOUN
Loblied,song of praise,赞歌,NOUN
loben,to praise,赞扬,VERB
Lockmittel,lure,诱饵,NOUN
Lohnarbeit,wage labor,雇佣劳动,NOUN
lohnen,to be worth,值得,VERB
loslegen,to get started,开始,VERB
Luftschloss,pipe dream,空中楼阁,NOUN
Luxus,luxury,奢侈,NOUN
Lächeln,smile,微笑,NOUN
lächerlich,ridiculous,可笑的,ADJ
längst,long ago,早已,ADV
läuten,to ring,鸣响,VERB
Lücke,gap,缺口,NOUN
machbar,feasible,可行的,ADJ
Machenschaft,machination,阴谋,NOUN
Machtkampf,power struggle,权力斗争,NOUN
Mademoiselle,young lady,小姐,NOUN
Magazin,magazine,杂志,NOUN
Magier,magician,魔术师,NOUN
magisch,magical,魔法的,ADJ
mahlen,to grind,研磨,VERB
Mahnmal,memorial,纪念碑,NOUN
Mail,email,电子邮件,NOUN
Majestät,majesty,陛下,NOUN
Makel,blemish,瑕疵,NOUN
Maler,painter,画家,NOUN
mangelhaft,deficient,有缺陷的,ADJ
Mangelware,scarce commodity,紧缺商品,NOUN
Manie,mania,狂躁症,NOUN
manipulieren,to manipulate,操纵,VERB
Marge,margin,利润率,NOUN
markieren,to mark,标记,VERB
Marsch,march,行军,NOUN
Masse,mass,质量,NOUN
Mathe,math,数学,NOUN
Mathematik,mathematics,数学,NOUN
maßlos,excessive,过度的,ADJ
Maßnahme,measure,措施,NOUN
Mechaniker,mechanic,机械师,NOUN
medizinisch,medical,医学的,ADJ
mehrmals,several times,多次,ADV
Meilenstein,milestone,里程碑,NOUN
meinetwegen,for my sake,就我而言,ADV
meins,mine,我的,PRON
meiste,most,大多数,ADJ
meistens,mostly,通常,ADV
Meister,master,大师,NOUN
melancholisch,melancholic,忧郁的,ADJ
Mensa,canteen,食堂,NOUN
Menschenkenntnis,knowledge of human nature,知人之明,NOUN
merkwürdig,strange,奇怪的,ADJ
Messe,fair,交易会,NOUN
Metall,metal,金属,NOUN
mexikanisch,Mexican,墨西哥的,ADJ
mh,Mm,嗯,INTJ
mies,lousy,糟糕的,ADJ
Migräne,migraine,偏头痛,NOUN
Mikrobe,microbe,微生物,NOUN
Mikrochip,microchip,微芯片,NOUN
Mikrofon,microphone,麦克风,NOUN
Mikroskop,microscope,显微镜,NOUN
Ministerin,minister,女部长,NOUN
Ministerium,ministry,部,NOUN
Mio,million,百万,NOUN
Mischung,mixture,混合物,NOUN
Missbrauch,abuse,滥用,NOUN
Missbrauchsfall,abuse case,虐待案件,NOUN
Missgeschick,mishap,不幸,NOUN
Missgunst,envy,嫉妒,NOUN
Missstand,grievance,弊端,NOUN
Miststück,bitch,贱人,NOUN
mitbekommen,to notice,注意到,VERB
Mitbewohner,roommate,室友,NOUN
mitgehen,to go along,随行,VERB
mitspielen,to play along,配合,VERB
Mittagspause,lunch break,午休,NOUN
mitteilen,to communicate,通知,VERB
mittelmäßig,mediocre,平庸的,ADJ
Mittäterschaft,complicity,共犯,NOUN
mm,hmm,嗯,INTJ
mmh,hmm,嗯,INTJ
mögen,to like,喜欢,VERB
mogeln,to cheat,作弊,VERB
Mohr,Moor,摩尔人,NOUN
moin,hello,你好,INTJ
monatlich,monthly,每月的,ADJ
Morast,morass,沼泽,NOUN
Mordmotiv,motive for murder,谋杀动机,NOUN
morgens,in the morning,在早上,ADV
Moschee,mosque,清真寺,NOUN
Motorroller,scooter,踏板摩托车,NOUN
mundtot,silenced,被噤声的,ADJ
Musiker,musician,音乐家,NOUN
mustern,to examine,检查,VERB
mutmaßlich,alleged,推测的,ADJ
Mutprobe,test of courage,勇气测试,NOUN
mutwillig,deliberate,故意的,ADJ
Mythologie,mythology,神话学,NOUN
Mythos,myth,神话,NOUN
mächtig,powerful,强大的,ADJ
männlich,male,男性的,ADJ
Märchen,fairy tale,童话,NOUN
Müllbeutel,trash bag,垃圾袋,NOUN
naa,no,不,INTJ
Nachdruck,emphasis,强调,NOUN
nacheinander,one after another,接连地,ADV
Nachfrage,demand,需求,NOUN
Nachname,last name,姓,NOUN
Nachtklub,nightclub,夜总会,NOUN
Nacken,neck,脖子,NOUN
nah,close,近的,ADJ
nahtlos,seamless,无缝的,ADJ
naja,well,好吧,INTJ
namens,named,名为,ADP
Narr,fool,傻瓜,NOUN
nebelig,foggy,有雾的,ADJ
nebenbei,incidentally,顺便,ADV
Nebenklage,private accessory prosecution,附带诉讼,NOUN
nee,nope,不,INTJ
nervig,annoying,烦人的,ADJ
Nervosität,nervousness,紧张,NOUN
nerven,to annoy,使烦恼,VERB
Netzwerk,network,网络,NOUN
Neuanfang,new beginning,重新开始,NOUN
neulich,recently,最近,ADV
nieder,down,向下,ADV
niedlich,cute,可爱的,ADJ
niedrig,low,低的,ADJ
niesen,to sneeze,打喷嚏,VERB
nimmer,never,从不,ADV
nirgendwohin,nowhere,无处去,ADV
nix,nothing,什么也没有,PRON
nochmals,again,再次,ADV
Nonne,nun,修女,NOUN
Not,distress,困境,NOUN
Notarzt,emergency doctor,急诊医生,NOUN
Note,grade,成绩,NOUN
notfalls,if necessary,必要时,ADV
notieren,to note,记录,VERB
Notiz,note,笔记,NOUN
Notstand,state of emergency,紧急状态,NOUN
nuanciert,nuanced,细微差别的,ADJ
nähen,to sew,缝纫,VERB
Nähnadel,sewing needle,缝衣针,NOUN
nähren,to nourish,滋养,VERB
nö,nope,不,INTJ
obdachlos,homeless,无家可归的,ADJ
oberflächlich,superficial,表面的,ADJ
Oberstimme,upper voice,高音声部,NOUN
ohnehin,anyway,无论如何,ADV
Optiker,optician,验光师,NOUN
Optimismus,optimism,乐观主义,NOUN
Ordnungswidrigkeit,administrative offense,违规行为,NOUN
Pa,dad,爸爸,NOUN
Panne,breakdown,故障,NOUN
Papagei,parrot,鹦鹉,NOUN
Papi,daddy,爸爸,NOUN
Paps,pops,爸爸,NOUN
Papst,pope,教皇,NOUN
Paradoxon,paradox,悖论,NOUN
Parfüm,perfume,香水,NOUN
passend,fitting,合适的,ADJ
patriotisch,patriotic,爱国的,ADJ
pro,per,每,ADP
Perle,pearl,珍珠,NOUN
Perspektive,perspective,视角,NOUN
Persönliches,personal matters,私事,NOUN
Pessimismus,pessimism,悲观主义,NOUN
Pest,plague,瘟疫,NOUN
Petersilie,parsley,欧芹,NOUN
Pfad,path,小路,NOUN
Pfanne,pan,平底锅,NOUN
Pfannkuchen,pancake,煎饼,NOUN
Pfeifen,Whistles,哨子,NOUN
Philosoph,philosopher,哲学家,NOUN
Physik,physics,物理学,NOUN
Picknick,Picnic,野餐,NOUN
Piepen,beeping,哔哔声,NOUN
Piepsen,beep,吱吱声,NOUN
piepen,to beep,发出哔哔声,VERB
Pilz,mushroom,蘑菇,NOUN
Plastik,plastic,塑料,NOUN
platt,flat,扁平的,ADJ
Platte,plate,盘子,NOUN
plaudern,to chat,聊天,VERB
Po,buttocks,屁股,NOUN
politisch,political,政治的,ADJ
Poltern,rumbling,隆隆声,NOUN
Porno,porn,色情,NOUN
Portemonnaie,wallet,钱包,NOUN
postalisch,postal,邮局的,ADJ
Posten,post,岗位,NOUN
Potenzial,potential,潜力,NOUN
Praktikum,internship,实习,NOUN
Produzent,producer,制片人,NOUN
produzieren,to produce,生产,VERB
professionell,professional,专业的,ADJ
Prostituierte,prostitute,妓女,NOUN
Präsentation,presentation,展示,NOUN
pst,psst,嘘,INTJ
Psychologie,psychology,心理学,NOUN
puh,phew,呼,INTJ
Pullover,sweater,毛衣,NOUN
Pulver,powder,粉末,NOUN
Pumpe,pump,泵,NOUN
pur,pure,纯粹的,ADJ
Pyramide,pyramid,金字塔,NOUN
Päckchen,packet,小包裹,NOUN
Quartal,quarter,季度,NOUN
Quietschen,squeak,吱吱声,NOUN
quietschen,to squeak,吱吱叫,VERB
quitt,quits,两清的,ADJ
Rabe,raven,乌鸦,NOUN
rackern,to toil,苦干,VERB
rangehen,to answer,去接电话,VERB
rangieren,to shunt,调车,VERB
ranschmeißen,to throw oneself at,投怀送抱,VERB
rasch,quick,迅速的,ADJ
Rasen,lawn,草坪,NOUN
Rasierer,razor,剃须刀,NOUN
Rathaus,city hall,市政厅,NOUN
ratlos,clueless,不知所措的,ADJ
Ratschlag,advice,建议,NOUN
Rattern,rattling,咔嗒声,NOUN
Raubtier,predator,食肉动物,NOUN
rausgehen,go out,出去,VERB
rauswerfen,throw out,扔出,VERB
rausholen,get out,取出,VERB
realisieren,realize,意识到,VERB
Rechenmaschine,calculator,计算器,NOUN
recherchieren,research,研究,VERB
rechtfertigen,justify,证明...正当,VERB
Rechtsanwalt,attorney,律师,NOUN
Redakteur,editor,编辑,NOUN
reduzieren,reduce,减少,VERB
Regal,shelf,架子,NOUN
regelmäßig,regularly,定期地,ADV
Regenmantel,raincoat,雨衣,NOUN
Regie,direction,导演,NOUN
registrieren,register,注册,VERB
reichlich,abundant,丰富的,ADJ
Reihenfolge,order,顺序,NOUN
reingehen,go in,进去,VERB
reinlegen,trick,欺骗,VERB
reinigen,clean,清洁,VERB
Reinigung,cleaning,清洁,NOUN
Reisepass,passport,护照,NOUN
Reiseziel,destination,目的地,NOUN
reiten,ride,骑马,VERB
Rekord,record,记录,NOUN
Reparatur,repair,修理,NOUN
Reservierung,reservation,预订,NOUN
Ressource,resource,资源,NOUN
restlich,remaining,剩余的,ADJ
Retter,savior,救星,NOUN
Reue,remorse,悔恨,NOUN
Richterin,judge,女法官,NOUN
richterlich,judicial,司法的,ADJ
Rohr,pipe,管子,NOUN
Rollstuhl,wheelchair,轮椅,NOUN
Rucksack,backpack,背包,NOUN
Ruf,reputation,声誉,NOUN
rum,around,到处,ADV
Rumpf,fuselage,机身,NOUN
Rumäne,Romanian,罗马尼亚人,NOUN
räumen,to clear,清理,VERB
Räuspern,clearing of the throat,清嗓子,NOUN
räuspern,to clear one's throat,清嗓子,VERB
Römer,Roman,罗马人,NOUN
Rückblende,flashback,倒叙,NOUN
Rückblick,review,回顾,NOUN
Rückgrat,backbone,脊梁,NOUN
rückgängig,undo,撤销,ADJ
Rückseite,back,背面,NOUN
Rücksicht,consideration,体谅,NOUN
Rücksitz,back seat,后座,NOUN
Sahne,cream,奶油,NOUN
Samen,seed,种子,NOUN
Samenkorn,seed,种子,NOUN
Sammlung,collection,收藏,NOUN
Sandsturm,sandstorm,沙尘暴,NOUN
Sau,sow,母猪,NOUN
Sauerstoff,oxygen,氧气,NOUN
Sauerteig,sourdough,酸面团,NOUN
sch,sh,嘘,INTJ
Schach,chess,国际象棋,NOUN
Schachtel,box,盒子,NOUN
Schaf,sheep,绵羊,NOUN
Schal,scarf,围巾,NOUN
Schale,shell,壳,NOUN
schalten,switch,切换,VERB
Schalter,switch,开关,NOUN
scharfsinnig,sharp-witted,敏锐的,ADJ
Schatzkammer,treasure room,宝库,NOUN
scheißegal,don't give a fuck,无所谓的,ADJ
Scheißer,shit,混蛋,NOUN
Scheißkerl,motherfucker,混蛋,NOUN
Scheppern,rattling,叮当声,NOUN
Scherz,joke,玩笑,NOUN
Scheune,barn,谷仓,NOUN
scheußlich,hideous,可怕的,ADJ
schick,chic,时髦的,ADJ
Schicksalsschlag,blow of fate,命运的打击,NOUN
schiefgehen,go wrong,出错,VERB
Schießerei,shootout,枪战,NOUN
Schirm,umbrella,伞,NOUN
Schiss,shit,恐惧,NOUN
Schlag,blow,打击,NOUN
Schlaganfall,stroke,中风,NOUN
schlau,smart,聪明的,ADJ
Schlauch,hose,软管,NOUN
Schlimmeres,worse,更糟的事,NOUN
schlucken,swallow,吞咽,VERB
Schläfer,sleeper,睡觉的人,NOUN
Schläger,thug,暴徒,NOUN
schmal,narrow,狭窄的,ADJ
schmerzhaft,painful,疼痛的,ADJ
Schmerzmittel,painkiller,止痛药,NOUN
Schmetterling,butterfly,蝴蝶,NOUN
schminken,apply makeup,化妆,VERB
Schmutz,dirt,污垢,NOUN
Schneeflocke,snowflake,雪花,NOUN
Schneider,tailor,裁缝,NOUN
schniefen,sniffle,抽鼻子,VERB
schockieren,shock,震惊,VERB
Schornstein,chimney,烟囱,NOUN
Schoß,lap,大腿,NOUN
Schrecken,terror,恐惧,NOUN
schulden,owe,欠,VERB
Schuppen,shed,棚屋,NOUN
Schwachkopf,moron,笨蛋,NOUN
Schwachsinn,nonsense,胡说,NOUN
Schwarzmarkt,black market,黑市,NOUN
Schwiegermutter,mother-in-law,岳母,NOUN
Schwuchtel,faggot,男同性恋,NOUN
Schwung,momentum,势头,NOUN
schwülstig,bombastic,浮夸的,ADJ
schädlich,harmful,有害的,ADJ
Schätzchen,sweetheart,宝贝,NOUN
Schönheit,beauty,美丽,NOUN
Schülerin,pupil (female),女学生,NOUN
Schüssel,bowl,碗,NOUN
Schütze,Sagittarius,射手座,NOUN
seelisch,emotional,心理的,ADJ
segnen,bless,祝福,VERB
sehnen,to long for,渴望,VERB
Sekretär,secretary,秘书,NOUN
Sektor,sector,部门,NOUN
Selbstbetrug,self-deception,自欺,NOUN
selbstbewusst,self-confident,自信的,ADJ
Selbstvertrauen,self-confidence,自信,NOUN
Sender,transmitter,发射台,NOUN
sensibel,sensitive,敏感的,ADJ
Serienmörder,serial killer,连环杀手,NOUN
servieren,serve,上菜,VERB
Seufzen,sigh,叹息,NOUN
sexuell,sexual,性的,ADJ
sichern,secure,确保,VERB
sichergehen,make sure,确保,VERB
Sicherheitsdienst,security service,安保服务,NOUN
Sittenbild,moral portrait,道德写照,NOUN
Sklave,slave,奴隶,NOUN
Smaragd,emerald,祖母绿,NOUN
sofortig,immediate,立即的,ADJ
sogenannt,so-called,所谓的,ADJ
solange,as long as,只要,SCONJ
solch,such,这样的,DET
somit,thus,因此,ADV
sondergleichen,unparalleled,无与伦比的,ADJ
Sonderling,oddball,怪人,NOUN
sonnenklar,clear as day,一清二楚的,ADJ
Sonnenschein,sunshine,阳光,NOUN
Sorgerecht,custody,监护权,NOUN
Sorgfaltspflicht,duty of care,注意义务,NOUN
sorgfältig,careful,仔细的,ADJ
soviel,so much,那么多,DET
soweit,so far,到目前为止,ADV
sozial,social,社会的,ADJ
Soße,sauce,酱汁,NOUN
Spannung,tension,紧张,NOUN
spannungsvoll,exciting,激动人心的,ADJ
Spende,donation,捐款,NOUN
Spezialist,specialist,专家,NOUN
Spezialität,specialty,特产,NOUN
speziell,special,特别的,ADJ
Spielchen,game,小游戏,NOUN
Spielregel,game rule,游戏规则,NOUN
Spinne,spider,蜘蛛,NOUN
Spinner,eccentric person,怪人,NOUN
spinnen,to spin,纺纱,VERB
Spion,spy,间谍,NOUN
Sprecher,speaker,发言人,NOUN
sprengen,to blow up,炸毁,VERB
Sprengstoff,explosive,炸药,NOUN
Spurensicherung,forensic evidence collection,现场取证,NOUN
spätestens,at the latest,最迟,ADV
Staatsanwältin,female prosecutor,女检察官,NOUN
Staatsfeind,enemy of the state,国家公敌,NOUN
Stadion,stadium,体育场,NOUN
Stadtrat,city council,市议会,NOUN
Standpunkt,point of view,观点,NOUN
starr,stiff,僵硬的,ADJ
starren,to stare,凝视,VERB
stattdessen,instead,代替,ADV
stechen,to sting,刺,VERB
Stecker,plug,插头,NOUN
stets,always,总是,ADV
stillschweigend,tacitly,默不作声地,ADV
stilvoll,stylish,雅致的,ADJ
Stipendium,scholarship,奖学金,NOUN
Strafzettel,traffic ticket,罚单,NOUN
Strahl,beam,光束,NOUN
Streichmusik,string music,弦乐,NOUN
streifen,to graze,擦过,VERB
Streitfall,disputed case,争议案件,NOUN
strikt,strict,严格的,ADJ
strittig,disputed,有争议的,ADJ
Stöhnen,moan,呻吟,NOUN
stöhnen,to moan,呻吟,VERB
Störung,disturbance,干扰,NOUN
Stütze,support,支撑,NOUN
Subjekt,subject,主语,NOUN
Suche,search,搜索,NOUN
Summen,buzzing,嗡嗡声,NOUN
Summer,buzzer,蜂鸣器,NOUN
summen,to hum,哼唱,VERB
Sumpf,swamp,沼泽,NOUN
Surren,whirring,呼呼声,NOUN
sympathisch,likeable,讨人喜欢的,ADJ
Säbel,saber,军刀,NOUN
sämtlich,all,全部的,DET
Sänger,singer,歌手,NOUN
Säule,column,柱子,NOUN
süchtig,addicted,上瘾的,ADJ
Süße,sweetheart,甜心,NOUN
süßen,sweeten,使变甜,VERB
tabu,taboo,禁忌的,ADJ
Tafel,blackboard,黑板,NOUN
Tagebuch,diary,日记,NOUN
tagsüber,during the day,在白天,ADV
Tankstelle,gas station,加油站,NOUN
Tarif,tariff,费率,NOUN
Tatbestand,elements of an offense,构成要件,NOUN
Tausende,thousands,数千,NOUN
Taxifahrer,taxi driver,出租车司机,NOUN
Technik,technology,技术,NOUN
Technologie,technology,科技,NOUN
Teilnehmer,participant,参与者,NOUN
Telefonklingeln,telephone ringing,电话铃声,NOUN
Telefonnummer,telephone number,电话号码,NOUN
Telegramm,telegram,电报,NOUN
Tempel,temple,寺庙,NOUN
Testament,will,遗嘱,NOUN
Thron,throne,王座,NOUN
tief,deep,深的,ADJ
Tiefe,depth,深度,NOUN
Tiefpunkt,low point,最低点,NOUN
Tiefschlag,low blow,卑鄙手段,NOUN
Tierarzt,veterinarian,兽医,NOUN
Titel,title,标题,NOUN
Titelmusik,theme music,主题曲,NOUN
Titte,tit,乳房,NOUN
Tobsucht,rage,狂躁,NOUN
Todesangst,mortal fear,极度恐惧,NOUN
Todesursache,cause of death,死因,NOUN
top,great,极好的,ADJ
Topf,pot,锅,NOUN
tragisch,tragic,悲剧的,ADJ
Tragödie,tragedy,悲剧,NOUN
trauen,trust,信任,VERB
Treffpunkt,meeting point,集合地点,NOUN
Tresor,safe,保险箱,NOUN
Trompete,trumpet,小号,NOUN
trotzig,defiant,挑衅的,ADJ
Trugbild,illusion,幻觉,NOUN
Trugschluss,fallacy,谬误,NOUN
trübe,cloudy,阴沉的,ADJ
tschau,bye,再见,INTJ
tschuldigung,sorry,抱歉,INTJ
Tuch,cloth,布,NOUN
tugendhaft,virtuous,有德行的,ADJ
Turnier,tournament,锦标赛,NOUN
Tyrannei,tyranny,暴政,NOUN
Tänzer,dancer,舞者,NOUN
Türklingel,doorbell,门铃,NOUN
U-Bahn,subway,地铁,NOUN
Uhrzeit,time,时间,NOUN
Umarmung,hug,拥抱,NOUN
umdrehen,turn around,转身,VERB
umfangreich,extensive,广泛的,ADJ
Umfeld,environment,环境,NOUN
umgekehrt,vice versa,反之亦然,ADV
umlegen,fold over,翻折,VERB
Umschlag,envelope,信封,NOUN
umsehen,look around,环顾,VERB
umsetzen,implement,实施,VERB
Umwelt,environment,环境,NOUN
Umweltschutz,environmental protection,环境保护,NOUN
umwerfend,stunning,极好的,ADJ
Umzug,move,搬家,NOUN
unabhängig,independent,独立的,ADJ
unauffällig,inconspicuous,不引人注目的,ADJ
unbedeutend,insignificant,无意义的,ADJ
unberechenbar,unpredictable,不可预测的,ADJ
unbeschreiblich,indescribable,难以形容的,ADJ
unendlich,infinite,无限的,ADJ
unerwartet,unexpected,出乎意料的,ADJ
unfassbar,unbelievable,难以置信的,ADJ
ungerecht,unfair,不公平的,ADJ
ungern,reluctantly,不情愿地,ADV
Unglück,misfortune,不幸,NOUN
unheilvoll,ominous,不祥的,ADJ
unheimlich,scary,阴森的,ADJ
Uni,university,大学,NOUN
unklar,unclear,不清楚的,ADJ
unschlüssig,indecisive,犹豫不决的,ADJ
Unschuldige,innocent person,无辜者,NOUN
Unsinn,nonsense,胡说,NOUN
Unterhalt,maintenance,赡养费,NOUN
Unterhose,underpants,内裤,NOUN
Unterkunft,accommodation,住宿,NOUN
unternehmungslustig,enterprising,有事业心的,ADJ
unterschiedlich,different,不同的,ADJ
Untertitelung,subtitling,字幕,NOUN
Unterwäsche,underwear,内衣,NOUN
untröstlich,inconsolable,无法安慰的,ADJ
unverständlich,incomprehensible,不可理解的,ADJ
unwahrscheinlich,unlikely,不太可能的,ADJ
unwiderstehlich,irresistible,无法抗拒的,ADJ
unwissend,ignorant,无知的,ADJ
unwohl,unwell,不适的,ADJ
ups,oops,哎呀,INTJ
Urheber,originator,创作者,NOUN
ursprünglich,original,最初的,ADJ
Verabredung,appointment,约定,NOUN
Veranstaltung,event,活动,NOUN
verbrennen,burn,燃烧,VERB
verbrechen,commit,犯（罪）,VERB
verderben,spoil,损坏,VERB
Verdienst,merit,功绩,NOUN
verdoppeln,double,加倍,VERB
verdächtig,suspicious,可疑的,ADJ
Verdächtiger,suspect,嫌疑人,NOUN
verdächtigen,suspect,怀疑,VERB
vereinen,unite,联合,VERB
Verfassung,constitution,宪法,NOUN
verfluchen,curse,诅咒,VERB
verfügbar,available,可用的,ADJ
vergebens,in vain,徒劳,ADV
vergehen,pass away,流逝,VERB
vergeuden,waste,浪费,VERB
vergiften,poison,毒害,VERB
verhungern,starve,饿死,VERB
verhalten,behave,表现,VERB
Verhängnis,disaster,灾难,NOUN
verhören,interrogate,审讯,VERB
Verhörraum,interrogation room,审讯室,NOUN
verirren,get lost,迷路,VERB
verkehrt,wrong,错误的,ADJ
verkleiden,disguise,伪装,VERB
verklingen,fade away,消逝,VERB
Verkäufer,seller,售货员,NOUN
Verlass,reliance,信赖,NOUN
Verlobter,fiance,未婚夫,NOUN
vermasseln,screw up,搞砸,VERB
verniedlichen,to play down,淡化,VERB
Vernunft,reason,理性,NOUN
verpflichten,to commit,承诺,VERB
verpissen,to fuck off,滚蛋,VERB
verprügeln,to beat up,殴打,VERB
verreisen,to travel,旅行,VERB
versagen,to fail,失败,VERB
versammeln,to gather,聚集,VERB
Versammlung,assembly,集会,NOUN
verschieden,different,不同的,ADJ
verschlafen,to oversleep,睡过头,VERB
verschließen,to lock,锁上,VERB
verschlimmern,to worsen,恶化,VERB
verschlucken,to swallow,吞下,VERB
Verschluss,closure,关闭,NOUN
verschweigen,to keep secret,隐瞒,VERB
Verschwörung,conspiracy,阴谋,NOUN
versehentlich,accidentally,意外地,ADV
versetzen,to relocate,调动,VERB
verseuchen,to contaminate,污染,VERB
verspäten,be delayed,迟到,VERB
verspüren,feel,感觉,VERB
versterben,die,去世,VERB
verständlich,understandable,可理解的,ADJ
verstärken,reinforce,加强,VERB
Verteidiger,defender,防守者,NOUN
vertraulich,confidential,机密的,ADJ
vertraut,familiar,熟悉的,ADJ
vertreiben,distribute,分销,VERB
verunglücken,have an accident,遭遇意外,VERB
verwerflich,reprehensible,应受谴责的,ADJ
verwunden,wound,使受伤,VERB
verzaubern,enchant,使着迷,VERB
verzeihen,forgive,原谅,VERB
Verzug,delay,延误,NOUN
verängstigt,scared,害怕的,ADJ
verübeln,to take amiss,见怪,VERB
vibrieren,to vibrate,振动,VERB
vielmals,many times,多次,ADV
vielmehr,rather,反而,ADV
vierte,fourth,第四,ADJ
Viertelstunde,quarter of an hour,一刻钟,NOUN
violett,violet,紫色的,ADJ
Visum,visa,签证,NOUN
Vogelgezwitscher,birdsong,鸟鸣声,NOUN
Vogelzwitschern,birds chirping,鸟鸣,NOUN
Vollidiot,complete idiot,大傻瓜,NOUN
Volltreffer,direct hit,正中靶心,NOUN
vom,from the,从...的,ADP
voneinander,from each other,彼此,ADV
vorab,beforehand,预先,ADV
Vorahnung,premonition,预感,NOUN
voran,ahead,向前,ADV
vorbeikommen,to come over,顺道来访,VERB
vorbereitet,prepared,准备好的,ADJ
Vorbereitung,preparation,准备,NOUN
vorerst,for now,暂时,ADV
Vorfahren,ancestors,祖先,NOUN
Vorfall,incident,事件,NOUN
vorgehen,proceed,进行,VERB
Vorgesetzter,superior,上级,NOUN
vorgestern,the day before yesterday,前天,ADV
vorhanden,available,现有的,ADJ
Vorhang,curtain,窗帘,NOUN
Vorname,first name,名字,NOUN
Vorrat,supply,储备,NOUN
Vorschrift,regulation,规定,NOUN
Vorsitzender,chairman,主席,NOUN
Vorteil,advantage,优势,NOUN
Vorurteil,prejudice,偏见,NOUN
Vorwand,pretext,借口,NOUN
Vorwurf,reproach,责备,NOUN
vorüber,over,过去,ADV
Wachmann,security guard,保安,NOUN
wachen,watch over,看守,VERB
Wade,calf,小腿,NOUN
Wahnsinniger,madman,疯子,NOUN
wahren,preserve,维护,VERB
Wankelmut,fickleness,反复无常,NOUN
weben,weave,编织,VERB
Wechsel,change,变化,NOUN
wecken,wake up,叫醒,VERB
Wecker,alarm clock,闹钟,NOUN
weg,away,离开,ADV
weggehen,go away,离开,VERB
weglaufen,run away,逃跑,VERB
wegwerfen,throw away,扔掉,VERB
Weib,woman,女人,NOUN
weiblich,female,女性的,ADJ
Weichei,wimp,懦夫,NOUN
Weihnachtsbaum,Christmas tree,圣诞树,NOUN
Weihnachtsmann,Santa Claus,圣诞老人,NOUN
weitergehen,to move on,继续,VERB
weiterleben,to live on,继续生活,VERB
weitermachen,to carry on,继续,VERB
weltberühmt,world-famous,世界闻名的,ADJ
werben,to advertise,做广告,VERB
Werft,shipyard,造船厂,NOUN
Werkzeug,tool,工具,NOUN
wesentlich,essential,本质的,ADJ
Weste,vest,背心,NOUN
weswegen,why,为何,ADV
Wette,bet,打赌,NOUN
wetten,to bet,打赌,VERB
Wichtiges,important thing,重要的事,NOUN
wider,against,反对,ADP
wiedergutmachen,make amends,弥补,VERB
wiederhaben,have back,重新拥有,VERB
wiederholt,repeated,反复的,ADJ
wiederkommen,come back,回来,VERB
Wiehern,neigh,马嘶,NOUN
wiehern,neigh,嘶鸣,VERB
wieviel,how much,多少,ADV
Wilde,wild ones,野蛮人,NOUN
Wildnis,wilderness,荒野,NOUN
wimmern,whimper,呜咽,VERB
Windel,diaper,尿布,NOUN
Winkel,angle,角,NOUN
winzig,tiny,微小的,ADJ
Wirt,host,店主,NOUN
Wodka,vodka,伏特加,NOUN
wofür,for what,为了什么,ADV
Wohlbefinden,well-being,健康,NOUN
Wohltäter,benefactor,恩人,NOUN
woran,what,什么,ADV
Wortbruch,breach of promise,违约,NOUN
Wrack,wreck,残骸,NOUN
wunderschön,beautiful,极美的,ADJ
Wurf,throw,投掷,NOUN
Wurm,worm,蠕虫,NOUN
Wurzel,root,根,NOUN
Wächter,guard,守卫,NOUN
Wärme,warmth,温暖,NOUN
Wärter,warden,看守人,NOUN
würdig,worthy,值得的,ADJ
Wüste,desert,沙漠,NOUN
Yogapraxis,yoga practice,瑜伽练习,NOUN
Zehe,toe,脚趾,NOUN
Zeichnung,drawing,图画,NOUN
Zeitplan,schedule,时间表,NOUN
Zeitverschwendung,waste of time,浪费时间,NOUN
zerbrechen,to shatter,粉碎,VERB
Zerrbild,distorted image,扭曲的形象,NOUN
zerreißen,to tear,撕裂,VERB
Zertifikat,certificate,证书,NOUN
Zeug,stuff,东西,NOUN
zielen,to aim,瞄准,VERB
Zins,interest,利息,NOUN
Zirkel,compass,圆规,NOUN
Zischen,hiss,嘶嘶声,NOUN
zittern,to tremble,颤抖,VERB
Zivilisation,civilization,文明,NOUN
Zoll,customs,海关,NOUN
Untoter,undead,不死生物,NOUN
zuckend,twitching,抽搐的,ADJ
zufolge,according to,根据,ADP
zugleich,at the same time,同时,ADV
zukünftig,future,未来的,ADJ
zuliebe,for the sake of,为了,ADP
Zuneigung,affection,喜爱,NOUN
zungenfertig,glib,伶牙俐齿的,ADJ
zurzeit,currently,目前,ADV
zurückgehen,go back,回去,VERB
zurückholen,retrieve,取回,VERB
zusammenhalten,hold together,团结,VERB
Zuschauer,spectator,观众,NOUN
zusehen,watch,观看,VERB
zuständig,responsible,负责的,ADJ
Zutat,ingredient,配料,NOUN
Zutritt,access,进入,NOUN
zuverlässig,reliable,可靠的,ADJ
Zuversicht,confidence,信心,NOUN
Zwangsjacke,straitjacket,拘束衣,NOUN
Zweckentfremdung,misappropriation,挪用,NOUN
zweite,second,第二,ADJ
zweitens,secondly,其次,ADV
Zwerg,dwarf,矮人,NOUN
zwischenmenschlich,interpersonal,人际的,ADJ
Ächzen,groan,呻吟,NOUN
ängstlich,anxious,焦虑的,ADJ
Ärger,trouble,麻烦,NOUN
Ärmel,sleeve,袖子,NOUN
Arsch,ass,屁股,NOUN
überdenken,to reconsider,重新考虑,VERB
Überdosis,overdose,过量,NOUN
überein,in agreement,一致,ADV
überfahren,to run over,碾过,VERB
überheblich,arrogant,傲慢的,ADJ
überholen,to overtake,超车,VERB
Überlegung,consideration,考虑,NOUN
übermorgen,the day after tomorrow,后天,ADV
übermäßig,excessive,过度的,ADJ
überschätzen,to overestimate,高估,VERB
übersetzen,to translate,翻译,VERB
Überwachung,monitoring,监控,NOUN
überwältigen,to overwhelm,压倒,VERB
Übliches,usual thing,惯例,NOUN
sein,to be,是,VERB
Blei,lead,铅,NOUN
Drehung,turn,转弯,NOUN
Türsteher,doorman,门卫,NOUN
Wasserglas,drinking glass,水杯,NOUN
Büroarbeit,office work,办公室工作,NOUN
Zugfahrt,train ride,火车旅程,NOUN
Rechen,rake,耙子,NOUN
Ahne,ancestor,祖先,NOUN
Gelenk,joint,关节,NOUN
Flicken,patch,补丁,NOUN
Masseur,masseur,按摩师,NOUN
Pate,godfather,教父,NOUN
Schulbank,school bench,课桌,NOUN
Dackel,dachshund,腊肠犬,NOUN
Umhang,cloak,斗篷,NOUN
Leinen,linen,线麻,NOUN
Kraut,herb,草药,NOUN
himmelblau,sky blue,天蓝色,ADJ
Bord,board,甲板,NOUN
Adliger,nobleman,贵族,NOUN
Edelmann,nobleman,贵族,NOUN
Frische,freshness,新鲜,NOUN
Hoheit,highness,殿下,NOUN
langen,to suffice,足够,VERB
Pater,father,神父,NOUN
Feldwebel,sergeant,中士,NOUN
Steig,path,小路,NOUN
Stimmengewirr,babble of voices,嘈杂的人声,NOUN
verdammen,to damn,诅咒,VERB
ächzen,to groan,呻吟,VERB
gesunden,to recover,康复,VERB
Aufschlag,serve,发球,NOUN
Süßer,sweetie,甜心,NOUN
Süßes,sweets,甜食,NOUN
anlügen,to lie to,对...撒谎,VERB
Müller,miller,磨坊主,NOUN
Schlimme,bad thing,坏事,NOUN
Schlimmes,bad thing,坏事,NOUN
Schlimmste,worst thing,最坏的事,NOUN
unterschrieben,signed,已签署的,ADJ
unterstützt,supported,受支持的,ADJ
untersucht,investigated,被调查的,ADJ
verbracht,spent,度过的,ADJ
verbrannt,burned,烧焦的,ADJ
verdammtes,damn,该死的,ADJ
Hündin,bitch,母狗,NOUN
drum,therefore,因此,ADV
hinweg,across,越过,ADV
Kehle,throat,喉咙,NOUN
Kutsche,carriage,马车,NOUN
Vieh,cattle,牲畜,NOUN
wehe,woe,唉,INTJ
fortfahren,to continue,继续,VERB
Hauptgrund,main reason,主要原因,NOUN
Autopsie,autopsy,尸检,NOUN
Biest,beast,野兽,NOUN
Desoxyribonukleinsäure,DNA,脱氧核糖核酸,NOUN
Elfer,penalty kick,十一,NOUN
Engelsschar,host of angels,天使群,NOUN
Finsternis,darkness,黑暗,NOUN
Fürst,prince,亲王,NOUN
Gabe,gift,礼物,NOUN
Graf,count,伯爵,NOUN
Gräfin,countess,女伯爵,NOUN
heiligen,to sanctify,使神圣,VERB
hervor,forth,向前,ADV
Januarabend,January evening,一月晚上,NOUN
Kamerad,comrade,同志,NOUN
Karre,cart,手推车,NOUN
Knarre,gun,枪,NOUN
Kripo,detective force,刑警,NOUN
Leib,body,身体,NOUN
Leutnant,lieutenant,中尉,NOUN
Oberst,colonel,上校,NOUN
Ruder,oar,桨,NOUN
Spezies,species,物种,NOUN
Tarnung,disguise,伪装,NOUN
Visier,visor,面罩,NOUN
Widersacher,adversary,对手,NOUN
Zorn,wrath,愤怒,NOUN
behüten,to protect,保护,VERB
beipflichten,to agree with,赞同,VERB
beisetzen,to bury,安葬,VERB
bersten,to burst,破裂,VERB
beschreiten,to tread,踏上,VERB
erahnen,to sense,隐约感到,VERB
erliegen,to succumb,屈服,VERB
erringen,to win,赢得,VERB
gebieten,to command,命令,VERB
gegenzeichnen,to countersign,会签,VERB
geizen,to stint,吝啬,VERB
gedeihen,to thrive,茁壮成长,VERB
lodern,to blaze,燃烧,VERB
preisen,to praise,赞扬,VERB
rühmen,to praise,称赞,VERB
schreiten,to stride,迈步,VERB
tilgen,to erase,抹去,VERB
walten,to prevail,统治,VERB
weihen,to consecrate,奉献,VERB
wittern,to scent,嗅出,VERB
wogen,to surge,汹涌,VERB
zieren,to adorn,装饰,VERB
zollen,to pay,致敬,VERB
Anmut,grace,优雅,NOUN
Denkart,way of thinking,思维方式,NOUN
Genugtuung,satisfaction,满足,NOUN
Gesetzmäßigkeit,regularity,规律性,NOUN
beredt,eloquent,雄辩的,ADJ
bildhaft,vivid,形象化的,ADJ
abberufen,to recall from office,免职,VERB
abbetteln,to wheedle out of,死缠索得,VERB
abbinden,to set and harden,凝固硬化,VERB
abdichten,to seal off,密封,VERB
Abenteuerdrang,thirst for adventure,冒险冲动,NOUN
aberkennen,to strip by legal ruling,裁定剥夺,VERB
Abglanz,reflected radiance,余晖映照,NOUN
Abhang,slope and incline,山坡,NOUN
abhorchen,to monitor by listening in,监听窃听,VERB
abkommandieren,to detach on assignment,调派,VERB
ablängen,to cut to length,按长切割,VERB
Abmahnung,formal warning,警告通知,NOUN
abnötigen,to extort from someone,强求索取,VERB
abordnen,to delegate,派遣,VERB
abrüsten,to disarm militarily,裁减军备,VERB
Abrüstung,disarmament,军备裁减,NOUN
Abschreckungspolitik,policy of deterrence,威慑政策,NOUN
Abstoßungsreaktion,rejection reaction,排异反应,NOUN
abstützen,to prop up,支撑加固,VERB
abtrotzen,to wrest from by defiance,强行索得,VERB
abzwingen,to extort by force,强逼榨取,VERB
adsorbieren,to adsorb,吸附,VERB
Affektregulation,emotional regulation,情绪调节,NOUN
ahnden,to punish an offense,惩办,VERB
Ahndung,punishment of an offense,惩处,NOUN
Akademisierung,academization,学术化,NOUN
Akkordfolge,chord progression,和弦进行,NOUN
Aktenlage,state of the case files,案卷情况,NOUN
Aktenzeichen,file reference number,案卷编号,NOUN
Akzentuierung,accentuation,重音处理,NOUN
amtieren,to hold office,任职,VERB
Amtsdeutsch,officialese,公文德语,NOUN
Amtsgericht,local court,地方法院,NOUN
Amtssprache,official language,官方语言,NOUN
Amtszeit,term of office,任期,NOUN
anberaumen,to schedule a meeting,安排召开,VERB
Anbiederung,obsequious familiarity,讨好姿态,NOUN
anfasen,to bevel an edge,倒角,VERB
Anfechtbarkeit,contestability,可争议性,NOUN
Anfechtung,formal challenge,提出异议,NOUN
anheischen,to demand as entitlement,索取,VERB
Anion,anion,阴离子,NOUN
Ankauf,outright purchase,收购购入,NOUN
Ankläger,prosecutor,公诉人,NOUN
Anlageberatung,investment advisory,投资咨询,NOUN
Anlagestruktur,asset structure,资产结构,NOUN
anlasten,to pin blame on,归罪于,VERB
anmaßen,to arrogate,僭越自命,VERB
anmerken,to remark,补充评论,VERB
Anmutung,overall impression,观感氛围,NOUN
Anpressdruck,contact pressure,接触压力,NOUN
Anschaulichkeit,vividness,生动性,NOUN
Anschlussgleis,rail siding,铁路岔线,NOUN
Anschubfinanzierung,seed financing,启动资金,NOUN
ansinnen,to demand unreasonably of,无理强求,VERB
Anspruchsdenken,attitude of entitlement,理所应得心态,NOUN
anstacheln,to goad on,煽动刺激,VERB
Anstandsgefühl,sense of propriety,礼仪感,NOUN
Antagonist,antagonist,反派,NOUN
Antriebswelle,drive shaft,传动轴,NOUN
Anwerbung,recruitment drive,招募延揽,NOUN
Aphorismus,aphorism,格言,NOUN
Apokalyptik,apocalyptic thought,启示论,NOUN
Apparatebau,apparatus engineering,仪器制造,NOUN
approximieren,to approximate,逼近,VERB
Arbeitsgericht,labor court,劳动法院,NOUN
Arbeitsgerät,work tool,劳动工具,NOUN
Arbeitsgerüst,work scaffold,施工脚手架,NOUN
Arbeitsverweigerung,refusal to work,消极怠工,NOUN
Arbeitszeugnis,letter of reference,工作证明,NOUN
Archivbestand,holdings of an archive,馆藏档案,NOUN
Argumentationsgang,progression of argument,论证进程,NOUN
Argumentationslinie,line of argumentation,论证思路,NOUN
argwöhnen,to harbor dark suspicions,暗自猜疑,VERB
Armierung,reinforcement,钢筋加固,NOUN
Armutsgefährdung,risk of poverty,贫困风险,NOUN
Arrest,custody,羁押,NOUN
Artenschwund,loss of species,物种消减,NOUN
assozieren,to associate,联想,VERB
Astrophysik,astrophysics,天体物理学,NOUN
Atemnot,shortness of breath,呼吸急促,NOUN
Atommüll,nuclear waste,核废料,NOUN
attribuieren,to attribute,归属标注,VERB
Aufarbeitung,working through the past,反思清算,NOUN
Aufbauhilfe,aid for reconstruction,重建援助,NOUN
aufbauschen,to puff up out of proportion,言过其实,VERB
aufgreifen,to take up a topic,接续展开,VERB
aufkaufen,to buy up,收购,VERB
aufkohlen,to carburize,渗碳,VERB
Auflösungserscheinung,symptoms of disintegration,解体征兆,NOUN
Aufmarsch,massive deployment,集结列阵,NOUN
Aufschluss,insight and disclosure,洞悉了解,NOUN
Auftakt,upbeat,弱起小节,NOUN
Aufwallung,uprush of feeling,情绪上涌,NOUN
Aufwertung,revaluation,升值,NOUN
Aufzugsschacht,elevator shaft,电梯井,NOUN
auktionieren,to auction off,拍卖,VERB
ausagieren,to act out,付诸行动,VERB
Ausbund,supreme example of a trait,出类拔萃者,NOUN
Ausdrucksvermögen,powers of expression,表达能力,NOUN
Ausdrucksweise,mode of expression,表达方式,NOUN
Auseinanderdriften,growing apart,渐行渐远,NOUN
ausforschen,to ferret out,查探清楚,VERB
Ausgewogenheit,balance,均衡性,NOUN
Ausgleichszahlung,equalization payment,补偿金,NOUN
ausglühen,to anneal metal,退火,VERB
aushärten,to cure fully,充分固化,VERB
ausklammern,to leave aside,暂且排除,VERB
ausklinken,to disengage a latch,脱扣释放,VERB
Auskunftsrecht,right to information,知情权,NOUN
Auslassung,omission,省略,NOUN
ausmanövrieren,to outmaneuver,智取挫败,VERB
ausmerzen,to weed out,剔除,VERB
Ausnahmeerscheinung,exceptional phenomenon,非凡奇才,NOUN
Ausnahmezustand,state of emergency,紧急状态,NOUN
ausradieren,to erase utterly,抹除,VERB
ausreizen,to exhaust the potential of,用到极限,VERB
Ausschlussverfahren,process of elimination,排除法,NOUN
Ausschreibungsverfahren,procurement procedure,招标程序,NOUN
Ausschussquote,reject rate,次品率,NOUN
Ausschussware,defective goods,次品,NOUN
ausschütten,to pay out dividends,分红,VERB
Ausschüttung,distribution of profits,利润分配,NOUN
Aussonderung,sifting out,剔除淘汰,NOUN
ausstaffieren,to deck out lavishly,装点打扮,VERB
Aussteifung,structural bracing,结构加固,NOUN
Außenbeitrag,net exports,外贸净额,NOUN
avisieren,to notify an intended move,知会预告,VERB
Bagatellfall,trivial case,琐案,NOUN
Bahndamm,railroad embankment,铁路路基,NOUN
Baisse,bear market,熊市,NOUN
Bann,magical ban,魔咒禁制,NOUN
bannen,to bind as if by a spell,摄住镇住,VERB
Bauschutt,construction rubble,建筑渣土,NOUN
Baustoff,building material,建筑材料,NOUN
Bauvorhaben,construction project,建造项目,NOUN
Beamtenlaufbahn,civil service career,公务员仕途,NOUN
Bedenkenträger,habitual doubter,多虑者,NOUN
beeidigen,to put under oath,使宣誓,VERB
beengen,to constrict,使局促受限,VERB
Beengtheit,constrictedness,局促压抑,NOUN
befeinden,to be hostile to,敌视,VERB
Befindlichkeit,state of feeling,身心状态,NOUN
befleißigen,to practice diligently,勤勉施行,VERB
Begabtenförderung,support for the gifted,英才资助,NOUN
Begebenheit,happening,事件经历,NOUN
Begehrlichkeit,covetousness,贪求,NOUN
Begrifflichkeit,conceptual formulation,概念表达,NOUN
Begriffsbestimmung,definition of a term,概念界定,NOUN
Begriffsbildung,concept formation,概念形成,NOUN
Begriffsverwirrung,conceptual confusion,概念混乱,NOUN
Behagen,feeling of ease,舒适惬意,NOUN
Bekanntgabe,official announcement,正式公布,NOUN
Beklemmung,feeling of oppression,压抑不安,NOUN
bekritteln,to carp at,吹毛求疵,VERB
bekräftigen,to reaffirm,重申,VERB
bekränzen,to wreathe,戴上花环,VERB
Bekundung,declaration,表明宣示,NOUN
Belagerungszustand,state of siege,围困状态,NOUN
Belastungsgrenze,load capacity limit,承载极限,NOUN
belauern,to keep under covert watch,窥伺监视,VERB
Belegschaft,workforce,全体员工,NOUN
Beleihung,lending against collateral,抵押放贷,NOUN
Belesenheit,erudition from reading,博览群书,NOUN
Belüftungsschacht,ventilation shaft,通风井,NOUN
bemänteln,to paper over,掩盖粉饰,VERB
beratschlagen,to deliberate together,磋商合计,VERB
Beratungsresistenz,resistance to advice,听不进劝,NOUN
Bereicherungsabsicht,intent to enrich oneself,牟利意图,NOUN
bereinigen,to clear up and settle,清理整顿,VERB
Bergbaufolgelandschaft,post-mining landscape,矿区遗痕地貌,NOUN
Bergschaden,mining damage,采矿损害,NOUN
Berufungsverfahren,appeal proceedings,上诉程序,NOUN
Besatzer,occupier,占领者,NOUN
Besatzungsmacht,occupying power,占领国,NOUN
Beschlagnahmung,seizure,查抄扣押,NOUN
Beschäftigungsprogramm,job creation program,就业促进计划,NOUN
besolden,to remunerate an official,发放薪俸,VERB
Bestechungsaffäre,bribery scandal,受贿丑闻,NOUN
Bestenauslese,selection of the best,择优遴选,NOUN
Bestückung,assembly of components,元件装配,NOUN
betiteln,to give a title to,命名题署,VERB
Betriebsvereinbarung,works agreement,劳资协议,NOUN
Betriebsvermögen,business assets,经营资产,NOUN
Betriebsübergang,transfer of a business,企业易主,NOUN
Betrübnis,sorrow,忧伤心事,NOUN
Betäubungsmittel,narcotic drug,麻醉药品,NOUN
betören,to bewitch and beguile,迷惑蛊惑,VERB
Beugehaft,coercive detention,强制拘留,NOUN
beurkunden,to notarize,公证,VERB
Beurkundung,notarization,公证,NOUN
bevorraten,to stockpile,储备,VERB
Bewandtnis,nature and circumstances,来龙去脉,NOUN
Bewegungsapparat,musculoskeletal system,运动系统,NOUN
Bewegungslehre,study of movement,运动学,NOUN
Beweisaufnahme,taking of evidence,证据调查,NOUN
Beweisführung,line of proof,论证,NOUN
Beweiskette,chain of evidence,证据链,NOUN
Beweislast,burden of proof,举证责任,NOUN
bewirtschaften,to manage and farm,经营管理,VERB
Bewusstseinsinhalt,content of consciousness,意识内容,NOUN
Bewusstseinsstörung,disorder of consciousness,意识障碍,NOUN
Bewusstseinswandel,change of consciousness,意识转变,NOUN
Bewährtheit,proven reliability,经得起考验,NOUN
Bewährungsfrist,probation period,考验期,NOUN
bezichtigen,to accuse,指控,VERB
Bezichtigung,accusation,指控,NOUN
Beziehungsgeflecht,web of relationships,关系网,NOUN
beziffern,to state as a figure,报出数字,VERB
bezuschussen,to subsidize with a grant,资助,VERB
Biegefestigkeit,bending strength,抗弯强度,NOUN
Bienensterben,bee die-off,蜜蜂消亡,NOUN
Bilanzbetrug,balance sheet fraud,财务造假,NOUN
bilanzieren,to draw up a balance sheet,编制决算,VERB
Bilanzierung,balance sheet preparation,编制决算,NOUN
Bildhaftigkeit,pictorial quality,形象性,NOUN
Bildungsauftrag,educational mandate,教育使命,NOUN
Bildungsbürgertum,educated middle class,知识市民阶层,NOUN
Bildungsrückstand,educational deficit,教育欠账,NOUN
Billigung,tacit approval,默许认可,NOUN
Biomasseverbrennung,biomass combustion,生物质燃烧,NOUN
Bionik,bionics,仿生学,NOUN
Biotopschutz,biotope protection,栖息地保护,NOUN
Bitternis,bitterness,苦涩滋味,NOUN
Bittgesuch,petition,请愿书,NOUN
Blitzfeldzug,lightning campaign,闪电战役,NOUN
bloßstellen,to expose publicly,使出丑,VERB
Blutkomponente,blood component,血液成分,NOUN
Blutrausch,blood frenzy,嗜血狂热,NOUN
Blutspende,blood donation,献血,NOUN
Bodenerosion,soil erosion,水土流失,NOUN
Bodenprobe,soil sample,土壤样本,NOUN
Bodenständigkeit,down-to-earthness,脚踏实地,NOUN
Bodenversiegelung,soil sealing,土壤硬化封闭,NOUN
Bohrkern,drill core,岩芯,NOUN
Bonität,creditworthiness,信用度,NOUN
Brandabschnitt,fire compartment,防火分区,NOUN
Brandrodung,slash-and-burn clearing,刀耕火种,NOUN
Brandschutzmaßnahme,fire protection measure,消防措施,NOUN
Brandstifter,arsonist,纵火犯,NOUN
Bravour,brilliance of performance,精湛技艺,NOUN
Brennelemente,fuel elements,核燃料组件,NOUN
Brennkammer,combustion chamber,燃烧室,NOUN
Brennofen,kiln,窑炉,NOUN
Brennpunkt,focal point,焦点,NOUN
Brüskierung,brusque rebuff,粗暴回绝,NOUN
budgetieren,to budget,编制预算,VERB
Bußgeldbescheid,fine notice,罚款决定书,NOUN
bändigen,to subdue,驯服约束,VERB
Bühnenfassung,stage version,舞台版本,NOUN
Bühnentechnik,stage technology,舞台技术,NOUN
Bündnisfall,collective defense event,共同防御情形,NOUN
Bündnispflicht,alliance obligation,同盟义务,NOUN
Bürgerbegehren,citizen petition,公民请愿,NOUN
Bürgerentscheid,local referendum,公民表决,NOUN
Bürokratismus,bureaucratism,官僚主义,NOUN
Containerterminal,container terminal,集装箱码头,NOUN
Containerumschlag,container handling,集装箱转运,NOUN
Dampfturbine,steam turbine,汽轮机,NOUN
darlegen,to set forth,阐述,VERB
Darmspiegelung,colonoscopy,结肠镜检查,NOUN
Datenaufkommen,volume of data,数据量,NOUN
Dauerzustand,permanent state,长期状态,NOUN
deckeln,to cap,限制上限,VERB
Deckungsbeitrag,contribution margin,边际收益,NOUN
Deduktion,deduction,演绎法,NOUN
deduzieren,to deduce,演绎,VERB
Dekret,decree,法令,NOUN
dekretieren,to decree,下令,VERB
Delikt,offense,违法行为,NOUN
dementieren,to officially deny,辟谣,VERB
Demobilisierung,demobilization,复员遣散,NOUN
Denkakt,act of thinking,思维活动,NOUN
Denkansatz,starting point of thought,思维切入点,NOUN
Denkfigur,conceptual figure,思维模式,NOUN
Denkfähigkeit,capacity for thinking,思考能力,NOUN
Denkmalpflege,heritage care,古迹维护,NOUN
Denkmalschutz,monument protection,文物古迹保护,NOUN
Denkmüdigkeit,mental fatigue,思维疲惫,NOUN
Denkverbot,prohibition on thinking,思想禁锢,NOUN
Denkvermögen,capacity for thought,思维能力,NOUN
Denkzettel,salutary lesson,教训提醒,NOUN
Deutschtümelei,Germanomania,德意志狂热,NOUN
Deutungsmuster,pattern of interpretation,解读模式,NOUN
Devisenbewirtschaftung,currency controls,外汇管制,NOUN
Diagnoseirrtum,diagnostic error,诊断失误,NOUN
Diagnostik,diagnostics,诊断学,NOUN
Dialektologie,dialectology,方言学,NOUN
Dialogführung,dialogue management,对话编排,NOUN
Dialyse,dialysis,透析,NOUN
Dichtungsmasse,sealing compound,密封材料,NOUN
Dichtungsring,sealing ring,密封圈,NOUN
Dienstaufsicht,official supervision,行政监督,NOUN
Dienstbarkeit,servitude,隶属关系,NOUN
Dienstweg,official channels,公务程序,NOUN
Diesseits,this world,此世,NOUN
Differenziertheit,differentiation,细致入微,NOUN
Dirigismus,state interventionism,国家干预主义,NOUN
Diskurs,discourse,话语讨论,NOUN
Dispens,exemption,豁免,NOUN
disponieren,to manage available funds,调度资金,VERB
Disput,dispute,争辩,NOUN
Distanzstück,spacer piece,间隔垫块,NOUN
Disziplinarverfahren,disciplinary proceedings,纪律审查程序,NOUN
Dockanlage,dock facility,船坞设施,NOUN
Dogmatisierung,dogmatization,教条化,NOUN
Doppelgriff,double stop,双音奏法,NOUN
dozieren,to lecture,讲授,VERB
Dramaturg,dramaturge,戏剧顾问,NOUN
Drangsal,affliction,困苦磨难,NOUN
Drehkreuz,turnstile,旋转闸门,NOUN
Drehmoment,torque,扭矩,NOUN
Dreistigkeit,impertinence,厚颜无耻,NOUN
drosseln,to throttle,缩减,VERB
Druckbehälter,pressure vessel,压力容器,NOUN
Druckminderer,pressure reducer,减压阀,NOUN
Durchführungsbestimmung,implementation provision,实施细则,NOUN
Durchführungsverordnung,implementing regulation,实施条例,NOUN
Durchsetzungskraft,power to enforce,贯彻执行力,NOUN
Dämmerlicht,twilight light,暮色微光,NOUN
Dämmschicht,insulating layer,隔热层,NOUN
Dünndarmspiegelung,small intestine examination,小肠镜检查,NOUN
Düsenantrieb,jet propulsion,喷气推进,NOUN
Düsterkeit,gloomy darkness,阴森暗淡,NOUN
Ehelosigkeit,celibacy,独身,NOUN
Eidesformel,form of the oath,誓词,NOUN
Eigendünkel,self-conceit,自视过高,NOUN
Eigenkapitalquote,equity ratio,自有资本率,NOUN
Eilantrag,emergency motion,紧急申请,NOUN
Eilverfahren,summary proceedings,简易程序,NOUN
eindampfen,to boil down,浓缩,VERB
Eindampfung,evaporative concentration,蒸发浓缩,NOUN
einfordern,to demand payment,催讨,VERB
Eingemeindung,municipal incorporation,并镇设区,NOUN
einkalkulieren,to factor in,纳入考量,VERB
Einkommensgefälle,income gap,收入差距,NOUN
einlenken,to back down,妥协让步,VERB
Einreisebeschränkung,entry restriction,入境限制,NOUN
Einsatzbereitschaft,readiness to commit,投入意愿,NOUN
Einstellungswandel,change of attitude,态度转变,NOUN
einstreichen,to pocket money,捞取,VERB
Einstufung,classification,评定归类,NOUN
Einsturzgefahr,collapse hazard,坍塌危险,NOUN
eintreiben,to collect debts,催收,VERB
einwerben,to raise funds,筹措,VERB
Einziehung,confiscation,没收,NOUN
Einöde,deserted wasteland,荒凉之地,NOUN
Eisenmangel,iron deficiency,缺铁,NOUN
Elektrochemie,electrochemistry,电化学,NOUN
Elfenbeinturm,ivory tower,象牙塔,NOUN
Eliteuniversität,elite university,精英大学,NOUN
Eloxalverfahren,anodizing process,阳极氧化工艺,NOUN
Elution,elution,洗脱,NOUN
Emaillierung,enameling,上釉搪瓷,NOUN
Emissionssenkung,reduction of emissions,减排,NOUN
emotionalisieren,to emotionally charge,煽动情绪,VERB
Emotionslosigkeit,unemotionality,情感缺失,NOUN
Empathiefähigkeit,empathic ability,共情能力,NOUN
Empathievermögen,capacity for empathy,共情能力,NOUN
Empfindsamkeit,sensibility,善感,NOUN
Empirie,empirical evidence,经验依据,NOUN
Empiriker,empiricist,经验主义者,NOUN
Empörungswelle,wave of outrage,抗议浪潮,NOUN
Endlagersuche,search for a final repository,处置库选址,NOUN
Endlagerung,final storage of waste,最终处置存放,NOUN
Energieeffizienz,energy efficiency,能源效率,NOUN
Energieumsatz,energy turnover,能量代谢,NOUN
Energieverbrauch,energy consumption,能耗,NOUN
Energieverlust,energy loss,能量损耗,NOUN
entbrennen,to flare up,骤然爆发,VERB
Entfesselung,unleashing,挣脱释放,NOUN
Entfremdungserfahrung,experience of alienation,疏离体验,NOUN
entgegnen,to retort,反驳,VERB
entgraten,to deburr,去毛刺,VERB
Enthaltung,abstention,弃权,NOUN
entkernen,to remove the core of,去核掏空,VERB
entlohnen,to remunerate,支付报酬,VERB
entminen,to clear mines from,排雷,VERB
entraten,to dispense with,舍弃不用,VERB
enträtseln,to unravel a mystery,解谜,VERB
entrücken,to rapture away,使出神忘我,VERB
entrümpeln,to clear out clutter,清空杂物,VERB
entsagen,to renounce,舍弃断绝,VERB
Entscheidungsbefugnis,decision-making authority,决策权,NOUN
Entscheidungsspielraum,discretionary leeway,裁量余地,NOUN
entschlafen,to pass away in sleep,溘然长逝,VERB
Entschädigungsfonds,compensation fund,赔偿基金,NOUN
Entschädigungszahlung,compensation payment,赔偿款,NOUN
entsiegeln,to unseal a surface,恢复透水地面,VERB
Entstaatlichung,denationalization,非国有化,NOUN
entstammen,to descend from,源出于,VERB
entsäuern,to reduce acidity,脱酸,VERB
entsühnen,to expiate,赎罪,VERB
Entwicklungshilfe,development aid,发展援助,NOUN
Entwicklungszusammenarbeit,development cooperation,发展合作,NOUN
Entwässerungsgraben,drainage ditch,排水沟,NOUN
entzweien,to set at odds,使不睦,VERB
Epidemiologie,epidemiology,流行病学,NOUN
Epilog,epilogue,尾声,NOUN
Erbbaurecht,hereditary building right,土地使用权,NOUN
Erbfeind,hereditary enemy,宿敌,NOUN
Erbfeindschaft,hereditary enmity,世仇,NOUN
Erbgut,hereditary material,遗传物质,NOUN
Erbkrankheit,hereditary disease,遗传病,NOUN
Erbmonarchie,hereditary monarchy,世袭君主制,NOUN
Erbschaftsteuer,inheritance tax,遗产税,NOUN
Erdanziehungskraft,gravitational pull,地球引力,NOUN
Erdrotation,earth rotation,地球自转,NOUN
Erdzeitalter,geological age,地质年代,NOUN
erflehen,to implore desperately,哀求恳请,VERB
Ergebnislosigkeit,fruitlessness,毫无结果,NOUN
Ergriffenheit,being deeply moved,深受触动,NOUN
ergrübeln,to puzzle out by hard thinking,苦思推究,VERB
Ergründung,probing inquiry,探究,NOUN
Erkenntnistheorie,epistemology,认识论,NOUN
erklimmen,to scale and climb,攀登上,VERB
erlauschen,to overhear,窃听获悉,VERB
erlegen,to bring down prey,猎获,VERB
erlesen,to select with great care,精心遴选,VERB
Erläuterung,explanation,阐释说明,NOUN
ermessen,to gauge and assess,估量权衡,VERB
Ermessensspielraum,margin of discretion,自由裁量空间,NOUN
Ermittlungsverfahren,investigative proceedings,侦查程序,NOUN
ermuntern,to encourage,鼓励振作,VERB
Ernennung,appointment to office,任命,NOUN
Ernennungsurkunde,letter of appointment,委任状,NOUN
Ernteausfall,crop failure,歉收,NOUN
Eroberungskrieg,war of conquest,征服战争,NOUN
Erosionsschutz,erosion protection,防侵蚀,NOUN
erquicken,to restore and refresh,使恢复清爽,VERB
Erregtheit,state of agitation,激动状态,NOUN
Erregungszustand,state of excitation,激越状态,NOUN
Ersatzleistung,compensatory service,替代给付,NOUN
erschürfen,to prospect for,勘探采掘,VERB
Erstarkung,growing strength,崛起壮大,NOUN
Erstattungsanspruch,claim for reimbursement,退款请求权,NOUN
ersteigern,to acquire at auction,拍卖购得,VERB
erstreiten,to obtain through litigation,诉讼取得,VERB
ertasten,to feel one's way to,摸索探明,VERB
Ertragserwartung,profit expectation,收益预期,NOUN
erwehren,to ward off,抵御摆脱,VERB
erwirtschaften,to generate a profit,挣得,VERB
Erzählperspektive,narrative perspective,叙事视角,NOUN
Erzählstruktur,narrative structure,叙事结构,NOUN
Erörterung,discussion at length,深入探讨,NOUN
eskalieren,to escalate,升级激化,VERB
espionieren,to spy professionally,从事谍报,VERB
evaluieren,to evaluate,评估,VERB
Exekution,execution,处决,NOUN
exilieren,to send into exile,流放放逐,VERB
Existenzminimum,subsistence minimum,最低生存线,NOUN
Existenzphilosophie,existentialism,存在主义,NOUN
Existenzsicherung,securing of livelihood,生计保障,NOUN
Exmatrikulation,exmatriculation,注销学籍,NOUN
exmatrikulieren,to deregister from university,注销学籍,VERB
Explosionsgefahr,explosion hazard,爆炸危险,NOUN
Explosionsschutz,explosion protection,防爆,NOUN
Exportüberschuss,export surplus,出口盈余,NOUN
exzerpieren,to excerpt by note taking,摘录,VERB
fabulieren,to tell invented stories,虚构铺陈,VERB
Fachjargon,professional jargon,行话,NOUN
Fachwerk,timber framing,木桁架结构,NOUN
fakturieren,to invoice,开票,VERB
Falsett,falsetto,假声,NOUN
Falsifikation,falsification,证伪,NOUN
falsifizieren,to falsify,证伪,VERB
Faltung,folding of rock strata,褶皱作用,NOUN
Faserverbundwerkstoff,fiber composite material,纤维复合材料,NOUN
Fassadensanierung,facade renovation,立面翻新,NOUN
Fehlentscheidung,erroneous decision,错误决策,NOUN
Fehlschluss,erroneous conclusion,错误结论,NOUN
Fehlzeit,absence time,缺勤时间,NOUN
Feindbild,image of the enemy,敌人意象,NOUN
Feinfühligkeit,sensitivity,细腻体贴,NOUN
Feinjustierung,fine adjustment,精细校准,NOUN
Feinmechanik,fine mechanics,精密机械,NOUN
Feinschliff,fine grinding,精磨,NOUN
Fernstrecke,long-distance route,长途线路,NOUN
Fernweh,yearning for far places,远方向往,NOUN
Festnahmerecht,right to apprehend,抓捕权,NOUN
fetischisieren,to fetishize,物神化,VERB
Feuerprobe,trial by fire,严峻考验,NOUN
Feuilleton,arts section,文艺专栏,NOUN
Fiktionalität,fictionality,虚构性,NOUN
Filtration,filtration,过滤,NOUN
Finalität,finality,目的性,NOUN
Finanznot,financial distress,财政困窘,NOUN
Fiskalpolitik,fiscal policy,财政政策,NOUN
Fiskus,fisc,国库,NOUN
fixieren,to fixate,固定,VERB
Fliehkraft,centrifugal force,离心力,NOUN
Fließgewässer,flowing watercourse,流动水域,NOUN
Fluchtbewegung,movement of flight,逃亡潮,NOUN
Fluchtursache,root cause of flight,逃亡根源,NOUN
Fluggastbrücke,jet bridge,登机廊桥,NOUN
Fluglotse,air traffic controller,空中交通管制员,NOUN
Fluktuation,staff turnover,人员流动,NOUN
Flurbereinigung,land consolidation,土地归并整理,NOUN
Flächennutzung,land use,土地利用,NOUN
Folgerichtigkeit,logical consistency,推论一致性,NOUN
Formulierungsfähigkeit,formulation ability,措辞能力,NOUN
Formulierungskunst,art of formulation,措辞艺术,NOUN
Forschungsdesiderat,research desideratum,研究空白,NOUN
Forschungsstand,state of research,研究现状,NOUN
Frachtgut,freight goods,货物,NOUN
Fraktionierung,fractionation,分馏分级,NOUN
Freiheitskampf,struggle for freedom,自由斗争,NOUN
Freileitung,overhead power line,架空电线,NOUN
Freisprechung,acquittal pronouncement,宣告无罪,NOUN
Freudentaumel,ecstasy of joy,狂喜忘形,NOUN
Freudlosigkeit,joylessness,苦闷,NOUN
Friedensschluss,conclusion of peace,缔和,NOUN
Friedensvertrag,peace treaty,和平条约,NOUN
Fristversäumnis,missing a deadline,误期失权,NOUN
Frontabschnitt,front sector,防区地段,NOUN
Frontverlauf,front line course,战线走向,NOUN
Fruchtlosigkeit,fruitlessness,徒劳无功,NOUN
Frustrationstoleranz,tolerance of frustration,挫折容忍度,NOUN
fräsen,to mill,铣削,VERB
Frühdiagnostik,early diagnostics,早期诊断,NOUN
Fusionskontrolle,merger control,并购审查,NOUN
Fährverbindung,ferry connection,轮渡航线,NOUN
Förderanlage,conveyor system,输送系统,NOUN
Förderband,conveyor belt,传送带,NOUN
Förderrichtlinie,funding guideline,资助条例,NOUN
Förderturm,mine headframe,矿井提升塔,NOUN
Fügsamkeit,submissiveness,顺从服帖,NOUN
Fügung,dispensation of fate,命运安排,NOUN
Fühllosigkeit,insensibility,麻木不仁,NOUN
Führungsstärke,strength of leadership,领导力,NOUN
Gabelstapler,forklift,叉车,NOUN
Gebirgszug,mountain range,山脉,NOUN
Gedankenaustausch,exchange of thoughts,思想交流,NOUN
Gedankenführung,line of reasoning,推理思路,NOUN
Gedankengang,train of thought,思路,NOUN
Gedichtband,poetry volume,诗集,NOUN
Gedichtzyklus,poetry cycle,组诗,NOUN
Gedächtnisstörung,memory impairment,记忆障碍,NOUN
Gefahrenmoment,moment of danger,危险时刻,NOUN
Gefrierpunktserniedrigung,freezing point depression,凝固点降低,NOUN
Gefühllosigkeit,callousness,冷酷无情,NOUN
Gefühlskälte,emotional coldness,情感冷漠,NOUN
Gefühlslage,emotional state,情绪状态,NOUN
Gefühlsregung,emotional stirring,情感波动,NOUN
Gefühlsspektrum,emotional spectrum,情感光谱,NOUN
Gegenbewegung,counter-movement,反向运动,NOUN
Gegenleistung,consideration in return,对价,NOUN
Geheimdiplomatie,secret diplomacy,秘密外交,NOUN
Geheimnistuerei,mystery-mongering,故弄玄虚,NOUN
Geiselhaft,hostage detention,劫持人质,NOUN
Geiselnahme,taking of hostages,劫持人质事件,NOUN
Geistesabwesenheit,absent-mindedness,心不在焉,NOUN
Geistesgegenwart,presence of mind,沉着机智,NOUN
Geisteshaltung,mentality,精神状态,NOUN
Geisteszustand,mental state,精神状态,NOUN
Gelbildung,gel formation,凝胶形成,NOUN
Geldentwertung,devaluation of money,货币贬值,NOUN
Geldmenge,money supply,货币供应量,NOUN
Geleitwort,foreword,前言,NOUN
Geltendmachung,asserting a claim,主张行使,NOUN
Geltungsbereich,scope of validity,适用范围,NOUN
Geltungsdrang,craving for recognition,求认可欲,NOUN
Geläufigkeit,fluency,熟练程度,NOUN
Gemeinnützigkeit,common-good character,公益性质,NOUN
Gemeinplatz,commonplace remark,陈词滥调,NOUN
Gemütsbewegung,surge of feeling,情绪波动,NOUN
Genehmigungspflicht,permit requirement,许可义务,NOUN
Genehmigungsverfahren,permit procedure,审批程序,NOUN
Generalbass,figured bass,通奏低音,NOUN
Genexpression,gene expression,基因表达,NOUN
Geodäsie,geodesy,大地测量学,NOUN
Geoinformatik,geoinformatics,地理信息学,NOUN
Gepflegtheit,well-groomedness,整洁体面,NOUN
Gerechtigkeitsgefühl,sense of justice,正义感,NOUN
Gerinnung,coagulation,凝血凝固,NOUN
Germanistik,German studies,日耳曼学,NOUN
Gerüstbau,scaffolding work,脚手架工程,NOUN
Gesamtkunstwerk,total work of art,整体艺术品,NOUN
Geschmeidigkeit,pliant flexibility,柔韧变通,NOUN
Geschworenengericht,jury court,陪审团法庭,NOUN
Geschäftsfähigkeit,legal capacity to transact,行为能力,NOUN
Geschäftsgebaren,business practices,经营方式,NOUN
Gesetzentwurf,draft law,法律草案,NOUN
Gesetzesinitiative,legislative initiative,立法提案,NOUN
Gesetzeslücke,gap in the law,法律漏洞,NOUN
Gesetzesvorhaben,legislative project,立法项目,NOUN
Gesetzesübertretung,breach of the law,违法行为,NOUN
Gesinnungsethik,ethics of conviction,信念伦理,NOUN
Gesteinsart,type of rock,岩石种类,NOUN
Gesteinsschicht,layer of rock,岩层,NOUN
Gewaltherrschaft,rule by brute force,暴政统治,NOUN
Gewaltmonopol,monopoly on force,暴力垄断,NOUN
Gewinnmarge,profit margin,利润率,NOUN
Gewinnschwelle,break-even point,盈亏平衡点,NOUN
Gewissenlosigkeit,absence of conscience,泯灭良知,NOUN
Gewissensnot,distress of conscience,良心不安,NOUN
Gewissensqual,pang of conscience,良心谴责,NOUN
Gewässerkunde,hydrography,水文学,NOUN
Gezeitenhub,tidal range,潮差,NOUN
Gezeitenkraftwerk,tidal power plant,潮汐电站,NOUN
Glasur,glaze,釉层,NOUN
Glaubwürdigkeitsverlust,loss of credibility,信誉丧失,NOUN
Gleichschaltung,forced coordination,一体化强制,NOUN
Gleisbau,track construction,轨道工程,NOUN
Gottvergessenheit,forgetfulness of God,遗忘神性,NOUN
goutieren,to relish and appreciate,欣赏认可,VERB
Gravitationsfeld,gravitational field,引力场,NOUN
Gravitationswelle,gravitational wave,引力波,NOUN
Gremienarbeit,committee work,委员会工作,NOUN
Grenzerfahrung,extreme experience,极限体验,NOUN
Grenzflächentechnik,interface engineering,界面技术,NOUN
Grenzkonflikt,border conflict,边界冲突,NOUN
Grenzsituation,existential limit situation,临界境况,NOUN
Groteske,grotesque work,怪诞作品,NOUN
Großbank,large bank,大型银行,NOUN
Grundlagenforschung,basic research,基础研究,NOUN
Grundsatzentscheidung,matter-of-principle decision,原则性决定,NOUN
Grundsatzurteil,landmark ruling,原则性判决,NOUN
Grundwasserleiter,aquifer,含水层,NOUN
Grundwasserspiegel,groundwater level,地下水位,NOUN
Gruppenzwang,peer pressure,同侪压力,NOUN
grämen,to be sorely troubled,忧愁苦闷,VERB
Gründungsurkunde,founding charter,创立证书,NOUN
Gussform,mold for casting,铸模,NOUN
Güterabwägung,weighing of interests,利益权衡,NOUN
Habilitation,postdoctoral qualification,教授资格论文,NOUN
habilitieren,to qualify as a professor,取得教授资格,VERB
Habitatverlust,loss of habitat,栖息地丧失,NOUN
hadern,to quarrel with fate,踌躇怨怼,VERB
Haltlosigkeit,lack of inner support,无所依凭,NOUN
Handelsbilanz,trade balance,贸易差额,NOUN
Handlungsbedarf,need for action,行动必要,NOUN
Handlungsbogen,narrative arc,情节弧线,NOUN
Handlungskompetenz,authority to act,行动权限,NOUN
Handlungsstrang,plot line,情节主线,NOUN
Handlungsunfähigkeit,incapacity to act,无行为能力,NOUN
Handschriftenkunde,manuscript studies,手稿学,NOUN
Hangrutsch,slope landslide,山坡滑塌,NOUN
Harmonielehre,study of harmony,和声学,NOUN
Hasskampagne,hate campaign,仇恨攻势,NOUN
Hauptverhandlung,main trial hearing,主审,NOUN
Hausfriedensbruch,breach of domestic peace,侵入住宅罪,NOUN
haushalten,to budget,精打细算,VERB
Haushaltsdefizit,budget deficit,预算赤字,NOUN
hebeln,to leverage,杠杆操作,VERB
Heeresgruppe,army group,集团军群,NOUN
heischen,to demand insistently,强求,VERB
Heizölverbrauch,heating oil consumption,取暖油耗,NOUN
Herrschaftsanspruch,claim to rule,统治要求,NOUN
Herzbeutelentzündung,pericarditis,心包炎,NOUN
Himmelszelt,canopy of heaven,天穹,NOUN
Hinterland,hinterland,腹地,NOUN
Hinterlegung,deposit into escrow,提存保管,NOUN
Hitzeinsel,urban heat island,城市热岛,NOUN
Hochmütigkeit,haughtiness,目中无人,NOUN
Hochseeschifffahrt,deep-sea shipping,远洋航运,NOUN
hochtreiben,to drive up,哄抬,VERB
Hochverrat,high treason,叛国重罪,NOUN
Hochwasservorsorge,flood preparedness,防汛准备,NOUN
Hoheitsakt,act of sovereignty,主权行为,NOUN
Hoheitsgewässer,territorial waters,领海,NOUN
Honoraranspruch,fee claim,报酬请求权,NOUN
Hormonhaushalt,hormone balance,激素平衡,NOUN
Hubschrauberlandeplatz,helipad,直升机停机坪,NOUN
Hydraulikpumpe,hydraulic pump,液压泵,NOUN
Hydraulikzylinder,hydraulic cylinder,液压缸,NOUN
Härtegrad,degree of hardness,硬度等级,NOUN
Härteprüfung,hardness test,硬度测试,NOUN
Höhenmesser,altimeter,高度表,NOUN
Höhenrausch,euphoria of great height,登高狂喜,NOUN
Hörigkeit,subservience,依附顺从,NOUN
Identitätskrise,identity crisis,身份认同危机,NOUN
Identitätsverlust,loss of identity,身份认同丧失,NOUN
Idiomatik,study of idioms,成语学,NOUN
Idiosynkrasie,idiosyncrasy,特异反应,NOUN
Ikonografie,iconography,图像学,NOUN
Ikonologie,iconology,图像诠释学,NOUN
Illusionslosigkeit,absence of illusions,不抱幻想,NOUN
Imagerie,imagery,意象群,NOUN
immatrikulieren,to matriculate,注册入学,VERB
Immissionsschutz,protection from immissions,污染防护,NOUN
Immunabwehr,immune defense,免疫防御,NOUN
Immunprovokation,immune provocation,免疫激发,NOUN
Importbeschränkung,import restriction,进口限制,NOUN
Indizienbeweis,circumstantial evidence,间接证据,NOUN
induzieren,to induce,诱导,VERB
inhaftieren,to detain,拘押,VERB
Inhaltsangabe,summary of content,内容梗概,NOUN
Inkonsistenz,inconsistency,不自洽,NOUN
inkriminieren,to incriminate,牵连,VERB
insinuieren,to insinuate,暗指,VERB
Insolenz,insolence,无礼冒犯,NOUN
Insolvenzantrag,bankruptcy petition,破产申请,NOUN
Insolvenzverwalter,insolvency administrator,破产管理人,NOUN
Instanzenzug,hierarchy of courts,法院审级体系,NOUN
instruieren,to instruct officially,下达指示,VERB
Interessenausgleich,balancing of interests,利益平衡,NOUN
internieren,to intern in custody,隔离拘禁,VERB
interpolieren,to interpolate,插值,VERB
Intersubjektivität,intersubjectivity,主体间性,NOUN
Investitionsstau,investment backlog,投资积压,NOUN
Irrglaube,misconception,错误信念,NOUN
Irrlicht,will-o-the-wisp,鬼火幻象,NOUN
Irrung,error and confusion,差错谬误,NOUN
Irrwahn,mad delusion,疯狂妄想,NOUN
Isolationsgefühl,sense of isolation,孤独感,NOUN
Isolierglas,insulating glazing,中空玻璃,NOUN
Isolierschicht,insulating layer,绝缘层,NOUN
Judikative,judiciary,司法部门,NOUN
Jurisdiktion,jurisdiction,司法权,NOUN
Jähzorn,quick temper,急躁易怒,NOUN
Kabelbruch,cable break,电缆断裂,NOUN
Kabinettsfrage,confidence question,信任案问题,NOUN
Kadavergehorsam,blind obedience,盲目服从,NOUN
kalfatern,to caulk seams,捻缝填缝,VERB
Kaltblütigkeit,cold-bloodedness,冷血,NOUN
Kaltverformung,cold forming,冷成型,NOUN
Kaltwalzen,cold rolling,冷轧,NOUN
Kammermusik,chamber music,室内乐,NOUN
Kardinaltugend,cardinal virtue,基本美德,NOUN
Karsthöhle,karst cave,喀斯特溶洞,NOUN
Kartellverbot,prohibition of cartels,禁止卡特尔,NOUN
kartieren,to map geographically,测绘制图,VERB
Katastrophenvorsorge,disaster preparedness,防灾准备,NOUN
Kaufkraftparität,purchasing power parity,购买力平价,NOUN
Kaufkraftverlust,loss of purchasing power,购买力损失,NOUN
Kernbereich,core area,核心领域,NOUN
Kernbestand,core stock,核心存量,NOUN
Kernbohrung,core drilling,岩芯钻探,NOUN
Kernsatz,core sentence,核心句,NOUN
Kesselstein,boiler scale,水垢,NOUN
Kesselwagen,tank car,罐车,NOUN
Kettenreaktion,chain reaction,连锁反应,NOUN
Kindeswohl,child welfare,儿童福祉,NOUN
Kippgefahr,toppling hazard,倾翻危险,NOUN
Klageerhebung,filing of a lawsuit,提起诉讼,NOUN
Klageerwiderung,response to a complaint,答辩状,NOUN
Klappentext,blurb,书籍封套简介,NOUN
Klarsichtigkeit,clear-sightedness,明察秋毫,NOUN
Klarstellung,clarification,澄清说明,NOUN
Kleingeist,narrow-minded person,心胸狭隘者,NOUN
Kleingeistigkeit,petty-mindedness,狭隘拘泥,NOUN
Kleinmut,despondency,心灰意冷,NOUN
Kleinunternehmer,small business owner,小企业主,NOUN
Klimaanpassung,climate adaptation,气候适应,NOUN
Klimamodellierung,climate modeling,气候建模,NOUN
Klimaziel,climate target,气候目标,NOUN
Klugheit,prudence,明智,NOUN
knechten,to enslave,奴役压迫,VERB
Koalitionsbildung,coalition building,联盟组建,NOUN
Kohlefaser,carbon fiber,碳纤维,NOUN
Kohleflöz,coal seam,煤层,NOUN
Kollisionskurs,collision course,相撞航线,NOUN
Kolloid,colloid,胶体,NOUN
Kolonialherrschaft,colonial rule,殖民统治,NOUN
Kolonialmacht,colonial power,殖民强国,NOUN
Kolonialwaren,colonial goods,殖民地商品,NOUN
Kolorit,coloring of local flavor,地方色彩,NOUN
kolportieren,to peddle rumors,散布传言,VERB
Kommandantur,command headquarters,军事指挥部,NOUN
Kompaktbauweise,compact construction design,紧凑结构设计,NOUN
Komplexbildung,complex formation,络合反应,NOUN
Komplizenschaft,complicity,共谋关系,NOUN
Kompromissbereitschaft,willingness to compromise,妥协意愿,NOUN
Kompromissformel,compromise formula,折中方案,NOUN
Kompromittierung,compromise of reputation,名誉损害,NOUN
konditionieren,to condition behavior,训练反射,VERB
Konfessionslosigkeit,absence of denomination,无教派归属,NOUN
konfiszieren,to confiscate,查抄,VERB
Konjunkturabschwung,downturn,经济衰退,NOUN
Konkurrenzfähigkeit,competitiveness,竞争力,NOUN
konservieren,to conserve,保存,VERB
konsolidieren,to consolidate,整合,VERB
konstatieren,to state as fact,确认指出,VERB
Konsumverzicht,restraint on consumption,克制消费,NOUN
Kontemplation,contemplation,冥想,NOUN
kontern,to counter,回击,VERB
Kontrollgremium,supervisory panel,监督机构,NOUN
konzedieren,to concede,承认,VERB
Kooperationsbereitschaft,willingness to cooperate,合作意愿,NOUN
kooptieren,to co-opt,增选,VERB
Kostendeckung,cost recovery,成本回收,NOUN
Kostenerstattung,reimbursement of costs,费用偿还,NOUN
Kostenvoranschlag,cost estimate,费用预算书,NOUN
Kostümbildner,costume designer,服装设计师,NOUN
Kraftlosigkeit,listlessness,有气无力,NOUN
Kranführer,crane operator,起重机操作员,NOUN
Kreditsicherheit,collateral,信贷担保,NOUN
Kreditvergabe,lending,信贷发放,NOUN
Kriegsgefangenschaft,prisoner-of-war status,战俘境遇,NOUN
Kriegsverbrechen,war crime,战争罪,NOUN
Kristallisationswärme,heat of crystallization,结晶热,NOUN
Kristallzüchtung,crystal growing,晶体培养,NOUN
Kritiklosigkeit,absence of critical thinking,盲从无批判,NOUN
Kränkbarkeit,proneness to hurt feelings,易受伤性,NOUN
kujonieren,to bully,欺凌,VERB
Kumulierung,accumulation,累积,NOUN
Kunstharz,synthetic resin,合成树脂,NOUN
Kunstkritiker,art critic,艺术评论家,NOUN
Kunstvermittlung,art mediation,艺术传播,NOUN
Kunstverstand,artistic discernment,艺术鉴赏力,NOUN
Kupferstich,copperplate engraving,铜版画,NOUN
Kursgewinn,capital gain,资本收益,NOUN
Kursverfall,decline in prices,行情下跌,NOUN
Kurzarbeit,short-time work,短时工作制,NOUN
Kurzsichtigkeit,shortsightedness,目光短浅,NOUN
Kühlkette,cold chain,冷链,NOUN
Kühlturm,cooling tower,冷却塔,NOUN
Küstenerosion,coastal erosion,海岸侵蚀,NOUN
Küstengewässer,coastal waters,近海水域,NOUN
laben,to refresh oneself with,饱享滋养,VERB
Labornachweis,laboratory proof,实验证据,NOUN
Laborversuch,laboratory experiment,实验,NOUN
Labung,refreshment,滋养解乏,NOUN
Ladefläche,loading area,装货面,NOUN
Ladungssicherung,load securing,货物固定,NOUN
lancieren,to launch a rumor,放出,VERB
Landesverrat,treason against the state,叛国罪,NOUN
Landflucht,rural exodus,农村人口外流,NOUN
Landgewinnung,land reclamation,围海造地,NOUN
Landnahme,annexation,吞并,NOUN
Landschaftsschutz,landscape protection,景观保护,NOUN
Landsknecht,mercenary foot soldier,雇佣步兵,NOUN
Lastenausgleich,burden equalization,负担均衡,NOUN
Lasterhaftigkeit,viciousness,恶习,NOUN
Lautmalerei,onomatopoeia,拟声,NOUN
Lautverschiebung,consonant shift,辅音推移,NOUN
Lavastrom,lava flow,熔岩流,NOUN
Lazarett,field hospital,战地医院,NOUN
Lebensabend,life's evening,暮年,NOUN
Lebensgrundlage,basis of livelihood,生计根基,NOUN
Leberzirrhose,liver cirrhosis,肝硬化,NOUN
lechzen,to crave ardently,渴求渴望,VERB
Leckage,leakage,泄漏,NOUN
legieren,to alloy metals,熔配合金,VERB
Legitimitätsanspruch,claim to legitimacy,合法性主张,NOUN
Lehnübersetzung,calque,仿造词,NOUN
Leichtbauweise,lightweight construction,轻量化结构,NOUN
Leiharbeitsverhältnis,temp agency employment,劳务派遣关系,NOUN
Leistungsbilanz,current account balance,经常账户,NOUN
Leistungsgrenze,performance limit,体能极限,NOUN
Leistungswille,will to achieve,进取心,NOUN
Leitgedanke,leading thought,主导思想,NOUN
Leitungsnetz,pipe and line network,管网系统,NOUN
Leitzins,key interest rate,基准利率,NOUN
Leuchtfeuer,beacon,导航灯标,NOUN
Leumund,good reputation,名声,NOUN
Lexikographie,lexicography,辞书编纂学,NOUN
Libretto,libretto,歌剧剧本,NOUN
Lichtblick,ray of hope,一线曙光,NOUN
Lichtbrechung,refraction of light,光的折射,NOUN
Lieferengpass,supply bottleneck,供应瓶颈,NOUN
Literaturbetrieb,literary establishment,文学界,NOUN
Literaturkritik,literary criticism,文学批评,NOUN
lizenzieren,to grant a license,授予许可,VERB
Lizenzvergabe,award of licenses,许可授予,NOUN
Lohnstückkosten,unit labor costs,单位劳动成本,NOUN
Loslösung,detachment,解脱分离,NOUN
Luftdichtheit,air tightness,气密性,NOUN
lukrieren,to make a profit,牟利,VERB
Lustlosigkeit,listlessness,兴致缺缺,NOUN
Luvseite,windward side,迎风面,NOUN
Lärmbelastigung,noise pollution,噪音污染,NOUN
Lärmschutzwand,noise barrier,隔音墙,NOUN
Lästerung,reviling,谩骂亵渎,NOUN
Lötstelle,soldered joint,焊点,NOUN
Lüftungsanlage,ventilation system,通风系统,NOUN
Machtanspruch,claim to power,权力要求,NOUN
Machtgier,hunger for power,权力欲,NOUN
Machtkalkül,power calculus,权力盘算,NOUN
Machtkonzentration,concentration of power,权力集中,NOUN
Machtpolitik,power politics,强权政治,NOUN
Magmakammer,magma chamber,岩浆房,NOUN
Maltechnik,painting technique,绘画技法,NOUN
Mandatsgebiet,mandated territory,委任统治区,NOUN
Mandatsverlust,loss of a mandate,失去席位,NOUN
Mangelerscheinung,deficiency symptom,缺乏症状,NOUN
Markteintritt,market entry,进入市场,NOUN
Marktmacht,market power,市场支配力,NOUN
Marktsättigung,market saturation,市场饱和,NOUN
Marschbefehl,march order,行军命令,NOUN
Materialermüdung,material fatigue,材料疲劳,NOUN
maximieren,to maximize,最大化,VERB
Meeresströmung,ocean current,洋流,NOUN
Meeresverschmutzung,marine pollution,海洋污染,NOUN
Mehrsprachigkeit,multilingualism,多语能力,NOUN
Meisterleistung,masterly achievement,杰出发挥,NOUN
Messgenauigkeit,measurement accuracy,测量精度,NOUN
Messtoleranz,measurement tolerance,测量公差,NOUN
Metabolismus,metabolism,新陈代谢,NOUN
Metallkunde,metallurgy,金属学,NOUN
Meteorologie,meteorology,气象学,NOUN
Metrik,metrics,格律学,NOUN
meucheln,to murder by stealth,暗杀行刺,VERB
Mietwucher,rent usury,租金暴利,NOUN
Mikrobiologie,microbiology,微生物学,NOUN
Mikroelektronik,microelectronics,微电子学,NOUN
Mikroplastik,microplastics,微塑料,NOUN
Mikroskopie,microscopy,显微技术,NOUN
Milieuschilderung,depiction of milieu,环境描写,NOUN
Militanz,militancy,激进行为性,NOUN
militarisieren,to militarize,军事化,VERB
Militarismus,militarism,军国主义,NOUN
Militärjunta,military junta,军政府,NOUN
Militärschlag,military strike,军事打击,NOUN
Mineralogie,mineralogy,矿物学,NOUN
Misanthropie,misanthropy,厌世,NOUN
Mischungsverhältnis,mixing ratio,配比,NOUN
missdeuten,to misinterpret,误读曲解,VERB
Missetat,wicked deed,恶行,NOUN
Missetäter,misdemeanant,作恶者,NOUN
missraten,to turn out badly,长歪失当,VERB
Mitbestimmungsrecht,codetermination right,共同决定权,NOUN
Mitteilungsbedürfnis,need to communicate,表达需求,NOUN
Mittelzufluss,inflow of funds,资金流入,NOUN
Mitwisserschaft,knowledge of a crime,知情不报,NOUN
Molmasse,molar mass,摩尔质量,NOUN
Monografie,monograph,专著,NOUN
Monokulturanbau,monoculture farming,单一栽培,NOUN
Montageanleitung,assembly instructions,装配说明,NOUN
Montagefehler,assembly defect,装配缺陷,NOUN
Moräne,moraine,冰碛,NOUN
Motivik,motivic material,动机素材,NOUN
Munitionsdepot,ammunition depot,军火库,NOUN
mutmaßen,to conjecture,揣度推测,VERB
mäkeln,to quibble over details,挑剔吹求,VERB
Müllverbrennung,waste incineration,垃圾焚烧,NOUN
Mündigkeit,maturity of judgment,心智成熟,NOUN
Nachbehandlung,follow-up treatment,后续治疗,NOUN
Nachbesserung,subsequent improvement,返工修正,NOUN
Nachbesserungsanspruch,claim for subsequent performance,修补请求权,NOUN
Nachdenklichkeit,thoughtfulness,沉吟深思,NOUN
nacherleben,to relive vicariously,间接体会,VERB
Nachfrageeinbruch,collapse in demand,需求骤降,NOUN
Nachfrageüberhang,excess demand,需求过剩,NOUN
Nachhall,echo and aftereffect,余响,NOUN
Nachhaltigkeitsziel,sustainability goal,可持续目标,NOUN
Nachlass,estate,遗产,NOUN
Nachlassgericht,probate court,遗产法院,NOUN
Nachschub,supplies and provisions,后勤补给,NOUN
nachsinnen,to meditate on,苦思冥想,VERB
Nachsorge,aftercare,后续照护,NOUN
Nachspiel,aftermath,余波,NOUN
Nachtflugverbot,night flight ban,夜间飞行禁令,NOUN
Nachtwandler,sleepwalker,梦游者,NOUN
Nachwuchsförderung,promotion of young talent,后备人才培养,NOUN
Nachwuchsmangel,shortage of young talent,后继乏人,NOUN
Nahversorgung,local retail supply,就近供应,NOUN
Namenforschung,onomastics,专名学,NOUN
narkotisieren,to render unconscious,致昏,VERB
Naturnähe,closeness to nature,贴近自然,NOUN
Naturrecht,natural law,自然法,NOUN
Navigationsinstrument,navigation instrument,导航仪器,NOUN
Nebentätigkeit,secondary occupation,兼职职务,NOUN
Nervenzusammenbruch,nervous breakdown,精神崩溃,NOUN
Neurologie,neurology,神经病学,NOUN
Neutralisation,neutralization reaction,中和反应,NOUN
Neuverschuldung,new borrowing,新增举债,NOUN
Nichtangriffspakt,non-aggression pact,互不侵犯条约,NOUN
Niederlassungsfreiheit,freedom of establishment,开业自由,NOUN
niederlegen,to resign an office,辞去,VERB
Niederwerfung,crushing subjugation,征服击溃,NOUN
Nierenversagen,kidney failure,肾衰竭,NOUN
Nietverbindung,riveted joint,铆接,NOUN
nivellieren,to level out differences,拉平差异,VERB
Nominalzins,nominal interest rate,名义利率,NOUN
Nonkonformismus,nonconformism,不随俗,NOUN
Notenbild,layout of the score,乐谱版面,NOUN
Notfallaufnahme,emergency admission,急诊收治,NOUN
Novellistik,art of the novella,中篇小说艺术,NOUN
Nukleinsäure,nucleic acid,核酸,NOUN
Numerik,numerical mathematics,数值计算,NOUN
Nutzenmaximierung,utility maximization,效用最大化,NOUN
Nötigung,coercion,胁迫,NOUN
Obduktion,autopsy,尸检,NOUN
Oberflächlichkeit,superficiality,肤浅,NOUN
objektivieren,to objectify,使客观化,VERB
obliegen,to be incumbent upon,职责所在,VERB
Obliegenheit,incumbent obligation,应尽义务,NOUN
obsiegen,to prevail in the end,最终获胜,VERB
Obstruktion,obstruction,阻挠,NOUN
obwalten,to prevail and hold sway,居于主导,VERB
Offenlegungspflicht,disclosure obligation,披露义务,NOUN
Okkupation,occupation,占领,NOUN
okkupieren,to occupy militarily,军事占领,VERB
oktroyieren,to impose,强加,VERB
Opferbereitschaft,readiness to sacrifice,牺牲精神,NOUN
opponieren,to offer organized resistance,反对抵制,VERB
Ordnungsgeld,administrative fine,秩序罚金,NOUN
Ordnungsprinzip,ordering principle,组织原则,NOUN
Osteoporose,osteoporosis,骨质疏松,NOUN
Ostinato,ostinato figure,固定音型,NOUN
Oxidationsstufe,oxidation state,氧化态,NOUN
oxidieren,to oxidize,氧化,VERB
Ozonbildung,ozone formation,臭氧形成,NOUN
Ozonloch,ozone hole,臭氧空洞,NOUN
Palimpsest,palimpsest,重写本,NOUN
Paläographie,paleography,古文字学,NOUN
Paläontologie,paleontology,古生物学,NOUN
Panoramaüberblick,panoramic overview,全景综述,NOUN
Panzervorstoß,armored thrust,装甲推进,NOUN
paraphrasieren,to paraphrase,意译复述,VERB
parodieren,to parody,戏仿,VERB
Paternalismus,paternalism,家长式统治,NOUN
pathologisieren,to pathologize,病理化,VERB
Pattsituation,stalemate,僵局,NOUN
Peilung,bearing measurement,方位测定,NOUN
Pelletsheizung,pellet heating,颗粒燃料供暖,NOUN
pensionieren,to retire someone,使退休,VERB
Perfektionismus,perfectionism,完美主义,NOUN
Permafrostboden,permafrost soil,永久冻土,NOUN
Persiflage,parody,揶揄讽刺,NOUN
Personalabbau,workforce reduction,裁员,NOUN
Personalrat,staff council,职工代表会,NOUN
Personenstand,civil status,户籍身份,NOUN
Petitionsrecht,right of petition,请愿权,NOUN
Pfandsystem,deposit system,押金制度,NOUN
Pflichtvergessenheit,negligence of duty,失职,NOUN
Pfründe,sinecure,肥缺,NOUN
Phasenübergang,phase transition,相变,NOUN
Philologie,philology,语文学,NOUN
Phrasierung,phrasing,乐句处理,NOUN
Plagiatsaffäre,plagiarism scandal,剽窃丑闻,NOUN
Plastikmüll,plastic waste,塑料垃圾,NOUN
Platonismus,platonism,柏拉图主义,NOUN
Plattentektonik,plate tectonics,板块构造学,NOUN
pointieren,to sharpen a point,凝练点睛,VERB
Polemiker,polemicist,论战者,NOUN
polemisieren,to polemicize,论战攻讦,VERB
Politologie,political science,政治学,NOUN
polstern,to upholster,装软垫,VERB
Praktikabilität,practicality,可操作性,NOUN
prasseln,to pelt down noisily,噼啪倾泻,VERB
Preisbindung,price fixing,价格约束,NOUN
Preisniveau,price level,价格水平,NOUN
Preissteigerungsrate,inflation rate,通胀率,NOUN
Prellbock,buffer stop,挡车器,NOUN
Printmedium,print medium,纸媒,NOUN
Produktionsausstoß,production output,生产量,NOUN
Produktionsmittel,means of production,生产资料,NOUN
prognostizieren,to prognosticate,预测,VERB
proklamieren,to proclaim,宣告,VERB
Promotionsverfahren,doctoral procedure,博士授予程序,NOUN
Protektorat,protectorate,保护领地,NOUN
Prädestination,predestination,预定论,NOUN
prädestinieren,to predestine,预定,VERB
Prüfsiegel,inspection seal,检验封印,NOUN
Prüfstein,touchstone,试金石,NOUN
Prüfungsordnung,examination regulations,考试规章,NOUN
Psychogramm,psychological profile,心理画像,NOUN
Psychohygiene,mental hygiene,心理卫生,NOUN
Psychopathologie,psychopathology,精神病理学,NOUN
publizieren,to publish,发表,VERB
Pufferzone,buffer zone,缓冲区,NOUN
Pulverfass,powder keg,火药桶,NOUN
Pumpspeicherwerk,pumped-storage plant,抽水蓄能电站,NOUN
Pumpstation,pumping station,泵站,NOUN
putschen,to stage a coup,发动政变,VERB
Putschversuch,coup attempt,未遂政变,NOUN
Pyrolyse,pyrolysis,热解,NOUN
Quantenmechanik,quantum mechanics,量子力学,NOUN
quantifizieren,to quantify,量化,VERB
Quereinsteiger,career changer,转行者,NOUN
Querschnittstudie,cross-sectional study,横断面研究,NOUN
Rachedurst,thirst for revenge,复仇渴望,NOUN
Rachsüchtigkeit,vindictiveness,报复心理,NOUN
Radierung,etching,蚀刻版画,NOUN
Radikalisierung,radicalization,激进化,NOUN
Radioteleskop,radio telescope,射电望远镜,NOUN
Randbedingung,boundary condition,边界条件,NOUN
Rangierbahnhof,shunting yard,编组站,NOUN
Rangordnung,order of precedence,位阶秩序,NOUN
Rastlosigkeit,restlessness,焦躁不安,NOUN
rationieren,to ration,配给,VERB
Realitätsflucht,escapism from reality,逃避现实,NOUN
Realzins,real interest rate,实际利率,NOUN
Rebellentum,insurgent nature,反叛性,NOUN
Rebellion,uprising,叛乱,NOUN
Rechenleistung,computing power,运算能力,NOUN
Rechthaberei,insistence on being right,固执己见,NOUN
Rechtsauffassung,legal opinion,法律见解,NOUN
Rechtsbruch,breach of law,违法,NOUN
Rechtsgeschäft,legal transaction,法律行为,NOUN
Rechtsgrundlage,legal basis,法律依据,NOUN
Rechtshilfe,mutual legal assistance,司法协助,NOUN
Rechtskraft,legal finality,既判力,NOUN
Rechtspflege,administration of justice,司法管理,NOUN
Rechtswidrigkeit,unlawfulness,违法性,NOUN
Redeanteil,share of speaking,发言占比,NOUN
Refraktion,refraction,折射现象,NOUN
Regenerationsphase,regeneration phase,恢复阶段,NOUN
Regieanweisung,stage direction,舞台指示,NOUN
Rehabilitation,rehabilitation,平反,NOUN
Reizbarkeit,irritability,易怒,NOUN
Reizüberflutung,sensory overload,感官过载,NOUN
rekapitulieren,to recapitulate,概述重述,VERB
Rekonvaleszent,convalescent,康复期病人,NOUN
rekultivieren,to reclaim land,复垦,VERB
relativieren,to put into perspective,相对化,VERB
relegieren,to relegate,贬黜,VERB
Religiösität,religiosity,宗教性,NOUN
Reling,ship's railing,船舷栏杆,NOUN
renaturieren,to renaturalize,重新自然化,VERB
Rentenanspruch,pension claim,养老金请求权,NOUN
Reparationszahlung,reparation payment,战争赔款,NOUN
repetieren,to repeat for review,温习,VERB
Repetitorium,exam review course,考前复习课,NOUN
replizieren,to replicate,复制,VERB
Repräsentanz,representation,代表性,NOUN
requirieren,to requisition,征用征调,VERB
Reservist,reservist,后备役军人,NOUN
Resilienz,resilience,心理韧性,NOUN
Ressourcenschonung,conservation of resources,节约资源,NOUN
Ressourcenverknappung,scarcity of resources,资源短缺,NOUN
Restitutionsanspruch,claim for restitution,归还请求权,NOUN
resümieren,to sum up,总结,VERB
Rettungsleine,lifeline,救生索,NOUN
Revisionsverfahren,revision proceedings,复审程序,NOUN
Revolte,revolt,叛乱,NOUN
rezipieren,to receive a work,接受品读,VERB
Richtlinienkompetenz,policy-setting authority,方针主导权,NOUN
Riesenschritt,giant stride,大步跃进,NOUN
Robustheit,robustness,稳定性,NOUN
Rohrbruch,pipe break,管道破裂,NOUN
Rollfeld,airport taxiway,滑行道,NOUN
Ruhelosigkeit,restlessness,坐立不安,NOUN
räsonieren,to hold forth speciously,妄加议论,VERB
Räumung,clearance and evacuation,撤离清障,NOUN
Röhrentechnik,vacuum tube technology,真空管技术,NOUN
Rückenmarksverletzung,spinal cord injury,脊髓损伤,NOUN
Rückfrage,follow-up inquiry,追问,NOUN
Rücklagenbildung,formation of reserves,准备金形成,NOUN
Rüge,reprimand,训斥,NOUN
rügen,to reprimand,训斥,VERB
Rührseligkeit,mawkishness,多愁善感,NOUN
Rührwerk,agitator mechanism,搅拌装置,NOUN
Rüstungsexport,arms export,武器出口,NOUN
Rüstungsindustrie,arms industry,军工业,NOUN
Sabotageakt,act of sabotage,破坏行为,NOUN
Saboteur,saboteur,破坏分子,NOUN
Sagengestalt,figure of legend,传说人物,NOUN
saldieren,to balance accounts,结算,VERB
Salzstock,salt dome,盐丘,NOUN
Sangesfreude,love of singing,爱唱之乐,NOUN
Satiriker,satirist,讽刺作家,NOUN
Schachzug,astute chess move,巧着一手,NOUN
Schadensaufnahme,damage assessment,损失查勘,NOUN
Schadensbild,damage pattern,损伤形态,NOUN
Schadensersatzanspruch,claim for damages,损害赔偿请求权,NOUN
Schadstoffausstoß,pollutant emission,污染物排放,NOUN
Schadstoffbelastung,pollutant load,污染物负荷,NOUN
Schallmauer,sound barrier,音障,NOUN
Schalung,formwork,浇筑模板,NOUN
Schandfleck,eyesore and disgrace,耻辱污点,NOUN
Schandmal,mark of disgrace,耻辱印记,NOUN
Schattenriss,silhouette,剪影,NOUN
Schauerliteratur,gothic literature,惊悚文学,NOUN
Scheu,shyness,羞怯,NOUN
Schichtdienst,shift work,轮班工作,NOUN
Schichtfolge,sequence of strata,地层序列,NOUN
Schicksalsergebenheit,resignation to fate,听天由命,NOUN
Schicksalsfügung,dispensation of fate,命运安排,NOUN
Schiedsgerichtsbarkeit,arbitral jurisdiction,仲裁管辖,NOUN
Schießbefehl,order to shoot,开枪命令,NOUN
Schifffahrtsstraße,shipping lane,航运水道,NOUN
Schiffsbesatzung,ship's crew,船员,NOUN
schinden,to bully mercilessly,虐待苛待,VERB
Schlachtschiff,battleship,战列舰,NOUN
Schlagabtausch,exchange of blows in a debate,交锋,NOUN
Schleuse,shipping lock,船闸,NOUN
Schlummer,deep slumber,沉睡,NOUN
Schlüsselqualifikation,key qualification,关键素质,NOUN
schmachten,to pine with longing,苦恋渴望,VERB
schmarotzen,to sponge off others,寄生存食,VERB
Schmerzempfinden,pain perception,痛感,NOUN
Schmerzensgeld,compensation for pain and suffering,精神损害赔偿,NOUN
Schmerzstillung,pain relief,镇痛,NOUN
Schmiedearbeit,forging work,锻造作业,NOUN
schmollen,to sulk,生闷气,VERB
Schmähkritik,defamatory criticism,诽谤性批评,NOUN
schmökern,to browse a book contentedly,津津有味地阅读,VERB
Schraubverbindung,screw connection,螺栓连接,NOUN
Schrifttum,body of writings,文献总集,NOUN
Schriftverkehr,written correspondence,书信往来,NOUN
Schuldanerkenntnis,acknowledgment of debt,承认债务,NOUN
Schuldfrage,question of guilt,罪责问题,NOUN
Schuldnerverzeichnis,register of debtors,债务人名录,NOUN
Schuldunfähigkeit,incapacity to be culpable,无责任能力,NOUN
schulen,to train,培训,VERB
Schulpflicht,compulsory schooling,义务教育,NOUN
schultern,to shoulder a burden,承担,VERB
Schutzbehauptung,protective claim,托词辩解,NOUN
Schutzmacht,protecting power,保护国,NOUN
schwadronieren,to hold forth boastfully,夸夸其谈,VERB
Schwammigkeit,vagueness,含糊其辞,NOUN
Schwanengesang,swan song,绝唱,NOUN
Schwarzarbeit,undeclared work,黑工,NOUN
Schwarzgeld,black money,黑钱,NOUN
Schweigsamkeit,taciturnity,沉默寡言,NOUN
Schweißgerät,welding apparatus,焊接设备,NOUN
Schweißnaht,weld seam,焊缝,NOUN
Schwindelanfall,attack of vertigo,眩晕发作,NOUN
Schönrederei,sugarcoating talk,花言巧语,NOUN
Schützengraben,trench,战壕,NOUN
Schützenhilfe,clandestine aid,暗中相助,NOUN
sedieren,to sedate medically,药物镇静,VERB
Sedimentgestein,sedimentary rock,沉积岩,NOUN
Seegang,state of the sea,海况,NOUN
Seekarte,sea chart,海图,NOUN
Seelenfrieden,peace of mind,心灵安宁,NOUN
Seelenqual,mental agony,心灵折磨,NOUN
Seemacht,naval power,海上强权,NOUN
Seemannschaft,seamanship,船艺,NOUN
Seemeile,nautical mile,海里,NOUN
Seeschifffahrt,shipping by sea,海运,NOUN
Seismograf,seismograph,地震仪,NOUN
sekundieren,to give one's support to,从旁协助,VERB
Selbstabwertung,self-devaluation,自我贬低,NOUN
Selbstbehauptung,self-assertion,自我坚持,NOUN
Selbstbeobachtung,self-observation,自我观察,NOUN
Selbstbezogenheit,self-absorption,自我沉浸,NOUN
Selbstentfremdung,self-alienation,自我异化,NOUN
Selbstgerechtigkeit,self-righteousness,自以为义,NOUN
Selbstquälerei,self-torment,自我折磨,NOUN
Selbstständigkeit,self-employment,自主经营,NOUN
Selbstverleugnung,self-denial,自我否定,NOUN
Selbstzweifel,self-doubt,自我怀疑,NOUN
Selbstüberhebung,arrogance,傲慢,NOUN
Semantik,semantics,语义学,NOUN
Sendeanstalt,broadcasting institution,广播机构,NOUN
Sensationsjournalismus,sensationalist journalism,猎奇新闻,NOUN
separieren,to separate out,分离隔开,VERB
Sepsis,sepsis,败血症,NOUN
Septime,seventh interval,七度音程,NOUN
sequenzieren,to sequence,测序,VERB
Seriosität,seriousness,严肃性,NOUN
Sextant,sextant,六分仪,NOUN
Siedeverzug,delayed boiling,暴沸,NOUN
Siedlungsdruck,settlement pressure,居住开发压力,NOUN
Siedlungsstruktur,settlement structure,聚落结构,NOUN
Siedlungswachstum,settlement growth,聚落扩张,NOUN
Sinkflug,descent flight,下降飞行,NOUN
Sinngebung,conferral of meaning,赋予意义,NOUN
Sinnverlust,loss of meaning,意义丧失,NOUN
Sittengemälde,depiction of morals,世态描绘,NOUN
Sittenverfall,decay of morals,道德沦丧,NOUN
Sittlichkeit,morality,德行,NOUN
Skeptizismus,skepticism,怀疑主义,NOUN
Soldateska,military rabble,骄兵悍将,NOUN
Sollzins,debit interest rate,借款利率,NOUN
Somatisierung,somatization,躯体化,NOUN
Sonderabgabe,special levy,特别税,NOUN
Sonderbarkeit,oddness,怪癖,NOUN
Sonderkündigungsrecht,special right of termination,特殊解约权,NOUN
Sonderpädagogik,special education,特殊教育,NOUN
Sonnenfinsternis,solar eclipse,日食,NOUN
Sonnenfleck,sunspot,太阳黑子,NOUN
Souffleuse,prompter,提词员,NOUN
Sozialabgabe,social security contribution,社保缴费,NOUN
Sozialverhalten,social behavior,社会行为,NOUN
Soziolinguistik,sociolinguistics,社会语言学,NOUN
Spannungsabfall,voltage drop,电压降,NOUN
Spannungsquelle,voltage source,电源,NOUN
Spannungsriss,crack from stress,应力裂纹,NOUN
Sparquote,savings ratio,储蓄率,NOUN
Spektroskopie,spectroscopy,光谱学,NOUN
Spekulationsblase,speculative bubble,投机泡沫,NOUN
Sperrfrist,blocking period,封锁期限,NOUN
Spionageaffäre,spy scandal,间谍丑闻,NOUN
Spitzensteuersatz,top tax rate,最高税率,NOUN
Spracherwerb,language acquisition,语言习得,NOUN
Sprachlosigkeit,speechlessness,无言以对,NOUN
Sprachregelung,language regulation,用语规定,NOUN
Sprachrohr,mouthpiece,代言人,NOUN
Sprachverfall,decay of language,语言衰退,NOUN
Sprachvermögen,linguistic capability,语言能力,NOUN
Sprachwandel,language change,语言演变,NOUN
Sprachwissenschaft,linguistics,语言学,NOUN
Sprengfalle,booby trap,诡雷,NOUN
Sprengkopf,warhead,弹头,NOUN
Spundwand,sheet piling,板桩墙,NOUN
Staatenbund,confederation of states,国家联合体,NOUN
Staatsgewalt,state authority,国家权力,NOUN
Staatsstreich,putsch,政变,NOUN
Stachel,persistent sting,芒刺,NOUN
Stadtentwicklung,urban development,城市发展,NOUN
Stadtflucht,flight from the cities,逃离城市,NOUN
Stadtplanung,urban planning,城市规划,NOUN
Stadtumbau,urban restructuring,城市改造,NOUN
Stahlträger,steel girder,钢梁,NOUN
Statistiker,statistician,统计学家,NOUN
Stauraum,stowage space,储物空间,NOUN
Steckenpferd,favorite pastime,兴趣爱好,NOUN
Steckverbindung,plug connection,插接连接,NOUN
Steigleitung,rising main pipe,立管,NOUN
Stellungnahme,statement of position,表态,NOUN
Stellungskrieg,trench warfare,阵地战,NOUN
Steppenbildung,steppification,草原荒漠化,NOUN
Sterbensangst,mortal fear,惊恐万状,NOUN
Sternstunde,hour of glory,辉煌时刻,NOUN
Steueraufkommen,tax revenue,税收收入,NOUN
Steuerbord,starboard side,右舷,NOUN
Steuerflucht,tax flight,逃税外流,NOUN
Steuerlast,tax burden,税收负担,NOUN
sticheln,to make barbed remarks,含沙射影,VERB
Stigmatisierung,stigmatization,污名化,NOUN
Stilisierung,stylization,风格化,NOUN
stilllegen,to shut down operations,停产,VERB
Stillosigkeit,lack of style,粗俗无格,NOUN
Stilmittel,stylistic device,修辞手法,NOUN
Stilverfall,decay of style,风格衰败,NOUN
Stimmführung,voice leading,声部进行,NOUN
Stoffwechselstörung,metabolic disorder,代谢紊乱,NOUN
Stollen,mine gallery,矿井平巷,NOUN
Strafaussetzung,suspension of sentence,缓刑,NOUN
Strafbefehl,penal order,刑事处罚令,NOUN
Strafexpedition,punitive expedition,惩罚性远征,NOUN
Straffreiheit,impunity,免受惩罚,NOUN
Strafmaß,measure of punishment,刑罚尺度,NOUN
Strafmilderung,mitigation of sentence,减轻刑罚,NOUN
strafversetzen,to transfer as a disciplinary measure,惩戒性调任,VERB
Strafverteidigung,criminal defense,刑事辩护,NOUN
Strafvollzug,penal system,刑罚执行,NOUN
Strafzumessung,sentencing,量刑,NOUN
Strahlenbelastung,radiation exposure,辐射负荷,NOUN
Strahlenschutz,radiation protection,辐射防护,NOUN
Strategem,stratagem,计谋策略,NOUN
Streitfrage,disputed question,争议问题,NOUN
Streitkultur,culture of debate,论辩文化,NOUN
Streitpunkt,point of contention,争议焦点,NOUN
Strukturwandel,structural change,结构转型,NOUN
Strömungslehre,fluid dynamics,流体力学,NOUN
Studienabbrecher,university dropout,辍学者,NOUN
Studiengebühr,tuition fee,学费,NOUN
Studienplatzvergabe,allocation of study places,录取名额分配,NOUN
Sturköpfigkeit,stubbornness,顽固固执,NOUN
Sturmflut,storm surge,风暴潮,NOUN
Störanfälligkeit,susceptibility to interference,易受干扰性,NOUN
Störfall,industrial accident,工业事故,NOUN
Störungsbehebung,fault clearing,故障排除,NOUN
Sublimation,chemical sublimation,化学升华,NOUN
subsumieren,to subsume under a rule,归类援引,VERB
Subventionsabbau,reduction of subsidies,削减补贴,NOUN
Subventionsbetrug,subsidy fraud,补贴诈骗,NOUN
suggerieren,to suggest by implication,暗示,VERB
Suggestibilität,suggestibility,易受暗示性,NOUN
Suggestion,subliminal suggestion,暗示作用,NOUN
Supraleitung,superconductivity,超导电性,NOUN
Symptomatik,symptom complex,症状表现,NOUN
Synkopierung,syncopation,切分处理,NOUN
Syntax,syntax,句法,NOUN
systematisieren,to systematize,系统化,VERB
Söldnerheer,mercenary army,雇佣军团,NOUN
sühnen,to atone,赎罪补偿,VERB
Tabubruch,violation of a taboo,禁忌突破,NOUN
tabuisieren,to make taboo,使成禁忌,VERB
Tabuisierung,making into a taboo,禁忌化,NOUN
Tagebau,opencast mining,露天开采,NOUN
Tagesaktualität,current news coverage,时事报道,NOUN
Takelage,rigging,帆缆索具,NOUN
Tarifautonomie,autonomy of collective bargaining,劳资谈判自治,NOUN
Tarifbindung,collective agreement coverage,劳资协议约束,NOUN
Tarifkonflikt,labor dispute,劳资冲突,NOUN
Tarifverhandlung,wage negotiation,工资谈判,NOUN
Tektonik,tectonics,构造地质学,NOUN
Teleologie,teleology,目的论,NOUN
Termingeschäft,futures transaction,期货交易,NOUN
Textkritik,textual criticism,校勘学,NOUN
Therapieansatz,approach to therapy,治疗方案,NOUN
Thermalquelle,thermal spring,温泉,NOUN
Thermodynamik,thermodynamics,热力学,NOUN
Thrombose,thrombosis,血栓栓塞,NOUN
Tiefseeerkundung,deep-sea exploration,深海探测,NOUN
Tiefsinn,profound brooding,深沉思虑,NOUN
Tilgung,repayment of debt,偿还债务,NOUN
Titration,titration,滴定,NOUN
titrieren,to titrate,滴定测定,VERB
Todesmut,defiance of death,视死如归,NOUN
Todesstoß,death blow,致命一击,NOUN
Tongeschlecht,major or minor mode,调式大小性,NOUN
Tonnage,tonnage,吨位,NOUN
Topologie,topology,拓扑学,NOUN
Totalitarismus,totalitarianism,极权主义,NOUN
trachten,to strive for,谋求,VERB
Tragfähigkeit,load-bearing capacity,承载力,NOUN
Tragwerk,structural support system,承重结构,NOUN
Trainingsbelastung,training load,训练负荷,NOUN
Traktat,treatise,论著,NOUN
traktieren,to pester and plague,折磨纠缠,VERB
tranchieren,to carve meat expertly,切割装盘,VERB
Transaktionskosten,transaction costs,交易成本,NOUN
Transzendentalphilosophie,transcendental philosophy,先验哲学,NOUN
transzendieren,to transcend,超越,VERB
Trauerspiel,tragedy,悲惨结局,NOUN
traumatisieren,to traumatize,造成创伤,VERB
Treibhausgasemission,greenhouse gas emission,温室气体排放,NOUN
triangulieren,to triangulate,三角测量,VERB
Triebfeder,driving motive,动力所在,NOUN
Trinkwasserversorgung,drinking water supply,饮用水供应,NOUN
Tritonus,tritone,三全音,NOUN
trockenlegen,to drain,排干,VERB
Truppenabzug,military withdrawal,撤军,NOUN
Truppenaufmarsch,military deployment,兵力集结,NOUN
Trübsal,affliction and gloom,愁云惨淡,NOUN
Turbulenz,turbulence,湍流,NOUN
typisieren,to typify,归类定型,VERB
tändeln,to flirt playfully,调笑嬉戏,VERB
Tätigkeitsfeld,field of activity,工作领域,NOUN
umdeuten,to reinterpret,重新诠释,VERB
Umgänglichkeit,approachability,易亲近性,NOUN
umherirren,to wander about lost,流离徘徊,VERB
Umkehrschluss,converse inference,反向推论,NOUN
umklammern,to clutch convulsively,死死攥住,VERB
umranken,to twine around as decoration,缠绕点缀,VERB
Umsatzeinbuße,loss of revenue,营收损失,NOUN
umschlingen,to twine around and enfold,环绕拥绕,VERB
Umschuldung,debt rescheduling,债务重组,NOUN
Umständlichkeit,cumbersomeness,繁琐拖沓,NOUN
Umverteilung,redistribution,再分配,NOUN
Umweltbelastung,environmental burden,环境负荷,NOUN
Umweltbewusstsein,environmental awareness,环保意识,NOUN
Umweltkatastrophe,environmental catastrophe,环境灾难,NOUN
Umweltkriminalität,environmental crime,环境犯罪,NOUN
Umweltstandard,environmental standard,环境标准,NOUN
Umweltverträglichkeit,environmental compatibility,环境相容性,NOUN
umwerten,to revaluate,重估价值,VERB
umwölken,to cloud over poetically,云雾笼罩,VERB
Unabdingbarkeit,inalienability,不可让渡性,NOUN
Unbeteiligtheit,non-involvement,置身事外,NOUN
Uneigennützigkeit,unselfishness,无私,NOUN
Unerbittlichkeit,inexorability,铁面无情,NOUN
Unergründlichkeit,inscrutability,高深莫测,NOUN
Unfallflucht,hit-and-run offense,肇事逃逸,NOUN
Ungemach,adversity,坎坷不顺,NOUN
Ungereimtheit,inconsistency,可疑破绽,NOUN
Unheil,looming disaster,灾祸不祥,NOUN
Unnachgiebigkeit,inflexibility,毫不让步,NOUN
Unsachlichkeit,lack of objectivity,失于主观,NOUN
Unstern,star of misfortune,厄运之星,NOUN
Untauglichkeit,unsuitability,不合用性,NOUN
Unterbeschäftigung,underemployment,就业不足,NOUN
unterbieten,to undercut,压价低于,VERB
Unterdosierung,under-dosing,剂量不足,NOUN
unterfangen,to dare to undertake,胆敢从事,VERB
unterfüttern,to line a garment,加内衬,VERB
Untergrundbewegung,underground movement,地下抵抗运动,NOUN
Untergrundkampf,clandestine struggle,地下斗争,NOUN
Unterhaltsanspruch,maintenance claim,抚养费请求权,NOUN
unterjochen,to subjugate under a yoke,奴役压服,VERB
unterlaufen,to occur inadvertently,意外发生,VERB
untermauern,to underpin,支撑佐证,VERB
untermischen,to intermix imperceptibly,掺入混杂,VERB
Unternehmensberatung,management consulting,管理咨询,NOUN
Unternehmensübernahme,company takeover,企业收购,NOUN
unterpflügen,to plow into the soil,翻土埋入,VERB
Unterstellung,insinuating claim,臆断指控,NOUN
Untertagebau,underground mining,地下开采,NOUN
Untertreibung,understatement,轻描淡写,NOUN
unterwandern,to infiltrate by stealth,渗透瓦解,VERB
unterweisen,to instruct in a discipline,传授教导,VERB
Unumstößlichkeit,irrevocability,不可动摇性,NOUN
Unverfrorenheit,audacious shamelessness,肆无忌惮,NOUN
Urheberrechtsverletzung,copyright infringement,侵犯著作权,NOUN
Ursachenkette,chain of causes,因果链,NOUN
Urteilsbegründung,reasoning of a judgment,判决理由,NOUN
Urteilsfindung,formation of a judgment,判决形成,NOUN
Urteilsspruch,pronouncement of judgment,判决宣告,NOUN
Urvertrauen,basic trust,基本信任,NOUN
validieren,to validate,验证,VERB
veranschlagen,to estimate a budget,估算列入预算,VERB
verballhornen,to garble and distort,歪曲讹传,VERB
verbeamen,to make a civil servant,使成公务员,VERB
Verbohrtheit,blinkered stubbornness,顽固偏执,NOUN
Verbraucherrückgang,decline in consumption,消费下降,NOUN
verbrämen,to sugarcoat,粉饰,VERB
Verbundwerkstoff,composite material,复合材料,NOUN
Verdauungsapparat,digestive system,消化系统,NOUN
Verderbnis,corruption and decay,堕落腐化,NOUN
Verdienstausfall,loss of earnings,误工损失,NOUN
verdinglichen,to reify,物化,VERB
Verdrängung,repression,压抑,NOUN
verdübeln,to dowel together,销钉固定,VERB
vereinnahmen,to appropriate,收编,VERB
Vereinnahmung,appropriation,收编,NOUN
Verfahrenstechnik,process engineering,工艺技术,NOUN
Verfassungsbeschwerde,constitutional complaint,宪法申诉,NOUN
Verfassungsgericht,constitutional court,宪法法院,NOUN
Verfassungsorgan,constitutional organ,宪法机构,NOUN
Verfassungsstaat,constitutional state,宪政国家,NOUN
Verflechtung,intertwining of interests,利益交织,NOUN
verflüchtigen,to evaporate away,消散淡化,VERB
verfugen,to mortar the joints,勾缝抹缝,VERB
Verfügungsgewalt,power of disposition,处分权,NOUN
Vergänglichkeit,transience,转瞬即逝,NOUN
Verhandlungsführung,conduct of negotiations,谈判方式,NOUN
Verhandlungsgeschick,negotiating skill,谈判技巧,NOUN
Verhandlungsmandat,negotiating mandate,谈判授权,NOUN
verharren,to linger motionless,停留不动,VERB
verheeren,to ravage and devastate,蹂躏肆虐,VERB
verhängen,to impose a penalty,科处,VERB
verhöhnen,to ridicule,嘲弄,VERB
verifizieren,to verify,核实,VERB
verjähren,to become statute-barred,过了时效,VERB
Verjährung,statute of limitations,时效,NOUN
Verjährungsfrist,limitation period,时效期限,NOUN
verklausulieren,to hedge in wording,委婉措辞,VERB
verklären,to idealize transfigure,美化,VERB
verknappen,to make scarce,使紧缺,VERB
Verknappung,shortage,紧缺,NOUN
verkranken,to fall ill,罹病,VERB
Verkümmerung,withering stunting,萎缩凋敝,NOUN
Verkündung,proclamation,宣告,NOUN
verlautbaren,to make known officially,公告,VERB
verleiden,to spoil the taste for,使人生厌,VERB
Verlogenheit,tendency to lie,谎话连篇,NOUN
verlosen,to raffle off,抽奖发售,VERB
Verlustangst,fear of loss,害怕失去,NOUN
Verlustverrechnung,loss offsetting,亏损抵扣,NOUN
Verlässlichkeit,reliability,可靠可信,NOUN
vermengen,to blend together,混合掺杂,VERB
vermerken,to note down,记下,VERB
Vermessenheit,overreaching presumption,狂妄自大,NOUN
Vermessungskunde,surveying,测绘学,NOUN
verminen,to lay mines in,布设地雷,VERB
Vermögenssteuer,wealth tax,财产税,NOUN
Vermüllung,littering,乱丢垃圾,NOUN
vernageln,to nail shut and seal off,封闭钉死,VERB
Vernarrtheit,infatuation,痴迷,NOUN
Vernehmung,interrogation,讯问,NOUN
verpachten,to lease out,出租,VERB
Verpflichtungserklärung,declaration of commitment,担保声明,NOUN
Verpfändung,pledging,抵押,NOUN
verplanen,to fill up entirely with plans,排满日程,VERB
verprassen,to squander recklessly,挥霍殆尽,VERB
verquicken,to blend closely,融合交织,VERB
verramschen,to sell off dirt cheap,贱卖甩卖,VERB
verrenken,to wrench out of joint,扭伤脱臼,VERB
versalzen,to spoil the deal figuratively,使泡汤,VERB
versanden,to silt up,淤塞,VERB
verschanzen,to entrench oneself,筑垒固守,VERB
verscherzen,to forfeit through folly,因蠢失掉,VERB
Verschiffung,shipment by sea,海运发运,NOUN
Verschlagenheit,cunning craftiness,阴险,NOUN
Verschleißerscheinung,signs of wear,磨损迹象,NOUN
Verschlossenheit,reservedness,缄默内向,NOUN
verschmähen,to spurn,不屑,VERB
verschnörkeln,to embellish excessively,过度修饰,VERB
Verschraubung,screwed fitting,螺纹接头,NOUN
verschriftlichen,to commit to writing,书面化,VERB
Verschwommenheit,blur and vagueness,模糊不清,NOUN
versehren,to wound grievously,重创伤害,VERB
verseifen,to saponify,皂化,VERB
Verseifung,saponification,皂化,NOUN
Versetzung,transfer,调岗,NOUN
versilbern,to sell off assets to pay,变卖家当,VERB
Versorgungsanspruch,entitlement to benefits,供养请求权,NOUN
Versorgungslinie,supply line,补给线,NOUN
Versorgungssicherheit,security of supply,供应保障,NOUN
Verspottung,mocking derision,嘲弄讥笑,NOUN
Verstandesschärfe,acuity of mind,思维敏锐,NOUN
verstauben,to gather dust,蒙尘闲置,VERB
versteigern,to auction off,拍卖变卖,VERB
Verstocktheit,obstinacy,顽固不化,NOUN
Verständigungsbereitschaft,willingness to communicate,沟通意愿,NOUN
Verstörtheit,disconcertion,慌乱不安,NOUN
versumpfen,to become mired and stagnant,陷于停滞,VERB
Verteidigungsbereitschaft,combat readiness,战备状态,NOUN
Verteidigungsbudget,defense budget,国防预算,NOUN
Verteidigungsfall,defense emergency case,防御紧急状态,NOUN
verteufeln,to demonize,妖魔化,VERB
Vertretungsmacht,power of representation,代理权限,NOUN
vertändeln,to fritter away,虚掷光阴,VERB
verunglimpfen,to disparage,污蔑,VERB
verunklaren,to obfuscate deliberately,故意搅浑,VERB
verunstalten,to mar the appearance of,破坏观感,VERB
Verurteilter,convicted person,被判刑者,NOUN
verwahren,to keep in custody,收押,VERB
Verwahrlosung,neglect and decay,荒废失管,NOUN
verwaisen,to become deserted and empty,变得荒凉,VERB
Verwaltungsakt,administrative act,行政行为,NOUN
Verwaltungsapparat,administrative apparatus,行政机构,NOUN
Verwaltungsgericht,administrative court,行政法院,NOUN
Verwaltungsrecht,administrative law,行政法,NOUN
verwehren,to deny,拒绝给予,VERB
verweichlichen,to make soft and weak,使软弱,VERB
verwerten,to exploit commercially,加以利用,VERB
Verwirkung,forfeiture through disuse,权利失效,NOUN
Verwirrtheit,confusion,神志混乱,NOUN
Verwischung,blurring of boundaries,模糊界限,NOUN
verwittern,to weather away,风化剥蚀,VERB
Verworrenheit,confused tangle,杂乱无章,NOUN
verwässern,to dilute and weaken,掺水弱化,VERB
verwünschen,to call down curses on,诅咒唾弃,VERB
Verzinkung,galvanization,镀锌,NOUN
Verzinsung,interest accrual,计息,NOUN
verzollen,to charge duty on,征收关税,VERB
verzurren,to lash down securely,捆牢固定,VERB
Verzweiflungstat,act of desperation,绝望之举,NOUN
veräußern,to sell off,变卖,VERB
Veräußerung,alienation of property,转让,NOUN
Volatilität,volatility,波动性,NOUN
Volksabstimmung,referendum,全民公投,NOUN
Volksaufstand,popular uprising,民众起义,NOUN
Volksbefragung,popular consultation,全民问询,NOUN
Volkseinkommen,national income,国民收入,NOUN
Volksvertretung,parliament,人民代表机构,NOUN
Vollbeschäftigung,full employment,充分就业,NOUN
Vollnarkose,general anesthesia,全身麻醉,NOUN
vollstrecken,to enforce,执行,VERB
Vollstreckung,enforcement,执行,NOUN
Vollstreckungsbeschluss,enforcement order,执行决定,NOUN
Vollziehung,execution of an act,执行实施,NOUN
Voluntarismus,voluntarism,唯意志论,NOUN
vorauseilen,to run ahead in time,先行一步,VERB
Vorbehalt,reservation,保留意见,NOUN
Vorbildwirkung,exemplary effect,示范作用,NOUN
vorbringen,to put forward,提出陈述,VERB
Vorhalt,confrontation with evidence,对质提示,NOUN
Vorhersagemodell,predictive model,预测模型,NOUN
Vormachtstellung,position of preeminence,霸主地位,NOUN
Vorposten,outpost,前哨,NOUN
Vorratsdatenspeicherung,retention of data,数据留存,NOUN
Vorratshaltung,stockkeeping,库存管理,NOUN
Vorruhestand,early retirement,提前退休,NOUN
vorschießen,to advance money,垫付,VERB
Vortragsbezeichnung,expression marking,演奏标记,NOUN
Vorurteilslosigkeit,absence of prejudice,没有成见,NOUN
Vorverurteilung,premature condemnation,未审定罪,NOUN
vorzeichnen,to outline in advance,预先勾勒,VERB
Vorzugsaktie,preference share,优先股,NOUN
Vulkanismus,volcanism,火山作用,NOUN
Völkerrecht,international law,国际法,NOUN
Völkerrechtsbruch,violation of international law,违反国际法,NOUN
Wachstumsbranche,growth sector,增长行业,NOUN
Waffengang,armed confrontation,武力交锋,NOUN
Waffenruhe,ceasefire,停火,NOUN
Waffenstillstandsabkommen,armistice agreement,停战协定,NOUN
Wahlberechtigung,eligibility to vote,选举资格,NOUN
Wahlfälschung,election fraud,选举舞弊,NOUN
Wahlspruch,motto,座右铭,NOUN
Wahnbild,delusional image,妄想图景,NOUN
Wahrscheinlichkeitsrechnung,probability calculus,概率计算,NOUN
Waldschaden,forest damage,森林损害,NOUN
Waldsterben,forest dieback,森林死亡,NOUN
Wallung,surge of hot emotion,情感翻腾,NOUN
Walzwerk,rolling mill,轧钢厂,NOUN
Wanderlust,desire to roam,漫游欲,NOUN
Wankelmütigkeit,fickleness,摇摆不定,NOUN
Warmherzigkeit,warmheartedness,热心肠,NOUN
Wartungsintervall,maintenance interval,保养周期,NOUN
Wasseraufbereitung,water treatment,水处理,NOUN
Wasserknappheit,water scarcity,水资源短缺,NOUN
Wasserkreislauf,water cycle,水循环,NOUN
Wasserstand,water level,水位,NOUN
Wasserstraße,waterway,水道,NOUN
Wasserverschmutzung,water pollution,水污染,NOUN
Wasservorkommen,water resources,水资源,NOUN
Wattenmeer,wadden sea,潮汐滩涂,NOUN
Wechselbad,alternating ups and downs,起落沉浮,NOUN
Wechselkursschwankung,exchange rate fluctuation,汇率波动,NOUN
Wechselwirkung,interaction,相互作用,NOUN
Wehmut,tender sadness,惆怅,NOUN
Wehrlosigkeit,defenselessness,毫无防御,NOUN
Weisungsbefugnis,authority to issue directives,指挥权,NOUN
Wellenkamm,wave crest,波峰,NOUN
Wellenkraftwerk,wave power plant,波浪电站,NOUN
Wellental,wave trough,波谷,NOUN
Weltbetrachtung,contemplation of the world,世界观照,NOUN
Weltdeutung,interpretation of the world,世界阐释,NOUN
Weltferne,remoteness from the world,与世隔绝,NOUN
Weltflucht,escapism,避世,NOUN
Weltgewandtheit,worldly poise,处世圆熟,NOUN
Weltliteratur,world literature,世界文学,NOUN
Weltläufigkeit,worldliness,见多识广,NOUN
Weltmacht,world power,世界强权,NOUN
Weltmarktpreis,world market price,世界市场价格,NOUN
Weltmüdigkeit,world-weariness,厌倦尘世,NOUN
Weltpolitik,world politics,世界政治,NOUN
Weltschmerz,world-weariness,人间忧郁,NOUN
Weltzuwendung,turn toward the world,面向现实,NOUN
Werkstoffprüfung,materials testing,材料检验,NOUN
Werkstoffwissenschaft,materials science,材料科学,NOUN
Wertminderung,loss of value,价值减损,NOUN
Wertpapierbörse,securities exchange,证券交易所,NOUN
Wertschöpfung,value creation,增值产出,NOUN
Wertschöpfungskette,value chain,价值链,NOUN
Wertsteigerung,appreciation of value,增值,NOUN
Werturteil,value judgment,价值判断,NOUN
Wesensschau,intuitive insight,本质直观,NOUN
Westbindung,alignment with the West,靠拢西方,NOUN
Wetterextrem,extreme weather event,极端天气,NOUN
Wichtigtuerei,self-importance,自命不凡,NOUN
widerfahren,to befall someone,降临于身,VERB
widerhallen,to resound in echo,回荡激荡,VERB
Widerspenstigkeit,insubordination,桀骜不驯,NOUN
Widerspruchsfreiheit,absence of contradiction,自洽无矛盾,NOUN
Widerspruchsverfahren,administrative appeal procedure,行政复议程序,NOUN
Widerwärtigkeit,loathsomeness,令人作呕,NOUN
Wiedereingliederung,reintegration,重新融入,NOUN
Wilderei,poaching,盗猎,NOUN
Wilderer,poacher,偷猎者,NOUN
Wildwuchs,uncontrolled growth,疯长蔓延,NOUN
Willensbildung,formation of the will,意志形成,NOUN
Willensentschluss,decision of the will,意志决断,NOUN
Willensfreiheit,freedom of the will,意志自由,NOUN
willfahren,to comply obligingly,欣然照办,VERB
Willkürlichkeit,arbitrariness,恣意妄为,NOUN
Windbruch,storm damage to trees,风折损坏,NOUN
Windböe,wind gust,阵风,NOUN
Windlast,wind load,风荷载,NOUN
Windrad,wind turbine,风车,NOUN
Windrose,compass rose,风向图,NOUN
Wirbelsäulenverkrümmung,spinal curvature,脊柱弯曲,NOUN
Wirtschaftsförderung,economic development support,经济促进,NOUN
Wirtschaftsprüfung,auditing,审计,NOUN
Wirtschaftsstandort,economic location,经济区位,NOUN
Wissbegierde,thirst for knowledge,求知欲,NOUN
Wissensbestand,body of knowledge,知识储备,NOUN
Wissenschaftsbetrieb,academic enterprise,学术界,NOUN
Wissenschaftsfreiheit,freedom of scholarship,学术自由,NOUN
Wissenslücke,gap in knowledge,知识盲区,NOUN
Wohlstandsgefälle,prosperity gap,贫富差距,NOUN
Wortfügung,arrangement of words,词序组合,NOUN
Wortkargheit,lack of words,少言寡语,NOUN
Wortklugheit,verbal cleverness,巧于言辞,NOUN
Wortlaut,verbatim wording,原话文本,NOUN
Wortschöpfung,coinage of a word,造词,NOUN
Wucher,usury,高利贷,NOUN
wuchten,to heave up laboriously,费力搬举,VERB
Wundstarrkrampf,tetanus,破伤风,NOUN
Währungskrise,currency crisis,货币危机,NOUN
wälzen,to roll ponderously,翻滚辗转,VERB
Wärmedämmung,thermal insulation,保温隔热,NOUN
Wärmepumpe,heat pump,热泵,NOUN
Wärmerückgewinnung,heat recovery,余热回收,NOUN
Wünschelrute,divining rod,占卜魔杖,NOUN
Zahlungsbefehl,payment order,支付令,NOUN
Zahlungsbilanz,balance of payments,国际收支,NOUN
Zahlungseinstellung,suspension of payments,停止支付,NOUN
Zahlungsmoratorium,payment moratorium,支付延期,NOUN
Zahlungsziel,payment term,付款期限,NOUN
zehren,to eat away at,侵蚀消耗,VERB
Zeitzeuge,contemporary witness,时代见证人,NOUN
Zellstoff,wood pulp,纸浆,NOUN
Zellteilung,cell division,细胞分裂,NOUN
Zementmörtel,cement mortar,水泥砂浆,NOUN
Zentralbank,central bank,中央银行,NOUN
zerfließen,to melt into a blur,消融消散,VERB
zergehen,to dissolve away,消融化解,VERB
Zerknirschtheit,contrition,悔恨,NOUN
Zermürbung,attrition,消耗磨损,NOUN
zerpflücken,to pick to pieces,拆解剖析,VERB
zerquetschen,to crush flat,碾压压碎,VERB
Zerrissenheit,inner conflict,内心撕裂,NOUN
Zerrüttung,disintegration,分崩离析,NOUN
zerschellen,to shatter on impact,撞得粉碎,VERB
zerschmettern,to smash to smithereens,击得粉碎,VERB
zersetzen,to corrode and decompose,瓦解侵蚀,VERB
Zersiedelung,urban sprawl,无序扩张,NOUN
Zersplitterung,fragmentation,碎片化,NOUN
zerstieben,to disperse like dust,烟消云散,VERB
Zerstreuung,amusing pastime,消遣散心,NOUN
Zerstörungswut,destructive frenzy,破坏欲,NOUN
zertifizieren,to certify,认证,VERB
zertrampeln,to trample down,践踏,VERB
zerwühlen,to dig up in disarray,翻得凌乱,VERB
zetern,to wail and clamor,叫嚷吵闹,VERB
Zeugnisverweigerungsrecht,right to refuse testimony,拒证权,NOUN
Zimperlichkeit,over-fastidiousness,矫揉造作,NOUN
Zinseszins,compound interest,复利,NOUN
Zinssenkung,interest rate cut,降息,NOUN
ziselieren,to chase and engrave,雕琢镌刻,VERB
Ziselierung,chased decoration,錾花工艺,NOUN
Zivilisationskrankheit,disease of modern civilization,现代文明病,NOUN
Zivilschutz,civil defense,民防,NOUN
Zollschranke,customs barrier,关税壁垒,NOUN
Zollunion,customs union,关税同盟,NOUN
Zonierung,zoning,分区,NOUN
zubilligen,to grant,授予,VERB
Zudringlichkeit,intrusiveness,纠缠不休,NOUN
Zugbeanspruchung,tensile stress,拉伸应力,NOUN
Zugehörigkeitsgefühl,sense of belonging,归属感,NOUN
Zugespitztheit,pointedness of expression,措辞犀利,NOUN
Zugfestigkeit,tensile strength,抗拉强度,NOUN
Zugkraft,attractive force,吸引力,NOUN
Zulassungsbeschränkung,admission restriction,准入限制,NOUN
Zunder,scale on hot metal,氧化皮,NOUN
zuraten,to counsel acceptance,劝其应允,VERB
zurechnen,to attribute to,归属于,VERB
Zurechnungsfähigkeit,criminal responsibility,刑事责任能力,NOUN
Zurechtweisung,reprimand,训诫,NOUN
Zurückgezogenheit,withdrawnness,遁世离群,NOUN
Zuspitzung,sharpening of a statement,言辞尖锐化,NOUN
Zustandsänderung,change of state,状态变化,NOUN
zuströmen,to flow in,涌入,VERB
Zuständigkeitsbereich,area of responsibility,职权范围,NOUN
Zuträglichkeit,beneficialness,有益性,NOUN
zuwiderhandeln,to act contrary to,背道而驰,VERB
Zuwiderhandlung,violation of a rule,违反规定,NOUN
Zwanglosigkeit,informality,不拘礼节,NOUN
Zwangsgedanke,obsessive thought,强迫观念,NOUN
Zwangsrekrutierung,forced conscription,强征入伍,NOUN
Zwangsstörung,compulsive disorder,强迫症,NOUN
Zwangsverpflichtung,forced obligation,强制征用,NOUN
Zwangsversteigerung,forced auction,强制拍卖,NOUN
Zwangsvollstreckung,compulsory enforcement,强制执行,NOUN
Zwangsvorstellung,compulsive notion,强迫想法,NOUN
zweckentfremden,to misuse for another purpose,挪用,VERB
Zwiegespräch,dialogue between two,二人对谈,NOUN
Zwiespalt,inner conflict,内心矛盾,NOUN
Zwiespältigkeit,ambivalence,矛盾并存,NOUN
Zwietracht,discord,不和,NOUN
Zwillingsforschung,twin research,双胞胎研究,NOUN
Zwischenfall,incident,突发事件,NOUN
Zwischenlager,interim storage facility,中间贮存库,NOUN
Zwischenmenschlichkeit,interpersonal warmth,人情味,NOUN
Zytologie,cytology,细胞学,NOUN
Zählerstand,meter reading,表读数,NOUN
Zündstoff,explosive material,引爆点,NOUN
züngeln,to flicker like tongues of flame,火舌闪烁,VERB
ästhetisieren,to aestheticize,审美化,VERB
Öffentlichkeitsarbeit,public relations work,公关工作,NOUN
ökologisieren,to ecologicalize,生态化改造,VERB
überantworten,to commit into someone's care,托付移交,VERB
überbetonen,to overemphasize,过分强调,VERB
überdüngen,to over-fertilize,过度施肥,VERB
Überdüngung,over-fertilization,过度施肥,NOUN
übereilen,to act with undue haste,仓促行事,VERB
Übergangsfrist,transitional deadline,过渡期限,NOUN
Übergangsregelung,transitional arrangement,过渡规定,NOUN
Überholvorgang,overtaking maneuver,超车动作,NOUN
Überlastung,overloading,超负荷,NOUN
Überlieferungsgeschichte,history of transmission,传承史,NOUN
übermannen,to overpower completely,压倒制服,VERB
Übernahmeangebot,takeover bid,收购要约,NOUN
überordnen,to place above in rank,置于更高层级,VERB
überrennen,to overrun,横扫碾压,VERB
Überschuldung,excessive indebtedness,负债过重,NOUN
Überschwang,overflowing exuberance,奔涌激情,NOUN
Überschwemmungsgebiet,floodplain,洪泛区,NOUN
überschütten,to shower upon someone,劈头盖脸倾注,VERB
überspannen,to overstretch,过分拉伸,VERB
übersteigern,to exaggerate beyond measure,过度拔高,VERB
überstrapazieren,to strain beyond endurance,滥用无度,VERB
überwuchern,to grow over rampantly,疯长淹没,VERB
überzeichnen,to caricature by exaggeration,夸张失实,VERB
Überzeugungsarbeit,persuasive effort,说服工作,NOUN
Überzeugungskraft,power of conviction,说服力,NOUN
allenfalls,if need be,万不得已时,ADV
allenthalben,everywhere,四处各处,ADV
allesamt,all together,一应全都,ADV
allzeit,at all times,任何时候都,ADV
alsbald,promptly,随即立刻,ADV
althergebracht,time-honoured,世代相传的,ADJ
amtlich,official,官方的,ADJ
anfällig,susceptible,易受影响的,ADJ
angreifbar,vulnerable,易受攻击的,ADJ
anrüchig,disreputable,名声不佳的,ADJ
anstehend,upcoming,即将来临的,ADJ
arbeitsam,industrious,勤劳的,ADJ
arglistig,devious,狡诈的,ADJ
artverwandt,kindred,同类的,ADJ
aufsehenerregend,sensational,轰动一时的,ADJ
ausgewogen,balanced,均衡的,ADJ
ausschweifend,excessive,放纵无度的,ADJ
ausweglos,hopeless,无出路的,ADJ
bedauerlicherweise,regrettably,令人遗憾地,ADV
bedingungslos,unconditional,无条件的,ADJ
bedrückend,oppressive,令人压抑的,ADJ
befähigt,competent,能胜任的,ADJ
begehrt,sought-after,令人向往的,ADJ
beiweitem,by far,悬殊地,ADV
bekanntlich,as is well known,众所周知地,ADV
beklemmend,anguishing,令人窒息的,ADJ
beliebig,arbitrary,任意的,ADJ
berufstätig,employed,在职的,ADJ
bestenfalls,at best,最好情况下,ADV
betörend,enticing,迷人的,ADJ
bewährt,proven,经过考验的,ADJ
bezeichnenderweise,tellingly,颇具说明性地,ADV
biographisch,biographical,传记的,ADJ
blamabel,embarrassing,丢脸的,ADJ
brandaktuell,right up to date,最新热门的,ADJ
brandgefährlich,hazardous,极其危险的,ADJ
brisant,explosive,敏感棘手的,ADJ
brüchig,brittle,脆弱易碎的,ADJ
brüsk,abrupt,生硬唐突的,ADJ
couragiert,brave,有胆识的,ADJ
delikat,delicate,微妙棘手的,ADJ
demgegenüber,in contrast,与此相对,ADV
demzufolge,accordingly,照此看来,ADV
deplatziert,out of place,不合时宜的,ADJ
derart,so intensely,如此这般地,ADV
derb,coarse,粗俗的,ADJ
desillusioniert,disillusioned,幻想破灭的,ADJ
desungeachtet,nonetheless,尽管如此,ADV
dezent,discreet,低调含蓄的,ADJ
diesbezüglich,in this regard,就此而言,ADV
diffamierend,defamatory,诽谤性的,ADJ
divers,diverse,各式各样的,ADJ
drollig,amusing,滑稽有趣的,ADJ
drängend,pressing,紧迫的,ADJ
dubios,dubious,可疑的,ADJ
effektvoll,showy,富有感染力的,ADJ
ehrenwert,honourable,可敬的,ADJ
eigenhändig,personally by hand,亲手地,ADV
eigenmächtig,on one's own authority,自作主张地,ADV
eindringlich,insistent,恳切的,ADJ
einschüchternd,intimidating,令人生畏的,ADJ
einstweilen,for the time being,暂且,ADV
entrückt,removed,远离尘世的,ADJ
entsprechend,correspondingly,相应地,ADV
entwaffnend,disarming,令人放下戒心的,ADJ
erfreulicherweise,happily,可喜的是,ADV
ergebnislos,inconclusive,无结果的,ADJ
ergiebig,productive,富有成效的,ADJ
erlaubterweise,justifiably,有理由地,ADV
ermüdend,tedious,令人疲倦的,ADJ
ernüchternd,sobering,令人清醒的,ADJ
erstaunlicherweise,astonishingly,令人惊讶地,ADV
erstmals,for the first time,首次,ADV
erwartungsgemäß,as expected,不出所料,ADV
erzürnt,enraged,恼怒的,ADJ
farbenfroh,colourful,色彩缤纷的,ADJ
fatal,calamitous,倒霉至极的,ADJ
fehlerfrei,flawless,毫无差错的,ADJ
feindselig,hostile,敌对的,ADJ
feinsinnig,subtle and sensitive,细腻敏锐的,ADJ
fernab,far away,远离尘嚣地,ADV
ferner,furthermore,此外再者,ADV
flatterhaft,fickle,反复无常的,ADJ
fortwährend,continually,持续不断地,ADV
fraglos,undoubtedly,无可置疑地,ADV
frappierend,striking,惊人的,ADJ
frauenfeindlich,misogynistic,歧视女性的,ADJ
freilich,of course,固然没错,ADV
freizügig,permissive,开放不拘的,ADJ
freudig,joyful,喜悦的,ADJ
freundlicherweise,kindly,出于好意地,ADV
frühzeitig,in good time,及早地,ADV
gebrechlich,frail,衰老体弱的,ADJ
gedanklich,mental,思想上的,ADJ
gediegen,refined,精湛的,ADJ
gehaltreich,rich in content,内涵丰富的,ADJ
gehoben,upmarket,中高档的,ADJ
geläufig,current and familiar,广为流传的,ADJ
genussvoll,pleasurable,尽情享受的,ADJ
genügsam,frugal,知足节俭的,ADJ
geradeheraus,frankly,直截了当地,ADV
geradlinig,straightforward,直截了当的,ADJ
geruhsam,leisurely,安逸悠闲的,ADJ
gesamthaft,overall,总体的,ADJ
gescheit,clever,精明能干的,ADJ
geschwind,quickly,麻利迅速地,ADV
geschäftstüchtig,business-savvy,善于经营的,ADJ
gestreng,stern,严厉刻板的,ADJ
gestrig,of yesterday,过时陈旧的,ADJ
gewitzt,streetwise,机灵乖巧的,ADJ
glanzvoll,brilliant,辉煌的,ADJ
gleichsam,as it were,仿佛一般地,ADV
glorreich,glorious,荣耀辉煌的,ADJ
gnadenlos,merciless,毫不留情的,ADJ
grausig,grisly,阴森恐怖的,ADJ
grell,garish,刺眼的,ADJ
griffig,tangible and catchy,简明易懂的,ADJ
gutgläubig,trusting,善良轻信的,ADJ
gänzlich,entirely,全然地,ADV
haarscharf,by a hair,差之毫厘地,ADV
halbwegs,fairly well,尚可地,ADV
halsstarrig,obstinate,固执倔强的,ADJ
haltlos,unfounded,毫无依据的,ADJ
handelsüblich,commercially standard,市售通行的,ADJ
handfest,tangible,确凿具体的,ADJ
hauptberuflich,as main occupation,主业上,ADV
heikel,tricky,棘手难堪的,ADJ
heilsam,beneficial,有疗效的,ADJ
heimisch,native,乡土特有的,ADJ
hemdsärmelig,blunt and direct,干脆直率的,ADJ
hierzulande,in this country,在我们这里,ADV
hinderlich,obstructive,碍事的,ADJ
hintergründig,profound,意味深长的,ADJ
hinterhältig,deceitful,阴险暗算的,ADJ
hochbegabt,gifted,天资极高的,ADJ
hochbetagt,very aged,年事已高的,ADJ
hochkarätig,top-class,顶尖一流的,ADJ
hochschwanger,heavily pregnant,临产在即的,ADJ
hohl,hollow,内里空洞的,ADJ
hämisch,spiteful,恶毒讥讽的,ADJ
höchlich,very much,极其地,ADV
höchstwahrscheinlich,most likely,极有可能,ADV
höhnisch,scornful,冷嘲热讽的,ADJ
höllisch,hellish,地狱般的,ADJ
inakzeptabel,unacceptable,不可接受的,ADJ
indes,however meanwhile,然而其间,ADV
indessen,meanwhile,与此同时,ADV
infam,infamous,卑劣至极的,ADJ
infolgedessen,consequently,由于这个缘故,ADV
inhaltsleer,devoid of substance,空洞无物的,ADJ
inhaltsreich,rich in substance,内容丰富的,ADJ
innenpolitisch,domestic-policy,内政的,ADJ
insgeheim,secretly,暗地里偷偷,ADV
insofern,insofar as,就此而言,SCONJ
instantan,instantaneously,瞬时即起,ADV
inständig,earnest,再三恳求的,ADJ
intakt,intact,完好无损的,ADJ
irrig,erroneous,谬误的,ADJ
kalkuliert,calculated,精心算计的,ADJ
karg,barren,贫瘠的,ADJ
keck,saucy,大胆俏皮的,ADJ
kennzeichnend,characteristic,标志性的,ADJ
konsequenterweise,consistently,一以贯之地,ADV
konziliant,conciliatory,温和调停的,ADJ
kopflos,panicky,昏了头的,ADJ
kraß,crass,极端失当的,ADJ
krisenfest,crisis-proof,抗危机的,ADJ
krisenhaft,crisis-ridden,危机重重的,ADJ
krude,crude,粗陋混乱的,ADJ
kulant,accommodating,通情达理的,ADJ
kunstfertig,artful,技艺娴熟的,ADJ
kurzsichtig,short-sighted,短视的,ADJ
kuschelig,soft and cosy,软和舒适的,ADJ
landläufig,commonly,世俗普遍地,ADV
leger,casual,轻松随意的,ADJ
leichtfertig,frivolous,轻率的,ADJ
leistungsfähig,capable,效率能力强的,ADJ
letztlich,ultimately,归根结底,ADV
lieblos,careless and loveless,敷衍马虎的,ADJ
luftig,airy,通风轻盈的,ADJ
mancherorts,in some places,在若干地方,ADV
manipulativ,manipulative,善于操纵的,ADJ
marode,dilapidated,破败不堪的,ADJ
maschinell,machine-based,机械化的,ADJ
maskulin,masculine,男性化的,ADJ
matt,weary,虚弱乏力的,ADJ
maßgeblich,authoritatively,权威决定性地,ADV
meistenteils,for the most part,多半情况下,ADV
menschenscheu,shy of people,怕见生人的,ADJ
merkwürdigerweise,strangely enough,令人奇怪地,ADV
minderjährig,underage,未成年的,ADJ
missgünstig,ill-disposed,心怀不满的,ADJ
mitleidlos,unmerciful,毫无同情心的,ADJ
multikulturell,multicultural,多元文化的,ADJ
nahezu,almost,近于几乎,ADV
namhaft,renowned,知名的,ADJ
naturgemäß,as is natural,顺理成章地,ADV
nebenher,on the side,一边兼着,ADV
neuerlich,once more,再度又,ADV
nichtsdestotrotz,nevertheless,尽管如此仍然,ADV
nichtsdestoweniger,nonetheless,依然照样,ADV
nimmermehr,never again,绝不再,ADV
notorisch,inveterate,屡见不鲜的,ADJ
nötigenfalls,if required,需要之时,ADV
obendrein,on top of that,此外还,ADV
obszön,obscene,淫秽下流的,ADJ
opferbereit,willing to sacrifice,甘于奉献的,ADJ
ordinär,vulgar,粗鄙不堪的,ADJ
organisatorisch,organisational,组织方面的,ADJ
paarweise,in pairs,成双成对地,ADV
panisch,panicky,惊慌失措的,ADJ
paradiesisch,paradisiacal,天堂般的,ADJ
paradoxerweise,paradoxically,出人矛盾地,ADV
partout,in any case,偏偏无论如何,ADV
pathetisch,grandiloquent,悲壮激昂的,ADJ
penibel,extremely thorough,吹毛求疵般细致的,ADJ
perfide,perfidious,奸诈阴险的,ADJ
plump,clumsy and boorish,笨拙粗鲁的,ADJ
pointiert,pithy,切中要害的,ADJ
prinzipiell,as a matter of principle,原则上相关的,ADJ
privilegiert,privileged,享有特权的,ADJ
profitabel,profitable,有盈余的,ADJ
provisorisch,interim,权宜临时性的,ADJ
provozierend,provocative,挑衅的,ADJ
prozentual,in percentage terms,按百分比,ADV
prätentiös,affected,矫揉造作的,ADJ
pubertär,adolescent,青春期的,ADJ
punktuell,selective and local,零星局部的,ADJ
rachsüchtig,vindictive,睚眦必报的,ADJ
rapide,rapid,迅猛的,ADJ
rasant,dizzyingly fast,迅猛异常的,ADJ
rastlos,restless,不得安宁的,ADJ
redegewandt,articulate,能说会道的,ADJ
rege,lively,活跃的,ADJ
resolut,resolute,果断坚决的,ADJ
richtungsweisend,visionary,指明方向的,ADJ
rigide,rigid,僵化刻板的,ADJ
rigoros,relentless and strict,毫不通融的,ADJ
rückwirkend,retroactively,追溯既往地,ADV
rüstig,sprightly,硬朗矍铄的,ADJ
sachlich,objective,就事论事的,ADJ
sacht,gentle,轻柔缓慢的,ADJ
salonfähig,socially acceptable,登得了大雅之堂的,ADJ
sarkastisch,sarcastic,讽刺挖苦的,ADJ
scharenweise,in droves,成群结队地,ADV
schauderhaft,appalling,糟糕透顶的,ADJ
schelmisch,roguish,调皮狡黠的,ADJ
schillernd,multi-faceted,变幻多义的,ADJ
schleppend,dragging,拖沓缓慢的,ADJ
schlichtweg,simply and utterly,干脆彻底地,ADV
schlüpfrig,risqué,含有色情暗示的,ADJ
schmeichelhaft,flattering,奉承讨好的,ADJ
schrullig,whimsical,古怪乖僻的,ADJ
schwerelos,weightless,失重的,ADJ
schwerwiegend,grave,事关重大的,ADJ
schwungvoll,spirited,劲头十足的,ADJ
schwächlich,frail,孱弱的,ADJ
seicht,shallow,浅薄乏味的,ADJ
selbstkritisch,self-critical,自我批判的,ADJ
selbstlos,selfless,无私的,ADJ
senil,senile,老年痴呆的,ADJ
sensationell,sensational,绝妙惊人的,ADJ
seriös,reputable,正经可靠的,ADJ
signifikant,significant,显著的,ADJ
sinngemäß,in the intended sense,按大意而言,ADV
skandalös,scandalous,丑闻般的,ADJ
snobistisch,snobbish,自命不凡的,ADJ
sofern,provided that,倘若,SCONJ
solidarisch,solidary,团结声援的,ADJ
solide,sound,扎实可靠的,ADJ
sorgenvoll,full of worry,忧心忡忡的,ADJ
sorglos,carefree,无忧无虑的,ADJ
sorgsam,careful and attentive,细致周密的,ADJ
spießig,petit-bourgeois,狭隘守旧的,ADJ
sporadisch,sporadically,零星偶发地,ADV
sprachlos,speechless,说不出话的,ADJ
startklar,ready to go,一切就绪的,ADJ
stimmig,coherent,协调一致的,ADJ
strebsam,ambitious,奋发上进的,ADJ
streitbar,pugnacious,好斗善辩的,ADJ
subversiv,subversive,颠覆性的,ADJ
sukzessiv,successively,逐步相继地,ADV
suspekt,suspicious,形迹可疑的,ADJ
tabulos,taboo-free,无禁忌的,ADJ
tagelang,for days,接连数天,ADV
taktlos,tactless,不得体的,ADJ
tendenziös,tendentious,带有倾向歪曲的,ADJ
thematisch,thematic,主题方面的,ADJ
tonangebend,leading,起主导作用的,ADJ
traditionsreich,steeped in tradition,有深厚传统的,ADJ
tragfähig,viable,稳固可行的,ADJ
trickreich,cunning,足智多谋的,ADJ
trist,drab,单调灰暗的,ADJ
trunken,inebriated,陶醉的,ADJ
trübselig,mournful,郁郁寡欢的,ADJ
typischerweise,typically,典型地,ADV
unablässig,incessantly,不间断地,ADV
unbeholfen,bumbling,笨手笨脚的,ADJ
unentgeltlich,free of charge,无偿的,ADJ
ungefragt,unprompted,未经询问主动地,ADV
unglücklicherweise,unfortunately,不幸地,ADV
unverhofft,unexpectedly,不期而至地,ADV
unversehens,unawares,猝然冷不防地,ADV
unverständlicherweise,inexplicably,莫名其妙地,ADV
unwiderruflich,irrevocably,不可撤销地,ADV
unwillkürlich,involuntarily,不由自主地,ADV
verbissen,dogged,执拗死磕的,ADJ
verhältnismäßig,comparatively,相对而言地,ADV
versuchsweise,on an experimental basis,试验性地,ADV
vielerorts,in many places,在许多地方,ADV
vielfach,many times over,屡屡多方地,ADV
vollends,completely,彻底完全地,ADV
vorgeblich,ostensibly,表面宣称地,ADV
vorsätzlich,deliberately,蓄意预谋地,ADV
vorwiegend,predominantly,主要多半地,ADV
vorzugsweise,preferably,优先选用地,ADV
wahrhaftig,truly,实实在在,ADV
weithin,far and wide,广泛远及,ADV
wiederum,in turn,反过来又,ADV
wortwörtlich,literally,逐字逐句地,ADV
wunschgemäß,as desired,如所愿地,ADV
zierlich,dainty,娇小玲珑的,ADJ
zudringlich,intrusive,冒失纠缠的,ADJ
zumal,seeing that,更何况,SCONJ
zusehends,visibly increasing,眼看着地,ADV
zweifelsohne,without a doubt,无可怀疑地,ADV
zäh,tough,坚韧的,ADJ
zärtlich,tender,温情脉脉的,ADJ
öd,bleak,荒凉单调的,ADJ
ökonomisch,economic,经济方面的,ADJ
überaus,exceedingly,极其非常,ADV
überdies,besides,此外加之,ADV
übereilt,overhastily,仓促过急地,ADV
