German_Lemma,English_Lemma,Chinese_Lemma,POS,CEFR
-lich,-ly,地,PART,B2
der,a,一个,DET,B2
wenig,a little,一点,ADJ,B2
Paar,a married couple,夫妇,NOUN,B2
Paar,a pair,一对,NUM,B2
Haufen,a pile,一堆,NUM,B2
Brunnen,a well,井,NOUN,B2
verlassen,to abandon,放弃,VERB,B2
Verlassen,abandonment,抛弃,NOUN,B2
abtreten,to abdicate,退位,VERB,B2
verabscheuen,to abhor,憎恶,VERB,B2
Abtreibung,abortion,流产,NOUN,B2
über,about,关于,ADP,B2
über,above,在...之上,ADP,B2
Abrieb,abrasion,擦伤,NOUN,B2
abrupt,abrupt,突然的,ADJ,B2
Abszess,abscess,脓肿,NOUN,B2
fliehen,to abscond,潜逃,VERB,B2
abwesend,absent,缺席的,ADJ,B2
Zerstreutheit,absent-mindedness,心不在焉,NOUN,B2
absolut,absolute,绝对的,ADJ,B2
absorbieren,to absorb,吸收,VERB,B2
abstrus,abstruse,深奥的,ADJ,B2
absurd,absurd,荒谬的,ADJ,B2
Abgrund,abyss,深渊,NOUN,B2
akademisch,academic,学术的,ADJ,B2
Beschleunigung,acceleration,加速,NOUN,B2
Beschleuniger,accelerator,油门,NOUN,B2
Beitritt,accession,即位,NOUN,B2
zufällig,accidental,偶然的,ADJ,B2
unterbringen,to accommodate,容纳,VERB,B2
Übereinstimmung,accord with,合乎,NOUN,B2
Rechenschaftspflicht,accountability,问责制,NOUN,B2
Buchhalter,accountant,会计师,NOUN,B2
Buchhaltung,accounting,会计,NOUN,B2
accredit,to accredit,认可,VERB,B2
accredited,accredited,认可的,ADJ,B2
accumulate,to accumulate,积累,VERB,B2
accumulation,accumulation,积累,NOUN,B2
accurate,accurate,准确的,ADJ,B2
accustom,to accustom,使习惯,VERB,B2
accustomed,accustomed,习惯的,ADJ,B2
achieve,to achieve,实现,VERB,B2
acid,acid,酸,NOUN,B2
acidity,acidity,酸度,NOUN,B2
acquire,to acquire,获得,VERB,B2
acquisition,acquisition,获得,NOUN,B2
acquit,to acquit,宣告无罪,VERB,B2
acquittal,acquittal,无罪释放,NOUN,B2
acrimony,acrimony,尖刻,NOUN,B2
acrobat,acrobat,杂技演员,NOUN,B2
across,across,穿过,ADP,B2
acting,acting,行为,NOUN,B2
actual,actual,实际的,ADJ,B2
acute,acute,剧烈的,ADJ,B2
adaptation,adaptation,适应,NOUN,B2
addict,addict,上瘾者,NOUN,B2
addiction,addiction,上瘾,NOUN,B2
addition,addition,增加,NOUN,B2
additional,additional,额外的,ADJ,B2
adequate,adequate,足够的,ADJ,B2
adjacency,adjacency,邻接,NOUN,B2
adjacent,adjacent,邻近的,ADJ,B2
adjust,to adjust,调整,VERB,B2
administration,administration,管理,NOUN,B2
administrative,administrative,行政的,ADJ,B2
admiral,admiral,海军上将,NOUN,B2
adoption,adoption,收养,NOUN,B2
adornment,adornment,装饰品,NOUN,B2
verfälschen,to adulterate,掺杂,VERB,B2
Erwachsenenalter,adulthood,成年,NOUN,B2
vorrücken,advance,进展,NOUN,B2
vorrücken,to advance,前进,VERB,B2
Vorauszahlung,advance payment,预付款,NOUN,B2
Aufbaustudium,advanced study,深造,NOUN,B2
fortschrittlich,advanced technology,先进,ADJ,B2
vorteilhaft,advantageous,有利的,ADJ,B2
Abenteurer,adventurer,冒险家,NOUN,B2
befürworten,to advocate,提倡,VERB,B2
luftgestützt,aerial,航空的,ADJ,B2
ästhetisch,aesthetic,审美的,ADJ,B2
Ästhetik,aesthetics,美学,NOUN,B2
umgänglich,affable,和蔼可亲的,ADJ,B2
Festsaal,affair hall,事殿,NOUN,B2
beeinflussen,to affect,影响,VERB,B2
Affektiertheit,affectation,做作,NOUN,B2
Zugehörigkeit,affiliation,隶属关系,NOUN,B2
bestätigen,to affirm,断言,VERB,B2
plagen,to afflict,折磨,VERB,B2
erschwinglich,affordable,负担得起的,ADJ,B2
Aufforstung,afforestation,植树造林,NOUN,B2
ängstlich,afraid,害怕的,ADJ,B2
Nachher,after,تلو,NOUN,B2
Nachwirkung,aftereffect,后遗症，后果,NOUN,B2
Nachher,afterward,去后,NOUN,B2
Wiederholung,again,你又,NOUN,B2
Agent,agent,代理人,NOUN,B2
Aggression,aggression,侵略,NOUN,B2
Aggressivität,aggressiveness,攻击性,NOUN,B2
agil,agile,敏捷的,ADJ,B2
Agilität,agility,敏捷,NOUN,B2
Qual,agony,极度痛苦,NOUN,B2
landwirtschaftlich,agricultural,农业的,ADJ,B2
ah,ah,啊,INTJ,B2
Ziel,aim,目标,NOUN,B2
Klimaanlage,air conditioning,空调,NOUN,B2
Luftabwehr,air defense,防空,NOUN,B2
Alarm,alarm,警报,NOUN,B2
ach,alas,唉,INTJ,B2
Album,album,相册,NOUN,B2
Warnung,alert,警觉的,ADJ,B2
Algebra,algebra,代数,NOUN,B2
Algorithmus,algorithm,算法,NOUN,B2
Entfremdung,alienation,异化,NOUN,B2
Ausrichtung,alignment,结盟,NOUN,B2
Unterhalt,alimony,赡养费,NOUN,B2
Gesamtheit,all,全部,ADV,B2
Ganztags,all day long,一整天,NOUN,B2
vermeintlich,alleged,所谓的,ADJ,B2
Allergie,allergy,过敏,NOUN,B2
Bündnis,alliance,联盟,NOUN,B2
Versteckmöglichkeit,allow hiding,许躲,NOUN,B2
Zulage,allowance,津贴,NOUN,B2
Legierung,alloy,合金,NOUN,B2
Anspielung,allusion,暗示,NOUN,B2
anspielend,allusive,暗指的,ADJ,B2
Verbündeter,ally,盟友,NOUN,B2
Mandel,almond,杏仁,NOUN,B2
zusammen mit,along with,随着,ADP,B2
auch,also too,也,ADV,B2
Bedeutungsänderung,altered meaning,改义,NOUN,B2
veränderter Mechanismus,altered mechanism,改机,NOUN,B2
wechseln,to alternate,交替,VERB,B2
Wechsel,alternation,轮流,NOUN,B2
Alternative,alternative,替代方案,NOUN,B2
Altruismus,altruism,利他主义,NOUN,B2
Aluminium,aluminum,铝,NOUN,B2
Amateur,amateur,业余爱好者,NOUN,B2
Erstaunen,amazement,惊愕,NOUN,B2
erstaunlich,amazing,令人惊叹的,ADJ,B2
Mehrdeutigkeit,ambiguity,歧义,NOUN,B2
mehrdeutig,ambiguous,模棱两可的,ADJ,B2
ambivalent,ambivalent,矛盾的,ADJ,B2
Hinterhalt,ambush,伏击,NOUN,B2
ändern,to amend,修订,VERB,B2
geänderter Innenraum,amended interior,改内,NOUN,B2
abgeändertes Urteil,amended judgment,改断,NOUN,B2
Änderung,amendment,修正案,NOUN,B2
liebenswürdig,amiable,和蔼可亲的,ADJ,B2
Amnestie,amnesty,大赦,NOUN,B2
unter,among,在……之中,ADP,B2
darunter,among them,其中,PRON,B2
amortisieren,to amortize,摊销,VERB,B2
reichlich,ample,充足的,ADJ,B2
Verstärkung,amplification,放大,NOUN,B2
Verstärker,amplifier,放大器,NOUN,B2
verstärken,to amplify,放大,VERB,B2
amputieren,to amputate,截肢,VERB,B2
Amputation,amputation,截肢,NOUN,B2
Amulett,amulet,护身符,NOUN,B2
amüsant,amusing,有趣的,ADJ,B2
analog,analog,模拟的,ADJ,B2
analog,analogous,类似的,ADJ,B2
Analogie,analogy,类比,NOUN,B2
Analyst,analyst,分析师,NOUN,B2
Anarchie,anarchy,无政府状态,NOUN,B2
Anatomie,anatomy,解剖学,NOUN,B2
Abstammung,ancestry,血统,NOUN,B2
ankern,anchor,锚,NOUN,B2
ankern,to anchor,抛锚,VERB,B2
Ankerplatz,anchorage,锚地,NOUN,B2
alt,ancient,古老的,ADJ,B2
Altertum,ancient times,古代,NOUN,B2
Und,and,重而,NOUN,B2
und so weiter,and so forth,依此类推,ADV,B2
Und so weiter,and so on,之类,NOUN,B2
Anekdote,anecdote,轶事,NOUN,B2
Anästhesie,anesthesia,麻醉,NOUN,B2
Anästhetikum,anesthetic,麻醉剂,NOUN,B2
Qual,anguish,痛苦,NOUN,B2
Animationsfilm,animated film,动画片,NOUN,B2
Animation,animation,动画,NOUN,B2
Feindseligkeit,animosity,敌意,NOUN,B2
annektieren,annex,附件,NOUN,B2
annektieren,to annex,兼并,VERB,B2
vernichten,to annihilate,消灭,VERB,B2
Vernichtung,annihilation,寂灭,NOUN,B2
Jahrestag,anniversary,周年纪念,NOUN,B2
annotieren,to annotate,注释,VERB,B2
Ärger,annoyance,烦恼,NOUN,B2
Jahresbericht,annual report,年报,NOUN,B2
jährlich,annually,每年,ADV,B2
Anomalie,anomaly,异常,NOUN,B2
antworten,to answer reply,回答,VERB,B2
Antenne,antenna,天线,NOUN,B2
Anthologie,anthology,选集,NOUN,B2
Anthropologie,anthropology,人类学,NOUN,B2
Anthropomorphismus,anthropomorphism,拟人化,NOUN,B2
Anti-Abstraktion,anti-abstraction,反抽,NOUN,B2
Anti-Aktion,anti-action,反作,NOUN,B2
Anti-Allgemeinheit,anti-generality,反般,NOUN,B2
Anti-Integration,anti-integration,反合,NOUN,B2
Anti-Maßnahme,anti-measure,反度,NOUN,B2
Anti-Omnipräsenz,anti-omnipresence,反遍,NOUN,B2
Anti-Krieg,anti-war,反战,NOUN,B2
Antibiotika,antibiotics,抗生素,NOUN,B2
Antikörper,antibody,抗体,NOUN,B2
erwarten,to anticipate,预期,VERB,B2
Erwartung,anticipation,预期,NOUN,B2
Antigen,antigen,抗原,NOUN,B2
Antioxidans,antioxidant,抗氧化剂,NOUN,B2
Antiquität,antique,古董,NOUN,B2
Antiseptikum,antiseptic,防腐剂,NOUN,B2
Antithese,antithesis,对立面,NOUN,B2
Antonym,antonym,反义词,NOUN,B2
Angst,anxiety,焦虑,NOUN,B2
irgendein,any,任何,PRON,B2
apokryph,apocryphal,杜撰的,ADJ,B2
sich entschuldigen,to apologize,道歉,VERB,B2
Apostasie,apostasy,叛教,NOUN,B2
appellieren,to appeal,呼吁,VERB,B2
besänftigen,to appease,安抚,VERB,B2
Berufungskläger,appellant,上诉人,NOUN,B2
Anhang,appendix,附录,NOUN,B2
applaudieren,to applaud,鼓掌,VERB,B2
Anwendbarkeit,applicability,适用性,NOUN,B2
Bewerber,applicant,申请人,NOUN,B2
gipsen,to apply a cast,打石膏,VERB,B2
bewerten,to appraise,评估,VERB,B2
Wertschätzung,appreciation,欣赏,NOUN,B2
Dankesfest,appreciation banquet,答谢宴,NOUN,B2
festnehmen,to apprehend,逮捕,VERB,B2
Festnahme,apprehension,忧虑,NOUN,B2
Lehrling,apprentice,学徒,NOUN,B2
Lehre,apprenticeship,学徒期,NOUN,B2
Annäherung,approach,方法,NOUN,B2
Näherung,approximation,近似值,NOUN,B2
Aprikose,apricot,杏,NOUN,B2
Schürze,apron,围裙,NOUN,B2
Arabeske,arabesque,阿拉伯式花纹,NOUN,B2
willkürlich,arbitrary,任意的,ADJ,B2
schlichten,to arbitrate,仲裁,VERB,B2
Schlichtung,arbitration,仲裁,NOUN,B2
Bogen,arc,弧,NOUN,B2
Bogen,arch,拱门,NOUN,B2
archäologisch,archaeological,考古的,ADJ,B2
Archäologie,archaeology,考古学,NOUN,B2
archaisch,archaic,古老的,ADJ,B2
Archaismus,archaism,古语,NOUN,B2
Archetyp,archetype,原型,NOUN,B2
Archipel,archipelago,群岛,NOUN,B2
Architekt,architect,建筑师,NOUN,B2
architektonisch,architectural,建筑的,ADJ,B2
Architektur,architecture,建筑,NOUN,B2
Archiv,archive,档案,NOUN,B2
Eifer,ardor,热情,NOUN,B2
mühsam,arduous,艰巨的,ADJ,B2
Arena,arena,竞技场,NOUN,B2
Argumentation,argumentation,论证体系,NOUN,B2
Aristokratie,aristocracy,贵族阶层,NOUN,B2
Aristokrat,aristocrat,贵族,NOUN,B2
Rüstung,armor,盔甲,NOUN,B2
Rückstand,arrears,欠款,NOUN,B2
Arsenal,arsenal,军火库,NOUN,B2
Kunstgalerie,art gallery,美术馆,NOUN,B2
Arterie,artery,动脉,NOUN,B2
articulieren,to articulate,清晰表达,VERB,B2
künstlich,artificial,人造的,ADJ,B2
künstlerisch,artistic,艺术的,ADJ,B2
Kunstporträt,artistic portrait,艺术照,NOUN,B2
wie,as,像,ADP,B2
als ob,as if,仿佛,ADV,B2
solange,as long as,طالما,CCONJ,B2
aufsteigen,to ascend,上升,VERB,B2
Aufstieg,ascension,升天,NOUN,B2
Aufstieg,ascent,上升,NOUN,B2
Askese,asceticism,苦行主义,NOUN,B2
asexuell,asexual,无性的,ADJ,B2
Asche,ash,灰烬,NOUN,B2
beschämt,ashamed,羞愧的,ADJ,B2
Aspekt,aspect,方面,NOUN,B2
Streben,aspiration,抱负,NOUN,B2
streben,to aspire,渴望,VERB,B2
Attentäter,assassin,刺客,NOUN,B2
ermorden,to assassinate,暗杀,VERB,B2
Attentat,assassination,暗杀,NOUN,B2
Überfall,assault,袭击,NOUN,B2
behaupten,to assert,断言,VERB,B2
Vermögenswert,asset,资产,NOUN,B2
Vermögenswerte,assets,资产,NOUN,B2
fleißig,assiduous,勤勉的,ADJ,B2
zuweisen,to assign,分配,VERB,B2
Zuweisung,assignment,任务,NOUN,B2
assimilieren,to assimilate,同化,VERB,B2
Assimilation,assimilation,同化,NOUN,B2
helfen,to assist,协助,VERB,B2
assoziieren,to associate,联想,VERB,B2
Assoziation,association,协会,NOUN,B2
annehmen,to assume,假定,VERB,B2
antreten,to assume office,就任,VERB,B2
Asteroid,asteroid,小行星,NOUN,B2
Asthma,asthma,哮喘,NOUN,B2
Erstaunen,astonishment,惊讶,NOUN,B2
Astrologie,astrology,占星术,NOUN,B2
Astronaut,astronaut,宇航员,NOUN,B2
astronomisch,astronomical,天文学的,ADJ,B2
Astronomie,astronomy,天文学,NOUN,B2
scharfsinnig,astute,精明的,ADJ,B2
Asyl,asylum,庇护,NOUN,B2
asymmetrisch,asymmetrical,不对称的,ADJ,B2
asynchron,asynchronous,异步的,ADJ,B2
entspannt,at ease,安心,ADJ,B2
damals,at that time,当时/那时,ADV,B2
Atheismus,atheism,无神论,NOUN,B2
Atheist,atheist,无神论者,NOUN,B2
Athlet,athlete,运动员,NOUN,B2
Atom,atom,原子,NOUN,B2
atomar,atomic,原子的,ADJ,B2
Anhang,attachment,附件,NOUN,B2
erreichen,to attain,达到,VERB,B2
Anwesenheit,attendance,出席,NOUN,B2
Bediener,attendant,服务员,NOUN,B2
Kleidung,attire,服装,NOUN,B2
anziehen,to attract,吸引,VERB,B2
Anziehung,attraction,吸引力,NOUN,B2
zuschreiben,attribute,属性,NOUN,B2
zuschreiben,to attribute,归因于,VERB,B2
atypisch,atypical,非典型的,ADJ,B2
Auktion,auction,拍卖,NOUN,B2
Wagemut,audacity,大胆,NOUN,B2
audiovisuell,audiovisual,视听的,ADJ,B2
prüfen,audit,审计,NOUN,B2
prüfen,to audit,审计,VERB,B2
Prüfer,auditor,审计员,NOUN,B2
asketisch,austere,严厉的,ADJ,B2
Austerität,austerity,紧缩,NOUN,B2
authentisch,authentic,真实的,ADJ,B2
authentifizieren,to authenticate,认证,VERB,B2
Authentifizierung,authentication,认证,NOUN,B2
Authentizität,authenticity,真实性,NOUN,B2
autoritär,authoritarian,独裁的,ADJ,B2
Genehmigung,authorization,授权,NOUN,B2
genehmigen,to authorize,授权,VERB,B2
Autobiografie,autobiography,自传,NOUN,B2
automatisieren,to automate,使自动化,VERB,B2
automatisiert,automated,自动化的,ADJ,B2
automatisch,automatically,自动地,ADV,B2
Automatisierung,automation,自动化,NOUN,B2
autonom,autonomous,自治的,ADJ,B2
Verfügbarkeit,availability,可用性,NOUN,B2
Lawine,avalanche,雪崩,NOUN,B2
avantgardistisch,avant-garde,前卫的,ADJ,B2
Durchschnitt,average,平均,ADJ,B2
Vermeidung,avoidance,避免,NOUN,B2
erwarten,to await,等待,VERB,B2
Erwachen,awakening,觉醒,NOUN,B2
Auszeichnung,award,奖项,NOUN,B2
Bewusstsein,awareness,意识,NOUN,B2
Ehrfurcht,awe,敬畏,NOUN,B2
peinlich,awkward,尴尬的,ADJ,B2
Axiom,axiom,公理,NOUN,B2
Achse,axis,轴,NOUN,B2
Bazi,ba zi,八字,NOUN,B2
Bachelor,bachelor's degree,学士学位,NOUN,B2
Rückfluss,backflow,倒流,NOUN,B2
Rückenstich,backstab,背刺,NOUN,B2
Backstage,backstage,幕后,NOUN,B2
Backup,backup,备份,NOUN,B2
Rückfahrlicht,backup light,倒车灯,NOUN,B2
Bakterien,bacteria,细菌,NOUN,B2
Bakterium,bacterium,细菌,NOUN,B2
schlechte Idee,bad idea,坏水,NOUN,B2
schlechte Nachricht,bad news,坏消息,NOUN,B2
schlecht,badly,坏地,ADV,B2
Badminton,badminton,羽毛球,NOUN,B2
Kaution,bail,保释,NOUN,B2
ausgleichen,to balance,平衡,VERB,B2
kahl,bald,秃头的,ADJ,B2
Ball,ball,球,NOUN,B2
Ballett,ballet,芭蕾舞,NOUN,B2
verbieten,ban,禁令,NOUN,B2
verbieten,to ban,禁止,VERB,B2
banal,banal,陈腐的,ADJ,B2
Banalität,banality,陈词滥调,NOUN,B2
Band,band,乐队,NOUN,B2
Verband,bandage,绷带,NOUN,B2
Bandit,bandit,强盗,NOUN,B2
verbannen,to banish,流放,VERB,B2
Verbannung,banishment,流放,NOUN,B2
Bank,bank,银行,NOUN,B2
bankwirtschaftlich,banking,银行的,ADJ,B2
Banknote,banknote,钞票,NOUN,B2
bankrott,bankrupt,破产的,ADJ,B2
Bankrott,bankruptcy,破产,NOUN,B2
Banner,banner,横幅,NOUN,B2
Bankett,banquet,宴会,NOUN,B2
Wortwitz,banter,戏谑,NOUN,B2
taufen,to baptize,施洗,VERB,B2
barbarisch,barbaric,野蛮的,ADJ,B2
Barbarismus,barbarism,野蛮,NOUN,B2
Barbarei,barbarity,残暴,NOUN,B2
Barbecue,barbecue,烧烤,NOUN,B2
barfuß,barefoot,赤脚的,ADJ,B2
Gerste,barley,大麦,NOUN,B2
Barriere,barrier,障碍,NOUN,B2
basieren,to base,基于,VERB,B2
Baseball,baseball,棒球,NOUN,B2
Niedertracht,baseness,卑鄙,NOUN,B2
grundlegend,basic,基本的,ADJ,B2
grundsätzlich,basically,基本上,ADV,B2
Basilikum,basil,罗勒,NOUN,B2
Basilika,basilica,大教堂,NOUN,B2
Becken,basin,盆,NOUN,B2
Basketball,basketball,篮球,NOUN,B2
Bass,bass,贝斯,NOUN,B2
Charge,batch,一批,NOUN,B2
Bad,bath,洗澡,NOUN,B2
Bataillon,battalion,营,NOUN,B2
Schlachtfeld,battlefield,战场,NOUN,B2
Bucht,bay,海湾,NOUN,B2
Basar,bazaar,集市,NOUN,B2
können,to be able,能,VERB,B2
können,to be able to,能够,VERB,B2
fehlen,to be absent,缺席,VERB,B2
süchtig sein,to be addicted,上瘾,VERB,B2
geboren werden,to be born,出生,VERB,B2
mutig sein,to be brave,勇善,VERB,B2
beschädigt sein,to be damaged,受损,VERB,B2
besiegt werden,to be defeated,会败,VERB,B2
fertig sein,to be done,被做,VERB,B2
begierig sein,to be eager,心切,VERB,B2
begehren,to be eager for,巴不得,VERB,B2
gewählt werden,to be elected,当选,VERB,B2
verzaubert sein,to be entranced,出神,VERB,B2
gezwungen werden,to be forced,被迫,VERB,B2
gut sein in,to be good at,擅长,VERB,B2
dankbar sein,to be grateful,感激,VERB,B2
getroffen werden,to be hit,中箭,VERB,B2
eifersüchtig sein,to be jealous,嫉妒,VERB,B2
sich verspäten,to be late,迟到,VERB,B2
übrig bleiben,to be left over,剩余,VERB,B2
Dienst haben,to be on duty,值班,VERB,B2
benötigt werden,to be required,被要求,VERB,B2
verantwortlich sein für,to be responsible for,负责,VERB,B2
sicher sein,to be safe,安好,VERB,B2
so sein,to be so,然,VERB,B2
gestohlen werden,to be stolen,失窃,VERB,B2
überrascht sein,to be surprised,感到惊讶,VERB,B2
Leuchtturm,beacon,灯塔,NOUN,B2
Richtung,bearing,轴承,NOUN,B2
Schlag,beating,跳动,NOUN,B2
Bettler,beggar,乞丐,NOUN,B2
Betteln,begging,乞讨,NOUN,B2
beginnen,to begin to start,开始,VERB,B2
Gläubiger,believer,信徒,NOUN,B2
geringschätzen,to belittle,轻视,VERB,B2
Paprika,bell pepper,甜椒,NOUN,B2
kriegerisch,bellicose,好战的,ADJ,B2
brüllen,to bellow,吼叫,VERB,B2
gehören,to belong to,属于,VERB,B2
Zugehörigkeit,belonging,归属感,NOUN,B2
Habseligkeiten,belongings,所属物,NOUN,B2
Unten,below,在...下面,ADP,B2
Bank,bench,长凳,NOUN,B2
Biegung,bend,弯道,NOUN,B2
Begünstigter,beneficiary,受益人,NOUN,B2
Nutzen,benefit,利益,NOUN,B2
Wohltätigkeit,benevolence,仁慈,NOUN,B2
wohlwollend,benevolent,仁慈的,ADJ,B2
Nähe,beside next to,旁边,NOUN,B2
belagern,to besiege,包围,VERB,B2
verleihen,to bestow,授予,VERB,B2
Verleihung,bestowal,授予,NOUN,B2
Verrat,betrayal,背叛,NOUN,B2
Besserer,better,越好,NOUN,B2
Verwirrung,bewilderment,困惑,NOUN,B2
Glocke,bianzhong,编钟,NOUN,B2
Voreingenommenheit,bias,偏见,NOUN,B2
voreingenommen,biased,有偏见的,ADJ,B2
Bibliographie,bibliography,参考书目,NOUN,B2
Gebot,bid,出价,NOUN,B2
Bieterkartell,bid collusion,串标,NOUN,B2
Angebotsbewertung,bid evaluation,评标,NOUN,B2
Angebotsöffnung,bid opening,开标,NOUN,B2
groß,biggest,最大,ADJ,B2
Galle,bile,胆汁,NOUN,B2
Rechnung,bill,账单,NOUN,B2
Billard,billiards,台球,NOUN,B2
Milliarde,billion,十亿,NUM,B2
binär,binary,二进制的,ADJ,B2
Bindung,binding,装订,NOUN,B2
Biodiversität,biodiversity,生物多样性,NOUN,B2
Biografie,biography,传记,NOUN,B2
biologisch,biological,生物的,ADJ,B2
Biologie,biology,生物学,NOUN,B2
Biomasse,biomass,生物质,NOUN,B2
Biopsie,biopsy,活检,NOUN,B2
Biotechnologie,biotechnology,生物技术,NOUN,B2
Biss,biting,尖刻的,ADJ,B2
Bitterkeit,bitterness,苦涩,NOUN,B2
Talar,black robe,黑衣,NOUN,B2
Brombeere,blackberry,黑莓,NOUN,B2
schwärzen,to blacken,变黑,VERB,B2
Schmied,blacksmith,铁匠,NOUN,B2
beschuldigen,blame,责备,NOUN,B2
beschuldigen,to blame,责备,VERB,B2
Gotteslästerung,blasphemy,亵渎,NOUN,B2
Brand,blaze,火焰,NOUN,B2
Bleichmittel,bleach,漂白剂,NOUN,B2
blind,blind,盲的,ADJ,B2
Seligkeit,bliss,极乐,NOUN,B2
Schneesturm,blizzard,暴风雪,NOUN,B2
Block,bloc,阵营,NOUN,B2
Block,block,街区,NOUN,B2
blockieren,blockade,封锁,NOUN,B2
blockieren,to blockade,封锁,VERB,B2
Blog,blog,博客,NOUN,B2
Blutschuld,blood debt,血债,NOUN,B2
Blutmeer,blood sea,血海,NOUN,B2
blutig,bloody,血淋淋的,ADJ,B2
Flecken,blot,污点,NOUN,B2
Blaubeere,blueberry,蓝莓,NOUN,B2
unverblümt,bluntly,直率地,ADV,B2
Prahlen,boasting,夸耀,NOUN,B2
körperlich,bodily,身体上的,ADJ,B2
Leibwächter,bodyguard,保镖,NOUN,B2
kochen,to boil,煮沸,VERB,B2
Kessel,boiler,锅炉,NOUN,B2
Sieden,boiling,沸腾,NOUN,B2
mutig,bold,大胆的,ADJ,B2
Mut,boldness,大胆,NOUN,B2
bombardieren,to bombard,轰炸,VERB,B2
Bombardierung,bombing,轰炸,NOUN,B2
Anleihe,bond,纽带,NOUN,B2
Bonus,bonus,奖金,NOUN,B2
knochig,bony,瘦骨嶙峋的,ADJ,B2
Heft,booklet,小册子,NOUN,B2
Boom,boom,繁荣,NOUN,B2
grenznah,border,边境的,ADJ,B2
langweilig,bored,无聊的,ADJ,B2
Kreditnehmer,borrower,借款人,NOUN,B2
Leihe,borrowing,借贷,NOUN,B2
beide Hände,both hands,双手,NOUN,B2
stören,bother,麻烦,NOUN,B2
stören,to bother,打扰,VERB,B2
Boden,bottom,底部,NOUN,B2
Felsbrocken,boulder,巨石,NOUN,B2
gebunden,bound,一定的,ADJ,B2
Grenze,boundary,边界,NOUN,B2
Bürgertum,bourgeoisie,资产阶级,NOUN,B2
Bogen,bow,蝴蝶结,NOUN,B2
boycottieren,to boycott,抵制,VERB,B2
Freund,boyfriend,男朋友,NOUN,B2
prahlen,to brag,吹嘘,VERB,B2
bremsen,to brake,刹车,VERB,B2
brandneu,brand new,崭新的,ADJ,B2
Mut,bravery,勇敢,NOUN,B2
Frechheit,brazenness,厚颜无耻,NOUN,B2
Bruch,breach,违反,NOUN,B2
Vertrag brechen,to breach contract,违约,VERB,B2
kaputtgehen,to break down,分解,VERB,B2
aufbrechen,to break open,撬开,VERB,B2
stillen,to breastfeed,母乳喂养,VERB,B2
Stillen,breastfeeding,母乳喂养,NOUN,B2
Brise,breeze,微风,NOUN,B2
Bestechungsgeld,bribe,贿赂,NOUN,B2
Bestechung,bribery,贿赂,NOUN,B2
Ziegel,brick,砖,NOUN,B2
Brautkammer,bridal chamber,洞房,NOUN,B2
Brief,brief,简短的,ADJ,B2
Brillanz,brilliance,辉煌,NOUN,B2
Bringen,bringing,جلب,NOUN,B2
Sendung,broadcasting,广播,NOUN,B2
Brokat,brocade,锦绣,NOUN,B2
Makler,broker,经纪人,NOUN,B2
Maklergeschäft,brokerage,经纪业,NOUN,B2
Bronze,bronze,青铜,NOUN,B2
Besen,broom,扫帚,NOUN,B2
Brühe,broth,肉汤,NOUN,B2
Bordell,brothel,妓院,NOUN,B2
Bruderschaft,brotherhood,兄弟情谊,NOUN,B2
braun,brown,棕色,ADJ,B2
stöbern,to browse,浏览,VERB,B2
Browser,browser,浏览器,NOUN,B2
Prellung,bruise,瘀伤,NOUN,B2
bürsten,brush,刷子,NOUN,B2
bürsten,to brush,刷,VERB,B2
brutalisieren,to brutalize,使变得残忍,VERB,B2
Blase,bubble,气泡,NOUN,B2
Buchweizen,buckwheat,荞麦,NOUN,B2
Budget,budget,预算,NOUN,B2
budgetär,budgetary,预算的,ADJ,B2
Wanze,bug,虫子,NOUN,B2
Masse,bulk,主体,NOUN,B2
Tyrann,bully,欺凌者,NOUN,B2
Bündel,bundle,捆,NOUN,B2
Büro,bureau,局,NOUN,B2
Bürokratie,bureaucracy,官僚主义,NOUN,B2
Beerdigung,burial,埋葬,NOUN,B2
Brand,burn,烧伤,NOUN,B2
brennend,burning,灼热的,ADJ,B2
verbrannt,burnt,烧焦的,ADJ,B2
rülpsen,to burp,打嗝,VERB,B2
Bus,bus,公共汽车,NOUN,B2
Geschäft,business,商业,NOUN,B2
Geschäftstreffen,business meeting,洽谈会,NOUN,B2
Trubel,bustle,喧闹,NOUN,B2
Geschäftigkeit,busyness,事忙,NOUN,B2
aber ich,but i,可我,ADV,B2
aber du,but you,但您,NOUN,B2
Metzger,butcher,屠夫,NOUN,B2
bei,by,通过,ADP,B2
mit allen Mitteln,by fair means or foul,不择手段,ADV,B2
mittels,by means of,通过,ADP,B2
vergangen,bygone,过去的,ADJ,B2
Bypass-Operation,bypass surgery,搭桥手术,NOUN,B2
Kohl,cabbage,卷心菜,NOUN,B2
Schrank,cabinet,内阁,NOUN,B2
Katastrophe,calamity,灾难,NOUN,B2
Berechnung,calculation,计算,NOUN,B2
Kalibrierung,calibration,校准,NOUN,B2
Kalligrafie,calligraphy,书法,NOUN,B2
gefühllos,callous,冷酷,ADJ,B2
Ruhe,calm,冷静的,ADJ,B2
Gelassenheit,calmness,平静,NOUN,B2
Kamel,camel,骆驼,NOUN,B2
kampagnieren,to campaign,积极参与活动,VERB,B2
Camping,camping,露营,NOUN,B2
nur können,can only,只能,AUX,B2
nicht glauben,to can't believe,不敢相信,VERB,B2
nicht umhin können,can't help,不由得,ADV,B2
Kanal,canal,运河,NOUN,B2
Stornierung,cancellation,取消,NOUN,B2
Kandidatur,candidacy,候选资格,NOUN,B2
Bonbon,candy,糖果,NOUN,B2
Konserve,canned food,罐头食品,NOUN,B2
nicht können,cannot,不能,AUX,B2
nicht ertragen,to cannot bear,不堪,VERB,B2
nicht umhin können,to cannot help,忍不住,VERB,B2
Canyon,canyon,峡谷,NOUN,B2
Fähigkeit,capability,能力,NOUN,B2
Kapazität,capacity,容量,NOUN,B2
Kap,cape,海角,NOUN,B2
Kapitalismus,capitalism,资本主义,NOUN,B2
kapitalisieren,to capitalize,利用,VERB,B2
fesselnd,captivating,迷人的,ADJ,B2
festnehmen,capture,捕获,NOUN,B2
festnehmen,to capture,获取,VERB,B2
Kfz-Versicherung,car insurance,车险,NOUN,B2
Kohlenstoff,carbon,碳,NOUN,B2
CO2-Steuer,carbon tax,碳税,NOUN,B2
kardial,cardiac,心脏的,ADJ,B2
Pflegeperson,caregiver,护理人员,NOUN,B2
nachlässig,careless,粗心的,ADJ,B2
streicheln,to caress,爱抚,VERB,B2
karikaturhaft,caricatural,漫画的,ADJ,B2
Schreiner,carpenter,木匠,NOUN,B2
Schreinerei,carpentry,木工,NOUN,B2
Träger,carrier,承运人,NOUN,B2
Karotte,carrot,胡萝卜,NOUN,B2
vortragen,to carry forward,发扬,VERB,B2
Knorpel,cartilage,软骨,NOUN,B2
einlösen,to cash,兑现,VERB,B2
Kasse,cash register,收银机,NOUN,B2
Cashew,cashew,腰果,NOUN,B2
Kaschmir,cashmere,羊绒,NOUN,B2
Maniok,cassava,木薯,NOUN,B2
zufällig,casual,随意的,ADJ,B2
Katalog,catalog,目录,NOUN,B2
Katalysator,catalyst,催化剂,NOUN,B2
aufholen,to catch up,赶上,VERB,B2
Kategorisierung,categorization,分类,NOUN,B2
kategorisieren,to categorize,分类,VERB,B2
Kategorie,category,类别,NOUN,B2
Katharsis,catharsis,宣泄,NOUN,B2
Katholizismus,catholicism,天主教,NOUN,B2
Blumenkohl,cauliflower,花椰菜,NOUN,B2
Kausalität,causality,因果关系,NOUN,B2
Verursachung,causation,因果关系,NOUN,B2
vorsichtig,cautious,小心的,ADJ,B2
vorsichtig und gewissenhaft,cautious and conscientious,兢兢业业,ADJ,B2
Kavallerie,cavalry,骑兵,NOUN,B2
krähen,to caw,呱呱叫,VERB,B2
aufhören,to cease,停止,VERB,B2
Decke,ceiling,天花板,NOUN,B2
Berühmtheit,celebrity,名人,NOUN,B2
Sellerie,celery,芹菜,NOUN,B2
Zölibat,celibacy,独身,NOUN,B2
Handy,cell phone,手机,NOUN,B2
Keller,cellar,地窖,NOUN,B2
zellulär,cellular,细胞的,ADJ,B2
zementieren,cement,水泥,NOUN,B2
zementieren,to cement,巩固,VERB,B2
zensieren,to censor,审查,VERB,B2
Zensur,censorship,审查制度,NOUN,B2
Cent,cent,分,NOUN,B2
zentral,central,中心的,ADJ,B2
Zentralisierung,centralization,集中化,NOUN,B2
zentralisieren,to centralize,集中,VERB,B2
Zentrifugalkraft,centrifugal force,离心力,NOUN,B2
Zentrifuge,centrifuge,离心机,NOUN,B2
Keramik,ceramics,陶瓷,NOUN,B2
Zeremonienkappe,ceremonial cap,爵弁,NOUN,B2
gewiss,certain,某些,DET,B2
Gewissheit,certainty,确定性,NOUN,B2
Verdiensturkunde,certificate of merit,奖状,NOUN,B2
Einstellung,cessation,终止,NOUN,B2
Kreide,chalk,粉笔,NOUN,B2
Meister,champion,冠军,NOUN,B2
Meisterschaft,championship,锦标赛,NOUN,B2
Kanzler,chancellor,总理,NOUN,B2
Reifen wechseln,to change tire,换胎,VERB,B2
geänderte Politik,changed policy,改策,NOUN,B2
kanalisieren,to channel,疏导,VERB,B2
Chaos,chaos,混乱,NOUN,B2
chaotisch,chaotic,混乱的,ADJ,B2
Wortzeichen,character word,字,NOUN,B2
Merkmal,characteristic,典型的,ADJ,B2
charakterisieren,to characterize,描绘,VERB,B2
Holzkohle,charcoal,木炭,NOUN,B2
Ladung,charge,收费,NOUN,B2
Ladegerät,charger,充电器,NOUN,B2
Charisma,charisma,个人魅力,NOUN,B2
Wohltätigkeit,charity,慈善,NOUN,B2
Scharlatan,charlatan,江湖骗子,NOUN,B2
Diagramm,chart,图表,NOUN,B2
chartern,charter,宪章,NOUN,B2
chartern,to charter,租船,VERB,B2
verfolgen,chase,追逐,NOUN,B2
verfolgen,to chase,追逐,VERB,B2
Keuschheit,chastity,贞洁,NOUN,B2
Gespräch,chat,聊天,NOUN,B2
plaudern,to chatter,喋喋不休,VERB,B2
aufmuntern,to cheer up,使高兴,VERB,B2
chemisch,chemical,化学的,ADJ,B2
hegen,to cherish,珍爱,VERB,B2
Kirsche,cherry,樱桃,NOUN,B2
Brustschmerz,chest pain,胸痛,NOUN,B2
Kastanie,chestnut,板栗,NOUN,B2
kindisch,childish,幼稚的,ADJ,B2
Chilischote,chili pepper,辣椒,NOUN,B2
Chip,chip,碎片,NOUN,B2
Meißel,chisel,凿子,NOUN,B2
Ritterlichkeit,chivalry,骑士精神,NOUN,B2
Cholesterin,cholesterol,胆固醇,NOUN,B2
hacken,chop,砍,NOUN,B2
hacken,to chop,砍,VERB,B2
Christ,christian,基督徒,NOUN,B2
Chromosom,chromosome,染色体,NOUN,B2
chronisch,chronic,慢性的,ADJ,B2
Schaltkreis,circuit,电路,NOUN,B2
zirkulieren,to circulate,循环,VERB,B2
Beschneidung,circumcision,割礼,NOUN,B2
umschreiben,to circumscribe,限制,VERB,B2
Zitat,citation,引用,NOUN,B2
zitieren,to cite,引用,VERB,B2
Staatsbürgerschaft,citizenship,公民身份,NOUN,B2
zivil,civil,民事的,ADJ,B2
Beamter,civil servant,公务员,NOUN,B2
zivilisiert,civilized,文明的,ADJ,B2
Lärm,clamor,喧嚣,NOUN,B2
Klan,clan,家族,NOUN,B2
heimlich,clandestine,秘密的,ADJ,B2
Klärung,clarification,澄清,NOUN,B2
klassisch,classic,经典的,ADJ,B2
Klassizismus,classicism,古典主义,NOUN,B2
Klassifikation,classification,分类,NOUN,B2
Klassifikator,classifier for paintings cloth etc.,幅,NUM,B2
Klassifikator,classifier for trees,棵,NUM,B2
klassifizieren,to classify,分类,VERB,B2
Klasskamerad,classmate,同学,NOUN,B2
Klausel,clause,从句,NOUN,B2
Kralle,claw,爪子,NOUN,B2
Ton,clay,黏土,NOUN,B2
Sauberkeit,cleanliness,清洁,NOUN,B2
Reinigung,cleansing,清洗,NOUN,B2
Erkenntnis,clear knowledge,明知,NOUN,B2
Klarsuppe,clear soup,江瑶清羹,NOUN,B2
eindeutig,clear-cut,明确的,ADJ,B2
deutlich,clearly,清楚地,ADV,B2
abgegrenzt,clearly demarcated,分明,ADJ,B2
spalten,to cleave,劈开,VERB,B2
Klerus,clergy,神职人员,NOUN,B2
Schreiber,clerk,职员,NOUN,B2
Klischee,cliche,陈词滥调,NOUN,B2
klicken,to click,点击,VERB,B2
Klientelismus,clientelism,庇护主义,NOUN,B2
Klippe,cliff,悬崖,NOUN,B2
Klima,climate,气候,NOUN,B2
Klimawandel,climate change,气候变化,NOUN,B2
klinisch,clinical,临床的,ADJ,B2
Clip,clip,夹子,NOUN,B2
Garderobe,cloakroom,衣帽间,NOUN,B2
Klon,clone,克隆体,NOUN,B2
schließen,to close account,销户,VERB,B2
schließen,to close the door,关门,VERB,B2
geschlossen,closed,关闭的,ADJ,B2
Nähe,closeness,接近,NOUN,B2
Kleiderschrank,closet,壁橱,NOUN,B2
Schlussfeier,closing ceremony,闭幕仪式,NOUN,B2
Clown,clown,小丑,NOUN,B2
ungeschickt,clumsy,笨拙的,ADJ,B2
Cluster,cluster,簇,NOUN,B2
Kupplung,clutch,离合器,NOUN,B2
trainieren,coach,教练,NOUN,B2
trainieren,to coach,辅导,VERB,B2
grob,coarse,粗糙的,ADJ,B2
Überredung,coaxing,哄得,NOUN,B2
Cocktail,cocktail,鸡尾酒,NOUN,B2
übermütig,cocky,傲慢的,ADJ,B2
Code,code,代码,NOUN,B2
Koeffizient,coefficient,系数,NOUN,B2
Zwang,coercion,胁迫,NOUN,B2
koexistieren,to coexist,共存,VERB,B2
Koexistenz,coexistence,共存,NOUN,B2
Kohärenz,coherence,连贯性,NOUN,B2
kohärent,coherent,连贯的,ADJ,B2
Kohäsion,cohesion,凝聚力,NOUN,B2
zusammenfallen,to coincide,同时发生,VERB,B2
Sieb,colander,漏勺,NOUN,B2
Blut,cold blood,冷血,NOUN,B2
Kältewelle,cold wave,寒潮,NOUN,B2
kalt,coldly,冷淡地,ADV,B2
zusammenarbeiten,to collaborate,合作,VERB,B2
Zusammenarbeit,collaboration,合作,NOUN,B2
Kollaborateur,collaborator,合作者,NOUN,B2
Zusammenbruch,collapse,倒塌,NOUN,B2
zusätzlich,collateral,附属的,ADJ,B2
kollektiv,collective,集体的,ADJ,B2
Sammler,collector,收藏家,NOUN,B2
verschwören,to collude,勾结,VERB,B2
Kolonialismus,colonialism,殖民主义,NOUN,B2
Kolonisierung,colonization,殖民化,NOUN,B2
kolonisieren,to colonize,殖民,VERB,B2
Kolonie,colony,殖民地,NOUN,B2
färben,to color,着色,VERB,B2
Kamm,comb,梳子,NOUN,B2
bekämpfen,combat,战斗,NOUN,B2
bekämpfen,to combat,对抗,VERB,B2
Bekämpfung,combating,打击,NOUN,B2
stammen,to come from,来自,VERB,B2
auftauchen,to come up,出现,VERB,B2
Komiker,comedian,喜剧演员,NOUN,B2
Komödie,comedy,喜剧,NOUN,B2
Komet,comet,彗星,NOUN,B2
komisch,comic,喜剧的,ADJ,B2
Kommen,coming,مجيء,NOUN,B2
Kommen und Gehen,coming and going,往来,NOUN,B2
Kommandoraum,command room,指挥室,NOUN,B2
gedenken,to commemorate,纪念,VERB,B2
Gedenkfeier,commemoration,纪念,NOUN,B2
Kommentator,commentator,评论员,NOUN,B2
Handel,commerce,商业,NOUN,B2
kommerziell,commercial,商业的,ADJ,B2
Kommission,commission,委员会,NOUN,B2
begehen,to commit a crime,犯罪,VERB,B2
Ausschuss,committee,委员会,NOUN,B2
Ware,commodity,商品,NOUN,B2
gemein,common,常见的,ADJ,B2
Gemeiner,commoner,平民,NOUN,B2
Aufruhr,commotion,骚动,NOUN,B2
Communiqué,communique,公报,NOUN,B2
Kommunismus,communism,共产主义,NOUN,B2
kommunistisch,communist,شيوعي,ADJ,B2
Kommunitarismus,communitarianism,社群主义,NOUN,B2
kompakt,compact,紧凑的,ADJ,B2
Freundschaft,companionship,陪伴,NOUN,B2
Mitgefühl,compassion,同情,NOUN,B2
mitfühlend,compassionate,有同情心的,ADJ,B2
Kompatibilität,compatibility,兼容性,NOUN,B2
Landsmann,compatriot,同胞,NOUN,B2
Entschädigung,compensation,补偿,NOUN,B2
Ausgleichsurlaub,compensatory leave,调休,NOUN,B2
Kompetenz,competence,能力,NOUN,B2
Wettbewerbsfähigkeit,competitiveness,竞争力,NOUN,B2
Wettbewerber,competitor,竞争者,NOUN,B2
Zusammenstellung,compilation,汇编,NOUN,B2
kompilieren,to compile,编译,VERB,B2
ergänzend,complementary,互补的,ADJ,B2
Vollendung,completion,完成,NOUN,B2
komplex,complex,复杂的,ADJ,B2
Komplexität,complexity,复杂性,NOUN,B2
Einhaltung,compliance,合规,NOUN,B2
konform,compliant,符合的,ADJ,B2
komplizieren,to complicate,使复杂化,VERB,B2
mitschuldig,complicit,共谋的,ADJ,B2
befolgen,to comply,遵守,VERB,B2
einhalten,to comply with,遵守,VERB,B2
Komponente,component,组成部分,NOUN,B2
gelassen,composed,稳重的,ADJ,B2
Zusammensetzung,composition,作文,NOUN,B2
Kompost,compost,堆肥,NOUN,B2
Verbindung,compound,复合性,ADJ,B2
verstehen,to comprehend,理解,VERB,B2
Verständnis,comprehension,理解,NOUN,B2
umfassend,comprehensive,全面的,ADJ,B2
komprimieren,to compress,压缩,VERB,B2
Kompressor,compressor,压缩机,NOUN,B2
sich einigen,to compromise,危及,VERB,B2
zwanghaft,compulsive,强迫性的,ADJ,B2
Datenverarbeitung,computing,计算机科学,NOUN,B2
Verheimlichung,concealment,隐瞒,NOUN,B2
eingebildet,conceited,自负的,ADJ,B2
konzipieren,to conceive,构想,VERB,B2
Anliegen,concern,担忧,NOUN,B2
Zugeständnis,concession,让步,NOUN,B2
prägnant,concise,简洁的,ADJ,B2
Schluss,conclusion,结论,NOUN,B2
schlüssig,conclusive,决定性的,ADJ,B2
Beton,concrete,具体的,ADJ,B2
Konkubine,concubine,妾,NOUN,B2
Verurteilung,condemnation,谴责,NOUN,B2
Kondensation,condensation,凝结,NOUN,B2
kondensieren,to condense,浓缩,VERB,B2
herablassend,condescending,屈尊的,ADJ,B2
bedingen,to condition,制约,VERB,B2
bedingt,conditional,条件的,ADJ,B2
kondolieren,to condole,哀悼,VERB,B2
Beileid,condolence,哀悼,NOUN,B2
leiten,conduct,行为,NOUN,B2
leiten,to conduct,أجرى,VERB,B2
Kegel,cone,圆锥体,NOUN,B2
Konföderation,confederation,邦联,NOUN,B2
anvertrauen,to confide,吐露,VERB,B2
zuversichtlich,confident,自信的,ADJ,B2
Vertraulichkeit,confidentiality,保密性,NOUN,B2
Konfiguration,configuration,配置,NOUN,B2
beschlagnahmen,to confiscate,没收,VERB,B2
Konfiszierung,confiscation,没收,NOUN,B2
Konflikt,conflict,冲突,NOUN,B2
Konformismus,conformism,因循守旧,NOUN,B2
konfrontieren,to confront,面对,VERB,B2
Konfrontation,confrontation,对抗,NOUN,B2
verwirrt,confused,困惑的,ADJ,B2
Verwirrung,confusion,困惑,NOUN,B2
Stauung,congestion,拥堵,NOUN,B2
Glückwunsch,congratulation,祝贺,NOUN,B2
Glückwunsch,congratulations,恭喜,INTJ,B2
Gemeinde,congregation,集会,NOUN,B2
Nadelwald,coniferous forest,针叶林,NOUN,B2
Vermutung,conjecture,推测,NOUN,B2
Konjugation,conjugation,变位,NOUN,B2
Konnotation,connotation,内涵,NOUN,B2
Eroberung,conquest,征服,NOUN,B2
gewissenhaft,conscientious,认真的,ADJ,B2
aufeinanderfolgende Karten,consecutive cards,连牌,NOUN,B2
Konsens,consensus,共识,NOUN,B2
Einwilligung,consent,同意,NOUN,B2
Erhaltung,conservation,保护,NOUN,B2
rücksichtsvoll,considerate,体贴,ADJ,B2
Sendung,consignment,托运,NOUN,B2
bestehen,to consist,组成,VERB,B2
Konsistenz,consistency,一致性,NOUN,B2
Trost,consolation,安慰,NOUN,B2
trösten,to console,安慰,VERB,B2
Gatte,consort,福晋,NOUN,B2
auffällig,conspicuous,显著的,ADJ,B2
Polizist,constable,警官,NOUN,B2
Konstante,constant,常数,NOUN,B2
Sternbild,constellation,星座,NOUN,B2
Verstopfung,constipation,便秘,NOUN,B2
Wahlkreis,constituency,选区,NOUN,B2
konstituieren,to constitute,构成,VERB,B2
verfassungsmäßig,constitutional,宪法的,ADJ,B2
Verfassungsmäßigkeit,constitutionality,合宪性,NOUN,B2
einschränken,to constrain,限制,VERB,B2
Einschränkung,constraint,约束,NOUN,B2
konstruieren,to construct,建造,VERB,B2
konstruktiv,constructive,建设性的,ADJ,B2
Konsul,consul,领事,NOUN,B2
konsularisch,consular,领事的,ADJ,B2
Konsulat,consulate,领事馆,NOUN,B2
konsultieren,to consult,咨询,VERB,B2
nachschlagen,to consult reference,参考,VERB,B2
Berater,consultant,顾问,NOUN,B2
verbrauchen,to consume,消费,VERB,B2
Verbraucher,consumer,消费者,NOUN,B2
ansteckend,contagious,传染性的,ADJ,B2
Behälter,container,容器,NOUN,B2
kontemplieren,to contemplate,沉思,VERB,B2
kontemplativ,contemplative,沉思的,ADJ,B2
zeitgenössisch,contemporary,当代的,ADJ,B2
Verachtung,contempt,轻视,NOUN,B2
Zufriedenheit,contentment,满足,NOUN,B2
Wettbewerb,contest,比赛,NOUN,B2
kontextuell,contextual,语境的,ADJ,B2
Kontingenz,contingency,偶然性,NOUN,B2
Fortsetzung,continuation,延续,NOUN,B2
Kontinuität,continuity,连续性,NOUN,B2
kontinuierlich,continuous,连续的,ADJ,B2
Widerspruch,contradiction,矛盾,NOUN,B2
widersprüchlich,contradictory,矛盾的,ADJ,B2
Gegenteil,contrary,反而,NOUN,B2
Gegenteilige Absicht,contrary intention,反意,NOUN,B2
kontrastieren,to contrast,对比,VERB,B2
verstoßen,to contravene,违反,VERB,B2
Kontrollraum,control room,控制室,NOUN,B2
Kontroverse,controversy,争议,NOUN,B2
einberufen,to convene,召集,VERB,B2
praktisch,convenient,方便的,ADJ,B2
Konvention,convention,惯例,NOUN,B2
konventionell,conventional,传统的,ADJ,B2
konvergieren,to converge,汇聚,VERB,B2
Konvergenz,convergence,汇聚,NOUN,B2
konversieren,to converse,交谈,VERB,B2
umgekehrt,conversely,相反地,ADV,B2
umwandeln,to convert,转换,VERB,B2
übermitteln,to convey,传达,VERB,B2
verurteilen,to convict,定罪,VERB,B2
Überzeugung,conviction,定罪,NOUN,B2
überzeugt,convinced,确信的,ADJ,B2
Konvulsion,convulsion,抽搐,NOUN,B2
Fleischkloß,cooked meatball,丸子熟,NOUN,B2
gekochter Reis,cooked rice,米饭,NOUN,B2
Kochtopf,cooking pot,炖锅,NOUN,B2
kühlen,to cool,冷却,VERB,B2
abkühlen,to cool down,冷却,VERB,B2
Kühlung,cooling,冷却,NOUN,B2
Kühle,coolness,凉爽,NOUN,B2
koordinieren,to coordinate,协调,VERB,B2
Koordinator,coordinator,协调员,NOUN,B2
Kupfer,copper,铜,NOUN,B2
Kopist,copyist,抄写员,NOUN,B2
Koralle,coral,珊瑚,NOUN,B2
Korken,cork,软木塞,NOUN,B2
Krönung,coronation,加冕,NOUN,B2
korrigieren,to correct,纠正,VERB,B2
Korrelation,correlation,相关性,NOUN,B2
Korrespondenz,correspondence,通信,NOUN,B2
Korrespondent,correspondent,记者,NOUN,B2
Korrosion,corrosion,腐蚀,NOUN,B2
korruptieren,corrupt,腐败的,ADJ,B2
korruptieren,to corrupt,腐败,VERB,B2
Korruption,corruption,腐败,NOUN,B2
kosmisch,cosmic,宇宙的,ADJ,B2
Kosten,cost,费用,NOUN,B2
Landhaus,cottage,小屋,NOUN,B2
Baumwolle,cotton,棉花,NOUN,B2
Rat,council,委员会,NOUN,B2
Beratung,counseling,咨询,NOUN,B2
zählen,to count as,算,VERB,B2
gegensteuern,counter,柜台,NOUN,B2
gegensteuern,to counter,反击,VERB,B2
Gegenform,counter-form,反式,NOUN,B2
Gegenlogik,counter-logic,反逻,NOUN,B2
Antimaterie,counter-matter,反物,NOUN,B2
Gegenmechanismus,counter-mechanism,反机,NOUN,B2
Gegenmodell,counter-model,反模,NOUN,B2
Gegenbeobachtung,counter-observation,反察,NOUN,B2
Gegenqualität,counter-quality,反质,NOUN,B2
Gegenroute,counter-route,反途,NOUN,B2
Gegenfertigkeit,counter-skill,反技,NOUN,B2
Gegensohle,counter-sole,反唯,NOUN,B2
Gegenstruktur,counter-structure,反结,NOUN,B2
Gegensystem,counter-system,反系,NOUN,B2
Gegentechnik,counter-technique,反术,NOUN,B2
Gegentrend,counter-trend,反势,NOUN,B2
Gegentyp,counter-type,反型,NOUN,B2
Gegenangriff,counterattack,反击,NOUN,B2
gefälscht,counterfeit,假冒,ADJ,B2
Gegenstück,counterpart,对应的人或物,NOUN,B2
zähllos,countless,无数的,ADJ,B2
Land,countryside,乡村,NOUN,B2
Putsch,coup,政变,NOUN,B2
Paarreim,couplet,对联,NOUN,B2
Gerichtsausschluss,court dismissal,退朝,NOUN,B2
Höflichkeit,courtesy,礼貌,NOUN,B2
Hof,courtyard,庭院,NOUN,B2
Cousin,cousin,表亲,NOUN,B2
Bund,covenant,契约,NOUN,B2
Abdeckung,cover,封面,NOUN,B2
Habsucht,covetousness,贪欲,NOUN,B2
Feigheit,cowardice,懦弱,NOUN,B2
Krabbe,crab,螃蟹,NOUN,B2
Riss,crack,裂缝,NOUN,B2
knistern,to crackle,噼啪作响,VERB,B2
Handwerk,craft,工艺,NOUN,B2
Handwerker,craftsman,工匠,NOUN,B2
Handwerkskunst,craftsmanship,手工艺,NOUN,B2
Crash,crash,碰撞,NOUN,B2
Krater,crater,火山口,NOUN,B2
begehren,to crave,渴望,VERB,B2
Schöpfung,creation,创造,NOUN,B2
kreativ,creative,有创造力的,ADJ,B2
Kreativität,creativity,创造力,NOUN,B2
Schöpfer,creator,创造者,NOUN,B2
Glaubwürdigkeit,credibility,可信度,NOUN,B2
Gläubiger,creditor,债权人,NOUN,B2
Gläubigerrecht,creditor's right,债权,NOUN,B2
Glaubensbekenntnis,creed,信条,NOUN,B2
Kamm,crest,顶峰,NOUN,B2
kriminell,criminal,犯罪的,ADJ,B2
Kriminalität,criminality,犯罪,NOUN,B2
kriminalisieren,to criminalize,定罪,VERB,B2
Kriterium,criterion,标准,NOUN,B2
Kritiker,critic,评论家,NOUN,B2
kritisch,critical,关键的,ADJ,B2
Kritikalität,criticality,临界性,NOUN,B2
kritisieren,to criticize,批评,VERB,B2
Ernte,crop,庄稼,NOUN,B2
Übergang,crossing,交叉口,NOUN,B2
Kreuzung,crossroads,十字路口,NOUN,B2
Krähe,crow,乌鸦,NOUN,B2
Menge,crowd,人群,NOUN,B2
krönen,to crown,加冕,VERB,B2
entscheidend,crucial,至关重要的,ADJ,B2
Grausamkeit,cruelty,残忍,NOUN,B2
Kreuzfahrt,cruise,巡航,NOUN,B2
knirschen,to crunch,嘎吱作响,VERB,B2
zerdrücken,to crush,压碎,VERB,B2
vernichtende Niederlage,crushing defeat,惨败,NOUN,B2
Kruste,crust,外壳,NOUN,B2
Krebstier,crustacean,甲壳类动物,NOUN,B2
Weinen,crying,,NOUN,B2
Jungtier,cub,幼兽,NOUN,B2
Würfel,cube,立方体,NOUN,B2
Kubismus,cubism,立体主义,NOUN,B2
kulturell,cultural,文化的,ADJ,B2
Kulturgut,cultural relic,文物,NOUN,B2
List,cunning,狡猾的,ADJ,B2
Schrank,cupboard,橱柜,NOUN,B2
eindämmen,to curb,抑制,VERB,B2
Währung,currency,货币,NOUN,B2
Strom,current,当前的,ADJ,B2
amtierende Dynastie,current dynasty,当朝,NOUN,B2
Lehrplan,curriculum,课程,NOUN,B2
Vorhangstange,curtain rod,窗帘杆,NOUN,B2
Kissen,cushion,垫子,NOUN,B2
Brauch,custom,习俗,NOUN,B2
üblich,customary,习惯的,ADJ,B2
abkürzen,to cut short,截断,VERB,B2
Zyanose,cyanosis,发绀,NOUN,B2
cyber,cyber,网络的,ADJ,B2
Cybersicherheit,cybersecurity,网络安全,NOUN,B2
zyklen,cycle,循环,NOUN,B2
zyklen,to cycle,骑自行车,VERB,B2
zyklisch,cyclical,周期的,ADJ,B2
Zyklone,cyclone,气旋,NOUN,B2
Zylinder,cylinder,圆柱体,NOUN,B2
Zymbel,cymbal,钹,NOUN,B2
zynisch,cynical,愤世嫉俗的,ADJ,B2
Dolch,dagger,匕首,NOUN,B2
täglich,daily,每天,ADV,B2
Tageszuwachs,daily increase,日渐,NOUN,B2
Tageszeitung,daily newspaper,日报,NOUN,B2
Damm,dam,水坝,NOUN,B2
verdammt,damn,该死,INTJ,B2
feucht,damp,潮湿,ADJ,B2
Danmei,danmei,但没,NOUN,B2
Armaturenbrett,dashboard,仪表盘,NOUN,B2
datieren,to date,注明日期,VERB,B2
Dating,dating,年代测定,NOUN,B2
Morgendämmerung,dawn,黎明,NOUN,B2
Tag und Nacht,day and night,昼夜,NOUN,B2
Tagesarbeiter,day laborer,日工,NOUN,B2
schwärmen,to daydream,幻想,VERB,B2
blendend,dazzling,耀眼的,ADJ,B2
Sackgasse,dead end,死胡同,NOUN,B2
Frist,deadline,截止日期,NOUN,B2
tödlich,deadly,致命的,ADJ,B2
Deal,deal,交易,NOUN,B2
Dekan,dean,院长,NOUN,B2
Todesstrafe,death penalty,死刑,NOUN,B2
Todeswunsch,death wish,找死,NOUN,B2
entwerten,to debase,贬低,VERB,B2
diskutabel,debatable,有争议的,ADJ,B2
debattieren,debate,辩论,NOUN,B2
debattieren,to debate,辩论,VERB,B2
Lüsternheit,debauchery,放荡,NOUN,B2
Schuld,debt,债务,NOUN,B2
Schuldner,debtor,债务人,NOUN,B2
Debüt,debut,初次登台,NOUN,B2
Jahrzehnt,decade,十年,NOUN,B2
Dekadenz,decadence,衰落,NOUN,B2
dekadent,decadent,颓废,ADJ,B2
Verstorbene,deceased,死者,NOUN,B2
betrügerisch,deceitful,欺诈的,ADJ,B2
Dezentralisierung,decentralization,权力下放,NOUN,B2
Täuschung,deception,欺骗,NOUN,B2
Täuschungswette,deception dare,你敢骗我,NOUN,B2
entziffern,to decipher,破译,VERB,B2
Entscheider,decision-maker,决策者,NOUN,B2
Erklärung,declaration,宣言,NOUN,B2
erklären,to declare,宣布,VERB,B2
zurückgehen,decline,衰退,NOUN,B2
zurückgehen,to decline,下降,VERB,B2
höflich ablehnen,to decline politely,婉拒,VERB,B2
Stilllegung,decommissioning,退役,NOUN,B2
zerfallen,to decompose,分解,VERB,B2
dekonstruieren,to deconstruct,解构,VERB,B2
Dekonstruktion,deconstruction,解构主义,NOUN,B2
Dekoration,decoration,装饰品,NOUN,B2
abnehmen,decrease,减少,NOUN,B2
abnehmen,to decrease,减少,VERB,B2
erlassen,decree,法令,NOUN,B2
erlassen,to decree,颁布法令,VERB,B2
Entschlüsselung,decryption,解密,NOUN,B2
widmen,to dedicate,致力于,VERB,B2
Widmung,dedication,奉献,NOUN,B2
ableiten,to deduce,推断,VERB,B2
frittieren,to deep-fry,油炸,VERB,B2
vertiefen,to deepen,加深,VERB,B2
tief,deeply,深深地,ADV,B2
Hirsch,deer,鹿,NOUN,B2
Verleumdung,defamation,诽谤,NOUN,B2
Verzug,default,违约,NOUN,B2
Defätismus,defeatism,失败主义,NOUN,B2
defektieren,defect,缺陷,NOUN,B2
defektieren,to defect,叛变,VERB,B2
verteidigen,to defend one's country,卫国,VERB,B2
Beklagter,defendant,被告,NOUN,B2
Trotz,defiance,挑衅,NOUN,B2
Defizit,deficit,赤字,NOUN,B2
definieren,to define,定义,VERB,B2
Definition,definition,定义,NOUN,B2
definitiv,definitive,决定性的,ADJ,B2
Deflation,deflation,通货紧缩,NOUN,B2
Entwaldung,deforestation,森林砍伐,NOUN,B2
verformen,to deform,使变形,VERB,B2
Verformung,deformation,变形,NOUN,B2
verformt,deformed,畸形的,ADJ,B2
betrügen,to defraud,诈骗,VERB,B2
degenerieren,to degenerate,退化,VERB,B2
Degeneration,degeneration,退化,NOUN,B2
Degradierung,degradation,降级,NOUN,B2
degradieren,to degrade,贬低,VERB,B2
Dehydratation,dehydration,脱水,NOUN,B2
Deismus,deism,自然神论,NOUN,B2
Gottheit,deity,神,NOUN,B2
niedergeschlagen,dejected,沮丧的,ADJ,B2
Niedergeschlagenheit,dejection,沮丧,NOUN,B2
delegieren,delegate,代表,NOUN,B2
delegieren,to delegate,委派,VERB,B2
Delegation,delegation,代表团,NOUN,B2
beraten,deliberate,深思熟虑的,ADJ,B2
beraten,to deliberate,深思熟虑,VERB,B2
absichtlich,deliberately,故意地,ADV,B2
Beratung,deliberation,深思熟虑,NOUN,B2
Feinheit,delicacy,美食,NOUN,B2
zart,delicate,精致的,ADJ,B2
Freude,delight,高兴,NOUN,B2
entzückend,delightful,令人愉快的,ADJ,B2
Delinquenz,delinquency,违法行为,NOUN,B2
Delinquent,delinquent,罪犯,NOUN,B2
Delirium,delirium,精神错乱,NOUN,B2
Flut,deluge,洪水,NOUN,B2
Demenz,dementia,痴呆,NOUN,B2
Entmilitarisierung,demilitarization,去武,NOUN,B2
demokratisch,democratic,民主的,ADJ,B2
Demokratisierung,democratization,民主化,NOUN,B2
Demografie,demography,人口学,NOUN,B2
demolieren,to demolish,拆除,VERB,B2
Abriss,demolition,拆除,NOUN,B2
demonstrieren,to demonstrate,证明,VERB,B2
Demonstration,demonstration,演示,NOUN,B2
demoralisieren,to demoralize,使士气低落,VERB,B2
Verleugnung,denial,否认,NOUN,B2
Denotation,denotation,外延,NOUN,B2
verurteilen,to denounce,谴责,VERB,B2
Dichte,density,密度,NOUN,B2
Denunziation,denunciation,告发,NOUN,B2
Abteilungsleiter,department head,厅长,NOUN,B2
Kaufhaus,department store,百货商店,NOUN,B2
abhängen,to depend,依赖,VERB,B2
darstellen,to depict,描绘,VERB,B2
bedauern,to deplore,谴责,VERB,B2
absetzen,to depose,废黜,VERB,B2
hinterlegen,to deposit,存放,VERB,B2
Abschreibung,depreciation,贬值,NOUN,B2
deprimieren,to depress,使沮丧,VERB,B2
Depression,depression,抑郁,NOUN,B2
Entbehrung,deprivation,剥夺,NOUN,B2
berauben,to deprive,剥夺,VERB,B2
Stellvertreter,deputy,副的,ADJ,B2
entgleisen,to derail,使脱轨,VERB,B2
Ableitung,derivative,衍生物,NOUN,B2
abschwächen,to derogate,贬损,VERB,B2
herabsteigen,to descend,下降,VERB,B2
Nachkomme,descendant,后代,NOUN,B2
Abstieg,descent,下降,NOUN,B2
Wüstenbildung,desertification,荒漠化,NOUN,B2
verdienen,to deserve,值得,VERB,B2
Gestaltung,design,设计,NOUN,B2
Bestellfahrer,designated driver,代驾,NOUN,B2
Bezeichnung,designation,指定,NOUN,B2
Gestalter,designer,设计者,NOUN,B2
unterlassen,to desist,停止,VERB,B2
wüst,desolate,荒凉的,ADJ,B2
verachtenswert,despicable,可鄙的,ADJ,B2
plündern,to despoil,掠夺,VERB,B2
Despot,despot,暴君,NOUN,B2
Despotismus,despotism,专制,NOUN,B2
Destabilisierung,destabilization,动摇,NOUN,B2
destabilisieren,to destabilize,使不稳定,VERB,B2
Verarmung,destitution,贫困,NOUN,B2
zerstörerisch,destructive,مدمر,ADJ,B2
abtrennen,to detach,分离,VERB,B2
Abkommando,detachment,脱落,NOUN,B2
festhalten,to detain,拘留,VERB,B2
erkennen,to detect,探测,VERB,B2
Erkennung,detection,检测,NOUN,B2
Entspannung,detente,缓和,NOUN,B2
verschlechtern,to deteriorate,恶化,VERB,B2
Determinismus,determinism,决定论,NOUN,B2
deterministisch,deterministic,决定论的,ADJ,B2
verabscheuen,to detest,厌恶,VERB,B2
verabscheuungswürdig,detestable,可恶的,ADJ,B2
detonieren,to detonate,引爆,VERB,B2
Detonation,detonation,爆炸,NOUN,B2
Umweg,detour,绕道,NOUN,B2
entgiften,to detoxify,解毒,VERB,B2
entwerten,to devalue,贬值,VERB,B2
verwüsten,to devastate,摧毁,VERB,B2
Verwüstung,devastation,破坏,NOUN,B2
entwickelt,developed,发达的,ADJ,B2
Entwickler,developer,开发商,NOUN,B2
Abweichung,deviation,偏离,NOUN,B2
widmen,to devote,奉献,VERB,B2
gewidmet,devoted,忠诚的,ADJ,B2
verschlingen,to devour,吞食,VERB,B2
Tau,dew,露水,NOUN,B2
Diabetes,diabetes,糖尿病,NOUN,B2
diagnostizieren,to diagnose,诊断,VERB,B2
Diagramm,diagram,图表,NOUN,B2
Dialekt,dialect,方言,NOUN,B2
dialogisieren,dialogue,对话,NOUN,B2
dialogisieren,to dialogue,对话,VERB,B2
Durchfall,diarrhea,腹泻,NOUN,B2
Diaspora,diaspora,流散,NOUN,B2
Würfel,dice,骰子,NOUN,B2
diktieren,to dictate,口述,VERB,B2
Diktatur,dictatorship,独裁统治,NOUN,B2
sich unterscheiden,to differ,不同,VERB,B2
differenzieren,to differentiate,区分,VERB,B2
Differenzierung,differentiation,区分,NOUN,B2
schwieriger Angriff,difficult attack,难攻,NOUN,B2
schwieriges Problem,difficult problem,难题,NOUN,B2
diffundieren,to diffuse,扩散,VERB,B2
Verdauung,digestion,消化,NOUN,B2
verdauend,digestive,消化的,ADJ,B2
Graben,digging,挖掘,NOUN,B2
Ziffer,digit,数字,NOUN,B2
digital,digital,数字的,ADJ,B2
Digitalisierung,digitization,数字化,NOUN,B2
Würde,dignity,尊严,NOUN,B2
abschweifen,to digress,离题,VERB,B2
dilatieren,to dilate,膨胀,VERB,B2
Dilatation,dilation,扩张,NOUN,B2
Dilemma,dilemma,困境,NOUN,B2
Gewissenhaftigkeit,diligence,勤勉,NOUN,B2
Dimension,dimension,维度,NOUN,B2
verringern,to diminish,减少,VERB,B2
eintauchen,to dip,蘸,VERB,B2
Diplomatie,diplomacy,外交,NOUN,B2
Richtungsschild,direction sign,指示牌,NOUN,B2
Richtlinie,directive,指令,NOUN,B2
direkt,directly,直接地,ADV,B2
Behinderung,disability,残疾,NOUN,B2
behindert,disabled,残疾的,ADJ,B2
widersprechen,to disagree,不同意,VERB,B2
Uneinigkeit,disagreement,不和,NOUN,B2
Verschwinden,disappearance,消失,NOUN,B2
enttäuscht,disappointed,失望的,ADJ,B2
enttäuschend,disappointing,令人失望的,ADJ,B2
entwaffnen,to disarm,解除武装,VERB,B2
zerlegen,to disassemble,拆卸,VERB,B2
katastrophal,disastrous,灾难性的,ADJ,B2
ablehnen,to disavow,否认,VERB,B2
Unglaube,disbelief,不信,NOUN,B2
verwerfen,to discard,丢弃,VERB,B2
Entlassung,discharge,放电,NOUN,B2
Jünger,disciple,门徒,NOUN,B2
disziplinieren,to discipline,管教,VERB,B2
offenlegen,to disclose,揭露,VERB,B2
Unbehagen,discomfort,不适,NOUN,B2
trennen,to disconnect,断开,VERB,B2
Unzufriedenheit,discontent,不满,NOUN,B2
Zwist,discord,不和,NOUN,B2
Unstimmigkeit,discordance,不一致,NOUN,B2
entmutigen,to discourage,使气馁,VERB,B2
diskutieren,discourse,论述,NOUN,B2
diskutieren,to discourse,论述,VERB,B2
diskreditieren,to discredit,败坏名声,VERB,B2
Diskretion,discretion,谨慎,NOUN,B2
diskriminieren,to discriminate,歧视,VERB,B2
Diskriminierung,discrimination,歧视,NOUN,B2
Verachtung,disdain,蔑视,NOUN,B2
aussteigen,to disembark,下船,VERB,B2
sich lösen,to disengage,脱离,VERB,B2
Geschirrspüler,dishwasher,洗碗机,NOUN,B2
desinfizieren,to disinfect,消毒,VERB,B2
Desinfektionsmittel,disinfectant,消毒剂,NOUN,B2
Desinformation,disinformation,虚假信息,NOUN,B2
Desinteresse,disinterest,公正;不感兴趣,NOUN,B2
unparteiisch,disinterested,公正的,ADJ,B2
disjunkt,disjoint,不相交的,ADJ,B2
Disk,disk,唱片,NOUN,B2
nicht mögen,to dislike,不喜欢,VERB,B2
ausrenken,to dislocate,使脱臼,VERB,B2
Luxation,dislocation,脱臼,NOUN,B2
zerlegen,to dismantle,拆除,VERB,B2
Demontage,dismantling,拆除，瓦解,NOUN,B2
absteigen,to dismount,下马,VERB,B2
Ungehorsam,disobedience,不服从,NOUN,B2
missachten,to disobey,违抗,VERB,B2
Unordnung,disorder,混乱,NOUN,B2
unordentlich,disorderly,杂乱的,ADJ,B2
desorientieren,to disorient,使迷失方向,VERB,B2
Desorientierung,disorientation,迷失方向,NOUN,B2
Ungleichheit,disparity,差异,NOUN,B2
absenden,to dispatch,派遣,VERB,B2
verabreichen,to dispense medicine,配药,VERB,B2
Anzeige,display,展示,NOUN,B2
missfallen,to displease,使不快,VERB,B2
Unzufriedenheit,displeasure,不悦,NOUN,B2
Streit,dispute,争论,NOUN,B2
unzufrieden,dissatisfied,不满的,ADJ,B2
sezieren,to dissect,解剖,VERB,B2
verbreiten,to disseminate,传播,VERB,B2
Dissens,dissent,异议,NOUN,B2
Dissertation,dissertation,论文,NOUN,B2
Verschwendung,dissipation,挥霍,NOUN,B2
Auflösung,dissolution,溶解,NOUN,B2
Dissonanz,dissonance,不和谐,NOUN,B2
abraten,to dissuade,劝阻,VERB,B2
deutlich,distinct,明显的,ADJ,B2
Unterscheidung,distinction,区别,NOUN,B2
ausgezeichnet,distinguished,杰出,ADJ,B2
Verzerrung,distortion,扭曲,NOUN,B2
abgelenkt,distracted,分心的,ADJ,B2
Verteilung,distribution,分布,NOUN,B2
Bezirksleiter,district head,区长,NOUN,B2
Misstrauen,distrust,不信任,NOUN,B2
störend,disturbing,令人不安的,ADJ,B2
Graben,ditch,沟渠,NOUN,B2
Tauchgang,dive,跳水,NOUN,B2
abweichend,divergent,分歧的,ADJ,B2
Diversifikation,diversification,多样化,NOUN,B2
diversifizieren,to diversify,使多样化,VERB,B2
Vielfalt,diversity,多样性,NOUN,B2
umleiten,to divert,转移,VERB,B2
Dividende,dividend,红利,NOUN,B2
Wahrsagung,divination,占卜,NOUN,B2
Gott,divine,神圣的,ADJ,B2
Tauchen,diving,潜水,NOUN,B2
Gottheit,divinity,神性,NOUN,B2
Teilung,division,分开,NOUN,B2
Schwindel,dizziness,眩晕,NOUN,B2
schwindelig,dizzy,头晕的,ADJ,B2
nicht,do not,莫,ADV,B2
Nichtverwendung,do not use,别用,NOUN,B2
sich bestmöglich anstrengen,to do one's best,尽力,VERB,B2
tun,to do to make,做,VERB,B2
Sanftmut,docility,温顺,NOUN,B2
Dock,dock,码头,NOUN,B2
Dokumentarfilm,documentary,纪录片的,ADJ,B2
ausweichen,to dodge,躲避,VERB,B2
Dogma,dogma,教条,NOUN,B2
dogmatisch,dogmatic,教条的,ADJ,B2
Dogmatismus,dogmatism,教条主义,NOUN,B2
Kuppel,dome,圆顶,NOUN,B2
domestisch,domestic,国内的,ADJ,B2
Domestizierung,domestication,驯化,NOUN,B2
dominant,dominant,占主导地位的,ADJ,B2
dominieren,to dominate,支配,VERB,B2
Erledigung,done,事已,NOUN,B2
Spender,donor,捐赠者,NOUN,B2
Türgriff,door handle,门把手,NOUN,B2
Türmatte,doormat,门垫,NOUN,B2
Schlafsaal,dormitory,宿舍,NOUN,B2
Dosierung,dosage,剂量,NOUN,B2
hinunter,down,顺...而下,ADP,B2
Download,download,下载,NOUN,B2
Regenguss,downpour,倾盆大雨,NOUN,B2
Unterkurs,downstream,下游,NOUN,B2
Mitgift,dowry,嫁妆,NOUN,B2
Entwurf,draft,草稿,NOUN,B2
schleppen,to drag,拖,VERB,B2
Abfluss,drain,排水沟,NOUN,B2
Drama,drama,戏剧,NOUN,B2
dramatisieren,to dramatize,戏剧化,VERB,B2
Dramaturgie,dramaturgy,戏剧艺术,NOUN,B2
draw,draw,平局,NOUN,B2
dread,dread,恐惧,NOUN,B2
dregs,dregs,渣滓,NOUN,B2
drift,drift,漂移,NOUN,B2
drifting,drifting,漂泊,NOUN,B2
drill,drill,钻头,NOUN,B2
drizzle,drizzle,毛毛雨,NOUN,B2
drop,to drop,掉落,VERB,B2
drowsiness,drowsiness,昏睡,NOUN,B2
drum,drum,鼓,NOUN,B2
dualism,dualism,二元论,NOUN,B2
duality,duality,二元性,NOUN,B2
dubbing,dubbing,配音,NOUN,B2
dull,dull,枯燥的,ADJ,B2
dullness,dullness,迟钝,NOUN,B2
dumping,dumping,倾销,NOUN,B2
dumpling,dumpling,丸子,NOUN,B2
dune,dune,沙丘,NOUN,B2
duplicate,to duplicate,复制,VERB,B2
durability,durability,耐用性,NOUN,B2
dusk,dusk,黄昏,NOUN,B2
dwelling,dwelling,住宅,NOUN,B2
dynamite,dynamite,炸药,NOUN,B2
dynasty,dynasty,王朝,NOUN,B2
dysfunction,dysfunction,功能障碍,NOUN,B2
dystopia,dystopia,反乌托邦,NOUN,B2
each,each,每个,DET,B2
eager,eager,渴望的,ADJ,B2
early,early,早,ADV,B2
Frühwarnung,early warning,预警,NOUN,B2
Leichtigkeit,ease,轻松,NOUN,B2
östlich,eastern,东方的,ADJ,B2
Leichtes Sagen,easy to say,好说,NOUN,B2
exzentrisch,eccentric,古怪的,ADJ,B2
kirchlich,ecclesiastical,教会的,ADJ,B2
Echo,echo,回声,NOUN,B2
Finsternis,eclipse,日食,NOUN,B2
ökologisch,ecological,生态的,ADJ,B2
Ökologie,ecology,生态学,NOUN,B2
wirtschaftlich,economic,经济的,ADJ,B2
Ökosystem,ecosystem,生态系统,NOUN,B2
Edikt,edict,法令,NOUN,B2
bearbeiten,to edit,编辑,VERB,B2
Ausgabe,edition,版本,NOUN,B2
Editorial,editorial,社论,NOUN,B2
gebildet,educated,受过教育的,ADJ,B2
EEG,eeg,脑电图,NOUN,B2
Effektivität,effective,有效的,ADJ,B2
Effektivität,effectiveness,功效,NOUN,B2
Wirksamkeit,efficacy,功效,NOUN,B2
Effizienz,efficiency,效率,NOUN,B2
effizient,efficient,高效的,ADJ,B2
Aubergine,eggplant,茄子,NOUN,B2
ausarbeiten,elaborate,详尽的,ADJ,B2
ausarbeiten,to elaborate,制定,VERB,B2
Elastizität,elasticity,弹性,NOUN,B2
begeistert,elated,兴高采烈的,ADJ,B2
Ältere,elderly,年长的,ADJ,B2
Erstgeborener,eldest son,长子,NOUN,B2
wählen,to elect,选举,VERB,B2
Wahl,election,选举,NOUN,B2
Wählerschaft,electorate,选民,NOUN,B2
Elektriker,electrician,电工,NOUN,B2
elektronisch,electronic,电子的,ADJ,B2
Elektronische Zahlung,electronic payment,电子支付,NOUN,B2
elegant,elegant,优雅的,ADJ,B2
Elegie,elegy,挽歌,NOUN,B2
Element,element,元素,NOUN,B2
Erhebung,elevation,提升,NOUN,B2
Eliminierung,elimination,消除,NOUN,B2
Elite,elite,精英,NOUN,B2
Beredsamkeit,eloquence,口才,NOUN,B2
emanieren,to emanate,散发,VERB,B2
Emanation,emanation,散发物,NOUN,B2
emanzipieren,to emancipate,解放,VERB,B2
Emanzipation,emancipation,解放,NOUN,B2
Botschaft,embassy,大使馆,NOUN,B2
einbetten,to embed,嵌入,VERB,B2
verschönern,to embellish,装饰,VERB,B2
Unterschlagung,embezzlement,贪污,NOUN,B2
verkörpern,to embody,体现,VERB,B2
umarmen,embrace,拥抱,NOUN,B2
umarmen,to embrace,拥抱,VERB,B2
besticken,to embroider,刺绣,VERB,B2
Stickerei,embroidery,刺绣,NOUN,B2
hervortreten,to emerge,出现,VERB,B2
Entstehung,emergence,涌现,NOUN,B2
Emission,emission,排放,NOUN,B2
emittieren,to emit,发出,VERB,B2
Emotion,emotion,情感,NOUN,B2
Emotionalität,emotionality,感性/情绪化,NOUN,B2
mitfühlen,to empathize,共情,VERB,B2
Empathie,empathy,共情,NOUN,B2
empirisch,empirical,经验的,ADJ,B2
Empirismus,empiricism,经验主义,NOUN,B2
ermächtigen,to empower,授权,VERB,B2
Kaiserin,empress,女皇,NOUN,B2
Hohler Ruhm,empty fame,虚名,NOUN,B2
emulieren,to emulate,效仿,VERB,B2
erlassen,to enact,颁布,VERB,B2
bezaubernd,enchanting,迷人的,ADJ,B2
umfassen,to encompass,包含,VERB,B2
ermutigen,to encourage,鼓励,VERB,B2
Verschlüsselung,encryption,加密,NOUN,B2
Enzyklopädie,encyclopedia,百科全书,NOUN,B2
enzyklopädisch,encyclopedic,百科全书式的,ADJ,B2
schließlich,end,端,PART,B2
landen,to end up,最终到达,VERB,B2
unterstützen,to endorse,支持,VERB,B2
Unterstützung,endorsement,背书,NOUN,B2
ausstatten,to endow,赋予,VERB,B2
Ausdauer,endurance,坚忍,NOUN,B2
Feind,enemy must,仇必,NOUN,B2
Feindstaat,enemy state,敌国,NOUN,B2
energetisch,energetic,精力充沛的,ADJ,B2
Durchsetzung,enforcement,执行,NOUN,B2
Ingenieurwesen,engineering,工程学,NOUN,B2
Englisch,english,英语,NOUN,B2
Gravur,engraving,版画,NOUN,B2
Genuss,enjoyment,享受,NOUN,B2
aufklären,to enlighten,启发,VERB,B2
aufgeklärt,enlightened,开明的,ADJ,B2
anwerben,to enlist,征募,VERB,B2
Feindschaft,enmity,敌意,NOUN,B2
adeln,to ennoble,使高贵,VERB,B2
Ungeheuerlichkeit,enormity,极恶,NOUN,B2
bereichern,to enrich,使丰富,VERB,B2
Bereicherung,enrichment,丰富,NOUN,B2
einschreiben,to enroll,注册,VERB,B2
Einschreibung,enrollment,注册,NOUN,B2
bedingen,to entail,牵涉,VERB,B2
verstricken,to entangle,使纠缠,VERB,B2
eintreten,to enter city,进城,VERB,B2
Unternehmen,enterprise,企业,NOUN,B2
Unterhaltungszentrum,entertainment center,娱乐中心,NOUN,B2
Entthronung,enthronement,登基,NOUN,B2
begeistern,to enthuse,使热情,VERB,B2
Begeisterung,enthusiasm,热情,NOUN,B2
Enthusiast,enthusiast,爱好者,NOUN,B2
verlocken,to entice,引诱,VERB,B2
vollständig,entirely,完全地,ADV,B2
Gesamtheit,entirety,全部,NOUN,B2
Entität,entity,实体,NOUN,B2
Entourage,entourage,随从,NOUN,B2
verfestigen,to entrench,巩固,VERB,B2
Unternehmer,entrepreneur,企业家,NOUN,B2
Eintrag,entry,入口,NOUN,B2
aufzählen,to enumerate,列举,VERB,B2
Artikulation,enunciation,发音,NOUN,B2
umweltbezogen,environmental,环境的,ADJ,B2
Umweltbericht,environmental report,环境报告,NOUN,B2
vorstellen,to envision,展望,VERB,B2
Enzym,enzyme,酶,NOUN,B2
Epos,epic,史诗,NOUN,B2
epikureisch,epicurean,享乐主义的,ADJ,B2
Epidemie,epidemic,流行病,NOUN,B2
Epistemologie,epistemology,认识论,NOUN,B2
Gleichung,equation,方程,NOUN,B2
Reitsport,equestrianism,马术,NOUN,B2
Gleichgewicht,equilibrium,平衡,NOUN,B2
ausgestattet,equipped,配备的,ADJ,B2
Äquivalent,equivalent,等价物,NOUN,B2
Ära,era,时代,NOUN,B2
ausrotten,to eradicate,根除,VERB,B2
Ausrottung,eradication,根除,NOUN,B2
Löschung,erasure,擦除,NOUN,B2
Erhu,erhu,二胡,NOUN,B2
Erosion,erosion,侵蚀,NOUN,B2
Besorgung,errand,差事,NOUN,B2
Errata,errata,勘误,NOUN,B2
Eruption,eruption,爆发,NOUN,B2
Eskalation,escalation,升级,NOUN,B2
Rolltreppe,escalator,自动扶梯,NOUN,B2
begleiten,escort,护卫,NOUN,B2
begleiten,to escort,护送,VERB,B2
Wachposten,escort guard,镖师,NOUN,B2
Spionage,espionage,间谍活动,NOUN,B2
Essay,essay,散文,NOUN,B2
Essenz,essence,本质,NOUN,B2
Grundausstattung,essential equipment,要置,NOUN,B2
im Wesentlichen,essentially,主要地,ADV,B2
etabliert,established,既定的,ADJ,B2
Einrichtung,establishment,机构,NOUN,B2
Achtung,esteem,尊重,NOUN,B2
Schätzung,estimate,估计,NOUN,B2
Entfremdung,estrangement,疏离,NOUN,B2
Mündung,estuary,河口,NOUN,B2
ewiger Bund,eternal alliance,永结,NOUN,B2
Ethereum,ethereum,以太坊,NOUN,B2
ethisch,ethical,道德的,ADJ,B2
Ethik,ethics,伦理学,NOUN,B2
ethnisch,ethnic,种族的,ADJ,B2
Ethnie,ethnicity,种族,NOUN,B2
Ethnografie,ethnography,人种学,NOUN,B2
Ethnologie,ethnology,民族学,NOUN,B2
Trauerrede,eulogy,赞辞,NOUN,B2
Euphemismus,euphemism,委婉语,NOUN,B2
Euphorie,euphoria,欣快感,NOUN,B2
europäisch,european,欧洲的,ADJ,B2
evakuieren,to evacuate,疏散,VERB,B2
Evakuierung,evacuation,疏散,NOUN,B2
umgehen,to evade,逃避,VERB,B2
evangelisieren,to evangelize,传福音,VERB,B2
evaporate,to evaporate,蒸发,VERB,B2
evaporation,evaporation,蒸发,NOUN,B2
evasive,evasive,回避的,ADJ,B2
even,even,偶数的,ADJ,B2
eventually,eventually,最终,ADV,B2
ever,to ever,里何尝,VERB,B2
evict,to evict,驱逐,VERB,B2
eviction,eviction,驱逐,NOUN,B2
evidence,evidence,证据,NOUN,B2
evident,evident,明显的,ADJ,B2
evil,evil,邪,PART,B2
evoke,to evoke,唤起,VERB,B2
evolution,evolution,进化,NOUN,B2
evolve,to evolve,进化,VERB,B2
exacerbate,to exacerbate,加剧,VERB,B2
exacerbation,exacerbation,加剧,NOUN,B2
exaggerate,to exaggerate,夸大,VERB,B2
exaggeration,exaggeration,夸张,NOUN,B2
examination,examination,考试,NOUN,B2
exasperate,to exasperate,激怒,VERB,B2
exasperation,exasperation,恼怒,NOUN,B2
excavate,to excavate,挖掘,VERB,B2
exceed,to exceed,超过,VERB,B2
excel,to excel,擅长,VERB,B2
exceptional,exceptional,杰出的,ADJ,B2
excerpt,excerpt,摘录,NOUN,B2
excess,excess,过量,NOUN,B2
excite,to excite,使兴奋,VERB,B2
exclamation,exclamation,感叹,NOUN,B2
exclusion,exclusion,排除,NOUN,B2
exclusive,exclusive,独有的,ADJ,B2
exclusively,exclusively,专门地,ADV,B2
Exklusivität,exclusivity,排他性,NOUN,B2
exkommunizieren,to excommunicate,开除教籍,VERB,B2
Exkommunikation,excommunication,绝罚,NOUN,B2
exkoriarieren,to excoriate,严厉批评,VERB,B2
Testamentsvollstrecker,executor,遗嘱执行人,NOUN,B2
Exegese,exegesis,注释,NOUN,B2
befreien,to exempt,免除,VERB,B2
Befreiung,exemption,豁免,NOUN,B2
üben,to exercise,锻炼,VERB,B2
Erschöpfung,exhaustion,疲惫,NOUN,B2
erschöpfend,exhaustive,详尽的,ADJ,B2
ausstellen,to exhibit,展览,VERB,B2
ermahnen,to exhort,劝告,VERB,B2
exhumieren,to exhume,掘出,VERB,B2
verbannen,exile,流亡,NOUN,B2
verbannen,to exile,流放,VERB,B2
entlasten,to exonerate,使无罪,VERB,B2
expansiv,expansive,扩张的,ADJ,B2
Expedition,expedition,探险,NOUN,B2
vertreiben,to expel,开除,VERB,B2
Ausgabe,expenditure,支出,NOUN,B2
Kosten,expense,费用,NOUN,B2
Ausgaben,expenses,费用,NOUN,B2
erfahren,experienced,老练的,ADJ,B2
Experiment,experiment,实验,NOUN,B2
experimentell,experimental,实验的,ADJ,B2
Expertise,expertise,专业知识,NOUN,B2
Ablauf,expiry,失效,NOUN,B2
Entdecker,explorer,探险家,NOUN,B2
Explosion,explosion,爆炸,NOUN,B2
explosiv,explosive,爆炸性的,ADJ,B2
exportieren,export,出口,NOUN,B2
exportieren,to export,出口,VERB,B2
Ausstellung,exposition,阐述,NOUN,B2
Aussetzung,exposure,暴露,NOUN,B2
erläutern,to expound,阐述,VERB,B2
ausdrücklich,expressly,明确地,ADV,B2
enteignen,to expropriate,征用,VERB,B2
Enteignung,expropriation,征用,NOUN,B2
Ausschluss,expulsion,驱逐,NOUN,B2
exquisit,exquisite,精致的,ADJ,B2
ausdehnen,to extend,延伸,VERB,B2
Erweiterung,extension,延伸,NOUN,B2
Umfang,extent,程度,NOUN,B2
ausrotten,to exterminate,消灭,VERB,B2
Ausrottung,extermination,灭绝,NOUN,B2
extern,external,外部的,ADJ,B2
Aussterben,extinction,灭绝,NOUN,B2
löschen,to extinguish,熄灭,VERB,B2
erpressen,to extort,敲诈,VERB,B2
Erpressung,extortion,勒索,NOUN,B2
Extra,extra,群众演员,NOUN,B2
extrahieren,to extract,提取,VERB,B2
Extraktion,extraction,提取,NOUN,B2
ausliefern,to extradite,引渡,VERB,B2
Auslieferung,extradition,引渡,NOUN,B2
extrapolieren,to extrapolate,推断,VERB,B2
Extravaganz,extravagance,奢侈,NOUN,B2
Extrem,extreme,أقصى,NOUN,B2
Extrovertiertheit,extroversion,外向,NOUN,B2
jubeln,to exult,狂喜,VERB,B2
Jubel,exultation,欢腾,NOUN,B2
Augenbraue,eyebrow,眉毛,NOUN,B2
Wimper,eyelash,睫毛,NOUN,B2
Augenlid,eyelid,眼皮,NOUN,B2
Augenzeuge,eyewitness,目击,NOUN,B2
Fabel,fable,寓言,NOUN,B2
fabrizieren,to fabricate,捏造,VERB,B2
Fabrikation,fabrication,捏造,NOUN,B2
Fassade,facade,正面,NOUN,B2
face,to face,面对,VERB,B2
facet,facet,方面,NOUN,B2
facilitate,to facilitate,促进,VERB,B2
facilities,facilities,设施,NOUN,B2
facsimile,facsimile,副本,NOUN,B2
faction,faction,派,NOUN,B2
faculty,faculty,学院,NOUN,B2
fade,to fade,褪色,VERB,B2
faded,faded,褪色的,ADJ,B2
failure,failure,失败,NOUN,B2
faint,to faint,昏倒,VERB,B2
fainting,fainting,晕厥,NOUN,B2
faith,faith,信仰,NOUN,B2
fake,fake,假的,ADJ,B2
falcon,falcon,猎鹰,NOUN,B2
false,false,错误的,ADJ,B2
falsehood,falsehood,谎言,NOUN,B2
falsity,falsity,虚假,NOUN,B2
familiarity,familiarity,مألوف,NOUN,B2
fan,fan,粉丝,NOUN,B2
fanaticism,fanaticism,狂热,NOUN,B2
farce,farce,闹剧,NOUN,B2
farming,farming,农业,NOUN,B2
fascination,fascination,魅力,NOUN,B2
fast,to fast,禁食,VERB,B2
fasting,fasting,禁食,NOUN,B2
father,father,父,PART,B2
Müdigkeit,fatigue,疲劳,NOUN,B2
bevorzugen,to favor,偏袒,VERB,B2
günstige Umstände,favorable circumstances,顺境,NOUN,B2
Machbarkeit,feasibility,可行性,NOUN,B2
Leistung,feat,功绩,NOUN,B2
Merkmal,feature,特征,NOUN,B2
Februar,february,二月,NOUN,B2
föderal,federal,联邦的,ADJ,B2
Föderalismus,federalism,联邦主义,NOUN,B2
Gebühr,fee,费用,NOUN,B2
Rückmeldung,feedback,反馈,NOUN,B2
Gebühren,fees,酬金,NOUN,B2
Verbrechen,felony,重罪,NOUN,B2
Frau,female,雌性,NOUN,B2
weibliche Verwandte,female relatives,女眷,NOUN,B2
Weiblichkeit,femininity,女性气质,NOUN,B2
Fechten,fencing,击剑,NOUN,B2
Fenchel,fennel,茴香,NOUN,B2
Gärung,fermentation,发酵,NOUN,B2
Wildheit,ferocity,凶猛,NOUN,B2
fruchtbar,fertile,肥沃的,ADJ,B2
Fruchtbarkeit,fertility,肥沃,NOUN,B2
Befruchtung,fertilization,施肥,NOUN,B2
Dünger,fertilizer,肥料,NOUN,B2
eitern,to fester,溃烂,VERB,B2
Fest,festival,节日,NOUN,B2
Fötus,fetus,胎儿,NOUN,B2
Fehde,feud,世仇,NOUN,B2
feudal,feudal,封建,ADJ,B2
Feudalismus,feudalism,封建主义,NOUN,B2
wenige,few,很少的,ADJ,B2
Fibrose,fibrosis,纤维化,NOUN,B2
fiktiv,fictional,虚构的,ADJ,B2
wild,fierce,凶猛的,ADJ,B2
Wildheit,fierceness,凶猛,NOUN,B2
fünfte,fifth,خامس,ADJ,B2
fünfzig,fifty,五十,NUM,B2
kindlich,filial,孝顺,ADJ,B2
ausfüllen,to fill in,填写,VERB,B2
Film,film,电影,NOUN,B2
Filter,filter,过滤器,NOUN,B2
Endstufe,final stage,末期,NOUN,B2
abschließen,to finalize,完成,VERB,B2
Finanzierung,financing,融资,NOUN,B2
Fund,finding,发现,NOUN,B2
bestrafen,fine,罚款,NOUN,B2
bestrafen,to fine,罚款,VERB,B2
Feinhaut,fine skin,细皮,NOUN,B2
Fertigstellung,finishing,装修,NOUN,B2
endlich,finite,有限的,ADJ,B2
Knallkörper,firecracker,鞭炮,NOUN,B2
Feuerwehrmann,firefighter,消防员,NOUN,B2
feuerfest,fireproof,防火的,ADJ,B2
Feuerholz,firewood,木柴,NOUN,B2
Firma,firm,公司,NOUN,B2
Festigkeit,firmness,坚定,NOUN,B2
Erstkappe,first capping,首加缁布冠,NOUN,B2
Erstentwurf,first draft,初稿,NOUN,B2
Erstverdienst,first merit,首功,NOUN,B2
Spaltung,fission,裂变,NOUN,B2
Fitness,fitness,健康,NOUN,B2
fest,fixed,固定的,ADJ,B2
Flanke,flank,侧翼,NOUN,B2
Kolben,flask,小瓶,NOUN,B2
schmeicheln,to flatter,奉承,VERB,B2
Schmeichelei,flattery,奉承,NOUN,B2
Geschmack,flavor,味道,NOUN,B2
Makel,flaw,缺陷,NOUN,B2
flüchtig,fleeting,短暂的,ADJ,B2
Flexibilität,flexibility,灵活性,NOUN,B2
flexibel,flexible,灵活的,ADJ,B2
wackelig,flimsy,脆弱的,ADJ,B2
schweben,to float,漂浮,VERB,B2
Flut,flood,洪水,NOUN,B2
Flora,flora,植物群,NOUN,B2
Mehl,flour,面粉,NOUN,B2
florieren,to flourish,繁荣,VERB,B2
Strömung,flow,流动,NOUN,B2
Grippe,flu,流感,NOUN,B2
Schwankung,fluctuation,波动,NOUN,B2
Flöte,flute,长笛,NOUN,B2
flattern,to flutter,飘动,VERB,B2
Flux,flux,变迁,NOUN,B2
Schaum,foam,泡沫,NOUN,B2
schaumig,foamy,多泡沫的,ADJ,B2
fokussieren,focus,焦点,NOUN,B2
fokussieren,to focus,聚焦,VERB,B2
Futter,fodder,饲料,NOUN,B2
falten,to fold,折叠,VERB,B2
Ordner,folder,文件夹,NOUN,B2
Volk,folk,民间的,ADJ,B2
Folklore,folklore,民俗,NOUN,B2
Follow-up,follow-up,跟进,NOUN,B2
Anhänger,follower,追随者,NOUN,B2
Lebensmittel,foodstuff,食品,NOUN,B2
töricht,foolish,愚蠢的,ADJ,B2
Fußgängerbrücke,footbridge,人行天桥,NOUN,B2
Fußabdruck,footprint,足迹,NOUN,B2
Schuhe,footwear,鞋穿,NOUN,B2
zum Beispiel,for example,例如,ADV,B2
verboten,forbidden,被禁止的,ADJ,B2
verbotenes Land,forbidden land,禁地,NOUN,B2
Kraft,force,力量,NOUN,B2
forced,forced,强迫的,ADJ,B2
forcibly,forcibly,强制地,ADV,B2
forecast,forecast,预测,NOUN,B2
foresee,to foresee,预见,VERB,B2
foresight,foresight,远见,NOUN,B2
forever,forever,永远,ADV,B2
forge,to forge,伪造,VERB,B2
forgery,forgery,伪造品,NOUN,B2
forgetful,forgetful,健忘的,ADJ,B2
formal,formal,正式的,ADJ,B2
formalism,formalism,形式主义,NOUN,B2
formality,formality,礼节,NOUN,B2
formalize,to formalize,使正式化,VERB,B2
formation,formation,组建,NOUN,B2
formulate,to formulate,制定,VERB,B2
fortunate,fortunate,幸运的,ADJ,B2
fortunately,fortunately,幸运地,ADV,B2
forty,forty,四十,NUM,B2
forum,forum,论坛,NOUN,B2
fossil,fossil,化石,NOUN,B2
foundling,foundling,弃婴,NOUN,B2
foundry,foundry,铸造厂,NOUN,B2
fourteen,fourteen,十四,NUM,B2
fraction,fraction,分数,NOUN,B2
fracture,fracture,骨折,NOUN,B2
fragile,fragile,易碎的,ADJ,B2
fragment,fragment,碎片,NOUN,B2
fragmentation,fragmentation,碎片化,NOUN,B2
fragrant,fragrant,芬芳的,ADJ,B2
frame,to frame,装框,VERB,B2
framework,framework,框架,NOUN,B2
franchise,franchise,特许经营权,NOUN,B2
frank,frank,坦率的,ADJ,B2
Offenheit,frankness,坦率,NOUN,B2
Freak,freak,怪人,NOUN,B2
Gefrierschrank,freezer,冰柜,NOUN,B2
Gefrieren,freezing,冻结,NOUN,B2
Glatteisregen,freezing rain,冻雨,NOUN,B2
Raserei,frenzy,疯狂,NOUN,B2
Frequenz,frequency,频率,NOUN,B2
frequentieren,to frequent,常去,VERB,B2
Reibung,friction,摩擦,NOUN,B2
Schrecken,fright,惊吓,NOUN,B2
Fransen,fringe,边缘,NOUN,B2
von Kindheit an,from childhood,从小,ADV,B2
von nun an,from now on,今后,ADV,B2
sparsam,frugal,节俭的,ADJ,B2
frustrieren,to frustrate,挫败,VERB,B2
frustrierend,frustrating,令人沮丧的,ADJ,B2
Frustration,frustration,挫折,NOUN,B2
braten,to fry,油炸,VERB,B2
Pfanne,frying pan,平底锅,NOUN,B2
Kraftstoff,fuel,燃料,NOUN,B2
Vollmond,full moon,满月,NOUN,B2
voller Name,full name,大名,NOUN,B2
volle Leistung,full power,全力,NOUN,B2
lustig,fun,有趣的,ADJ,B2
Funktionalismus,functionalism,功能主义,NOUN,B2
Funktionalität,functionality,功能性,NOUN,B2
Fonds,fund,基金,NOUN,B2
fundamental,fundamental,基本的,ADJ,B2
Fundamentalismus,fundamentalism,原教旨主义,NOUN,B2
wütend,furious,愤怒的,ADJ,B2
Wut,fury,狂怒,NOUN,B2
Sicherung,fuse,保险丝,NOUN,B2
Fusion,fusion,融合,NOUN,B2
Wirbel,fuss,大惊小怪,NOUN,B2
Sinnlosigkeit,futility,无用,NOUN,B2
Futurismus,futurism,未来主义,NOUN,B2
Gadget,gadget,小装置,NOUN,B2
Gewinn,gain,收益,NOUN,B2
gallant,gallant,英勇的,ADJ,B2
Gallanterie,gallantry,英勇,NOUN,B2
galoppieren,to gallop,飞奔,VERB,B2
wetten,gamble,赌博,NOUN,B2
wetten,to gamble,赌博,VERB,B2
Garage,garage,车库,NOUN,B2
Knoblauch,garlic,大蒜,NOUN,B2
Kleidungsstück,garment,服装,NOUN,B2
garnieren,to garnish,装饰,VERB,B2
Garnison,garrison,驻军,NOUN,B2
geschwätzig,garrulous,喋喋不休的,ADJ,B2
Gas,gas,气体,NOUN,B2
Versammlung,gathering,聚集,NOUN,B2
starren,gaze,目视,NOUN,B2
starren,to gaze,凝视,VERB,B2
Getriebe,gear,齿轮,NOUN,B2
Genealogie,genealogy,家谱学,NOUN,B2
General,general,将军,NOUN,B2
Generalisierung,generalization,概括,NOUN,B2
generalisieren,to generalize,概括,VERB,B2
generell,generally,通常,ADV,B2
generieren,to generate,产生,VERB,B2
Generation,generation,一代人,NOUN,B2
Generator,generator,发电机,NOUN,B2
Großzügigkeit,generosity,慷慨,NOUN,B2
Genese,genesis,起源,NOUN,B2
genetisch,genetic,基因的,ADJ,B2
Genetik,genetics,遗传学,NOUN,B2
Genom,genome,基因组,NOUN,B2
Genre,genre,类型,NOUN,B2
Gentleman,gentleman,绅士,NOUN,B2
echt,genuine,真正的,ADJ,B2
geographical,geographical,地理的,ADJ,B2
geological,geological,地质的,ADJ,B2
geology,geology,地质学,NOUN,B2
geometric,geometric,几何的,ADJ,B2
geometry,geometry,几何学,NOUN,B2
geopolitical,geopolitical,地缘政治的,ADJ,B2
geopolitics,geopolitics,地缘政治,NOUN,B2
germination,germination,发芽,NOUN,B2
gesticulate,to gesticulate,做手势,VERB,B2
ghost,ghost,鬼魂,NOUN,B2
giant,giant,巨大的,ADJ,B2
gigantic,gigantic,巨大的,ADJ,B2
gigolo,gigolo,面首,NOUN,B2
gild,to gild,镀金,VERB,B2
giraffe,giraffe,长颈鹿,NOUN,B2
given,given,给定,NOUN,B2
glance,to glance,瞥,VERB,B2
gland,gland,腺体,NOUN,B2
glide,to glide,滑行,VERB,B2
glimpse,to glimpse,瞥见,VERB,B2
global,global,全球的,ADJ,B2
globalization,globalization,全球化,NOUN,B2
globalize,to globalize,使全球化,VERB,B2
gloominess,gloominess,忧郁,NOUN,B2
glorification,glorification,赞美,NOUN,B2
glory,glory,荣耀,NOUN,B2
gloss,gloss,光泽,NOUN,B2
glue,glue,胶水,NOUN,B2
gluttony,gluttony,暴食,NOUN,B2
gnosis,gnosis,灵知,NOUN,B2
bankrottgehen,to go bankrupt,破产,VERB,B2
absteigen,to go down,下去,VERB,B2
vorangehen,to go first,先去,VERB,B2
Gehhilfe,go help,去帮,NOUN,B2
onlinegehen,to go online,上网,VERB,B2
aufsteigen,to go up,上升,VERB,B2
Ziel,goal,目标,NOUN,B2
Kriegsgott,god of war,战神,NOUN,B2
Gold,gold,金子,NOUN,B2
Gut,good,خير,NOUN,B2
Glück,good luck,好运,NOUN,B2
guter Ruf,good reputation,清誉,NOUN,B2
gutaussehend,good-looking,好看的,ADJ,B2
Auf Wiedersehen,goodbye,再见,INTJ,B2
wunderschön,gorgeous,华丽的,ADJ,B2
Gourmet,gourmet,美食家,NOUN,B2
regieren,to govern,统治,VERB,B2
Regierung,governance,治理,NOUN,B2
staatlich,governmental,政府的,ADJ,B2
graziös,graceful,优雅的,ADJ,B2
Abstufung,gradation,渐变,NOUN,B2
Bewertung,grading,评分；记号,NOUN,B2
allmählich,gradually,逐渐地,ADV,B2
absolvieren,graduate,毕业生,NOUN,B2
absolvieren,to graduate,毕业,VERB,B2
Transplantat,graft,嫁接,NOUN,B2
Korn,grain,谷物,NOUN,B2
großartig,grand,宏伟的,ADJ,B2
große Entfernung,grand distance,雄远,NOUN,B2
Enkel,grandchild,孙辈,NOUN,B2
Pracht,grandeur,宏伟,NOUN,B2
Granit,granite,花岗岩,NOUN,B2
Zuschuss,grant,拨款,NOUN,B2
fest greifen,to grasp firmly,抓紧,VERB,B2
Grasland,grassland,草地,NOUN,B2
gravel,gravel,砾石,NOUN,B2
gravity,gravity,重力,NOUN,B2
grazing,grazing,放牧,NOUN,B2
greatness,greatness,伟大,NOUN,B2
greed,greed,贪婪,NOUN,B2
greedy,greedy,贪婪的,ADJ,B2
green-eyed,green-eyed,让碧眼,NOUN,B2
greenhouse,greenhouse,温室,NOUN,B2
grenade,grenade,手榴弹,NOUN,B2
grey,grey,灰色的,ADJ,B2
grim,grim,严酷的,ADJ,B2
grime,grime,污垢,NOUN,B2
grin,to grin,咧嘴笑,VERB,B2
grip,grip,握法,NOUN,B2
grip,to grip,紧握,VERB,B2
gross,gross,总的,ADJ,B2
grounds,grounds,论据,NOUN,B2
growth,growth,增长,NOUN,B2
grumble,to grumble,抱怨,VERB,B2
grumbling,grumbling,抱怨,NOUN,B2
guarantee,guarantee,保证,NOUN,B2
guarantor,guarantor,担保人,NOUN,B2
guardian,guardian,守卫,NOUN,B2
guardianship,guardianship,监护,NOUN,B2
guess,guess,猜测,NOUN,B2
guide,to guide,引导,VERB,B2
guillotine,guillotine,断头台,NOUN,B2
guilt,guilt,内疚,NOUN,B2
guitarist,guitarist,吉他手,NOUN,B2
Golf,gulf,海湾,NOUN,B2
leichtgläubig,gullible,易受骗的,ADJ,B2
schlucken,to gulp,吞咽,VERB,B2
Gummi,gum,牙龈,NOUN,B2
Bö,gust,阵风,NOUN,B2
Fitnessstudio,gym,健身房,NOUN,B2
Gymnasium,gymnasium,体育馆,NOUN,B2
Gymnastik,gymnastics,体操,NOUN,B2
ha,ha,哈,INTJ,B2
Lebensraum,habitat,栖息地,NOUN,B2
Gewohnheit,habitually in the past,往常,NOUN,B2
Gewöhnung,habituation,习惯化,NOUN,B2
hacken,to hack,入侵；盗版,VERB,B2
Feilschen,haggling,计较,NOUN,B2
Halle,hall,殿,PART,B2
Halluzination,hallucination,幻觉,NOUN,B2
anhalten,to halt,停止,VERB,B2
Hammer,hammer,锤子,NOUN,B2
Handwerk,handicraft,工艺品,NOUN,B2
Taschentuch,handkerchief,手帕,NOUN,B2
Übergabe,handover,拿给,NOUN,B2
hübsch,handsome,帅气的,ADJ,B2
Schönling,handsome guy,帅哥,NOUN,B2
Handschrift,handwriting,笔迹,NOUN,B2
Schreibübung,handwriting practice,练字,NOUN,B2
Glück,happiness,幸福,NOUN,B2
Belästigung,harassment,骚扰,NOUN,B2
Hafen,harbor,港口,NOUN,B2
schwer zu wählen,hard to choose,难以抉择,ADJ,B2
schwer zu unterscheiden,hard to distinguish,难以区分,ADJ,B2
schwer zu erhalten,hard to maintain,难以维持,ADJ,B2
schwer zu sagen,hard to speak of,难以启齿,ADJ,B2
Härte,hardness,硬度,NOUN,B2
fleißig,hardworking,勤奋的,ADJ,B2
Schaden,harm,伤害,NOUN,B2
harmonious,harmonious,和谐的,ADJ,B2
harmonization,harmonization,协调,NOUN,B2
haste,haste,匆忙,NOUN,B2
hasty,hasty,仓促的,ADJ,B2
hate,hate,仇恨,NOUN,B2
haughtiness,haughtiness,傲慢,NOUN,B2
hay,hay,干草,NOUN,B2
hazelnut,hazelnut,榛子,NOUN,B2
heading,heading,标题,NOUN,B2
headphones,headphones,耳机,NOUN,B2
heap,heap,堆,NOUN,B2
heating,heating,供暖,NOUN,B2
heaven,heaven,天堂,NOUN,B2
heaviness,heaviness,沉重 / 笨重,NOUN,B2
heavy,heavy,重的,ADJ,B2
hedge,hedge,树篱,NOUN,B2
heel,heel,脚后跟,NOUN,B2
hegemony,hegemony,霸权,NOUN,B2
hehe,hehe,嘿嘿,INTJ,B2
heir,heir,继承人,NOUN,B2
hemoglobin,hemoglobin,血红蛋白,NOUN,B2
hemorrhage,hemorrhage,出血,NOUN,B2
hen,hen,母鸡,NOUN,B2
herd,herd,兽群,NOUN,B2
herder,herder,牧民,NOUN,B2
here,here,此地,NOUN,B2
hereditary,hereditary,遗传的,ADJ,B2
heredity,heredity,遗传,NOUN,B2
heresy,heresy,异端,NOUN,B2
heretic,heretic,异端,NOUN,B2
heritage,heritage,遗产,NOUN,B2
hermeneutic,hermeneutic,诠释学的,ADJ,B2
heroic,heroic,英勇的,ADJ,B2
heroism,heroism,英雄主义,NOUN,B2
hesitation,hesitation,犹豫,NOUN,B2
heterogeneous,heterogeneous,异质的,ADJ,B2
hidden,hidden,隐藏的,ADJ,B2
hideout,hideout,藏身处,NOUN,B2
hiding,hiding,ٱختباء,NOUN,B2
hierarchical,hierarchical,等级的,ADJ,B2
higher,higher,更高的,ADJ,B2
highlight,to highlight,强调,VERB,B2
hiking,hiking,徒步,NOUN,B2
hilarious,hilarious,滑稽的,ADJ,B2
hills,hills,丘陵,NOUN,B2
hilt,hilt,剑柄,NOUN,B2
him,him,他吧,NOUN,B2
hindrance,hindrance,障碍,NOUN,B2
hiring,hiring,招聘,NOUN,B2
his,his,他的,PRON,B2
historical,historical,历史的,ADJ,B2
historiography,historiography,史学,NOUN,B2
Geschichte,history,历史,NOUN,B2
Hobby,hobby,爱好,NOUN,B2
ausschlaggebend,hold the balance of power,举足轻重,ADJ,B2
Heiligkeit,holiness,神圣,NOUN,B2
Hohlraum,hollow,洼地,NOUN,B2
Familie,home family,家,NOUN,B2
Tötung,homicide,杀人,NOUN,B2
homogen,homogeneous,同质的,ADJ,B2
homosexuell,homosexual,同性恋的,ADJ,B2
Homosexualität,homosexuality,同性恋,NOUN,B2
ehrlich,honestly,诚实地,ADV,B2
ehrenamtlich,honorary,名誉的,ADJ,B2
hoffen,to hope to wish,希望,VERB,B2
Hormon,hormone,激素,NOUN,B2
Horn,horn,号角,NOUN,B2
schrecklich,horrible,可怕的,ADJ,B2
entsetzen,to horrify,使惊骇,VERB,B2
entsetzlich,horrifying,令人毛骨悚然的,ADJ,B2
Horror,horror,恐怖,NOUN,B2
Abritt,horse departure,马去,NOUN,B2
Gastfreundschaft,hospitality,好客,NOUN,B2
hospitalisieren,to hospitalize,使住院,VERB,B2
Feindseligkeit,hostility,敌意,NOUN,B2
Heißluftballon,hot air balloon,热气球,NOUN,B2
Hotel,hotel,酒店,NOUN,B2
Wohnraum,housing,住房,NOUN,B2
schweben,to hover,盘旋,VERB,B2
Wie,how,又怎会,NOUN,B2
wie viele,how many,多少,NUM,B2
wie viel,how much,多少,PRON,B2
jedoch,however,然而,CCONJ,B2
heulen,to howl,嚎叫,VERB,B2
Mensch,human,人类,NOUN,B2
Leistungsfähigkeit,human capacity,人会,NOUN,B2
Menschennatur,human nature,人性,NOUN,B2
Humanismus,humanism,人文主义,NOUN,B2
Humanisierung,humanization,人性化,NOUN,B2
Feuchtigkeit,humidity,湿度,NOUN,B2
demütigen,to humiliate,羞辱,VERB,B2
Demütigung,humiliation,羞辱,NOUN,B2
Demut,humility,谦逊,NOUN,B2
Humor,humor,幽默,NOUN,B2
krummrückig,hunchbacked,驼背的,ADJ,B2
Hunger,hunger,饥饿,NOUN,B2
Jagd,hunting,狩猎,NOUN,B2
Hurrikan,hurricane,飓风,NOUN,B2
hybrid,hybrid,杂交的,ADJ,B2
Hybridisierung,hybridization,杂交,NOUN,B2
Wasserkraft,hydro energy,水能,NOUN,B2
Wasserstoff,hydrogen,氢,NOUN,B2
Hygiene,hygiene,卫生,NOUN,B2
Hymne,hymn,赞美诗,NOUN,B2
Übernutzung,hyper-use,超用,NOUN,B2
Hypnose,hypnosis,催眠,NOUN,B2
Heuchelei,hypocrisy,虚伪,NOUN,B2
Heuchler,hypocrite,伪君子,NOUN,B2
Hypothermie,hypothermia,体温过低,NOUN,B2
Hypothese,hypothesis,假设,NOUN,B2
hypothetisch,hypothetical,假设的,ADJ,B2
hysterisch,hysterical,歇斯底里的,ADJ,B2
Ich verdiene dein Lob nicht,i don't deserve your praise,不敢当,INTJ,B2
Eis,ice cream,冰淇淋,NOUN,B2
Eishockey,ice hockey,冰球,NOUN,B2
Eisbahn,ice rink,溜冰场,NOUN,B2
Ikone,icon,偶像,NOUN,B2
Passfoto,id photo,证件照,NOUN,B2
Ideal,ideal,理想的,ADJ,B2
Idealismus,idealism,理想主义,NOUN,B2
Idealist,idealist,理想主义者,NOUN,B2
identical,identical,完全相同的,ADJ,B2
identification,identification,身份证明,NOUN,B2
ideological,ideological,意识形态的,ADJ,B2
idiocy,idiocy,愚蠢,NOUN,B2
idiom,idiom,习语,NOUN,B2
idle,idle,懒惰的,ADJ,B2
idol,idol,偶像,NOUN,B2
idyll,idyll,田园诗,NOUN,B2
ignition,ignition,点火,NOUN,B2
ignorance,ignorance,无知,NOUN,B2
illegal,illegal,非法的,ADJ,B2
illegality,illegality,非法,NOUN,B2
illegitimate,illegitimate,非法的,ADJ,B2
illicit,illicit,违禁的,ADJ,B2
illness,illness,疾病,NOUN,B2
illuminate,to illuminate,照亮,VERB,B2
illustrate,to illustrate,说明,VERB,B2
image,image,形象,NOUN,B2
imagery,imagery,意象,NOUN,B2
imagination,imagination,想象力,NOUN,B2
imam,imam,伊玛目,NOUN,B2
imitative,imitative,模仿性,ADJ,B2
immeasurable,immeasurable,不可估量的,ADJ,B2
immersion,immersion,沉浸,NOUN,B2
immigrant,immigrant,移民,NOUN,B2
immigrate,to immigrate,移入,VERB,B2
immigration,immigration,移民,NOUN,B2
imminent,imminent,即将来临的,ADJ,B2
immortal,immortal,不朽的,ADJ,B2
immortality,immortality,不朽,NOUN,B2
immune,immune,免疫的,ADJ,B2
immunity,immunity,免疫力,NOUN,B2
immunization,immunization,免疫,NOUN,B2
immunotherapy,immunotherapy,免疫治疗,NOUN,B2
impact,impact,影响,NOUN,B2
Beeinträchtigung,impairment,左手废,NOUN,B2
erteilen,to impart,传授,VERB,B2
ungeduldig,impatient,不耐烦的,ADJ,B2
Hindernis,impediment,障碍,NOUN,B2
antreiben,to impel,推动,VERB,B2
undurchdringlich,impenetrable,不可穿透的,ADJ,B2
imperativ,imperative,必要的,ADJ,B2
kaiserlich,imperial,帝国的,ADJ,B2
kaiserlicher Hof,imperial court,朝廷,NOUN,B2
Wille des kaiserlichen Vaters,imperial father's will,父皇要,NOUN,B2
kaiserliche Garde,imperial guard,御林,NOUN,B2
kaiserliche Verwandte,imperial relatives,皇亲,NOUN,B2
Imperialismus,imperialism,帝国主义,NOUN,B2
Umsetzung,implementation,实施,NOUN,B2
einbeziehen,to implicate,连累,VERB,B2
Implikation,implication,含义,NOUN,B2
implizit,implicit,含蓄的,ADJ,B2
flehen,to implore,恳求,VERB,B2
andienen,to imply,暗示,VERB,B2
importieren,to import,进口,VERB,B2
Wichtigkeit,importance,重要性,NOUN,B2
Einfuhr,importation,进口,NOUN,B2
Unmöglichkeit,impossibility,不可能,NOUN,B2
Impressionismus,impressionism,印象主义,NOUN,B2
einsperren,to imprison,监禁,VERB,B2
Inhaftierung,imprisonment,监禁,NOUN,B2
unangemessen,improper,不合适的,ADJ,B2
Improvisation,improvisation,即兴创作,NOUN,B2
improvisieren,to improvise,即兴创作,VERB,B2
improvisiert,improvised,即兴的,ADJ,B2
Unverschämtheit,impudence,厚颜无耻,NOUN,B2
unverschämt,impudent,无礼的,ADJ,B2
Impuls,impulse,冲动,NOUN,B2
impulsiv,impulsive,冲动的,ADJ,B2
Unreinheit,impurity,不纯,NOUN,B2
im Voraus,in advance,事先,ADV,B2
im Detail,in detail,详细地,ADV,B2
vor,in front of,在……前面,ADP,B2
verliebt,in love,恋爱中的,ADJ,B2
um zu,in order to,以期,SCONJ,B2
persönlich,in person,亲自地,ADV,B2
kurz gesagt,in short,简而言之,ADV,B2
trotz,to in spite of,不顾,VERB,B2
Himmel,in the sky,天上,NOUN,B2
Wind,in wind,临风,NOUN,B2
Schrift,in writing,书面,NOUN,B2
Unfähigkeit,inability,无能,NOUN,B2
unangemessen,inappropriate,不恰当的,ADJ,B2
Amtseinführung,inauguration,开幕,NOUN,B2
Weihrauch,incense,香,NOUN,B2
Anreiz,incentive,激励,NOUN,B2
Zoll,inch,بوصة,NOUN,B2
verbrennen,to incinerate,焚烧,VERB,B2
aufstacheln,to incite,煽动,VERB,B2
Aufstachelung,incitement,煽动,NOUN,B2
Neigung,inclination,倾向,NOUN,B2
neigen,to incline,使倾斜,VERB,B2
einschließen,to include,包括,VERB,B2
Einkommen,income,收入,NOUN,B2
Einnahmen und Ausgaben,income and expense,收支,NOUN,B2
eingehend,incoming,进来的,ADJ,B2
Unvereinbarkeit,incompatibility,不兼容,NOUN,B2
unvollständig,incomplete,不完整的,ADJ,B2
Widersprüchlichkeit,inconsistency,不一致,NOUN,B2
widersprüchlich,inconsistent,不一致的,ADJ,B2
einverleiben,to incorporate,包含,VERB,B2
stetig zunehmen,to increase steadily,与日俱增,VERB,B2
zunehmend,increasingly,越来越,ADV,B2
Inkubation,incubation,孵化,NOUN,B2
Inkubator,incubator,孵化器,NOUN,B2
Verschuldung,indebtedness,负债,NOUN,B2
tatsächlich,indeed,确实,ADV,B2
unverwischbar,indelible,不可磨灭的,ADJ,B2
Unabhängigkeit,independence,独立,NOUN,B2
Index,index,索引,NOUN,B2
Anzeige,indication,指示,NOUN,B2
Indikator,indicator,指标,NOUN,B2
Anklage,indictment,起诉,NOUN,B2
Gleichgültigkeit,indifference,冷漠,NOUN,B2
gleichgültig,indifferent,冷漠的,ADJ,B2
einheimisch,indigenous,本土的,ADJ,B2
Verdauungsstörung,indigestion,消化不良,NOUN,B2
empört,indignant,愤慨的,ADJ,B2
Empörung,indignation,愤慨,NOUN,B2
unentbehrlich,indispensable,不可或缺的,ADJ,B2
Individuum,individual,个人,NOUN,B2
Einzelarbeit,individual assignment,个人作业,NOUN,B2
Individualismus,individualism,个人主义,NOUN,B2
Individualität,individuality,个性,NOUN,B2
herbeiführen,to induce,引起,VERB,B2
industriell,industrial,工业的,ADJ,B2
Industriekette,industry chain,产业链,NOUN,B2
ineffizient,inefficient,低效的,ADJ,B2
Ungleichheit,inequality,不平等,NOUN,B2
Trägheit,inertia,惯性,NOUN,B2
unvermeidlich,inevitable,不可避免的,ADJ,B2
unerfahren,inexperienced,生疏的,ADJ,B2
Verliebtheit,infatuation,迷恋,NOUN,B2
ableiten,to infer,推断,VERB,B2
Schlussfolgerung,inference,推断,NOUN,B2
unterlegen,inferior,低等的,ADJ,B2
Unterlegenheit,inferiority,劣势,NOUN,B2
infiltrieren,to infiltrate,渗透,VERB,B2
aufblähen,to inflate,使膨胀,VERB,B2
Inflation,inflation,通货膨胀,NOUN,B2
Influencer,influencer,网红,NOUN,B2
informell,informal,非正式的,ADJ,B2
Informant,informant,线人,NOUN,B2
verletzen,to infringe,侵犯,VERB,B2
genial,ingenious,灵巧的,ADJ,B2
einatmen,to inhale,吸入,VERB,B2
inhärent,inherent,固有的,ADJ,B2
hemmen,to inhibit,抑制,VERB,B2
anfänglich,initial,最初的,ADJ,B2
Initiative,initiative,主动权,NOUN,B2
injizieren,to inject,注射,VERB,B2
Verfügung,injunction,禁令,NOUN,B2
verletzt,injured,受伤的,ADJ,B2
Tinte,ink,墨水,NOUN,B2
angeboren,innate,天生的,ADJ,B2
inner,inner,内部的,ADJ,B2
Innenhof,inner court,朝内,NOUN,B2
Innovation,innovation,创新,NOUN,B2
innovativ,innovative,创新的,ADJ,B2
Anfrage,inquiry,调查,NOUN,B2
verrückt,insane,疯狂的,ADJ,B2
untrennbar,inseparable,不可分割的,ADJ,B2
Inneres,inside,在内部,ADP,B2
Innenstadt,inside city,城内,NOUN,B2
Hintergrundgeschichte,inside story,内幕,NOUN,B2
Insider,insider,知情者,NOUN,B2
heimtückisch,insidious,潜伏的,ADJ,B2
bestehen,to insist,坚持,VERB,B2
Beharrlichkeit,insistence,坚持,NOUN,B2
Unverschämtheit,insolence,无礼,NOUN,B2
unverschämt,insolent,傲慢的,ADJ,B2
Insolvenz,insolvency,无偿付能力,NOUN,B2
Schlaflosigkeit,insomnia,失眠,NOUN,B2
inspizieren,to inspect,检查,VERB,B2
Inspektion,inspection,检查,NOUN,B2
Instabilität,instability,不稳定,NOUN,B2
Installation,installation,安装,NOUN,B2
Ratenzahlung,installment,分期付款,NOUN,B2
Instanz,instance,例子,NOUN,B2
Augenblick,instant,فور,NOUN,B2
im Gegenteil,instead on the contrary,反而,ADV,B2
Institution,institution,机构,NOUN,B2
institutionell,institutional,机构的,ADJ,B2
Institutionalisierung,institutionalization,制度化,NOUN,B2
Instrument,instrument,乐器,NOUN,B2
unzureichend,insufficient,不足的,ADJ,B2
Isolierung,insulation,绝缘,NOUN,B2
Beleidigung,insult,辱骂,NOUN,B2
unüberwindlich,insurmountable,不可逾越的,ADJ,B2
Aufstand,insurrection,起义,NOUN,B2
unversehrt,intact,完好无损的,ADJ,B2
integrieren,to integrate,整合,VERB,B2
Integration,integration,融合,NOUN,B2
Integrität,integrity,正直,NOUN,B2
intellektuell,intellectual,知识的,ADJ,B2
intelligent,intelligent,聪明的,ADJ,B2
beabsichtigen,to intend,打算,VERB,B2
intensivieren,to intensify,加剧,VERB,B2
Intensität,intensity,强度,NOUN,B2
Absicht,intent,意图,NOUN,B2
Interaktion,interaction,互动,NOUN,B2
abfangen,to intercept,拦截,VERB,B2
Verkehr,intercourse,性交,NOUN,B2
Schnittstelle,interface,接口,NOUN,B2
Einmischung,interference,干扰,NOUN,B2
Gesprächspartner,interlocutor,对话者,NOUN,B2
Vermittler,intermediary,中间人,NOUN,B2
intermittierend,intermittent,间歇的,ADJ,B2
intern,internal,内部的,ADJ,B2
innere Kraft,internal force,内力,NOUN,B2
international,international,国际的,ADJ,B2
internationaler Student,international student,留学生,NOUN,B2
Internet,internet,互联网,NOUN,B2
interpretieren,to interpret,解释,VERB,B2
Schnittpunkt,intersection,交叉点,NOUN,B2
interviewen,interview,面试,NOUN,B2
interviewen,to interview,采访,VERB,B2
Darm,intestine,肠,NOUN,B2
Intimität,intimacy,亲密,NOUN,B2
intim,intimate,亲密的,ADJ,B2
Einschüchterung,intimidation,恐吓,NOUN,B2
Intoleranz,intolerance,不容忍,NOUN,B2
Intonation,intonation,语调,NOUN,B2
unbeugsam,intractable,难处理的,ADJ,B2
furchtlos,intrepid,无畏的,ADJ,B2
intrigieren,to intrigue,激起兴趣,VERB,B2
immanent,intrinsic,固有的,ADJ,B2
Introspektion,introspection,内省,NOUN,B2
introvertiert,introverted,内向的,ADJ,B2
Eindringling,intruder,入侵者,NOUN,B2
Eindringen,intrusion,闯入,NOUN,B2
Intuition,intuition,直觉,NOUN,B2
invasieren,to invade,入侵,VERB,B2
Invasion,invasion,入侵,NOUN,B2
Inventar,inventory,库存,NOUN,B2
Investor,investor,投资者,NOUN,B2
Beteiligung,involvement,参与,NOUN,B2
Zornmütigkeit,irascibility,易怒,NOUN,B2
eisern,iron,铁的,ADJ,B2
Ironie,irony,讽刺,NOUN,B2
Irrationalität,irrationality,非理性,NOUN,B2
unvereinbar,irreconcilable,不可调和的,ADJ,B2
unwiderlegbar,irrefutable,无可辩驳的,ADJ,B2
irrelevant,irrelevant,不相关的,ADJ,B2
unersetzlich,irreplaceable,不可替代的,ADJ,B2
tadellos,irreproachable,无可指责的,ADJ,B2
verantwortungslos,irresponsible,不负责任的,ADJ,B2
irreversibel,irreversible,不可逆转的,ADJ,B2
Bewässerungskanal,irrigation canal,灌溉渠,NOUN,B2
reizbar,irritable,易怒的,ADJ,B2
reizen,to irritate,激怒,VERB,B2
Reizung,irritation,刺激,NOUN,B2
isolieren,to isolate,隔离,VERB,B2
isoliert,isolated,孤立的,ADJ,B2
Isolation,isolation,隔绝,NOUN,B2
Isotop,isotope,同位素,NOUN,B2
Ausgabe,issue,问题,NOUN,B2
Juckreiz,itch,痒,NOUN,B2
Jucken,itching,瘙痒,NOUN,B2
Details,its details,其详,NOUN,B2
Jade,jade,这玉,NOUN,B2
Jadekunst,jade ware,玉器,NOUN,B2
Krug,jar,广口瓶,NOUN,B2
Jargon,jargon,行话,NOUN,B2
Gelbsucht,jaundice,黄疸,NOUN,B2
Kiefer,jaw,下巴,NOUN,B2
Jianghu,jianghu,江湖,NOUN,B2
Jiaolong,jiaolong,娇龙,NOUN,B2
Jin,jin,斤,NOUN,B2
beitreten,to join,加入,VERB,B2
gemeinsam,joint,平等的,ADJ,B2
Miteigentum,joint ownership,共有,NOUN,B2
späßen,to joke,开玩笑,VERB,B2
Journalist,journalist,记者,NOUN,B2
froh,joyful,快乐的,ADJ,B2
Jubiläum,jubilee,禧年,NOUN,B2
Justiz,judiciary,司法官,NOUN,B2
Juli,july,七月,NOUN,B2
Juni,june,六月,NOUN,B2
Gerichtsbarkeit,jurisdiction,管辖权,NOUN,B2
Gerichtsbezirk,jurisdiction area,辖区,NOUN,B2
wie in der Vergangenheit,just as in the past,一如既往,ADV,B2
genau richtig,just right,恰到好处,ADV,B2
Karate,karate,空手道,NOUN,B2
Kessel,kettle,水壶,NOUN,B2
Tastatur,keyboard,键盘,NOUN,B2
treten,kick,踢,NOUN,B2
treten,to kick,踢,VERB,B2
Kind,kid,小孩,NOUN,B2
mit einem Schlag zwei Fliegen mit der Klappe,kill two birds with one stone,一举两得,ADJ,B2
Mörder,killer,杀手,NOUN,B2
Kilometer,kilometer,公里,NOUN,B2
Art,kind,仁慈的,ADJ,B2
Güte,kindness,仁慈,NOUN,B2
kinetisch,kinetic,运动的,ADJ,B2
Verwandtschaft,kinship,亲属关系,NOUN,B2
erkennen,to know to recognize,认识,VERB,B2
Etikett,label,标签,NOUN,B2
Arbeit,labor,劳动,NOUN,B2
mühsam,laborious,费力的,ADJ,B2
fehlen,to lack,缺乏,VERB,B2
Leiter,ladder,梯子,NOUN,B2
Land,land,土地,NOUN,B2
Erdrutsch,landslide,滑坡,NOUN,B2
Spur,lane,小巷,NOUN,B2
Laterne,lantern,灯笼,NOUN,B2
großangelegt,large-scale,大规模的,ADJ,B2
Kehlkopf,larynx,喉,NOUN,B2
dauern,to last a period of time,为期,VERB,B2
gestern Abend,last night,昨晚,ADV,B2
letztes Jahr,last year,去年,NOUN,B2
Spät,late,晚,ADV,B2
seitlich,lateral,侧面的,ADJ,B2
starten,launch,发射,NOUN,B2
starten,to launch,发起,VERB,B2
Lava,lava,熔岩,NOUN,B2
Strafverfolgung,law enforcement,执法,NOUN,B2
Klage,lawsuit,诉讼,NOUN,B2
lax,lax,松懈的,ADJ,B2
Schicht,layer,层,NOUN,B2
Laie,layman,外行,NOUN,B2
Kündigung,layoff,解雇,NOUN,B2
Layout,layout,布局,NOUN,B2
Faulheit,laziness,懒惰,NOUN,B2
Tausender,lead thousand,率千,NOUN,B2
führen,to lead to,通向,VERB,B2
Führung,leadership,领导能力,NOUN,B2
Flugblatt,leaflet,传单,NOUN,B2
lecken,to leak,泄漏,VERB,B2
Sprung,leap,跳跃,NOUN,B2
Lernen,learning,学习,NOUN,B2
Leasing,lease,租约,NOUN,B2
Urlaub,leave,休假,NOUN,B2
auslassen,to leave out,省略,VERB,B2
Dozent,lecturer,演讲者,NOUN,B2
Hauptbuch,ledger,总账,NOUN,B2
Linke,left,左,NOUN,B2
Erbe,legacy,遗产,NOUN,B2
Rechtsberuf,legal profession,律师业,NOUN,B2
Legalität,legality,合法性,NOUN,B2
legal,legally,合法地,ADV,B2
Gesetzgebung,legislation,立法,NOUN,B2
legislativ,legislative,立法的,ADJ,B2
Legitimität,legitimacy,合法性,NOUN,B2
legitim,legitimate,合法的,ADJ,B2
legitimieren,to legitimize,使合法,VERB,B2
Freizeit,leisure,闲暇,NOUN,B2
length,length,长度,NOUN,B2
leniency,leniency,宽厚,NOUN,B2
lenient,lenient,宽大的,ADJ,B2
less,less,更少,ADV,B2
lest,lest,唯恐,SCONJ,B2
lethal,lethal,致命的,ADJ,B2
lettuce,lettuce,生菜,NOUN,B2
level,to level,夷平,VERB,B2
lexicology,lexicology,词汇学,NOUN,B2
liaison,liaison,联络,NOUN,B2
liberal,liberal,自由的,ADJ,B2
liberalism,liberalism,自由主义,NOUN,B2
liberalization,liberalization,自由化,NOUN,B2
liberate,to liberate,解放,VERB,B2
licentiousness,licentiousness,放荡,NOUN,B2
lid,lid,盖子,NOUN,B2
life-and-death,life-and-death,决生,NOUN,B2
lifetime,lifetime,一生,NOUN,B2
lighter,lighter,打火机,NOUN,B2
lighthouse,lighthouse,灯塔,NOUN,B2
lightness,lightness,轻盈,NOUN,B2
like,like,像,ADP,B2
likeness,likeness,就象,NOUN,B2
lime,lime,石灰,NOUN,B2
limp,to limp,跛行,VERB,B2
lineage,lineage,血统,NOUN,B2
linear,linear,线性的,ADJ,B2
linguistic,linguistic,语言的,ADJ,B2
Linguistik,linguistics,语言学,NOUN,B2
Link,link,链接,NOUN,B2
Liquidation,liquidation,清算,NOUN,B2
Liquidität,liquidity,流动性,NOUN,B2
auflisten,to list,列举,VERB,B2
zuhören,to listen attentively,倾听,VERB,B2
Liter,liter,升,NOUN,B2
Lesefähigkeit,literacy,读写能力,NOUN,B2
Kläger,litigant,诉讼当事人,NOUN,B2
Klage,litigation,诉讼,NOUN,B2
Kleine Elf,little eleven,小十一,NOUN,B2
Kleine Neun,little nine,小九,NOUN,B2
lebhaft,lively,热闹的,ADJ,B2
Vieh,livestock,家畜,NOUN,B2
Last,load,负载,NOUN,B2
Laib,loaf,一条面包,NOUN,B2
Darlehen,loan,贷款,NOUN,B2
Hummer,lobster,龙虾,NOUN,B2
örtlich,local,当地的,ADJ,B2
lokalisieren,to locate,定位,VERB,B2
Schloss,lock,锁,NOUN,B2
absperren,to lockdown,封城,VERB,B2
Umkleideraum,locker room,更衣室,NOUN,B2
Unterkunft,lodging,住宿,NOUN,B2
erhaben,lofty,崇高的,ADJ,B2
Stamm,log,日志,NOUN,B2
Logik,logic,逻辑,NOUN,B2
Logistik,logistics,后勤,NOUN,B2
Es lebe,long live,万岁,INTJ,B2
lange Zeit,long time,长时间,ADV,B2
Fernbus,long-distance bus,长途车,NOUN,B2
anschauen,to look at,观看,VERB,B2
Blick,look at you,你看你,NOUN,B2
herabsehen,to look down upon,看不起,VERB,B2
suchen,to look for,寻找,VERB,B2
loophole,loophole,漏洞,NOUN,B2
loose,loose,松的,ADJ,B2
loosen,to loosen,放松,VERB,B2
loot,loot,战利品,NOUN,B2
lord,lord,领主,NOUN,B2
lose,lose,上丢,NOUN,B2
lost,lost,迷失的,ADJ,B2
lot,lot,许多,NOUN,B2
lottery,lottery,彩票,NOUN,B2
lounge,lounge,休息室,NOUN,B2
louse,louse,虱子,NOUN,B2
loyal,loyal,忠诚的,ADJ,B2
lucky,lucky,幸运的,ADJ,B2
lump,lump,块,NOUN,B2
luster,luster,光泽,NOUN,B2
luxurious,luxurious,奢侈的,ADJ,B2
lymph,lymph,淋巴,NOUN,B2
lyrics,lyrics,歌词,NOUN,B2
macroscopic,macroscopic,宏观的,ADJ,B2
madam,madam,夫人,NOUN,B2
magnanimity,magnanimity,宽宏大量,NOUN,B2
magnet,magnet,磁铁,NOUN,B2
magnificent,magnificent,壮丽的,ADJ,B2
magnify,to magnify,放大,VERB,B2
maid,maid,女仆,NOUN,B2
maiden,maiden,少女,NOUN,B2
maidservant,maidservant,女仆,NOUN,B2
mail,mail,邮件,NOUN,B2
mailbox,mailbox,邮箱,NOUN,B2
main,main,主要的,ADJ,B2
Festland,mainland,大陆,NOUN,B2
Hauptstrom,mainstream,主流,NOUN,B2
majestätisch,majestic,宏伟的,ADJ,B2
Major,major,少校,NOUN,B2
Hauptfach,major course,专业课,NOUN,B2
Mehrheit,majority,大多数,NOUN,B2
Fehler machen,to make a mistake,弄错,VERB,B2
Rede halten,to make a speech,发言,VERB,B2
Fehler,make mistake,犯错,NOUN,B2
Lärm machen,to make noise,闹得,VERB,B2
ausgleichen,to make up for,弥补,VERB,B2
Hersteller,maker,制造者,NOUN,B2
Make-up,makeup,化妆品,NOUN,B2
Krankheit,malady,弊病,NOUN,B2
Fehlfunktion,malfunction,故障,NOUN,B2
Bosheit,malice,恶意,NOUN,B2
bösartig,malignant,恶性的,ADJ,B2
Manager,manager,经理,NOUN,B2
Mandat,mandate,命令,NOUN,B2
verpflichtend,mandatory,强制的,ADJ,B2
Manöver,maneuver,策略,NOUN,B2
Manipulation,manipulation,操纵,NOUN,B2
Gut,manor,庄园,NOUN,B2
Villa,mansion,豪宅,NOUN,B2
herstellen,to manufacture,制造,VERB,B2
Hersteller,manufacturer,制造商,NOUN,B2
Manuskript,manuscript,手稿,NOUN,B2
Viele,many,许多,ADJ,B2
Karte,map,地图,NOUN,B2
Marathon,marathon,马拉松,NOUN,B2
Marginalisierung,marginalization,边缘化,NOUN,B2
marginalisieren,to marginalize,使边缘化,VERB,B2
marinieren,to marinate,腌制,VERB,B2
maritim,maritime,海事的,ADJ,B2
Marke,mark,标记,NOUN,B2
Marketing,marketing,营销,NOUN,B2
Eheverbindung,marriage alliance,联姻,NOUN,B2
Ehefähigkeit,marriageable,适婚,NOUN,B2
Märtyrertod,martyrdom,殉难,NOUN,B2
staunen,to marvel,使惊奇,VERB,B2
Massaker,massacre,大屠杀,NOUN,B2
massiv,massive,巨大的,ADJ,B2
Masterabschluss,master's degree,硕士学位,NOUN,B2
Meisterwort,master's word,爷说,NOUN,B2
Meisterwerk,masterpiece,杰作,NOUN,B2
Meisterschaft,mastery,精通,NOUN,B2
passen,match,火柴,NOUN,B2
passen,to match,相配,VERB,B2
passend,matching,配套,ADJ,B2
Passzeit,matching time,对时,NOUN,B2
Heiratsvermittler,matchmaker,媒,NOUN,B2
Material,material,材料,NOUN,B2
Materialismus,materialism,唯物主义,NOUN,B2
Muttetante,maternal aunt,姨母,NOUN,B2
Mutteronkel,maternal uncle,舅舅,NOUN,B2
mathematisch,mathematical,数学的,ADJ,B2
Matrix,matrix,矩阵,NOUN,B2
angelegen,to matter,重要,VERB,B2
Matratze,mattress,床垫,NOUN,B2
reif,mature,成熟的,ADJ,B2
Reife,maturity,成熟,NOUN,B2
Maxime,maxim,格言,NOUN,B2
maximal,maximum,最大,ADJ,B2
Mai,may,五月,NOUN,B2
ich,me,لي,NOUN,B2
Wiese,meadow,草地,NOUN,B2
Bände,measure word for books,本,NUM,B2
Mechanismus,mechanism,机制,NOUN,B2
mechanistic,mechanistic,机制性,ADJ,B2
medal,medal,奖牌,NOUN,B2
media,media,媒体,NOUN,B2
median,median,中位数,NOUN,B2
mediation,mediation,调解,NOUN,B2
meditation,meditation,冥想,NOUN,B2
mediterranean,mediterranean,地中海的,ADJ,B2
medium,medium,媒介,NOUN,B2
melancholy,melancholy,忧郁,ADJ,B2
membership,membership,会员资格,NOUN,B2
memorandum,memorandum,备忘录,NOUN,B2
memorization,memorization,记忆,NOUN,B2
mentality,mentality,心态,NOUN,B2
mention,mention,提及,NOUN,B2
mentor,mentor,导师,NOUN,B2
mercury,mercury,汞,NOUN,B2
merge,merge,合并,NOUN,B2
merge,to merge,合并,VERB,B2
meritocracy,meritocracy,精英管理,NOUN,B2
mermaid,mermaid,美人鱼,NOUN,B2
mess,mess,混乱,NOUN,B2
messenger,messenger,信使,NOUN,B2
messy,messy,混乱的,ADJ,B2
metabolism,metabolism,新陈代谢,NOUN,B2
metallic,metallic,金属的,ADJ,B2
metaphor,metaphor,隐喻,NOUN,B2
metaphysics,metaphysics,形而上学,NOUN,B2
meter,meter,米,NOUN,B2
methodology,methodology,方法论,NOUN,B2
meticulous,meticulous,一丝不苟的,ADJ,B2
metonymy,metonymy,转喻,NOUN,B2
midst,midst,中间,NOUN,B2
might,might,威力,NOUN,B2
migrieren,to migrate,迁移,VERB,B2
Migration,migration,移民,NOUN,B2
militärisch,military,军事的,ADJ,B2
Militärgeheimdienst,military intelligence,军情,NOUN,B2
Militärbefehl,military order,军令,NOUN,B2
Militärmacht,military power,兵权,NOUN,B2
Miliz,militia,民兵,NOUN,B2
Mühle,mill,磨坊,NOUN,B2
Jahrtausend,millennium,千年,NOUN,B2
Million,million,百万,NUM,B2
beachten,to mind,介意,VERB,B2
Mine,mine,矿井,NOUN,B2
Mineral,mineral,矿物,NOUN,B2
Minister,minister,臣,PART,B2
ministeriell,ministerial,部长的,ADJ,B2
Minderjähriger,minor,未成年人,NOUN,B2
Nebenfach,minor course,辅修课,NOUN,B2
Minderheit,minority,少数,NOUN,B2
Minze,mint,薄荷,NOUN,B2
Elend,misery,痛苦,NOUN,B2
irreführen,to mislead,误导,VERB,B2
irreführend,misleading,诡辩的,ADJ,B2
Fehltreffer,miss,小姐,NOUN,B2
vermisst,missing,失踪的,ADJ,B2
Mission,mission,任务,NOUN,B2
Nebel,mist,薄雾,NOUN,B2
misshandeln,to mistreat,أساء,VERB,B2
missverstehen,to misunderstand,误解,VERB,B2
mildern,to mitigate,减轻,VERB,B2
gemischt,mixed,混合的,ADJ,B2
mobil,mobile,移动的,ADJ,B2
mobile Zahlung,mobile payment,移动支付,NOUN,B2
Mobilmachung,mobilization,动员,NOUN,B2
mobilisieren,to mobilize,动员,VERB,B2
Modus,mode,方式,NOUN,B2
Modellierung,modeling,造型,NOUN,B2
moderat,moderate,适度的,ADJ,B2
moderater Regen,moderate rain,中雨,NOUN,B2
Moderation,moderation,克制,NOUN,B2
modern,modern,现代的,ADJ,B2
Modernisierung,modernization,现代化,NOUN,B2
Bescheidenheit,modesty,谦虚,NOUN,B2
Modifikation,modification,修改,NOUN,B2
modifizierter Effekt,modified effect,改效,NOUN,B2
modifiziertes Modell,modified model,改模,NOUN,B2
modifizierter Klang,modified sound,改响,NOUN,B2
modifiziertes System,modified system,改系,NOUN,B2
modular,modular,模块化的,ADJ,B2
Schimmel,mold,鞋楦,NOUN,B2
Maulwurf,mole,鼹鼠,NOUN,B2
Molekül,molecule,分子,NOUN,B2
monetär,monetary,金钱的,ADJ,B2
Monitor,monitor,显示器,NOUN,B2
Überwachungsraum,monitoring room,监控室,NOUN,B2
Mönch,monk,僧侣,NOUN,B2
monopolistisch,monopolistic,垄断的,ADJ,B2
monopolisieren,to monopolize,垄断,VERB,B2
Monopol,monopoly,垄断,NOUN,B2
monoton,monotonous,单调的,ADJ,B2
Monster,monster,怪物,NOUN,B2
Monatsmond,month moon,月,NOUN,B2
monatlich,monthly,每月的,ADV,B2
monatliche Prüfung,monthly exam,月考,NOUN,B2
Denkmal,monument,纪念碑,NOUN,B2
Mondkuchen,mooncake,月饼,NOUN,B2
Moral,moral,道德,NOUN,B2
Moralität,morality,道德,NOUN,B2
Mehr,more,更多,ADJ,B2
außerdem,moreover,此外,ADV,B2
Morgenzeitung,morning newspaper,晨报,NOUN,B2
morphologisch,morphological,形态的,ADJ,B2
Morphologie,morphology,形态学,NOUN,B2
verpfänden,mortgage,抵押贷款,NOUN,B2
verpfänden,to mortgage,抵押,VERB,B2
Mosaik,mosaic,马赛克,NOUN,B2
Mücke,mosquito,蚊子,NOUN,B2
Moos,moss,苔藓,NOUN,B2
meistens,most,最,ADV,B2
Mutter,mother,娘,PART,B2
Mutterberuhigung,mother's reassurance,娘放心,NOUN,B2
Bewegung,motion,运动,NOUN,B2
motivieren,to motivate,激励,VERB,B2
Motivation,motivation,动机,NOUN,B2
Motor,motor,发动机,NOUN,B2
Wohnmobil,motorhome,露营车,NOUN,B2
Bergabfahrt,mountain descent,下山,NOUN,B2
Gebirge,mountain range,山脉,NOUN,B2
Mundvoll,mouthful,一口,NOUN,B2
beiseitegehen,to move aside,移开,VERB,B2
Film,movie,电影,NOUN,B2
MRT,mri,核磁共振,NOUN,B2
Schleim,mucus,黏液,NOUN,B2
Schlamm,mud,泥,NOUN,B2
verwirrt,muddled,混乱的,ADJ,B2
kommunal,municipal,市政的,ADJ,B2
Gemeinde,municipality,市镇,NOUN,B2
Großzügigkeit,munificence,慷慨,NOUN,B2
Murren,murmur,低语,NOUN,B2
Muskelschmerz,muscle pain,肌肉痛,NOUN,B2
Museum,museum,博物馆,NOUN,B2
musikalisch,musical,موسيقي,ADJ,B2
Partitur,musical score,乐谱,NOUN,B2
Muslim,muslim,مسلم,NOUN,B2
Mutation,mutation,突变,NOUN,B2
stumm,mute,沉默的；哑的,ADJ,B2
murmeln,to mutter,嘟囔,VERB,B2
Hammelfleisch,mutton,羊肉,NOUN,B2
gegenseitige Hilfe,mutual aid,互助,NOUN,B2
gegenseitige Erzeugung,mutual generation,相生,NOUN,B2
Gegenseitigkeitsversicherung,mutual insurance,互助保险,NOUN,B2
gegenseitige Beschränkung,mutual restriction,相克,NOUN,B2
gegenseitig,mutually,相互地,ADV,B2
mein Großer,my big one,我偌大,NOUN,B2
mein Zuhause,my place,我处,NOUN,B2
mein Wohnsitz,my residence,我府,NOUN,B2
Selbst,myself,我自,NOUN,B2
Geheimnis,mystery,谜,NOUN,B2
nörgeln,to nag,唠叨,VERB,B2
Naivität,naivety,天真,NOUN,B2
Kindermädchen,nanny,保姆,NOUN,B2
Nanotechnologie,nanotechnology,纳米技术,NOUN,B2
Nickerchen,nap,午睡,NOUN,B2
Serviette,napkin,餐巾,NOUN,B2
Narzissmus,narcissism,自恋,NOUN,B2
erzählen,to narrate,叙述,VERB,B2
Erzählung,narrative,叙述；故事,NOUN,B2
Erzähler,narrator,叙述者,NOUN,B2
Enge,narrowness,狭窄,NOUN,B2
Nation,nation,国家,NOUN,B2
national,national,国家的,ADJ,B2
Nationalismus,nationalism,民族主义,NOUN,B2
Nationalität,nationality,国籍,NOUN,B2
Verstaatlichung,nationalization,国有化,NOUN,B2
verstaatlichen,to nationalize,国有化,VERB,B2
einheimisch,native,本地的,ADJ,B2
natürlich,natural,自然的,ADJ,B2
Naturschutzgebiet,nature reserve,自然保护区,NOUN,B2
ungezogen,naughty,淘气的,ADJ,B2
Übelkeit,nausea,恶心,NOUN,B2
Navigation,navigation,导航；航行,NOUN,B2
nahe,near,近,ADJ,B2
Nähe,nearby,附近的,ADJ,B2
beinahe,nearly,几乎,ADV,B2
ordentlich,neat,整洁的,ADJ,B2
Nebel,nebula,星云,NOUN,B2
notwendigerweise,necessarily,必然地,ADV,B2
Notwendigkeit,necessity,必要性；必需品,NOUN,B2
Halskette,necklace,项链,NOUN,B2
müssen,need,需要,AUX,B2
negieren,to negate,否定,VERB,B2
Negation,negation,否定,NOUN,B2
Nachlässigkeit,negligence,疏忽；过失,NOUN,B2
nachlässig,negligent,疏忽的,ADJ,B2
vernachlässigbar,negligible,微不足道的,ADJ,B2
nicht vernachlässigbar,negligible not,不可忽视,ADJ,B2
Verhandlungen,negotiations,谈判,NOUN,B2
Nest,nest,巢,NOUN,B2
Neurose,neurosis,神经症,NOUN,B2
neutral,neutral,中立的,ADJ,B2
Neutralität,neutrality,中立,NOUN,B2
Neujahr,new year's day,元旦,NOUN,B2
nächste,next,接下来,ADV,B2
Nachbar,next door,隔壁,NOUN,B2
knabbern,to nibble,啃,VERB,B2
Spitzname,nickname,绰号,NOUN,B2
Nachtansicht,night view,夜景,NOUN,B2
Nachtigall,nightingale,夜莺,NOUN,B2
Nihilismus,nihilism,虚无主义,NOUN,B2
neunzig,ninety,九十,NUM,B2
neunte,ninth,第九,ADJ,B2
no,no,不,ADV,B2
nobility,nobility,贵族气质,NOUN,B2
nocturnal,nocturnal,夜间的,ADJ,B2
noisy,noisy,吵闹的,ADJ,B2
nomadism,nomadism,游牧生活,NOUN,B2
nominate,to nominate,提名,VERB,B2
nomination,nomination,提名,NOUN,B2
non-ability,non-ability,非能,NOUN,B2
non-abstraction,non-abstraction,非抽,NOUN,B2
non-action,non-action,非作,NOUN,B2
non-assistance,non-assistance,勿助,NOUN,B2
non-belief,non-belief,非信,NOUN,B2
non-concept,non-concept,非概,NOUN,B2
non-construction,non-construction,非建,NOUN,B2
non-contingent,non-contingent,非偶,NOUN,B2
non-evidence,non-evidence,非据,NOUN,B2
non-induction,non-induction,非归,NOUN,B2
non-inference,non-inference,非推,NOUN,B2
non-level,non-level,非级,NOUN,B2
non-management,non-management,管不,NOUN,B2
non-merit,non-merit,非功,NOUN,B2
non-mind,non-mind,非心,NOUN,B2
non-model,non-model,非模,NOUN,B2
non-orbit,non-orbit,非轨,NOUN,B2
non-order,non-order,非序,NOUN,B2
non-shadow,non-shadow,非影,NOUN,B2
non-sound,non-sound,非响,NOUN,B2
non-specific,non-specific,非殊,NOUN,B2
non-state,non-state,非态,NOUN,B2
non-strategy,non-strategy,非略,NOUN,B2
non-substance,non-substance,非质,NOUN,B2
Nichtgedanke,non-thought,非念,NOUN,B2
Nichtspur,non-trace,非迹,NOUN,B2
Nichtkrieg,non-war,非战,NOUN,B2
nicht konform,noncompliant,违规,ADJ,B2
Norm,norm,规范,NOUN,B2
normal,normal,正常的,ADJ,B2
nördlich,northern,北方的,ADJ,B2
nicht,not,不,ADV,B2
nicht betreffen,to not about,不关,VERB,B2
nicht erlauben,not allow,不许,AUX,B2
unerlaubt,not allowed,不准,ADJ,B2
ausbleiben,to not come,不来,VERB,B2
nicht haben,to not have,没,VERB,B2
nicht nur,not only,不光,CCONJ,B2
Notarisierung,notarization,公证,NOUN,B2
Notar,notary,公证人,NOUN,B2
Notiz,notice,通知,NOUN,B2
Benachrichtigung,notification,通知,NOUN,B2
Noumenon,noumenon,本体,NOUN,B2
romanhaft,novelistic,小说般的,ADJ,B2
November,november,十一月,NOUN,B2
nuklear,nuclear,核的,ADJ,B2
Ärgernis,nuisance,麻烦事,NOUN,B2
Nichtigkeit,nullity,无效；无能,NOUN,B2
Nummer zwei,number two,二号,NOUN,B2
Taubheit,numbness,麻木,NOUN,B2
zahlreich,numerous,众多的,ADJ,B2
Kindergarten,nursery,托儿所,NOUN,B2
erziehen,to nurture,养育,VERB,B2
Erziehung,nurturing,养好,NOUN,B2
Ernährung,nutrition,营养,NOUN,B2
Oase,oasis,绿洲,NOUN,B2
gehorsam,obedient,顺从的,ADJ,B2
Adipositas,obesity,肥胖,NOUN,B2
Ziel,objective,客观的,ADJ,B2
Objektivität,objectivity,客观性,NOUN,B2
Verpflichtung,obligation,义务,NOUN,B2
obzön,obscene,淫秽的,ADJ,B2
Obskurantismus,obscurantism,蒙昧主义,NOUN,B2
Observatorium,observatory,天文台,NOUN,B2
Beobachter,observer,观察者,NOUN,B2
Obsession,obsession,痴迷,NOUN,B2
veraltet,obsolete,过时的,ADJ,B2
stur,obstinate,固执的,ADJ,B2
blockieren,to obstruct,阻碍,VERB,B2
Behinderung,obstruction,阻塞,NOUN,B2
offensichtlich,obviously,显然,ADV,B2
gelegentlich,occasionally,偶尔,ADV,B2
Beschäftigung,occupation,职业,NOUN,B2
Vorkommnis,occurrence,发生,NOUN,B2
seltsam,odd,奇怪的,ADJ,B2
von,of,的,ADP,B2
Geländewagen,off-road vehicle,越野车,NOUN,B2
beleidigen,to offend,冒犯,VERB,B2
Angebot,offering,祭品,NOUN,B2
offiziell,officially,正式地,ADV,B2
Beamter,officials,官员,NOUN,B2
oh,oh,哇,PART,B2
oh mein Gott,oh my god,我的天,INTJ,B2
Salbe,ointment,药膏,NOUN,B2
Alter,old age,老年,NOUN,B2
alter Mann,old man,老人,NOUN,B2
alter Meister,old master,老太爷,NOUN,B2
alter Diener,old servant,老奴,NOUN,B2
alte Frau,old woman,老妇人,NOUN,B2
alt,older,年长的,ADJ,B2
älterer Bruder,older brother,大哥哥,NOUN,B2
Omen,omen,预兆,NOUN,B2
Onze,on,,NOUN,B2
Kopf,on head,当头,NOUN,B2
im Gegenteil,on the contrary,相反,ADV,B2
noch einmal,once more,再次,ADV,B2
ein Buch,one book,一本,NUM,B2
ein Tag,one day,一天,NUM,B2
eine Familie,one family,一家,NUM,B2
eine Wohnung,one flat,一张,NUM,B2
ein Kopf,one head,一头,NUM,B2
eine Nacht,one night,一晚,NUM,B2
ein Satz,one set,一套,NUM,B2
ein Schuss,one shot,一枪,NUM,B2
nach Herzenslust,one's heart's content,尽情,ADV,B2
einseitig,one-sided,单方面的,ADJ,B2
nur,only,唯一的,ADJ,B2
erst dann,only then,才,ADV,B2
Ego,only-me,只我,NOUN,B2
Ontologie,ontology,本体论,NOUN,B2
offen,openly,公开地,ADV,B2
Operation,operation,操作,NOUN,B2
Operator,operator,经营者,NOUN,B2
widersprechen,to oppose,反对,VERB,B2
entgegen,opposite,相反的,ADJ,B2
Opposition,opposition,对立,NOUN,B2
unterdrücken,to oppress,压迫,VERB,B2
Unterdrückung,oppression,压迫,NOUN,B2
optisch,optical,光学的,ADJ,B2
Optik,optics,光学,NOUN,B2
optimistisch,optimistic,乐观的,ADJ,B2
optimieren,to optimize,优化,VERB,B2
Option,option,选择,NOUN,B2
optional,optional,可选的,ADJ,B2
Optionen,options,期权,NOUN,B2
oral,oral,口头的,ADJ,B2
Mündlicher Erlass,oral decree,口谕,NOUN,B2
Umlaufbahn,orbit,轨道,NOUN,B2
Obstgarten,orchard,果园,NOUN,B2
Orchester,orchestra,管弦乐队,NOUN,B2
Bewährungsprobe,ordeal,苦难,NOUN,B2
ordentlich,orderly,有序的,ADJ,B2
gewöhnlich,ordinarily,通常,ADV,B2
gewöhnlich,ordinary,普通的,ADJ,B2
gewöhnlicher Tag,ordinary day,平日,NOUN,B2
gewöhnliche Leute,ordinary people,老百姓,NOUN,B2
Organ,organ,器官,NOUN,B2
organisch,organic,有机的,ADJ,B2
Organisator,organizer,组织者,NOUN,B2
Orientierung,orientation,取向,NOUN,B2
Original,original,重原,NOUN,B2
Originaldokument,original document,原件,NOUN,B2
Originalität,originality,独创性,NOUN,B2
ursprünglich,originally,最初,ADV,B2
Ornament,ornament,装饰,NOUN,B2
Waise,orphan,孤儿,NOUN,B2
orthodox,orthodox,正统的,ADJ,B2
oszillieren,to oscillate,振荡,VERB,B2
Andere,other,其他,NOUN,B2
andere Seite,other side,对面,NOUN,B2
Andersartigkeit,otherness,相异性,NOUN,B2
andere,others,他人,NOUN,B2
Ausbruch,outburst,迸发,NOUN,B2
Ausgestoßener,outcast,被遗弃者,NOUN,B2
Ergebnis,outcome,结果,NOUN,B2
veraltet,outdated,过时的,ADJ,B2
Nebengebäude,outhouse,茅房,NOUN,B2
Ausflug,outing,郊游,NOUN,B2
Steckdose,outlet,出口,NOUN,B2
umreißen,outline,大纲,NOUN,B2
umreißen,to outline,勾勒,VERB,B2
Ausblick,outlook,前景,NOUN,B2
Außen,outside,外部,NOUN,B2
Outsourcing,outsourcing,外包,NOUN,B2
Überdomäne,over-domain,超畴,NOUN,B2
Überstrategie,over-strategy,超策,NOUN,B2
Überstrich,over-stroke,超程,NOUN,B2
bedeckt,overcast,阴天的,ADJ,B2
überziehen,to overdraw,透支,VERB,B2
überfällig,overdue,逾期,ADJ,B2
Überlauf,overflow,溢出,NOUN,B2
Überlappung,overlap,重叠,NOUN,B2
über Nacht,overnight,一夜之间,ADV,B2
Auslandschinese,overseas chinese,华侨,NOUN,B2
umwerfen,to overturn,打翻,VERB,B2
überwältigend,overwhelming,压倒性的,ADJ,B2
Eigentum,ownership,,NOUN,B2
Oxid,oxide,氧化物,NOUN,B2
Tempo,pace,速度,NOUN,B2
Tempomacher,pace-setter,标兵,NOUN,B2
Verpackung,packaging,包装,NOUN,B2
Pakt,pact,协定,NOUN,B2
Polster,pad,垫,NOUN,B2
Farbe,paint,油漆,NOUN,B2
Paar,pair,一对,NOUN,B2
Palme,palm,手掌,NOUN,B2
Palme,palm tree,棕榈树,NOUN,B2
Bauchspeicheldrüse,pancreas,胰腺,NOUN,B2
Pandemie,pandemic,大流行病,NOUN,B2
Panegyrik,panegyric,颂词,NOUN,B2
Panel,panel,小组,NOUN,B2
Pantheismus,pantheism,泛神论,NOUN,B2
Papaya,papaya,木瓜,NOUN,B2
Papierschnitt,paper cutting,剪纸,NOUN,B2
Parade,parade,游行,NOUN,B2
Paradigma,paradigm,范例,NOUN,B2
Vorbild,paragon,典范,NOUN,B2
Paragraph,paragraph,段落,NOUN,B2
parallel,parallel,平行的,ADJ,B2
Lähmung,paralysis,瘫痪,NOUN,B2
Parameter,parameter,参数,NOUN,B2
verzeihen,pardon,赦免,NOUN,B2
verzeihen,to pardon,赦免,VERB,B2
Parität,parity,平等,NOUN,B2
Park,park,公园,NOUN,B2
Parken,parking,停车,NOUN,B2
Parlament,parliament,议会,NOUN,B2
Parodie,parody,戏仿,NOUN,B2
Bewährung,parole,假释,NOUN,B2
Paronomasie,paronomasia,近音词双关,NOUN,B2
teilnehmen,to part,分离,VERB,B2
sterben,to part by death,死别,VERB,B2
Teilursache,partial cause,分因,NOUN,B2
Teilbedeutung,partial meaning,分义,NOUN,B2
Teilnahme,participation,参与,NOUN,B2
partizipativ,participatory,参与式的,ADJ,B2
Teilchen,particle,颗粒,NOUN,B2
bestimmt,particular,特定的,ADJ,B2
Besonderheit,particularity,特点,NOUN,B2
Partner,partner,伙伴,NOUN,B2
Partnerschaft,partnership,伙伴关系,NOUN,B2
vorbeigehen,to pass by,经过,VERB,B2
Passage,passage,段落,NOUN,B2
Vorbeigehen,passing,过世,NOUN,B2
passiv,passive,被动的,ADJ,B2
Prüfungsarbeit,past exam papers,真题,NOUN,B2
Pasta,pasta,意大利面,NOUN,B2
Klebstoff,paste,酱,NOUN,B2
Weide,pasture,牧场,NOUN,B2
klopfen,to pat,轻拍,VERB,B2
patent,patent,专利,NOUN,B2
pathetic,pathetic,可悲的,ADJ,B2
pathological,pathological,病态的,ADJ,B2
patient,patient,病人,NOUN,B2
patriarchy,patriarchy,父权制,NOUN,B2
patriotism,patriotism,爱国主义,NOUN,B2
patrol,patrol,巡逻,NOUN,B2
patron,patron,赞助人,NOUN,B2
pause,pause,暂停,NOUN,B2
pause,to pause,暂停,VERB,B2
pavilion,pavilion,亭子,NOUN,B2
paw,paw,爪子,NOUN,B2
peak,peak,顶峰,NOUN,B2
peanut,peanut,花生,NOUN,B2
peasant,peasant,农民,NOUN,B2
pebble,pebble,卵石,NOUN,B2
pedagogical,pedagogical,教学的,ADJ,B2
pedagogy,pedagogy,教育学,NOUN,B2
pedestrian,pedestrian,行人,NOUN,B2
peel,peel,皮,NOUN,B2
peer,peer,同龄人,NOUN,B2
penetrate,to penetrate,穿透,VERB,B2
penetration,penetration,渗透,NOUN,B2
peninsula,peninsula,半岛,NOUN,B2
perceive,to perceive,察觉,VERB,B2
percentage,percentage,百分比,NOUN,B2
perception,perception,感知,NOUN,B2
perceptive,perceptive,敏锐的,ADJ,B2
peremptorisch,peremptory,专横的,ADJ,B2
Vollkommenheit,perfection,完美,NOUN,B2
Gefahr,peril,危险,NOUN,B2
Periode,period,时期,NOUN,B2
periodisch,periodically,定期地,ADV,B2
peripher,peripheral,外围的,ADJ,B2
vergehen,to perish,死亡,VERB,B2
Falschaussage,perjury,伪证,NOUN,B2
Beständigkeit,permanence,持久,NOUN,B2
permanent,permanent,永久的,ADJ,B2
durchlässig,permeable,可渗透的,ADJ,B2
Genehmigung,permit,许可证,NOUN,B2
senkrecht,perpendicular,垂直的,ADJ,B2
Verfolgung,persecution,迫害,NOUN,B2
Ausdauer,perseverance,毅力,NOUN,B2
beständig,persistent,坚持不懈的,ADJ,B2
Anrede,person honorific,位,NOUN,B2
Verantwortliche,person in charge,负责人,NOUN,B2
Feindschaft,personal enmity,私仇,NOUN,B2
Bestleistung,personal record,个人纪录,NOUN,B2
persönlich,personally,就个人而言,ADV,B2
Personal,personnel,人员,NOUN,B2
Überzeugung,persuasion,说服,NOUN,B2
pessimistisch,pessimistic,悲观的,ADJ,B2
Pestizid,pesticide,杀虫剂,NOUN,B2
Petition,petition,请愿,NOUN,B2
Erdöl,petroleum,石油,NOUN,B2
pharmazeutisch,pharmaceutical,制药的,ADJ,B2
Apotheker,pharmacist,药剂师,NOUN,B2
gestuft,phased,阶段性,ADJ,B2
Phänomenologie,phenomenology,现象学,NOUN,B2
Phänomen,phenomenon,现象,NOUN,B2
Philanthrop,philanthropist,慈善家,NOUN,B2
Philanthropie,philanthropy,慈善,NOUN,B2
Philosophie,philosophy,哲学,NOUN,B2
Schleim,phlegm,痰,NOUN,B2
Phobie,phobia,恐惧症,NOUN,B2
Phönix,phoenix,拿凤,NOUN,B2
Telefon,phone,电话,NOUN,B2
Telefonat,phone call,通话,NOUN,B2
Phonetik,phonetics,语音学,NOUN,B2
Phonologie,phonology,音系学,NOUN,B2
fotokopieren,photocopy,复印件,NOUN,B2
fotokopieren,to photocopy,复印,VERB,B2
Foto,photograph,照片,NOUN,B2
Fotograf,photographer,摄影师,NOUN,B2
Fotografie,photography,摄影,NOUN,B2
Photosynthese,photosynthesis,光合作用,NOUN,B2
Phrase,phrase,短语,NOUN,B2
Beweismittel,physical evidence,物证,NOUN,B2
Arzt,physician,内科医生,NOUN,B2
Physiognomik,physiognomy,面相,NOUN,B2
Physiologie,physiology,生理学,NOUN,B2
einsalzen,to pickle,腌渍,VERB,B2
Frommigkeit,piety,虔诚,NOUN,B2
Taube,pigeon,鸽子,NOUN,B2
Pilger,pilgrim,朝圣者,NOUN,B2
Pilgerfahrt,pilgrimage,朝圣,NOUN,B2
Säule,pillar,柱子,NOUN,B2
Kneif,pinch,捏,NOUN,B2
Kiefer,pine,松树,NOUN,B2
Ananas,pineapple,菠萝,NOUN,B2
Pistazie,pistachio,开心果,NOUN,B2
Grube,pit,坑,NOUN,B2
bedauern,to pity,同情,VERB,B2
Platzierung,placement,放置,NOUN,B2
Plagiat,plagiarism,剽窃,NOUN,B2
Ebene,plain,平原,NOUN,B2
Kläger,plaintiff,原告,NOUN,B2
Flugzeug,plane,飞机,NOUN,B2
planet,planet,行星,NOUN,B2
plant,to plant,种植,VERB,B2
plantation,plantation,人工林,NOUN,B2
planting,planting,种植,NOUN,B2
plaster,plaster,石膏,NOUN,B2
plastic,plastic,塑料的,ADJ,B2
plateau,plateau,高原,NOUN,B2
plated,plated,镀层的,ADJ,B2
platelet,platelet,血小板,NOUN,B2
play,play,剧本,NOUN,B2
playmate,playmate,玩伴,NOUN,B2
plea,plea,辩护,NOUN,B2
pledge,pledge,抵押,NOUN,B2
pledge,to pledge,保证,VERB,B2
pliers,pliers,钳子,NOUN,B2
plight,plight,处境,NOUN,B2
plot,plot,情节,NOUN,B2
plowing,plowing,犁地,NOUN,B2
plum,plum,李子,NOUN,B2
plumber,plumber,水管工,NOUN,B2
plumbing,plumbing,管道工程,NOUN,B2
plunder,plunder,掠夺,NOUN,B2
pluralism,pluralism,多元主义,NOUN,B2
plutocracy,plutocracy,财阀政治,NOUN,B2
pocket,pocket,口袋,NOUN,B2
podcast,podcast,播客,NOUN,B2
poisoning,poisoning,中毒,NOUN,B2
polarization,polarization,两极分化 / 极化,NOUN,B2
pole,pole,极,NOUN,B2
polemical,polemical,论战的,ADJ,B2
Politik,policy,政策,NOUN,B2
polieren,to polish,擦亮,VERB,B2
Umfrage,poll,民意调查,NOUN,B2
Bestäubung,pollination,授粉,NOUN,B2
Schadstoff,pollutant,污染物,NOUN,B2
verschmutzt,polluted,受污染的,ADJ,B2
Verschmutzung,pollution,污染,NOUN,B2
Granatapfel,pomegranate,石榴,NOUN,B2
Pampelmuse,pomelo,柚子,NOUN,B2
Teich,pond,池塘,NOUN,B2
nachdenken,to ponder,沉思,VERB,B2
Pool,pool,水池,NOUN,B2
Beliebtheit,popularity,流行,NOUN,B2
popularisieren,to popularize,推广,VERB,B2
Veranda,porch,门廊,NOUN,B2
pornografisch,pornographic,色情的,ADJ,B2
Haferbrei,porridge,粥,NOUN,B2
Träger,porter,搬运工,NOUN,B2
Portion,portion,部分,NOUN,B2
Porträt,portrait,肖像,NOUN,B2
darstellen,to portray,描绘,VERB,B2
Positionierung,positioning,定位,NOUN,B2
besitzen,to possess,拥有,VERB,B2
Besitz,possession,财产,NOUN,B2
Postkarte,postcard,明信片,NOUN,B2
Plakat,poster,海报,NOUN,B2
Postulat,postulate,假定,NOUN,B2
Töpferei,pottery,陶器,NOUN,B2
Geflügel,poultry,家禽,NOUN,B2
anspringen,to pounce,猛扑,VERB,B2
Vollmacht,power of attorney,委托书,NOUN,B2
Großmacht,powerful nation,强国,NOUN,B2
praktisch,practically,几乎,ADV,B2
Praktiker,practitioner,从业者,NOUN,B2
Pragmatismus,pragmatism,实用主义,NOUN,B2
Lob,praise,赞扬,NOUN,B2
Predigt,preaching,劝诫,NOUN,B2
Präambel,preamble,序言,NOUN,B2
Prekarität,precariousness,不稳定性,NOUN,B2
Vorsichtsmaßnahme,precaution,预防措施,NOUN,B2
vorhergehen,to precede,在...之前,VERB,B2
Präzedenzfall,precedent,先例,NOUN,B2
Lehrsatz,precept,戒律,NOUN,B2
kostbar,precious,珍贵的,ADJ,B2
Kostbarkeit,preciousness,珍贵,NOUN,B2
Niederschlag,precipitation,降水,NOUN,B2
präzise,precise,精确的,ADJ,B2
Vorläufer,precursor,先驱,NOUN,B2
räuberisch,predatory,掠夺的,ADJ,B2
Vorgänger,predecessor,前任,NOUN,B2
Dilemma,predicament,困境,NOUN,B2
vorhersagen,to predict,预测,VERB,B2
Vorhersage,prediction,预测,NOUN,B2
Vorwort,preface,序言,NOUN,B2
Präfektur,prefecture,省政府,NOUN,B2
Präferenz,preference,偏好,NOUN,B2
Premier,premier,总理,NOUN,B2
Premiere,premiere,首演,NOUN,B2
Prämisse,premise,前提,NOUN,B2
vorbereiten,to prepare a lesson,预习,VERB,B2
absurd,preposterous,荒谬的,ADJ,B2
Voraussetzung,prerequisite,前提,NOUN,B2
Rezept,prescription,处方,NOUN,B2
Präsentator,presenter,主持人,NOUN,B2
Erhaltung,preservation,保护,NOUN,B2
Präsidentschaft,presidency,总统任期,NOUN,B2
präsidial,presidential,总统的,ADJ,B2
dringend,pressing,紧迫的,ADJ,B2
Prestige,prestige,声望,NOUN,B2
presume,to presume,假定,VERB,B2
presumption,presumption,自负,NOUN,B2
pretend,to pretend,假装,VERB,B2
pretense,pretense,假装,NOUN,B2
prevention,prevention,预防,NOUN,B2
previously,previously,以前,ADV,B2
pricing,pricing,定价 / 收费,NOUN,B2
pride,pride,骄傲,NOUN,B2
primary,primary,主要的,ADJ,B2
primitive,primitive,原始的,ADJ,B2
principal,principal,委托人,NOUN,B2
printer,printer,打印机,NOUN,B2
prism,prism,棱镜,NOUN,B2
privilege,privilege,特权,NOUN,B2
probabilistic,probabilistic,概率的,ADJ,B2
probability,probability,概率,NOUN,B2
procession,procession,行列,NOUN,B2
processor,processor,处理器,NOUN,B2
procrastinate,to procrastinate,拖延,VERB,B2
procrastination,procrastination,拖延,NOUN,B2
productivity,productivity,生产力,NOUN,B2
proficient,proficient,熟练的,ADJ,B2
profit-making,profit-making,营利性,ADJ,B2
profound,profound,深刻的,ADJ,B2
programmer,programmer,程序员,NOUN,B2
programming,programming,编程,NOUN,B2
progress,to progress,进步,VERB,B2
progressive,progressive,渐进的,ADJ,B2
progressively,progressively,逐渐地,ADV,B2
prohibition,prohibition,禁止,NOUN,B2
projector,projector,投影仪,NOUN,B2
proletariat,proletariat,无产阶级,NOUN,B2
langatmig,prolix,冗长的,ADJ,B2
Langatmigkeit,prolixity,冗长,NOUN,B2
verlängern,to prolong,延长,VERB,B2
prominent,prominent,突出的,ADJ,B2
versprechend,promising,有前途的,ADJ,B2
Wechsel,promissory note,本票,NOUN,B2
Befürworter,promoter,推动者,NOUN,B2
unverzüglich,promptly,迅速地,ADV,B2
verkünden,to promulgate,颁布,VERB,B2
stützen,to prop,撑,VERB,B2
Propaganda,propaganda,宣传,NOUN,B2
Neigung,propensity,倾向,NOUN,B2
ordnungsgemäß,properly,适当地,ADV,B2
Prophezeiung,prophecy,预言,NOUN,B2
prophezeien,to prophesy,预言,VERB,B2
Proportion,proportion,比例,NOUN,B2
vorschlagen,to propose,提议,VERB,B2
Vorschlag,proposition,主张,NOUN,B2
Angemessenheit,propriety,分寸,NOUN,B2
prosaisch,prosaic,平淡无奇的,ADJ,B2
Prosa,prose,散文,NOUN,B2
Anklage,prosecution,起诉,NOUN,B2
Aussicht,prospect,前景,NOUN,B2
Wohlstand,prosperity,繁荣,NOUN,B2
wohlhabend,prosperous,繁荣的,ADJ,B2
Protagonist,protagonist,主角,NOUN,B2
Protektionismus,protectionism,保护主义,NOUN,B2
schützend,protective,保护的,ADJ,B2
Protein,protein,蛋白质,NOUN,B2
protestieren,protest,抗议,NOUN,B2
protestieren,to protest,抗议,VERB,B2
Demonstrant,protester,示威者,NOUN,B2
Sprichwort,proverb,谚语,NOUN,B2
Beweise liefern,to provide evidence,举证,VERB,B2
Feedback geben,to provide feedback,反馈,VERB,B2
vorausgesetzt,provided that,只要,SCONJ,B2
Anbieter,provider,提供者,NOUN,B2
Provinz,province,省,NOUN,B2
Landesstraße,provincial highway,省道,NOUN,B2
Vorschriften,provisions,储备,NOUN,B2
Provokation,provocation,挑衅,NOUN,B2
provokieren,to provoke,激怒,VERB,B2
Nähe,proximity,邻近,NOUN,B2
Stellvertreter,proxy,代理人,NOUN,B2
Vorsicht,prudence,谨慎,NOUN,B2
Psychologe,psychologist,心理学家,NOUN,B2
Psychose,psychosis,精神病,NOUN,B2
Pubertät,puberty,青春期,NOUN,B2
öffentliche Ordnung,public order,治安,NOUN,B2
öffentliches Wohl,public welfare,公益性,NOUN,B2
Veröffentlichung,publication,出版物,NOUN,B2
öffentlich,publicly,公开地,ADV,B2
Verleger,publisher,出版商,NOUN,B2
Verlag,publishing house,出版社,NOUN,B2
pulmonal,pulmonary,肺的,ADJ,B2
Kanzel,pulpit,讲坛,NOUN,B2
Faustschlag,punch,拳击,NOUN,B2
Interpunktion,punctuation,标点符号,NOUN,B2
Punktion,puncture,穿刺,NOUN,B2
Puppe,puppet,木偶,NOUN,B2
Welpen,puppy,小狗,NOUN,B2
kaufen,to purchase,购买,VERB,B2
Reinheit,purity,纯洁,NOUN,B2
Purpurnes Yin,purple yin,紫阴,NOUN,B2
Verfolgung,pursuit,追求,NOUN,B2
Wagnis,push luck,太得寸,NOUN,B2
Rätsel,puzzle,谜题,NOUN,B2
Wachtel,quail,鹌鹑,NOUN,B2
Qualifikation,qualification,资格,NOUN,B2
Qualifikation,qualifications,资格,NOUN,B2
qualifiziert,qualified,合格的,ADJ,B2
qualifizieren,to qualify,使合格,VERB,B2
qualitativ,qualitative,定性的,ADJ,B2
quantitativ,quantitative,定量的,ADJ,B2
Menge,quantity,数量,NOUN,B2
streiten,quarrel,争吵,NOUN,B2
streiten,to quarrel,争吵,VERB,B2
Streit,quarreling,再吵,NOUN,B2
Quartal,quarter of a year,季度,NOUN,B2
Quartalszeitschrift,quarterly magazine,季刊,NOUN,B2
Suche,quest,探索,NOUN,B2
Schlange,queue,队列,NOUN,B2
schnell,quickly,迅速地,ADV,B2
Steppdecke,quilt,被子,NOUN,B2
Kontingent,quota,配额,NOUN,B2
Zitat,quotation,报价,NOUN,B2
zitieren,quote,报价单,NOUN,B2
zitieren,to quote,引用,VERB,B2
Rabbiner,rabbi,拉比,NOUN,B2
Rasse,race,比赛,NOUN,B2
Rassismus,racism,种族主义,NOUN,B2
Schläger,racket,球拍,NOUN,B2
Strahlkraft,radiance,光辉,NOUN,B2
Strahlung,radiation,辐射,NOUN,B2
radikal,radical,激进的,ADJ,B2
Radiosender,radio station,广播电台,NOUN,B2
radioaktiv,radioactive,放射性的,ADJ,B2
Radieschen,radish,小萝卜,NOUN,B2
flickig,ragged,破烂的,ADJ,B2
Überfall,raid,突袭,NOUN,B2
Regenbogen,rainbow,彩虹,NOUN,B2
Regenwald,rainforest,雨林,NOUN,B2
Spenden einsammeln,to raise donations,募捐,VERB,B2
Widder,ram,公羊,NOUN,B2
Rampe,ramp,坡道,NOUN,B2
rampante Tyrannei,rampant tyranny,横行,NOUN,B2
Groll,rancor,怨恨,NOUN,B2
zufällig,random,随机的,ADJ,B2
Rang,rank,等级,NOUN,B2
Rangliste,ranking,等级,NOUN,B2
Lösegeld,ransom,赎金,NOUN,B2
rasch,rapid,迅速的,ADJ,B2
Annäherung,rapprochement,和解,NOUN,B2
selten,rarely,很少,ADV,B2
Hast,rash,轻率的,ADJ,B2
Himbeere,raspberry,覆盆子,NOUN,B2
rattenfest,rat-proof,防鼠,ADJ,B2
Satz,rate,比率,NOUN,B2
Bewertung,rating,评分,NOUN,B2
Ration,ration,配给,NOUN,B2
Rationalismus,rationalism,理性主义,NOUN,B2
Rationalität,rationality,理性,NOUN,B2
Rationalisierung,rationalization,合理化,NOUN,B2
verwüsten,to ravage,破坏,VERB,B2
roh,raw,生的,ADJ,B2
Rohstoff,raw material,原材料,NOUN,B2
Strahl,ray,光线,NOUN,B2
Wiederabruptheit,re-abruptness,再骤,NOUN,B2
Wiederkampf,re-battle,重战,NOUN,B2
Wiedergrenze,re-boundary,重界,NOUN,B2
Wiederkurs,re-course,重途,NOUN,B2
Wiederschaffung,re-creation,再作,NOUN,B2
Wiederaufführung,re-enactment,再演,NOUN,B2
Wiederbeweis,re-evidence,重据,NOUN,B2
Wiederfrucht,re-fruit,再果,NOUN,B2
Wiederinnen,re-inner,再内,NOUN,B2
Wiederlagerung,re-layering,改层,NOUN,B2
Wiederbegrenzung,re-limit,重限,NOUN,B2
Wiederlogik,re-logic,再逻,NOUN,B2
Wiederbedeutung,re-meaning,再义,NOUN,B2
Wiederbestellung,re-order,重序,NOUN,B2
Wiedertempo,re-pace,重骤,NOUN,B2
Wiederweg,re-path,重径,NOUN,B2
Wiederquantität,re-quantity,再量,NOUN,B2
Wiedergrund,re-reason,重理,NOUN,B2
Umleitung,re-routing,改轨,NOUN,B2
Wiedersequenzierung,re-sequencing,改骤,NOUN,B2
Wiedereinreichung,re-submission,再上,NOUN,B2
reaktiv,reactive,反应的,ADJ,B2
Reaktor,reactor,反应堆,NOUN,B2
Leser,reader,读者,NOUN,B2
Lesung,reading,阅读,NOUN,B2
Immobilie,real estate,房地产,ADJ,B2
Realismus,realism,现实主义,NOUN,B2
realistisch,realistic,现实的,ADJ,B2
Wunsch,really want,真要,NOUN,B2
Reich,realm,领域,NOUN,B2
Hinterseite,rear,后面的,ADJ,B2
Hinterteil,rear part,后部,NOUN,B2
gründen,to reason,推理,VERB,B2
Beruhigung,reassurance,安抚,NOUN,B2
beruhigen,to reassure,使安心,VERB,B2
rebellieren,to rebel,反叛,VERB,B2
Rebellion,rebellion,叛乱,NOUN,B2
Rebellenherz,rebellious heart,反心,NOUN,B2
wiederaufbauen,to rebuild,重建,VERB,B2
Tadel,rebuke,责备,NOUN,B2
widerlegen,to rebut,反驳,VERB,B2
Widerlegung,rebuttal,反驳,NOUN,B2
zurückrufen,to recall,回忆,VERB,B2
empfangen,to receive mail,收件,VERB,B2
Befehle erhalten,to receive orders,受命,VERB,B2
weltweite Aufmerksamkeit erhalten,to receive worldwide attention,举世瞩目,VERB,B2
Empfänger,receiver,接收器,NOUN,B2
Rezession,recession,衰退,NOUN,B2
Empfänger,recipient,接受者,NOUN,B2
reziprok,reciprocal,互惠的,ADJ,B2
rezitieren,to recite,背诵,VERB,B2
rücksichtslos,reckless,鲁莽的,ADJ,B2
zurückerobern,to reclaim,收回,VERB,B2
Rücklage,reclining,躺下,NOUN,B2
Empfehlung durch Dritte,recommendation by others,他荐,NOUN,B2
versöhnen,to reconcile,和解,VERB,B2
Versöhnung,reconciliation,和解,NOUN,B2
Aufklärung,reconnaissance,侦察,NOUN,B2
Wiedererwägung,reconsideration,重思,NOUN,B2
rekonstruieren,to reconstruct,重建,VERB,B2
Rekonstruktion,reconstruction,重建,NOUN,B2
Plattenspieler,record player,唱机,NOUN,B2
erzählen,to recount,转述,VERB,B2
Erholung,recovery,恢复,NOUN,B2
rekrutieren,to recruit,招募,VERB,B2
Rekrutierung,recruitment,招聘,NOUN,B2
berichten,to rectify,纠正,VERB,B2
genesen,to recuperate,恢复,VERB,B2
Wiederkehr,recurrence,往复,NOUN,B2
Ablehnung,recusal,回避,NOUN,B2
recyceln,to recycle,回收利用,VERB,B2
Recycling,recycling,回收利用,NOUN,B2
Neubestimmung,redefinition,改界,NOUN,B2
verweisen,to refer,参考,VERB,B2
Schiedsrichter,referee,裁判,NOUN,B2
Referendum,referendum,公民投票,NOUN,B2
veredeln,to refine,提炼,VERB,B2
veredelt,refined,精炼的,ADJ,B2
Veredelung,refinement,修养,NOUN,B2
Veredelung,refining,提炼,NOUN,B2
Reflexion,reflection,思考,NOUN,B2
Wiederaufforstung,reforestation,重新造林,NOUN,B2
reformieren,reform,改革,NOUN,B2
reformieren,to reform,改革,VERB,B2
Reformismus,reformism,改唯,NOUN,B2
verzichten,refrain,副歌,NOUN,B2
verzichten,to refrain,克制,VERB,B2
auffrischen,to refresh,使恢复精神,VERB,B2
Kühlschrank,refrigerator,冰箱,NOUN,B2
Zuflucht,refuge,避难所,NOUN,B2
Flüchtling,refugee,难民,NOUN,B2
Rückerstattung,refund,退款,NOUN,B2
Verweigerung,refusal,拒绝,NOUN,B2
bezüglich dieses,regarding this,对此,ADV,B2
Regime,regime,政权,NOUN,B2
regional,regional,地区的,ADJ,B2
Registrierung,registration,注册,NOUN,B2
zurückgehen,to regress,倒退,VERB,B2
Regression,regression,倒退,NOUN,B2
regressiv,regressive,退步的,ADJ,B2
Bedauern,regret,后悔,NOUN,B2
regelmäßig,regular,规律的,ADJ,B2
regulieren,to regulate,调节,VERB,B2
Regelungen,regulations,法规,NOUN,B2
proben,to rehearse,排练,VERB,B2
Herrschaft,reign,统治,NOUN,B2
erstatten,to reimburse,偿还,VERB,B2
erneut herausgeben,to reissue,补办,VERB,B2
wiederholen,to reiterate,重申,VERB,B2
Ablehnung,rejection,拒绝,NOUN,B2
sich freuen,to rejoice,欢欣,VERB,B2
Rückfall,relapse,再犯,NOUN,B2
erzählen,to relate to narrate,叙述,VERB,B2
relativ,relatively,相对地,ADV,B2
relativism,relativism,相对主义,NOUN,B2
relaxation,relaxation,缓和,NOUN,B2
release,release,释放,NOUN,B2
relegate,to relegate,降级,VERB,B2
relevance,relevance,相关性,NOUN,B2
relevant,relevant,相关的,ADJ,B2
reliability,reliability,可靠性,NOUN,B2
relic,relic,圣物,NOUN,B2
relief,relief,缓解,NOUN,B2
religion,religion,宗教,NOUN,B2
religious,religious,宗教的,ADJ,B2
rely,to rely,依赖,VERB,B2
remainder,remainder,剩余部分,NOUN,B2
remains,remains,残骸,NOUN,B2
remark,remark,评论,NOUN,B2
remedy,to remedy,补救,VERB,B2
remembrance,remembrance,纪念,NOUN,B2
remote,remote,遥远的,ADJ,B2
removal,removal,移除,NOUN,B2
remuneration,remuneration,报酬,NOUN,B2
renaissance,renaissance,复兴,NOUN,B2
renal,renal,肾脏的,ADJ,B2
rendezvous,rendezvous,约会,NOUN,B2
renege,to renege,食言,VERB,B2
renew,to renew,更新,VERB,B2
renewable,renewable,可再生的,ADJ,B2
renewal,renewal,更新,NOUN,B2
renminbi,renminbi,人民币,NOUN,B2
renovate,to renovate,翻新,VERB,B2
renovation,renovation,翻新,NOUN,B2
renown,renown,声誉,NOUN,B2
reoperation,reoperation,再术,NOUN,B2
Reorganisation,reorganization,重组,NOUN,B2
Wiedergutmachung,reparation,赔偿,NOUN,B2
zurückzahlen,to repay,偿还,VERB,B2
Rückzahlung,repayment,偿还,NOUN,B2
wiederholt,repeatedly,反复地,ADV,B2
bußen,to repent,悔改,VERB,B2
Buße,repentance,悔恨,NOUN,B2
Nachwirkung,repercussion,反响,NOUN,B2
Wiederholung,repetition,重复,NOUN,B2
Neuplanung,replanning,再策,NOUN,B2
Antwort an Eure Hoheit,reply to your-highness,回殿下,NOUN,B2
Reporter,reporter,记者,NOUN,B2
Neupositionierung,repositioning,重新定位,NOUN,B2
Vertretung,representation,代表,NOUN,B2
repräsentativ,representative,有代表性的,ADJ,B2
Repräsentativität,representativeness,代表性,NOUN,B2
Unterdrückung,repression,镇压,NOUN,B2
repressiv,repressive,压制的,ADJ,B2
Neupreisung,reprice,再价,NOUN,B2
Tadel,reprimand,训斥,NOUN,B2
reproduzieren,to reproduce,繁殖,VERB,B2
republikanisch,republican,共和的,ADJ,B2
Abwehr,repulse,击退,NOUN,B2
abstoßend,repulsive,令人反感的,ADJ,B2
Anfrage,request,请求,NOUN,B2
Anforderung,requirement,要求,NOUN,B2
Wiederverkauf,resale,转售,NOUN,B2
Rettung eines Fangs,rescue a-fang,救阿方,NOUN,B2
Forscher,researcher,研究员,NOUN,B2
Ähnlichkeit,resemblance,相似,NOUN,B2
verbittert,resentful,充满愤恨的,ADJ,B2
Groll,resentment,愤恨,NOUN,B2
Reserve,reserve,预备,NOUN,B2
zurückhaltend,reserved,保留的,ADJ,B2
Stausee,reservoir,水库,NOUN,B2
Umgestaltung,reshaping,改形,NOUN,B2
wohnen,to reside,居住,VERB,B2
Wohnsitz,residence,住所,NOUN,B2
entschlossen,resolute,坚决的,ADJ,B2
Auflösung,resolution,决心,NOUN,B2
entschließen,to resolve,解决,VERB,B2
Resonanz,resonance,共鸣,NOUN,B2
Rückgriff,resort,度假胜地,NOUN,B2
respektvoll,respectful deferential,恭敬,ADJ,B2
respiratorisch,respiratory,呼吸的,ADJ,B2
antworten,to respond,回应,VERB,B2
antworten,to respond to,回应,VERB,B2
Antwort,response,回应,NOUN,B2
Reaktionsfähigkeit,responsiveness,反应性,NOUN,B2
Ruhe,rest,休息,NOUN,B2
Wiederherstellung,restoration,恢复,NOUN,B2
wiederherstellen,to restore,恢复,VERB,B2
Zurückhaltung,restraint,隐忍,NOUN,B2
Umstrukturierung,restructuring,重组,NOUN,B2
wieder aufnehmen,to resume,重新开始,VERB,B2
Auferstehung,resurrection,复活,NOUN,B2
Einzelhandel,retail,零售,NOUN,B2
behalten,to retain,保留,VERB,B2
wiedererzählen,to retell,转述,VERB,B2
zurücktreten,to retire,退休,VERB,B2
zurückgetreten,retired,退休的,ADJ,B2
Rückgewinnung,retrieval,检索,NOUN,B2
Wiedererlangung,retrieve qingming,拿回青冥,NOUN,B2
zurückkehren,to return first,先回,VERB,B2
Neuabtippen,retype,再型,NOUN,B2
Wiederverwendung,reuse,重用,NOUN,B2
Umbewertung,revaluation,重新评估,NOUN,B2
Offenbarung,revelation,启示,NOUN,B2
verehren,to revere,尊敬,VERB,B2
Ehrfurcht,reverence,尊敬,NOUN,B2
Umkehr,reversal,突变,NOUN,B2
umgekehrte Inklusion,reverse inclusion,反纳,NOUN,B2
umgekehrte Reflexion,reverse reflection,反影,NOUN,B2
Rückseite,reverse side,反面,NOUN,B2
Rückfall,reversion,重归,NOUN,B2
überprüfen,to review,复习,VERB,B2
revidieren,to revise,修订,VERB,B2
Revision,revision,复习,NOUN,B2
beleben,to revive,复兴,VERB,B2
Revolution,revolution,革命,NOUN,B2
revolutionär,revolutionary,革命的,ADJ,B2
Rhetorik,rhetoric,修辞,NOUN,B2
rhetorisch,rhetorical,修辞的,ADJ,B2
rhetorische Frage,rhetorical question,宁非,NOUN,B2
Reim,rhyme,韵脚,NOUN,B2
naturbegabt,richly endowed by nature,得天独厚,ADJ,B2
Wellenbrecher,ride break,骑破,NOUN,B2
Kluft,rift,裂痕,NOUN,B2
rechtschaffend,righteous,正直的,ADJ,B2
gerechter Zorn,righteous indignation,义愤,NOUN,B2
Gerechtigkeit,righteousness,亦正,NOUN,B2
Rechte,rights,权利,NOUN,B2
starr,rigid,僵硬的,ADJ,B2
Starrheit,rigidity,僵硬,NOUN,B2
streng,rigorous,严格的,ADJ,B2
Ring,ring,戒指,NOUN,B2
Ringstraße,ring road,绕城,NOUN,B2
Aufruhr,riot,骚乱,NOUN,B2
steigen,rise,上涨,NOUN,B2
steigen,to rise,上升,VERB,B2
riskieren,to risk life,拼命,VERB,B2
Todesrisiko,risking death,冒死,NOUN,B2
Ritual,ritual,仪式,NOUN,B2
Rivalität,rivalry,竞争,NOUN,B2
Flussufer,riverbank,河岸,NOUN,B2
Straße,road,道路,NOUN,B2
Verkehrsschild,road sign,路标,NOUN,B2
umherstreifen,to roam,漫游,VERB,B2
Braten,roast,烤肉,NOUN,B2
Lamm braten,to roast lamb,烤羊,VERB,B2
robust,robust,强健的,ADJ,B2
Steingarten,rockery,假山,NOUN,B2
Rollladen,roller blind,卷帘,NOUN,B2
bedachen,to roof,房顶,VERB,B2
faul,rotten,腐烂的,ADJ,B2
Rauheit,roughness,粗糙,NOUN,B2
Kreisverkehr,roundabout,环岛,NOUN,B2
wecken,to rouse,唤醒,VERB,B2
Router,router,路由器,NOUN,B2
Routine,routine,常规,NOUN,B2
Reihe,row,行,NOUN,B2
königlich,royal,皇家的,ADJ,B2
Reiben,rubbing,摩擦,NOUN,B2
unhöflich,rude,粗鲁的,ADJ,B2
Unhöflichkeit,rudeness,粗鲁,NOUN,B2
Ruine,ruin,废墟,NOUN,B2
Ruinen,ruins,废墟,NOUN,B2
Rechtsstaatlichkeit,rule of law,法治,NOUN,B2
stoßen auf,to run into,碰见,VERB,B2
rennen,to run quickly,奔驰,VERB,B2
joggen,to run to jog,跑步,VERB,B2
Läufer,runner,跑步者,NOUN,B2
Schnupfen,runny nose,流鼻涕,NOUN,B2
Bruch,rupture,破裂,NOUN,B2
ländlich,rural,乡村的,ADJ,B2
Eile,rush,赶往,NOUN,B2
herumhetzen,to rush about,奔波,VERB,B2
Rost,rust,铁锈,NOUN,B2
rostfrei,rust-proof,防锈,ADJ,B2
Rücksichtslosigkeit,ruthlessness,无情,NOUN,B2
Sack,sack,麻袋,NOUN,B2
heilig,sacred,神圣的,ADJ,B2
traurig,sad sorrowful,悲伤,ADJ,B2
Traurigkeit,sadness,悲伤,NOUN,B2
sicher,safe,安全的,ADJ,B2
Sicherheit,safety,安全,NOUN,B2
Sicherheitsbericht,safety report,安全报告,NOUN,B2
klug,sagacious,睿智的,ADJ,B2
Segeln,sailing,航行,NOUN,B2
Sake,sake,缘故,NOUN,B2
Verkauf,sales,打折,NOUN,B2
Verkäufer,salesperson,销售人员,NOUN,B2
Lachs,salmon,三文鱼,NOUN,B2
salzig,salty,咸的,ADJ,B2
gleich,same,相同的,ADJ,B2
Muster,sample,样本,NOUN,B2
Sanktion,sanction,制裁,NOUN,B2
Heiligtum,sanctuary,避难所,NOUN,B2
Sand,sand,沙子,NOUN,B2
Sandal,sandal,凉鞋,NOUN,B2
Sandwich,sandwich,三明治,NOUN,B2
Verstand,sanity,理智,NOUN,B2
Satellit,satellite,卫星,NOUN,B2
Sättigung,satiety,饱足,NOUN,B2
Satire,satire,讽刺,NOUN,B2
satirisch,satirical,讽刺的,ADJ,B2
Säge,saw,锯子,NOUN,B2
Gerüst,scaffold,脚手架,NOUN,B2
verbrühen,to scald,烫伤,VERB,B2
Skala,scale,规模,NOUN,B2
Skalpell,scalpel,手术刀,NOUN,B2
Betrug,scam,骗局,NOUN,B2
Scan,scan,扫描件,NOUN,B2
Knappheit,scarcity,短缺,NOUN,B2
verstreuen,to scatter,分散,VERB,B2
verstreut,scattered,分散的,ADJ,B2
Landschaft,scenery,风景,NOUN,B2
Plan,scheme,计划,NOUN,B2
Schizophrenie,schizophrenia,精神分裂症,NOUN,B2
Gelehrter,scholar,学者,NOUN,B2
scholastisch,scholastic,经院哲学的,ADJ,B2
wissenschaftlich,scientific,科学的,ADJ,B2
tadeln,to scold,训斥,VERB,B2
Umfang,scope,范围,NOUN,B2
versengen,to scorch,烧焦,VERB,B2
glühend,scorching,灼热的,ADJ,B2
Punktzahl,score,比分,NOUN,B2
Schurke,scoundrel,恶棍,NOUN,B2
Geißel,scourge,灾祸,NOUN,B2
Späher,scout,侦察员,NOUN,B2
abschirmen,to screen,筛选,VERB,B2
Schraubenzieher,screwdriver,螺丝刀,NOUN,B2
Drehbuch,script,剧本,NOUN,B2
Schauspieltext,script for play,剧本,NOUN,B2
Skrupel,scruple,顾虑,NOUN,B2
untersuchen,to scrutinize,仔细检查,VERB,B2
Tauchen,scuba diving,潜水,NOUN,B2
Bildhauer,sculptor,雕塑家,NOUN,B2
Skulptur,sculpture,雕塑,NOUN,B2
Möwe,seagull,海鸥,NOUN,B2
suchen,to search for,寻找,VERB,B2
würzen,to season,调味,VERB,B2
saisonal,seasonal,季节性的,ADJ,B2
sich abspalten,to secede,脱离,VERB,B2
Notausgang,seclusion exit,出关,NOUN,B2
zweites Mal,second time,再而,NOUN,B2
sekundär,secondary,次要的,ADJ,B2
Geheimhaltung,secrecy,保密,NOUN,B2
Geheimtreffen,secret meeting,密会,NOUN,B2
Sekretariat,secretariat,秘书处,NOUN,B2
heimlich,secretly,秘密地,ADV,B2
Sekte,sect,教派,NOUN,B2
sektiererisch,sectarian,宗派的,ADJ,B2
Sektion,section,部分,NOUN,B2
Säkularismus,secularism,世俗主义,NOUN,B2
Verbriefung,securitization,证券化,NOUN,B2
Limousine,sedan,轿车,NOUN,B2
verführen,to seduce,引诱,VERB,B2
Leiche sehen,to see corpse,见尸,VERB,B2
Verabschiedung,see off,送走,NOUN,B2
suchen,to seek,寻找,VERB,B2
Audienz erbitten,to seek audience,求见,VERB,B2
Wahrheit aus den Tatsachen suchen,to seek truth from facts,实事求是,VERB,B2
Suche,seeking,寻求,NOUN,B2
kurzfristig gewinnorientiert,seeking instant benefit,急功近利,ADJ,B2
seismisch,seismic,地震的,ADJ,B2
Anfall,seizure,没收,NOUN,B2
selektiv,selective,选择的，挑选的,ADJ,B2
Selbst,self,自我,NOUN,B2
Selbstaufopferung,self-sacrifice,舍己,NOUN,B2
Egoismus,selfishness,自私,NOUN,B2
Semester,semester,学期,NOUN,B2
Seminar,seminar,研讨会,NOUN,B2
Semiologie,semiology,符号学，症状学,NOUN,B2
Semiotik,semiotics,符号学,NOUN,B2
Senat,senate,参议院,NOUN,B2
Seniorität,seniority,资历,NOUN,B2
vernünftig,sensible,明智的,ADJ,B2
Sensibilität,sensitivity,敏感性,NOUN,B2
Sensor,sensor,传感器,NOUN,B2
Empfindung,sentiment,情感,NOUN,B2
Wächter,sentry,卫兵,NOUN,B2
Sequenz,sequence,顺序，片段,NOUN,B2
seren,serene,宁静的,ADJ,B2
Gelassenheit,serenity,宁静,NOUN,B2
Ernsthaftigkeit,seriousness,严肃,NOUN,B2
Predigt,sermon,布道,NOUN,B2
Server,server,服务器,NOUN,B2
Dienstleister,service provider,服务商,NOUN,B2
Anliegerstraße,service road,辅路,NOUN,B2
Unterwürfigkeit,servility,奴性,NOUN,B2
Sesam,sesame,芝麻,NOUN,B2
Rückschlag,setback,挫折,NOUN,B2
Siedlung,settlement,解决,NOUN,B2
siebte,seventh,第七,ADJ,B2
siebzig,seventy,七十,NUM,B2
mehrere,several,几个,ADJ,B2
streng,severe,严厉的,ADJ,B2
Strenge,severity,严厉,NOUN,B2
Nähen,sewing,缝纫,NOUN,B2
Sex,sex,性别,NOUN,B2
Hütte,shack,棚屋,NOUN,B2
Fessel,shackle,镣铐,NOUN,B2
schattig,shady,阴凉的,ADJ,B2
Hände schütteln,to shake hands,握手,VERB,B2
flach,shallow,浅的,ADJ,B2
Schwindel,sham,假冒,NOUN,B2
beschämend,shameful,可耻的,ADJ,B2
schamlos,shameless,无耻的,ADJ,B2
Shampoo,shampoo,洗发水,NOUN,B2
Aktionär,shareholder,股东,NOUN,B2
rasieren,to shave,剃,VERB,B2
sie,she,她,PRON,B2
Unterkunft,shelter,庇护所,NOUN,B2
Hirte,shepherd,牧羊人,NOUN,B2
Schild,shield,盾牌,NOUN,B2
verschieben,shift,轮班,NOUN,B2
verschieben,to shift,改变,VERB,B2
Schichtwechsel,shift rotation,倒班,NOUN,B2
Schichttausch,shift swap,换班,NOUN,B2
vorverlegen,to shift to an earlier date,提前,VERB,B2
verschiffen,to ship out,出货,VERB,B2
schockierend,shocking,令人震惊的,ADJ,B2
Schuhentfernung,shoe removal,鞋脱,NOUN,B2
Schuhe,shoes,鞋子,NOUN,B2
abschießen,to shoot down,击落,VERB,B2
Schießen,shooting,射击,NOUN,B2
Einkaufen,shopping,购物,NOUN,B2
Einkaufszentrum,shopping center,购物中心,NOUN,B2
Mangel,shortage,短缺,NOUN,B2
Schwäche,shortcoming,缺点,NOUN,B2
sollen,should not,不该,AUX,B2
Schrei,shout,喊叫,NOUN,B2
Schaufel,shovel,铲子,NOUN,B2
gerissen,shrewd,精明的,ADJ,B2
Schrein,shrine,مشعر,NOUN,B2
schrumpfen,to shrink,收缩,VERB,B2
Schauder,shudder,战栗,NOUN,B2
Seite,side,侧面,NOUN,B2
Seitentür,side door,侧门,NOUN,B2
Bürgersteig,sidewalk,人行道,NOUN,B2
Belagerung,siege,围攻,NOUN,B2
Sieb,sieve,筛子,NOUN,B2
wehklagen,to sigh with sorrow,感慨,VERB,B2
quittieren,to sign for,签收,VERB,B2
signalisieren,signal,信号,NOUN,B2
signalisieren,to signal,示意,VERB,B2
Bedeutung,significance,含义,NOUN,B2
bedeuten,to signify,意味着,VERB,B2
stummschalten,to silence,خرس,VERB,B2
still,silent,沉默的,ADJ,B2
Seide,silk,丝绸,NOUN,B2
Seidenstoff,silk cloth,丝绸,NOUN,B2
dummes Mädchen,silly girl,傻丫头,NOUN,B2
Ähnlichkeit,similarity,相似,NOUN,B2
Gleichnis,simile,明喻,NOUN,B2
einfach,simple,简单的,ADJ,B2
Einfachheit,simplicity,简单,NOUN,B2
einfach,simply,简单地,ADV,B2
simulieren,to simulate,模拟,VERB,B2
Simulation,simulation,模拟,NOUN,B2
da,since,既然,SCONJ,B2
Aufrichtigkeit,sincerity,真诚,NOUN,B2
einzeln,single,单一的,ADJ,B2
Einzelgedanke,single thought,一念,NOUN,B2
Spüle,sink,水槽,NOUN,B2
schlürfen,to sip,小口喝,VERB,B2
Herr,sir,先生,NOUN,B2
Schwägerin,sister-in-law,嫂子/弟媳/大姑子/小姑子,NOUN,B2
Umstände,situation circumstances,情形,NOUN,B2
sechste,sixth,第六,ADJ,B2
sechzig,sixty,六十,NUM,B2
skaten,to skate,滑冰,VERB,B2
Skelett,skeleton,骨架,NOUN,B2
skeptisch,skeptical,怀疑的,ADJ,B2
Skepsis,skepticism,怀疑主义,NOUN,B2
Skizze,sketch,素描,NOUN,B2
skifahren,to ski,滑雪,VERB,B2
Skifahren,skiing,滑雪,NOUN,B2
geschickt,skilled,熟练的,ADJ,B2
verleumden,slander,诽谤,NOUN,B2
verleumden,to slander,诽谤,VERB,B2
ohrenfeigen,slap,拍击,NOUN,B2
ohrenfeigen,to slap,打耳光,VERB,B2
schlachten,slaughter,屠杀,NOUN,B2
schlachten,to slaughter,割喉,VERB,B2
Sklaverei,slavery,奴隶制,NOUN,B2
Schlafmittel,sleeping pill,安眠药,NOUN,B2
Schlaflosigkeit,sleeplessness,失眠,NOUN,B2
Rutsche,slide,滑动,NOUN,B2
leicht,slightly,轻微地,ADV,B2
rutschen,to slip,滑倒,VERB,B2
rutschig,slippery,滑的,ADJ,B2
Slogan,slogan,口号,NOUN,B2
Hang,slope,斜坡,NOUN,B2
langsam,slowly,缓慢地,ADV,B2
Langsamkeit,slowness,缓慢,NOUN,B2
träge,sluggish,迟钝的,ADJ,B2
listig,sly,狡猾的,ADJ,B2
List,slyness,狡猾,NOUN,B2
klein,smallest,最小的,ADJ,B2
Kleinheit,smallness,小小,NOUN,B2
zerschlagen,to smash,粉碎,VERB,B2
Zerschlagung,smashing,砸过,NOUN,B2
Grundkenntnisse,smattering,少量,NOUN,B2
Rauchen,smoking,吸烟,NOUN,B2
reibungslos,smoothly,顺利,ADV,B2
Schmuggler,smuggler,走私者,NOUN,B2
Schmuggel,smuggling,走私,NOUN,B2
Snack,snack,小吃,NOUN,B2
Schnecke,snail,蜗牛,NOUN,B2
schnappen,to snatch,抢夺,VERB,B2
schnüffeln,to sniff,嗅,VERB,B2
schnarchen,to snore,打鼾,VERB,B2
Schneeschatten,snow shadow,雪影姐姐,NOUN,B2
so viel,so much,这么多,ADV,B2
einweichen,to soak,浸透,VERB,B2
Nüchternheit,sobriety,清醒,NOUN,B2
gesellig,sociable,好交际的,ADJ,B2
Sozialarbitration,social arbitration,社会仲裁,NOUN,B2
gesellschaftliches Erwachen,social awakening,社会觉醒,NOUN,B2
Gesellschaftsschicht,social class,社会阶层,NOUN,B2
sozialer Kompromiss,social compromise,社会妥协,NOUN,B2
soziale Distanzierung,social distancing,社交距离,NOUN,B2
soziale Harmonie,social harmony,社会和谐,NOUN,B2
soziale Identität,social identity,社会身份,NOUN,B2
soziale Interaktion,social interaction,社会互动,NOUN,B2
soziale Mobilisierung,social mobilization,社会动员,NOUN,B2
soziale Organisation,social organization,社会组织,NOUN,B2
soziale Praxis,social practice,社会实践,NOUN,B2
soziale Versöhnung,social reconciliation,社会和解,NOUN,B2
soziale Stabilität,social stability,社会稳定,NOUN,B2
Sozialstatistik,social statistics,社会统计,NOUN,B2
soziale Schichtung,social stratification,社会分层,NOUN,B2
sozialer Trend,social trend,社会趋势,NOUN,B2
soziales Vertrauen,social trust,社会信任,NOUN,B2
sozialisieren,to socialize,交往,VERB,B2
Soziologe,sociologist,社会学家,NOUN,B2
Soziologie,sociology,社会学,NOUN,B2
Sofa,sofa,沙发,NOUN,B2
Softball,softball,垒球,NOUN,B2
Software,software,软件,NOUN,B2
Boden,soil,土壤,NOUN,B2
Aufenthalt,sojourn,逗留,NOUN,B2
Trost,solace,安慰,NOUN,B2
Soldat,soldiers,官兵,NOUN,B2
Sohle,sole,鞋底,NOUN,B2
feierlich,solemn,庄严的,ADJ,B2
ersuchen,to solicit,恳求,VERB,B2
um Spenden bitten,to solicit donations,募捐,VERB,B2
Festkörper,solid,固体的,ADJ,B2
Solid-State-Laufwerk,solid-state drive,固态硬盘,NOUN,B2
Solidarität,solidarity,团结,NOUN,B2
Selbstgespräch,soliloquy,独白,NOUN,B2
Einsamkeit,solitude,孤独,NOUN,B2
Solvenz,solvency,偿付能力,NOUN,B2
Lösungsmittel,solvent,溶剂,NOUN,B2
Auswurf,some out,出些,NOUN,B2
Ruß,soot,烟灰,NOUN,B2
Sophismus,sophism,诡辩,NOUN,B2
Sophisterei,sophistry,诡辩,NOUN,B2
Betriebsamkeit,sound of activity,动静,NOUN,B2
Solidität,soundness,好端端,NOUN,B2
sauer,sour,酸的,ADJ,B2
Südarmee,southern army,南军,NOUN,B2
Souverän,sovereign,主权的,ADJ,B2
Souveränität,sovereignty,主权,NOUN,B2
Saat,sowing,播种,NOUN,B2
Spanisch,spanish,西班牙语,NOUN,B2
Freizeit,spare time,业余,NOUN,B2
Sperling,sparrow,麻雀,NOUN,B2
Krampf,spasm,痉挛,NOUN,B2
Speer,spear,长矛,NOUN,B2
Spezialthema,special topic,专题,NOUN,B2
Spezialisierung,specialization,专业化,NOUN,B2
spezialisiert,specialized,专业的,ADJ,B2
spezifisch,specific,具体的,ADJ,B2
Spezifikation,specification,规格,NOUN,B2
spezifizieren,to specify,具体说明,VERB,B2
Exemplar,specimen,标本,NOUN,B2
Brille,spectacles,眼镜,NOUN,B2
spektakulär,spectacular,壮观的,ADJ,B2
spektral,spectral,幽灵般的,ADJ,B2
Spektrum,spectrum,光谱,NOUN,B2
spekulieren,to speculate,推测,VERB,B2
Spekulation,speculation,推测,NOUN,B2
Rede,speech,演讲,NOUN,B2
Zauberspruch,spell,咒语,NOUN,B2
Sphäre,sphere,领域,NOUN,B2
Geistestraining,spirit training,练神,NOUN,B2
Spiritualität,spirituality,灵性,NOUN,B2
spucken,to spit,吐,VERB,B2
boshaft,spiteful,怀恨的,ADJ,B2
herrlich,splendid,极好的,ADJ,B2
Pracht,splendor,辉煌,NOUN,B2
Schiene,splint,夹板,NOUN,B2
Spalt,split,分裂,NOUN,B2
Sprecher,spokesperson,发言人,NOUN,B2
Sponsoring,sponsorship,赞助,NOUN,B2
Sport,sport,运动,NOUN,B2
Sportwagen,sports car,跑车,NOUN,B2
Verstauchung,sprain,扭伤,NOUN,B2
Spray,spray,喷雾,NOUN,B2
Ausbreitung,spread,传播,NOUN,B2
streuen,to sprinkle,撒,VERB,B2
anspornen,to spur,激励,VERB,B2
Trupp,squad,小队,NOUN,B2
verschwenden,to squander,浪费,VERB,B2
Verschwendung,squandering,挥霍,NOUN,B2
Platz,square,平方的,ADJ,B2
hocken,to squat,蹲,VERB,B2
quetschen,to squeeze,挤压,VERB,B2
Stabilität,stability,稳定,NOUN,B2
stabilisieren,to stabilize,使稳定,VERB,B2
Bühnenstück,stage play,舞台剧,NOUN,B2
taumeln,to stagger,蹒跚,VERB,B2
stagnieren,to stagnate,停滞,VERB,B2
Stagnation,stagnation,停滞,NOUN,B2
Treppe,stairs,楼梯,NOUN,B2
Pfahl,stake,利害关系,NOUN,B2
blockieren,to stall,拖延,VERB,B2
Briefmarke,stamp,邮票,NOUN,B2
Haltung,stance,立场,NOUN,B2
nebeneinanderstehen,to stand side by side,并列,VERB,B2
aufstehen,to stand up,站起来,VERB,B2
Standard,standard,标准,NOUN,B2
Standardisierung,standardization,标准化,NOUN,B2
stehend,standing,站立的,ADJ,B2
Stillstand,standstill,停滞,NOUN,B2
Sternanis,star anise,八角,NOUN,B2
Sternenhimmel,starry sky,星空,NOUN,B2
Start,start,开始,NOUN,B2
statisch,static,静态的,ADJ,B2
Station,station,车站,NOUN,B2
Schreibwaren,stationery,文具,NOUN,B2
statistisch,statistical,统计的,ADJ,B2
Statistik,statistics,统计学,NOUN,B2
stetig,steady,稳定的,ADJ,B2
dampfen,to steam,蒸,VERB,B2
Dumpling,steamed stuffed bun,包子,NOUN,B2
Stahl,steel,钢,NOUN,B2
Lenkrad,steering wheel,方向盘,NOUN,B2
sternförmig,stellar,杰出的,ADJ,B2
Stiel,stem,茎,NOUN,B2
Stenose,stenosis,狭窄,NOUN,B2
Stiefmutter,stepmother,后母,NOUN,B2
Stufe,steps,台阶,NOUN,B2
Stereotyp,stereotype,刻板印象,NOUN,B2
steril,sterile,无菌的,ADJ,B2
schmoren,to stew,炖,VERB,B2
Stab,stick,棍子,NOUN,B2
Steifheit,stiffness,僵硬,NOUN,B2
Stigma,stigma,耻辱,NOUN,B2
stigmatisieren,to stigmatize,污名化,VERB,B2
Stimulans,stimulant,兴奋剂,NOUN,B2
Geiz,stinginess,吝啬；小气,NOUN,B2
geizig,stingy,吝啬的,ADJ,B2
stinkend,stinking,发臭的,ADJ,B2
festlegen,to stipulate,规定,VERB,B2
Rühren,stir,搅拌,NOUN,B2
Stich,stitch,针脚,NOUN,B2
Börse,stock exchange,证券交易所,NOUN,B2
Aktienmarkt,stock market,股市,NOUN,B2
Vorrat,stockpile,储备,NOUN,B2
Stoizismus,stoicism,斯多葛主义,NOUN,B2
schüren,to stoke,添燃料,VERB,B2
Bauchschmerzen,stomachache,肚子痛,NOUN,B2
mich aufhalten,to stop me,拦我,VERB,B2
Lagerung,storage,收纳,NOUN,B2
lagern,store,商店,NOUN,B2
lagern,to store,储存,VERB,B2
begradigen,to straighten,弄直,VERB,B2
unkompliziert,straightforward,直率的,ADJ,B2
Belastung,strain,压力,NOUN,B2
Meerenge,strait,海峡,NOUN,B2
fremde Truppen,strange troops,怪兵,NOUN,B2
Fremdheit,strangeness,奇怪,NOUN,B2
erwürgen,to strangle,扼杀,VERB,B2
Riemen,strap,带子,NOUN,B2
strategisch,strategic,战略的,ADJ,B2
Bach,stream,溪流,NOUN,B2
Strecke,stretch,伸展,NOUN,B2
Trage,stretcher,担架,NOUN,B2
streiken,strike,罢工,NOUN,B2
streiken,to strike,打击,VERB,B2
Stürmer,striker,罢工者,NOUN,B2
Schnur,string,细绳,NOUN,B2
Streifen,strip,条带,NOUN,B2
Spaziergang,stroll,闲逛,NOUN,B2
strukturell,structural,结构的,ADJ,B2
strukturieren,structure,结构,NOUN,B2
strukturieren,to structure,构建,VERB,B2
kämpfen,struggle,斗争,NOUN,B2
kämpfen,to struggle,挣扎,VERB,B2
festgefahren,stuck,卡住的,ADJ,B2
Student,student,学生,NOUN,B2
stopfen,to stuff,填塞,VERB,B2
stolpern,to stumble,绊倒,VERB,B2
Stupor,stupor,昏迷,NOUN,B2
robust,sturdy,坚固的,ADJ,B2
bezwingen,to subdue,制服,VERB,B2
subjektiv,subjective,主观的,ADJ,B2
unterwerfen,to subjugate,征服,VERB,B2
U-Boot,submarine,潜水艇,NOUN,B2
untertauchen,to submerge,淹没,VERB,B2
Unterwerfung,submission,顺从,NOUN,B2
Untergeordneter,subordinate,下属,NOUN,B2
Abonnent,subscriber,订阅者,NOUN,B2
Abonnement,subscription,订阅,NOUN,B2
nachfolgend,subsequent,随后的,ADJ,B2
Tochtergesellschaft,subsidiary,子公司,NOUN,B2
subventionieren,to subsidize,资助,VERB,B2
Subvention,subsidy,补贴,NOUN,B2
Subsistenz,subsistence,生计,NOUN,B2
substanziell,substantial,大量的,ADJ,B2
Substantiierung,substantiation,论证,NOUN,B2
Ersatz,substitute,替代品,NOUN,B2
Untertitel,subtitle,字幕,NOUN,B2
Vorort,suburb,郊区,NOUN,B2
Nachfolge,succession,连续,NOUN,B2
sukzessive,successively,连续地,ADV,B2
solch,such,这样的,ADJ,B2
Leiden,suffering,痛苦,NOUN,B2
genügen,to suffice,足够,VERB,B2
Zulänglichkeit,sufficiency,充足,NOUN,B2
Erstickung,suffocation,窒息,NOUN,B2
Vorschlag,suggestion,建议,NOUN,B2
passen,to suit,适合,VERB,B2
Eignung,suitability,适宜性,NOUN,B2
zusammenfassen,to summarize,概括,VERB,B2
Zusammenfassung,summary,摘要,NOUN,B2
vorladen,to summon,召唤,VERB,B2
Vorladung,summons,传票,NOUN,B2
prunkvoll,sumptuous,奢华的,ADJ,B2
Super-Gesamtumfassung,super-comprehensive,超遍,NOUN,B2
Supergrad,super-grade,超级,NOUN,B2
Superprinzip,super-principle,超则,NOUN,B2
Superqualität,super-quality,超质,NOUN,B2
Supersystem,super-system,超制,NOUN,B2
Supergedanke,super-thought,超思,NOUN,B2
überflüssig,superfluous,多余的,ADJ,B2
überlegen,superior,更好的,ADJ,B2
übernatürlich,supernatural,超自然的,ADJ,B2
Aberglaube,superstition,迷信,NOUN,B2
Aufsicht,supervision,监督,NOUN,B2
Vorgesetzter,supervisor,主管,NOUN,B2
Ergänzung,supplement,补充,NOUN,B2
Lieferant,supplier,供应商,NOUN,B2
annehmen,to suppose,假设,VERB,B2
Unterdrückung,suppression,抑,NOUN,B2
Anstieg,surge,激增,NOUN,B2
Operation,surgery,手术,NOUN,B2
Nachname,surname,姓氏,NOUN,B2
Überschuss,surplus,过剩,NOUN,B2
Surrealismus,surrealism,超现实主义,NOUN,B2
aufgeben,surrender,投降,NOUN,B2
aufgeben,to surrender,投降,VERB,B2
Umgebung,surroundings,周围,NOUN,B2
überwachen,to surveil,监视,VERB,B2
Überwachung,surveillance,监视,NOUN,B2
Umfrage,survey,调查,NOUN,B2
Vermesser,surveyor,测量员,NOUN,B2
Überleben,survival,生存,NOUN,B2
Überlebender,survivor,幸存者,NOUN,B2
Susha,susha,夙砂大,NOUN,B2
aussetzen,to suspend,暂停,VERB,B2
Spannung,suspense,悬念,NOUN,B2
Suspendierung,suspension,暂停,NOUN,B2
Nachhaltigkeit,sustainability,可持续性,NOUN,B2
nachhaltig,sustainable,可持续的,ADJ,B2
Nahrung,sustenance,食物,NOUN,B2
vernähen,suture,缝合,NOUN,B2
vernähen,to suture,缝合,VERB,B2
Schwan,swan,天鹅,NOUN,B2
schwärmen,to swarm,分群,VERB,B2
schwanken,to sway,摇摆,VERB,B2
schwitzen,sweat,汗水,NOUN,B2
schwitzen,to sweat,出汗,VERB,B2
Feger,sweep,扫,NOUN,B2
süßer Traum,sweet dream,美梦,NOUN,B2
Schwimmbad,swimming pool,游泳池,NOUN,B2
betrügen,to swindle,诈骗,VERB,B2
Betrüger,swindler,骗子,NOUN,B2
Schaukel,swing,秋千,NOUN,B2
Schaltraum,switch room,配电室,NOUN,B2
Vermittlung,switchboard,总机,NOUN,B2
Schwertloser,swordless,剑不,NOUN,B2
Schwertkämpfer,swordsman,剑客,NOUN,B2
Speichelleckerei,sycophancy,阿谀奉承,NOUN,B2
Lehrplan,syllabus,教学大纲,NOUN,B2
Symbol,symbol,象征,NOUN,B2
symbolisieren,to symbolize,象征,VERB,B2
Symmetrie,symmetry,对称,NOUN,B2
sympathisieren,to sympathize,同情,VERB,B2
Symphonie,symphony,交响乐,NOUN,B2
Symposium,symposium,研讨会,NOUN,B2
Symptom,symptom,症状,NOUN,B2
symptomatisch,symptomatic,症状的,ADJ,B2
Synchronisation,synchronization,同步,NOUN,B2
synchron,synchronous,同步的,ADJ,B2
Synergie,synergy,协同效应,NOUN,B2
Synonymie,synonymy,同义关系,NOUN,B2
Syntax,syntax,句法,NOUN,B2
Synthese,synthesis,综合,NOUN,B2
synthetisieren,to synthesize,合成,VERB,B2
Sirup,syrup,糖浆,NOUN,B2
System,system,系统,NOUN,B2
systematisch,systematic,系统的,ADJ,B2
systemisch,systemic,全身性的,ADJ,B2
Tabu,taboo,禁忌,NOUN,B2
stillschweigend,tacit,心照不宣的,ADJ,B2
wortkarg,taciturn,沉默寡言的,ADJ,B2
taktvoll,tactful,圆滑的,ADJ,B2
Taktik,tactic,策略,NOUN,B2
Taktik,tactics,战术,NOUN,B2
beurlauben,to take a leave of absence,休学,VERB,B2
aufpassen,to take care,照顾,VERB,B2
Stecklinge schneiden,to take cuttings,扦插,VERB,B2
abheben,to take off,起飞,VERB,B2
antreten,to take office,就职,VERB,B2
herausnehmen,to take out,拿出,VERB,B2
rächen,to take revenge,报复,VERB,B2
Start,takeoff,起飞,NOUN,B2
Einnahme,taking,拍摄,NOUN,B2
Talent,talent,天赋,NOUN,B2
Gespräch,talk,谈话,NOUN,B2
Unsinn reden,to talk nonsense,胡言乱语,VERB,B2
gesprächig,talkative,健谈的,ADJ,B2
Redseligkeit,talkativeness,多嘴,NOUN,B2
groß,tall,高的,ADJ,B2
bräunen,to tan,晒黑,VERB,B2
Tangente,tangent,切线,NOUN,B2
greifbar,tangible,有形的,ADJ,B2
tanner,tanner,制革工,NOUN,B2
tanning,tanning,晒黑,NOUN,B2
target,to target,针对,VERB,B2
targeting,targeting,定位,NOUN,B2
tattoo,tattoo,纹身,NOUN,B2
taut,taut,绷紧的,ADJ,B2
tavern,tavern,酒馆,NOUN,B2
tax-exempt,tax-exempt,免税,ADJ,B2
taxation,taxation,征税,NOUN,B2
taxi,taxi,出租车,NOUN,B2
teaching,teaching,教学,NOUN,B2
teammate,teammate,队友,NOUN,B2
tears,tears,眼泪,NOUN,B2
tease,to tease,取笑,VERB,B2
technical,technical,技术的,ADJ,B2
technician,technician,技术员,NOUN,B2
technique,technique,技巧,NOUN,B2
technocracy,technocracy,技术官僚主义,NOUN,B2
technological,technological,技术的,ADJ,B2
tedious,tedious,乏味的,ADJ,B2
teleology,teleology,目的论,NOUN,B2
telescope,telescope,望远镜,NOUN,B2
television,television,电视,NOUN,B2
temper,temper,脾气,NOUN,B2
temperament,temperament,气质,NOUN,B2
temporal,temporal,时间的,ADJ,B2
temporarily,temporarily,临时地,ADV,B2
tenacious,tenacious,顽强的,ADJ,B2
tenant,tenant,租户,NOUN,B2
tendency,tendency,趋势,NOUN,B2
tendentious,tendentious,有偏见的,ADJ,B2
Filet,tenderloin,里脊,NOUN,B2
Zärtlichkeit,tenderness,柔情,NOUN,B2
Sehne,tendon,肌腱,NOUN,B2
Tennis,tennis,网球,NOUN,B2
vorläufig,tentative,暂定的,ADJ,B2
Begriff,term,学期,NOUN,B2
Terminal,terminal,终点站,NOUN,B2
beenden,to terminate,终止,VERB,B2
Beendigung,termination,解除,NOUN,B2
terminologisch,terminological,术语的,ADJ,B2
Terminologie,terminology,术语,NOUN,B2
irdisch,terrestrial,地球的,ADJ,B2
erschrecken,to terrify,使恐惧,VERB,B2
erschreckend,terrifying,令人恐惧的,ADJ,B2
territorial,territorial,领土的,ADJ,B2
Territorium,territory,领土,NOUN,B2
Terrorismus,terrorism,恐怖主义,NOUN,B2
Terrorist,terrorist,恐怖分子,NOUN,B2
Test,test,测试,NOUN,B2
Hoden,testicle,睾丸,NOUN,B2
Zeugnis,testimony,证词,NOUN,B2
Text,text,文本,NOUN,B2
Textilie,textile,纺织,NOUN,B2
textuell,textual,文本的,ADJ,B2
dank,thanks to,多亏,ADP,B2
das,that,那个,PRON,B2
Pfeil,that arrow,那一箭,NOUN,B2
das heißt,that is,即,ADV,B2
so,that way,那样,PRON,B2
tauen,to thaw,解冻,VERB,B2
Rest,the rest,其余,NOUN,B2
Theater,theater,剧院,NOUN,B2
ihr,their,他们的,PRON,B2
sie,them,他们,PRON,B2
Thema,theme,主题,NOUN,B2
dann du,then you,那你,PRON,B2
Theokratie,theocracy,神权政治,NOUN,B2
Theologie,theology,神学,NOUN,B2
Theorem,theorem,定理,NOUN,B2
theoretisch,theoretical,理论的,ADJ,B2
theoretisch,theoretically,理论上,ADV,B2
therapeutisch,therapeutic,治疗的,ADJ,B2
dort,there,那儿,NOUN,B2
sein,to there's still time,来得及,VERB,B2
daraufhin,thereupon,随后,ADV,B2
thermisch,thermal,热的,ADJ,B2
diese,these,这些,DET,B2
diese Drei,these three,这三,NOUN,B2
These,thesis,论文,NOUN,B2
sie,they,他们,PRON,B2
sie,they things,它们,PRON,B2
dick,thick,厚的,ADJ,B2
Dicke,thickness,厚度,NOUN,B2
Diebesanwesenheit,thief presence,有贼,NOUN,B2
Oberschenkel,thigh,大腿,NOUN,B2
denken,to think to want,想,VERB,B2
Denken,thinking,思维,NOUN,B2
Dünne,thinness,瘦,NOUN,B2
dritte Gabe,third bestowal,三授,NOUN,B2
durstig,thirsty,口渴的,ADJ,B2
dreizehn,thirteen,十三,NUM,B2
dies,this,您这,NOUN,B2
diese Schlacht,this battle,此战,NOUN,B2
dieser Artikel,this item,这件,NOUN,B2
dieser Weg,this way,这样,PRON,B2
dieses Lager,this-camp,这营,NOUN,B2
Dorn,thorn,刺,NOUN,B2
Gründlichkeit,thoroughness,彻底,NOUN,B2
those,those,那些,PRON,B2
thoughtful,thoughtful,体贴的,ADJ,B2
threshold,threshold,门槛,NOUN,B2
thrifty,thrifty,节俭的,ADJ,B2
thrust,thrust,猛推,NOUN,B2
tidal,tidal,潮汐,ADJ,B2
tide,tide,潮汐,NOUN,B2
tiger,tiger,老虎,NOUN,B2
tight,tight,紧的,ADJ,B2
tighten,to tighten,紧握/收紧,VERB,B2
tile,tile,瓦片,NOUN,B2
tiling,tiling,铺瓷砖,NOUN,B2
times,times,倍,NOUN,B2
timidity,timidity,胆怯,NOUN,B2
timing,timing,时机,NOUN,B2
tin,tin,锡,NOUN,B2
tingling,tingling,麻木感,NOUN,B2
tissue,tissue,组织,NOUN,B2
tithe,tithe,什一税,NOUN,B2
today,today,今天,NOUN,B2
tofu,tofu,豆腐,NOUN,B2
toil,toil,苦工,NOUN,B2
tolerance,tolerance,宽容,NOUN,B2
tomb,tomb,坟墓,NOUN,B2
tomorrow,tomorrow,غد,NOUN,B2
tone,tone,语气,NOUN,B2
tonight,tonight,今晚,NOUN,B2
tools,tools,工具,NOUN,B2
toothache,toothache,牙痛,NOUN,B2
topography,topography,地形,NOUN,B2
torch,torch,手电筒,NOUN,B2
tornado,tornado,龙卷风,NOUN,B2
torrent,torrent,激流,NOUN,B2
torsion,torsion,扭转,NOUN,B2
torture,to torture,折磨,VERB,B2
total,total,总数,NOUN,B2
touchability,touchability,能触摸,NOUN,B2
tough,tough,艰难的,ADJ,B2
tour,tour,旅行,NOUN,B2
tourism,tourism,旅游业,NOUN,B2
tourist,tourist,游客,NOUN,B2
touristic,touristic,旅游的,ADJ,B2
toward,toward,朝向,ADP,B2
towards,towards,朝向,ADP,B2
town,town,城镇,NOUN,B2
toxic,toxic,有毒的,ADJ,B2
track,track,轨道,NOUN,B2
track,to track,追踪,VERB,B2
tractor,tractor,拖拉机,NOUN,B2
tradition,tradition,传统,NOUN,B2
traditional,traditional,传统的,ADJ,B2
trailer,trailer,预告片,NOUN,B2
trainee,trainee,实习生,NOUN,B2
trait,trait,特征,NOUN,B2
trample,to trample,踩踏,VERB,B2
tranquil,tranquil,宁静的,ADJ,B2
trans-decision,trans-decision,超断,NOUN,B2
trans-guest,trans-guest,超客,NOUN,B2
Transmaterie,trans-matter,超物,NOUN,B2
Transaktion,transaction,交易,NOUN,B2
Transzendenz,transcendence,超越,NOUN,B2
transzendent,transcendent,卓越的,ADJ,B2
transzendental,transcendental,先验的,ADJ,B2
übertragen,transfer,转移,NOUN,B2
übertragen,to transfer,转移,VERB,B2
Transformation,transformation,تحول,NOUN,B2
Übertretung,transgression,违犯,NOUN,B2
transitorisch,transitional,过渡的,ADJ,B2
Übersetzer,translator,译者,NOUN,B2
Übertragung,transmission,传输,NOUN,B2
Übertragung,transmission to you,传你,NOUN,B2
Transparenz,transparency,透明度,NOUN,B2
transparent,transparent,透明的,ADJ,B2
transportieren,transport,运输,NOUN,B2
transportieren,to transport,运输,VERB,B2
Reise,travel,出行,NOUN,B2
Reisemüdigkeit,travel fatigue,车马劳顿,NOUN,B2
Reisender,traveler,旅行家,NOUN,B2
Tablett,tray,托盘,NOUN,B2
verräterisch,treacherous,背叛的,ADJ,B2
Verrat,treachery,背叛,NOUN,B2
Schatzkammer,treasury,国库,NOUN,B2
bewirten,to treat guests,请客,VERB,B2
Vertrag,treaty,条约,NOUN,B2
Zittern,tremor,颤抖,NOUN,B2
Graben,trench,沟渠,NOUN,B2
Trend,trend,趋势,NOUN,B2
Prozess,trial,试验,NOUN,B2
Stamm,tribe,部落,NOUN,B2
Zufluss,tributary,支流,NOUN,B2
Tribut,tribute,贡品,NOUN,B2
Auslöser,trigger,触发器,NOUN,B2
dreifach,triple,三倍的,ADJ,B2
trivial,trivial,琐碎的,ADJ,B2
Trivialität,triviality,琐碎,NOUN,B2
Trivialisierung,trivialization,浅薄化,NOUN,B2
Truppe,troops,部队,NOUN,B2
Trophäe,trophy,奖杯,NOUN,B2
belästigen,to trouble,有劳,VERB,B2
belästigend,troublesome,麻烦的,ADJ,B2
Troupe,troupe,剧团,NOUN,B2
Waffenstillstand,truce,休战,NOUN,B2
wahre Konzession,true concession,真让,NOUN,B2
wahre Form,true form,原形,NOUN,B2
wahres Herz,true heart,本心,NOUN,B2
Vertrauen,trust,信托,NOUN,B2
vertrauenswürdig,trustworthy,值得信赖的,ADJ,B2
sich anstrengen,to try hard to,力图,VERB,B2
Röhre,tube,أنبوب,NOUN,B2
Thunfisch,tuna,金枪鱼,NOUN,B2
Tunika,tunic,束腰外衣,NOUN,B2
Tunnel,tunnel,隧道,NOUN,B2
Aufruhr,turmoil,混乱,NOUN,B2
einschalten,to turn on,打开,VERB,B2
Blinker,turn signal,转向灯,NOUN,B2
Wendepunkt,turning point,转折点,NOUN,B2
Rübe,turnip,芜菁,NOUN,B2
Beteiligung,turnout,出席率,NOUN,B2
Umsatz,turnover,营业额,NOUN,B2
Schildkröte,turtle,海龟,NOUN,B2
Betreuung,tutelage,监护,NOUN,B2
Nachhilfe,tutoring,补习,NOUN,B2
verdrehen,to twist,扭曲,VERB,B2
verdreht,twisted,扭曲的,ADJ,B2
zwei Tiere,two animals,两只,NUM,B2
Zweirichtungsstraße,two-way street,双行道,NOUN,B2
Typ,type,类型,NOUN,B2
Taifun,typhoon,台风,NOUN,B2
Tyrann,tyrant,暴君,NOUN,B2
Hässlichkeit,ugliness,丑陋,NOUN,B2
Geschwür,ulcer,溃疡,NOUN,B2
Ulzeration,ulceration,溃疡,NOUN,B2
unannehmbar,unacceptable,不可接受的,ADJ,B2
einstimmig,unanimous,一致的,ADJ,B2
unerreichbar,unattainable,难以获得的,ADJ,B2
unerträglich,unbearable,难以忍受的,ADJ,B2
unsicher,uncertain,不确定的,ADJ,B2
Unsicherheit,uncertainty,不确定性,NOUN,B2
unbequem,uncomfortable,不舒服的,ADJ,B2
unkontrollierbar,uncontrollable,无法控制的,ADJ,B2
Ungekühltes,uncooled,未寒,NOUN,B2
unbestreitbar,undeniable,不可否认的,ADJ,B2
Unterschätzung,underestimation,小看,NOUN,B2
durchmachen,to undergo,经历,VERB,B2
Student,undergraduate,本科生,NOUN,B2
Untergrund,underground,地铁,NOUN,B2
untergraben,to undermine,破坏,VERB,B2
Unternehmen,undertaking,事业,NOUN,B2
unterzeichnen,to underwrite,承保,VERB,B2
Unbehagen,unease,不安,NOUN,B2
unruhig,uneasy,不安的,ADJ,B2
Arbeitslosigkeit,unemployment,失业,NOUN,B2
ungleich,unequal,不平等的,ADJ,B2
unerwartet,unexpectedly,出乎意料地,ADV,B2
entfalten,to unfold,展开,VERB,B2
unglücklich,unfortunate,不幸的,ADJ,B2
vereinigen,to unify,统一,VERB,B2
unvorstellbar,unimaginable,难以想象的,ADJ,B2
Gewerkschaft,union,工会,NOUN,B2
Unionismus,unionism,工会主义,NOUN,B2
Einzigartigkeit,uniqueness,独特,NOUN,B2
universelle Anwendbarkeit,universal applicability,普适性,NOUN,B2
Universalität,universality,普遍性,NOUN,B2
ungerecht,unjust,不公正的,ADJ,B2
entfesseln,to unleash,释放,VERB,B2
es sei denn,unless,除非,SCONJ,B2
unglücklich,unlucky,倒霉的,ADJ,B2
unvernünftig,unreasonable,不合理的,ADJ,B2
Unruhe,unrest,动荡,NOUN,B2
gelassen,unruffled,从容,ADJ,B2
instabil,unstable,不稳定的,ADJ,B2
lösen,to untie,解开,VERB,B2
bis,until,直到,SCONJ,B2
Enthüllungsfeier,unveiling ceremony,揭幕仪式,NOUN,B2
Unwilligkeit,unwillingness,不甘,NOUN,B2
Unwürdiger,unworthy,你不配,NOUN,B2
bis zu,up to,为止,ADP,B2
Erziehung,upbringing,教养,NOUN,B2
bevorstehend,upcoming,مقبل,ADJ,B2
aktualisieren,to update,更新,VERB,B2
aufrüsten,to upgrade,升级,VERB,B2
ober,upper,上面的,ADJ,B2
aufrecht,upright,正直的,ADJ,B2
Entwurzelung,uprooting,背井离乡,NOUN,B2
städtisch,urban,城市的,ADJ,B2
Urbanität,urbanity,都市风度,NOUN,B2
uns,us,你我,NOUN,B2
mit Essstäbchen essen,to use chopsticks,动筷,VERB,B2
Krücken benutzen,to use crutches,拄拐,VERB,B2
Benutzer,user,用户,NOUN,B2
normalerweise,usually,通常,ADV,B2
Nießbrauch,usufruct,用益权,NOUN,B2
usurpieren,to usurp,篡夺,VERB,B2
utilitaristisch,utilitarian,功利的,ADJ,B2
Utilitarismus,utilitarianism,功利主义,NOUN,B2
Nutzung,utilization,利用,NOUN,B2
nutzen,to utilize,利用,VERB,B2
Äußerste,utmost,你尽,NOUN,B2
Utopie,utopia,乌托邦,NOUN,B2
utopisch,utopian,乌托邦式的,ADJ,B2
Äußerung,utterance,话语,NOUN,B2
Vakanz,vacancy,空缺,NOUN,B2
vakant,vacant,空缺的,ADJ,B2
Urlaub,vacation,假期,NOUN,B2
Impfstoff,vaccine,疫苗,NOUN,B2
vage,vague,含糊的,ADJ,B2
tapfer,valiant,英勇的,ADJ,B2
Gültigkeit,validity,有效期,NOUN,B2
Tapferkeit,valor,勇气,NOUN,B2
Bewertung,valuation,估值,NOUN,B2
Van,van,货车,NOUN,B2
Vorhut,vanguard,先锋,NOUN,B2
verschwinden,to vanish,消失,VERB,B2
Eitelkeit,vanity,虚荣,NOUN,B2
Variable,variable,变量,NOUN,B2
Varianz,variance,方差,NOUN,B2
verschiedene Abteilungen,various departments,各部,NOUN,B2
riesig,vast,巨大的,ADJ,B2
Gewölbe,vault,金库,NOUN,B2
Gemüsegarten,vegetable garden,果园,NOUN,B2
Fahrzeugzulassung,vehicle registration,行驶证,NOUN,B2
Vene,vein,静脉,NOUN,B2
ehrwürdig,venerable,值得尊敬的,ADJ,B2
Verehrung,veneration,崇敬,NOUN,B2
Rache,vengeance,报复,NOUN,B2
Belüftung,ventilation,通风,NOUN,B2
Veranstaltungsort,venue,场地,NOUN,B2
weitschweifig,verbose,冗长的,ADJ,B2
Weitschweifigkeit,verbosity,冗长,NOUN,B2
Urteil,verdict,裁决,NOUN,B2
Ungeziefer,vermin,害兽,NOUN,B2
frühlingshaft,vernal,春季的,ADJ,B2
versiert,versed,精通的,ADJ,B2
Version,version,版本,NOUN,B2
vertikal,vertical,垂直的,ADJ,B2
Gefäß,vessel,船,NOUN,B2
Veteran,veteran,老手,NOUN,B2
Veto,veto,否决,NOUN,B2
Vibration,vibration,振动,NOUN,B2
Laster,vice,恶习,NOUN,B2
Video,video,视频,NOUN,B2
Bildplatte,video disc,影碟,NOUN,B2
Videoaufzeichnung,video recording,录像,NOUN,B2
wetteifern,to vie,竞争,VERB,B2
Nachtwache,vigil,守夜,NOUN,B2
Wachsamkeit,vigilance,警惕,NOUN,B2
Tatkraft,vigor,活力,NOUN,B2
abscheulich,vile,卑鄙的,ADJ,B2
Villa,villa,别墅,NOUN,B2
Dorfvorsteher,village head,村长,NOUN,B2
Schurke,villain,反派,NOUN,B2
Weinrebe,vine,藤蔓,NOUN,B2
die Disziplin verletzen,to violate discipline,违纪,VERB,B2
Verstoß,violation,侵越,NOUN,B2
gewalttätig,violent,暴力的,ADJ,B2
Violine,violin,小提琴,NOUN,B2
virtuell,virtual,虚拟的,ADJ,B2
Tugend,virtue,美德,NOUN,B2
Virus,virus,病毒,NOUN,B2
viskos,viscous,黏稠的,ADJ,B2
Vision,vision,远见,NOUN,B2
visuell,visual,视觉的,ADJ,B2
Vitamin,vitamin,维生素,NOUN,B2
vokal,vocal,直言的,ADJ,B2
volatil,volatile,易变的,ADJ,B2
Vulkan,volcano,火山,NOUN,B2
Volumen,volume,体积,NOUN,B2
freiwillig,voluntarily,自愿地,ADV,B2
Freiwilliger,volunteer,志愿者,NOUN,B2
Strudel,vortex,漩涡,NOUN,B2
Wähler,voter,选民,NOUN,B2
Abstimmung,voting,投票,NOUN,B2
Gelübde,vow,誓言,NOUN,B2
vulgär,vulgar,粗俗的,ADJ,B2
Vulgarität,vulgarity,粗俗,NOUN,B2
Krieg führen,to wage war,作战,VERB,B2
Lohn,wages,工资,NOUN,B2
klagen,to wail,哀号,VERB,B2
Taille,waist,腰,NOUN,B2
Warten,wait,等待,NOUN,B2
Warten auf mich,wait for me,等我,NOUN,B2
lange warten,to wait long,久等,VERB,B2
Wartezimmer,waiting room,候诊室,NOUN,B2
aufwachen,to wake,唤醒,VERB,B2
wandern,to wander,漫步,VERB,B2
Wandern,wandering,漫游,NOUN,B2
wollen,to want,想要,VERB,B2
Lockabsicht,want to lure,想引,NOUN,B2
brauchen wollen,to want to need will,要,VERB,B2
Station,ward,病房,NOUN,B2
Lagerhaus,warehouse,仓库,NOUN,B2
Erwärmung,warming,变暖,NOUN,B2
Garantie,warranty,保修单,NOUN,B2
sein,to was,是,VERB,B2
Wäsche,washing,洗涤,NOUN,B2
Waschmaschine,washing machine,洗衣机,NOUN,B2
Abfall,waste,浪费,NOUN,B2
verschwenderisch,wasteful,浪费的,ADJ,B2
Ödland,wasteland,荒地,NOUN,B2
Uhr,watch,手表,NOUN,B2
wässern,to water,浇水,VERB,B2
Wasserfall,water falling,水落,NOUN,B2
Wasserspinat,water spinach,空心菜,NOUN,B2
Aquarell,watercolor,水彩画,NOUN,B2
Wasserfall,waterfall,瀑布,NOUN,B2
Wassermelone,watermelon,西瓜,NOUN,B2
Wassermelonenkern,watermelon seed,西瓜子,NOUN,B2
wasserdicht,waterproof,防水的,ADJ,B2
wir,we or us including both the speaker and the person s spoken to,咱们,PRON,B2
wir beide,we two,我俩,PRON,B2
entwöhnen,to wean,断奶,VERB,B2
Entwöhnung,weaning,断奶,NOUN,B2
Müdigkeit,weariness,疲倦,NOUN,B2
Weben,weaving,编织,NOUN,B2
Webcam,webcam,网络摄像头,NOUN,B2
Website,website,网站,NOUN,B2
Hochzeitsfoto,wedding photo,婚纱照,NOUN,B2
Unkraut,weed,杂草,NOUN,B2
Kalenderwoche,week number,周次,NOUN,B2
wöchentlich,weekly,每周的,ADJ,B2
Wochentest,weekly test,周测,NOUN,B2
weinen,to weep,哭泣,VERB,B2
seltsam,weird,奇怪的,ADJ,B2
Spinner,weirdo,怪人,NOUN,B2
Willkommen,welcome,欢迎,NOUN,B2
Willkommensbankett,welcome banquet,欢迎宴,NOUN,B2
Schweißen,welding,焊接,NOUN,B2
Wohlfahrt,welfare,福利,NOUN,B2
Brunnen,well,井,NOUN,B2
wohlüberlegt,well-considered,深思熟虑的,ADJ,B2
bekannt,well-known,众所周知的,ADJ,B2
Westgebiete,western regions,西域,NOUN,B2
Feuchtgebiet,wetland,湿地,NOUN,B2
Weizen,wheat,小麦,NOUN,B2
wenn,when,当...时,SCONJ,B2
Aufenthaltsort,whereabouts,行踪,NOUN,B2
Ob,whether,能否,NOUN,B2
ob,whether or not,是否,SCONJ,B2
welcher,which one,哪一个,PRON,B2
Weile,while,一会儿,NOUN,B2
Laune,whim,突发奇想,NOUN,B2
peitschen,to whip,鞭打,VERB,B2
Wirbelwind,whirlwind,旋风；漩涡,NOUN,B2
Flüstern,whisper,低语,NOUN,B2
Ganzes,whole,整体,NOUN,B2
ganze Welt,whole world,全世界,NOUN,B2
Großhandel,wholesale,批发,NOUN,B2
wen,whom,谁,PRON,B2
erweitern,to widen,加宽,VERB,B2
Breite,width,宽度,NOUN,B2
wild,wild,野生的,ADJ,B2
willentlich,willful,任性的,ADJ,B2
wollen,willing,乐意的,ADJ,B2
Bereitschaft,willingness,乐意,NOUN,B2
winden,wind,风,NOUN,B2
winden,to wind,缠绕,VERB,B2
Fensterglas,window glass,窗玻璃,NOUN,B2
winddicht,windproof,挡风的,ADJ,B2
Weinbecher,wine cup,这酒盏,NOUN,B2
dreschen,to winnow,筛选,VERB,B2
Winter,winter,冬天,NOUN,B2
wischen,to wipe,擦,VERB,B2
Wischer,wiper,雨刷,NOUN,B2
drahtlos,wireless,无线的,ADJ,B2
mit Mühe,with difficulty,困难地,ADV,B2
zurückziehen,to withdraw,撤回,VERB,B2
Rückzug,withdrawal,撤回,NOUN,B2
zeugen,to witness,目击,VERB,B2
Zeugenaussage,witness testimony,人证,NOUN,B2
Verstand,wits,心眼,NOUN,B2
wackeln,to wobble,摇晃,VERB,B2
Wolf,wolf,狼,NOUN,B2
verweigern,won't do,不行,ADJ,B2
verweigern,to won't do,不成,VERB,B2
Wunder,wonder,奇迹,NOUN,B2
Aurikel,wood ear mushroom,木耳,NOUN,B2
Wald,woodland,林地,NOUN,B2
sich anstrengen,to work hard for sth to strive for success,争气,VERB,B2
Weltanschauung,worldview,世界观,NOUN,B2
schlechter,worse,更糟的,ADJ,B2
Anbetung,worship,崇拜,NOUN,B2
schlechteste,worst,最坏的,ADJ,B2
verwundet,wounded,受伤的,ADJ,B2
Verpackung,wrapping,包装,NOUN,B2
entreißen,to wrest,强行夺取,VERB,B2
Ringen,wrestling,摔跤,NOUN,B2
Elend,wretch,令人厌恶的人,NOUN,B2
knitterfrei,wrinkle-resistant,防皱,ADJ,B2
geschrieben,written,书面的,ADJ,B2
falsch,wrong mistake,错误,ADJ,B2
Wudang,wudang,武当,NOUN,B2
gähnen,to yawn,打哈欠,VERB,B2
sich sehnen,to yearn for,渴望,VERB,B2
Sehnsucht,yearning,向往,NOUN,B2
Jahr,years,数年,NOUN,B2
Hefe,yeast,酵母,NOUN,B2
schreien,to yell,大吼,VERB,B2
Ja,yes,是啊,NOUN,B2
Gestern,yesterday,بارحة,NOUN,B2
noch,yet,还,ADV,B2
Ertrag,yield,产量,NOUN,B2
Yoga,yoga,瑜伽,NOUN,B2
Können,you can,您能,NOUN,B2
Unmöglichkeit,you cannot live,你也活不,NOUN,B2
Sie,you polite,您,PRON,B2
junger Mann,young man,年轻人,NOUN,B2
junger Meister,young master,少庄主,NOUN,B2
Jugendlicher,young person,年轻人,NOUN,B2
Lachen,your laugh,你笑,NOUN,B2
Majestät,your majesty,陛下,NOUN,B2
Yuanxiao,yuanxiao,元宵,NOUN,B2
Zenit,zenith,顶点,NOUN,B2
Zink,zinc,锌,NOUN,B2
Sternzeichen,zodiac sign,属相,NOUN,B2
Zombie,zombie,僵尸,NOUN,B2
Zone,zone,区域,NOUN,B2
solid,solid,3D模型 / 实体,NOUN,B2
ideal,ideal,理想,NOUN,B2
characteristic,characteristic,特征,NOUN,B2
calm,calm,平静,NOUN,B2
kind,kind,种类,NOUN,B2
current,current,电流,NOUN,B2
of,of,之,PART,B2
nearby,nearby,在附近,ADV,B2
willing,willing,肯,AUX,B2
square,square,广场,NOUN,B2
asian,asian,亚洲的,ADJ,B2
existing,existing,现有的,ADJ,B2
sir,sir,郎,PART,B2
cunning,cunning,诡计,NOUN,B2
barrel,barrel,桶,NOUN,B2
frightening,frightening,令人恐惧的,ADJ,B2
delighted,delighted,高兴的,ADJ,B2
intensive,intensive,强化的,ADJ,B2
alert,alert,警报,NOUN,B2
concrete,concrete,混凝土,NOUN,B2
southern,southern,南方的,ADJ,B2
incantation,incantation,咒语,NOUN,B2
democrat,democrat,民主主义者,NOUN,B2
emigration,emigration,移民,NOUN,B2
simultaneously,simultaneously,同时地,ADV,B2
divine,divine,如神,NOUN,B2
elsewhere,elsewhere,别处,ADV,B2
me,me,我,PRON,B2
tenth,tenth,第十,ADJ,B2
alternative,alternative,替代的,ADJ,B2
october,october,十月,NOUN,B2
western,western,西方的,ADJ,B2
conceivable,conceivable,可设想的,ADJ,B2
rear,rear,后部,NOUN,B2
as,as,作为,SCONJ,B2
advanced,advanced,高级的,ADJ,B2
metropolis,metropolis,大都市,NOUN,B2
deputy,deputy,议员,NOUN,B2
shooter,shooter,射手,NOUN,B2
january,january,一月,NOUN,B2
eighth,eighth,第八,ADJ,B2
sovereign,sovereign,君主,NOUN,B2
polish,polish,波兰的,ADJ,B2
henceforth,henceforth,从此以后,ADV,B2
puddle,puddle,水坑,NOUN,B2
wig,wig,假发,NOUN,B2
incidence,incidence,发生率,NOUN,B2
emblematic,emblematic,象征性的,ADJ,B2
gaseous,gaseous,气态的,ADJ,B2
show,show,表演,NOUN,B2
disarmament,disarmament,裁军,NOUN,B2
worthless,worthless,无价值的,ADJ,B2
spatial,spatial,空间的,ADJ,B2
monstrous,monstrous,怪异的,ADJ,B2
impartiality,impartiality,公正,NOUN,B2
carefully,carefully,仔细地,ADV,B2
ungrateful,ungrateful,忘恩负义的,ADJ,B2
literal,literal,字面的,ADJ,B2
shamelessness,shamelessness,无耻,NOUN,B2
duplicity,duplicity,口是心非,NOUN,B2
divergence,divergence,分歧,NOUN,B2
unharmed,unharmed,未受伤的,ADJ,B2
focused,focused,专注的,ADJ,B2
corporal,corporal,下士,NOUN,B2
congenital,congenital,先天的,ADJ,B2
irregularity,irregularity,不规则,NOUN,B2
wisely,wisely,明智地,ADV,B2
intentionally,intentionally,故意地,ADV,B2
wear,wear,磨损,NOUN,B2
eighteen,eighteen,十八,NUM,B2
erudition,erudition,博学,NOUN,B2
entropy,entropy,熵,NOUN,B2
dilatory,dilatory,拖延的,ADJ,B2
partially,partially,部分地,ADV,B2
figurative,figurative,比喻的,ADJ,B2
turkey,turkey,火鸡,NOUN,B2
looting,looting,掠夺,NOUN,B2
meteorological,meteorological,气象的,ADJ,B2
terribly,terribly,可怕地/非常,ADV,B2
sexually,sexually,在性方面,ADV,B2
nor,nor,也不,CCONJ,B2
paternal,paternal,父亲的,ADJ,B2
fallibility,fallibility,易错性,NOUN,B2
canadian,canadian,加拿大的,ADJ,B2
monarch,monarch,君主,NOUN,B2
welcoming,welcoming,舒适的,ADJ,B2
cashier,cashier,出纳员,NOUN,B2
least,least,最少,ADV,B2
reunification,reunification,重新统一,NOUN,B2
illustrious,illustrious,著名的,ADJ,B2
fortuitous,fortuitous,偶然的,ADJ,B2
homonymy,homonymy,同音异义,NOUN,B2
rebellious,rebellious,叛逆的,ADJ,B2
unthinkable,unthinkable,不可想象的,ADJ,B2
toll,toll,通行费,NOUN,B2
embolism,embolism,栓塞,NOUN,B2
restriction,restriction,限制,NOUN,B2
daycare,daycare,托儿所,NOUN,B2
flourishing,flourishing,繁荣的,ADJ,B2
inefficiency,inefficiency,低效,NOUN,B2
imposing,imposing,宏伟的,ADJ,B2
decal,decal,贴花,NOUN,B2
scientifically,scientifically,科学地,ADV,B2
snitch,snitch,告密者,NOUN,B2
draftsman,draftsman,绘图员,NOUN,B2
manifesto,manifesto,宣言,NOUN,B2
epigraph,epigraph,题词,NOUN,B2
explicitly,explicitly,明确地,ADV,B2
competitive,competitive,竞争的,ADJ,B2
embryo,embryo,胚胎,NOUN,B2
psychological,psychological,心理的,ADJ,B2
consanguinity,consanguinity,血缘,NOUN,B2
break-in,break-in,非法侵入,NOUN,B2
wording,wording,措辞,NOUN,B2
complex,complex,建筑群,NOUN,B2
nomad,nomad,游牧者,NOUN,B2
purification,purification,净化,NOUN,B2
literary,literary,文学的,ADJ,B2
hydrocarbon,hydrocarbon,碳氢化合物,NOUN,B2
paroxysm,paroxysm,发作,NOUN,B2
guild,guild,行会,NOUN,B2
frozen,frozen,冻僵的,ADJ,B2
brutality,brutality,残暴,NOUN,B2
schematic,schematic,概要的,ADJ,B2
languor,languor,倦怠,NOUN,B2
cosmopolitan,cosmopolitan,世界主义的,ADJ,B2
administrator,administrator,管理员,NOUN,B2
catholic,catholic,天主教的,ADJ,B2
prestigious,prestigious,有声望的,ADJ,B2
indoctrination,indoctrination,灌输,NOUN,B2
invader,invader,入侵者,NOUN,B2
commiseration,commiseration,同情,NOUN,B2
superiority,superiority,优越性/优势,NOUN,B2
partial,partial,部分的,ADJ,B2
stand,stand,摊位,NOUN,B2
hundred,hundred,一百,NOUN,B2
rehabilitation,rehabilitation,康复,NOUN,B2
conservatory,conservatory,音乐学院,NOUN,B2
distributor,distributor,分销商,NOUN,B2
balloon,balloon,气球,NOUN,B2
cardinal,cardinal,枢机主教,NOUN,B2
dignitary,dignitary,高官,NOUN,B2
thematic,thematic,主题的,ADJ,B2
eccentricity,eccentricity,古怪,NOUN,B2
humanist,humanist,人文主义者,NOUN,B2
gruff,gruff,阴沉的,ADJ,B2
indiscretion,indiscretion,轻率,NOUN,B2
self,self,自己,PRON,B2
fauna,fauna,动物群,NOUN,B2
philosophical,philosophical,哲学的,ADJ,B2
infidelity,infidelity,不忠,NOUN,B2
comparable,comparable,可比较的,ADJ,B2
hotelier,hotelier,旅馆老板,NOUN,B2
instructive,instructive,有教育意义的,ADJ,B2
sacrifice,sacrifice,牺牲,NOUN,B2
philologist,philologist,语言学家,NOUN,B2
advent,advent,到来,NOUN,B2
elocution,elocution,演讲术,NOUN,B2
infamy,infamy,恶名,NOUN,B2
devilish,devilish,恶魔般的,ADJ,B2
graphology,graphology,笔迹学,NOUN,B2
colored,colored,有色的,ADJ,B2
gifted,gifted,有天赋的,ADJ,B2
cosmetic,cosmetic,化妆品的,ADJ,B2
remarkably,remarkably,显著地,ADV,B2
vulnerable,vulnerable,易受伤害的,ADJ,B2
infected,infected,被感染的,ADJ,B2
complement,complement,补充物,NOUN,B2
mobility,mobility,流动性,NOUN,B2
medieval,medieval,中世纪的,ADJ,B2
admirer,admirer,仰慕者,NOUN,B2
dependence,dependence,依赖,NOUN,B2
grumpy,grumpy,脾气坏的,ADJ,B2
generality,generality,普遍性,NOUN,B2
carefree,carefree,无忧无虑的,ADJ,B2
technically,technically,技术上地,ADV,B2
desirable,desirable,可取的,ADJ,B2
fifteen,fifteen,十五,NUM,B2
laxity,laxity,松弛,NOUN,B2
cigar,cigar,雪茄,NOUN,B2
latin,latin,拉丁的,ADJ,B2
considerably,considerably,相当地,ADV,B2
sunflower,sunflower,向日葵,NOUN,B2
conciliatory,conciliatory,调和的,ADJ,B2
rodent,rodent,啮齿动物,NOUN,B2
physiological,physiological,生理的,ADJ,B2
insensitive,insensitive,麻木的,ADJ,B2
self-denial,self-denial,自我牺牲,NOUN,B2
favorite,favorite,最爱,NOUN,B2
witchcraft,witchcraft,巫术,NOUN,B2
tumor,tumor,肿瘤,NOUN,B2
muzzle,muzzle,口套,NOUN,B2
relocation,relocation,搬家,NOUN,B2
pornography,pornography,色情,NOUN,B2
diffusion,diffusion,传播,NOUN,B2
trajectory,trajectory,轨迹,NOUN,B2
credulity,credulity,轻信,NOUN,B2
asthmatic,asthmatic,哮喘的,ADJ,B2
imprint,imprint,印记,NOUN,B2
exuberant,exuberant,繁茂的,ADJ,B2
ribbon,ribbon,丝带,NOUN,B2
therapist,therapist,治疗师,NOUN,B2
heavily,heavily,沉重地,ADV,B2
theological,theological,神学的,ADJ,B2
proselytism,proselytism,传教,NOUN,B2
babysitter,babysitter,保姆,NOUN,B2
coproduction,coproduction,联合制作,NOUN,B2
located,located,位于,ADJ,B2
rapture,rapture,狂喜,NOUN,B2
reticent,reticent,沉默寡言的,ADJ,B2
damages,damages,损害赔偿,NOUN,B2
novelty,novelty,新奇事物,NOUN,B2
farmstead,farmstead,农庄,NOUN,B2
jewish,jewish,犹太的,ADJ,B2
sailor,sailor,水手,NOUN,B2
concerned,concerned,担忧的,ADJ,B2
generic,generic,通用的,ADJ,B2
incredible,incredible,难以置信的,ADJ,B2
stratum,stratum,阶层,NOUN,B2
cardboard,cardboard,硬纸板,NOUN,B2
old-fashioned,old-fashioned,老式的,ADJ,B2
reporting,reporting,报道,NOUN,B2
unconditional,unconditional,无条件的,ADJ,B2
stroller,stroller,婴儿车,NOUN,B2
reminder,reminder,提醒物,NOUN,B2
childbirth,childbirth,分娩,NOUN,B2
taxpayer,taxpayer,纳税人,NOUN,B2
pharaoh,pharaoh,法老,NOUN,B2
unfaithful,unfaithful,不忠的,ADJ,B2
propeller,propeller,螺旋桨,NOUN,B2
apostate,apostate,叛教者,NOUN,B2
erotic,erotic,色情的,ADJ,B2
cognition,cognition,认知,NOUN,B2
cavity,cavity,腔,NOUN,B2
presumably,presumably,据推测,ADV,B2
eroticism,eroticism,色情,NOUN,B2
understanding,understanding,体贴的,ADJ,B2
highlight,highlight,亮点,NOUN,B2
immodesty,immodesty,不贞,NOUN,B2
narrow-minded,narrow-minded,狭隘的,ADJ,B2
census,census,人口普查,NOUN,B2
flagrancy,flagrancy,现行,NOUN,B2
olympic,olympic,奥林匹克的,ADJ,B2
turkish,turkish,土耳其的,ADJ,B2
bare,bare,赤裸的,ADJ,B2
tap,tap,水龙头,NOUN,B2
gastronomy,gastronomy,美食学,NOUN,B2
puff,puff,一口烟,NOUN,B2
itinerary,itinerary,行程,NOUN,B2
triggering,triggering,触发,NOUN,B2
insulin,insulin,胰岛素,NOUN,B2
cynicism,cynicism,犬儒主义,NOUN,B2
demarcation,demarcation,划界,NOUN,B2
mentally,mentally,精神上地,ADV,B2
undoubtedly,undoubtedly,无疑地,ADV,B2
instantaneous,instantaneous,瞬间的,ADJ,B2
scandalous,scandalous,可耻的,ADJ,B2
extract,extract,摘录,NOUN,B2
gravitation,gravitation,引力,NOUN,B2
disconsolate,disconsolate,悲痛欲绝的,ADJ,B2
squall,squall,骤雨,NOUN,B2
feminine,feminine,女性的,ADJ,B2
insecurity,insecurity,不安全感,NOUN,B2
consecutively,consecutively,连续地,ADV,B2
conversion,conversion,转换,NOUN,B2
moral,moral,道德的,ADJ,B2
metric,metric,公制的,ADJ,B2
gutter,gutter,路沟,NOUN,B2
complexion,complexion,肤色,NOUN,B2
blessed,blessed,受祝福的,ADJ,B2
corrosive,corrosive,腐蚀性的,ADJ,B2
fetish,fetish,恋物,NOUN,B2
someone's,someone's,某人的,PRON,B2
ellipsis,ellipsis,省略,NOUN,B2
co-owner,co-owner,共有人,NOUN,B2
documentary,documentary,纪录片,NOUN,B2
incorrect,incorrect,不正确的,ADJ,B2
frugality,frugality,节俭,NOUN,B2
conception,conception,概念,NOUN,B2
hedonism,hedonism,享乐主义,NOUN,B2
mitten,mitten,连指手套,NOUN,B2
mechanical,mechanical,机械的,ADJ,B2
desertion,desertion,逃亡,NOUN,B2
combativeness,combativeness,好斗性,NOUN,B2
funereal,funereal,丧葬的,ADJ,B2
tasty,tasty,美味的,ADJ,B2
festive,festive,节日的,ADJ,B2
stealth,stealth,秘密行动,NOUN,B2
x-ray,x-ray,X光片,NOUN,B2
impotence,impotence,无力,NOUN,B2
steep,steep,陡峭的,ADJ,B2
clemency,clemency,仁慈,NOUN,B2
symptom,symptom,症,PART,B2
depravity,depravity,堕落,NOUN,B2
marine,marine,海洋的,ADJ,B2
fatalism,fatalism,宿命论,NOUN,B2
seated,seated,坐着的,ADJ,B2
deplorable,deplorable,可悲的,ADJ,B2
kiosk,kiosk,亭子,NOUN,B2
autonomy,autonomy,自治,NOUN,B2
exploration,exploration,探索,NOUN,B2
defensive,defensive,防御的,ADJ,B2
alphabet,alphabet,字母表,NOUN,B2
flowery,flowery,华丽的,ADJ,B2
carbohydrate,carbohydrate,碳水化合物,NOUN,B2
insufficiency,insufficiency,不足,NOUN,B2
formulation,formulation,配方,NOUN,B2
condescension,condescension,屈尊,NOUN,B2
belgian,belgian,比利时的,ADJ,B2
wintry,wintry,冬天的,ADJ,B2
infirmary,infirmary,医务室,NOUN,B2
irritating,irritating,令人恼火的,ADJ,B2
historicity,historicity,历史性,NOUN,B2
seal,seal,海豹,NOUN,B2
symbolic,symbolic,象征的,ADJ,B2
parliamentary,parliamentary,议会的/议员,ADJ,B2
villainy,villainy,邪恶,NOUN,B2
italian,italian,意大利的,ADJ,B2
swedish,swedish,瑞典语,NOUN,B2
fragmentary,fragmentary,零碎的,ADJ,B2
illumination,illumination,照明,NOUN,B2
metaphorical,metaphorical,隐喻的,ADJ,B2
psychopath,psychopath,精神变态者,NOUN,B2
fictitious,fictitious,虚构的,ADJ,B2
mythical,mythical,神话般的,ADJ,B2
baton,baton,警棍,NOUN,B2
congruent,congruent,一致的,ADJ,B2
school,school,学校的,ADJ,B2
eighty,eighty,八十,NUM,B2
failed,failed,失败的,ADJ,B2
inspiring,inspiring,鼓舞人心的,ADJ,B2
discernment,discernment,洞察力,NOUN,B2
insolvent,insolvent,无偿还能力的,ADJ,B2
inkling,inkling,预感,NOUN,B2
hypertrophy,hypertrophy,肥大,NOUN,B2
torso,torso,躯干,NOUN,B2
uniform,uniform,制服,NOUN,B2
finnish,finnish,芬兰的,ADJ,B2
rag,rag,破布,NOUN,B2
cyclist,cyclist,骑自行车的人,NOUN,B2
superstitious,superstitious,迷信的,ADJ,B2
diabolical,diabolical,恶魔般的,ADJ,B2
rubbish,rubbish,垃圾,NOUN,B2
brief,brief,近点说,NOUN,B2
lowest,lowest,最低的,ADJ,B2
inconceivable,inconceivable,不可想象的,ADJ,B2
grotto,grotto,洞穴,NOUN,B2
didactic,didactic,教学的,ADJ,B2
ejection,ejection,喷射,NOUN,B2
offspring,offspring,幼崽,NOUN,B2
frigate,frigate,护卫舰,NOUN,B2
sorcerer,sorcerer,巫师,NOUN,B2
epic,epic,史诗的,ADJ,B2
magistrate,magistrate,法官,NOUN,B2
canonical,canonical,规范的,ADJ,B2
meaningless,meaningless,毫无意义的,ADJ,B2
relieved,relieved,宽慰的,ADJ,B2
wooded,wooded,树木茂盛的,ADJ,B2
alcoholic,alcoholic,酒精的,ADJ,B2
desolation,desolation,荒凉,NOUN,B2
deposition,deposition,证词,NOUN,B2
soda,soda,苏打,NOUN,B2
lapse,lapse,疏忽,NOUN,B2
sperm,sperm,精子,NOUN,B2
hood,hood,兜帽,NOUN,B2
inside,inside,内部,NOUN,B2
impunity,impunity,逍遥法外,NOUN,B2
about,about,大约,ADV,B2
ultimate,ultimate,最终的,ADJ,B2
politically,politically,在政治上,ADV,B2
separate,separate,分开的,ADJ,B2
reach,reach,范围,NOUN,B2
greek,greek,希腊语,NOUN,B2
choleric,choleric,易怒的,ADJ,B2
trembling,trembling,颤抖的,ADJ,B2
artillery,artillery,炮兵,NOUN,B2
ordinance,ordinance,条例,NOUN,B2
evocation,evocation,唤起,NOUN,B2
controllable,controllable,可控制的,ADJ,B2
mistreatment,mistreatment,虐待,NOUN,B2
chronology,chronology,年表,NOUN,B2
extremist,extremist,极端主义者,NOUN,B2
disc,disc,光盘,NOUN,B2
deceased,deceased,已故的,ADJ,B2
imperfect,imperfect,不完美的,ADJ,B2
moratorium,moratorium,暂停,NOUN,B2
jubilation,jubilation,欢欣,NOUN,B2
inhuman,inhuman,不人道的,ADJ,B2
homogeneity,homogeneity,同质性,NOUN,B2
tv,tv,电视,NOUN,B2
near,near,在附近,ADP,B2
tablet,tablet,平板电脑,NOUN,B2
navel,navel,肚脐,NOUN,B2
circumspect,circumspect,谨慎的,ADJ,B2
broadcaster,broadcaster,广播公司,NOUN,B2
daylight,daylight,日光,NOUN,B2
prior,prior,先前的,ADJ,B2
exponential,exponential,指数的,ADJ,B2
diploma,diploma,文凭,NOUN,B2
gardening,gardening,园艺,NOUN,B2
counterfeiting,counterfeiting,伪造,NOUN,B2
sixteen,sixteen,十六,NUM,B2
hermit,hermit,隐士,NOUN,B2
revolt,revolt,叛乱,NOUN,B2
corollary,corollary,推论,NOUN,B2
disloyal,disloyal,不忠的,ADJ,B2
homily,homily,布道,NOUN,B2
deference,deference,敬意,NOUN,B2
flammable,flammable,易燃的,ADJ,B2
incompetent,incompetent,无能的,ADJ,B2
idiosyncrasy,idiosyncrasy,特质,NOUN,B2
cognitive,cognitive,认知的,ADJ,B2
councilor,councilor,市议员,NOUN,B2
holocaust,holocaust,浩劫,NOUN,B2
fascism,fascism,法西斯主义,NOUN,B2
inquisition,inquisition,宗教裁判所,NOUN,B2
long-lasting,long-lasting,持久的,ADJ,B2
unlimited,unlimited,无限的,ADJ,B2
exactness,exactness,精确,NOUN,B2
seriously,seriously,认真地,ADV,B2
contestable,contestable,可质疑的,ADJ,B2
calamitous,calamitous,灾难性的,ADJ,B2
categorical,categorical,绝对的,ADJ,B2
precisely,precisely,确切地; 正好,ADV,B2
rubble,rubble,瓦砾,NOUN,B2
redemption,redemption,救赎,NOUN,B2
unreality,unreality,虚幻,NOUN,B2
influx,influx,涌入,NOUN,B2
confessional,confessional,宗派的,ADJ,B2
continued,continued,持续的,ADJ,B2
cylindrical,cylindrical,圆柱形的,ADJ,B2
motionless,motionless,静止的,ADJ,B2
dying,dying,垂死的,ADJ,B2
listener,listener,听众,NOUN,B2
devastating,devastating,毁灭性的,ADJ,B2
devaluation,devaluation,贬值,NOUN,B2
dangerousness,dangerousness,危险性,NOUN,B2
endowment,endowment,配备,NOUN,B2
gerontocracy,gerontocracy,老人政治,NOUN,B2
incoherent,incoherent,不连贯的,ADJ,B2
circumlocution,circumlocution,迂回说法,NOUN,B2
illustration,illustration,插图,NOUN,B2
descriptive,descriptive,描述性的,ADJ,B2
drool,drool,口水,NOUN,B2
immovable,immovable,不可移动的,ADJ,B2
alone,alone,单独的,ADJ,B2
duchess,duchess,公爵夫人,NOUN,B2
inadmissible,inadmissible,不可接受的,ADJ,B2
barely,barely,几乎不,ADV,B2
shiver,shiver,寒战,NOUN,B2
fiery,fiery,热烈的,ADJ,B2
eminent,eminent,杰出的,ADJ,B2
jurist,jurist,法学家,NOUN,B2
fragility,fragility,脆弱,NOUN,B2
picturesque,picturesque,如画的；别致的,ADJ,B2
halfway,halfway,半途,ADV,B2
express,express,明确的,ADJ,B2
islamic,islamic,伊斯兰的,ADJ,B2
subconscious,subconscious,潜意识,NOUN,B2
including,including,包括,ADP,B2
theatrical,theatrical,戏剧的,ADJ,B2
yarn,yarn,纱线,NOUN,B2
chinese,chinese,中文,NOUN,B2
marble,marble,大理石,NOUN,B2
gravely,gravely,严重地,ADV,B2
emblem,emblem,徽章,NOUN,B2
ashtray,ashtray,烟灰缸,NOUN,B2
nearest,nearest,最近的,ADJ,B2
renowned,renowned,著名的,ADJ,B2
prophet,prophet,先知,NOUN,B2
driven,driven,被驾驶的,ADJ,B2
casuistry,casuistry,决疑法,NOUN,B2
moving,moving,感人的,ADJ,B2
duvet,duvet,羽绒被,NOUN,B2
two-headed,two-headed,双头的,ADJ,B2
tiresome,tiresome,累人的,ADJ,B2
dictator,dictator,独裁者,NOUN,B2
fatuity,fatuity,愚昧,NOUN,B2
dissident,dissident,异见者,NOUN,B2
lay,lay,叙事短诗,NOUN,B2
industrialization,industrialization,工业化,NOUN,B2
weakening,weakening,减弱,NOUN,B2
contingent,contingent,偶然的,ADJ,B2
manufacture,manufacture,制造,NOUN,B2
symmetrical,symmetrical,对称的,ADJ,B2
physically,physically,身体上地,ADV,B2
counterargument,counterargument,反论点,NOUN,B2
surprised,surprised,惊讶的,ADJ,B2
effectively,effectively,有效地,ADV,B2
skylight,skylight,天窗,NOUN,B2
pathology,pathology,病理学,NOUN,B2
defective,defective,有缺陷的,ADJ,B2
stopover,stopover,中途停留,NOUN,B2
minimal,minimal,微小的,ADJ,B2
atmospheric,atmospheric,大气的,ADJ,B2
phase,phase,阶段,NOUN,B2
infantry,infantry,步兵,NOUN,B2
doubtful,doubtful,可疑的,ADJ,B2
chosen,chosen,精选的,ADJ,B2
hinge,hinge,合页,NOUN,B2
hold,hold,控制,NOUN,B2
pool,pool,池,PART,B2
gymnast,gymnast,体操运动员,NOUN,B2
imaginative,imaginative,富有想象力的,ADJ,B2
glance,glance,一瞥,NOUN,B2
fidelity,fidelity,忠诚,NOUN,B2
hydraulic,hydraulic,液压的,ADJ,B2
recognizable,recognizable,可辨认的,ADJ,B2
nape,nape,后颈,NOUN,B2
fussy,fussy,挑剔的,ADJ,B2
counterproductive,counterproductive,适得其反的,ADJ,B2
endemic,endemic,地方性的,ADJ,B2
synthetic,synthetic,合成的,ADJ,B2
detriment,detriment,损害,NOUN,B2
tangle,tangle,混乱,NOUN,B2
diminutive,diminutive,指小词,NOUN,B2
contrast,contrast,对比,NOUN,B2
humanitarian,humanitarian,人道主义的,ADJ,B2
minority,minority,少数派的,ADJ,B2
jurisprudence,jurisprudence,法理学,NOUN,B2
scrupulously,scrupulously,一丝不苟地,ADV,B2
objective,objective,目标,NOUN,B2
generously,generously,慷慨地,ADV,B2
decorative,decorative,装饰性的,ADJ,B2
stripe,stripe,条纹,NOUN,B2
adjustment,adjustment,调节,NOUN,B2
overview,overview,概览,NOUN,B2
warmly,warmly,热情地,ADV,B2
frieze,frieze,檐壁,NOUN,B2
educational,educational,教育的,ADJ,B2
lyrical,lyrical,抒情的,ADJ,B2
perplexed,perplexed,困惑的,ADJ,B2
grandiosity,grandiosity,宏伟,NOUN,B2
postage,postage,邮资,NOUN,B2
specifically,specifically,具体地,ADV,B2
disproportion,disproportion,不成比例,NOUN,B2
bragging,bragging,吹嘘,NOUN,B2
fang,fang,犬齿,NOUN,B2
deterioration,deterioration,恶化,NOUN,B2
fatality,fatality,致命性,NOUN,B2
campsite,campsite,露营地,NOUN,B2
boxer,boxer,拳击手,NOUN,B2
enviable,enviable,令人羡慕的,ADJ,B2
vat,vat,增值税,NOUN,B2
heterogeneity,heterogeneity,异质性,NOUN,B2
parsimony,parsimony,吝啬,NOUN,B2
extended,extended,广泛的,ADJ,B2
curly,curly,卷曲的,ADJ,B2
decidedly,decidedly,坚决地,ADV,B2
junk,junk,破烂货,NOUN,B2
swollen,swollen,肿胀的,ADJ,B2
english-speaking,english-speaking,讲英语的,ADJ,B2
exegete,exegete,注释家,NOUN,B2
inclusion,inclusion,包含,NOUN,B2
consultative,consultative,咨询的,ADJ,B2
entrails,entrails,内脏,NOUN,B2
asphalt,asphalt,沥青,NOUN,B2
disagreeing,disagreeing,不同意的,ADJ,B2
feminist,feminist,女权主义者,NOUN,B2
pajamas,pajamas,睡衣,NOUN,B2
enumeration,enumeration,列举,NOUN,B2
floating,floating,漂浮的,ADJ,B2
condom,condom,避孕套,NOUN,B2
gangrene,gangrene,坏疽,NOUN,B2
downfall,downfall,毁灭,NOUN,B2
lizard,lizard,蜥蜴,NOUN,B2
stabilization,stabilization,稳定化,NOUN,B2
railway,railway,铁路的,ADJ,B2
massively,massively,大量地,ADV,B2
curative,curative,有疗效的,ADJ,B2
stimulus,stimulus,刺激,NOUN,B2
highest,highest,最高的,ADJ,B2
terrified,terrified,极度恐惧的,ADJ,B2
etymology,etymology,词源学,NOUN,B2
self-taught,self-taught,自学的,ADJ,B2
hanging,hanging,绞刑,NOUN,B2
universal,universal,普遍的,ADJ,B2
terrace,terrace,露台,NOUN,B2
electronics,electronics,电子学,NOUN,B2
offensive,offensive,冒犯的,ADJ,B2
fort,fort,堡垒,NOUN,B2
find,find,发现物,NOUN,B2
hemp,hemp,大麻,NOUN,B2
apathetic,apathetic,冷漠的,ADJ,B2
lucrative,lucrative,有利可图的,ADJ,B2
profitability,profitability,盈利能力,NOUN,B2
peat,peat,泥炭,NOUN,B2
supremacy,supremacy,霸权,NOUN,B2
terminus,terminus,,NOUN,B2
strident,strident,刺耳的,ADJ,B2
windfall,windfall,意外之财,NOUN,B2
annals,annals,编年史,NOUN,B2
staunch,staunch,坚定的,ADJ,B2
contractualization,contractualization,契约化,NOUN,B2
watertight,watertight,,NOUN,B2
inert,inert,惰性的,ADJ,B2
brittle,brittle,易碎的,ADJ,B2
nameable,nameable,可命名的,ADJ,B2
neonatal,neonatal,新生儿的,ADJ,B2
existential,existential,存在主义的,ADJ,B2
humble,humble,谦逊的,ADJ,B2
neophyte,neophyte,新手；初学者,NOUN,B2
swine,swine,猪,NOUN,B2
domestic,domestic,国内,NOUN,B2
athletic,athletic,运动的,ADJ,B2
urbanization,urbanization,城市化,NOUN,B2
antibiotic,antibiotic,抗生素,NOUN,B2
forensic,forensic,法医的,ADJ,B2
totalitarian,totalitarian,极权主义的,ADJ,B2
e-reader,e-reader,电子阅读器,NOUN,B2
sync,sync,同步,NOUN,B2
religiosity,religiosity,笃信宗教,NOUN,B2
self-care,self-care,自我护理,NOUN,B2
reformulation,reformulation,重新表述,NOUN,B2
counterproductivity,counterproductivity,适得其反,NOUN,B2
liable,liable,有责任的,ADJ,B2
disrespect,disrespect,不敬,NOUN,B2
indexing,indexing,指数化,NOUN,B2
spice,spice,香料,NOUN,B2
symbolism,symbolism,象征主义,NOUN,B2
upset,upset,心烦的,ADJ,B2
airs,airs,摆架子,NOUN,B2
feeble-minded,feeble-minded,弱智的,ADJ,B2
caring,caring,关怀的,ADJ,B2
viable,viable,可行的,ADJ,B2
one-way,one-way,单向的,ADJ,B2
anathema,anathema,深恶痛绝之物,NOUN,B2
implicitly,implicitly,含蓄地,ADV,B2
ascetic,ascetic,苦行的,ADJ,B2
paralympic,paralympic,残奥会的,ADJ,B2
colder,colder,更冷的,ADJ,B2
sulfur,sulfur,硫,NOUN,B2
demonstrativeness,demonstrativeness,! 表现欲,NOUN,B2
lethargic,lethargic,昏睡的,ADJ,B2
six-year-old,six-year-old,,NOUN,B2
approximate,approximate,近似的,ADJ,B2
deceit,deceit,欺骗,NOUN,B2
unknown,unknown,未知数,NOUN,B2
hard,hard,努力地,ADV,B2
bumpy,bumpy,凹凸不平的,ADJ,B2
intended,intended,预定的,ADJ,B2
more,more,مزيد,NOUN,B2
scrupulous,scrupulous,一丝不苟的,ADJ,B2
painless,painless,,NOUN,B2
bulwark,bulwark,壁垒,NOUN,B2
distorted,distorted,歪曲的,ADJ,B2
humane,humane,人道的,ADJ,B2
cerebral,cerebral,大脑的,ADJ,B2
shrimp,shrimp,虾,NOUN,B2
methodological,methodological,方法论的,ADJ,B2
connective,connective,连接的,ADJ,B2
eczema,eczema,湿疹,NOUN,B2
buffoon,buffoon,小丑,NOUN,B2
triumph,triumph,胜利,NOUN,B2
nineteen,nineteen,十九,NUM,B2
disposable,disposable,一次性的,ADJ,B2
cats,cats,猫,NOUN,B2
socialization,socialization,社会化,NOUN,B2
prognosis,prognosis,预后,NOUN,B2
lifeless,lifeless,无生命的,ADJ,B2
buoyant,buoyant,有浮力的,ADJ,B2
all,all,جميع,NOUN,B2
fissure,fissure,裂缝,NOUN,B2
supplication,supplication,恳求,NOUN,B2
temerity,temerity,鲁莽,NOUN,B2
drag,drag,拖曳,NOUN,B2
complementarity,complementarity,互补性,NOUN,B2
locked,locked,锁定的,ADJ,B2
beautifully,beautifully,美丽地,ADV,B2
fare,fare,车费,NOUN,B2
numb,numb,麻木的,ADJ,B2
outlaw,outlaw,歹徒,NOUN,B2
every,every,每个,PRON,B2
conductivity,conductivity,导电性,NOUN,B2
compound,compound,化合物,NOUN,B2
brawl,brawl,斗殴,NOUN,B2
tyrannical,tyrannical,专横的,ADJ,B2
seldom,seldom,很少,ADV,B2
guilt-ridden,guilt-ridden,内疚的,ADJ,B2
premeditation,premeditation,预谋,NOUN,B2
idiotic,idiotic,愚蠢的,ADJ,B2
swimming,swimming,游泳,NOUN,B2
soundtrack,soundtrack,! 音轨,NOUN,B2
buccaneer,buccaneer,海盗,NOUN,B2
hatch,hatch,舱口,NOUN,B2
vain,vain,徒劳的,ADJ,B2
motif,motif,主题,NOUN,B2
trinket,trinket,小饰品,NOUN,B2
costs,costs,费用,NOUN,B2
shuttle,shuttle,穿梭巴士,NOUN,B2
variant,variant,变体,NOUN,B2
nonprofit,nonprofit,非营利的,ADJ,B2
would,would,将要,AUX,B2
roadway,roadway,路面,NOUN,B2
precarization,precarization,不稳定化,NOUN,B2
outdoors,outdoors,户外,ADV,B2
chauvinistic,chauvinistic,沙文主义的,ADJ,B2
latent,latent,潜在的,ADJ,B2
omnipresent,omnipresent,无所不在的,ADJ,B2
slum,slum,贫民窟,NOUN,B2
co-determination,co-determination,共同决定权,NOUN,B2
resuscitation,resuscitation,复苏,NOUN,B2
elementary,elementary,基本的,ADJ,B2
curfew,curfew,宵禁,NOUN,B2
shyness,shyness,羞怯,NOUN,B2
surreptitious,surreptitious,秘密的,ADJ,B2
damageable,damageable,易损的,ADJ,B2
lunatic,lunatic,疯子,NOUN,B2
plenitude,plenitude,充足,NOUN,B2
ferry,ferry,渡轮,NOUN,B2
fulfillment,fulfillment,满足,NOUN,B2
insanely,insanely,疯狂地,ADV,B2
mp,mp,国会议员,NOUN,B2
cudgel,cudgel,棍棒,NOUN,B2
sadistic,sadistic,施虐的,ADJ,B2
incorporation,incorporation,纳入,NOUN,B2
airtight,airtight,密封的,ADJ,B2
acerbic,acerbic,尖刻的,ADJ,B2
cloister,cloister,回廊,NOUN,B2
domain,domain,领域,NOUN,B2
selected,selected,选中的,ADJ,B2
disturbed,disturbed,不安的,ADJ,B2
palliative,palliative,缓和的,ADJ,B2
veiled,veiled,隐晦的,ADJ,B2
obliged,obliged,被迫的,ADJ,B2
vigilant,vigilant,警惕的,ADJ,B2
appeasement,appeasement,平息,NOUN,B2
thetic,thetic,正题的,ADJ,B2
attributive,attributive,定语的,ADJ,B2
ideally,ideally,理想地,ADV,B2
crusade,crusade,运动,NOUN,B2
thicker,thicker,更厚的,ADJ,B2
villainous,villainous,恶棍的,ADJ,B2
playwright,playwright,剧作家,NOUN,B2
sexy,sexy,性感的,ADJ,B2
upright,upright,直立地,ADV,B2
acculturation,acculturation,文化涵化,NOUN,B2
jews,jews,犹太人,NOUN,B2
cradle,cradle,摇篮,NOUN,B2
mammal,mammal,哺乳动物,NOUN,B2
sail,sail,帆,NOUN,B2
photon,photon,光子,NOUN,B2
cheapness,cheapness,廉价,NOUN,B2
autism,autism,自闭症,NOUN,B2
dator,dator,电脑,NOUN,B2
superb,superb,极好的,ADJ,B2
slut,slut,荡妇,NOUN,B2
numismatic,numismatic,钱币学的,ADJ,B2
faint,faint,微弱的,ADJ,B2
demagogy,demagogy,蛊惑,NOUN,B2
enamel,enamel,珐琅,NOUN,B2
meticulously,meticulously,一丝不苟地,ADV,B2
phlegmatic,phlegmatic,冷静的,ADJ,B2
side,side,骄傲的,ADJ,B2
solecism,solecism,语法错误,NOUN,B2
iranian,iranian,伊朗的,ADJ,B2
dans,dans,舞蹈,NOUN,B2
ago,ago,以前,ADV,B2
cooked,cooked,熟的,ADJ,B2
thicket,thicket,灌木丛,NOUN,B2
depot,depot,仓库,NOUN,B2
tropical,tropical,热带的,ADJ,B2
historicism,historicism,历史主义,NOUN,B2
racist,racist,种族主义者,NOUN,B2
sinister,sinister,不祥的,ADJ,B2
deleveraging,deleveraging,去杠杆化,NOUN,B2
dissatisfaction,dissatisfaction,不满,NOUN,B2
implacably,implacably,毫不留情地,ADV,B2
skilful,skilful,熟练的,ADJ,B2
splash,splash,扑通,NOUN,B2
lent,lent,大斋期,NOUN,B2
repertoire,repertoire,全部曲目,NOUN,B2
win,win,胜利,NOUN,B2
shocked,shocked,震惊的,ADJ,B2
bog,bog,沼泽,NOUN,B2
instructor,instructor,讲师,NOUN,B2
filthy,filthy,肮脏的,ADJ,B2
corporate,corporate,公司的,ADJ,B2
wait-and-see,wait-and-see,观望的,ADJ,B2
authoritative,authoritative,权威的,ADJ,B2
dent,dent,凹痕,NOUN,B2
impromptu,impromptu,即兴的,ADJ,B2
periphery,periphery,边缘,NOUN,B2
gastronomic,gastronomic,美食的,ADJ,B2
genital,genital,生殖器,NOUN,B2
spinning,spinning,纺纱,NOUN,B2
guffaw,guffaw,哄笑,NOUN,B2
cellulose,cellulose,纤维素,NOUN,B2
basal,basal,基本的,ADJ,B2
averse,averse,厌恶的,ADJ,B2
tremulous,tremulous,颤抖的,ADJ,B2
syllable,syllable,音节,NOUN,B2
sanitation,sanitation,卫生,NOUN,B2
checkup,checkup,体检,NOUN,B2
psychoanalysis,psychoanalysis,精神分析,NOUN,B2
unfriendly,unfriendly,不友好的,ADJ,B2
graveyard,graveyard,墓地,NOUN,B2
fresh,fresh,,NOUN,B2
increased,increased,增加的,ADJ,B2
arson,arson,纵火,NOUN,B2
royalty,royalty,王室,NOUN,B2
cleanly,cleanly,干净地,ADV,B2
comparative,comparative,比较的,ADJ,B2
optimization,optimization,优化,NOUN,B2
steak,steak,牛排,NOUN,B2
advancement,advancement,晋升,NOUN,B2
slam,slam,,NOUN,B2
libertinism,libertinism,放荡,NOUN,B2
dossier,dossier,档案,NOUN,B2
journalism,journalism,新闻业,NOUN,B2
reluctance,reluctance,不情愿,NOUN,B2
monolithic,monolithic,单一的,ADJ,B2
duplicate,duplicate,! 副本,NOUN,B2
surcharge,surcharge,附加费,NOUN,B2
binoculars,binoculars,双筒望远镜,NOUN,B2
extraterrestrial,extraterrestrial,外星的,ADJ,B2
hallelujah,hallelujah,哈利路亚,INTJ,B2
extravagant,extravagant,奢侈的,ADJ,B2
declinable,declinable,可变格的,ADJ,B2
antagonism,antagonism,对抗,NOUN,B2
snot,snot,鼻涕,NOUN,B2
optimal,optimal,最佳的,ADJ,B2
articulation,articulation,清晰表达,NOUN,B2
reduction,reduction,减少,NOUN,B2
orange,orange,橙色的,ADJ,B2
aloofness,aloofness,冷漠,NOUN,B2
wooden,wooden,木制的,ADJ,B2
retailer,retailer,零售商,NOUN,B2
longer,longer,更长的,ADJ,B2
fewer,fewer,较少的,ADJ,B2
determine,determine,确定,VER! B,B2
overdraft,overdraft,透支,NOUN,B2
existentialism,existentialism,存在主义,NOUN,B2
substandard,substandard,,NOUN,B2
ratio,ratio,比率,NOUN,B2
infrastructure,infrastructure,基础设施,NOUN,B2
vaccine-related,vaccine-related,疫苗的,ADJ,B2
antidote,antidote,解毒剂,NOUN,B2
beleaguered,beleaguered,受围困的,ADJ,B2
humid,humid,潮湿的,ADJ,B2
honorable,honorable,可敬的,ADJ,B2
bejeweled,bejeweled,镶满宝石的,ADJ,B2
intricate,intricate,错综复杂的,ADJ,B2
disrepute,disrepute,坏名声,NOUN,B2
rubber,rubber,橡胶,NOUN,B2
asp,asp,角蝰,NOUN,B2
fluid,fluid,液体,NOUN,B2
corporation,corporation,公司,NOUN,B2
cricket,cricket,板球,NOUN,B2
din,din,喧嚣,NOUN,B2
slothful,slothful,懒惰的,ADJ,B2
baggage,baggage,行李,NOUN,B2
fluency,fluency,流利,NOUN,B2
assurance,assurance,保证,NOUN,B2
itinerant,itinerant,巡回的,ADJ,B2
miserly,miserly,吝啬的,ADJ,B2
outlandish,outlandish,古怪的,ADJ,B2
arid,arid,干旱的,ADJ,B2
tobacco,tobacco,烟草,NOUN,B2
disrespectful,disrespectful,无礼的,ADJ,B2
insatiable,insatiable,不知足的,ADJ,B2
ajar,ajar,半开的,ADJ,B2
spelling,spelling,拼写,NOUN,B2
dungeon,dungeon,地牢,NOUN,B2
limb,limb,肢体,NOUN,B2
audacious,audacious,大胆的,ADJ,B2
aged,aged,年老的,ADJ,B2
integral,integral,不可或缺的,ADJ,B2
intangible,intangible,无形的,ADJ,B2
famine,famine,饥荒,NOUN,B2
bubbling,bubbling,冒泡的,ADJ,B2
drunkenness,drunkenness,醉酒,NOUN,B2
anachronistic,anachronistic,时代错误的,ADJ,B2
igneous,igneous,火成的,ADJ,B2
jet,jet,喷气式飞机,NOUN,B2
wicked,wicked,邪恶的,ADJ,B2
bookcase,bookcase,书柜,NOUN,B2
cadaverous,cadaverous,瘦骨嶙峋的,ADJ,B2
amendable,amendable,可修正的,ADJ,B2
incision,incision,切口,NOUN,B2
incandescent,incandescent,白炽的,ADJ,B2
altercation,altercation,争执,NOUN,B2
glimpse,glimpse,一瞥,NOUN,B2
phenomenal,phenomenal,非凡的,ADJ,B2
boastful,boastful,自夸的,ADJ,B2
invincible,invincible,无敌的,ADJ,B2
bard,bard,吟游诗人,NOUN,B2
disobedient,disobedient,不服从的,ADJ,B2
scorn,scorn,轻蔑,NOUN,B2
bastion,bastion,堡垒,NOUN,B2
schism,schism,分裂,NOUN,B2
jury,jury,陪审团,NOUN,B2
rival,rival,对手,NOUN,B2
ethereal,ethereal,飘渺的,ADJ,B2
plundering,plundering,掠夺,NOUN,B2
virulent,virulent,恶性的,ADJ,B2
stew,stew,炖菜,NOUN,B2
inadequate,inadequate,不足的,ADJ,B2
malnutrition,malnutrition,营养不良,NOUN,B2
alibi,alibi,不在场证明,NOUN,B2
feeble,feeble,虚弱的,ADJ,B2
displacement,displacement,位移,NOUN,B2
byzantine,byzantine,错综复杂的,ADJ,B2
intransigent,intransigent,不妥协的,ADJ,B2
apologist,apologist,辩护者,NOUN,B2
inflammation,inflammation,炎症,NOUN,B2
ambidextrous,ambidextrous,双手灵巧的,ADJ,B2
incongruous,incongruous,不协调的,ADJ,B2
abstemious,abstemious,有节制的,ADJ,B2
prize,prize,奖品,NOUN,B2
hepatic,hepatic,肝脏的,ADJ,B2
postponement,postponement,延期,NOUN,B2
humiliating,humiliating,令人羞辱的,ADJ,B2
pious,pious,虔诚的,ADJ,B2
freight,freight,货物,NOUN,B2
incessant,incessant,持续的,ADJ,B2
spurious,spurious,虚假的,ADJ,B2
abject,abject,悲惨的,ADJ,B2
nosy,nosy,爱打听的,ADJ,B2
promiscuous,promiscuous,滥交的,ADJ,B2
import,import,进口,NOUN,B2
dexterity,dexterity,灵巧,NOUN,B2
corroboration,corroboration,证实,NOUN,B2
stagnant,stagnant,停滞的,ADJ,B2
format,format,格式,NOUN,B2
craving,craving,渴求,NOUN,B2
bonfire,bonfire,篝火,NOUN,B2
gargoyle,gargoyle,滴水嘴兽,NOUN,B2
gunshot,gunshot,枪声,NOUN,B2
stoic,stoic,坚忍的,ADJ,B2
equivalent,equivalent,相等的,ADJ,B2
tick,tick,滴答声,NOUN,B2
sane,sane,神志正常的,ADJ,B2
atrocity,atrocity,暴行,NOUN,B2
oracle,oracle,神谕,NOUN,B2
wealthy,wealthy,富有的,ADJ,B2
irrational,irrational,非理性的,ADJ,B2
deportation,deportation,驱逐出境,NOUN,B2
bracket,bracket,括号,NOUN,B2
terse,terse,简练的,ADJ,B2
inhibition,inhibition,抑制,NOUN,B2
frigid,frigid,寒冷的,ADJ,B2
evocative,evocative,引起回忆的,ADJ,B2
impeccable,impeccable,无瑕疵的,ADJ,B2
apologetic,apologetic,道歉的,ADJ,B2
opulent,opulent,豪华的,ADJ,B2
barge,barge,驳船,NOUN,B2
cultivation,cultivation,培养,NOUN,B2
infamous,infamous,声名狼藉的,ADJ,B2
reverent,reverent,虔诚的,ADJ,B2
hyperbole,hyperbole,夸张,NOUN,B2
arcane,arcane,神秘的,ADJ,B2
discrepancy,discrepancy,差异,NOUN,B2
cramp,cramp,抽筋,NOUN,B2
touching,touching,动人的,ADJ,B2
immature,immature,不成熟的,ADJ,B2
bacchanal,bacchanal,狂欢,NOUN,B2
feast,feast,盛宴,NOUN,B2
scarcely,scarcely,几乎不,ADV,B2
evasion,evasion,逃避,NOUN,B2
behaviorist,behaviorist,行为主义者,NOUN,B2
beloved,beloved,心爱的,ADJ,B2
bohemian,bohemian,放荡不羁的,ADJ,B2
akin,akin,相似的,ADJ,B2
brainwasher,brainwasher,洗脑者,NOUN,B2
bossism,bossism,老板主义,NOUN,B2
weary,weary,疲倦的,ADJ,B2
apathy,apathy,冷漠,NOUN,B2
skirmish,skirmish,小规模战斗,NOUN,B2
shrill,shrill,尖锐的,ADJ,B2
affront,affront,冒犯,NOUN,B2
garland,garland,花环,NOUN,B2
brow,brow,眉毛,NOUN,B2
funnel,funnel,漏斗,NOUN,B2
incoherence,incoherence,不连贯,NOUN,B2
constituent,constituent,成分,NOUN,B2
fratricide,fratricide,杀兄弟,NOUN,B2
ardent,ardent,热情的,ADJ,B2
acceptable,acceptable,可接受的,ADJ,B2
exotic,exotic,异国情调的,ADJ,B2
cistern,cistern,蓄水池,NOUN,B2
badge,badge,徽章,NOUN,B2
ashen,ashen,灰白的,ADJ,B2
aging,aging,老化,NOUN,B2
diaphragm,diaphragm,横膈膜,NOUN,B2
magnanimous,magnanimous,宽宏大量的,ADJ,B2
sorcery,sorcery,巫术,NOUN,B2
excrement,excrement,排泄物,NOUN,B2
belligerent,belligerent,好战的,ADJ,B2
detergent,detergent,洗涤剂,NOUN,B2
sniper,sniper,狙击手,NOUN,B2
bourgeois,bourgeois,资产阶级的,ADJ,B2
demagoguery,demagoguery,煽动性,NOUN,B2
betrothal,betrothal,订婚,NOUN,B2
antipode,antipode,对跖点,NOUN,B2
anachronism,anachronism,时代错误,NOUN,B2
docile,docile,温顺的,ADJ,B2
stipend,stipend,津贴,NOUN,B2
worn,worn,磨损的,ADJ,B2
uncouth,uncouth,粗俗的,ADJ,B2
disuse,disuse,废弃,NOUN,B2
freezing,freezing,极冷的,ADJ,B2
aforementioned,aforementioned,上述的,ADJ,B2
convertibility,convertibility,可兑换性,NOUN,B2
absorbed,absorbed,全神贯注的,ADJ,B2
sore,sore,疼痛的,ADJ,B2
vogue,vogue,流行,NOUN,B2
elusive,elusive,难以捉摸的,ADJ,B2
unscrupulous,unscrupulous,肆无忌惮的,ADJ,B2
amorphous,amorphous,无定形的,ADJ,B2
attribution,attribution,归因,NOUN,B2
frivolous,frivolous,轻浮的,ADJ,B2
wax,wax,蜡,NOUN,B2
soccer,soccer,足球,NOUN,B2
mezzanine,mezzanine,夹层,NOUN,B2
saving,saving,储蓄,NOUN,B2
apprehensive,apprehensive,忧虑的,ADJ,B2
buttress,buttress,扶壁,NOUN,B2
assertion,assertion,断言,NOUN,B2
unprecedented,unprecedented,史无前例的,ADJ,B2
bloodless,bloodless,不流血的,ADJ,B2
remorseful,remorseful,悔恨的,ADJ,B2
shipment,shipment,货物,NOUN,B2
chronicle,chronicle,编年史,NOUN,B2
phony,phony,假的,ADJ,B2
oblique,oblique,斜的,ADJ,B2
vase,vase,花瓶,NOUN,B2
vicissitude,vicissitude,变迁,NOUN,B2
burner,burner,燃烧器,NOUN,B2
stratagem,stratagem,策略,NOUN,B2
shotgun,shotgun,猎枪,NOUN,B2
adverse,adverse,不利的,ADJ,B2
mistaken,mistaken,错误的,ADJ,B2
bower,bower,凉亭,NOUN,B2
unforgivable,unforgivable,不可原谅的,ADJ,B2
ancillary,ancillary,辅助的,ADJ,B2
bagpiper,bagpiper,风笛手,NOUN,B2
den,den,兽穴,NOUN,B2
reluctant,reluctant,不情愿的,ADJ,B2
spine,spine,脊柱,NOUN,B2
ephemeral,ephemeral,短暂的,ADJ,B2
immoral,immoral,不道德的,ADJ,B2
inspired,inspired,受启发的,ADJ,B2
wary,wary,谨慎的,ADJ,B2
abstinence,abstinence,节制,NOUN,B2
sacrilege,sacrilege,亵渎,NOUN,B2
erudite,erudite,博学的,ADJ,B2
spite,spite,恶意,NOUN,B2
favoritism,favoritism,偏袒,NOUN,B2
auspice,auspice,赞助,NOUN,B2
confederate,confederate,同盟者,NOUN,B2
sublime,sublime,崇高的,ADJ,B2
misanthrope,misanthrope,厌世者,NOUN,B2
equity,equity,公平,NOUN,B2
hemisphere,hemisphere,半球,NOUN,B2
deceptive,deceptive,欺骗性的,ADJ,B2
exponent,exponent,指数,NOUN,B2
cacophony,cacophony,刺耳的声音,NOUN,B2
battlement,battlement,城垛,NOUN,B2
enigmatic,enigmatic,神秘的,ADJ,B2
froth,froth,泡沫,NOUN,B2
aptitude,aptitude,天资,NOUN,B2
balustrade,balustrade,栏杆,NOUN,B2
barricade,barricade,路障,NOUN,B2
concord,concord,和谐,NOUN,B2
avid,avid,热切的,ADJ,B2
zeal,zeal,热情,NOUN,B2
decorum,decorum,礼仪,NOUN,B2
asparagus,asparagus,芦笋,NOUN,B2
dapper,dapper,整洁的,ADJ,B2
alienable,alienable,可转让的,ADJ,B2
fabulous,fabulous,极好的,ADJ,B2
cast,cast,演员阵容,NOUN,B2
gregarious,gregarious,爱社交的,ADJ,B2
apotheotic,apotheotic,神化的,ADJ,B2
apex,apex,顶点,NOUN,B2
contrition,contrition,悔罪,NOUN,B2
ruthless,ruthless,无情的,ADJ,B2
crystalline,crystalline,水晶般的,ADJ,B2
burdensome,burdensome,繁重的,ADJ,B2
risque,risque,有伤风化的,ADJ,B2
cumbersome,cumbersome,笨重的,ADJ,B2
bilious,bilious,易怒的,ADJ,B2
gin,gin,金酒,NOUN,B2
biweekly,biweekly,双周的,ADJ,B2
brooding,brooding,忧思,NOUN,B2
intellect,intellect,智力,NOUN,B2
contraband,contraband,违禁品,NOUN,B2
autocratic,autocratic,专制的,ADJ,B2
stolid,stolid,冷漠的,ADJ,B2
binge,binge,放纵,NOUN,B2
trifling,trifling,微不足道的,ADJ,B2
frantic,frantic,狂乱的,ADJ,B2
sedentary,sedentary,久坐的,ADJ,B2
dishonor,dishonor,耻辱,NOUN,B2
humorous,humorous,幽默的,ADJ,B2
immense,immense,巨大的,ADJ,B2
erratic,erratic,不稳定的,ADJ,B2
haughty,haughty,傲慢的,ADJ,B2
cabinetmaker,cabinetmaker,细木工匠,NOUN,B2
inquisitive,inquisitive,好奇的,ADJ,B2
incisive,incisive,深刻的,ADJ,B2
conciseness,conciseness,简洁,NOUN,B2
brazen,brazen,厚颜无耻的,ADJ,B2
brochure,brochure,小册子,NOUN,B2
tireless,tireless,不知疲倦的,ADJ,B2
matriarch,matriarch,女家长,NOUN,B2
vehement,vehement,激烈的,ADJ,B2
astonished,astonished,惊讶的,ADJ,B2
catapult,catapult,投石机,NOUN,B2
disparate,disparate,截然不同的,ADJ,B2
brusqueness,brusqueness,唐突,NOUN,B2
entertaining,entertaining,有趣的,ADJ,B2
pensive,pensive,沉思的,ADJ,B2
atonement,atonement,赎罪,NOUN,B2
altitude,altitude,海拔,NOUN,B2
plausible,plausible,似是而非的,ADJ,B2
sanctimonious,sanctimonious,伪善的,ADJ,B2
boisterous,boisterous,喧闹的,ADJ,B2
iconoclast,iconoclast,偶像破坏者,NOUN,B2
blunder,blunder,大错,NOUN,B2
ungainly,ungainly,笨拙的,ADJ,B2
upstart,upstart,暴发户,NOUN,B2
biting,biting,咬人,NOUN,B2
dichotomy,dichotomy,二分法,NOUN,B2
bargain,bargain,便宜货,NOUN,B2
attainable,attainable,可获得的,ADJ,B2
oversight,oversight,疏忽,NOUN,B2
gem,gem,宝石,NOUN,B2
contemplation,contemplation,沉思,NOUN,B2
graduation,graduation,毕业,NOUN,B2
slenderness,slenderness,纤细,NOUN,B2
hygienic,hygienic,卫生的,ADJ,B2
curator,curator,策展人,NOUN,B2
horrified,horrified,惊骇的,ADJ,B2
scandinavian,scandinavian,斯堪的纳维亚的,ADJ,B2
reclamation,reclamation,收复,NOUN,B2
bungler,bungler,笨手笨脚的人,NOUN,B2
appreciable,appreciable,可观的,ADJ,B2
deteriorated,deteriorated,恶化的,ADJ,B2
cove,cove,小海湾,NOUN,B2
intermediate,intermediate,中级的,ADJ,B2
gamete,gamete,配子,NOUN,B2
scythe,scythe,镰刀,NOUN,B2
idiot,idiot,傻瓜,ADJ,B2
fractional,fractional,分数的,ADJ,B2
centipede,centipede,蜈蚣,NOUN,B2
epithet,epithet,绰号,NOUN,B2
autocracy,autocracy,专制,NOUN,B2
equestrian,equestrian,马术的,ADJ,B2
celerity,celerity,迅速,NOUN,B2
musk,musk,麝香,NOUN,B2
seaplane,seaplane,水上飞机,NOUN,B2
insinuation,insinuation,暗示,NOUN,B2
cane,cane,手杖,NOUN,B2
excitability,excitability,兴奋性,NOUN,B2
inflection,inflection,词尾,NOUN,B2
hooligan,hooligan,流氓,NOUN,B2
disquisition,disquisition,论述,NOUN,B2
annotation,annotation,注释,NOUN,B2
fanatic,fanatic,狂热的,ADJ,B2
gatekeeper,gatekeeper,道口看守员,NOUN,B2
emulation,emulation,模仿,NOUN,B2
charitable,charitable,慈善的,ADJ,B2
narrowing,narrowing,变窄,NOUN,B2
countercurrent,countercurrent,逆流,NOUN,B2
inclement,inclement,严酷的,ADJ,B2
confinement,confinement,禁闭,NOUN,B2
sparrowhawk,sparrowhawk,雀鹰,NOUN,B2
stampede,stampede,溃逃,NOUN,B2
confidant,confidant,知己,NOUN,B2
wharf,wharf,码头,NOUN,B2
brute,brute,粗野的,ADJ,B2
babble,babble,结巴,NOUN,B2
collusion,collusion,串通,NOUN,B2
concordance,concordance,一致,NOUN,B2
colossal,colossal,巨大的,ADJ,B2
devourer,devourer,吞噬者,NOUN,B2
flat-nosed,flat-nosed,扁鼻子的,ADJ,B2
contiguous,contiguous,相邻的,ADJ,B2
widening,widening,加宽,NOUN,B2
spatula,spatula,刮刀,NOUN,B2
untidiness,untidiness,凌乱,NOUN,B2
governability,governability,可治理性,NOUN,B2
discredit,discredit,丧失信誉,NOUN,B2
generatrix,generatrix,母线,NOUN,B2
prolific,prolific,多产的,ADJ,B2
galician,galician,加利西亚的,ADJ,B2
exalted,exalted,狂热的,ADJ,B2
involuntary,involuntary,无意识的,ADJ,B2
ferret,ferret,雪貂,NOUN,B2
ballast,ballast,压舱物,NOUN,B2
illogical,illogical,不合逻辑的,ADJ,B2
bunch,bunch,一群,NOUN,B2
justness,justness,公正,NOUN,B2
disenchantment,disenchantment,幻灭,NOUN,B2
grandiloquent,grandiloquent,夸张的,ADJ,B2
hide-and-seek,hide-and-seek,捉迷藏,NOUN,B2
suicidal,suicidal,自杀的,ADJ,B2
doctrinaire,doctrinaire,教条主义的,ADJ,B2
quotable,quotable,可估价的,ADJ,B2
tickle,tickle,发痒,NOUN,B2
compendium,compendium,纲要,NOUN,B2
tackling,tackling,马具,NOUN,B2
leafy,leafy,枝叶茂密的,ADJ,B2
furtive,furtive,鬼鬼祟祟的,ADJ,B2
exculpation,exculpation,开脱,NOUN,B2
countenance,countenance,面容,NOUN,B2
falconry,falconry,猎鹰术,NOUN,B2
conic,conic,圆锥曲线,NOUN,B2
disloyalty,disloyalty,不忠,NOUN,B2
herbaceous,herbaceous,草本的,ADJ,B2
alien,alien,外星人的,ADJ,B2
inflamed,inflamed,激烈的,ADJ,B2
informative,informative,提供信息的,ADJ,B2
aridity,aridity,干旱,NOUN,B2
epitaph,epitaph,墓志铭,NOUN,B2
indistinct,indistinct,模糊的,ADJ,B2
expeditious,expeditious,迅速的,ADJ,B2
varnish,varnish,清漆,NOUN,B2
duet,duet,二重奏,NOUN,B2
home-loving,home-loving,顾家的,ADJ,B2
pharisee,pharisee,法利赛人,NOUN,B2
gravid,gravid,怀孕的,ADJ,B2
condemned,condemned,被定罪的,ADJ,B2
delirious,delirious,谵妄的,ADJ,B2
apotheosis,apotheosis,神化,NOUN,B2
squid,squid,鱿鱼,NOUN,B2
unbridled,unbridled,肆无忌惮的,ADJ,B2
grotesque,grotesque,怪诞的,ADJ,B2
blazing,blazing,炽热的,ADJ,B2
revelry,revelry,狂欢,NOUN,B2
excavator,excavator,挖掘机,NOUN,B2
flaccid,flaccid,松弛的,ADJ,B2
egalitarian,egalitarian,平等主义的,ADJ,B2
cord,cord,绳索,NOUN,B2
disadvantageous,disadvantageous,不利的,ADJ,B2
foliage,foliage,枝叶,NOUN,B2
winding,winding,蜿蜒的,ADJ,B2
apoplexy,apoplexy,中风,NOUN,B2
intolerant,intolerant,不容忍的,ADJ,B2
japanese,japanese,日本的,ADJ,B2
pernicious,pernicious,有害的,ADJ,B2
speculator,speculator,投机者,NOUN,B2
lucidity,lucidity,清醒 / 明晰,NOUN,B2
infant,infant,婴儿,NOUN,B2
holder,holder,持有者,NOUN,B2
ataxia,ataxia,共济失调,NOUN,B2
slowdown,slowdown,减速,NOUN,B2
furrow,furrow,犁沟,NOUN,B2
unscathed,unscathed,未受伤害的,ADJ,B2
thrilling,thrilling,令人兴奋的,ADJ,B2
foal,foal,马驹,NOUN,B2
unilateral,unilateral,单方面的,ADJ,B2
perennial,perennial,长期的,ADJ,B2
bud,bud,芽,NOUN,B2
bridle,bridle,马勒,NOUN,B2
philippic,philippic,猛烈的抨击,NOUN,B2
painstakingly,painstakingly,细致地,ADV,B2
decor,decor,布景,NOUN,B2
scheduling,scheduling,调度；排序,NOUN,B2
editing,editing,剪辑,NOUN,B2
sordid,sordid,肮脏的,ADJ,B2
trusting,trusting,信任的,ADJ,B2
costly,costly,昂贵的,ADJ,B2
obtaining,obtaining,获得,NOUN,B2
luminous,luminous,发光的,ADJ,B2
prodigy,prodigy,神童,NOUN,B2
multinational,multinational,跨国公司,NOUN,B2
notarized,notarized,经公证的,ADJ,B2
psychiatric,psychiatric,精神病的,ADJ,B2
contaminated,contaminated,受污染的,ADJ,B2
fluctuating,fluctuating,波动的,ADJ,B2
polar,polar,极地的,ADJ,B2
respondent,respondent,被上诉人,NOUN,B2
lust,lust,欲望,NOUN,B2
catachresis,catachresis,词语误用,NOUN,B2
sophisticated,sophisticated,复杂的,ADJ,B2
respectful,respectful,恭敬的,ADJ,B2
charismatic,charismatic,有魅力的,ADJ,B2
constancy,constancy,恒定,NOUN,B2
reprieve,reprieve,暂缓执行,NOUN,B2
marvelous,marvelous,极好的,ADJ,B2
doe,doe,雌鹿,NOUN,B2
larva,larva,幼虫,NOUN,B2
bicameral,bicameral,两院制的,ADJ,B2
demographic,demographic,人口统计的,ADJ,B2
anaphora,anaphora,首语重复修辞,NOUN,B2
opacity,opacity,不透明性,NOUN,B2
taxonomy,taxonomy,分类学,NOUN,B2
advertising,advertising,广告的,ADJ,B2
pathogenic,pathogenic,致病的,ADJ,B2
relentlessness,relentlessness,不懈 / 猛烈,NOUN,B2
attractiveness,attractiveness,吸引力,NOUN,B2
tilt,tilt,倾斜,NOUN,B2
cornice,cornice,檐口,NOUN,B2
trapdoor,trapdoor,活板门,NOUN,B2
prosody,prosody,韵律学,NOUN,B2
others,others,他人,PRON,B2
courteous,courteous,有礼貌的,ADJ,B2
ballot,ballot,选票,NOUN,B2
jointly,jointly,共同地,ADV,B2
predominance,predominance,主导地位,NOUN,B2
balm,balm,香脂,NOUN,B2
masonry,masonry,砌体,NOUN,B2
chore,chore,家务,NOUN,B2
iatrogenic,iatrogenic,医源性的,ADJ,B2
prerogative,prerogative,特权,NOUN,B2
choreographer,choreographer,编舞者,NOUN,B2
amnesia,amnesia,健忘症,NOUN,B2
subtle,subtle,微妙的,ADJ,B2
corporatism,corporatism,法团主义,NOUN,B2
minimalism,minimalism,极简主义,NOUN,B2
security-related,security-related,安全的，安保的,ADJ,B2
atrophy,atrophy,萎缩,NOUN,B2
delicately,delicately,巧妙地,ADV,B2
personalized,personalized,个性化的,ADJ,B2
fold,fold,折痕,NOUN,B2
rustic,rustic,乡村的,ADJ,B2
doubling,doubling,加倍,NOUN,B2
breast,breast,乳房,NOUN,B2
particularly,particularly,特别地,ADV,B2
upheaval,upheaval,剧变,NOUN,B2
mound,mound,土堆,NOUN,B2
pallor,pallor,苍白,NOUN,B2
rout,rout,溃败,NOUN,B2
resourceful,resourceful,机灵的,ADJ,B2
granny,granny,奶奶,NOUN,B2
sheaf,sheaf,捆,NOUN,B2
locality,locality,地点,NOUN,B2
facies,facies,面貌,NOUN,B2
aphasia,aphasia,失语症,NOUN,B2
perpetual,perpetual,永久的,ADJ,B2
probe,probe,探测器,NOUN,B2
proliferation,proliferation,增殖,NOUN,B2
pantheon,pantheon,先贤祠,NOUN,B2
detainee,detainee,被拘留者,NOUN,B2
summarily,summarily,草率地,ADV,B2
perilous,perilous,危险的,ADJ,B2
factoring,factoring,保理,NOUN,B2
independently,independently,独立地,ADV,B2
severely,severely,严厉地,ADV,B2
traditionally,traditionally,传统地,ADV,B2
tenacity,tenacity,坚韧,NOUN,B2
politely,politely,礼貌地,ADV,B2
yoke,yoke,枷锁,NOUN,B2
cohort,cohort,队列,NOUN,B2
respective,respective,各自的,ADJ,B2
newcomer,newcomer,新来者,NOUN,B2
bookplate,bookplate,藏书票,NOUN,B2
frankly,frankly,坦率地,ADV,B2
passionate,passionate,热情的,ADJ,B2
panther,panther,豹,NOUN,B2
antisemitism,antisemitism,反犹太主义,NOUN,B2
invariably,invariably,不变地,ADV,B2
stall,stall,包厢座位,NOUN,B2
major,major,主要的,ADJ,B2
expatriate,expatriate,移居国外者,NOUN,B2
gallop,gallop,疾驰,NOUN,B2
array,array,排列,NOUN,B2
malfeasance,malfeasance,渎职,NOUN,B2
various,various,各种各样的,ADJ,B2
communist,communist,共产主义者,NOUN,B2
lymphatic,lymphatic,淋巴的,ADJ,B2
paradoxical,paradoxical,矛盾的,ADJ,B2
supreme,supreme,最高的,ADJ,B2
bump,bump,肿块,NOUN,B2
librarian,librarian,图书管理员,NOUN,B2
craze,craze,狂热,NOUN,B2
pedantry,pedantry,迂腐,NOUN,B2
bulgarian,bulgarian,保加利亚的,ADJ,B2
syllogism,syllogism,三段论,NOUN,B2
grumbler,grumbler,爱抱怨的人,NOUN,B2
prophylaxis,prophylaxis,预防,NOUN,B2
solipsism,solipsism,唯我论,NOUN,B2
detrimental,detrimental,有害的,ADJ,B2
mortality,mortality,死亡率,NOUN,B2
televised,televised,电视播出的,ADJ,B2
tirade,tirade,长篇抨击,NOUN,B2
rainy,rainy,多雨的,ADJ,B2
hesitant,hesitant,犹豫的,ADJ,B2
fit,fit,适合的,ADJ,B2
preliminary,preliminary,初步的,ADJ,B2
semantics,semantics,语义学,NOUN,B2
kindly,kindly,亲切地,ADV,B2
truism,truism,自明之理,NOUN,B2
civility,civility,礼貌,NOUN,B2
respite,respite,喘息,NOUN,B2
annexation,annexation,吞并,NOUN,B2
oligarchy,oligarchy,寡头政治,NOUN,B2
disciplinary,disciplinary,纪律的,ADJ,B2
bailiff,bailiff,法警,NOUN,B2
accuracy,accuracy,准确性,NOUN,B2
calmly,calmly,平静地,ADV,B2
predictable,predictable,可预测的,ADJ,B2
narcissistic,narcissistic,自恋的,ADJ,B2
mash,mash,泥状食物,NOUN,B2
nostalgia,nostalgia,怀旧,NOUN,B2
inexorably,inexorably,不可阻挡地,ADV,B2
vintage,vintage,佳酿,NOUN,B2
solitary,solitary,孤独的,ADJ,B2
relentless,relentless,无情的,ADJ,B2
pioneer,pioneer,先驱,NOUN,B2
frequently,frequently,经常,ADV,B2
pleura,pleura,胸膜,NOUN,B2
mascot,mascot,吉祥物,NOUN,B2
accessibility,accessibility,可达性,NOUN,B2
penalty,penalty,惩罚,NOUN,B2
damaging,damaging,有害的,ADJ,B2
trauma,trauma,创伤,NOUN,B2
merchandise,merchandise,商品,NOUN,B2
filming,filming,拍摄,NOUN,B2
separately,separately,分开地，单独地,ADV,B2
preponderant,preponderant,占优势的,ADJ,B2
pretentious,pretentious,自命不凡的,ADJ,B2
hike,hike,徒步旅行,NOUN,B2
potentially,potentially,潜在地,ADV,B2
straw,straw,稻草,NOUN,B2
acoustic,acoustic,声学的,ADJ,B2
naturally,naturally,自然地,ADV,B2
know-how,know-how,诀窍,NOUN,B2
precarious,precarious,不稳定的,ADJ,B2
flesh,flesh,肉,NOUN,B2
lubricity,lubricity,好色 / 淫荡,NOUN,B2
talented,talented,有才华的,ADJ,B2
apocalyptic,apocalyptic,启示录的,ADJ,B2
offense,offense,冒犯,NOUN,B2
peritoneum,peritoneum,腹膜,NOUN,B2
this,this,这,PRON,B2
hacking,hacking,黑客行为,NOUN,B2
layperson,layperson,外行,NOUN,B2
fulfilled,fulfilled,满足的,ADJ,B2
awful,awful,糟糕的,ADJ,B2
braggadocio,braggadocio,吹牛,NOUN,B2
tertiary,tertiary,第三的,ADJ,B2
planning,planning,规划,NOUN,B2
screenwriter,screenwriter,编剧,NOUN,B2
tenor,tenor,男高音,NOUN,B2
resonant,resonant,共鸣的,ADJ,B2
touchy,touchy,易怒的,ADJ,B2
antiquated,antiquated,过时的,ADJ,B2
unforeseen,unforeseen,意外的,ADJ,B2
occult,occult,神秘的,ADJ,B2
notch,notch,刻痕,NOUN,B2
subcontracting,subcontracting,分包,NOUN,B2
volunteering,volunteering,志愿服务,NOUN,B2
spade,spade,铲子,NOUN,B2
subtlety,subtlety,微妙,NOUN,B2
abusive,abusive,滥用的,ADJ,B2
persistence,persistence,坚持,NOUN,B2
cutting,cutting,切割,NOUN,B2
revival,revival,复兴,NOUN,B2
precocious,precocious,早熟的,ADJ,B2
regulatory,regulatory,监管的,ADJ,B2
versatile,versatile,多才多艺的,ADJ,B2
gently,gently,轻轻地,ADV,B2
microwave,microwave,微波炉,NOUN,B2
harsh,harsh,严厉的,ADJ,B2
taxable,taxable,应纳税的,ADJ,B2
breakup,breakup,分手,NOUN,B2
historically,historically,历史上,ADV,B2
preferable,preferable,更可取的,ADJ,B2
elation,elation,兴高采烈,NOUN,B2
onomatopoeia,onomatopoeia,拟声词,NOUN,B2
resumption,resumption,恢复,NOUN,B2
pusillanimous,pusillanimous,怯懦的,ADJ,B2
their,their,他们的,DET,B2
decontamination,decontamination,去污,NOUN,B2
perceptibly,perceptibly,明显地,ADV,B2
sentinel,sentinel,哨兵,NOUN,B2
precision,precision,精确,NOUN,B2
parsimonious,parsimonious,吝啬的,ADJ,B2
quiddity,quiddity,本质,NOUN,B2
bodywork,bodywork,车身,NOUN,B2
renunciation,renunciation,放弃,NOUN,B2
canvas,canvas,帆布,NOUN,B2
formally,formally,正式地,ADV,B2
loop,loop,循环,NOUN,B2
mercenary,mercenary,雇佣兵,NOUN,B2
angelic,angelic,天使般的,ADJ,B2
disdainfully,disdainfully,轻蔑地,ADV,B2
lesion,lesion,病变,NOUN,B2
residual,residual,残留的,ADJ,B2
cooking,cooking,烹饪,NOUN,B2
sorting,sorting,分类,NOUN,B2
innocuous,innocuous,无害的,ADJ,B2
perverse,perverse,任性的,ADJ,B2
dishonest,dishonest,不诚实的,ADJ,B2
posthumous,posthumous,死后的,ADJ,B2
freely,freely,自由地,ADV,B2
recreation,recreation,娱乐,NOUN,B2
oxymoron,oxymoron,矛盾修辞法,NOUN,B2
redundancy,redundancy,冗余,NOUN,B2
angular,angular,有角的,ADJ,B2
sedition,sedition,煽动叛乱,NOUN,B2
pickaxe,pickaxe,镐；锄,NOUN,B2
notably,notably,显著地,ADV,B2
semolina,semolina,粗面粉,NOUN,B2
antecedent,antecedent,先行词,NOUN,B2
acclimatization,acclimatization,适应环境,NOUN,B2
probity,probity,正直,NOUN,B2
sensual,sensual,感官的,ADJ,B2
malevolence,malevolence,恶意,NOUN,B2
theologian,theologian,神学家,NOUN,B2
specious,specious,似是而非的,ADJ,B2
drawback,drawback,缺点,NOUN,B2
peroration,peroration,结语,NOUN,B2
food-processing,food-processing,食品加工的,ADJ,B2
parataxis,parataxis,意合,NOUN,B2
hostess,hostess,女服务员,NOUN,B2
obstetrics,obstetrics,产科学,NOUN,B2
wrongdoer,wrongdoer,罪犯,NOUN,B2
guru,guru,精神导师,NOUN,B2
freshly,freshly,新鲜地,ADV,B2
perfidy,perfidy,背信弃义,NOUN,B2
cordially,cordially,亲切地,ADV,B2
manually,manually,手动地,ADV,B2
slang,slang,俚语,NOUN,B2
diagonal,diagonal,对角线,NOUN,B2
depressive,depressive,抑郁的，压抑的,ADJ,B2
lawnmower,lawnmower,割草机,NOUN,B2
proportional,proportional,成比例的,ADJ,B2
picking,picking,采摘,NOUN,B2
airfield,airfield,飞机场,NOUN,B2
apodictic,apodictic,确证的,ADJ,B2
indirectly,indirectly,间接地,ADV,B2
magnesium,magnesium,镁,NOUN,B2
quashing,quashing,撤销,NOUN,B2
recruiter,recruiter,招聘人员,NOUN,B2
toad,toad,蟾蜍,NOUN,B2
sovereigntist,sovereigntist,主权主义者,NOUN,B2
clumsiness,clumsiness,笨拙,NOUN,B2
caterpillar,caterpillar,毛毛虫,NOUN,B2
sincerely,sincerely,真诚地,ADV,B2
typology,typology,类型学,NOUN,B2
heatwave,heatwave,热浪,NOUN,B2
stressful,stressful,有压力的,ADJ,B2
unofficially,unofficially,非正式地,ADV,B2
triangular,triangular,三角形的,ADJ,B2
pitchfork,pitchfork,叉子,NOUN,B2
french-speaking,french-speaking,讲法语的,ADJ,B2
symptomatology,symptomatology,症状学,NOUN,B2
indiscriminately,indiscriminately,不加区别地,ADV,B2
legatee,legatee,受遗赠人,NOUN,B2
juvenile,juvenile,青少年的,ADJ,B2
consecutive,consecutive,连续的,ADJ,B2
penal,penal,刑事的,ADJ,B2
pamphleteer,pamphleteer,小册子作者,NOUN,B2
segregation,segregation,隔离，分离,NOUN,B2
moralism,moralism,道德主义,NOUN,B2
sexism,sexism,性别歧视,NOUN,B2
coastal,coastal,沿海的,ADJ,B2
lukewarm,lukewarm,微温的,ADJ,B2
marrow,marrow,骨髓,NOUN,B2
bistro,bistro,小酒馆,NOUN,B2
untouchable,untouchable,不可触碰的,ADJ,B2
alternatively,alternatively,交替地,ADV,B2
socialist,socialist,社会主义者,NOUN,B2
obsequiousness,obsequiousness,谄媚,NOUN,B2
heartening,heartening,令人高兴的,ADJ,B2
roman,roman,罗马的,ADJ,B2
heroically,heroically,英勇地,ADV,B2
flint,flint,燧石,NOUN,B2
obsequiously,obsequiously,谄媚地,ADV,B2
telephony,telephony,电话学,NOUN,B2
food,food,食品的,ADJ,B2
carcass,carcass,骨架,NOUN,B2
symphonic,symphonic,交响乐的,ADJ,B2
treat,treat,盛宴,NOUN,B2
generational,generational,代际的,ADJ,B2
alpine,alpine,高山的,ADJ,B2
servilely,servilely,奴性地,ADV,B2
checkbook,checkbook,支票簿,NOUN,B2
productive,productive,多产的,ADJ,B2
asphyxia,asphyxia,窒息,NOUN,B2
populist,populist,民粹主义者,NOUN,B2
rapper,rapper,说唱歌手,NOUN,B2
marshal,marshal,元帅,NOUN,B2
purely,purely,纯粹地,ADV,B2
currant,currant,醋栗,NOUN,B2
anarchist,anarchist,无政府主义者,NOUN,B2
manifestly,manifestly,明显地,ADV,B2
irregular,irregular,不规则的,ADJ,B2
jurisconsult,jurisconsult,法学专家,NOUN,B2
worrying,worrying,令人担忧的,ADJ,B2
oyster,oyster,牡蛎,NOUN,B2
underground,underground,地下的,ADJ,B2
retiree,retiree,退休人员,NOUN,B2
reproducibility,reproducibility,可重复性,NOUN,B2
agitated,agitated,焦躁的,ADJ,B2
nationalist,nationalist,民族主义者,NOUN,B2
productivist,productivist,生产至上主义的,ADJ,B2
pictorial,pictorial,绘画的,ADJ,B2
fingernail,fingernail,指甲,NOUN,B2
marginally,marginally,边缘地,ADV,B2
biologist,biologist,生物学家,NOUN,B2
polysyndeton,polysyndeton,连词叠用,NOUN,B2
recourse,recourse,求助,NOUN,B2
geriatrics,geriatrics,老年医学,NOUN,B2
playable,playable,可演奏的,ADJ,B2
hyperthermia,hyperthermia,体温过高,NOUN,B2
preterition,preterition,假托,NOUN,B2
nitrogen,nitrogen,氮,NOUN,B2
preacher,preacher,传教士,NOUN,B2
traumatic,traumatic,创伤的,ADJ,B2
several,several,若干,NOUN,B2
parable,parable,寓言,NOUN,B2
priority,priority,优先的,ADJ,B2
most,most,大多数,PRON,B2
fistula,fistula,瘘管,NOUN,B2
artificially,artificially,人为地,ADV,B2
forfeiture,forfeiture,丧失,NOUN,B2
recruit,recruit,新兵,NOUN,B2
genetically,genetically,遗传地,ADV,B2
subsidiarity,subsidiarity,辅助性原则,NOUN,B2
co-ownership,co-ownership,共有产权,NOUN,B2
momentarily,momentarily,暂时地,ADV,B2
paralogism,paralogism,谬误推理,NOUN,B2
cyst,cyst,囊肿,NOUN,B2
resection,resection,切除术,NOUN,B2
patently,patently,显然地,ADV,B2
tuberculosis,tuberculosis,结核病,NOUN,B2
blender,blender,搅拌机,NOUN,B2
degenerative,degenerative,退化的,ADJ,B2
fresco,fresco,壁画,NOUN,B2
footage,footage,镜头长度,NOUN,B2
droppings,droppings,粪便,NOUN,B2
cruelly,cruelly,残酷地,ADV,B2
selectively,selectively,有选择地,ADV,B2
lily,lily,百合,NOUN,B2
illuminator,illuminator,彩饰画家,NOUN,B2
acronym,acronym,首字母缩略词,NOUN,B2
similarly,similarly,同样地,ADV,B2
bedsheet,bedsheet,床单,NOUN,B2
surplus,surplus,过剩的,ADJ,B2
fishing,fishing,钓鱼,NOUN,B2
cross-border,cross-border,边境的,ADJ,B2
community-related,community-related,社区的,ADJ,B2
dynamism,dynamism,活力,NOUN,B2
great-grandfather,great-grandfather,曾祖父,NOUN,B2
supportive,supportive,团结的,ADJ,B2
tarragon,tarragon,龙蒿,NOUN,B2
regeneration,regeneration,再生,NOUN,B2
scales,scales,秤,NOUN,B2
trilemma,trilemma,三难困境,NOUN,B2
indebted,indebted,负债的,ADJ,B2
skating,skating,滑冰,NOUN,B2
malaria,malaria,疟疾,NOUN,B2
boastfulness,boastfulness,吹嘘,NOUN,B2
anagram,anagram,字谜游戏,NOUN,B2
cinematographic,cinematographic,电影的,ADJ,B2
hematoma,hematoma,血肿,NOUN,B2
malefic,malefic,邪恶的,ADJ,B2
enslavement,enslavement,奴役,NOUN,B2
chauvinism,chauvinism,沙文主义,NOUN,B2
striped,striped,有条纹的,ADJ,B2
oligopoly,oligopoly,寡头垄断,NOUN,B2
breathing,breathing,呼吸,NOUN,B2
laundering,laundering,洗钱,NOUN,B2
systematically,systematically,系统地,ADV,B2
accordion,accordion,手风琴,NOUN,B2
naturalization,naturalization,入籍,NOUN,B2
exceptionality,exceptionality,特殊性,NOUN,B2
christianity,christianity,基督教,NOUN,B2
synoptic,synoptic,概要的,ADJ,B2
satisfying,satisfying,令人满意的,ADJ,B2
conceptual,conceptual,概念的,ADJ,B2
remaining,remaining,,NOUN,B2
danish,danish,丹麦的,ADJ,B2
norwegian,norwegian,挪威的,ADJ,B2
exclusionary,exclusionary,排他性的,ADJ,B2
concessionary,concessionary,让步的,ADJ,B2
continual,continual,持续的,ADJ,B2
only,only,而已,SCONJ,B2
egyptian,egyptian,埃及的,ADJ,B2
diverse,diverse,多样的,ADJ,B2
depicting,depicting,描绘的,ADJ,B2
religiousness,religiousness,虔诚,NOUN,B2
dissociation,dissociation,解离,NOUN,B2
timeline,timeline,时间线,NOUN,B2
directorship,directorship,董事职位,NOUN,B2
bleak,bleak,无望的,ADJ,B2
orderliness,orderliness,有序性,NOUN,B2
retranslation,retranslation,重译,NOUN,B2
truthful,truthful,忠于事实的,ADJ,B2
concave,concave,凹的,ADJ,B2
provincial,provincial,地方的,ADJ,B2
compulsiveness,compulsiveness,强迫性,NOUN,B2
windless,windless,无风的,ADJ,B2
furnishing,furnishing,室内布置,NOUN,B2
oppressive,oppressive,压迫的,ADJ,B2
extinct,extinct,灭绝的,ADJ,B2
liquid,liquid,液态的,ADJ,B2
dismal,dismal,令人失望的,ADJ,B2
gloriousness,gloriousness,光荣,NOUN,B2
valid,valid,有效的,ADJ,B2
male,male,男性,NOUN,B2
grandparenthood,grandparenthood,祖父母身份,NOUN,B2
explicable,explicable,可解释的,ADJ,B2
constructivism,constructivism,建构主义,NOUN,B2
minuscule,minuscule,极小的,ADJ,B2
catalogue,catalogue,目录,NOUN,B2
gosh,gosh,天哪,INTJ,B2
unctuous,unctuous,谄媚的,ADJ,B2
abominable,abominable,可憎的,ADJ,B2
informedness,informedness,知情度,NOUN,B2
metabolic,metabolic,代谢的,ADJ,B2
southeast,southeast,东南,NOUN,B2
gracious,gracious,亲切的,ADJ,B2
gratuity,gratuity,酬金,NOUN,B2
mainstream,mainstream,主流的,ADJ,B2
steering,steering,掌舵的,ADJ,B2
bloodthirsty,bloodthirsty,嗜血的,ADJ,B2
maximal,maximal,最大的,ADJ,B2
tolerant,tolerant,宽容的,ADJ,B2
sporty,sporty,运动的,ADJ,B2
australian,australian,澳大利亚的,ADJ,B2
terminal,terminal,终末的,ADJ,B2
finance,finance,金融,NOUN,B2
shading,shading,阴影,NOUN,B2
systemless,systemless,无系统的,ADJ,B2
spot,spot,地点,NOUN,B2
showing,showing,表现,NOUN,B2
virginal,virginal,处女的,ADJ,B2
line-up,line-up,阵容,NOUN,B2
selfish,selfish,,NOUN,B2
redundant,redundant,多余的,ADJ,B2
budgetable,budgetable,可预算的,ADJ,B2
colour,colour,颜色,NOUN,B2
reproachable,reproachable,应受责备的,ADJ,B2
minus,minus,减,NOUN,B2
accessible,accessible,易接近的,ADJ,B2
viewer,viewer,观众,NOUN,B2
average,average,平均数,NOUN,B2
correctness,correctness,正确性,NOUN,B2
audible,audible,听得见的,ADJ,B2
collegial,collegial,同事的,ADJ,B2
mannerly,mannerly,有礼貌的,ADJ,B2
hollowed,hollowed,掏空的,ADJ,B2
zoo,zoo,动物园,NOUN,B2
syndrome,syndrome,综合征,NOUN,B2
gynaecology,gynaecology,妇科,NOUN,B2
curbing,curbing,遏制,NOUN,B2
remarkable,remarkable,非凡的,ADJ,B2
embargo,embargo,禁运,NOUN,B2
technocratic,technocratic,技术官僚的,ADJ,B2
moralizing,moralizing,说教的,ADJ,B2
expressiveness,expressiveness,表现力,NOUN,B2
versus,versus,对,ADP,B2
yourself,yourself,你自己,PRON,B2
malicious,malicious,恶意的,ADJ,B2
closer,closer,更近的,ADJ,B2
conspiratorial,conspiratorial,阴谋的,ADJ,B2
guidance,guidance,指导,NOUN,B2
benignity,benignity,良性,NOUN,B2
desirability,desirability,可取性,NOUN,B2
liberalize,liberalize,自由化,! VERB,B2
grammaticality,grammaticality,合语法性,NOUN,B2
alienating,alienating,使人疏远的,ADJ,B2
avoidable,avoidable,可避免的,ADJ,B2
surgical,surgical,外科的,ADJ,B2
irish,irish,爱尔兰的,ADJ,B2
universities,universities,大学,NOUN,B2
entranced,entranced,痴迷的,ADJ,B2
aghast,aghast,惊骇的,ADJ,B2
diction,diction,措辞,NOUN,B2
misplaced,misplaced,不合时宜的,ADJ,B2
marginal,marginal,边缘的,ADJ,B2
cohort-based,cohort-based,队列的,ADJ,B2
publicity,publicity,宣传,NOUN,B2
spiritual,spiritual,精神的,ADJ,B2
physiotherapy,physiotherapy,物理治疗,NOUN,B2
founding,founding,成立,NOUN,B2
unscrupulousness,unscrupulousness,毫无良知,NOUN,B2
consolidating,consolidating,巩固的,ADJ,B2
eclecticism,eclecticism,折衷主义,NOUN,B2
statistic,statistic,统计数据,NOUN,B2
dentition,dentition,牙齿,NOUN,B2
conference-based,conference-based,会议的,ADJ,B2
plucky,plucky,勇敢的,ADJ,B2
two-dimensional,two-dimensional,二维的,ADJ,B2
purifying,purifying,净化的,ADJ,B2
factual,factual,事实的,ADJ,B2
sighing,sighing,叹息的,ADJ,B2
nauseous,nauseous,恶心的,ADJ,B2
cult,cult,邪教,NOUN,B2
effortless,effortless,不费力的,ADJ,B2
portuguese,portuguese,葡萄牙语,NOUN,B2
meaningful,meaningful,有意义的,ADJ,B2
moreover,moreover,而且,CCONJ,B2
contested,contested,有争议的,ADJ,B2
convertible,convertible,可兑换的,ADJ,B2
upwards,upwards,向上,ADV,B2
on,on,进行中,ADV,B2
altruistic,altruistic,利他的,ADJ,B2
hence,hence,因此,ADV,B2
jaded,jaded,厌倦的,ADJ,B2
dominance,dominance,威权,NOUN,B2
immanence,immanence,内在性,NOUN,B2
coming,coming,即将到来的,ADJ,B2
well-groomed,well-groomed,整洁的,ADJ,B2
hassle,hassle,麻烦,NOUN,B2
headscarf,headscarf,头巾,NOUN,B2
courageous,courageous,勇敢的,ADJ,B2
posh,posh,上流的,ADJ,B2
daft,daft,傻的,ADJ,B2
abolition,abolition,废除,NOUN,B2
merger,merger,合并,NOUN,B2
emaciating,emaciating,消耗的,ADJ,B2
bisexual,bisexual,双性恋的,ADJ,B2
connecting,connecting,连接的,ADJ,B2
proliferate,proliferate,扩散,! VERB,B2
milky,milky,乳白色的,ADJ,B2
variation,variation,变化,NOUN,B2
april,april,四月,NOUN,B2
mysticism,mysticism,神秘主义,NOUN,B2
humanities,humanities,人文学科,NOUN,B2
bit,bit,一点,NOUN,B2
peddler,peddler,小贩,NOUN,B2
broadening,broadening,拓宽,NOUN,B2
radius,radius,半径,NOUN,B2
decibel,decibel,分贝,NOUN,B2
minor,minor,较小的,ADJ,B2
florid,florid,辞藻华丽的,ADJ,B2
dislike,dislike,厌恶,NOUN,B2
syrian,syrian,叙利亚的,ADJ,B2
worldly,worldly,世俗的,ADJ,B2
contentious,contentious,有争议的,ADJ,B2
communautarization,communautarization,社群化,NOUN,B2
connotative,connotative,内涵的,ADJ,B2
macroeconomic,macroeconomic,宏观经济学的,ADJ,B2
neighbour,neighbour,邻居,NOUN,B2
schoolboy,schoolboy,学生,NOUN,B2
turbulent,turbulent,动荡的,ADJ,B2
microscopic,microscopic,微观的,ADJ,B2
toothless,toothless,无齿的,ADJ,B2
heath,heath,石楠荒原,NOUN,B2
guilder,guilder,盾,NOUN,B2
financier,financier,资助者,NOUN,B2
filipino,filipino,菲律宾的,ADJ,B2
multipart,multipart,多部分的,ADJ,B2
all-round,all-round,全面的,ADJ,B2
her,her,她的,DET,B2
vacuum,vacuum,真空的,ADJ,B2
newsletter,newsletter,简报,NOUN,B2
whisk,whisk,打蛋器,NOUN,B2
suspended,suspended,悬浮的,ADJ,B2
axiomatic,axiomatic,公理的,ADJ,B2
antisocial,antisocial,反社会的,ADJ,B2
transition,transition,过渡,NOUN,B2
amicable,amicable,友好的,ADJ,B2
fatsoenlijk,fatsoenlijk,体面的,ADJ,B2
vs,vs,与...相对,ADP,B2
mayoral,mayoral,市长的,ADJ,B2
bent,bent,弯的,ADJ,B2
inventorying,inventorying,清点,NOUN,B2
analytical,analytical,分析的,ADJ,B2
life-size,life-size,真人大小的,ADJ,B2
bilateral,bilateral,双边的,ADJ,B2
collectomania,collectomania,收藏癖,NOUN,B2
workable,workable,可加工的,ADJ,B2
composable,composable,可组合的,ADJ,B2
disco,disco,迪厅,NOUN,B2
laptop,laptop,笔记本电脑,NOUN,B2
legation,legation,公使馆,NOUN,B2
inflexibility,inflexibility,僵化,NOUN,B2
insightfulness,insightfulness,洞察,NOUN,B2
catastrophic,catastrophic,灾难性的,ADJ,B2
megalomanic,megalomanic,狂妄自大的,ADJ,B2
contractual,contractual,合同的,ADJ,B2
aloud,aloud,出声地,ADV,B2
memorable,memorable,难忘的,ADJ,B2
factionalism,factionalism,派系主义,NOUN,B2
austrian,austrian,奥地利的,ADJ,B2
frictionless,frictionless,无摩擦的,ADJ,B2
off,off,关,ADP,B2
fatty,fatty,脂肪的,ADJ,B2
ceremonial,ceremonial,仪式的,ADJ,B2
heated,heated,激昂的,ADJ,B2
constitutive,constitutive,构成的,ADJ,B2
meek,meek,温顺的,ADJ,B2
contaminating,contaminating,污染的,ADJ,B2
conversional,conversional,转换的,ADJ,B2
federalization,federalization,联邦化,NOUN,B2
gravitational,gravitational,引力的,ADJ,B2
amusement,amusement,娱乐,NOUN,B2
paralysed,paralysed,瘫痪的,ADJ,B2
petrol,petrol,汽油,NOUN,B2
holism,holism,整体论,NOUN,B2
destined,destined,,NOUN,B2
licentious,licentious,放荡的,ADJ,B2
visible,visible,可见的,ADJ,B2
few,few,几下,NOUN,B2
swiss,swiss,瑞士的,ADJ,B2
atheistic,atheistic,无神论的,ADJ,B2
accountable,accountable,负责任的,ADJ,B2
guideline,guideline,指导方针,NOUN,B2
provisional,provisional,临时的,ADJ,B2
lacunary,lacunary,残缺的,ADJ,B2
utility,utility,效用,NOUN,B2
irrelevance,irrelevance,无关,NOUN,B2
associated,associated,相关的,ADJ,B2
southwest,southwest,西南的,ADJ,B2
commencement,commencement,开始,NOUN,B2
heartfelt,heartfelt,衷心的,ADJ,B2
trivializable,trivializable,可轻描淡写的,ADJ,B2
bombardment,bombardment,轰炸,NOUN,B2
dutchman,dutchman,荷兰人,NOUN,B2
to,to,去,PART,B2
egocentrism,egocentrism,自我中心,NOUN,B2
palestinian,palestinian,巴勒斯坦的,ADJ,B2
toys,toys,玩具,NOUN,B2
endowed,endowed,有天赋的,ADJ,B2
hungarian,hungarian,匈牙利的,ADJ,B2
sympathetic,sympathetic,同情的,ADJ,B2
run-up,run-up,助跑,NOUN,B2
manual,manual,手工的,ADJ,B2
flemish,flemish,佛兰芒的,ADJ,B2
toothbrush,toothbrush,牙刷,NOUN,B2
motor,motor,运动的,ADJ,B2
ukrainian,ukrainian,乌克兰的,ADJ,B2
metamorphic,metamorphic,变质的,ADJ,B2
elderly,elderly,老年人,NOUN,B2
brazilian,brazilian,巴西的,ADJ,B2
nuts,nuts,疯狂的,ADJ,B2
coloredness,coloredness,有色性,NOUN,B2
berlijns,berlijns,柏林的,ADJ,B2
judgement,judgement,评估,NOUN,B2
manipulable,manipulable,可操纵的,ADJ,B2
depicted,depicted,描绘的,ADJ,B2
many,many,许多,DET,B2
cosmetics,cosmetics,化妆品,NOUN,B2
structuredness,structuredness,结构性,NOUN,B2
solemn,solemn,,NOUN,B2
habitlessness,habitlessness,无习惯,NOUN,B2
increasing,increasing,增加的,ADJ,B2
your,your,你的,PRON,B2
folksy,folksy,乡土的,ADJ,B2
redrawing,redrawing,重新绘制,NOUN,B2
largely,largely,主要地,ADV,B2
editor-in-chief,editor-in-chief,主编,NOUN,B2
documentation,documentation,文献,NOUN,B2
outside,outside,在外面,ADP,B2
balancing,balancing,平衡的,ADJ,B2
shit,shit,该死的,ADJ,B2
dispirited,dispirited,沮丧的,ADJ,B2
potential,potential,潜在的,ADJ,B2
ourselves,ourselves,我们自己,PRON,B2
explanatory,explanatory,解释的,ADJ,B2
bleeding,bleeding,流血的,ADJ,B2
arabic,arabic,阿拉伯的,ADJ,B2
demotion,demotion,降职,NOUN,B2
tram,tram,有轨电车,NOUN,B2
provable,provable,可证明的,ADJ,B2
some,some,一些,PRON,B2
owed,owed,欠下的,ADJ,B2
midfielder,midfielder,中场球员,NOUN,B2
liberating,liberating,解放的,ADJ,B2
healthcare,healthcare,医疗保健,NOUN,B2
figuration,figuration,群演,NOUN,B2
inactivity,inactivity,不活跃,NOUN,B2
plenty,plenty,充足地,ADV,B2
myself,myself,我自己,PRON,B2
disharmony,disharmony,不和谐,NOUN,B2
barbarization,barbarization,野蛮化,NOUN,B2
it,it,信息技术,NOUN,B2
governable,governable,可管理的,ADJ,B2
paving,paving,铺路,NOUN,B2
fabulist,fabulist,幻想家,NOUN,B2
regardless,regardless,不管,ADP,B2
twofold,twofold,双重的,ADJ,B2
sentences,sentences,句子,NOUN,B2
alternating,alternating,交替的,ADJ,B2
removed,removed,移除的,ADJ,B2
hem,hem,边缘,NOUN,B2
rightly,rightly,正确地,ADV,B2
brabant,brabant,布拉班特的,ADJ,B2
domineeringness,domineeringness,支配欲,NOUN,B2
lifelong,lifelong,终身,ADJ,B2
deputation,deputation,代表团,NOUN,B2
people,people,人们,PRON,B2
meandering,meandering,蜿蜒的,ADJ,B2
both,both,两者的,ADJ,B2
past,past,过去,ADP,B2
dutch,dutch,荷兰语,NOUN,B2
below,below,下面的,ADJ,B2
full-time,full-time,全职,ADJ,B2
conviviality,conviviality,温馨,NOUN,B2
lawless,lawless,无法的,ADJ,B2
neatly,neatly,整洁地,ADV,B2
contactual,contactual,接触的,ADJ,B2
compostable,compostable,可堆肥的,ADJ,B2
century-old,century-old,世纪的,ADJ,B2
self-interest,self-interest,私利,NOUN,B2
collectivization,collectivization,集体化,NOUN,B2
fishery,fishery,渔业,NOUN,B2
liminal,liminal,阈限的,ADJ,B2
tactless,tactless,不得体的,ADJ,B2
euphemistic,euphemistic,委婉的,ADJ,B2
patricide,patricide,弑父,NOUN,B2
megalomania,megalomania,狂妄自大,NOUN,B2
lingual,lingual,语言的,ADJ,B2
classicist,classicist,古典主义的,ADJ,B2
tiring,tiring,令人疲倦的,ADJ,B2
conformist,conformist,从众的,ADJ,B2
middle,middle,中间,ADV,B2
nonviolence,nonviolence,非暴力,NOUN,B2
inherence,inherence,固有,NOUN,B2
convolutional,convolutional,卷积的,ADJ,B2
argentinian,argentinian,阿根廷的,ADJ,B2
predisposition,predisposition,天赋,NOUN,B2
marshy,marshy,沼泽般的,ADJ,B2
whey,whey,乳清,NOUN,B2
brainy,brainy,聪明的,ADJ,B2
collectie,collectie,收藏,NOUN,B2
unwanted,unwanted,不受欢迎的,ADJ,B2
good-naturedness,good-naturedness,温和,NOUN,B2
labile,labile,不稳定的,ADJ,B2
consumptive,consumptive,消费的,ADJ,B2
incompleteness,incompleteness,不完整,NOUN,B2
czech,czech,捷克的,ADJ,B2
backyard,backyard,后院,NOUN,B2
variable,variable,多变的,ADJ,B2
indonesian,indonesian,印度尼西亚的,ADJ,B2
processing,processing,处理,NOUN,B2
salon,salon,沙龙,NOUN,B2
snazzy,snazzy,时髦的,ADJ,B2
fired,fired,被解雇的,ADJ,B2
sibling,sibling,兄弟姐妹,NOUN,B2
kidnapped,kidnapped,被绑架的,ADJ,B2
demonstrative,demonstrative,演示的,ADJ,B2
underclass,underclass,底层,NOUN,B2
gaping,gaping,,NOUN,B2
ribs,ribs,肋骨,NOUN,B2
nourishment,nourishment,营养,NOUN,B2
self-esteem,self-esteem,自尊,NOUN,B2
mapping,mapping,梳理,NOUN,B2
strangely,strangely,奇怪地,ADV,B2
terrorists,terrorists,恐怖分子们,NOUN,B2
nah,nah,不,INTJ,B2
bro,bro,哥们,NOUN,B2
fascinated,fascinated,着迷的,ADJ,B2
moose,moose,驼鹿,NOUN,B2
citrus,citrus,柑橘,NOUN,B2
civilisation,civilisation,文明,NOUN,B2
abroad,abroad,在国外,ADV,B2
underworld,underworld,地下世界,NOUN,B2
suite,suite,套房,NOUN,B2
recall,recall,回忆,NOUN,B2
thoughtfully,thoughtfully,体贴地,ADV,B2
motel,motel,汽车旅馆,NOUN,B2
parcel,parcel,包裹,NOUN,B2
enormously,enormously,巨大地,ADV,B2
light-year,light-year,,NOUN,B2
inboard,inboard,船内的,ADV,B2
filled,filled,充满的,ADJ,B2
younger,younger,较年轻的,ADJ,B2
balsam,balsam,香脂,NOUN,B2
roadblock,roadblock,,NOUN,B2
dozens,dozens,数十个,NOUN,B2
decimal,decimal,小数,NOUN,B2
so-called,so-called,,NOUN,B2
all-clear,all-clear,许可信号,NOUN,B2
chili,chili,辣椒,NOUN,B2
databas,databas,数据库,NOUN,B2
malmo,malmo,马尔默,PROPN,B2
loathing,loathing,,NOUN,B2
darn,darn,哎呀,INTJ,B2
drugs,drugs,毒品,NOUN,B2
lower,lower,较低的,ADJ,B2
hint,hint,暗示,NOUN,B2
strenuous,strenuous,费力的,ADJ,B2
nerd,nerd,书呆子,NOUN,B2
explosives,explosives,炸药,NOUN,B2
mafia,mafia,黑手党,NOUN,B2
greetings,greetings,,NOUN,B2
ears,ears,耳朵,NOUN,B2
parent-friendly,parent-friendly,,NOUN,B2
certainly,certainly,当然,INTJ,B2
sliding,sliding,滑动的,ADJ,B2
lab,lab,实验室,NOUN,B2
morphine,morphine,吗啡,NOUN,B2
clear,clear,当然,ADV,B2
twenty-two-year-old,twenty-two-year-old,,NOUN,B2
pier,pier,码头,NOUN,B2
penance,penance,忏悔,NOUN,B2
sailboat,sailboat,,NOUN,B2
fast,fast,快地,ADV,B2
monarchy,monarchy,君主制,NOUN,B2
pants,pants,裤子,NOUN,B2
stolen,stolen,被偷的,ADJ,B2
funniness,funniness,,NOUN,B2
outbreak,outbreak,爆发,NOUN,B2
premium,premium,溢价,NOUN,B2
grille,grille,格栅,NOUN,B2
single,single,单曲,NOUN,B2
gothenburg,gothenburg,哥德堡,PROPN,B2
managed,managed,,NOUN,B2
literally,literally,字面上地,ADV,B2
sweetness,sweetness,,NOUN,B2
hooray,hooray,万岁,INTJ,B2
thereafter,thereafter,此后,ADV,B2
although,although,尽管,CCONJ,B2
latest,latest,最新的,ADJ,B2
its,its,它的,PRON,B2
bigwig,bigwig,大人物,NOUN,B2
something,something,شي,NOUN,B2
magically,magically,魔法地,ADV,B2
concussion,concussion,脑震荡,NOUN,B2
bigger,bigger,更大的,ADJ,B2
agree,agree,一致,ADJ,B2
conifer,conifer,针叶树,NOUN,B2
sure,sure,当然,ADV,B2
starved,starved,饥饿的,ADJ,B2
artistry,artistry,,NOUN,B2
half-year,half-year,半年,NOUN,B2
hither,hither,到这里,ADV,B2
contacts,contacts,人脉,NOUN,B2
hanged,hanged,被绞死的,ADJ,B2
butt,butt,臀部,NOUN,B2
violently,violently,暴力地,ADV,B2
these,these,这些,PRON,B2
disposition,disposition,性情,NOUN,B2
itself,itself,它自己,PRON,B2
sentenced,sentenced,被判刑的,ADJ,B2
scientists,scientists,科学家,NOUN,B2
lots,lots,大量,NOUN,B2
self-image,self-image,自我形象,NOUN,B2
ace,ace,王牌,NOUN,B2
values,values,价值观,NOUN,B2
atm,atm,自动取款机,NOUN,B2
definite,definite,明确的,ADJ,B2
evenly,evenly,均匀地,ADV,B2
nuance,nuance,细微差别,NOUN,B2
bags,bags,包,NOUN,B2
long,long,,NOUN,B2
hag,hag,老妇,NOUN,B2
stably,stably,稳定地,ADV,B2
eating,eating,,NOUN,B2
mustache,mustache,胡子,NOUN,B2
sinner,sinner,罪人,NOUN,B2
shortly,shortly,不久,ADV,B2
attacked,attacked,被攻击的,ADJ,B2
chubby,chubby,胖子,NOUN,B2
caught,caught,被捕获的,ADJ,B2
arrested,arrested,被逮捕的,ADJ,B2
firearms,firearms,枪支,NOUN,B2
diagonally,diagonally,对角地,ADV,B2
impressed,impressed,印象深刻的,ADJ,B2
emotionally,emotionally,情感上,ADV,B2
innocent,innocent,无辜地,ADV,B2
green-clad,green-clad,,NOUN,B2
broken,broken,破碎的,ADV,B2
chips,chips,薯片,NOUN,B2
cognac,cognac,干邑,NOUN,B2
ceo,ceo,首席执行官,NOUN,B2
confusing,confusing,令人困惑的,ADJ,B2
loudly,loudly,大声地,ADV,B2
armorer,armorer,,NOUN,B2
dejt,dejt,约会,NOUN,B2
self-evident,self-evident,,NOUN,B2
informed,informed,见多识广的,ADJ,B2
faster,faster,更快的,ADJ,B2
seen,seen,被看见,ADJ,B2
chill,chill,放松,ADJ,B2
pavement,pavement,人行道,NOUN,B2
astray,astray,迷路,ADJ,B2
epoch,epoch,时代,NOUN,B2
phrasing,phrasing,措辞,NOUN,B2
registered,registered,注册的,ADJ,B2
zero,zero,零,NOUN,B2
pre,pre,,NOUN,B2
upward,upward,向上,ADV,B2
lifestyle,lifestyle,生活方式,NOUN,B2
based,based,基于,ADJ,B2
cola,cola,可乐,NOUN,B2
civilian,civilian,平民的,ADJ,B2
sought,sought,,NOUN,B2
dear,dear,,NOUN,B2
xenophobia,xenophobia,排外心理,NOUN,B2
stockholm,stockholm,斯德哥尔摩,PROPN,B2
ever,ever,,NOUN,B2
indoors,indoors,在室内,ADV,B2
omelette,omelette,煎蛋卷,NOUN,B2
own,own,自己的,DET,B2
heart,heart,心,ADV,B2
innermost,innermost,最里面的,ADV,B2
sunglasses,sunglasses,太阳镜,NOUN,B2
furthest,furthest,最远,ADV,B2
pie,pie,派,NOUN,B2
beside,beside,在...旁边,ADP,B2
coworker,coworker,同事,NOUN,B2
headline,headline,标题,NOUN,B2
eidsvold,eidsvold,,NOUN,B2
alder,alder,桤木,NOUN,B2
dal,dal,山谷,NOUN,B2
odds,odds,赔率,NOUN,B2
happily,happily,快乐地,ADV,B2
cheaper,cheaper,更便宜的,ADJ,B2
dot,dot,点,NOUN,B2
edging,edging,镶边,NOUN,B2
alpha,alpha,阿尔法,NOUN,B2
sexily,sexily,性感地,ADV,B2
organically,organically,有机地,ADV,B2
paralyzed,paralyzed,瘫痪的,ADJ,B2
reply,reply,回复,NOUN,B2
ongoing,ongoing,进行中的,ADJ,B2
ought,ought,应该,AUX,B2
baptized,baptized,受洗的,ADJ,B2
seventeen,seventeen,十七,NUM,B2
lesbian,lesbian,女同性恋的,ADJ,B2
knock,knock,敲击,NOUN,B2
death,death,致死,ADV,B2
radiant,radiant,容光焕发的,ADJ,B2
sabbath,sabbath,安息日,NOUN,B2
bang,bang,砰,INTJ,B2
seeker,seeker,寻求者,NOUN,B2
werewolf,werewolf,狼人,NOUN,B2
gangster,gangster,黑帮成员,NOUN,B2
creep,creep,令人厌恶的人,NOUN,B2
fiancee,fiancee,未婚妻,NOUN,B2
quivering,quivering,颤抖的,ADJ,B2
unarmed,unarmed,手无寸铁的,ADJ,B2
meatballs,meatballs,肉丸,NOUN,B2
datum,datum,日期,NOUN,B2
inflammable,inflammable,易燃的,ADJ,B2
confounded,confounded,该死的,ADJ,B2
shedding,shedding,,NOUN,B2
poorer,poorer,更穷的,ADJ,B2
sixth,sixth,,NOUN,B2
late,late,晚才,NOUN,B2
delayed,delayed,延误的,ADJ,B2
hamburger,hamburger,汉堡包,NOUN,B2
rug,rug,地毯,NOUN,B2
dressed,dressed,穿着的,ADJ,B2
rash,rash,皮疹,NOUN,B2
top,top,顶部的,ADJ,B2
earlier,earlier,更早的,ADJ,B2
gay,gay,同性恋者,NOUN,B2
overfall,overfall,,NOUN,B2
away,away,避开,ADP,B2
slower,slower,更慢,ADJ,B2
somewhere,somewhere,,NOUN,B2
deadly,deadly,致命地,ADV,B2
skater,skater,,NOUN,B2
trainer,trainer,教练,NOUN,B2
backward,backward,向后,ADV,B2
europe,europe,欧洲,PROPN,B2
self-defense,self-defense,自卫,NOUN,B2
thinner,thinner,更薄的,ADJ,B2
westward,westward,向西,ADV,B2
calming,calming,令人平静的,ADJ,B2
damn,damn,该死的,ADV,B2
turntable,turntable,,NOUN,B2
okay,okay,好的,ADJ,B2
convicted,convicted,被判罪的,ADJ,B2
fifth,fifth,第五,NUM,B2
shorter,shorter,更短的,ADJ,B2
bigness,bigness,,NOUN,B2
beaten,beaten,被打败的,ADJ,B2
open,open,开放地,ADV,B2
outer,outer,外部的,ADJ,B2
steadily,steadily,稳定地,ADV,B2
superhero,superhero,超级英雄,NOUN,B2
protector,protector,保护者,NOUN,B2
outward,outward,向外,ADV,B2
born,born,出生的,ADJ,B2
cleaner,cleaner,更干净的,ADJ,B2
cykel,cykel,自行车,NOUN,B2
destroyed,destroyed,被毁坏的,ADJ,B2
dirtier,dirtier,更脏的,ADJ,B2
sensibly,sensibly,明智地,ADV,B2
tragically,tragically,悲剧地,ADV,B2
lovely,lovely,美好的,ADJ,B2
kids,kids,孩子,NOUN,B2
sauna,sauna,桑拿,NOUN,B2
poorest,poorest,最穷的,ADJ,B2
sweden,sweden,瑞典,PROPN,B2
del,del,部分,NOUN,B2
vile,vile,可憎地,ADV,B2
doughy,doughy,面团状的,ADJ,B2
worst,worst,最差的,ADV,B2
sentencing,sentencing,量刑,NOUN,B2
giddy,giddy,头晕的,ADJ,B2
rulebook,rulebook,规则体系,NOUN,B2
richer,richer,更富的,ADJ,B2
corrections,corrections,刑事司法,NOUN,B2
yep,yep,是的,INTJ,B2
proactive,proactive,积极主动的,ADJ,B2
mangosteen,mangosteen,山竹,NOUN,B2
meridian,meridian,经脉,NOUN,B2
toast,toast,你敬酒,NOUN,B2
just,just,公正,ADJ,B2
jeans,jeans,牛仔裤,NOUN,B2
crafty,crafty,狡猾,ADJ,B2
trite,trite,陈腐的,ADJ,B2
half-day,half-day,半天,NOUN,B2
sub-reality,sub-reality,分实,NOUN,B2
rethinking,rethinking,重想,NOUN,B2
warrant,warrant,令状,NOUN,B2
recounting,recounting,再叙,NOUN,B2
timely,timely,适时,ADJ,B2
dissimilarity,dissimilarity,相异性,NOUN,B2
hardship,hardship,艰难,NOUN,B2
rehearsal,rehearsal,排练,NOUN,B2
otherwise,otherwise,要不,PART,B2
non-knot,non-knot,非结,NOUN,B2
provocative,provocative,挑衅的,ADJ,B2
non-possible,non-possible,非可,NOUN,B2
tendering,tendering,招标,NOUN,B2
adversity,adversity,逆境,NOUN,B2
succinct,succinct,简明的,ADJ,B2
motto,motto,座右铭,NOUN,B2
thundershower,thundershower,雷阵雨,NOUN,B2
gearbox,gearbox,变速箱,NOUN,B2
hyper-target,hyper-target,超的,NOUN,B2
uncovering,uncovering,破获,NOUN,B2
re-criterion,re-criterion,重准,NOUN,B2
non-technique,non-technique,非术,NOUN,B2
acrobatics,acrobatics,杂技,NOUN,B2
prudent,prudent,谨慎的,ADJ,B2
walnut,walnut,核桃,NOUN,B2
affordability,affordability,得起,NOUN,B2
non-iron,non-iron,免烫,ADJ,B2
kneeling,kneeling,跪,NOUN,B2
outpatient,outpatient,门诊,NOUN,B2
overthinking,overthinking,你想多,NOUN,B2
non-necessary,non-necessary,非必,NOUN,B2
incremental,incremental,渐进性,ADJ,B2
outer-gate,outer-gate,外门,NOUN,B2
adequacy,adequacy,也不错,NOUN,B2
inversion,inversion,反演,NOUN,B2
altogether,altogether,共,ADV,B2
sucking,sucking,嗦,NOUN,B2
outfit,outfit,服装,NOUN,B2
meridians,meridians,筋脉,NOUN,B2
re-grading,re-grading,改级,NOUN,B2
polytunnel,polytunnel,大棚,NOUN,B2
now,now,此刻,NOUN,B2
cilantro,cilantro,香菜,NOUN,B2
foot-warming,foot-warming,捂脚,NOUN,B2
fractal,fractal,分形,NOUN,B2
surfing,surfing,冲浪,NOUN,B2
alumnus,alumnus,校友,NOUN,B2
um,um,嗯,INTJ,B2
singularity,singularity,单一性,NOUN,B2
charades,charades,打哑谜,NOUN,B2
bloodshed,bloodshed,血腥,NOUN,B2
re-argument,re-argument,重论,NOUN,B2
hyper-origin,hyper-origin,超原,NOUN,B2
captive,captive,俘虏,NOUN,B2
moisture-proof,moisture-proof,防潮,ADJ,B2
re-sole,re-sole,再唯,NOUN,B2
re-concretization,re-concretization,再具,NOUN,B2
entrapment,entrapment,身陷,NOUN,B2
notepad,notepad,记事本,NOUN,B2
anti-universality,anti-universality,反普,NOUN,B2
credentials,credentials,国书,NOUN,B2
shh,shh,嘘,INTJ,B2
grab,grab,揪,NOUN,B2
non-nature,non-nature,非性,NOUN,B2
reincarnation,reincarnation,再体,NOUN,B2
non-view,non-view,非观,NOUN,B2
super-form,super-form,超形,NOUN,B2
void,void,最无,NOUN,B2
fax,fax,传真,NOUN,B2
emphasize,emphasize,着重,ADV,B2
unreasonable,unreasonable,不情,NOUN,B2
counter-boundary,counter-boundary,反界,NOUN,B2
plasma,plasma,血浆,NOUN,B2
subcategory,subcategory,分目,NOUN,B2
i,i,我连,NOUN,B2
cantaloupe,cantaloupe,哈密瓜,NOUN,B2
worry-free,worry-free,无忧,NOUN,B2
breakthrough,breakthrough,突破性,ADJ,B2
eyes,eyes,眼中,NOUN,B2
nadir,nadir,最低点,NOUN,B2
housework,housework,家务,NOUN,B2
i-than,i-than,我比,NOUN,B2
mulberry,mulberry,桑葚,NOUN,B2
trans-idealism,trans-idealism,超唯,NOUN,B2
super-distinction,super-distinction,超殊,NOUN,B2
foe,foe,敌友,NOUN,B2
explosion-proof,explosion-proof,防爆,ADJ,B2
birthmark,birthmark,胎记,NOUN,B2
pounding,pounding,捶,NOUN,B2
trans-induction,trans-induction,超归,NOUN,B2
counter-belief,counter-belief,反信,NOUN,B2
swordsmanship,swordsmanship,剑术,NOUN,B2
crowded,crowded,拥挤,ADJ,B2
super-internal,super-internal,超内,NOUN,B2
law,law,法,PART,B2
bluntness,bluntness,直说,NOUN,B2
immobility,immobility,都无动,NOUN,B2
pushover,pushover,善茬,NOUN,B2
nephews,nephews,子侄,NOUN,B2
capable,capable,有本事,NOUN,B2
super-unity,super-unity,超一,NOUN,B2
spending,spending,行用,NOUN,B2
re-analysis,re-analysis,重析,NOUN,B2
homestay,homestay,民宿,NOUN,B2
incurable,incurable,不可救药,ADJ,B2
high-speed,high-speed,高速,ADJ,B2
trans-er,trans-er,超而,NOUN,B2
over-skill,over-skill,超技,NOUN,B2
can-exit,can-exit,还出得来,NOUN,B2
polyester,polyester,涤纶,NOUN,B2
retrial,retrial,再审,NOUN,B2
non-number,non-number,非数,NOUN,B2
re-tolerance,re-tolerance,再容,NOUN,B2
hearth,hearth,壁炉,NOUN,B2
re-basis,re-basis,再据,NOUN,B2
taro,taro,芋头,NOUN,B2
re-route,re-route,重路,NOUN,B2
listening,listening,也听,NOUN,B2
stone,stone,石,PART,B2
sub-method,sub-method,分法,NOUN,B2
moonlight,moonlight,月色,NOUN,B2
jujube,jujube,枣子,NOUN,B2
proclamation,proclamation,宣大,NOUN,B2
eavesdropping,eavesdropping,偷听,NOUN,B2
procedural,procedural,程序的,ADJ,B2
missile,missile,导弹,NOUN,B2
radiotherapy,radiotherapy,放疗,NOUN,B2
herbicide,herbicide,除草剂,NOUN,B2
over-degree,over-degree,超阶,NOUN,B2
non-theory,non-theory,非论,NOUN,B2
re-verification,re-verification,改证,NOUN,B2
anti-static,anti-static,防静电,ADJ,B2
boundless,boundless,无疆,NOUN,B2
re-substance,re-substance,再质,NOUN,B2
over-model,over-model,超模,NOUN,B2
anticyclone,anticyclone,反气旋,NOUN,B2
reordering,reordering,改序,NOUN,B2
re-possibility,re-possibility,重可,NOUN,B2
larger,larger,再大,NOUN,B2
super-special,super-special,超特,NOUN,B2
unwinnable,unwinnable,打不赢,NOUN,B2
postwar,postwar,战后,NOUN,B2
crowdfunding,crowdfunding,众筹,NOUN,B2
antifreeze,antifreeze,防冻剂,NOUN,B2
guqin,guqin,古琴,NOUN,B2
over-order,over-order,超序,NOUN,B2
everyone,everyone,各位,NOUN,B2
mountaineering,mountaineering,登山,NOUN,B2
pipa,pipa,琵琶,NOUN,B2
perilla,perilla,紫苏,NOUN,B2
re-specialization,re-specialization,重特,NOUN,B2
panda,panda,熊猫,NOUN,B2
adolescent,adolescent,青少年,NOUN,B2
unstoppable,unstoppable,不可阻挡,ADJ,B2
overthrow,overthrow,扳倒,NOUN,B2
rashly,rashly,轻举,ADV,B2
revealing,revealing,现出,NOUN,B2
hedonistic,hedonistic,享乐主义的,ADJ,B2
non-so,non-so,非然,NOUN,B2
hyper-intent,hyper-intent,超意,NOUN,B2
non-observation,non-observation,非察,NOUN,B2
re-observation,re-observation,再观,NOUN,B2
visibility,visibility,能见度,NOUN,B2
excretion,excretion,排泄,NOUN,B2
eavesdrop,eavesdrop,营听,NOUN,B2
senior,senior,前辈,NOUN,B2
ginseng,ginseng,人参,NOUN,B2
non-sudden,non-sudden,非骤,NOUN,B2
nickel,nickel,镍,NOUN,B2
super-observation,super-observation,超察,NOUN,B2
limbs,limbs,手脚,NOUN,B2
antiseptic,antiseptic,防腐,ADJ,B2
golf,golf,高尔夫,NOUN,B2
xiulian,xiulian,秀莲,NOUN,B2
over-side,over-side,超方,NOUN,B2
substantive,substantive,实质性的,ADJ,B2
super-number,super-number,超数,NOUN,B2
king,king,王,PART,B2
flanking,flanking,包抄,NOUN,B2
musical,musical,音乐剧,NOUN,B2
re-generalization,re-generalization,重般,NOUN,B2
peephole,peephole,门镜,NOUN,B2
punitive,punitive,惩罚性的,ADJ,B2
mediocrity,mediocrity,庸庸碌碌,NOUN,B2
non-righteousness,non-righteousness,非义,NOUN,B2
re-admission,re-admission,重纳,NOUN,B2
re-opportunity,re-opportunity,再机,NOUN,B2
over-form,over-form,超式,NOUN,B2
don't,don't,可别,AUX,B2
amber,amber,琥珀,NOUN,B2
