English_Lemma,English_Lemma,Chinese_Lemma,POS,CEFR
a bit,a bit,一点,ADV,B2
a little,a little,一点儿,ADV,B2
a while,a while,一会儿,NOUN,B2
able to play,able to play,能下,NOUN,B2
above,above,上面,ADV,B2
abroad,abroad,国外,NOUN,B2
academician,academician,院士,NOUN,B2
acceleration,acceleration,加速,NOUN,B2
accept me,accept me,受我,NOUN,B2
accession,accession,即位,NOUN,B2
accidental,accidental,偶然的,ADJ,B2
accidentally,accidentally,意外地,ADV,B2
acclimatization,acclimatization,适应环境,NOUN,B2
accompany or not,accompany or not,陪不,NOUN,B2
according to,according to,根据,ADP,B2
according to,according to,要照,NOUN,B2
accountant,accountant,会计师,NOUN,B2
accredited,accredited,认可的,ADJ,B2
acculturation,acculturation,文化涵化,NOUN,B2
accustomed,accustomed,习惯的,ADJ,B2
acid,acid,酸,NOUN,B2
acidity,acidity,酸度,NOUN,B2
acoustics,acoustics,声学,NOUN,B2
acrobatics,acrobatics,杂技,NOUN,B2
to act,to act,行动,VERB,B2
to act as host,to act as host,做东,VERB,B2
to act rashly,to act rashly,妄动,VERB,B2
acting,acting,行为,NOUN,B2
actual,actual,实际的,ADJ,B2
adaptation,adaptation,适应,NOUN,B2
additional,additional,额外的,ADJ,B2
adequacy,adequacy,也不错,NOUN,B2
administrative,administrative,行政的,ADJ,B2
admittedly,admittedly,诚然,ADV,B2
adolescent,adolescent,青少年,NOUN,B2
adult,adult,成年的,ADJ,B2
to advance,to advance,前进,VERB,B2
advance payment,advance payment,预付款,NOUN,B2
advanced technology,advanced technology,先进,ADJ,B2
adversity,adversity,逆境,NOUN,B2
advertising,advertising,广告的,ADJ,B2
to advise against,to advise against,劝阻,VERB,B2
to advocate,to advocate,提倡,VERB,B2
aesthetics,aesthetics,美学,NOUN,B2
affordability,affordability,得起,NOUN,B2
afforestation,afforestation,植树造林,NOUN,B2
after,after,تلو,NOUN,B2
after,after,在...之后,SCONJ,B2
after all,after all,毕竟,ADV,B2
after that,after that,此后,ADV,B2
after which,after which,之后,ADV,B2
aftereffect,aftereffect,后遗症，后果,NOUN,B2
again,again,你又,NOUN,B2
aggressiveness,aggressiveness,攻击性,NOUN,B2
agricultural,agricultural,农业的,ADJ,B2
ah,ah,啊,INTJ,B2
to aim,to aim,瞄准,VERB,B2
air conditioning,air conditioning,空调,NOUN,B2
alarm clock,alarm clock,闹钟,NOUN,B2
alas,alas,唉,INTJ,B2
alert,alert,警觉的,ADJ,B2
algebra,algebra,代数,NOUN,B2
alienation,alienation,异化,NOUN,B2
all,all,全,ADJ,B2
all,all,全部,ADV,B2
all,all,جميع,NOUN,B2
all,all,所有,PRON,B2
all along,all along,一路上,NOUN,B2
all at once,all at once,一下子,ADV,B2
all day long,all day long,一整天,NOUN,B2
all good,all good,都好,NOUN,B2
all night,all night,通宵,NOUN,B2
allow hiding,allow hiding,许躲,NOUN,B2
allowance,allowance,津贴,NOUN,B2
allowed,allowed,被允许的,ADJ,B2
allusion,allusion,暗示,NOUN,B2
alone,alone,独自,ADV,B2
along with,along with,随着,ADP,B2
also too,also too,也,ADV,B2
altercation,altercation,争执,NOUN,B2
altered meaning,altered meaning,改义,NOUN,B2
altered path,altered path,改径,NOUN,B2
alternation,alternation,轮流,NOUN,B2
aluminum,aluminum,铝,NOUN,B2
alumnus,alumnus,校友,NOUN,B2
amber,amber,琥珀,NOUN,B2
ambiguous,ambiguous,模棱两可的,ADJ,B2
amended concrete,amended concrete,改具,NOUN,B2
amended division,amended division,改分,NOUN,B2
amended essence,amended essence,改本,NOUN,B2
amended generality,amended generality,改般,NOUN,B2
amended particular,amended particular,改特,NOUN,B2
amended possibility,amended possibility,改可,NOUN,B2
amended synthesis,amended synthesis,改综,NOUN,B2
amended unity,amended unity,改一,NOUN,B2
american,american,美国的,ADJ,B2
american,american,美国人,NOUN,B2
amplifier,amplifier,放大器,NOUN,B2
amulet,amulet,护身符,NOUN,B2
amusing,amusing,有趣的,ADJ,B2
an official standard,an official standard,标准,NOUN,B2
analog,analog,模拟的,ADJ,B2
analyst,analyst,分析师,NOUN,B2
ancestors,ancestors,祖先,NOUN,B2
to anchor,to anchor,抛锚,VERB,B2
anchorage,anchorage,锚地,NOUN,B2
and,and,我也,SCONJ,B2
and so forth,and so forth,依此类推,ADV,B2
anesthetic,anesthetic,麻醉剂,NOUN,B2
animation,animation,动画,NOUN,B2
annals,annals,编年史,NOUN,B2
annex,annex,附件,NOUN,B2
annihilation,annihilation,寂灭,NOUN,B2
annoyed,annoyed,恼火的,ADJ,B2
annual,annual,年度,NOUN,B2
annual leave,annual leave,年假,NOUN,B2
answering machine,answering machine,邮箱,NOUN,B2
ant,ant,蚂蚁,NOUN,B2
anthropomorphism,anthropomorphism,拟人化,NOUN,B2
anti-contingency,anti-contingency,反偶,NOUN,B2
anti-static,anti-static,防静电,ADJ,B2
anti-universality,anti-universality,反普,NOUN,B2
antibody,antibody,抗体,NOUN,B2
anticyclone,anticyclone,反气旋,NOUN,B2
antigen,antigen,抗原,NOUN,B2
antique,antique,古老的,ADJ,B2
antithesis,antithesis,对立面,NOUN,B2
antonym,antonym,反义词,NOUN,B2
to anxious for quick results,to anxious for quick results,急于求成,VERB,B2
any,any,任何,PRON,B2
anyway,anyway,好歹,PRON,B2
apart,apart,分开,ADV,B2
apostasy,apostasy,叛教,NOUN,B2
appeasement,appeasement,平息,NOUN,B2
appellant,appellant,上诉人,NOUN,B2
to apply makeup,to apply makeup,化妆,VERB,B2
appreciation,appreciation,欣赏,NOUN,B2
apprentice,apprentice,学徒,NOUN,B2
to approach,to approach,靠近,VERB,B2
approximately,approximately,大约,ADV,B2
apricot,apricot,杏,NOUN,B2
apron,apron,围裙,NOUN,B2
arc,arc,弧,NOUN,B2
archaeological,archaeological,考古的,ADJ,B2
archipelago,archipelago,群岛,NOUN,B2
architecture,architecture,建筑,NOUN,B2
argumentation,argumentation,论证体系,NOUN,B2
armchair,armchair,扶手椅,NOUN,B2
armed,armed,武装的,ADJ,B2
army morale,army morale,军心,NOUN,B2
around,around,到处,ADV,B2
arrears,arrears,欠款,NOUN,B2
arrest,arrest,逮捕,NOUN,B2
as,as,像,ADP,B2
as before,as before,依旧,ADV,B2
as expected,as expected,果然,ADV,B2
as if,as if,好像,SCONJ,B2
as long as,as long as,طالما,CCONJ,B2
as long as,as long as,只要,SCONJ,B2
as much as possible,as much as possible,尽可能,ADV,B2
as soon as,as soon as,一...就,SCONJ,B2
as well as,as well as,以及,CCONJ,B2
ascension,ascension,升天,NOUN,B2
assassin,assassin,刺客,NOUN,B2
assessment,assessment,评估,NOUN,B2
assets,assets,资产,NOUN,B2
to assume office,to assume office,就任,VERB,B2
asthma,asthma,哮喘,NOUN,B2
at all,at all,根本,ADV,B2
at any time,at any time,随时,ADV,B2
at ease,at ease,安心,ADJ,B2
at home,at home,在家,ADV,B2
at least,at least,至少,ADV,B2
at that time,at that time,当时/那时,ADV,B2
at the instant sth happens,at the instant sth happens,临时,ADV,B2
at the same time,at the same time,同时,ADV,B2
at will,at will,任由,NOUN,B2
at worst,at worst,大不了,ADV,B2
atheism,atheism,无神论,NOUN,B2
attacker,attacker,攻击者,NOUN,B2
to attempt,to attempt,企图,VERB,B2
attendance,attendance,出席,NOUN,B2
atypical,atypical,非典型的,ADJ,B2
audio equipment,audio equipment,音响,NOUN,B2
to audit,to audit,审计,VERB,B2
auditor,auditor,审计员,NOUN,B2
authentication,authentication,认证,NOUN,B2
authorized,authorized,有资格的,ADJ,B2
autism,autism,自闭症,NOUN,B2
automatically,automatically,自动地,ADV,B2
automation,automation,自动化,NOUN,B2
average,average,平均数,NOUN,B2
to await,to await,等待,VERB,B2
to await orders,to await orders,待命,VERB,B2
awakening,awakening,觉醒,NOUN,B2
to award,to award,分配,VERB,B2
award ceremony,award ceremony,颁奖典礼,NOUN,B2
awareness raising,awareness raising,提高意识,NOUN,B2
axiom,axiom,公理,NOUN,B2
bachelor,bachelor,单身汉,NOUN,B2
bachelor's degree,bachelor's degree,学士学位,NOUN,B2
back,back,背面,NOUN,B2
back door,back door,后门,NOUN,B2
back seat,back seat,后座,NOUN,B2
backache,backache,背痛,NOUN,B2
backstab,backstab,背刺,NOUN,B2
backstage,backstage,幕后,NOUN,B2
backup,backup,备份,NOUN,B2
bad luck,bad luck,倒霉,NOUN,B2
bad thing,bad thing,坏事,NOUN,B2
baker,baker,面包师,NOUN,B2
ballet,ballet,芭蕾舞,NOUN,B2
bamboo forest,bamboo forest,竹林,NOUN,B2
ban,ban,禁令,NOUN,B2
banal,banal,陈腐的,ADJ,B2
banana,banana,香蕉,NOUN,B2
bandage,bandage,绷带,NOUN,B2
banishment,banishment,流放,NOUN,B2
banking,banking,银行的,ADJ,B2
banknote,banknote,钞票,NOUN,B2
barbaric,barbaric,野蛮的,ADJ,B2
bare ownership,bare ownership,虚有权,NOUN,B2
barley,barley,大麦,NOUN,B2
base fertilizer,base fertilizer,基肥,NOUN,B2
baseball,baseball,棒球,NOUN,B2
baseness,baseness,卑鄙,NOUN,B2
basil,basil,罗勒,NOUN,B2
basin,basin,盆,NOUN,B2
bastard,bastard,混蛋,NOUN,B2
battlefield,battlefield,战场,NOUN,B2
be,be,是,AUX,B2
to be able,to be able,能,VERB,B2
be able to,be able to,能,AUX,B2
to be able to,to be able to,能够,VERB,B2
to be absent,to be absent,缺席,VERB,B2
to be addicted,to be addicted,上瘾,VERB,B2
to be afraid,to be afraid,害怕,VERB,B2
be allowed,be allowed,允许,AUX,B2
to be ashamed,to be ashamed,感到羞愧,VERB,B2
to be based on,to be based on,基于,VERB,B2
to be born,to be born,出生,VERB,B2
to be called,to be called,叫做,VERB,B2
to be careful,to be careful,小心,VERB,B2
to be damaged,to be damaged,受损,VERB,B2
to be done,to be done,被做,VERB,B2
to be enough,to be enough,足够,VERB,B2
to be far from,to be far from,绝非,VERB,B2
to be forced,to be forced,被迫,VERB,B2
to be jealous,to be jealous,嫉妒,VERB,B2
to be late,to be late,迟到,VERB,B2
to be left over,to be left over,剩余,VERB,B2
to be located,to be located,位于,VERB,B2
to be located at,to be located at,位于,VERB,B2
to be missing,to be missing,缺少,VERB,B2
to be proper,to be proper,体统,VERB,B2
to be required,to be required,被要求,VERB,B2
to be right,to be right,正确,VERB,B2
to be silent,to be silent,沉默,VERB,B2
be sorry,be sorry,抱歉,ADJ,B2
to be surprised,to be surprised,感到惊讶,VERB,B2
to be tired of,to be tired of,厌倦,VERB,B2
to be useful,to be useful,有用,VERB,B2
to be worth,to be worth,值得,VERB,B2
bearing,bearing,轴承,NOUN,B2
beating,beating,跳动,NOUN,B2
because,because,因为,CCONJ,B2
because of,because of,因为,ADP,B2
to become invalid,to become invalid,作废,VERB,B2
beep,beep,吱吱声,NOUN,B2
before,before,之前,ADV,B2
before,before,在...之前,SCONJ,B2
begging,begging,乞讨,NOUN,B2
to begin to start,to begin to start,开始,VERB,B2
beginner,beginner,初学者,NOUN,B2
behind,behind,在后面,ADV,B2
behind it,behind it,在后面,ADV,B2
bell pepper,bell pepper,甜椒,NOUN,B2
belly,belly,肚子,NOUN,B2
belonging,belonging,归属感,NOUN,B2
belongings,belongings,所属物,NOUN,B2
beloved,beloved,爱人,NOUN,B2
below,below,下面,NOUN,B2
bend,bend,弯道,NOUN,B2
benevolence,benevolence,仁慈,NOUN,B2
bet,bet,打赌,NOUN,B2
bias,bias,偏见,NOUN,B2
bible,bible,圣经,NOUN,B2
bibliography,bibliography,参考书目,NOUN,B2
big data,big data,大数据,NOUN,B2
big dipper,big dipper,北斗七星,NOUN,B2
biggest,biggest,最大,ADJ,B2
bile,bile,胆汁,NOUN,B2
billiards,billiards,台球,NOUN,B2
billion,billion,十亿,NOUN,B2
biodiversity,biodiversity,生物多样性,NOUN,B2
birthmark,birthmark,胎记,NOUN,B2
bite,bite,一口,NOUN,B2
biting,biting,尖刻的,ADJ,B2
bizarre case,bizarre case,奇案,NOUN,B2
black robe,black robe,黑衣,NOUN,B2
blackberry,blackberry,黑莓,NOUN,B2
blackboard,blackboard,黑板,NOUN,B2
blacksmith,blacksmith,铁匠,NOUN,B2
blame,blame,责备,NOUN,B2
bleeding,bleeding,出血,NOUN,B2
blind,blind,百叶窗,NOUN,B2
bloc,bloc,阵营,NOUN,B2
to blockade,to blockade,封锁,VERB,B2
blog,blog,博客,NOUN,B2
blood pressure,blood pressure,血压,NOUN,B2
blood sugar,blood sugar,血糖,NOUN,B2
bloodshed,bloodshed,血腥,NOUN,B2
bloodstain,bloodstain,血染,NOUN,B2
blouse,blouse,女衬衫,NOUN,B2
blow,blow,打击,NOUN,B2
blueberry,blueberry,蓝莓,NOUN,B2
boarding pass,boarding pass,登机牌,NOUN,B2
boarding school,boarding school,寄宿学校,NOUN,B2
boasting,boasting,夸耀,NOUN,B2
boiler,boiler,锅炉,NOUN,B2
boiling,boiling,沸腾,NOUN,B2
booklet,booklet,小册子,NOUN,B2
border,border,边境的,ADJ,B2
bored,bored,无聊的,ADJ,B2
borrowed knife,borrowed knife,借刀,NOUN,B2
borrower,borrower,借款人,NOUN,B2
borrowing,borrowing,借贷,NOUN,B2
both,both,两者都,CCONJ,B2
both,both,两者,PRON,B2
both eyes,both eyes,双眼,NOUN,B2
bother,bother,麻烦,NOUN,B2
bound to,bound to,势必,ADV,B2
boundless,boundless,无疆,NOUN,B2
bow,bow,蝴蝶结,NOUN,B2
bowl pouring,bowl pouring,倒碗,NOUN,B2
to brake,to brake,刹车,VERB,B2
brand new,brand new,崭新的,ADJ,B2
bravery,bravery,勇敢,NOUN,B2
to break a record,to break a record,打破纪录,VERB,B2
to break down,to break down,分解,VERB,B2
to break open,to break open,撬开,VERB,B2
to break up,to break up,破裂,VERB,B2
breakthrough,breakthrough,突破性,ADJ,B2
to breastfeed,to breastfeed,母乳喂养,VERB,B2
breastfeeding,breastfeeding,母乳喂养,NOUN,B2
to bribe,to bribe,贿赂,VERB,B2
brief,brief,近点说,NOUN,B2
to bring back,to bring back,带回,VERB,B2
bringing,bringing,جلب,NOUN,B2
briton,briton,英国人,NOUN,B2
to broadcast,to broadcast,播出,VERB,B2
broadcasting,broadcasting,广播,NOUN,B2
brook,brook,小溪,NOUN,B2
brook no delay,brook no delay,刻不容缓,ADJ,B2
broth,broth,肉汤,NOUN,B2
brother-in-law,brother-in-law,姐夫/妹夫,NOUN,B2
browser,browser,浏览器,NOUN,B2
to brush,to brush,刷,VERB,B2
buddha,buddha,佛,NOUN,B2
budgetary,budgetary,预算的,ADJ,B2
bungee jumping,bungee jumping,蹦极,NOUN,B2
burning,burning,灼热的,ADJ,B2
business,business,商业的,ADJ,B2
busyness,busyness,事忙,NOUN,B2
but,but,然而,ADV,B2
but also,but also,但也,NOUN,B2
but majesty,but majesty,可陛,NOUN,B2
buttocks,buttocks,屁股,NOUN,B2
buyer,buyer,买家,NOUN,B2
by fair means or foul,by fair means or foul,不择手段,ADV,B2
by means of,by means of,通过,ADP,B2
by night,by night,趁夜,ADV,B2
by the way,by the way,顺便说一下,ADV,B2
bygone,bygone,过去的,ADJ,B2
cabbage,cabbage,卷心菜,NOUN,B2
cafe,cafe,咖啡馆,NOUN,B2
calamity,calamity,灾难,NOUN,B2
calculation,calculation,计算,NOUN,B2
calf,calf,小腿,NOUN,B2
call,call,电话,NOUN,B2
calligraphy,calligraphy,书法,NOUN,B2
calling,calling,使命,NOUN,B2
calm,calm,平静,NOUN,B2
to calm,to calm,使平静,VERB,B2
calmness,calmness,平静,NOUN,B2
camel,camel,骆驼,NOUN,B2
to campaign,to campaign,积极参与活动,VERB,B2
can be at,can be at,可在,NOUN,B2
can't help,can't help,不由得,ADV,B2
can-exit,can-exit,还出得来,NOUN,B2
cancellation,cancellation,取消,NOUN,B2
canned food,canned food,罐头食品,NOUN,B2
cannot stay,cannot stay,不住,PART,B2
cantaloupe,cantaloupe,哈密瓜,NOUN,B2
canteen,canteen,食堂,NOUN,B2
capability,capability,能力,NOUN,B2
capable,capable,有本事,NOUN,B2
cape,cape,海角,NOUN,B2
captivating,captivating,迷人的,ADJ,B2
captive,captive,俘虏,NOUN,B2
captivity,captivity,囚禁,NOUN,B2
to capture,to capture,获取,VERB,B2
car accident,car accident,车祸,NOUN,B2
car wash,car wash,洗车,NOUN,B2
caravan,caravan,房车,NOUN,B2
cardiac,cardiac,心脏的,ADJ,B2
care,care,照料,NOUN,B2
to care for,to care for,照顾,VERB,B2
caregiver,caregiver,护理人员,NOUN,B2
caretaker,caretaker,房屋管理员,NOUN,B2
caricatural,caricatural,漫画的,ADJ,B2
carpenter,carpenter,木匠,NOUN,B2
carpentry,carpentry,木工,NOUN,B2
to carry out,to carry out,实施,VERB,B2
cartilage,cartilage,软骨,NOUN,B2
case details,case details,案情,NOUN,B2
cash register,cash register,收银机,NOUN,B2
cashew,cashew,腰果,NOUN,B2
cashmere,cashmere,羊绒,NOUN,B2
cassava,cassava,木薯,NOUN,B2
to catch up,to catch up,赶上,VERB,B2
catharsis,catharsis,宣泄,NOUN,B2
cauliflower,cauliflower,花椰菜,NOUN,B2
to cause,to cause,引起,VERB,B2
cause of change,cause of change,改因,NOUN,B2
cause of death,cause of death,死因,NOUN,B2
cause of defeat,cause of defeat,败因,NOUN,B2
cautious and conscientious,cautious and conscientious,兢兢业业,ADJ,B2
cautious and solemn idiom very carefully,cautious and solemn idiom very carefully,小心翼翼,ADJ,B2
cavalry,cavalry,骑兵,NOUN,B2
to caw,to caw,呱呱叫,VERB,B2
celery,celery,芹菜,NOUN,B2
celibacy,celibacy,独身,NOUN,B2
cell phone,cell phone,手机,NOUN,B2
cellular,cellular,细胞的,ADJ,B2
to cement,to cement,巩固,VERB,B2
centimeter,centimeter,厘米,NOUN,B2
central,central,中心的,ADJ,B2
centralization,centralization,集中化,NOUN,B2
ceramic art,ceramic art,陶艺,NOUN,B2
ceramics,ceramics,陶瓷,NOUN,B2
cerebral,cerebral,大脑的,ADJ,B2
certain,certain,某些,DET,B2
certain fall,certain fall,必倒,NOUN,B2
cessation,cessation,终止,NOUN,B2
chairman,chairman,主席,NOUN,B2
chairperson,chairperson,主席,NOUN,B2
to challenge,to challenge,质疑,VERB,B2
chancellor,chancellor,总理,NOUN,B2
change of mind,change of mind,改念,NOUN,B2
changed route,changed route,改路,NOUN,B2
changed work,changed work,改工,NOUN,B2
chapel,chapel,小教堂,NOUN,B2
characteristic,characteristic,典型的,ADJ,B2
characteristic feature,characteristic feature,特点,NOUN,B2
charades,charades,打哑谜,NOUN,B2
to charge,to charge,充电,VERB,B2
chase,chase,追逐,NOUN,B2
chastity,chastity,贞洁,NOUN,B2
chat,chat,聊天,NOUN,B2
check,check,支票,NOUN,B2
cheeky,cheeky,厚颜无耻的,ADJ,B2
to cheer on,to cheer on,加油,VERB,B2
to cheer up,to cheer up,使高兴,VERB,B2
cheerful,cheerful,愉快的,ADJ,B2
chef,chef,厨师,NOUN,B2
chemical,chemical,化学的,ADJ,B2
chemotherapy,chemotherapy,化疗,NOUN,B2
chess,chess,国际象棋,NOUN,B2
chest stab,chest stab,胸刺,NOUN,B2
chewing gum,chewing gum,口香糖,NOUN,B2
chili pepper,chili pepper,辣椒,NOUN,B2
chinese,chinese,中国的,ADJ,B2
chinese,chinese,中文,NOUN,B2
chinese cabbage,chinese cabbage,白菜,NOUN,B2
to chirp,to chirp,啁啾,VERB,B2
chivalry,chivalry,骑士精神,NOUN,B2
cholesterol,cholesterol,胆固醇,NOUN,B2
chop,chop,砍,NOUN,B2
christmas,christmas,圣诞节,NOUN,B2
chromosome,chromosome,染色体,NOUN,B2
cinnamon,cinnamon,肉桂,NOUN,B2
circulation,circulation,循环,NOUN,B2
circumcision,circumcision,割礼,NOUN,B2
citizenship,citizenship,公民身份,NOUN,B2
city council,city council,市议会,NOUN,B2
city hall,city hall,市政厅,NOUN,B2
claim,claim,要求,NOUN,B2
clan,clan,家族,NOUN,B2
classic,classic,经典作品,NOUN,B2
classicism,classicism,古典主义,NOUN,B2
classifier for documents portions,classifier for documents portions,份,NOUN,B2
classmate,classmate,同学,NOUN,B2
clause,clause,从句,NOUN,B2
to clean up,to clean up,清理,VERB,B2
cleaner,cleaner,清洁剂,NOUN,B2
cleaning,cleaning,清洁,NOUN,B2
to clear,to clear,清理,VERB,B2
clear-cut,clear-cut,明确的,ADJ,B2
clearing,clearing,林中空地,NOUN,B2
clergy,clergy,神职人员,NOUN,B2
cliche,cliche,陈词滥调,NOUN,B2
cliff,cliff,悬崖,NOUN,B2
climate change,climate change,气候变化,NOUN,B2
to climb a mountain,to climb a mountain,爬山,VERB,B2
cloakroom,cloakroom,衣帽间,NOUN,B2
close,close,近的,ADJ,B2
to close account,to close account,销户,VERB,B2
to close the door,to close the door,关门,VERB,B2
closeness,closeness,接近,NOUN,B2
closing ceremony,closing ceremony,闭幕仪式,NOUN,B2
closure,closure,关闭,NOUN,B2
clot,clot,凝块,NOUN,B2
cloth,cloth,布,NOUN,B2
cloudy,cloudy,阴沉的,ADJ,B2
cloudy day,cloudy day,阴天,NOUN,B2
to coach,to coach,辅导,VERB,B2
coefficient,coefficient,系数,NOUN,B2
coercion,coercion,胁迫,NOUN,B2
coherence,coherence,连贯性,NOUN,B2
coincidentally by chance,coincidentally by chance,恰巧,ADV,B2
colander,colander,漏勺,NOUN,B2
cold,cold,寒冷,NOUN,B2
coldly,coldly,冷淡地,ADV,B2
collaborator,collaborator,合作者,NOUN,B2
collapse,collapse,倒塌,NOUN,B2
collective,collective,集体的,ADJ,B2
collision,collision,碰撞,NOUN,B2
colon,colon,冒号,NOUN,B2
colonel,colonel,上校,NOUN,B2
colonialism,colonialism,殖民主义,NOUN,B2
to color,to color,着色,VERB,B2
colorful,colorful,五颜六色的,ADJ,B2
to comb,to comb,梳头,VERB,B2
to combat,to combat,对抗,VERB,B2
combating,combating,打击,NOUN,B2
to come back,to come back,回来,VERB,B2
to come from,to come from,来自,VERB,B2
to come here,to come here,来到这里,VERB,B2
to come in,to come in,进来,VERB,B2
to come out,to come out,出来,VERB,B2
to come over,to come over,顺道来访,VERB,B2
to come up,to come up,出现,VERB,B2
comedian,comedian,喜剧演员,NOUN,B2
comfort,comfort,安慰,NOUN,B2
comic,comic,喜剧的,ADJ,B2
coming,coming,مجيء,NOUN,B2
to command,to command,命令,VERB,B2
commander,commander,指挥官,NOUN,B2
commentator,commentator,评论员,NOUN,B2
commercial,commercial,商业的,ADJ,B2
commissioner,commissioner,专员,NOUN,B2
to commit a crime,to commit a crime,犯罪,VERB,B2
to commit fraud,to commit fraud,舞弊,VERB,B2
committed,committed,投入的,ADJ,B2
common sense,common sense,常识,NOUN,B2
commonality,commonality,共同点,NOUN,B2
commoner,commoner,平民,NOUN,B2
commotion,commotion,骚动,NOUN,B2
communique,communique,公报,NOUN,B2
communism,communism,共产主义,NOUN,B2
communist,communist,شيوعي,ADJ,B2
communitarianism,communitarianism,社群主义,NOUN,B2
companionship,companionship,陪伴,NOUN,B2
comparison,comparison,比较,NOUN,B2
compartment,compartment,隔间,NOUN,B2
compassionate,compassionate,有同情心的,ADJ,B2
compatibility,compatibility,兼容性,NOUN,B2
compatriot,compatriot,同胞,NOUN,B2
compilation,compilation,汇编,NOUN,B2
complementary,complementary,互补的,ADJ,B2
complete works,complete works,全集,NOUN,B2
completion,completion,完成,NOUN,B2
compliant,compliant,符合的,ADJ,B2
complication,complication,周折,NOUN,B2
complicity,complicity,共犯,NOUN,B2
to comply with,to comply with,遵守,VERB,B2
composed,composed,稳重的,ADJ,B2
composer,composer,作曲家,NOUN,B2
compost,compost,堆肥,NOUN,B2
composure,composure,镇定,NOUN,B2
compound,compound,复合性,ADJ,B2
comprehension,comprehension,理解,NOUN,B2
compressor,compressor,压缩机,NOUN,B2
to compromise,to compromise,危及,VERB,B2
compulsive,compulsive,强迫性的,ADJ,B2
computing,computing,计算机科学,NOUN,B2
concealment,concealment,隐瞒,NOUN,B2
to concern,to concern,涉及,VERB,B2
to concern all,to concern all,凡事,VERB,B2
concession,concession,让步,NOUN,B2
concise,concise,简洁的,ADJ,B2
conclusive,conclusive,决定性的,ADJ,B2
concrete,concrete,具体的,ADJ,B2
concubine,concubine,妾,NOUN,B2
concubine dismissal,concubine dismissal,让妾,NOUN,B2
condemnation,condemnation,谴责,NOUN,B2
to condole,to condole,哀悼,VERB,B2
condolence,condolence,哀悼,NOUN,B2
condolences,condolences,哀悼,NOUN,B2
to conduct,to conduct,أجرى,VERB,B2
conductivity,conductivity,导电性,NOUN,B2
cone,cone,圆锥体,NOUN,B2
confederation,confederation,邦联,NOUN,B2
confiscation,confiscation,没收,NOUN,B2
confrontation,confrontation,对抗,NOUN,B2
congestion,congestion,拥堵,NOUN,B2
congratulation,congratulation,祝贺,NOUN,B2
conjecture,conjecture,推测,NOUN,B2
conjugation,conjugation,变位,NOUN,B2
connoisseur,connoisseur,行家,NOUN,B2
connotation,connotation,内涵,NOUN,B2
conqueror,conqueror,征服者,NOUN,B2
conscientious,conscientious,认真的,ADJ,B2
consequently,consequently,因此,ADV,B2
considerable,considerable,相当大的,ADJ,B2
consignment,consignment,托运,NOUN,B2
consistency,consistency,一致性,NOUN,B2
consolation,consolation,安慰,NOUN,B2
conspicuous,conspicuous,显著的,ADJ,B2
constable,constable,警官,NOUN,B2
constant,constant,常数,NOUN,B2
constellation,constellation,星座,NOUN,B2
constipation,constipation,便秘,NOUN,B2
constituency,constituency,选区,NOUN,B2
constitutional,constitutional,宪法的,ADJ,B2
construction site,construction site,工地,NOUN,B2
constructive,constructive,建设性的,ADJ,B2
consul,consul,领事,NOUN,B2
consular,consular,领事的,ADJ,B2
consulate,consulate,领事馆,NOUN,B2
consumption,consumption,消费,NOUN,B2
contemplative,contemplative,沉思的,ADJ,B2
contentment,contentment,满足,NOUN,B2
contested,contested,有争议的,ADJ,B2
contextual,contextual,语境的,ADJ,B2
continuity,continuity,连续性,NOUN,B2
to contract,to contract,收缩,VERB,B2
contradiction,contradiction,矛盾,NOUN,B2
to contrast,to contrast,对比,VERB,B2
contrition,contrition,悔罪,NOUN,B2
control,control,控制,NOUN,B2
control room,control room,控制室,NOUN,B2
controversial,controversial,有争议的,ADJ,B2
conversely,conversely,相反地,ADV,B2
convulsion,convulsion,抽搐,NOUN,B2
cooked meatball,cooked meatball,丸子熟,NOUN,B2
cooking,cooking,烹饪,NOUN,B2
cooking pot,cooking pot,炖锅,NOUN,B2
cooking wine,cooking wine,料酒,NOUN,B2
coolness,coolness,凉爽,NOUN,B2
to coordinate,to coordinate,协调,VERB,B2
coordinator,coordinator,协调员,NOUN,B2
to copy,to copy,复制,VERB,B2
copyist,copyist,抄写员,NOUN,B2
coral,coral,珊瑚,NOUN,B2
coral reef,coral reef,珊瑚礁,NOUN,B2
core course,core course,核心课,NOUN,B2
coronation,coronation,加冕,NOUN,B2
to correct,to correct,纠正,VERB,B2
correction,correction,纠正,NOUN,B2
correspondent,correspondent,记者,NOUN,B2
corrosion,corrosion,腐蚀,NOUN,B2
to corrupt,to corrupt,腐败,VERB,B2
cosmic,cosmic,宇宙的,ADJ,B2
to cost,to cost,花费,VERB,B2
to cough,to cough,咳嗽,VERB,B2
could it be,could it be,难不成,ADJ,B2
to counter,to counter,反击,VERB,B2
counter-argument,counter-argument,反辩,NOUN,B2
counter-belief,counter-belief,反信,NOUN,B2
counter-boundary,counter-boundary,反界,NOUN,B2
counter-image,counter-image,反象,NOUN,B2
counter-layer,counter-layer,反层,NOUN,B2
counter-matter,counter-matter,反物,NOUN,B2
counter-segment,counter-segment,反段,NOUN,B2
counter-structure,counter-structure,反结,NOUN,B2
counter-type,counter-type,反型,NOUN,B2
counterattack,counterattack,反击,NOUN,B2
counterpart,counterpart,对应的人或物,NOUN,B2
countess,countess,女伯爵,NOUN,B2
countless,countless,无数的,ADJ,B2
county,county,县,NOUN,B2
court dismissal,court dismissal,退朝,NOUN,B2
courtyard,courtyard,庭院,NOUN,B2
courtyard guard,courtyard guard,护院,NOUN,B2
covetousness,covetousness,贪欲,NOUN,B2
cowardice,cowardice,懦弱,NOUN,B2
cowardly,cowardly,懦弱的,ADJ,B2
to crack,to crack,破裂,VERB,B2
craftsmanship,craftsmanship,手工艺,NOUN,B2
crafty,crafty,狡猾,ADJ,B2
creativity,creativity,创造力,NOUN,B2
creator,creator,创造者,NOUN,B2
credentials,credentials,国书,NOUN,B2
credit card,credit card,信用卡,NOUN,B2
creditor,creditor,债权人,NOUN,B2
creditor's rights,creditor's rights,债权,NOUN,B2
creed,creed,信条,NOUN,B2
crime scene,crime scene,犯罪现场,NOUN,B2
criminal,criminal,犯罪的,ADJ,B2
criminality,criminality,犯罪,NOUN,B2
to criminalize,to criminalize,定罪,VERB,B2
cross,cross,十字架,NOUN,B2
crossing,crossing,交叉口,NOUN,B2
crossroads,crossroads,十字路口,NOUN,B2
crowded,crowded,拥挤,ADJ,B2
to crown,to crown,加冕,VERB,B2
cruelty,cruelty,残忍,NOUN,B2
crustacean,crustacean,甲壳类动物,NOUN,B2
crutch,crutch,拐杖,NOUN,B2
crying,crying,,NOUN,B2
cubism,cubism,立体主义,NOUN,B2
cucumber,cucumber,黄瓜,NOUN,B2
cunning,cunning,诡计,NOUN,B2
current,current,电流,NOUN,B2
curriculum,curriculum,课程,NOUN,B2
cursed,cursed,被诅咒的,ADJ,B2
curtain rod,curtain rod,窗帘杆,NOUN,B2
customs,customs,海关,NOUN,B2
cut,cut,切口,NOUN,B2
cut off,cut off,割下,NOUN,B2
to cut off,to cut off,切断,VERB,B2
to cut short,to cut short,截断,VERB,B2
cutting,cutting,切割,NOUN,B2
cutting grass,cutting grass,斩草,NOUN,B2
cyanosis,cyanosis,发绀,NOUN,B2
cybersecurity,cybersecurity,网络安全,NOUN,B2
to cycle,to cycle,骑自行车,VERB,B2
cyclical,cyclical,周期的,ADJ,B2
cyclone,cyclone,气旋,NOUN,B2
cymbal,cymbal,钹,NOUN,B2
daddy,daddy,爸爸,NOUN,B2
daily,daily,每天,ADV,B2
daily increase,daily increase,日渐,NOUN,B2
daily newspaper,daily newspaper,日报,NOUN,B2
to damage,to damage,损坏,VERB,B2
to damn,to damn,诅咒,VERB,B2
dance,dance,舞蹈,NOUN,B2
dare gamble,dare gamble,敢赌,NOUN,B2
dating,dating,年代测定,NOUN,B2
day after day,day after day,日复一日,ADV,B2
day and night,day and night,昼夜,NOUN,B2
day by day,day by day,日日,ADV,B2
day laborer,day laborer,日工,NOUN,B2
day sun,day sun,日,NOUN,B2
dazzling,dazzling,耀眼的,ADJ,B2
dead end,dead end,死胡同,NOUN,B2
to deal with,to deal with,处理,VERB,B2
dean,dean,院长,NOUN,B2
death news,death news,死讯,NOUN,B2
death penalty,death penalty,死刑,NOUN,B2
death wish,death wish,找死,NOUN,B2
to debate,to debate,辩论,VERB,B2
debauchery,debauchery,放荡,NOUN,B2
debtor,debtor,债务人,NOUN,B2
debts,debts,债务,NOUN,B2
december,december,十二月,NOUN,B2
decency,decency,体面,NOUN,B2
decentralization,decentralization,权力下放,NOUN,B2
deception dare,deception dare,你敢骗我,NOUN,B2
decision-maker,decision-maker,决策者,NOUN,B2
decisive,decisive,决定性的,ADJ,B2
decline,decline,衰退,NOUN,B2
deconstruction,deconstruction,解构主义,NOUN,B2
decrease,decrease,减少,NOUN,B2
to decree,to decree,颁布法令,VERB,B2
dedication,dedication,奉献,NOUN,B2
deduction,deduction,扣除,NOUN,B2
deep-frying,deep-frying,干炸,NOUN,B2
to defeat,to defeat,击败,VERB,B2
defeatism,defeatism,失败主义,NOUN,B2
to defect,to defect,叛变,VERB,B2
to defect to the enemy,to defect to the enemy,投敌,VERB,B2
defendant,defendant,被告,NOUN,B2
defender,defender,防守者,NOUN,B2
defiance,defiance,挑衅,NOUN,B2
defiant,defiant,挑衅的,ADJ,B2
deficiency,deficiency,缺乏,NOUN,B2
deficient,deficient,有缺陷的,ADJ,B2
definitive,definitive,决定性的,ADJ,B2
deformation,deformation,变形,NOUN,B2
degeneration,degeneration,退化,NOUN,B2
degradation,degradation,降级,NOUN,B2
dehydration,dehydration,脱水,NOUN,B2
deism,deism,自然神论,NOUN,B2
deity,deity,神,NOUN,B2
dejected,dejected,沮丧的,ADJ,B2
dejection,dejection,沮丧,NOUN,B2
delegate,delegate,代表,NOUN,B2
delegation,delegation,代表团,NOUN,B2
to deliberate,to deliberate,深思熟虑,VERB,B2
deliberately,deliberately,故意地,ADV,B2
deliberation,deliberation,深思熟虑,NOUN,B2
delicacy,delicacy,美食,NOUN,B2
delinquent,delinquent,罪犯,NOUN,B2
delirium,delirium,精神错乱,NOUN,B2
delusion,delusion,幻想,NOUN,B2
demagoguery,demagoguery,煽动性,NOUN,B2
to demand,to demand,要求,VERB,B2
dementia,dementia,痴呆,NOUN,B2
democratization,democratization,民主化,NOUN,B2
demography,demography,人口学,NOUN,B2
demolition,demolition,拆除,NOUN,B2
denotation,denotation,外延,NOUN,B2
dense forest,dense forest,密林,NOUN,B2
denunciation,denunciation,告发,NOUN,B2
departure lounge,departure lounge,候机室,NOUN,B2
to depend on,to depend on,依赖,VERB,B2
dependent,dependent,依赖的,ADJ,B2
deportation,deportation,驱逐出境,NOUN,B2
depreciation,depreciation,贬值,NOUN,B2
deprivation,deprivation,剥夺,NOUN,B2
deputy,deputy,副的,ADJ,B2
deputy,deputy,议员,NOUN,B2
descent,descent,下降,NOUN,B2
desertification,desertification,荒漠化,NOUN,B2
designation,designation,指定,NOUN,B2
designer,designer,设计者,NOUN,B2
to desire,to desire,渴望,VERB,B2
despicable,despicable,可鄙的,ADJ,B2
to despise,to despise,鄙视,VERB,B2
despotism,despotism,专制,NOUN,B2
destabilization,destabilization,动摇,NOUN,B2
destructive,destructive,مدمر,ADJ,B2
detachment,detachment,脱落,NOUN,B2
detainee,detainee,被拘留者,NOUN,B2
detente,detente,缓和,NOUN,B2
detention,detention,拘留,NOUN,B2
determination,determination,决心,NOUN,B2
deterministic,deterministic,决定论的,ADJ,B2
detestable,detestable,可恶的,ADJ,B2
detonation,detonation,爆炸,NOUN,B2
devastation,devastation,破坏,NOUN,B2
developed,developed,发达的,ADJ,B2
developer,developer,开发商,NOUN,B2
deviation,deviation,偏离,NOUN,B2
dew,dew,露水,NOUN,B2
diabetes,diabetes,糖尿病,NOUN,B2
to dialogue,to dialogue,对话,VERB,B2
diaper,diaper,尿布,NOUN,B2
diarrhea,diarrhea,腹泻,NOUN,B2
diaspora,diaspora,流散,NOUN,B2
dictatorship,dictatorship,独裁统治,NOUN,B2
dictionary,dictionary,词典,NOUN,B2
die,die,骰子,NOUN,B2
to die for,to die for,死要,VERB,B2
differentiation,differentiation,区分,NOUN,B2
difficult attack,difficult attack,难攻,NOUN,B2
digestive,digestive,消化的,ADJ,B2
digging,digging,挖掘,NOUN,B2
digit,digit,数字,NOUN,B2
dignified manner,dignified manner,威仪,NOUN,B2
diligence,diligence,勤勉,NOUN,B2
to direct,to direct,对准,VERB,B2
direct sales,direct sales,直销,NOUN,B2
directive,directive,指令,NOUN,B2
directly,directly,直接地,ADV,B2
disability,disability,残疾,NOUN,B2
disagreement,disagreement,不和,NOUN,B2
discharge,discharge,放电,NOUN,B2
disciple,disciple,门徒,NOUN,B2
disciplinary,disciplinary,纪律的,ADJ,B2
to discipline,to discipline,管教,VERB,B2
discordance,discordance,不一致,NOUN,B2
to discourse,to discourse,论述,VERB,B2
discourtesy,discourtesy,失礼,NOUN,B2
discretion,discretion,谨慎,NOUN,B2
to disguise,to disguise,伪装,VERB,B2
disinfectant,disinfectant,消毒剂,NOUN,B2
disinformation,disinformation,虚假信息,NOUN,B2
disk,disk,唱片,NOUN,B2
dislocation,dislocation,脱臼,NOUN,B2
dismantling,dismantling,拆除，瓦解,NOUN,B2
dismissal,dismissal,解雇,NOUN,B2
disobedience,disobedience,不服从,NOUN,B2
disorderly,disorderly,杂乱的,ADJ,B2
disparity,disparity,差异,NOUN,B2
displacement,displacement,位移,NOUN,B2
to display,to display,显示,VERB,B2
displeasure,displeasure,不悦,NOUN,B2
disposable diaper,disposable diaper,纸尿裤,NOUN,B2
dispute,dispute,争论,NOUN,B2
dissertation,dissertation,论文,NOUN,B2
dissipation,dissipation,挥霍,NOUN,B2
distorted,distorted,歪曲的,ADJ,B2
distortion,distortion,扭曲,NOUN,B2
district head,district head,区长,NOUN,B2
disturbance,disturbance,干扰,NOUN,B2
dive,dive,跳水,NOUN,B2
divergent,divergent,分歧的,ADJ,B2
divination,divination,占卜,NOUN,B2
diving,diving,潜水,NOUN,B2
to divorce,to divorce,离婚,VERB,B2
dizziness,dizziness,眩晕,NOUN,B2
do one's best,do one's best,尽力,ADV,B2
docility,docility,温顺,NOUN,B2
doctorate,doctorate,博士学位,NOUN,B2
to document,to document,记录,VERB,B2
documentary,documentary,纪录片的,ADJ,B2
dogmatism,dogmatism,教条主义,NOUN,B2
dolphin,dolphin,海豚,NOUN,B2
dome,dome,圆顶,NOUN,B2
domestic debt,domestic debt,内债,NOUN,B2
domestic licensed goods,domestic licensed goods,国行,NOUN,B2
domestication,domestication,驯化,NOUN,B2
don't,don't,可别,AUX,B2
done,done,事已,NOUN,B2
doorbell,doorbell,门铃,NOUN,B2
doorman,doorman,门卫,NOUN,B2
doormat,doormat,门垫,NOUN,B2
dormitory,dormitory,宿舍,NOUN,B2
dosage,dosage,剂量,NOUN,B2
to double,to double,加倍,VERB,B2
doubling,doubling,加倍,NOUN,B2
to doubt,to doubt,怀疑,VERB,B2
dough,dough,面团,NOUN,B2
down,down,顺...而下,ADP,B2
download,download,下载,NOUN,B2
to download,to download,下载,VERB,B2
downpour,downpour,倾盆大雨,NOUN,B2
downstream,downstream,下游,NOUN,B2
downwards,downwards,向下,ADV,B2
drag,drag,拖曳,NOUN,B2
dramaturgy,dramaturgy,戏剧艺术,NOUN,B2
dread,dread,恐惧,NOUN,B2
dregs,dregs,渣滓,NOUN,B2
to dress,to dress,给...穿衣,VERB,B2
to dress up,to dress up,盛装打扮,VERB,B2
drift,drift,漂移,NOUN,B2
to drink a toast,to drink a toast,干杯,VERB,B2
driver's license,driver's license,驾驶证,NOUN,B2
drop,drop,滴,NOUN,B2
drowsiness,drowsiness,昏睡,NOUN,B2
drugs,drugs,毒品,NOUN,B2
drunkenness,drunkenness,醉酒,NOUN,B2
to dry,to dry,弄干,VERB,B2
to dry in the sun,to dry in the sun,晾晒,VERB,B2
duality,duality,二元性,NOUN,B2
dubbing,dubbing,配音,NOUN,B2
due to,due to,由于,ADP,B2
dullness,dullness,迟钝,NOUN,B2
durability,durability,耐用性,NOUN,B2
during the day,during the day,在白天,ADV,B2
dusk,dusk,黄昏,NOUN,B2
dutch,dutch,荷兰的,ADJ,B2
dynasty,dynasty,王朝,NOUN,B2
each,each,每个,PRON,B2
each other,each other,互相,PRON,B2
eagle,eagle,鹰,NOUN,B2
earlier,earlier,刚才,ADV,B2
early,early,早,ADV,B2
early morning,early morning,凌晨,NOUN,B2
earnest sincere,earnest sincere,恳切,ADJ,B2
to earnestly request,to earnestly request,恳请,VERB,B2
east,east,东方,NOUN,B2
eavesdrop,eavesdrop,营听,NOUN,B2
eavesdropping,eavesdropping,偷听,NOUN,B2
eccentric,eccentric,古怪的,ADJ,B2
ecclesiastical,ecclesiastical,教会的,ADJ,B2
edict,edict,法令,NOUN,B2
editing,editing,剪辑,NOUN,B2
editorial,editorial,社论,NOUN,B2
educated,educated,受过教育的,ADJ,B2
eeg,eeg,脑电图,NOUN,B2
effectiveness,effectiveness,功效,NOUN,B2
efficacy,efficacy,功效,NOUN,B2
eggplant,eggplant,茄子,NOUN,B2
to elaborate,to elaborate,制定,VERB,B2
elasticity,elasticity,弹性,NOUN,B2
elderly,elderly,老年人,NOUN,B2
eldest brother,eldest brother,做大哥,NOUN,B2
elective course,elective course,选修课,NOUN,B2
electorate,electorate,选民,NOUN,B2
electrician,electrician,电工,NOUN,B2
elephant,elephant,大象,NOUN,B2
elevation,elevation,提升,NOUN,B2
eleven,eleven,十一,NUM,B2
elimination,elimination,消除,NOUN,B2
eloquence,eloquence,口才,NOUN,B2
eloquent,eloquent,雄辩的,ADJ,B2
emanation,emanation,散发物,NOUN,B2
embrace,embrace,拥抱,NOUN,B2
emergence,emergence,涌现,NOUN,B2
emergency room,emergency room,急诊室,NOUN,B2
emotionality,emotionality,感性/情绪化,NOUN,B2
emperor,emperor,皇帝,NOUN,B2
empiricism,empiricism,经验主义,NOUN,B2
empress,empress,女皇,NOUN,B2
emptiness,emptiness,空虚,NOUN,B2
encirclement,encirclement,环绕,NOUN,B2
encounter,encounter,相遇,NOUN,B2
encyclopedia,encyclopedia,百科全书,NOUN,B2
encyclopedic,encyclopedic,百科全书式的,ADJ,B2
end,end,端,PART,B2
to end up,to end up,最终到达,VERB,B2
endorsement,endorsement,背书,NOUN,B2
endurance,endurance,坚忍,NOUN,B2
enemy state,enemy state,敌国,NOUN,B2
energy saving,energy saving,节能,NOUN,B2
enforcement,enforcement,执行,NOUN,B2
to engage in,to engage in,从事,VERB,B2
english,english,英国的,ADJ,B2
english,english,英语,NOUN,B2
engraving,engraving,版画,NOUN,B2
enlightened,enlightened,开明的,ADJ,B2
enlightenment,enlightenment,澄清,NOUN,B2
enoki mushroom,enoki mushroom,金针菇,NOUN,B2
enough,enough,足够,ADV,B2
enrichment,enrichment,丰富,NOUN,B2
entering home,entering home,进家,NOUN,B2
enterprise,enterprise,企业,NOUN,B2
enthronement,enthronement,登基,NOUN,B2
enthusiasm,enthusiasm,热情,NOUN,B2
enthusiast,enthusiast,爱好者,NOUN,B2
entirety,entirety,全部,NOUN,B2
entity,entity,实体,NOUN,B2
entourage,entourage,随从,NOUN,B2
enunciation,enunciation,发音,NOUN,B2
environmental,environmental,环境的,ADJ,B2
environmental protection,environmental protection,环境保护,NOUN,B2
environmental technology,environmental technology,环保技术,NOUN,B2
to envy,to envy,羡慕,VERB,B2
enzyme,enzyme,酶,NOUN,B2
epicurean,epicurean,享乐主义的,ADJ,B2
epitome,epitome,化身,NOUN,B2
to equal,to equal,无异,VERB,B2
equally matched,equally matched,不相上下,ADJ,B2
equestrianism,equestrianism,马术,NOUN,B2
equipped,equipped,配备的,ADJ,B2
equivalent,equivalent,相等的,ADJ,B2
eradication,eradication,根除,NOUN,B2
eraser,eraser,橡皮擦,NOUN,B2
erasure,erasure,擦除,NOUN,B2
erhu,erhu,二胡,NOUN,B2
erosion,erosion,侵蚀,NOUN,B2
erudite,erudite,博学的,ADJ,B2
escalation,escalation,升级,NOUN,B2
escape,escape,逃跑,NOUN,B2
escort,escort,护卫,NOUN,B2
escort guard,escort guard,镖师,NOUN,B2
essentially,essentially,主要地,ADV,B2
to estimate,to estimate,估计,VERB,B2
estrangement,estrangement,疏离,NOUN,B2
estuary,estuary,河口,NOUN,B2
ethnicity,ethnicity,种族,NOUN,B2
ethnography,ethnography,人种学,NOUN,B2
ethnology,ethnology,民族学,NOUN,B2
eulogy,eulogy,赞辞,NOUN,B2
european,european,欧洲的,ADJ,B2
evacuation,evacuation,疏散,NOUN,B2
evaporation,evaporation,蒸发,NOUN,B2
evasion,evasion,逃避,NOUN,B2
evasive,evasive,回避的,ADJ,B2
even,even,偶数的,ADJ,B2
even if,even if,即使,SCONJ,B2
everyone,everyone,各位,NOUN,B2
eviction,eviction,驱逐,NOUN,B2
evil,evil,恶行,NOUN,B2
exacerbation,exacerbation,加剧,NOUN,B2
exaggeration,exaggeration,夸张,NOUN,B2
examination,examination,考试,NOUN,B2
exasperation,exasperation,恼怒,NOUN,B2
excellence,excellence,卓越,NOUN,B2
excess,excess,过量,NOUN,B2
to exchange,to exchange,交换,VERB,B2
exchange meeting,exchange meeting,交流会,NOUN,B2
exclamation,exclamation,感叹,NOUN,B2
excluded,excluded,排除在外的,ADJ,B2
exclusion,exclusion,排除,NOUN,B2
exclusively,exclusively,专门地,ADV,B2
exclusivity,exclusivity,排他性,NOUN,B2
excommunication,excommunication,绝罚,NOUN,B2
excretion,excretion,排泄,NOUN,B2
to excuse,to excuse,原谅,VERB,B2
executor,executor,遗嘱执行人,NOUN,B2
exemption,exemption,豁免,NOUN,B2
exhaustion,exhaustion,疲惫,NOUN,B2
existentialism,existentialism,存在主义,NOUN,B2
expenses,expenses,费用,NOUN,B2
experimental,experimental,实验的,ADJ,B2
expiry,expiry,失效,NOUN,B2
exploitation,exploitation,利用,NOUN,B2
explosion-proof,explosion-proof,防爆,ADJ,B2
explosive,explosive,炸药,NOUN,B2
exponent,exponent,指数,NOUN,B2
export,export,出口,NOUN,B2
expressly,expressly,明确地,ADV,B2
extensive,extensive,广泛的,ADJ,B2
exterior,exterior,有外,NOUN,B2
extermination,extermination,灭绝,NOUN,B2
external hard drive,external hard drive,移动硬盘,NOUN,B2
extinction,extinction,灭绝,NOUN,B2
to extort a bribe,to extort a bribe,索贿,VERB,B2
extortion,extortion,勒索,NOUN,B2
extra,extra,群众演员,NOUN,B2
extraction,extraction,提取,NOUN,B2
extravagance,extravagance,奢侈,NOUN,B2
extreme,extreme,أقصى,NOUN,B2
extroversion,extroversion,外向,NOUN,B2
exultation,exultation,欢腾,NOUN,B2
eyebrow,eyebrow,眉毛,NOUN,B2
eyelash,eyelash,睫毛,NOUN,B2
eyelid,eyelid,眼皮,NOUN,B2
fable,fable,寓言,NOUN,B2
fabrication,fabrication,捏造,NOUN,B2
facilities,facilities,设施,NOUN,B2
faculty,faculty,学院,NOUN,B2
faded,faded,褪色的,ADJ,B2
to faint,to faint,昏倒,VERB,B2
fainting,fainting,晕厥,NOUN,B2
fair,fair,交易会,NOUN,B2
fairy tale,fairy tale,童话,NOUN,B2
to fake,to fake,伪造,VERB,B2
falcon,falcon,猎鹰,NOUN,B2
to fall asleep,to fall asleep,入睡,VERB,B2
to fall behind,to fall behind,落后,VERB,B2
to fall down,to fall down,倒下,VERB,B2
to fall ill,to fall ill,患病,VERB,B2
to fall in love,to fall in love,坠入爱河,VERB,B2
to fall into,to fall into,陷入,VERB,B2
to fall silent,to fall silent,沉默,VERB,B2
falsity,falsity,虚假,NOUN,B2
familiarity,familiarity,مألوف,NOUN,B2
family background,family background,出身,NOUN,B2
family happiness,family happiness,天伦之乐,NOUN,B2
family member,family member,家庭成员,NOUN,B2
famous family,famous family,名门,NOUN,B2
fanaticism,fanaticism,狂热,NOUN,B2
far,far,远的,ADJ,B2
to fast,to fast,禁食,VERB,B2
fast quick,fast quick,快的,ADJ,B2
fasting,fasting,禁食,NOUN,B2
fat,fat,脂肪,NOUN,B2
father-in-law,father-in-law,岳父/公公,NOUN,B2
to favor,to favor,偏袒,VERB,B2
fax,fax,传真,NOUN,B2
fear book,fear book,怕本,NOUN,B2
feasibility,feasibility,可行性,NOUN,B2
federalism,federalism,联邦主义,NOUN,B2
federation,federation,联邦,NOUN,B2
feed,feed,饲料,NOUN,B2
feel embarrassed or awkward,feel embarrassed or awkward,为难,ADJ,B2
feel unwell,feel unwell,难受,ADJ,B2
fees,fees,酬金,NOUN,B2
female,female,雌性,NOUN,B2
female friend,female friend,女性朋友,NOUN,B2
femininity,femininity,女性气质,NOUN,B2
feminism,feminism,女权主义,NOUN,B2
fencing,fencing,击剑,NOUN,B2
fennel,fennel,茴香,NOUN,B2
fermentation,fermentation,发酵,NOUN,B2
ferocity,ferocity,凶猛,NOUN,B2
ferry,ferry,渡轮,NOUN,B2
fertility,fertility,肥沃,NOUN,B2
fertilization,fertilization,施肥,NOUN,B2
fertilizer,fertilizer,肥料,NOUN,B2
fetus,fetus,胎儿,NOUN,B2
feudal ethics,feudal ethics,礼教,NOUN,B2
feudalism,feudalism,封建主义,NOUN,B2
fiber,fiber,纤维,NOUN,B2
fibrosis,fibrosis,纤维化,NOUN,B2
fickleness,fickleness,反复无常,NOUN,B2
fierceness,fierceness,凶猛,NOUN,B2
fifth,fifth,خامس,ADJ,B2
to fight,to fight,对抗,VERB,B2
to file a case,to file a case,立案,VERB,B2
to file for record,to file for record,备案,VERB,B2
to fill in,to fill in,填写,VERB,B2
film roll,film roll,胶卷,NOUN,B2
filming,filming,拍摄,NOUN,B2
filter,filter,过滤器,NOUN,B2
final,final,决赛,NOUN,B2
final exam,final exam,期末考,NOUN,B2
to finally,to finally,你可算,VERB,B2
to finance,to finance,资助,VERB,B2
finances,finances,财政,NOUN,B2
financing,financing,融资,NOUN,B2
to find out,to find out,找出,VERB,B2
finding,finding,发现,NOUN,B2
fine,fine,罚款,NOUN,B2
to fine,to fine,罚款,VERB,B2
fingerprint,fingerprint,指纹,NOUN,B2
finishing,finishing,装修,NOUN,B2
to fire,to fire,开火,VERB,B2
firecracker,firecracker,鞭炮,NOUN,B2
firefighter,firefighter,消防员,NOUN,B2
fireplace,fireplace,壁炉,NOUN,B2
fireproof,fireproof,防火的,ADJ,B2
firewood,firewood,木柴,NOUN,B2
fireworks,fireworks,烟花,NOUN,B2
firm,firm,坚固的,ADJ,B2
firmness,firmness,坚定,NOUN,B2
first,first,首先,ADV,B2
first draft,first draft,初稿,NOUN,B2
first name,first name,名字,NOUN,B2
first of all,first of all,首先,ADV,B2
to fish,to fish,钓鱼,VERB,B2
fisherman,fisherman,渔夫,NOUN,B2
fishing rod,fishing rod,钓竿,NOUN,B2
fission,fission,裂变,NOUN,B2
five organs,five organs,五脏,NOUN,B2
fixed,fixed,固定的,ADJ,B2
flanking,flanking,包抄,NOUN,B2
flat,flat,扁平的,ADJ,B2
fleeting,fleeting,短暂的,ADJ,B2
flexibility,flexibility,灵活性,NOUN,B2
floating dust,floating dust,浮尘,NOUN,B2
to flow,to flow,流动,VERB,B2
fluctuating,fluctuating,波动的,ADJ,B2
fluctuation,fluctuation,波动,NOUN,B2
flute,flute,长笛,NOUN,B2
fly,fly,苍蝇,NOUN,B2
foamy,foamy,多泡沫的,ADJ,B2
fold,fold,折痕,NOUN,B2
foliar fertilizer,foliar fertilizer,叶面肥,NOUN,B2
folk,folk,民间的,ADJ,B2
folklore,folklore,民俗,NOUN,B2
to follow up,to follow up,追问,VERB,B2
follow-up,follow-up,跟进,NOUN,B2
foodstuff,foodstuff,食品,NOUN,B2
foot-warming,foot-warming,捂脚,NOUN,B2
footbridge,footbridge,人行天桥,NOUN,B2
footwear,footwear,鞋穿,NOUN,B2
for a time,for a time,一度,ADV,B2
for example,for example,例如,ADV,B2
to for example,to for example,比如,VERB,B2
for free,for free,免费,ADV,B2
for it,for it,为此,ADV,B2
for now,for now,暂时,ADV,B2
for years,for years,多年,ADV,B2
to force,to force,强迫,VERB,B2
forced,forced,强迫的,ADJ,B2
forcibly,forcibly,强制地,ADV,B2
forecast,forecast,预测,NOUN,B2
foreign debt,foreign debt,外债,NOUN,B2
foresight,foresight,远见,NOUN,B2
forgetful,forgetful,健忘的,ADJ,B2
formalism,formalism,形式主义,NOUN,B2
formality,formality,礼节,NOUN,B2
formation,formation,组建,NOUN,B2
forty,forty,四十,NUM,B2
forum,forum,论坛,NOUN,B2
foul smell,foul smell,骚味,NOUN,B2
founder,founder,创始人,NOUN,B2
foundling,foundling,弃婴,NOUN,B2
fountain,fountain,喷泉,NOUN,B2
fourth,fourth,第四,ADJ,B2
fragmentation,fragmentation,碎片化,NOUN,B2
fragrant,fragrant,芬芳的,ADJ,B2
to frame,to frame,装框,VERB,B2
frankness,frankness,坦率,NOUN,B2
free time,free time,业余时间,NOUN,B2
freezing,freezing,冻结,NOUN,B2
freezing rain,freezing rain,冻雨,NOUN,B2
french,french,法国的,ADJ,B2
french,french,法语,NOUN,B2
frenchman,frenchman,法国人,NOUN,B2
frequent,frequent,频繁的,ADJ,B2
freshness,freshness,新鲜,NOUN,B2
friction,friction,摩擦,NOUN,B2
friday,friday,星期五,NOUN,B2
from beginning to end,from beginning to end,始终,ADV,B2
from day,from day,日起,NOUN,B2
from now on,from now on,今后,ADV,B2
front door,front door,正门,NOUN,B2
frustration,frustration,挫折,NOUN,B2
frying pan,frying pan,平底锅,NOUN,B2
full moon,full moon,满月,NOUN,B2
fun,fun,有趣的,ADJ,B2
to function,to function,运作,VERB,B2
functional,functional,功能的,ADJ,B2
functionalism,functionalism,功能主义,NOUN,B2
fundamentalism,fundamentalism,原教旨主义,NOUN,B2
further,further,进一步,ADV,B2
further debate,further debate,再辩,NOUN,B2
furthermore,furthermore,此外,ADV,B2
fuselage,fuselage,机身,NOUN,B2
fusion,fusion,融合,NOUN,B2
futility,futility,无用,NOUN,B2
future,future,未来的,ADJ,B2
gain,gain,收益,NOUN,B2
gallantry,gallantry,英勇,NOUN,B2
gamble,gamble,赌博,NOUN,B2
gardener,gardener,园丁,NOUN,B2
garlic,garlic,大蒜,NOUN,B2
garrulous,garrulous,喋喋不休的,ADJ,B2
gas station,gas station,加油站,NOUN,B2
gasoline,gasoline,汽油,NOUN,B2
gastroscopy,gastroscopy,胃镜,NOUN,B2
gathering,gathering,聚集,NOUN,B2
gaze,gaze,目视,NOUN,B2
gearbox,gearbox,变速箱,NOUN,B2
gender,gender,性别,NOUN,B2
gene,gene,基因,NOUN,B2
genealogy,genealogy,家谱学,NOUN,B2
general,general,一般的,ADJ,B2
general,general,将军,NOUN,B2
generalization,generalization,概括,NOUN,B2
generosity,generosity,慷慨,NOUN,B2
genome,genome,基因组,NOUN,B2
geography,geography,地理,NOUN,B2
geological,geological,地质的,ADJ,B2
geometric,geometric,几何的,ADJ,B2
geopolitics,geopolitics,地缘政治,NOUN,B2
germ,germ,病菌,NOUN,B2
german,german,德国的,ADJ,B2
german,german,德国人,NOUN,B2
germination,germination,发芽,NOUN,B2
to get angry,to get angry,生气,VERB,B2
to get lost,to get lost,迷路,VERB,B2
to get off work,to get off work,下班,VERB,B2
to get rid of,to get rid of,摆脱,VERB,B2
to get up,to get up,起床,VERB,B2
to get used to,to get used to,习惯于,VERB,B2
giant,giant,巨大的,ADJ,B2
ginger,ginger,姜,NOUN,B2
ginseng,ginseng,人参,NOUN,B2
giraffe,giraffe,长颈鹿,NOUN,B2
to give back,to give back,归还,VERB,B2
to give up,to give up,放弃,VERB,B2
given that,given that,鉴于,SCONJ,B2
glacier,glacier,冰川,NOUN,B2
gladly,gladly,乐意地,ADV,B2
glasses,glasses,眼镜,NOUN,B2
gliding,gliding,滑翔,NOUN,B2
to glimpse,to glimpse,瞥见,VERB,B2
global warming,global warming,气候变暖,NOUN,B2
gloominess,gloominess,忧郁,NOUN,B2
gloomy,gloomy,阴郁的,ADJ,B2
glow,glow,光芒,NOUN,B2
gluttony,gluttony,暴食,NOUN,B2
gnosis,gnosis,灵知,NOUN,B2
to go back,to go back,回去,VERB,B2
to go bankrupt,to go bankrupt,破产,VERB,B2
to go crazy,to go crazy,发疯,VERB,B2
to go down,to go down,下去,VERB,B2
to go forward,to go forward,往后,VERB,B2
go help,go help,去帮,NOUN,B2
to go home,to go home,回家,VERB,B2
to go in,to go in,进去,VERB,B2
to go on a business trip,to go on a business trip,出差,VERB,B2
to go out,to go out,出去,VERB,B2
to go through,to go through,经历,VERB,B2
to go up,to go up,上升,VERB,B2
god,god,上帝,NOUN,B2
goddess,goddess,女神,NOUN,B2
godfather,godfather,教父,NOUN,B2
good,good,خير,NOUN,B2
good heavens,good heavens,天哪,INTJ,B2
good luck,good luck,好运,NOUN,B2
good medicine,good medicine,好药,NOUN,B2
good-looking,good-looking,好看的,ADJ,B2
goodbye,goodbye,再见,INTJ,B2
governmental,governmental,政府的,ADJ,B2
grab,grab,揪,NOUN,B2
gradation,gradation,渐变,NOUN,B2
grading,grading,评分；记号,NOUN,B2
gradual,gradual,逐渐的,ADJ,B2
gradually,gradually,逐渐地,ADV,B2
to graduate,to graduate,毕业,VERB,B2
graduate student,graduate student,研究生,NOUN,B2
gram,gram,克,NOUN,B2
grammar,grammar,语法,NOUN,B2
grand distance,grand distance,雄远,NOUN,B2
grandchild,grandchild,孙辈,NOUN,B2
grandpa,grandpa,爷爷,NOUN,B2
grape,grape,葡萄,NOUN,B2
grassland,grassland,草地,NOUN,B2
gratitude and resentment personal feud,gratitude and resentment personal feud,恩怨,NOUN,B2
grazing,grazing,放牧,NOUN,B2
to grease,to grease,涂油,VERB,B2
greasy,greasy,油腻的,ADJ,B2
great favor,great favor,大恩,NOUN,B2
great joy,great joy,大喜,NOUN,B2
great offense,great offense,冒犯大,NOUN,B2
great power,great power,大国,NOUN,B2
great victory,great victory,大胜,NOUN,B2
greatness,greatness,伟大,NOUN,B2
green eye,green eye,碧眼,NOUN,B2
green eyes,green eyes,想碧眼,NOUN,B2
greeting,greeting,问候,NOUN,B2
grievance,grievance,弊端,NOUN,B2
grip,grip,握法,NOUN,B2
to grow up,to grow up,成长,VERB,B2
grumbling,grumbling,抱怨,NOUN,B2
guarantor,guarantor,担保人,NOUN,B2
to guard,to guard,看守,VERB,B2
guardian,guardian,守卫,NOUN,B2
guess,guess,猜测,NOUN,B2
guidance,guidance,指导,NOUN,B2
to guide,to guide,引导,VERB,B2
guqin,guqin,古琴,NOUN,B2
gym,gym,健身房,NOUN,B2
gymnasium,gymnasium,体育馆,NOUN,B2
to hack,to hack,入侵；盗版,VERB,B2
hacking,hacking,黑客行为,NOUN,B2
hail,hail,冰雹,NOUN,B2
hairdresser,hairdresser,理发师,NOUN,B2
hairstyle,hairstyle,发型,NOUN,B2
half,half,一半的,ADJ,B2
half-day,half-day,半天,NOUN,B2
hall,hall,殿,PART,B2
hallucination,hallucination,幻觉,NOUN,B2
to hand over,to hand over,交付,VERB,B2
handbag,handbag,手提包,NOUN,B2
handguard,handguard,护手,NOUN,B2
handicraft,handicraft,工艺品,NOUN,B2
handkerchief,handkerchief,手帕,NOUN,B2
handle,handle,把手,NOUN,B2
handover,handover,拿给,NOUN,B2
handsome guy,handsome guy,帅哥,NOUN,B2
handwriting,handwriting,笔迹,NOUN,B2
to hang up,to hang up,挂断,VERB,B2
happy event,happy event,喜事,NOUN,B2
to harass,to harass,骚扰,VERB,B2
hard to choose,hard to choose,难以抉择,ADJ,B2
hard to decide,hard to decide,难以决定,ADJ,B2
hard to determine,hard to determine,难以确定,ADJ,B2
hard to measure,hard to measure,难以衡量,ADJ,B2
hard to promote,hard to promote,难以推行,ADJ,B2
hard to speak of,hard to speak of,难以启齿,ADJ,B2
hardness,hardness,硬度,NOUN,B2
hardworking,hardworking,勤奋的,ADJ,B2
hare,hare,野兔,NOUN,B2
to harm,to harm,损害,VERB,B2
harmonious,harmonious,和谐的,ADJ,B2
harmonization,harmonization,协调,NOUN,B2
harp,harp,竖琴,NOUN,B2
to harvest,to harvest,收割,VERB,B2
haste,haste,匆忙,NOUN,B2
hastily,hastily,急忙,ADV,B2
hasty,hasty,仓促的,ADJ,B2
hate,hate,仇恨,NOUN,B2
haughtiness,haughtiness,傲慢,NOUN,B2
have,have,有,AUX,B2
to have an accident,to have an accident,遭遇意外,VERB,B2
to have breakfast,to have breakfast,吃早餐,VERB,B2
to have dinner,to have dinner,吃晚餐,VERB,B2
have to,have to,总得,ADV,B2
have to,have to,必须,AUX,B2
have to,have to,还得,NOUN,B2
hazelnut,hazelnut,榛子,NOUN,B2
headphones,headphones,耳机,NOUN,B2
healing,healing,治愈,NOUN,B2
to hear a case,to hear a case,审理,VERB,B2
hearing,hearing,听证会,NOUN,B2
heart attack,heart attack,心脏病发作,NOUN,B2
heart disease,heart disease,心脏病,NOUN,B2
to heat,to heat,加热,VERB,B2
heaven and earth,heaven and earth,天地,NOUN,B2
heavenly fragrance,heavenly fragrance,天香,NOUN,B2
heaviness,heaviness,沉重 / 笨重,NOUN,B2
heavy body,heavy body,重体,NOUN,B2
heavy capacity,heavy capacity,重容,NOUN,B2
heavy effect,heavy effect,重效,NOUN,B2
heavy etiquette,heavy etiquette,礼太重,NOUN,B2
heavy snow,heavy snow,大雪,NOUN,B2
heavy work,heavy work,重功,NOUN,B2
hedgehog,hedgehog,刺猬,NOUN,B2
heel,heel,脚后跟,NOUN,B2
hegemony,hegemony,霸权,NOUN,B2
help,help,帮助,NOUN,B2
hemoglobin,hemoglobin,血红蛋白,NOUN,B2
hen,hen,母鸡,NOUN,B2
herb,herb,草药,NOUN,B2
herbicide,herbicide,除草剂,NOUN,B2
herd,herd,兽群,NOUN,B2
here,here,此地,NOUN,B2
hereby,hereby,特此,ADV,B2
hereditary,hereditary,遗传的,ADJ,B2
heredity,heredity,遗传,NOUN,B2
heresy,heresy,异端,NOUN,B2
hermeneutic,hermeneutic,诠释学的,ADJ,B2
heroism,heroism,英雄主义,NOUN,B2
to hide oneself,to hide oneself,躲藏,VERB,B2
hideout,hideout,藏身处,NOUN,B2
hiding,hiding,ٱختباء,NOUN,B2
hierarchical,hierarchical,等级的,ADJ,B2
high school,high school,高中,NOUN,B2
high tide,high tide,涨潮,NOUN,B2
high-speed,high-speed,高速,ADJ,B2
highness,highness,殿下,NOUN,B2
hills,hills,丘陵,NOUN,B2
hindrance,hindrance,障碍,NOUN,B2
hiring,hiring,招聘,NOUN,B2
his,his,他的,DET,B2
historian,historian,历史学家,NOUN,B2
historical record,historical record,历史纪录,NOUN,B2
historical site,historical site,古迹,NOUN,B2
historicism,historicism,历史主义,NOUN,B2
historiography,historiography,史学,NOUN,B2
hit,hit,击中,NOUN,B2
hmm,hmm,嗯,INTJ,B2
to hold a meeting,to hold a meeting,开会,VERB,B2
to hold a record,to hold a record,保持纪录,VERB,B2
to hold accountable,to hold accountable,问责,VERB,B2
to hold back,to hold back,憋,VERB,B2
to hold on,to hold on,抓住,VERB,B2
hold the balance of power,hold the balance of power,举足轻重,ADJ,B2
holiness,holiness,神圣,NOUN,B2
hollow,hollow,洼地,NOUN,B2
holy decree,holy decree,圣令,NOUN,B2
home family,home family,家,NOUN,B2
homeland,homeland,家乡,NOUN,B2
homestay,homestay,民宿,NOUN,B2
homosexuality,homosexuality,同性恋,NOUN,B2
to honk,to honk,按喇叭,VERB,B2
to honor,to honor,尊敬,VERB,B2
honorary,honorary,名誉的,ADJ,B2
honored,honored,尊敬的,ADJ,B2
hope,hope,希望,NOUN,B2
to hope for,to hope for,盼望,VERB,B2
hopefully,hopefully,希望,ADV,B2
hormone,hormone,激素,NOUN,B2
horny,horny,性欲的,ADJ,B2
horrifying,horrifying,令人毛骨悚然的,ADJ,B2
horseback riding,horseback riding,骑马,NOUN,B2
to host,to host,接待,VERB,B2
hot water,hot water,热水,NOUN,B2
hotel room,hotel room,酒店房间,NOUN,B2
housework,housework,家务,NOUN,B2
how,how,又怎会,NOUN,B2
how could there be,how could there be,哪有,PRON,B2
how dare,how dare,岂敢,NOUN,B2
how enough,how enough,哪够,NOUN,B2
how many,how many,多少,NUM,B2
how much,how much,多少,PRON,B2
however,however,然而,CCONJ,B2
to hug,to hug,拥抱,VERB,B2
huh,huh,哈,INTJ,B2
to hum,to hum,哼唱,VERB,B2
human,human,人类的,ADJ,B2
human life,human life,人命,NOUN,B2
human nature,human nature,人性,NOUN,B2
humanization,humanization,人性化,NOUN,B2
humid weather after cold spell,humid weather after cold spell,回南天,NOUN,B2
humidity,humidity,湿度,NOUN,B2
to humiliate,to humiliate,羞辱,VERB,B2
humiliation,humiliation,羞辱,NOUN,B2
hunchbacked,hunchbacked,驼背的,ADJ,B2
to hunt,to hunt,打猎,VERB,B2
to hunt down,to hunt down,追杀,VERB,B2
hunter,hunter,猎人,NOUN,B2
hunting,hunting,狩猎,NOUN,B2
hurry,hurry,匆忙,NOUN,B2
hybrid,hybrid,杂交的,ADJ,B2
hybridization,hybridization,杂交,NOUN,B2
hydro energy,hydro energy,水能,NOUN,B2
hygiene,hygiene,卫生,NOUN,B2
hymn,hymn,赞美诗,NOUN,B2
hyper-intent,hyper-intent,超意,NOUN,B2
hyper-origin,hyper-origin,超原,NOUN,B2
hyper-target,hyper-target,超的,NOUN,B2
hypnosis,hypnosis,催眠,NOUN,B2
i'm afraid,i'm afraid,恐怕,ADV,B2
i-than,i-than,我比,NOUN,B2
ice cream,ice cream,冰淇淋,NOUN,B2
ice rink,ice rink,溜冰场,NOUN,B2
ice-cold,ice-cold,冰冷的,ADJ,B2
icy,icy,冰冷的,ADJ,B2
id,id,证件,NOUN,B2
ideal,ideal,理想,NOUN,B2
idealism,idealism,理想主义,NOUN,B2
idealist,idealist,理想主义者,NOUN,B2
ideological,ideological,意识形态的,ADJ,B2
idiocy,idiocy,愚蠢,NOUN,B2
idiom,idiom,习语,NOUN,B2
if when,if when,如果,SCONJ,B2
illegality,illegality,非法,NOUN,B2
imagery,imagery,意象,NOUN,B2
imaginary,imaginary,虚构的,ADJ,B2
imitation,imitation,模仿,NOUN,B2
imitative,imitative,模仿性,ADJ,B2
immanence,immanence,内在性,NOUN,B2
immeasurable,immeasurable,不可估量的,ADJ,B2
immersion,immersion,沉浸,NOUN,B2
to immigrate,to immigrate,移入,VERB,B2
imminent,imminent,即将来临的,ADJ,B2
immobility,immobility,都无动,NOUN,B2
immortality,immortality,不朽,NOUN,B2
immunization,immunization,免疫,NOUN,B2
to impart,to impart,传授,VERB,B2
impediment,impediment,障碍,NOUN,B2
to impel,to impel,推动,VERB,B2
imperial court,imperial court,朝廷,NOUN,B2
imperial father,imperial father,父皇,NOUN,B2
imperial guard,imperial guard,御林,NOUN,B2
imperial physician,imperial physician,御医,NOUN,B2
imperialism,imperialism,帝国主义,NOUN,B2
to implore,to implore,恳求,VERB,B2
impolite,impolite,不礼貌的,ADJ,B2
import,import,进口,NOUN,B2
importation,importation,进口,NOUN,B2
impossibility,impossibility,不可能,NOUN,B2
impressionism,impressionism,印象主义,NOUN,B2
to imprison,to imprison,监禁,VERB,B2
imprisonment,imprisonment,监禁,NOUN,B2
improper,improper,不合适的,ADJ,B2
improvement,improvement,好转,NOUN,B2
improvisation,improvisation,即兴创作,NOUN,B2
impudence,impudence,厚颜无耻,NOUN,B2
impulsive,impulsive,冲动的,ADJ,B2
impurity,impurity,不纯,NOUN,B2
in,in,进来,ADV,B2
in addition,in addition,此外,ADV,B2
in advance,in advance,事先,ADV,B2
in between,in between,在中间,ADV,B2
in case,in case,如果,SCONJ,B2
in front,in front,在前面,ADV,B2
in front of,in front of,在……前面,ADP,B2
in it,in it,在里面,ADV,B2
in order to,in order to,以期,SCONJ,B2
in person,in person,亲自地,ADV,B2
in short,in short,简而言之,ADV,B2
in those days,in those days,当年,NOUN,B2
in time,in time,及时地,ADV,B2
in vain,in vain,徒劳,ADV,B2
to inaugurate,to inaugurate,启用,VERB,B2
inauguration,inauguration,开幕,NOUN,B2
incantation,incantation,咒语,NOUN,B2
incense,incense,香,NOUN,B2
inch,inch,بوصة,NOUN,B2
to incinerate,to incinerate,焚烧,VERB,B2
to incite,to incite,煽动,VERB,B2
incitement,incitement,煽动,NOUN,B2
inclination,inclination,倾向,NOUN,B2
to incline,to incline,使倾斜,VERB,B2
incoherence,incoherence,不连贯,NOUN,B2
incompatibility,incompatibility,不兼容,NOUN,B2
incomplete,incomplete,不完整的,ADJ,B2
incomprehensible,incomprehensible,不可理解的,ADJ,B2
increase,increase,增加,NOUN,B2
incremental,incremental,渐进性,ADJ,B2
incubation,incubation,孵化,NOUN,B2
incubator,incubator,孵化器,NOUN,B2
indebtedness,indebtedness,负债,NOUN,B2
indecisive,indecisive,犹豫不决的,ADJ,B2
indelible,indelible,不可磨灭的,ADJ,B2
indescribable,indescribable,难以形容的,ADJ,B2
index,index,索引,NOUN,B2
indexing,indexing,指数化,NOUN,B2
indicator,indicator,指标,NOUN,B2
indifference,indifference,冷漠,NOUN,B2
indigestion,indigestion,消化不良,NOUN,B2
individual,individual,单独的,ADJ,B2
individualism,individualism,个人主义,NOUN,B2
individuality,individuality,个性,NOUN,B2
industry chain,industry chain,产业链,NOUN,B2
inefficient,inefficient,低效的,ADJ,B2
inertia,inertia,惯性,NOUN,B2
inference,inference,推断,NOUN,B2
inflammation,inflammation,炎症,NOUN,B2
to influence,to influence,影响,VERB,B2
informant,informant,线人,NOUN,B2
to infringe,to infringe,侵犯,VERB,B2
initial stage,initial stage,初期,NOUN,B2
initially,initially,首先,ADV,B2
injustice,injustice,不公,NOUN,B2
ink,ink,墨水,NOUN,B2
inner heart,inner heart,内心,NOUN,B2
inner side,inner side,内侧,NOUN,B2
innovative,innovative,创新的,ADJ,B2
inscription,inscription,刻有,NOUN,B2
insecticide,insecticide,杀虫剂,NOUN,B2
inseparable,inseparable,不可分割的,ADJ,B2
inside,inside,在里面,ADV,B2
inside,inside,内部,NOUN,B2
inside in,inside in,里,NOUN,B2
insider,insider,知情者,NOUN,B2
insistence,insistence,坚持,NOUN,B2
insolence,insolence,无礼,NOUN,B2
insolvency,insolvency,无偿付能力,NOUN,B2
insomnia,insomnia,失眠,NOUN,B2
installation,installation,安装,NOUN,B2
installment,installment,分期付款,NOUN,B2
instant,instant,فور,NOUN,B2
institutional,institutional,机构的,ADJ,B2
insult,insult,辱骂,NOUN,B2
to insure,to insure,保证,VERB,B2
insurmountable,insurmountable,不可逾越的,ADJ,B2
insurrection,insurrection,起义,NOUN,B2
intelligence information,intelligence information,情报,NOUN,B2
to intensify,to intensify,加剧,VERB,B2
intensity,intensity,强度,NOUN,B2
intensive care,intensive care,重症监护,NOUN,B2
interactive,interactive,交互式的,ADJ,B2
intercourse,intercourse,性交,NOUN,B2
to interest,to interest,使感兴趣,VERB,B2
interior,interior,内部,NOUN,B2
intermediary,intermediary,中间人,NOUN,B2
internship,internship,实习,NOUN,B2
interpretation,interpretation,解释,NOUN,B2
interpreter,interpreter,口译员,NOUN,B2
intersection,intersection,交叉点,NOUN,B2
to intervene,to intervene,干预,VERB,B2
to interview,to interview,采访,VERB,B2
intestine,intestine,肠,NOUN,B2
intimacy,intimacy,亲密,NOUN,B2
intimidation,intimidation,恐吓,NOUN,B2
intonation,intonation,语调,NOUN,B2
intravenous drip,intravenous drip,输液,NOUN,B2
introspection,introspection,内省,NOUN,B2
intrusion,intrusion,闯入,NOUN,B2
to invade,to invade,入侵,VERB,B2
inventory,inventory,库存,NOUN,B2
to inventory,to inventory,盘点,VERB,B2
inversion,inversion,反演,NOUN,B2
iron,iron,铁的,ADJ,B2
to iron,to iron,熨烫,VERB,B2
irrationality,irrationality,非理性,NOUN,B2
irreconcilable,irreconcilable,不可调和的,ADJ,B2
irrefutable,irrefutable,无可辩驳的,ADJ,B2
irreplaceable,irreplaceable,不可替代的,ADJ,B2
irreversible,irreversible,不可逆转的,ADJ,B2
irrigation canal,irrigation canal,灌溉渠,NOUN,B2
irritable,irritable,易怒的,ADJ,B2
irritation,irritation,刺激,NOUN,B2
isolated,isolated,孤立的,ADJ,B2
isolation,isolation,隔绝,NOUN,B2
to issue,to issue,颁布,VERB,B2
it is a pity,it is a pity,可惜,ADJ,B2
italian,italian,意大利人,NOUN,B2
to itch,to itch,发痒,VERB,B2
itching,itching,瘙痒,NOUN,B2
its doing,its doing,它干,NOUN,B2
jade,jade,这玉,NOUN,B2
jade ware,jade ware,玉器,NOUN,B2
jam,jam,果酱,NOUN,B2
japanese,japanese,日本人,NOUN,B2
jar,jar,广口瓶,NOUN,B2
jargon,jargon,行话,NOUN,B2
jaundice,jaundice,黄疸,NOUN,B2
jeans,jeans,牛仔裤,NOUN,B2
jew,jew,犹太人,NOUN,B2
jianghu world,jianghu world,江湖上,NOUN,B2
jin,jin,斤,NOUN,B2
joint,joint,平等的,ADJ,B2
joint examination,joint examination,联考,NOUN,B2
joint ownership,joint ownership,共有,NOUN,B2
journal article,journal article,期刊论文,NOUN,B2
jubilee,jubilee,禧年,NOUN,B2
to judge,to judge,判断,VERB,B2
judiciary,judiciary,司法官,NOUN,B2
jujube,jujube,枣子,NOUN,B2
jump,jump,跳跃,NOUN,B2
jungle,jungle,丛林,NOUN,B2
just,just,公正,ADJ,B2
just now,just now,刚刚,ADV,B2
just right,just right,恰到好处,ADV,B2
justification,justification,理由,NOUN,B2
karate,karate,空手道,NOUN,B2
kettle,kettle,水壶,NOUN,B2
keyboard,keyboard,键盘,NOUN,B2
kick,kick,踢,NOUN,B2
kill two birds with one stone,kill two birds with one stone,一举两得,ADJ,B2
kilogram,kilogram,千克,NOUN,B2
kilometer,kilometer,公里,NOUN,B2
kind,kind,仁慈的,ADJ,B2
king,king,王,PART,B2
kinship,kinship,亲属关系,NOUN,B2
to kiss,to kiss,亲吻,VERB,B2
kite,kite,风筝,NOUN,B2
kneeling,kneeling,跪,NOUN,B2
to know nothing,to know nothing,一无所知,VERB,B2
to lack,to lack,缺乏,VERB,B2
to lack basis,to lack basis,无据,VERB,B2
land expansion,land expansion,拓土,NOUN,B2
landslide,landslide,滑坡,NOUN,B2
large-scale,large-scale,大规模的,ADJ,B2
larynx,larynx,喉,NOUN,B2
last,last,最后,ADV,B2
last year,last year,去年,NOUN,B2
late,late,晚,ADV,B2
late,late,晚才,NOUN,B2
late spring cold snap,late spring cold snap,倒春寒,NOUN,B2
lateral,lateral,侧面的,ADJ,B2
laughter,laughter,笑声,NOUN,B2
launch,launch,发射,NOUN,B2
law,law,法,PART,B2
layman,layman,外行,NOUN,B2
layoff,layoff,解雇,NOUN,B2
laziness,laziness,懒惰,NOUN,B2
lead,lead,铅,NOUN,B2
lead thousand,lead thousand,率千,NOUN,B2
to lead to,to lead to,通向,VERB,B2
leading,leading,领先的,ADJ,B2
to leak,to leak,泄漏,VERB,B2
lean,lean,瘦的,ADJ,B2
to leap,to leap,跨越,VERB,B2
learning,learning,学习,NOUN,B2
leave,leave,休假,NOUN,B2
to leave behind,to leave behind,留下,VERB,B2
to lecture,to lecture,教导,VERB,B2
lecturer,lecturer,演讲者,NOUN,B2
ledger,ledger,总账,NOUN,B2
left,left,左边的,ADJ,B2
left,left,左边,ADV,B2
left,left,左,NOUN,B2
left side,left side,左侧,NOUN,B2
legal profession,legal profession,律师业,NOUN,B2
legislative,legislative,立法的,ADJ,B2
legitimacy,legitimacy,合法性,NOUN,B2
to legitimize,to legitimize,使合法,VERB,B2
lest,lest,唯恐,SCONJ,B2
let,let,让,AUX,B2
to let go,to let go,放开,VERB,B2
lettuce,lettuce,生菜,NOUN,B2
lexicology,lexicology,词汇学,NOUN,B2
liberalization,liberalization,自由化,NOUN,B2
liberation,liberation,解放,NOUN,B2
libertinism,libertinism,放荡,NOUN,B2
license plate,license plate,车牌,NOUN,B2
licentiousness,licentiousness,放荡,NOUN,B2
to lie down,to lie down,躺,VERB,B2
lieutenant,lieutenant,中尉,NOUN,B2
life imprisonment,life imprisonment,无期徒刑,NOUN,B2
life retribution,life retribution,偿命,NOUN,B2
lifeless,lifeless,无生命的,ADJ,B2
light,light,轻的,ADJ,B2
light rain,light rain,小雨,NOUN,B2
lighthouse,lighthouse,灯塔,NOUN,B2
lightness,lightness,轻盈,NOUN,B2
lightning,lightning,闪电,NOUN,B2
like,like,像,ADP,B2
likeness,likeness,就象,NOUN,B2
limbs,limbs,手脚,NOUN,B2
lime,lime,石灰,NOUN,B2
to limit,to limit,限制,VERB,B2
limited,limited,有限的,ADJ,B2
to line up,to line up,排成一行,VERB,B2
lineage,lineage,血统,NOUN,B2
linear,linear,线性的,ADJ,B2
linen,linen,线麻,NOUN,B2
lines,lines,台词,NOUN,B2
linguistics,linguistics,语言学,NOUN,B2
to list,to list,列举,VERB,B2
to listen attentively,to listen attentively,倾听,VERB,B2
listening,listening,也听,NOUN,B2
liter,liter,升,NOUN,B2
litre,litre,升,NOUN,B2
little,little,少,DET,B2
little bitch,little bitch,小婊子,NOUN,B2
little eleven,little eleven,小十一,NOUN,B2
little nine,little nine,小九,NOUN,B2
lively,lively,热闹的,ADJ,B2
living room,living room,客厅,NOUN,B2
to load,to load,装载,VERB,B2
local tyrant,local tyrant,豪强,NOUN,B2
to lock up,to lock up,关押,VERB,B2
lodging,lodging,住宿,NOUN,B2
logic modification,logic modification,改逻,NOUN,B2
logistics,logistics,后勤,NOUN,B2
long ago,long ago,早已,ADV,B2
to long for,to long for,渴望,VERB,B2
long live,long live,万岁,INTJ,B2
long time,long time,长时间,ADV,B2
look,look,看,NOUN,B2
to look after,to look after,照料,VERB,B2
to look at,to look at,观看,VERB,B2
to look up,to look up,查阅,VERB,B2
lookout,lookout,瞭望,NOUN,B2
lord,lord,领主,NOUN,B2
to lose bid,to lose bid,落标,VERB,B2
to lose one's temper,to lose one's temper,发火,VERB,B2
to lose weight,to lose weight,减肥,VERB,B2
loud and clear,loud and clear,响亮,ADJ,B2
louse,louse,虱子,NOUN,B2
lousy,lousy,糟糕的,ADJ,B2
to love,to love,爱,VERB,B2
to love dearly,to love dearly,心疼,VERB,B2
lover sweetheart,lover sweetheart,情人,NOUN,B2
low tide,low tide,退潮,NOUN,B2
lucky,lucky,幸运的,ADJ,B2
lucky chance,lucky chance,虽侥,NOUN,B2
lunar calendar,lunar calendar,农历,NOUN,B2
luster,luster,光泽,NOUN,B2
lymph,lymph,淋巴,NOUN,B2
machine learning,machine learning,机器学习,NOUN,B2
madam,madam,夫人,NOUN,B2
madman,madman,疯子,NOUN,B2
magical,magical,魔法的,ADJ,B2
magician,magician,魔术师,NOUN,B2
magnanimity,magnanimity,宽宏大量,NOUN,B2
to magnify,to magnify,放大,VERB,B2
maidservant,maidservant,女仆,NOUN,B2
mail,mail,邮件,NOUN,B2
mailbox,mailbox,邮箱,NOUN,B2
main,main,主要的,ADJ,B2
main road,main road,主路,NOUN,B2
main street,main street,大街,NOUN,B2
mainland,mainland,大陆,NOUN,B2
majestic,majestic,宏伟的,ADJ,B2
majesty,majesty,陛下,NOUN,B2
major,major,少校,NOUN,B2
to make do,to make do,做,VERB,B2
to make persistent efforts,to make persistent efforts,再接再厉,VERB,B2
to make sure,to make sure,确保,VERB,B2
to make up for,to make up for,弥补,VERB,B2
male,male,男性的,ADJ,B2
malfunction,malfunction,故障,NOUN,B2
malicious words,malicious words,恶言,NOUN,B2
mandate,mandate,命令,NOUN,B2
mangosteen,mangosteen,山竹,NOUN,B2
mangrove,mangrove,红树林,NOUN,B2
manhunt,manhunt,搜捕,NOUN,B2
mania,mania,狂躁症,NOUN,B2
manner,manner,方式,NOUN,B2
manor,manor,庄园,NOUN,B2
manor,manor,庄,PART,B2
manor lord,manor lord,庄主,NOUN,B2
many times,many times,多次,ADV,B2
marathon,marathon,马拉松,NOUN,B2
marginalization,marginalization,边缘化,NOUN,B2
to marinate,to marinate,腌制,VERB,B2
maritime,maritime,海事的,ADJ,B2
marketing,marketing,营销,NOUN,B2
marriage alliance,marriage alliance,联姻,NOUN,B2
marriage leave,marriage leave,婚假,NOUN,B2
martyrdom,martyrdom,殉难,NOUN,B2
to marvel,to marvel,使惊奇,VERB,B2
master,master,大师,NOUN,B2
master,master,爷,PART,B2
to master,to master,掌握,VERB,B2
master's degree,master's degree,硕士学位,NOUN,B2
master's word,master's word,爷说,NOUN,B2
match,match,火柴,NOUN,B2
to match,to match,相配,VERB,B2
materialism,materialism,唯物主义,NOUN,B2
maternal aunt,maternal aunt,姨母,NOUN,B2
maternal grandmother,maternal grandmother,外婆,NOUN,B2
maternal uncle,maternal uncle,舅舅,NOUN,B2
mathematical,mathematical,数学的,ADJ,B2
matrix,matrix,矩阵,NOUN,B2
maturity,maturity,成熟,NOUN,B2
may,may,五月,NOUN,B2
me,me,لي,NOUN,B2
mean,mean,刻薄的,ADJ,B2
means,means,手段,NOUN,B2
to measure,to measure,测量,VERB,B2
measure word flat objects,measure word flat objects,张,NOUN,B2
mechanistic,mechanistic,机制性,ADJ,B2
medal awarding,medal awarding,授勋,NOUN,B2
median,median,中位数,NOUN,B2
mediation,mediation,调解,NOUN,B2
medical care,medical care,医疗,NOUN,B2
medical record,medical record,病历,NOUN,B2
mediocre,mediocre,平庸的,ADJ,B2
mediocrity,mediocrity,庸庸碌碌,NOUN,B2
mediterranean,mediterranean,地中海的,ADJ,B2
medium,medium,媒介,NOUN,B2
melancholic,melancholic,忧郁的,ADJ,B2
memorial,memorial,纪念碑,NOUN,B2
to mend,to mend,修补,VERB,B2
mentality,mentality,心态,NOUN,B2
mention,mention,提及,NOUN,B2
merge,merge,合并,NOUN,B2
meridian,meridian,经脉,NOUN,B2
meridians,meridians,筋脉,NOUN,B2
merit,merit,功绩,NOUN,B2
meritocracy,meritocracy,精英管理,NOUN,B2
messenger,messenger,信使,NOUN,B2
messy,messy,混乱的,ADJ,B2
metabolic,metabolic,代谢的,ADJ,B2
methodology,methodology,方法论,NOUN,B2
metonymy,metonymy,转喻,NOUN,B2
mexican,mexican,墨西哥的,ADJ,B2
microscopic,microscopic,微观的,ADJ,B2
middle,middle,中间,NOUN,B2
migraine,migraine,偏头痛,NOUN,B2
migration,migration,移民,NOUN,B2
mile,mile,英里,NOUN,B2
military campaign,military campaign,战役,NOUN,B2
militia,militia,民兵,NOUN,B2
mill,mill,磨坊,NOUN,B2
millennium,millennium,千年,NOUN,B2
million,million,百万,NOUN,B2
mind,mind,精神,NOUN,B2
mine,mine,矿井,NOUN,B2
minibus,minibus,中巴,NOUN,B2
ministerial,ministerial,部长的,ADJ,B2
ministry,ministry,部,NOUN,B2
minor,minor,未成年人,NOUN,B2
mint,mint,薄荷,NOUN,B2
misappropriation,misappropriation,挪用,NOUN,B2
misleading,misleading,诡辩的,ADJ,B2
miss,miss,小姐,NOUN,B2
to mistake,to mistake,弄错,VERB,B2
to mistreat,to mistreat,أساء,VERB,B2
mixed,mixed,混合的,ADJ,B2
mixture,mixture,混合物,NOUN,B2
moan,moan,呻吟,NOUN,B2
to moan,to moan,呻吟,VERB,B2
mobile,mobile,移动的,ADJ,B2
mobile phone,mobile phone,手机,NOUN,B2
mobilization,mobilization,动员,NOUN,B2
mock exam,mock exam,模拟考,NOUN,B2
modal particle suggestion,modal particle suggestion,吧,PART,B2
modeling,modeling,造型,NOUN,B2
moderation,moderation,克制,NOUN,B2
modern times,modern times,近代,NOUN,B2
modernization,modernization,现代化,NOUN,B2
modification,modification,修改,NOUN,B2
modified ability,modified ability,改能,NOUN,B2
modified sound,modified sound,改响,NOUN,B2
modified system,modified system,改系,NOUN,B2
modular,modular,模块化的,ADJ,B2
moist,moist,潮湿的,ADJ,B2
moisture-proof,moisture-proof,防潮,ADJ,B2
mold,mold,鞋楦,NOUN,B2
momentum,momentum,势头,NOUN,B2
monastery,monastery,修道院,NOUN,B2
monday,monday,星期一,NOUN,B2
to monitor,to monitor,监控,VERB,B2
monitoring room,monitoring room,监控室,NOUN,B2
to monopolize,to monopolize,垄断,VERB,B2
month ago,month ago,月前,NOUN,B2
monthly,monthly,每月的,ADV,B2
monthly exam,monthly exam,月考,NOUN,B2
monthly magazine,monthly magazine,月刊,NOUN,B2
mooncake,mooncake,月饼,NOUN,B2
more,more,更多,ADJ,B2
more,more,مزيد,NOUN,B2
more often,more often,更频繁,ADV,B2
morning newspaper,morning newspaper,晨报,NOUN,B2
morphological,morphological,形态的,ADJ,B2
to mortgage,to mortgage,抵押,VERB,B2
mosaic,mosaic,马赛克,NOUN,B2
mosque,mosque,清真寺,NOUN,B2
mosquito,mosquito,蚊子,NOUN,B2
most,most,最,ADV,B2
mother,mother,娘,PART,B2
mother's words,mother's words,娘说,NOUN,B2
mother-in-law,mother-in-law,岳母,NOUN,B2
motorhome,motorhome,露营车,NOUN,B2
motto,motto,座右铭,NOUN,B2
mountain range,mountain range,山脉,NOUN,B2
mouthful,mouthful,一口,NOUN,B2
move,move,搬家,NOUN,B2
to move aside,to move aside,移开,VERB,B2
to move in,to move in,搬入,VERB,B2
movie,movie,电影,NOUN,B2
mr.,mr.,先生,NOUN,B2
muddled,muddled,混乱的,ADJ,B2
mulberry,mulberry,桑葚,NOUN,B2
multi-level garage,multi-level garage,立体车库,NOUN,B2
municipality,municipality,市镇,NOUN,B2
munificence,munificence,慷慨,NOUN,B2
to murder,to murder,谋杀,VERB,B2
murder weapon,murder weapon,凶器,NOUN,B2
murmur,murmur,低语,NOUN,B2
muscle pain,muscle pain,肌肉痛,NOUN,B2
musical,musical,موسيقي,ADJ,B2
musical,musical,音乐剧,NOUN,B2
musical score,musical score,乐谱,NOUN,B2
musician,musician,音乐家,NOUN,B2
mustache,mustache,胡子,NOUN,B2
mutation,mutation,突变,NOUN,B2
mutiny,mutiny,哗变,NOUN,B2
to mutter,to mutter,嘟囔,VERB,B2
mutton,mutton,羊肉,NOUN,B2
mutual aid,mutual aid,互助,NOUN,B2
mutual dependence,mutual dependence,相依,NOUN,B2
mutual insurance,mutual insurance,互助保险,NOUN,B2
mutual restriction,mutual restriction,相克,NOUN,B2
mutual treatment,mutual treatment,相待,NOUN,B2
mutually,mutually,相互地,ADV,B2
my,my,我的,DET,B2
my exit,my exit,我出,NOUN,B2
my scrutiny,my scrutiny,我看你,NOUN,B2
my support,my support,我撑,NOUN,B2
mythology,mythology,神话学,NOUN,B2
to nag,to nag,唠叨,VERB,B2
naivety,naivety,天真,NOUN,B2
to name,to name,命名,VERB,B2
namely,namely,即,ADV,B2
nanny,nanny,保姆,NOUN,B2
nap,nap,午睡,NOUN,B2
narrowness,narrowness,狭窄,NOUN,B2
national highway,national highway,国道,NOUN,B2
national record,national record,全国纪录,NOUN,B2
nationalism,nationalism,民族主义,NOUN,B2
nationality,nationality,国籍,NOUN,B2
nationalization,nationalization,国有化,NOUN,B2
to nationalize,to nationalize,国有化,VERB,B2
nature reserve,nature reserve,自然保护区,NOUN,B2
naughty,naughty,淘气的,ADJ,B2
navy,navy,海军,NOUN,B2
near,near,近,ADJ,B2
near,near,靠近,ADV,B2
nebula,nebula,星云,NOUN,B2
necessarily,necessarily,必然地,ADV,B2
necklace,necklace,项链,NOUN,B2
need,need,需要,AUX,B2
need,need,需求,NOUN,B2
negation,negation,否定,NOUN,B2
to neglect,to neglect,忽视,VERB,B2
negligible,negligible,微不足道的,ADJ,B2
negotiations,negotiations,谈判,NOUN,B2
neighborhood head,neighborhood head,里长,NOUN,B2
neighboring,neighboring,邻近的,ADJ,B2
neither,neither,也不,CCONJ,B2
nephews,nephews,子侄,NOUN,B2
net,net,网,NOUN,B2
neurosis,neurosis,神经症,NOUN,B2
neutrality,neutrality,中立,NOUN,B2
nevertheless,nevertheless,尽管如此,ADV,B2
news,news,新闻,NOUN,B2
next,next,接下来,ADV,B2
next door,next door,隔壁,NOUN,B2
next meeting,next meeting,下回遇,NOUN,B2
next to,next to,在...旁边,ADP,B2
next week,next week,下周,NOUN,B2
nickel,nickel,镍,NOUN,B2
nightingale,nightingale,夜莺,NOUN,B2
ninety,ninety,九十,NUM,B2
no,no,毫无,DET,B2
no,no,不,INTJ,B2
no,no,不,PART,B2
no longer,no longer,不再,ADV,B2
no matter,no matter,不论,CCONJ,B2
no matter what,no matter what,无论,ADV,B2
no not,no not,不,ADV,B2
nobility,nobility,贵族气质,NOUN,B2
nobleman,nobleman,贵族,NOUN,B2
to nod,to nod,点头,VERB,B2
nomadism,nomadism,游牧生活,NOUN,B2
non-argument,non-argument,非辩,NOUN,B2
non-assistance,non-assistance,勿助,NOUN,B2
non-concept,non-concept,非概,NOUN,B2
non-contingent,non-contingent,非偶,NOUN,B2
non-induction,non-induction,非归,NOUN,B2
non-inference,non-inference,非推,NOUN,B2
non-iron,non-iron,免烫,ADJ,B2
non-knot,non-knot,非结,NOUN,B2
non-mind,non-mind,非心,NOUN,B2
non-necessary,non-necessary,非必,NOUN,B2
non-number,non-number,非数,NOUN,B2
non-observation,non-observation,非察,NOUN,B2
non-righteousness,non-righteousness,非义,NOUN,B2
non-standard,non-standard,非标,NOUN,B2
non-strategy,non-strategy,非略,NOUN,B2
non-sudden,non-sudden,非骤,NOUN,B2
non-technique,non-technique,非术,NOUN,B2
non-theory,non-theory,非论,NOUN,B2
non-type,non-type,非型,NOUN,B2
non-view,non-view,非观,NOUN,B2
noodle,noodle,面条,NOUN,B2
nope,nope,不,INTJ,B2
north,north,北,NOUN,B2
northern,northern,北方的,ADJ,B2
not,not,不,ADV,B2
not allow,not allow,不许,AUX,B2
not bad,not bad,不错,ADJ,B2
not catch up,not catch up,非赶,NOUN,B2
not good,not good,不好,ADJ,B2
to not run,to not run,别跑,VERB,B2
to not seen,to not seen,不见,VERB,B2
not yet,not yet,未,ADV,B2
notarization,notarization,公证,NOUN,B2
notary,notary,公证人,NOUN,B2
to note,to note,记录,VERB,B2
notepad,notepad,记事本,NOUN,B2
to notice,to notice,注意到,VERB,B2
to notify,to notify,通知,VERB,B2
noumenon,noumenon,本体,NOUN,B2
november,november,十一月,NOUN,B2
now,now,此刻,NOUN,B2
nuanced,nuanced,细微差别的,ADJ,B2
nuclear energy,nuclear energy,核能,NOUN,B2
nullity,nullity,无效；无能,NOUN,B2
number date,number date,号,NOUN,B2
number two,number two,二号,NOUN,B2
numbness,numbness,麻木,NOUN,B2
nun,nun,修女,NOUN,B2
nursery,nursery,托儿所,NOUN,B2
nut,nut,坚果,NOUN,B2
oar,oar,桨,NOUN,B2
oasis,oasis,绿洲,NOUN,B2
obedience,obedience,服从,NOUN,B2
obesity,obesity,肥胖,NOUN,B2
objection,objection,异议,NOUN,B2
objective,objective,客观的,ADJ,B2
objectivity,objectivity,客观性,NOUN,B2
obligation,obligation,义务,NOUN,B2
obscurantism,obscurantism,蒙昧主义,NOUN,B2
observer,observer,观察者,NOUN,B2
to obstruct,to obstruct,阻碍,VERB,B2
obstruction,obstruction,阻塞,NOUN,B2
of course,of course,理所当然的,ADJ,B2
of course,of course,当然,ADV,B2
offer,offer,报价,NOUN,B2
offering,offering,祭品,NOUN,B2
officials,officials,官员,NOUN,B2
oh,oh,哦,INTJ,B2
oh my god,oh my god,我的天,INTJ,B2
okay,okay,好的,INTJ,B2
old age,old age,老年,NOUN,B2
old man,old man,老人,NOUN,B2
old minister,old minister,老臣,NOUN,B2
old servant,old servant,老奴,NOUN,B2
old woman,old woman,老妇人,NOUN,B2
older sister,older sister,姐姐,NOUN,B2
oligarchy,oligarchy,寡头政治,NOUN,B2
omelet,omelet,欧姆蛋,NOUN,B2
on,on,,NOUN,B2
on it,on it,在上面,ADV,B2
on the contrary,on the contrary,相反,ADV,B2
on the other hand,on the other hand,另一方面,ADV,B2
on the spot,on the spot,当场,ADV,B2
on the way,on the way,在路上,ADV,B2
once more,once more,再次,ADV,B2
one,one,人们,PRON,B2
one after another,one after another,接连地,ADV,B2
one building,one building,一座,NUM,B2
one flat,one flat,一张,NUM,B2
one machine,one machine,一架,NUM,B2
one set,one set,一套,NUM,B2
one shot,one shot,一枪,NUM,B2
one-sided,one-sided,单方面的,ADJ,B2
oneself,oneself,自己,PRON,B2
only,only,唯一的,ADJ,B2
opacity,opacity,不透明性,NOUN,B2
open,open,开着的,ADJ,B2
open class,open class,公开课,NOUN,B2
openly,openly,公开地,ADV,B2
operator,operator,经营者,NOUN,B2
opposite,opposite,对立面,NOUN,B2
opposition,opposition,对立,NOUN,B2
optics,optics,光学,NOUN,B2
to optimize,to optimize,优化,VERB,B2
optional,optional,可选的,ADJ,B2
or,or,或是,NOUN,B2
or rather,or rather,或者,ADV,B2
oral decree,oral decree,口谕,NOUN,B2
ordeal,ordeal,苦难,NOUN,B2
ordinary day,ordinary day,平日,NOUN,B2
organized,organized,有组织的,ADJ,B2
organizer,organizer,组织者,NOUN,B2
orientation,orientation,取向,NOUN,B2
original,original,重原,NOUN,B2
original document,original document,原件,NOUN,B2
originality,originality,独创性,NOUN,B2
other,other,其他的,DET,B2
other,other,其他,NOUN,B2
other people,other people,旁人,NOUN,B2
other side,other side,对面,NOUN,B2
otherness,otherness,相异性,NOUN,B2
others,others,他人,NOUN,B2
others,others,他人,PRON,B2
otherwise,otherwise,要不,PART,B2
ouch,ouch,哎哟,INTJ,B2
our,our,我们的,DET,B2
out of,out of,从...出来,ADP,B2
outer frontier,outer frontier,塞外,NOUN,B2
outer-gate,outer-gate,外门,NOUN,B2
outing,outing,郊游,NOUN,B2
to outline,to outline,勾勒,VERB,B2
outside,outside,外部,NOUN,B2
outside place,outside place,外地,NOUN,B2
outsourcing,outsourcing,外包,NOUN,B2
over,over,过去,ADV,B2
over there,over there,在那边,ADV,B2
over-degree,over-degree,超阶,NOUN,B2
over-domain,over-domain,超畴,NOUN,B2
over-form,over-form,超式,NOUN,B2
over-model,over-model,超模,NOUN,B2
over-order,over-order,超序,NOUN,B2
over-side,over-side,超方,NOUN,B2
over-skill,over-skill,超技,NOUN,B2
overdose,overdose,过量,NOUN,B2
overthrow,overthrow,扳倒,NOUN,B2
to overturn,to overturn,打翻,VERB,B2
ownership,ownership,,NOUN,B2
oxide,oxide,氧化物,NOUN,B2
packaging,packaging,包装,NOUN,B2
packed,packed,打包,ADJ,B2
packet,packet,小包裹,NOUN,B2
painkiller,painkiller,止痛药,NOUN,B2
to paint,to paint,粉刷,VERB,B2
pallor,pallor,苍白,NOUN,B2
palm tree,palm tree,棕榈树,NOUN,B2
pancake,pancake,煎饼,NOUN,B2
pancreas,pancreas,胰腺,NOUN,B2
panda,panda,熊猫,NOUN,B2
panegyric,panegyric,颂词,NOUN,B2
to pant,to pant,喘气,VERB,B2
paragraph,paragraph,段落,NOUN,B2
parallel,parallel,平行的,ADJ,B2
paralysis,paralysis,瘫痪,NOUN,B2
paramedic,paramedic,急救人员,NOUN,B2
pardon,pardon,赦免,NOUN,B2
to pardon,to pardon,赦免,VERB,B2
parents,parents,父母,NOUN,B2
parity,parity,平等,NOUN,B2
to park,to park,停车,VERB,B2
parking lot,parking lot,停车场,NOUN,B2
parody,parody,戏仿,NOUN,B2
parrot,parrot,鹦鹉,NOUN,B2
parsley,parsley,欧芹,NOUN,B2
to part,to part,分离,VERB,B2
partial norm,partial norm,分范,NOUN,B2
participant,participant,参与者,NOUN,B2
participation,participation,参与,NOUN,B2
participatory,participatory,参与式的,ADJ,B2
particularity,particularity,特点,NOUN,B2
partly,partly,部分地,ADV,B2
to pass,to pass,通过,VERB,B2
to pass away,to pass away,流逝,VERB,B2
to pass by,to pass by,经过,VERB,B2
to pass on,to pass on,转交,VERB,B2
passing,passing,过世,NOUN,B2
past,past,过去的,ADJ,B2
past,past,经过,ADV,B2
past events,past events,往事,NOUN,B2
paste,paste,酱,NOUN,B2
pastime,pastime,爱好,NOUN,B2
pastor,pastor,牧师,NOUN,B2
pasture,pasture,牧场,NOUN,B2
to pat,to pat,轻拍,VERB,B2
patch,patch,补丁,NOUN,B2
paternal aunt,paternal aunt,姑母,NOUN,B2
paternity leave,paternity leave,陪产假,NOUN,B2
pathetic,pathetic,可悲的,ADJ,B2
patient,patient,耐心的,ADJ,B2
patient sufferer,patient sufferer,患者,NOUN,B2
patriarchy,patriarchy,父权制,NOUN,B2
patriotism,patriotism,爱国主义,NOUN,B2
patron,patron,赞助人,NOUN,B2
to pause,to pause,暂停,VERB,B2
to pay attention,to pay attention,注意,VERB,B2
to pay off,to pay off,清偿,VERB,B2
to pay smilingly,to pay smilingly,笑付,VERB,B2
to pay tribute,to pay tribute,致敬,VERB,B2
peach,peach,桃子,NOUN,B2
pear,pear,梨,NOUN,B2
pearl,pearl,珍珠,NOUN,B2
pedagogy,pedagogy,教育学,NOUN,B2
pedestrian tunnel,pedestrian tunnel,过街隧道,NOUN,B2
peel,peel,皮,NOUN,B2
to peel,to peel,削皮,VERB,B2
peephole,peephole,门镜,NOUN,B2
penetration,penetration,渗透,NOUN,B2
people,people,人们,NOUN,B2
people nation,people nation,人民 / 民族,NOUN,B2
pepper,pepper,胡椒,NOUN,B2
percentage,percentage,百分比,NOUN,B2
perilla,perilla,紫苏,NOUN,B2
periodically,periodically,定期地,ADV,B2
permanence,permanence,持久,NOUN,B2
to permit,to permit,允许,VERB,B2
perpendicular,perpendicular,垂直的,ADJ,B2
perpetrator,perpetrator,肇事者,NOUN,B2
perseverance,perseverance,毅力,NOUN,B2
person in charge,person in charge,负责人,NOUN,B2
personal effort,personal effort,亲力,NOUN,B2
personally,personally,就个人而言,ADV,B2
pessimism,pessimism,悲观主义,NOUN,B2
pharmacist,pharmacist,药剂师,NOUN,B2
phased,phased,阶段性,ADJ,B2
philosopher,philosopher,哲学家,NOUN,B2
phlegm,phlegm,痰,NOUN,B2
phobia,phobia,恐惧症,NOUN,B2
phoenix character,phoenix character,带凤字,NOUN,B2
phoenix coronet,phoenix coronet,凤冠,NOUN,B2
phone call,phone call,通话,NOUN,B2
phonetics,phonetics,语音学,NOUN,B2
phonology,phonology,音系学,NOUN,B2
photocopy,photocopy,复印件,NOUN,B2
to photocopy,to photocopy,复印,VERB,B2
to photograph,to photograph,拍照,VERB,B2
photography,photography,摄影,NOUN,B2
photosynthesis,photosynthesis,光合作用,NOUN,B2
physiognomy,physiognomy,面相,NOUN,B2
physiology,physiology,生理学,NOUN,B2
to pick up,to pick up,捡起,VERB,B2
to pickle,to pickle,腌渍,VERB,B2
picnic,picnic,野餐,NOUN,B2
piece of information,piece of information,信息,NOUN,B2
piety,piety,虔诚,NOUN,B2
pigeon,pigeon,鸽子,NOUN,B2
to pile up,to pile up,堆积,VERB,B2
pilgrimage,pilgrimage,朝圣,NOUN,B2
to pin,to pin,别住,VERB,B2
pine,pine,松树,NOUN,B2
pineapple,pineapple,菠萝,NOUN,B2
pink,pink,粉色的,ADJ,B2
to pioneer,to pioneer,首创,VERB,B2
pipa,pipa,琵琶,NOUN,B2
pistachio,pistachio,开心果,NOUN,B2
pit,pit,坑,NOUN,B2
pitiful,pitiful,可怜的,ADJ,B2
to pity,to pity,同情,VERB,B2
to place,to place,放置,VERB,B2
placement,placement,放置,NOUN,B2
plagiarism,plagiarism,剽窃,NOUN,B2
plain,plain,平原,NOUN,B2
plain and simple,plain and simple,朴素,ADJ,B2
plaintiff,plaintiff,原告,NOUN,B2
to plan,to plan,计划,VERB,B2
planning,planning,规划,NOUN,B2
planting,planting,种植,NOUN,B2
plasma,plasma,血浆,NOUN,B2
plastic,plastic,塑料的,ADJ,B2
plateau,plateau,高原,NOUN,B2
platelet,platelet,血小板,NOUN,B2
play,play,剧本,NOUN,B2
plea,plea,辩护,NOUN,B2
to please,to please,使高兴,VERB,B2
pledge,pledge,抵押,NOUN,B2
pliers,pliers,钳子,NOUN,B2
plowing,plowing,犁地,NOUN,B2
plum,plum,李子,NOUN,B2
plumbing,plumbing,管道工程,NOUN,B2
plunder,plunder,掠夺,NOUN,B2
plundering,plundering,掠夺,NOUN,B2
pluralism,pluralism,多元主义,NOUN,B2
plush toy,plush toy,毛绒玩具,NOUN,B2
plutocracy,plutocracy,财阀政治,NOUN,B2
poetry collection,poetry collection,诗集,NOUN,B2
to point,to point,指向,VERB,B2
to point out,to point out,指出,VERB,B2
to poison,to poison,毒害,VERB,B2
poisonous,poisonous,有毒的,ADJ,B2
polarization,polarization,两极分化 / 极化,NOUN,B2
pole,pole,极,NOUN,B2
pollination,pollination,授粉,NOUN,B2
pollutant,pollutant,污染物,NOUN,B2
polyester,polyester,涤纶,NOUN,B2
polytunnel,polytunnel,大棚,NOUN,B2
pomegranate,pomegranate,石榴,NOUN,B2
to popularize,to popularize,推广,VERB,B2
to populate,to populate,居住,VERB,B2
porn,porn,色情,NOUN,B2
pornographic,pornographic,色情的,ADJ,B2
porridge,porridge,粥,NOUN,B2
porter,porter,搬运工,NOUN,B2
positioning,positioning,定位,NOUN,B2
post office,post office,邮局,NOUN,B2
postdoctoral researcher,postdoctoral researcher,博士后,NOUN,B2
postponement,postponement,延期,NOUN,B2
postulate,postulate,假定,NOUN,B2
postwar,postwar,战后,NOUN,B2
pot,pot,锅,NOUN,B2
poultry,poultry,家禽,NOUN,B2
to pounce,to pounce,猛扑,VERB,B2
pounding,pounding,捶,NOUN,B2
power of attorney,power of attorney,委托书,NOUN,B2
power plant,power plant,发电厂,NOUN,B2
practically,practically,几乎,ADV,B2
praise,praise,赞扬,NOUN,B2
preamble,preamble,序言,NOUN,B2
precariousness,precariousness,不稳定性,NOUN,B2
precept,precept,戒律,NOUN,B2
preciousness,preciousness,珍贵,NOUN,B2
predicament,predicament,困境,NOUN,B2
predominance,predominance,主导地位,NOUN,B2
preface,preface,序言,NOUN,B2
prefecture,prefecture,省政府,NOUN,B2
preferably,preferably,更愿意,ADV,B2
premonition,premonition,预感,NOUN,B2
preparation,preparation,准备,NOUN,B2
prepared,prepared,准备好的,ADJ,B2
prerequisite,prerequisite,前提,NOUN,B2
present,present,在场的,ADJ,B2
presenter,presenter,主持人,NOUN,B2
preservation,preservation,保护,NOUN,B2
preservative,preservative,防腐剂,NOUN,B2
presidential,presidential,总统的,ADJ,B2
to press,to press,按,VERB,B2
press conference,press conference,新闻发布会,NOUN,B2
prestige,prestige,声望,NOUN,B2
presumption,presumption,自负,NOUN,B2
to pretend to be,to pretend to be,冒充,VERB,B2
pretense,pretense,假装,NOUN,B2
pretext,pretext,借口,NOUN,B2
previously,previously,以前,ADV,B2
prey,prey,猎物,NOUN,B2
pricing,pricing,定价 / 收费,NOUN,B2
prime minister,prime minister,总理,NOUN,B2
principal,principal,委托人,NOUN,B2
print,print,印记,NOUN,B2
printer,printer,打印机,NOUN,B2
prism,prism,棱镜,NOUN,B2
private debt,private debt,私债,NOUN,B2
probe,probe,探测器,NOUN,B2
to process,to process,处理,VERB,B2
processor,processor,处理器,NOUN,B2
to proclaim,to proclaim,宣布,VERB,B2
proclamation,proclamation,宣大,NOUN,B2
procrastination,procrastination,拖延,NOUN,B2
to procure,to procure,获取,VERB,B2
productivity,productivity,生产力,NOUN,B2
professional,professional,专业人士,NOUN,B2
profit-making,profit-making,营利性,ADJ,B2
programmer,programmer,程序员,NOUN,B2
programming,programming,编程,NOUN,B2
to progress,to progress,进步,VERB,B2
progressive,progressive,渐进的,ADJ,B2
progressively,progressively,逐渐地,ADV,B2
prohibition,prohibition,禁止,NOUN,B2
project report,project report,项目报告,NOUN,B2
projector,projector,投影仪,NOUN,B2
promising,promising,有前途的,ADJ,B2
promissory note,promissory note,本票,NOUN,B2
promptly,promptly,迅速地,ADV,B2
pronunciation,pronunciation,发音,NOUN,B2
properly,properly,适当地,ADV,B2
to prophesy,to prophesy,预言,VERB,B2
prose,prose,散文,NOUN,B2
prostitute,prostitute,妓女,NOUN,B2
protectionism,protectionism,保护主义,NOUN,B2
protective,protective,保护的,ADJ,B2
to protest,to protest,抗议,VERB,B2
protester,protester,示威者,NOUN,B2
proverb,proverb,谚语,NOUN,B2
to provide for,to provide for,供应,VERB,B2
provided that,provided that,只要,SCONJ,B2
provisions,provisions,储备,NOUN,B2
provocation,provocation,挑衅,NOUN,B2
proximity,proximity,邻近,NOUN,B2
proxy,proxy,代理人,NOUN,B2
prudence,prudence,谨慎,NOUN,B2
psychologist,psychologist,心理学家,NOUN,B2
psychosis,psychosis,精神病,NOUN,B2
public,public,公众,NOUN,B2
publicly,publicly,公开地,ADV,B2
publisher,publisher,出版商,NOUN,B2
pulling,pulling,拔,NOUN,B2
pulmonary,pulmonary,肺的,ADJ,B2
pulpit,pulpit,讲坛,NOUN,B2
punctuation,punctuation,标点符号,NOUN,B2
pupil,pupil,学生,NOUN,B2
purification,purification,净化,NOUN,B2
purple,purple,紫色,ADJ,B2
pushover,pushover,善茬,NOUN,B2
to put down,to put down,放下,VERB,B2
to put on,to put on,穿上,VERB,B2
pyramid,pyramid,金字塔,NOUN,B2
quail,quail,鹌鹑,NOUN,B2
qualifications,qualifications,资格,NOUN,B2
qualified,qualified,合格的,ADJ,B2
to quarrel,to quarrel,争吵,VERB,B2
questionable,questionable,可疑的,ADJ,B2
quick lie-down,quick lie-down,快躺,NOUN,B2
quick removal,quick removal,赶快脱,NOUN,B2
quite good,quite good,挺好,NOUN,B2
quotation,quotation,报价,NOUN,B2
rabbit,rabbit,兔子,NOUN,B2
racket,racket,球拍,NOUN,B2
radiance,radiance,光辉,NOUN,B2
radiator,radiator,暖气片,NOUN,B2
radio station,radio station,广播电台,NOUN,B2
radioactive,radioactive,放射性的,ADJ,B2
radiotherapy,radiotherapy,放疗,NOUN,B2
radish,radish,小萝卜,NOUN,B2
to rage,to rage,狂怒,VERB,B2
raid,raid,突袭,NOUN,B2
railing,railing,栏杆,NOUN,B2
to rain,to rain,下雨,VERB,B2
rainstorm,rainstorm,暴雨,NOUN,B2
rainy,rainy,多雨的,ADJ,B2
to raise funds,to raise funds,筹资,VERB,B2
to raise seedlings,to raise seedlings,育苗,VERB,B2
ram,ram,公羊,NOUN,B2
ramp,ramp,坡道,NOUN,B2
rampant tyranny,rampant tyranny,横行,NOUN,B2
ranking,ranking,等级,NOUN,B2
to rape,to rape,强奸,VERB,B2
rare sight,rare sight,少见,NOUN,B2
rashly,rashly,轻举,ADV,B2
raspberry,raspberry,覆盆子,NOUN,B2
rating,rating,评分,NOUN,B2
rationality,rationality,理性,NOUN,B2
raw material,raw material,原材料,NOUN,B2
re-analysis,re-analysis,重析,NOUN,B2
re-argument,re-argument,重论,NOUN,B2
re-basis,re-basis,再据,NOUN,B2
re-concretization,re-concretization,再具,NOUN,B2
re-course,re-course,重途,NOUN,B2
re-criterion,re-criterion,重准,NOUN,B2
re-generalization,re-generalization,重般,NOUN,B2
re-grading,re-grading,改级,NOUN,B2
re-interior,re-interior,重内,NOUN,B2
re-judgment,re-judgment,重判,NOUN,B2
re-observation,re-observation,再观,NOUN,B2
re-order,re-order,重序,NOUN,B2
re-path,re-path,重径,NOUN,B2
re-possibility,re-possibility,重可,NOUN,B2
re-route,re-route,重路,NOUN,B2
re-specialization,re-specialization,重特,NOUN,B2
re-substance,re-substance,再质,NOUN,B2
re-synthesis,re-synthesis,重综,NOUN,B2
re-tolerance,re-tolerance,再容,NOUN,B2
re-traversal,re-traversal,再遍,NOUN,B2
reactive,reactive,反应的,ADJ,B2
reader,reader,读者,NOUN,B2
readiness,readiness,准备就绪,NOUN,B2
real estate,real estate,房地产,ADJ,B2
real estate,real estate,不动产,NOUN,B2
realism,realism,现实主义,NOUN,B2
reasoning,reasoning,论证,NOUN,B2
reassurance,reassurance,安抚,NOUN,B2
to rebel,to rebel,反叛,VERB,B2
to rebuke,to rebuke,斥责,VERB,B2
rebuttal,rebuttal,反驳,NOUN,B2
to receive mail,to receive mail,收件,VERB,B2
receiver,receiver,接收器,NOUN,B2
recklessness,recklessness,轻率,NOUN,B2
reclining,reclining,躺下,NOUN,B2
to recommend for admission,to recommend for admission,保送,VERB,B2
reconciliation,reconciliation,和解,NOUN,B2
reconstruction,reconstruction,重建,NOUN,B2
recounting,recounting,再叙,NOUN,B2
recruitment,recruitment,招聘,NOUN,B2
to recuperate,to recuperate,恢复,VERB,B2
recuperation,recuperation,养伤,NOUN,B2
recycled item,recycled item,再物,NOUN,B2
recycling,recycling,回收利用,NOUN,B2
red robe,red robe,红衣,NOUN,B2
to reduce sentence,to reduce sentence,减刑,VERB,B2
reduction,reduction,减少,NOUN,B2
refined,refined,精炼的,ADJ,B2
refinement,refinement,修养,NOUN,B2
refining,refining,提炼,NOUN,B2
to reflect on,to reflect on,思考,VERB,B2
reflection,reflection,思考,NOUN,B2
reforestation,reforestation,重新造林,NOUN,B2
reform,reform,改革,NOUN,B2
refrain,refrain,副歌,NOUN,B2
refuge,refuge,避难所,NOUN,B2
to regain,to regain,恢复,VERB,B2
registration,registration,注册,NOUN,B2
regression,regression,倒退,NOUN,B2
regret,regret,后悔,NOUN,B2
regularly,regularly,定期地,ADV,B2
to regulate,to regulate,调节,VERB,B2
regulations,regulations,法规,NOUN,B2
to reimburse,to reimburse,偿还,VERB,B2
reincarnation,reincarnation,再体,NOUN,B2
reinforcement,reinforcement,增援,NOUN,B2
to reissue,to reissue,补办,VERB,B2
rejection,rejection,拒绝,NOUN,B2
to rejoice,to rejoice,欢欣,VERB,B2
relapse,relapse,再犯,NOUN,B2
relative,relative,亲属,NOUN,B2
relatively,relatively,相对地,ADV,B2
relativism,relativism,相对主义,NOUN,B2
relaxation,relaxation,缓和,NOUN,B2
release,release,释放,NOUN,B2
relevance,relevance,相关性,NOUN,B2
reliability,reliability,可靠性,NOUN,B2
reliance,reliance,信赖,NOUN,B2
relic,relic,圣物,NOUN,B2
religiosity,religiosity,笃信宗教,NOUN,B2
to relocate,to relocate,调动,VERB,B2
reluctantly,reluctantly,不情愿地,ADV,B2
to rely on,to rely on,依靠,VERB,B2
remains,remains,残骸,NOUN,B2
remanufacture,remanufacture,再制,NOUN,B2
remembrance,remembrance,纪念,NOUN,B2
remuneration,remuneration,报酬,NOUN,B2
renal,renal,肾脏的,ADJ,B2
to renew,to renew,更新,VERB,B2
renewal,renewal,更新,NOUN,B2
renminbi,renminbi,人民币,NOUN,B2
renovation,renovation,翻新,NOUN,B2
reordering,reordering,改序,NOUN,B2
reorganization,reorganization,重组,NOUN,B2
to repay,to repay,偿还,VERB,B2
repayment,repayment,偿还,NOUN,B2
to repeat a grade,to repeat a grade,留级,VERB,B2
repeatedly,repeatedly,反复地,ADV,B2
repentance,repentance,悔恨,NOUN,B2
repetition,repetition,重复,NOUN,B2
to reply,to reply,回复,VERB,B2
repositioning,repositioning,重新定位,NOUN,B2
representativeness,representativeness,代表性,NOUN,B2
repression,repression,镇压,NOUN,B2
reprimand,reprimand,训斥,NOUN,B2
to reproach,to reproach,责备,VERB,B2
reproduction,reproduction,繁殖,NOUN,B2
reprogramming,reprogramming,改程,NOUN,B2
republican,republican,共和的,ADJ,B2
repulsive,repulsive,令人反感的,ADJ,B2
to request,to request,请求,VERB,B2
required,required,必需的,ADJ,B2
resale,resale,转售,NOUN,B2
to rescue,to rescue,拯救,VERB,B2
rescue a-fang,rescue a-fang,救阿方,NOUN,B2
to research,to research,研究,VERB,B2
resemblance,resemblance,相似,NOUN,B2
reserve,reserve,预备,NOUN,B2
reserved,reserved,保留的,ADJ,B2
reservoir,reservoir,水库,NOUN,B2
respect,respect,尊重,NOUN,B2
respiratory,respiratory,呼吸的,ADJ,B2
to respond to,to respond to,回应,VERB,B2
to respond to a lawsuit,to respond to a lawsuit,应诉,VERB,B2
respondent,respondent,被上诉人,NOUN,B2
to rest,to rest,休息,VERB,B2
restraint,restraint,隐忍,NOUN,B2
restructuring,restructuring,重组,NOUN,B2
resume,resume,简历,NOUN,B2
to resume studies,to resume studies,复学,VERB,B2
to resurrect,to resurrect,复活,VERB,B2
resurrection,resurrection,复活,NOUN,B2
resuscitation,resuscitation,复苏,NOUN,B2
retention,retention,留你,NOUN,B2
rethinking,rethinking,重想,NOUN,B2
retired,retired,退休的,ADJ,B2
to retreat,to retreat,撤退,VERB,B2
retrial,retrial,再审,NOUN,B2
retrieval,retrieval,检索,NOUN,B2
return,return,返回,NOUN,B2
to return a car,to return a car,送车,VERB,B2
return destination,return destination,回哪,NOUN,B2
to return first,to return first,先回,VERB,B2
returning farmland to forest,returning farmland to forest,退耕还林,NOUN,B2
revaluation,revaluation,重新评估,NOUN,B2
revealing,revealing,现出,NOUN,B2
revelation,revelation,启示,NOUN,B2
reverence,reverence,尊敬,NOUN,B2
reversal,reversal,突变,NOUN,B2
reverse origin,reverse origin,反原,NOUN,B2
reverse result,reverse result,反果,NOUN,B2
reverse side,reverse side,反面,NOUN,B2
to review,to review,复习,VERB,B2
revised image,revised image,改影,NOUN,B2
revision,revision,复习,NOUN,B2
to revive,to revive,复兴,VERB,B2
revolutionary,revolutionary,革命的,ADJ,B2
to reward,to reward,奖励,VERB,B2
rhyme,rhyme,韵脚,NOUN,B2
rice noodles,rice noodles,米粉,NOUN,B2
richly endowed by nature,richly endowed by nature,得天独厚,ADJ,B2
ride,ride,行程,NOUN,B2
rider,rider,骑手,NOUN,B2
rights,rights,权利,NOUN,B2
rights and interests,rights and interests,权益,NOUN,B2
rigidity,rigidity,僵硬,NOUN,B2
to ring,to ring,鸣响,VERB,B2
riot,riot,骚乱,NOUN,B2
rise,rise,上涨,NOUN,B2
to risk,to risk,冒险,VERB,B2
to risk life,to risk life,拼命,VERB,B2
rivalry,rivalry,竞争,NOUN,B2
riverbank,riverbank,河岸,NOUN,B2
roast,roast,烤肉,NOUN,B2
to roast,to roast,煎烤,VERB,B2
to roast lamb,to roast lamb,烤羊,VERB,B2
robber,robber,强盗,NOUN,B2
role model,role model,榜样,NOUN,B2
to roll,to roll,滚动,VERB,B2
roman,roman,罗马人,NOUN,B2
roughness,roughness,粗糙,NOUN,B2
round,round,轮 / 回合,NOUN,B2
roundabout,roundabout,环岛,NOUN,B2
router,router,路由器,NOUN,B2
routine,routine,常规,NOUN,B2
to row,to row,划船,VERB,B2
rubbing,rubbing,摩擦,NOUN,B2
rudeness,rudeness,粗鲁,NOUN,B2
ruin,ruin,废墟,NOUN,B2
ruins,ruins,废墟,NOUN,B2
to rule,to rule,统治,VERB,B2
rule of law,rule of law,法治,NOUN,B2
run,run,跑步,NOUN,B2
to run over,to run over,碾过,VERB,B2
runner,runner,跑步者,NOUN,B2
running around,running around,跑遍,NOUN,B2
runny nose,runny nose,流鼻涕,NOUN,B2
to rush about,to rush about,奔波,VERB,B2
rushing,rushing,居赶,NOUN,B2
russian,russian,俄罗斯的,ADJ,B2
russian,russian,俄罗斯人,NOUN,B2
rust,rust,铁锈,NOUN,B2
rust inhibitor,rust inhibitor,防锈剂,NOUN,B2
ruthlessness,ruthlessness,无情,NOUN,B2
to sacrifice,to sacrifice,牺牲,VERB,B2
safe,safe,保险箱,NOUN,B2
safe haven,safe haven,避风港,NOUN,B2
safety,safety,安全,NOUN,B2
safety report,safety report,安全报告,NOUN,B2
safflower,safflower,红花,NOUN,B2
sail,sail,帆,NOUN,B2
sailing,sailing,航行,NOUN,B2
saint,saint,圣人,NOUN,B2
sales,sales,打折,NOUN,B2
salesperson,salesperson,销售人员,NOUN,B2
salty,salty,咸的,ADJ,B2
to sanctify,to sanctify,使神圣,VERB,B2
sandal,sandal,凉鞋,NOUN,B2
sandstorm,sandstorm,沙尘暴,NOUN,B2
sanity,sanity,理智,NOUN,B2
santa claus,santa claus,圣诞老人,NOUN,B2
satisfactory,satisfactory,令人满意的,ADJ,B2
saturday,saturday,星期六,NOUN,B2
sauce,sauce,酱汁,NOUN,B2
to save seeds,to save seeds,留种,VERB,B2
saving,saving,储蓄,NOUN,B2
saw,saw,锯子,NOUN,B2
to say goodbye,to say goodbye,告别,VERB,B2
saying,saying,格言,NOUN,B2
to scald,to scald,烫伤,VERB,B2
scalpel,scalpel,手术刀,NOUN,B2
scarcity,scarcity,短缺,NOUN,B2
to scare,to scare,惊吓,VERB,B2
scattered,scattered,分散的,ADJ,B2
scenic spot,scenic spot,名胜,NOUN,B2
scheduling,scheduling,调度；排序,NOUN,B2
schizophrenia,schizophrenia,精神分裂症,NOUN,B2
scholastic,scholastic,经院哲学的,ADJ,B2
to scold,to scold,训斥,VERB,B2
scooter,scooter,踏板摩托车,NOUN,B2
scorching,scorching,灼热的,ADJ,B2
score,score,比分,NOUN,B2
scoundrel,scoundrel,恶棍,NOUN,B2
to scratch,to scratch,抓,VERB,B2
to screen,to screen,筛选,VERB,B2
screenplay,screenplay,剧本,NOUN,B2
screwdriver,screwdriver,螺丝刀,NOUN,B2
scuba diving,scuba diving,潜水,NOUN,B2
sculptor,sculptor,雕塑家,NOUN,B2
sea level rise,sea level rise,海平面上升,NOUN,B2
seagull,seagull,海鸥,NOUN,B2
search,search,搜索,NOUN,B2
to search for,to search for,寻找,VERB,B2
to season,to season,调味,VERB,B2
seasonal,seasonal,季节性的,ADJ,B2
second,second,秒,NOUN,B2
second letter,second letter,再信,NOUN,B2
second look,second look,再目,NOUN,B2
secondly,secondly,其次,ADV,B2
secrecy,secrecy,保密,NOUN,B2
secret,secret,秘密的,ADJ,B2
secret,secret,诀,PART,B2
secretariat,secretariat,秘书处,NOUN,B2
section chief,section chief,课长,NOUN,B2
secularism,secularism,世俗主义,NOUN,B2
security guard,security guard,保安,NOUN,B2
security-related,security-related,安全的，安保的,ADJ,B2
sedan,sedan,轿车,NOUN,B2
to see corpse,to see corpse,见尸,VERB,B2
to see through,to see through,看穿,VERB,B2
to seek,to seek,寻找,VERB,B2
to seek audience,to seek audience,求见,VERB,B2
to seek peace,to seek peace,主和,VERB,B2
to seek you,to seek you,寻你,VERB,B2
seeking,seeking,寻求,NOUN,B2
seemingly,seemingly,表面上,ADV,B2
selective,selective,选择的，挑选的,ADJ,B2
self-confidence,self-confidence,自信,NOUN,B2
self-confident,self-confident,自信的,ADJ,B2
selfie,selfie,自拍,NOUN,B2
selfishness,selfishness,自私,NOUN,B2
seller,seller,售货员,NOUN,B2
semantics,semantics,语义学,NOUN,B2
semiconductor,semiconductor,半导体,NOUN,B2
semolina,semolina,粗面粉,NOUN,B2
to send back,to send back,传回,VERB,B2
to send mail,to send mail,寄件,VERB,B2
senior,senior,前辈,NOUN,B2
seniority,seniority,资历,NOUN,B2
to sense,to sense,隐约感到,VERB,B2
senseless,senseless,无意义的,ADJ,B2
sensitivity,sensitivity,敏感性,NOUN,B2
sensor,sensor,传感器,NOUN,B2
sentenced,sentenced,被判刑的,ADJ,B2
sequence,sequence,顺序，片段,NOUN,B2
sergeant,sergeant,中士,NOUN,B2
sermon,sermon,布道,NOUN,B2
to serve as,to serve as,充当,VERB,B2
server,server,服务器,NOUN,B2
service provider,service provider,服务商,NOUN,B2
servility,servility,奴性,NOUN,B2
sesame,sesame,芝麻,NOUN,B2
to set off,to set off,出发,VERB,B2
to set up,to set up,建立,VERB,B2
setback,setback,挫折,NOUN,B2
seventy,seventy,七十,NUM,B2
severe,severe,严厉的,ADJ,B2
severity,severity,严厉,NOUN,B2
sewing,sewing,缝纫,NOUN,B2
sex appeal,sex appeal,性感,NOUN,B2
sexual,sexual,性的,ADJ,B2
sha dynasty,sha dynasty,砂朝,NOUN,B2
shack,shack,棚屋,NOUN,B2
shading,shading,阴影,NOUN,B2
to shame,to shame,使羞愧,VERB,B2
shameless,shameless,无耻的,ADJ,B2
shampoo,shampoo,洗发水,NOUN,B2
to shape,to shape,塑造,VERB,B2
shareholder,shareholder,股东,NOUN,B2
to shave,to shave,剃,VERB,B2
she,she,可她,NOUN,B2
shh,shh,嘘,INTJ,B2
shift,shift,轮班,NOUN,B2
shine,shine,光泽,NOUN,B2
to ship out,to ship out,出货,VERB,B2
shipyard,shipyard,造船厂,NOUN,B2
to shock,to shock,震惊,VERB,B2
shoe removal,shoe removal,鞋脱,NOUN,B2
shoes,shoes,鞋子,NOUN,B2
to shoot down,to shoot down,击落,VERB,B2
shooting,shooting,射击,NOUN,B2
shooting star,shooting star,流星,NOUN,B2
to shop,to shop,购物,VERB,B2
shopping center,shopping center,购物中心,NOUN,B2
shopping mall,shopping mall,商场,NOUN,B2
short-term,short-term,短期的,ADJ,B2
to shorten,to shorten,缩短,VERB,B2
to shout,to shout,吼叫,VERB,B2
shovel,shovel,铲子,NOUN,B2
show of hands,show of hands,举手,NOUN,B2
to shower,to shower,淋浴,VERB,B2
shrine,shrine,مشعر,NOUN,B2
shudder,shudder,战栗,NOUN,B2
to shut up,to shut up,闭嘴,VERB,B2
shyness,shyness,羞怯,NOUN,B2
siblings,siblings,兄弟姐妹,NOUN,B2
sick leave,sick leave,病假,NOUN,B2
side door,side door,侧门,NOUN,B2
side effect,side effect,副作用,NOUN,B2
siege,siege,围攻,NOUN,B2
to sift,to sift,筛选,VERB,B2
to sigh,to sigh,叹气,VERB,B2
to signal,to signal,示意,VERB,B2
significance,significance,含义,NOUN,B2
to silence,to silence,خرس,VERB,B2
silver,silver,银色,ADJ,B2
simple pure,simple pure,单纯,ADJ,B2
simplicity,simplicity,简单,NOUN,B2
to simplify,to simplify,简化,VERB,B2
simply,simply,简单地,ADV,B2
simultaneous,simultaneous,同时的,ADJ,B2
since,since,以来,PART,B2
since,since,既然,SCONJ,B2
sincerity,sincerity,真诚,NOUN,B2
singing,singing,歌唱,NOUN,B2
singularity,singularity,单一性,NOUN,B2
to sink,to sink,下沉,VERB,B2
to sip,to sip,小口喝,VERB,B2
sister yu,sister yu,俞姐,NOUN,B2
sister-in-law,sister-in-law,嫂子/弟媳/大姑子/小姑子,NOUN,B2
to sit down,to sit down,坐下,VERB,B2
sixth,sixth,第六,ADJ,B2
sixty,sixty,六十,NUM,B2
to skate,to skate,滑冰,VERB,B2
skepticism,skepticism,怀疑主义,NOUN,B2
skiing,skiing,滑雪,NOUN,B2
skillful,skillful,熟练的,ADJ,B2
slanted,slanted,斜,ADJ,B2
to slap,to slap,打耳光,VERB,B2
to slaughter,to slaughter,割喉,VERB,B2
slavery,slavery,奴隶制,NOUN,B2
sleeping pill,sleeping pill,安眠药,NOUN,B2
sleeplessness,sleeplessness,失眠,NOUN,B2
sleeve,sleeve,袖子,NOUN,B2
slightly,slightly,轻微地,ADV,B2
to slow down,to slow down,放慢,VERB,B2
slowness,slowness,缓慢,NOUN,B2
sly,sly,狡猾的,ADJ,B2
slyness,slyness,狡猾,NOUN,B2
smallest,smallest,最小的,ADJ,B2
smallness,smallness,小小,NOUN,B2
to smile,to smile,微笑,VERB,B2
to smooth,to smooth,使光滑,VERB,B2
smooth sailing,smooth sailing,一帆风顺,ADJ,B2
smuggler,smuggler,走私者,NOUN,B2
smuggling,smuggling,走私,NOUN,B2
snack,snack,小吃,NOUN,B2
to sneeze,to sneeze,打喷嚏,VERB,B2
to snore,to snore,打鼾,VERB,B2
snout,snout,口鼻,NOUN,B2
snow lotus,snow lotus,雪莲,NOUN,B2
snowflake,snowflake,雪花,NOUN,B2
so as not to,so as not to,免得,SCONJ,B2
so far,so far,到目前为止,ADV,B2
so much,so much,那么多,DET,B2
so that,so that,以便,SCONJ,B2
to soak,to soak,浸透,VERB,B2
sobbing,sobbing,抽泣,NOUN,B2
sociable,sociable,好交际的,ADJ,B2
social activity,social activity,社会活动,NOUN,B2
social appeal,social appeal,社会呼吁,NOUN,B2
social awakening,social awakening,社会觉醒,NOUN,B2
social awareness,social awareness,社会觉悟,NOUN,B2
social class,social class,社会阶层,NOUN,B2
social compromise,social compromise,社会妥协,NOUN,B2
social custom,social custom,社会习俗,NOUN,B2
social ethos,social ethos,社会风气,NOUN,B2
social fairness,social fairness,社会公平,NOUN,B2
social hierarchy,social hierarchy,社会等级,NOUN,B2
social interaction,social interaction,社会互动,NOUN,B2
social mediation,social mediation,社会调解,NOUN,B2
social morality,social morality,社会公德,NOUN,B2
social movement,social movement,社会运动,NOUN,B2
social order,social order,社会秩序,NOUN,B2
social phenomenon,social phenomenon,社会现象,NOUN,B2
social progress,social progress,社会进步,NOUN,B2
social structure,social structure,社会结构,NOUN,B2
social trust,social trust,社会信任,NOUN,B2
social value,social value,社会价值,NOUN,B2
to socialize,to socialize,交往,VERB,B2
sociologist,sociologist,社会学家,NOUN,B2
to soften,to soften,使灵活,VERB,B2
soldiers,soldiers,官兵,NOUN,B2
sole,sole,鞋底,NOUN,B2
solid,solid,3D模型 / 实体,NOUN,B2
solidarity,solidarity,团结,NOUN,B2
solvent,solvent,溶剂,NOUN,B2
some,some,某些,ADJ,B2
something,something,شي,NOUN,B2
song,song,歌,PART,B2
soot,soot,烟灰,NOUN,B2
sorcery,sorcery,巫术,NOUN,B2
sorry,sorry,抱歉,INTJ,B2
sorting,sorting,分类,NOUN,B2
to sound,to sound,响起,VERB,B2
sound card,sound card,声卡,NOUN,B2
sound sleep,sound sleep,你踏实睡,NOUN,B2
soundness,soundness,好端端,NOUN,B2
sour,sour,酸的,ADJ,B2
south,south,南方,NOUN,B2
southern army,southern army,南军,NOUN,B2
sovereign,sovereign,主权的,ADJ,B2
soy milk,soy milk,豆浆,NOUN,B2
spacious,spacious,宽敞的,ADJ,B2
spanish,spanish,西班牙的,ADJ,B2
spanish,spanish,西班牙语,NOUN,B2
to spare,to spare,节省,VERB,B2
sparrow,sparrow,麻雀,NOUN,B2
speaker,speaker,发言人,NOUN,B2
spear,spear,长矛,NOUN,B2
special-purpose trip,special-purpose trip,专程,ADV,B2
specialization,specialization,专业化,NOUN,B2
specialized,specialized,专业的,ADJ,B2
specification,specification,规格,NOUN,B2
spectacles,spectacles,眼镜,NOUN,B2
spectator,spectator,观众,NOUN,B2
spectrum,spectrum,光谱,NOUN,B2
speculation,speculation,推测,NOUN,B2
speed limit sign,speed limit sign,限速牌,NOUN,B2
spell,spell,咒语,NOUN,B2
spending,spending,行用,NOUN,B2
spinning,spinning,纺纱,NOUN,B2
spiral pattern,spiral pattern,旋纹,NOUN,B2
spirituality,spirituality,灵性,NOUN,B2
spiteful,spiteful,怀恨的,ADJ,B2
splint,splint,夹板,NOUN,B2
sponsorship,sponsorship,赞助,NOUN,B2
sports exercise,sports exercise,运动,NOUN,B2
spouse,spouse,配偶,NOUN,B2
sprain,sprain,扭伤,NOUN,B2
spray,spray,喷雾,NOUN,B2
spread,spread,传播,NOUN,B2
to sprinkle,to sprinkle,撒,VERB,B2
squandering,squandering,挥霍,NOUN,B2
square,square,平方的,ADJ,B2
stability,stability,稳定,NOUN,B2
stable,stable,畜舍,NOUN,B2
stage play,stage play,舞台剧,NOUN,B2
staging,staging,上演,NOUN,B2
to stagnate,to stagnate,停滞,VERB,B2
stagnation,stagnation,停滞,NOUN,B2
stairs,stairs,楼梯,NOUN,B2
stall,stall,包厢座位,NOUN,B2
to stall,to stall,拖延,VERB,B2
to stand out,to stand out,引人注目,VERB,B2
to stand side by side,to stand side by side,并列,VERB,B2
to stand up,to stand up,站起来,VERB,B2
standardization,standardization,标准化,NOUN,B2
star search,star search,找星,NOUN,B2
to state,to state,说明,VERB,B2
state truce,state truce,国罢,NOUN,B2
static,static,静态的,ADJ,B2
statistical,statistical,统计的,ADJ,B2
statistics,statistics,统计学,NOUN,B2
to statistics,to statistics,统计,VERB,B2
stay,stay,停留,NOUN,B2
steal sword,steal sword,盗剑,NOUN,B2
to steam,to steam,蒸,VERB,B2
steering wheel,steering wheel,方向盘,NOUN,B2
stellar,stellar,杰出的,ADJ,B2
stem,stem,茎,NOUN,B2
stenosis,stenosis,狭窄,NOUN,B2
to step,to step,踩,VERB,B2
stepmother,stepmother,后母,NOUN,B2
steps,steps,台阶,NOUN,B2
to stew,to stew,炖,VERB,B2
to stick,to stick,插入,VERB,B2
stiffness,stiffness,僵硬,NOUN,B2
to stigmatize,to stigmatize,污名化,VERB,B2
stimulant,stimulant,兴奋剂,NOUN,B2
to stimulate,to stimulate,激发,VERB,B2
stingy,stingy,吝啬的,ADJ,B2
stir,stir,搅拌,NOUN,B2
stock exchange,stock exchange,证券交易所,NOUN,B2
stock market,stock market,股市,NOUN,B2
to stock up,to stock up,进货,VERB,B2
stone,stone,石,PART,B2
stop,stop,停止,NOUN,B2
storage,storage,收纳,NOUN,B2
to store,to store,储存,VERB,B2
stormy,stormy,有暴风雨的,ADJ,B2
straight,straight,径直地,ADV,B2
to strain,to strain,努力,VERB,B2
strait,strait,海峡,NOUN,B2
strangeness,strangeness,奇怪,NOUN,B2
to strangle,to strangle,扼杀,VERB,B2
strategic,strategic,战略的,ADJ,B2
straw,straw,稻草,NOUN,B2
strawberry,strawberry,草莓,NOUN,B2
to strengthen,to strengthen,加强,VERB,B2
stretch,stretch,伸展,NOUN,B2
stretcher,stretcher,担架,NOUN,B2
to strike,to strike,打击,VERB,B2
to strive,to strive,努力,VERB,B2
to strive for,to strive for,争取,VERB,B2
stroll,stroll,闲逛,NOUN,B2
to stroll,to stroll,散步,VERB,B2
structural,structural,结构的,ADJ,B2
to struggle,to struggle,挣扎,VERB,B2
stuck,stuck,卡住的,ADJ,B2
study,study,研究,NOUN,B2
to study deeply,to study deeply,钻研,VERB,B2
to study to learn,to study to learn,学习,VERB,B2
to stuff,to stuff,填塞,VERB,B2
stuffed crab,stuffed crab,蟹酿,NOUN,B2
to stumble,to stumble,绊倒,VERB,B2
stupidity,stupidity,愚蠢,NOUN,B2
stylish,stylish,雅致的,ADJ,B2
su sha,su sha,我夙砂,NOUN,B2
sub-method,sub-method,分法,NOUN,B2
sub-reality,sub-reality,分实,NOUN,B2
subcategory,subcategory,分目,NOUN,B2
subcontracting,subcontracting,分包,NOUN,B2
subjective,subjective,主观的,ADJ,B2
submission,submission,顺从,NOUN,B2
subscription,subscription,订阅,NOUN,B2
subsistence,subsistence,生计,NOUN,B2
substantiation,substantiation,论证,NOUN,B2
successively,successively,连续地,ADV,B2
successor,successor,继任者,NOUN,B2
such,such,这样的,ADJ,B2
to suck,to suck,吸,VERB,B2
sucking,sucking,嗦,NOUN,B2
sufficient flight,sufficient flight,飞够,NOUN,B2
to suffocate,to suffocate,窒息,VERB,B2
suffocation,suffocation,窒息,NOUN,B2
suicide,suicide,自杀,NOUN,B2
to suit,to suit,适合,VERB,B2
suitability,suitability,适宜性,NOUN,B2
suite,suite,套房,NOUN,B2
sum total,sum total,总而,NOUN,B2
summer grass,summer grass,夏草,NOUN,B2
summons,summons,传票,NOUN,B2
sunday,sunday,星期日,NOUN,B2
sunny,sunny,晴朗的,ADJ,B2
sunshine,sunshine,阳光,NOUN,B2
super-comprehensive,super-comprehensive,超遍,NOUN,B2
super-distinction,super-distinction,超殊,NOUN,B2
super-form,super-form,超形,NOUN,B2
super-number,super-number,超数,NOUN,B2
super-observation,super-observation,超察,NOUN,B2
super-principle,super-principle,超则,NOUN,B2
super-special,super-special,超特,NOUN,B2
superior,superior,上级,NOUN,B2
superstition,superstition,迷信,NOUN,B2
to supplement,to supplement,补充,VERB,B2
supplier,supplier,供应商,NOUN,B2
to supply,to supply,供货,VERB,B2
supply does not meet demand,supply does not meet demand,供不应求,ADJ,B2
support,support,支撑,NOUN,B2
supporter,supporter,支持者,NOUN,B2
suppression,suppression,抑,NOUN,B2
supreme fate,supreme fate,上缘,NOUN,B2
surname,surname,姓氏,NOUN,B2
to surpass,to surpass,超过,VERB,B2
to surprise,to surprise,使惊讶,VERB,B2
surrender,surrender,投降,NOUN,B2
surroundings,surroundings,周围,NOUN,B2
to surveil,to surveil,监视,VERB,B2
surveyor,surveyor,测量员,NOUN,B2
survival of the fittest,survival of the fittest,优胜劣汰,NOUN,B2
susha,susha,夙砂大,NOUN,B2
sustainability,sustainability,可持续性,NOUN,B2
suture,suture,缝合,NOUN,B2
swan,swan,天鹅,NOUN,B2
to sweat,to sweat,出汗,VERB,B2
sweep,sweep,扫,NOUN,B2
to sweeten,to sweeten,使变甜,VERB,B2
sweets,sweets,甜食,NOUN,B2
swimming,swimming,游泳,NOUN,B2
swimming pool,swimming pool,游泳池,NOUN,B2
to swindle,to swindle,诈骗,VERB,B2
sword recognition,sword recognition,认剑,NOUN,B2
sword strike,sword strike,看剑,NOUN,B2
swordsman,swordsman,剑客,NOUN,B2
swordsmanship,swordsmanship,剑术,NOUN,B2
sycophancy,sycophancy,阿谀奉承,NOUN,B2
syllabus,syllabus,教学大纲,NOUN,B2
symbolism,symbolism,象征主义,NOUN,B2
to symbolize,to symbolize,象征,VERB,B2
to sympathize,to sympathize,同情,VERB,B2
symphony,symphony,交响乐,NOUN,B2
symptomatic,symptomatic,症状的,ADJ,B2
synchronization,synchronization,同步,NOUN,B2
synonymy,synonymy,同义关系,NOUN,B2
syntax,syntax,句法,NOUN,B2
synthesis,synthesis,综合,NOUN,B2
systematic,systematic,系统的,ADJ,B2
table grape,table grape,提子,NOUN,B2
taboo,taboo,禁忌,NOUN,B2
tactful,tactful,圆滑的,ADJ,B2
tactics,tactics,战术,NOUN,B2
tactile paving,tactile paving,盲道,NOUN,B2
taekwondo,taekwondo,跆拳道,NOUN,B2
taillight,taillight,尾灯,NOUN,B2
tailor,tailor,裁缝,NOUN,B2
to take along,to take along,带走,VERB,B2
to take away,to take away,拿走,VERB,B2
to take care,to take care,照顾,VERB,B2
to take care of,to take care of,照顾,VERB,B2
to take cuttings,to take cuttings,扦插,VERB,B2
to take off,to take off,起飞,VERB,B2
to take out,to take out,拿出,VERB,B2
to take over,to take over,接管,VERB,B2
to take place,to take place,举行,VERB,B2
to take revenge,to take revenge,报复,VERB,B2
takeoff,takeoff,起飞,NOUN,B2
taking,taking,拍摄,NOUN,B2
taking command,taking command,挂帅,NOUN,B2
to talk,to talk,谈话,VERB,B2
to talk nonsense,to talk nonsense,胡言乱语,VERB,B2
tanner,tanner,制革工,NOUN,B2
tanning,tanning,晒黑,NOUN,B2
targeting,targeting,定位,NOUN,B2
tariff,tariff,费率,NOUN,B2
taro,taro,芋头,NOUN,B2
to taste,to taste,品尝,VERB,B2
tavern,tavern,酒馆,NOUN,B2
to tax,to tax,征税,VERB,B2
tax revenue,tax revenue,税收,NOUN,B2
taxation,taxation,征税,NOUN,B2
teammate,teammate,队友,NOUN,B2
to tear up,to tear up,流泪,VERB,B2
tears,tears,眼泪,NOUN,B2
technical,technical,技术的,ADJ,B2
technician,technician,技术员,NOUN,B2
technological,technological,技术的,ADJ,B2
telegram,telegram,电报,NOUN,B2
teleology,teleology,目的论,NOUN,B2
telephone number,telephone number,电话号码,NOUN,B2
televised,televised,电视播出的,ADJ,B2
temporarily,temporarily,临时地,ADV,B2
tender,tender,嫩的,ADJ,B2
tenderness,tenderness,柔情,NOUN,B2
tendon,tendon,肌腱,NOUN,B2
tennis,tennis,网球,NOUN,B2
tense,tense,紧张的,ADJ,B2
termination,termination,解除,NOUN,B2
terminological,terminological,术语的,ADJ,B2
terrorist,terrorist,恐怖分子,NOUN,B2
to test,to test,测试,VERB,B2
testicle,testicle,睾丸,NOUN,B2
text message,text message,短信,NOUN,B2
textile,textile,纺织,NOUN,B2
textual,textual,文本的,ADJ,B2
to thank,to thank,感谢,VERB,B2
thank you,thank you,谢谢,INTJ,B2
thanks,thanks,谢谢,INTJ,B2
thanks to,thanks to,多亏,ADP,B2
that,that,那个,DET,B2
that,that,（引导从句）,SCONJ,B2
that evening,that evening,当晚,NOUN,B2
that is to say,that is to say,也就是说,SCONJ,B2
that nephew,that nephew,那侄儿,NOUN,B2
that which,that which,所,PART,B2
to thaw,to thaw,解冻,VERB,B2
the north pole,the north pole,北极,NOUN,B2
the rest,the rest,其余,NOUN,B2
then he,then he,那他,NOUN,B2
theoretical,theoretical,理论的,ADJ,B2
theoretically,theoretically,理论上,ADV,B2
there,there,那儿,NOUN,B2
therefore,therefore,所以,SCONJ,B2
thereupon,thereupon,随后,ADV,B2
these,these,这些,DET,B2
thesis,thesis,论文,NOUN,B2
thickness,thickness,厚度,NOUN,B2
thigh,thigh,大腿,NOUN,B2
to think to want,to think to want,想,VERB,B2
thinking,thinking,思维,NOUN,B2
third,third,三分之一,NOUN,B2
third place,third place,季军,NOUN,B2
thirteen,thirteen,十三,NUM,B2
thirty,thirty,三十,NUM,B2
this,this,这个,DET,B2
this indeed,this indeed,这倒,NOUN,B2
this matter,this matter,这事,NOUN,B2
this way,this way,这样,PRON,B2
thorn,thorn,刺,NOUN,B2
thoroughness,thoroughness,彻底,NOUN,B2
those,those,那些,DET,B2
thoughtful,thoughtful,体贴的,ADJ,B2
thousand,thousand,千,NUM,B2
three-d printing,three-d printing,3D打印,NOUN,B2
to thresh,to thresh,脱粒,VERB,B2
thrifty,thrifty,节俭的,ADJ,B2
to thrive,to thrive,茁壮成长,VERB,B2
throw,throw,投掷,NOUN,B2
thundershower,thundershower,雷阵雨,NOUN,B2
thursday,thursday,星期四,NOUN,B2
to tidy up,to tidy up,整理,VERB,B2
to tie,to tie,联结,VERB,B2
tie mansion,tie mansion,铁府,NOUN,B2
tiger,tiger,老虎,NOUN,B2
to tighten,to tighten,紧握/收紧,VERB,B2
tile,tile,瓦片,NOUN,B2
timing,timing,时机,NOUN,B2
tingling,tingling,麻木感,NOUN,B2
tire,tire,轮胎,NOUN,B2
tiredness,tiredness,疲劳,NOUN,B2
tissue,tissue,组织,NOUN,B2
toast,toast,你敬酒,NOUN,B2
today,today,今天,NOUN,B2
tofu,tofu,豆腐,NOUN,B2
together,together,共同的,ADJ,B2
toil,toil,苦工,NOUN,B2
tolerance,tolerance,宽容,NOUN,B2
tomorrow,tomorrow,غد,NOUN,B2
tonight,tonight,今晚,NOUN,B2
too big,too big,太大,ADJ,B2
too small,too small,太小,ADJ,B2
tools,tools,工具,NOUN,B2
to torture,to torture,折磨,VERB,B2
total,total,完全的,ADJ,B2
touch,touch,接触,NOUN,B2
touchability,touchability,能触摸,NOUN,B2
tough,tough,艰难的,ADJ,B2
tourism,tourism,旅游业,NOUN,B2
touristic,touristic,旅游的,ADJ,B2
town mayor,town mayor,镇长,NOUN,B2
township road,township road,乡道,NOUN,B2
to track,to track,追踪,VERB,B2
trade union,trade union,工会,NOUN,B2
traditional chinese painting,traditional chinese painting,国画,NOUN,B2
traffic jam,traffic jam,交通堵塞,NOUN,B2
traffic light,traffic light,红绿灯,NOUN,B2
trailer,trailer,预告片,NOUN,B2
train of thought,train of thought,思路,NOUN,B2
train station,train station,火车站,NOUN,B2
to trample,to trample,踩踏,VERB,B2
trans-er,trans-er,超而,NOUN,B2
trans-idealism,trans-idealism,超唯,NOUN,B2
trans-induction,trans-induction,超归,NOUN,B2
transaction,transaction,交易,NOUN,B2
transcendence,transcendence,超越,NOUN,B2
transcendental,transcendental,先验的,ADJ,B2
to transfer,to transfer,转移,VERB,B2
to transfer schools,to transfer schools,转学,VERB,B2
transformation,transformation,تحول,NOUN,B2
transitional,transitional,过渡的,ADJ,B2
translator,translator,译者,NOUN,B2
transmission,transmission,传输,NOUN,B2
transmission to you,transmission to you,传你,NOUN,B2
transmitter,transmitter,发射台,NOUN,B2
transparency,transparency,透明度,NOUN,B2
to transport,to transport,运输,VERB,B2
travel,travel,出行,NOUN,B2
traveler,traveler,旅行家,NOUN,B2
tray,tray,托盘,NOUN,B2
treacherousness,treacherousness,阴险,NOUN,B2
treachery,treachery,背叛,NOUN,B2
treasury,treasury,国库,NOUN,B2
to treat wound,to treat wound,治伤,VERB,B2
to tremble,to tremble,颤抖,VERB,B2
trend,trend,趋势,NOUN,B2
triangle,triangle,三角形,NOUN,B2
tributary,tributary,支流,NOUN,B2
triviality,triviality,琐碎,NOUN,B2
trivialization,trivialization,浅薄化,NOUN,B2
troop,troop,部队,NOUN,B2
troops,troops,部队,NOUN,B2
troublesome,troublesome,麻烦的,ADJ,B2
truce,truce,休战,NOUN,B2
trumpet,trumpet,小号,NOUN,B2
trust,trust,信托,NOUN,B2
to try hard to,to try hard to,力图,VERB,B2
tube,tube,أنبوب,NOUN,B2
tuesday,tuesday,星期二,NOUN,B2
turn,turn,转弯,NOUN,B2
to turn around,to turn around,转身,VERB,B2
to turn off,to turn off,关闭,VERB,B2
to turn out,to turn out,结果是,VERB,B2
turning point,turning point,转折点,NOUN,B2
turnout,turnout,出席率,NOUN,B2
turnover,turnover,营业额,NOUN,B2
twenty,twenty,二十,NUM,B2
twisted,twisted,扭曲的,ADJ,B2
two animals,two animals,两只,NUM,B2
two people,two people,两名,NUM,B2
two polite,two polite,两位,NUM,B2
two sons,two sons,儿俩,NOUN,B2
ugliness,ugliness,丑陋,NOUN,B2
ulceration,ulceration,溃疡,NOUN,B2
um,um,嗯,INTJ,B2
unacceptable,unacceptable,不可接受的,ADJ,B2
unattainable,unattainable,难以获得的,ADJ,B2
uncontrollable,uncontrollable,无法控制的,ADJ,B2
to uncover,to uncover,揭露,VERB,B2
undeniable,undeniable,不可否认的,ADJ,B2
undercover agent,undercover agent,卧底,NOUN,B2
underground,underground,地铁,NOUN,B2
underneath,underneath,在下面,ADV,B2
underpants,underpants,内裤,NOUN,B2
underwear,underwear,内衣,NOUN,B2
unease,unease,不安,NOUN,B2
unemployed,unemployed,失业的,ADJ,B2
unequal,unequal,不平等的,ADJ,B2
unexpectedly,unexpectedly,出乎意料地,ADV,B2
unified examination,unified examination,统考,NOUN,B2
unimaginable,unimaginable,难以想象的,ADJ,B2
unimportant,unimportant,不重要的,ADJ,B2
unionism,unionism,工会主义,NOUN,B2
uniqueness,uniqueness,独特,NOUN,B2
to unite,to unite,联合,VERB,B2
united,united,联合的,ADJ,B2
unity,unity,团结,NOUN,B2
universality,universality,普遍性,NOUN,B2
unknown,unknown,未知数,NOUN,B2
unlucky,unlucky,倒霉的,ADJ,B2
to unpack,to unpack,拆包,VERB,B2
unpredictable,unpredictable,不可预测的,ADJ,B2
unreasonable,unreasonable,不合理的,ADJ,B2
unreasonable,unreasonable,不情,NOUN,B2
unrest,unrest,动荡,NOUN,B2
unsolved case,unsolved case,疑案,NOUN,B2
unstoppable,unstoppable,不可阻挡,ADJ,B2
to untie,to untie,解开,VERB,B2
until,until,直到,ADP,B2
unwinnable,unwinnable,打不赢,NOUN,B2
upbringing,upbringing,教养,NOUN,B2
upcoming,upcoming,مقبل,ADJ,B2
upper,upper,上面的,ADJ,B2
upper part,upper part,上部,NOUN,B2
uproar,uproar,骚动,NOUN,B2
uprooting,uprooting,背井离乡,NOUN,B2
to upset,to upset,使生气,VERB,B2
urbanity,urbanity,都市风度,NOUN,B2
urbanization,urbanization,城市化,NOUN,B2
urgency,urgency,紧急,NOUN,B2
us,us,你我,NOUN,B2
usable,usable,可用的,ADJ,B2
usb flash drive,usb flash drive,U盘,NOUN,B2
use,use,使用,NOUN,B2
to use a wheelchair,to use a wheelchair,坐轮椅,VERB,B2
user,user,用户,NOUN,B2
usufruct,usufruct,用益权,NOUN,B2
utilitarianism,utilitarianism,功利主义,NOUN,B2
utmost,utmost,你尽,NOUN,B2
utterance,utterance,话语,NOUN,B2
vacancy,vacancy,空缺,NOUN,B2
vaccination,vaccination,疫苗接种,NOUN,B2
vaccine,vaccine,疫苗,NOUN,B2
vague,vague,含糊的,ADJ,B2
validity,validity,有效期,NOUN,B2
valuation,valuation,估值,NOUN,B2
value change,value change,改值,NOUN,B2
variable,variable,变量,NOUN,B2
vegetable garden,vegetable garden,果园,NOUN,B2
ventilation,ventilation,通风,NOUN,B2
vermin,vermin,害兽,NOUN,B2
very deep,very deep,很深,ADJ,B2
very much,very much,万分,ADV,B2
vibration,vibration,振动,NOUN,B2
vice,vice,恶习,NOUN,B2
vice versa,vice versa,反之亦然,ADV,B2
vicinity,vicinity,附近,NOUN,B2
vine,vine,藤蔓,NOUN,B2
vinegar,vinegar,醋,NOUN,B2
to violate discipline,to violate discipline,违纪,VERB,B2
violation,violation,侵越,NOUN,B2
violin,violin,小提琴,NOUN,B2
virtual reality,virtual reality,虚拟现实,NOUN,B2
visa,visa,签证,NOUN,B2
visibility,visibility,能见度,NOUN,B2
visit,visit,拜访,NOUN,B2
visitor,visitor,访客,NOUN,B2
vital point,vital point,要害,NOUN,B2
void,void,最无,NOUN,B2
voluntarily,voluntarily,自愿地,ADV,B2
volunteering,volunteering,志愿服务,NOUN,B2
to vote,to vote,表决,VERB,B2
voter,voter,选民,NOUN,B2
voting,voting,投票,NOUN,B2
voucher,voucher,代金券,NOUN,B2
vulgar,vulgar,粗俗的,ADJ,B2
vulgarity,vulgarity,粗俗,NOUN,B2
to wage war,to wage war,作战,VERB,B2
wages,wages,工资,NOUN,B2
waist token,waist token,腰牌,NOUN,B2
wait,wait,等待,NOUN,B2
to wait long,to wait long,久等,VERB,B2
waiter attendant,waiter attendant,服务员,NOUN,B2
to wake,to wake,唤醒,VERB,B2
to wake up,to wake up,叫醒,VERB,B2
to walk,to walk,走,VERB,B2
wandering,wandering,漫游,NOUN,B2
want,want,想,AUX,B2
wanted,wanted,故意的,ADJ,B2
to wanted,to wanted,通缉,VERB,B2
wanting you,wanting you,要你,NOUN,B2
war cessation,war cessation,战息,NOUN,B2
warming,warming,变暖,NOUN,B2
warmth,warmth,温暖,NOUN,B2
to wash and iron,to wash and iron,洗熨,VERB,B2
to wash with water,to wash with water,水洗,VERB,B2
washing,washing,洗涤,NOUN,B2
washing machine,washing machine,洗衣机,NOUN,B2
to waste,to waste,浪费,VERB,B2
wasteful,wasteful,浪费的,ADJ,B2
wasteland,wasteland,荒地,NOUN,B2
watch,watch,手表,NOUN,B2
to water,to water,浇水,VERB,B2
water spinach,water spinach,空心菜,NOUN,B2
watercolor,watercolor,水彩画,NOUN,B2
waterfall,waterfall,瀑布,NOUN,B2
watermelon,watermelon,西瓜,NOUN,B2
waterproof,waterproof,防水的,ADJ,B2
to wave,to wave,挥手,VERB,B2
way out,way out,出路,NOUN,B2
to weaken,to weaken,削弱,VERB,B2
weaning,weaning,断奶,NOUN,B2
weaving,weaving,编织,NOUN,B2
webcam,webcam,网络摄像头,NOUN,B2
website,website,网站,NOUN,B2
wedding anniversary,wedding anniversary,结婚纪念日,NOUN,B2
wedding photo,wedding photo,婚纱照,NOUN,B2
wednesday,wednesday,星期三,NOUN,B2
weekly,weekly,周刊,NOUN,B2
welcome,welcome,受欢迎的,ADJ,B2
welding,welding,焊接,NOUN,B2
well,well,好吧,INTJ,B2
well,well,井,NOUN,B2
well-being,well-being,健康,NOUN,B2
well-considered,well-considered,深思熟虑的,ADJ,B2
well-fitting of clothes,well-fitting of clothes,合身,NOUN,B2
west,west,西方,NOUN,B2
westward,westward,往西,NOUN,B2
what extent,what extent,在何种程度上,ADV,B2
wheat,wheat,小麦,NOUN,B2
wheelchair,wheelchair,轮椅,NOUN,B2
when,when,当...时,SCONJ,B2
when the time comes,when the time comes,到时候,ADV,B2
whereby,whereby,其中,ADV,B2
which,which,哪个,DET,B2
which one,which one,哪一个,PRON,B2
which seat,which seat,哪座,NOUN,B2
while,while,一会儿,NOUN,B2
to whimper,to whimper,呜咽,VERB,B2
to whine,to whine,哀叹,VERB,B2
whirlwind,whirlwind,旋风；漩涡,NOUN,B2
whisper,whisper,低语,NOUN,B2
to whistle,to whistle,吹口哨,VERB,B2
white blood cell,white blood cell,白细胞,NOUN,B2
who polite,who polite,哪位,PRON,B2
whole,whole,整体,NOUN,B2
wholesale,wholesale,批发,NOUN,B2
whore,whore,妓女,NOUN,B2
why bother,why bother,何必,ADV,B2
why not,why not,何不,ADV,B2
width,width,宽度,NOUN,B2
wilderness,wilderness,荒野,NOUN,B2
will,will,遗嘱,NOUN,B2
will surely,will surely,定会,AUX,B2
to wilt,to wilt,枯萎,VERB,B2
to win inevitably,to win inevitably,必胜,VERB,B2
to wind,to wind,缠绕,VERB,B2
wind speed,wind speed,风速,NOUN,B2
windproof,windproof,挡风的,ADJ,B2
windy day,windy day,风天,NOUN,B2
to wiretap,to wiretap,监听,VERB,B2
wish,wish,愿望,NOUN,B2
with it,with it,在其中,ADV,B2
to witness,to witness,目击,VERB,B2
witty,witty,机智的,ADJ,B2
to won't do,to won't do,不成,VERB,B2
wonder,wonder,奇迹,NOUN,B2
woods,woods,林子,NOUN,B2
wool,wool,羊毛,NOUN,B2
to work,to work,工作,VERB,B2
to work out,to work out,成功,VERB,B2
to work part-time,to work part-time,打工,VERB,B2
workplace,workplace,工作场所,NOUN,B2
world war,world war,世界大战,NOUN,B2
worldview,worldview,世界观,NOUN,B2
worldwide,worldwide,全世界的,ADJ,B2
worry,worry,担忧,NOUN,B2
worry relief,worry relief,排忧,NOUN,B2
to worsen,to worsen,恶化,VERB,B2
to worship,to worship,崇拜,VERB,B2
to wound,to wound,使受伤,VERB,B2
wow,wow,哇,INTJ,B2
wrapping,wrapping,包装,NOUN,B2
wrestling,wrestling,摔跤,NOUN,B2
wretch,wretch,令人厌恶的人,NOUN,B2
wrinkle,wrinkle,皱纹,NOUN,B2
writing,writing,文字,NOUN,B2
written,written,书面的,ADJ,B2
wrong,wrong,错误的事,NOUN,B2
wrong mistake,wrong mistake,错误,ADJ,B2
to wrong someone,to wrong someone,冤枉,VERB,B2
wrongful conviction,wrongful conviction,冤案,NOUN,B2
wudang,wudang,武当,NOUN,B2
yeah yeah,yeah yeah,是是是,INTJ,B2
year by year,year by year,逐年,ADV,B2
to yearn for,to yearn for,渴望,VERB,B2
years,years,数年,NOUN,B2
yeast,yeast,酵母,NOUN,B2
to yell,to yell,大吼,VERB,B2
yesterday,yesterday,بارحة,NOUN,B2
yield,yield,产量,NOUN,B2
yogurt,yogurt,酸奶,NOUN,B2
yoke,yoke,枷锁,NOUN,B2
you except,you except,你除,NOUN,B2
you plural,you plural,你们,PRON,B2
young lady,young lady,小姐,NOUN,B2
young man,young man,年轻人,NOUN,B2
young person,young person,年轻人,NOUN,B2
young wife,young wife,小媳,NOUN,B2
younger brother,younger brother,弟弟,NOUN,B2
your,your,你的,DET,B2
your arrow,your arrow,若非你一箭,NOUN,B2
your head,your head,你头上,NOUN,B2
your laugh,your laugh,你笑,NOUN,B2
your parents,your parents,你爹娘,NOUN,B2
your photo,your photo,照你,NOUN,B2
your word,your word,听你,NOUN,B2
yuck,yuck,呸,INTJ,B2
zen master,zen master,禅师,NOUN,B2
zero,zero,零,NUM,B2
zhuang he,zhuang he,庄郃,NOUN,B2
zongzi,zongzi,粽子,NOUN,B2
zucchini,zucchini,西葫芦,NOUN,B2
township head,township head,乡长,NOUN,B2
re-submission,re-submission,再上,NOUN,B2
dune,dune,沙丘,NOUN,B2
road sign,road sign,路标,NOUN,B2
ringing,ringing,铃声,NOUN,B2
to be stolen,to be stolen,失窃,VERB,B2
to infiltrate,to infiltrate,渗透,VERB,B2
wait for me,wait for me,等我,NOUN,B2
-ly,-ly,地,PART,B2
you polite,you polite,您,PRON,B2
proletariat,proletariat,无产阶级,NOUN,B2
fortune telling,fortune telling,算命,NOUN,B2
to structure,to structure,构建,VERB,B2
spokesperson,spokesperson,发言人,NOUN,B2
slipper,slipper,拖鞋,NOUN,B2
measure word for books,measure word for books,本,NUM,B2
personal record,personal record,个人纪录,NOUN,B2
purity,purity,纯洁,NOUN,B2
to raise donations,to raise donations,募捐,VERB,B2
hard to distinguish,hard to distinguish,难以区分,ADJ,B2
bypass surgery,bypass surgery,搭桥手术,NOUN,B2
monopolistic,monopolistic,垄断的,ADJ,B2
gigolo,gigolo,面首,NOUN,B2
retrieve qingming,retrieve qingming,拿回青冥,NOUN,B2
known,known,已知的,ADJ,B2
won't do,won't do,不行,ADJ,B2
demanding,demanding,要求高的,ADJ,B2
cash,cash,现金,ADJ,B2
new year's day,new year's day,元旦,NOUN,B2
centrifugal force,centrifugal force,离心力,NOUN,B2
from childhood,from childhood,从小,ADV,B2
payment all,payment all,付都,NOUN,B2
melon groping,melon groping,摸瓜,NOUN,B2
that way,that way,那样,PRON,B2
not only,not only,不光,CCONJ,B2
leniency,leniency,宽厚,NOUN,B2
to shake hands,to shake hands,握手,VERB,B2
plated,plated,镀层的,ADJ,B2
to receive worldwide attention,to receive worldwide attention,举世瞩目,VERB,B2
exegesis,exegesis,注释,NOUN,B2
social arbitration,social arbitration,社会仲裁,NOUN,B2
this battle,this battle,此战,NOUN,B2
re-reason,re-reason,重理,NOUN,B2
internal force,internal force,内力,NOUN,B2
danmei,danmei,但没,NOUN,B2
non-shadow,non-shadow,非影,NOUN,B2
ice hockey,ice hockey,冰球,NOUN,B2
annual report,annual report,年报,NOUN,B2
respectful deferential,respectful deferential,恭敬,ADJ,B2
typhoon,typhoon,台风,NOUN,B2
memorandum,memorandum,备忘录,NOUN,B2
pantheism,pantheism,泛神论,NOUN,B2
to give to grant,to give to grant,予以,VERB,B2
jianghu,jianghu,江湖,NOUN,B2
shift swap,shift swap,换班,NOUN,B2
cellar,cellar,地窖,NOUN,B2
to plant out,to plant out,定植,VERB,B2
dashboard,dashboard,仪表盘,NOUN,B2
flask,flask,小瓶,NOUN,B2
to look for to find,to look for to find,找,VERB,B2
cold blood,cold blood,冷血,NOUN,B2
person honorific,person honorific,位,NOUN,B2
public order,public order,治安,NOUN,B2
inconsistency,inconsistency,不一致,NOUN,B2
past exam papers,past exam papers,真题,NOUN,B2
my big one,my big one,我偌大,NOUN,B2
maxim,maxim,格言,NOUN,B2
water falling,water falling,水落,NOUN,B2
command room,command room,指挥室,NOUN,B2
austerity,austerity,紧缩,NOUN,B2
redefinition,redefinition,改界,NOUN,B2
video recording,video recording,录像,NOUN,B2
want to lure,want to lure,想引,NOUN,B2
ceremonial cap,ceremonial cap,爵弁,NOUN,B2
decadence,decadence,衰落,NOUN,B2
well-known,well-known,众所周知的,ADJ,B2
quarreling,quarreling,再吵,NOUN,B2
hard to maintain,hard to maintain,难以维持,ADJ,B2
non-substance,non-substance,非质,NOUN,B2
morals,morals,道德,NOUN,B2
expropriation,expropriation,征用,NOUN,B2
relatively speaking,relatively speaking,相对而言,ADV,B2
zodiac sign,zodiac sign,属相,NOUN,B2
family ruin,family ruin,家破,NOUN,B2
mri,mri,核磁共振,NOUN,B2
western regions,western regions,西域,NOUN,B2
growl,growl,低吼,NOUN,B2
night view,night view,夜景,NOUN,B2
smoothly,smoothly,顺利,ADV,B2
stoicism,stoicism,斯多葛主义,NOUN,B2
chest pain,chest pain,胸痛,NOUN,B2
mutual generation,mutual generation,相生,NOUN,B2
green-eyed,green-eyed,让碧眼,NOUN,B2
classifier for trees,classifier for trees,棵,NUM,B2
guitarist,guitarist,吉他手,NOUN,B2
to be entranced,to be entranced,出神,VERB,B2
to haggle,to haggle,讨价还价,VERB,B2
none,none,没有一个,DET,B2
overseas chinese,overseas chinese,华侨,NOUN,B2
paronomasia,paronomasia,近音词双关,NOUN,B2
to signify,to signify,意味着,VERB,B2
correspondence,correspondence,通信,NOUN,B2
to not come,to not come,不来,VERB,B2
stinking,stinking,发臭的,ADJ,B2
remote-controlled car,remote-controlled car,遥控车,NOUN,B2
numerous,numerous,众多的,ADJ,B2
social reconciliation,social reconciliation,社会和解,NOUN,B2
over-stroke,over-stroke,超程,NOUN,B2
social statistics,social statistics,社会统计,NOUN,B2
enjoyment,enjoyment,享受,NOUN,B2
counterfeit,counterfeit,假冒,ADJ,B2
cold wave,cold wave,寒潮,NOUN,B2
underestimation,underestimation,小看,NOUN,B2
but you,but you,但您,NOUN,B2
tenderloin,tenderloin,里脊,NOUN,B2
essential equipment,essential equipment,要置,NOUN,B2
re-abruptness,re-abruptness,再骤,NOUN,B2
crushing defeat,crushing defeat,惨败,NOUN,B2
unveiling ceremony,unveiling ceremony,揭幕仪式,NOUN,B2
every day,every day,天天,ADV,B2
to sign for,to sign for,签收,VERB,B2
pinch,pinch,捏,NOUN,B2
to cool down,to cool down,冷却,VERB,B2
bitterness,bitterness,苦涩,NOUN,B2
designated driver,designated driver,代驾,NOUN,B2
to do one's best,to do one's best,尽力,VERB,B2
roller blind,roller blind,卷帘,NOUN,B2
failed bid,failed bid,流标,NOUN,B2
instead on the contrary,instead on the contrary,反而,ADV,B2
municipal,municipal,市政的,ADJ,B2
to look down upon,to look down upon,看不起,VERB,B2
hot air balloon,hot air balloon,热气球,NOUN,B2
wetland,wetland,湿地,NOUN,B2
no need,no need,不用,AUX,B2
might,might,威力,NOUN,B2
vehicle registration,vehicle registration,行驶证,NOUN,B2
callous,callous,冷酷,ADJ,B2
repulse,repulse,击退,NOUN,B2
steamed stuffed bun,steamed stuffed bun,包子,NOUN,B2
falling out,falling out,反目,NOUN,B2
you cannot live,you cannot live,你也活不,NOUN,B2
hilt,hilt,剑柄,NOUN,B2
nurturing,nurturing,养好,NOUN,B2
only-me,only-me,只我,NOUN,B2
to make noise,to make noise,闹得,VERB,B2
puberty,puberty,青春期,NOUN,B2
draw out,draw out,引出,NOUN,B2
interlocutor,interlocutor,对话者,NOUN,B2
dumpling,dumpling,丸子,NOUN,B2
reformism,reformism,改唯,NOUN,B2
solid-state drive,solid-state drive,固态硬盘,NOUN,B2
youngster,youngster,年少者,NOUN,B2
thief presence,thief presence,有贼,NOUN,B2
to provide evidence,to provide evidence,举证,VERB,B2
faction,faction,派,NOUN,B2
to be safe,to be safe,安好,VERB,B2
hysterical,hysterical,歇斯底里的,ADJ,B2
re-logic,re-logic,再逻,NOUN,B2
god of war,god of war,战神,NOUN,B2
ethereum,ethereum,以太坊,NOUN,B2
exile,exile,流亡,NOUN,B2
plight,plight,处境,NOUN,B2
license plate restriction,license plate restriction,限号,NOUN,B2
destitution,destitution,贫困,NOUN,B2
to be responsible for,to be responsible for,负责,VERB,B2
to focus,to focus,聚焦,VERB,B2
to take office,to take office,就职,VERB,B2
to count as,to count as,算,VERB,B2
no harm,no harm,没事吧,NOUN,B2
paper cutting,paper cutting,剪纸,NOUN,B2
genesis,genesis,起源,NOUN,B2
hay,hay,干草,NOUN,B2
pity,pity,可惜,ADJ,B2
condensation,condensation,凝结,NOUN,B2
to matter,to matter,重要,VERB,B2
two-way street,two-way street,双行道,NOUN,B2
true heart,true heart,本心,NOUN,B2
easy to say,easy to say,好说,NOUN,B2
pavilion,pavilion,亭子,NOUN,B2
what,what,什么,ADV,B2
re-routing,re-routing,改轨,NOUN,B2
bridal chamber,bridal chamber,洞房,NOUN,B2
green technology,green technology,绿色技术,NOUN,B2
pad,pad,垫,NOUN,B2
to steer,to steer,引导,VERB,B2
digitization,digitization,数字化,NOUN,B2
re-fruit,re-fruit,再果,NOUN,B2
habituation,habituation,习惯化,NOUN,B2
loot,loot,战利品,NOUN,B2
impairment,impairment,左手废,NOUN,B2
to deep-fry,to deep-fry,油炸,VERB,B2
forbidden land,forbidden land,禁地,NOUN,B2
bass,bass,贝斯,NOUN,B2
to vaccinate,to vaccinate,接种疫苗,VERB,B2
ba zi,ba zi,八字,NOUN,B2
to cash,to cash,兑现,VERB,B2
this-camp,this-camp,这营,NOUN,B2
contrary,contrary,反而,NOUN,B2
backflow,backflow,倒流,NOUN,B2
counter-mechanism,counter-mechanism,反机,NOUN,B2
to fall back,to fall back,回落,VERB,B2
to glance,to glance,瞥,VERB,B2
human capacity,human capacity,人会,NOUN,B2
a pile,a pile,一堆,NUM,B2
felony,felony,重罪,NOUN,B2
to lockdown,to lockdown,封城,VERB,B2
just as in the past,just as in the past,一如既往,ADV,B2
social stratification,social stratification,社会分层,NOUN,B2
futurism,futurism,未来主义,NOUN,B2
softball,softball,垒球,NOUN,B2
minor course,minor course,辅修课,NOUN,B2
heat wave,heat wave,热浪,NOUN,B2
to be so,to be so,然,VERB,B2
colonization,colonization,殖民化,NOUN,B2
to purchase,to purchase,购买,VERB,B2
glorification,glorification,赞美,NOUN,B2
proposition,proposition,主张,NOUN,B2
rush,rush,赶往,NOUN,B2
father,father,父,PART,B2
handwriting practice,handwriting practice,练字,NOUN,B2
to nibble,to nibble,啃,VERB,B2
income and expense,income and expense,收支,NOUN,B2
bad idea,bad idea,坏水,NOUN,B2
overdue,overdue,逾期,ADJ,B2
shift rotation,shift rotation,倒班,NOUN,B2
please,please,请,ADV,B2
liaison,liaison,联络,NOUN,B2
various departments,various departments,各部,NOUN,B2
star anise,star anise,八角,NOUN,B2
social stability,social stability,社会稳定,NOUN,B2
to retell,to retell,转述,VERB,B2
artistic portrait,artistic portrait,艺术照,NOUN,B2
point in time,point in time,时间点,NOUN,B2
social organization,social organization,社会组织,NOUN,B2
amended interior,amended interior,改内,NOUN,B2
really want,really want,真要,NOUN,B2
unwillingness,unwillingness,不甘,NOUN,B2
enemy must,enemy must,仇必,NOUN,B2
that is,that is,即,ADV,B2
conventional,conventional,传统的,ADJ,B2
dissatisfied,dissatisfied,不满的,ADJ,B2
social practice,social practice,社会实践,NOUN,B2
carbon tax,carbon tax,碳税,NOUN,B2
village head,village head,村长,NOUN,B2
irascibility,irascibility,易怒,NOUN,B2
smashing,smashing,砸过,NOUN,B2
full power,full power,全力,NOUN,B2
over-strategy,over-strategy,超策,NOUN,B2
mode,mode,方式,NOUN,B2
herder,herder,牧民,NOUN,B2
tractor,tractor,拖拉机,NOUN,B2
to seek truth from facts,to seek truth from facts,实事求是,VERB,B2
bid collusion,bid collusion,串标,NOUN,B2
anti-integration,anti-integration,反合,NOUN,B2
trans-decision,trans-decision,超断,NOUN,B2
this item,this item,这件,NOUN,B2
re-inner,re-inner,再内,NOUN,B2
counter-form,counter-form,反式,NOUN,B2
purple yin,purple yin,紫阴,NOUN,B2
legality,legality,合法性,NOUN,B2
young master,young master,少庄主,NOUN,B2
to prepare a lesson,to prepare a lesson,预习,VERB,B2
non-sound,non-sound,非响,NOUN,B2
proofreading,proofreading,校对,NOUN,B2
car insurance,car insurance,车险,NOUN,B2
wrinkle-resistant,wrinkle-resistant,防皱,ADJ,B2
reachable,reachable,可到达的,ADJ,B2
whether or not,whether or not,是否,SCONJ,B2
immunotherapy,immunotherapy,免疫治疗,NOUN,B2
demilitarization,demilitarization,去武,NOUN,B2
wounded,wounded,受伤的,ADJ,B2
incoming,incoming,进来的,ADJ,B2
script for play,script for play,剧本,NOUN,B2
brewery,brewery,啤酒厂,NOUN,B2
to stop me,to stop me,拦我,VERB,B2
to run into,to run into,碰见,VERB,B2
novelistic,novelistic,小说般的,ADJ,B2
that arrow,that arrow,那一箭,NOUN,B2
in writing,in writing,书面,NOUN,B2
idyll,idyll,田园诗,NOUN,B2
forbidden,forbidden,被禁止的,ADJ,B2
some out,some out,出些,NOUN,B2
appreciation banquet,appreciation banquet,答谢宴,NOUN,B2
to ever,to ever,里何尝,VERB,B2
to lock,to lock,锁上,VERB,B2
antioxidant,antioxidant,抗氧化剂,NOUN,B2
entertainment center,entertainment center,娱乐中心,NOUN,B2
rationalization,rationalization,合理化,NOUN,B2
to receive orders,to receive orders,受命,VERB,B2
rust-proof,rust-proof,防锈,ADJ,B2
to be on duty,to be on duty,值班,VERB,B2
to prop,to prop,撑,VERB,B2
environmental report,environmental report,环境报告,NOUN,B2
coming and going,coming and going,往来,NOUN,B2
to hope to wish,to hope to wish,希望,VERB,B2
polluted,polluted,受污染的,ADJ,B2
see off,see off,送走,NOUN,B2
sad sorrowful,sad sorrowful,悲伤,ADJ,B2
to draw on the experience of,to draw on the experience of,借鉴,VERB,B2
to be hit,to be hit,中箭,VERB,B2
starry sky,starry sky,星空,NOUN,B2
to was,to was,是,VERB,B2
serial killer,serial killer,连环杀手,NOUN,B2
beside next to,beside next to,旁边,NOUN,B2
rhetorical question,rhetorical question,宁非,NOUN,B2
burnt,burnt,烧焦的,ADJ,B2
cooked rice,cooked rice,米饭,NOUN,B2
social distancing,social distancing,社交距离,NOUN,B2
to do to make,to do to make,做,VERB,B2
matchmaker,matchmaker,媒,NOUN,B2
whether,whether,能否,NOUN,B2
ride break,ride break,骑破,NOUN,B2
your majesty,your majesty,陛下,NOUN,B2
narrator,narrator,叙述者,NOUN,B2
to have only,to have only,唯有,VERB,B2
imperial father's will,imperial father's will,父皇要,NOUN,B2
math,math,数学,NOUN,B2
eternal alliance,eternal alliance,永结,NOUN,B2
wine cup,wine cup,这酒盏,NOUN,B2
blood debt,blood debt,血债,NOUN,B2
a well,a well,井,NOUN,B2
considerate,considerate,体贴,ADJ,B2
horse departure,horse departure,马去,NOUN,B2
righteousness,righteousness,亦正,NOUN,B2
partial cause,partial cause,分因,NOUN,B2
promoter,promoter,推动者,NOUN,B2
face recognition,face recognition,认人,NOUN,B2
retype,retype,再型,NOUN,B2
enrollment,enrollment,注册,NOUN,B2
on head,on head,当头,NOUN,B2
to channel,to channel,疏导,VERB,B2
running,running,进行中的,NOUN,B2
brocade,brocade,锦绣,NOUN,B2
public welfare,public welfare,公益性,NOUN,B2
myself,myself,我自,NOUN,B2
thermal,thermal,热的,ADJ,B2
to hike,to hike,徒步旅行,VERB,B2
one family,one family,一家,NUM,B2
to cannot help,to cannot help,忍不住,VERB,B2
non-war,non-war,非战,NOUN,B2
to base,to base,基于,VERB,B2
accord with,accord with,合乎,NOUN,B2
to be good at,to be good at,擅长,VERB,B2
reconsideration,reconsideration,重思,NOUN,B2
cleansing,cleansing,清洗,NOUN,B2
to grasp firmly,to grasp firmly,抓紧,VERB,B2
too soft,too soft,太软,NOUN,B2
maximum,maximum,最大,ADJ,B2
ring road,ring road,绕城,NOUN,B2
malady,malady,弊病,NOUN,B2
to overdraw,to overdraw,透支,VERB,B2
door handle,door handle,门把手,NOUN,B2
to carry forward,to carry forward,发扬,VERB,B2
semiology,semiology,符号学，症状学,NOUN,B2
re-sequencing,re-sequencing,改骤,NOUN,B2
tool room,tool room,工具间,NOUN,B2
its details,its details,其详,NOUN,B2
empty fame,empty fame,虚名,NOUN,B2
long-distance bus,long-distance bus,长途车,NOUN,B2
older brother,older brother,大哥哥,NOUN,B2
tutoring,tutoring,补习,NOUN,B2
heavy machine,heavy machine,重机,NOUN,B2
recusal,recusal,回避,NOUN,B2
non-level,non-level,非级,NOUN,B2
to charter,to charter,租船,VERB,B2
to widen,to widen,加宽,VERB,B2
to hospitalize,to hospitalize,使住院,VERB,B2
early warning,early warning,预警,NOUN,B2
to know to recognize,to know to recognize,认识,VERB,B2
traffic restriction,traffic restriction,限行,NOUN,B2
amputation,amputation,截肢,NOUN,B2
ancient times,ancient times,古代,NOUN,B2
him,him,他吧,NOUN,B2
slander,slander,诽谤,NOUN,B2
eldest son,eldest son,长子,NOUN,B2
wits,wits,心眼,NOUN,B2
housing,housing,住房,NOUN,B2
scan,scan,扫描件,NOUN,B2
fraction marker,fraction marker,分之,PART,B2
spirit training,spirit training,练神,NOUN,B2
reprice,reprice,再价,NOUN,B2
grounds,grounds,论据,NOUN,B2
non-orbit,non-orbit,非轨,NOUN,B2
one's heart's content,one's heart's content,尽情,ADV,B2
sweet dream,sweet dream,美梦,NOUN,B2
business meeting,business meeting,洽谈会,NOUN,B2
puncture,puncture,穿刺,NOUN,B2
changed policy,changed policy,改策,NOUN,B2
mobile payment,mobile payment,移动支付,NOUN,B2
fourteen,fourteen,十四,NUM,B2
favorable circumstances,favorable circumstances,顺境,NOUN,B2
physical evidence,physical evidence,物证,NOUN,B2
heavy type,heavy type,重型,NOUN,B2
re-evidence,re-evidence,重据,NOUN,B2
collateral,collateral,附属的,ADJ,B2
feudal,feudal,封建,ADJ,B2
solvency,solvency,偿付能力,NOUN,B2
month moon,month moon,月,NOUN,B2
memorization,memorization,记忆,NOUN,B2
they things,they things,它们,PRON,B2
zinc,zinc,锌,NOUN,B2
art gallery,art gallery,美术馆,NOUN,B2
id photo,id photo,证件照,NOUN,B2
situation circumstances,situation circumstances,情形,NOUN,B2
risking death,risking death,冒死,NOUN,B2
uncertain,uncertain,不确定的,ADJ,B2
difficult problem,difficult problem,难题,NOUN,B2
noncompliant,noncompliant,违规,ADJ,B2
switch room,switch room,配电室,NOUN,B2
non-specific,non-specific,非殊,NOUN,B2
pace-setter,pace-setter,标兵,NOUN,B2
rebellious heart,rebellious heart,反心,NOUN,B2
to dispense medicine,to dispense medicine,配药,VERB,B2
one book,one book,一本,NUM,B2
record player,record player,唱机,NOUN,B2
inside story,inside story,内幕,NOUN,B2
phoenix,phoenix,拿凤,NOUN,B2
to make a speech,to make a speech,发言,VERB,B2
englishman,englishman,英国人,NOUN,B2
badminton,badminton,羽毛球,NOUN,B2
lord yu,lord yu,玉大人,NOUN,B2
partial meaning,partial meaning,分义,NOUN,B2
moderate rain,moderate rain,中雨,NOUN,B2
to apply a cast,to apply a cast,打石膏,VERB,B2
character word,character word,字,NOUN,B2
a married couple,a married couple,夫妇,NOUN,B2
asexual,asexual,无性的,ADJ,B2
granite,granite,花岗岩,NOUN,B2
marriageable,marriageable,适婚,NOUN,B2
stomachache,stomachache,肚子痛,NOUN,B2
one head,one head,一头,NUM,B2
to there's still time,to there's still time,来得及,VERB,B2
amended judgment,amended judgment,改断,NOUN,B2
with difficulty,with difficulty,困难地,ADV,B2
to not have,to not have,没,VERB,B2
philanthropy,philanthropy,慈善,NOUN,B2
to get acquainted,to get acquainted,相互认识,VERB,B2
do not,do not,莫,ADV,B2
upturn,upturn,好转,NOUN,B2
second time,second time,再而,NOUN,B2
counter-quality,counter-quality,反质,NOUN,B2
look at you,look at you,你看你,NOUN,B2
imam,imam,伊玛目,NOUN,B2
morphology,morphology,形态学,NOUN,B2
standing,standing,站立的,ADJ,B2
occupied,occupied,被占用的,ADJ,B2
to come along,to come along,一起来,VERB,B2
liberalism,liberalism,自由主义,NOUN,B2
and so on,and so on,之类,NOUN,B2
third bestowal,third bestowal,三授,NOUN,B2
to balance,to balance,平衡,VERB,B2
in the sky,in the sky,天上,NOUN,B2
special topic,special topic,专题,NOUN,B2
id card,id card,身份证,NOUN,B2
old master,old master,老太爷,NOUN,B2
intruder,intruder,入侵者,NOUN,B2
monitoring,monitoring,监控,NOUN,B2
to take a leave of absence,to take a leave of absence,休学,VERB,B2
laundry room,laundry room,洗衣房,NOUN,B2
individual assignment,individual assignment,个人作业,NOUN,B2
stationery,stationery,文具,NOUN,B2
dried tofu,dried tofu,豆干,NOUN,B2
seeking instant benefit,seeking instant benefit,急功近利,ADJ,B2
counter-trend,counter-trend,反势,NOUN,B2
welcome banquet,welcome banquet,欢迎宴,NOUN,B2
ordinary people,ordinary people,老百姓,NOUN,B2
digestion,digestion,消化,NOUN,B2
good reputation,good reputation,清誉,NOUN,B2
quarterly magazine,quarterly magazine,季刊,NOUN,B2
to run quickly,to run quickly,奔驰,VERB,B2
locker room,locker room,更衣室,NOUN,B2
higher,higher,更高的,ADJ,B2
super-quality,super-quality,超质,NOUN,B2
abrasion,abrasion,擦伤,NOUN,B2
textbook,textbook,教科书,NOUN,B2
carrier,carrier,承运人,NOUN,B2
to not about,to not about,不关,VERB,B2
backup light,backup light,倒车灯,NOUN,B2
publishing house,publishing house,出版社,NOUN,B2
tidal,tidal,潮汐,ADJ,B2
personal enmity,personal enmity,私仇,NOUN,B2
to look for,to look for,寻找,VERB,B2
female relatives,female relatives,女眷,NOUN,B2
rockery,rockery,假山,NOUN,B2
habitually in the past,habitually in the past,往常,NOUN,B2
switchboard,switchboard,总机,NOUN,B2
recommendation by others,recommendation by others,他荐,NOUN,B2
times,times,倍,NOUN,B2
re-limit,re-limit,重限,NOUN,B2
to last a period of time,to last a period of time,为期,VERB,B2
to can't believe,to can't believe,不敢相信,VERB,B2
both hands,both hands,双手,NOUN,B2
to answer reply,to answer reply,回答,VERB,B2
emancipation,emancipation,解放,NOUN,B2
distinguished,distinguished,杰出,ADJ,B2
to suffer from insomnia,to suffer from insomnia,失眠,VERB,B2
non-construction,non-construction,非建,NOUN,B2
eastern,eastern,东方的,ADJ,B2
variance,variance,方差,NOUN,B2
to part by death,to part by death,死别,VERB,B2
experienced,experienced,老练的,ADJ,B2
seclusion exit,seclusion exit,出关,NOUN,B2
re-creation,re-creation,再作,NOUN,B2
decommissioning,decommissioning,退役,NOUN,B2
facsimile,facsimile,副本,NOUN,B2
top dressing,top dressing,追肥,NOUN,B2
watermelon seed,watermelon seed,西瓜子,NOUN,B2
afterward,afterward,去后,NOUN,B2
military order,military order,军令,NOUN,B2
provincial highway,provincial highway,省道,NOUN,B2
congregation,congregation,集会,NOUN,B2
ulcer,ulcer,溃疡,NOUN,B2
june,june,六月,NOUN,B2
clear soup,clear soup,江瑶清羹,NOUN,B2
pragmatism,pragmatism,实用主义,NOUN,B2
to see again,to see again,再见,VERB,B2
direction sign,direction sign,指示牌,NOUN,B2
to make a mistake,to make a mistake,弄错,VERB,B2
clientelism,clientelism,庇护主义,NOUN,B2
to solicit donations,to solicit donations,募捐,VERB,B2
unworthy,unworthy,你不配,NOUN,B2
gravel,gravel,砾石,NOUN,B2
let alone,let alone,别说,ADV,B2
catch,catch,捕捉,NOUN,B2
chestnut,chestnut,板栗,NOUN,B2
non-order,non-order,非序,NOUN,B2
inside city,inside city,城内,NOUN,B2
cultural relic,cultural relic,文物,NOUN,B2
increasingly,increasingly,越来越,ADV,B2
my residence,my residence,我府,NOUN,B2
department head,department head,厅长,NOUN,B2
social harmony,social harmony,社会和谐,NOUN,B2
we or us including both the speaker and the person s spoken to,we or us including both the speaker and the person s spoken to,咱们,PRON,B2
tax-exempt,tax-exempt,免税,ADJ,B2
to be elected,to be elected,当选,VERB,B2
in detail,in detail,详细地,ADV,B2
shootout,shootout,枪战,NOUN,B2
thrust toward,thrust toward,插向,NOUN,B2
stinginess,stinginess,吝啬；小气,NOUN,B2
options,options,期权,NOUN,B2
to ingest,to ingest,服用,VERB,B2
to tie up,to tie up,绑,VERB,B2
re-enactment,re-enactment,再演,NOUN,B2
yes,yes,是啊,NOUN,B2
re-quantity,re-quantity,再量,NOUN,B2
weekly test,weekly test,周测,NOUN,B2
woodland,woodland,林地,NOUN,B2
jurisdiction area,jurisdiction area,辖区,NOUN,B2
quarter of a year,quarter of a year,季度,NOUN,B2
to be eager,to be eager,心切,VERB,B2
international student,international student,留学生,NOUN,B2
major course,major course,专业课,NOUN,B2
counter-logic,counter-logic,反逻,NOUN,B2
full name,full name,大名,NOUN,B2
to provide feedback,to provide feedback,反馈,VERB,B2
to use chopsticks,to use chopsticks,动筷,VERB,B2
preschool,preschool,幼儿园,NOUN,B2
biomass,biomass,生物质,NOUN,B2
to increase steadily,to increase steadily,与日俱增,VERB,B2
inner court,inner court,朝内,NOUN,B2
swindler,swindler,骗子,NOUN,B2
department store,department store,百货商店,NOUN,B2
manufacturer,manufacturer,制造商,NOUN,B2
disinterested,disinterested,公正的,ADJ,B2
errata,errata,勘误,NOUN,B2
powerful nation,powerful nation,强国,NOUN,B2
military power,military power,兵权,NOUN,B2
blood sea,blood sea,血海,NOUN,B2
flattery,flattery,奉承,NOUN,B2
one night,one night,一晚,NUM,B2
to go first,to go first,先去,VERB,B2
only just,only just,才,ADV,B2
bad news,bad news,坏消息,NOUN,B2
but i,but i,可我,ADV,B2
to limp,to limp,跛行,VERB,B2
counter-technique,counter-technique,反术,NOUN,B2
among them,among them,其中,PRON,B2
tiling,tiling,铺瓷砖,NOUN,B2
sophism,sophism,诡辩,NOUN,B2
elegy,elegy,挽歌,NOUN,B2
to cannot bear,to cannot bear,不堪,VERB,B2
much,much,多,DET,B2
to use crutches,to use crutches,拄拐,VERB,B2
semiotics,semiotics,符号学,NOUN,B2
trans-matter,trans-matter,超物,NOUN,B2
universal applicability,universal applicability,普适性,NOUN,B2
counter-route,counter-route,反途,NOUN,B2
swordless,swordless,剑不,NOUN,B2
toothache,toothache,牙痛,NOUN,B2
anti-generality,anti-generality,反般,NOUN,B2
matching,matching,配套,ADJ,B2
do not use,do not use,别用,NOUN,B2
re-boundary,re-boundary,重界,NOUN,B2
nazi,nazi,纳粹分子,NOUN,B2
compensatory leave,compensatory leave,调休,NOUN,B2
accelerator,accelerator,油门,NOUN,B2
reversion,reversion,重归,NOUN,B2
aggression,aggression,侵略,NOUN,B2
haggling,haggling,计较,NOUN,B2
to neigh,to neigh,嘶鸣,VERB,B2
tunic,tunic,束腰外衣,NOUN,B2
rear part,rear part,后部,NOUN,B2
to suture,to suture,缝合,VERB,B2
to pay respects,to pay respects,参见,VERB,B2
final stage,final stage,末期,NOUN,B2
thinness,thinness,瘦,NOUN,B2
uncooled,uncooled,未寒,NOUN,B2
re-meaning,re-meaning,再义,NOUN,B2
witness testimony,witness testimony,人证,NOUN,B2
wiper,wiper,雨刷,NOUN,B2
in wind,in wind,临风,NOUN,B2
then you,then you,那你,PRON,B2
non-trace,non-trace,非迹,NOUN,B2
establishment,establishment,机构,NOUN,B2
modified effect,modified effect,改效,NOUN,B2
reshaping,reshaping,改形,NOUN,B2
non-merit,non-merit,非功,NOUN,B2
dowry,dowry,嫁妆,NOUN,B2
service road,service road,辅路,NOUN,B2
to sort,to sort,分类,VERB,B2
to work hard for sth to strive for success,to work hard for sth to strive for success,争气,VERB,B2
make mistake,make mistake,犯错,NOUN,B2
contradictory,contradictory,矛盾的,ADJ,B2
sound of activity,sound of activity,动静,NOUN,B2
checkout,checkout,收银台,NOUN,B2
re-battle,re-battle,重战,NOUN,B2
heavy knot,heavy knot,重结,NOUN,B2
preaching,preaching,劝诫,NOUN,B2
video disc,video disc,影碟,NOUN,B2
mother's reassurance,mother's reassurance,娘放心,NOUN,B2
to want to need will,to want to need will,要,VERB,B2
to amount to,to amount to,总计,VERB,B2
progress report,progress report,进度报告,NOUN,B2
savior,savior,救星,NOUN,B2
decadent,decadent,颓废,ADJ,B2
turn signal,turn signal,转向灯,NOUN,B2
to stabilize,to stabilize,使稳定,VERB,B2
obsessed,obsessed,着迷的,ADJ,B2
contrary intention,contrary intention,反意,NOUN,B2
week number,week number,周次,NOUN,B2
super-system,super-system,超制,NOUN,B2
these three,these three,这三,NOUN,B2
reply to your-highness,reply to your-highness,回殿下,NOUN,B2
anti-war,anti-war,反战,NOUN,B2
non-state,non-state,非态,NOUN,B2
first merit,first merit,首功,NOUN,B2
to in spite of,to in spite of,不顾,VERB,B2
reuse,reuse,重用,NOUN,B2
hehe,hehe,嘿嘿,INTJ,B2
expulsion,expulsion,驱逐,NOUN,B2
to help assistance,to help assistance,帮助,VERB,B2
repeated,repeated,反复的,ADJ,B2
not allowed,not allowed,不准,ADJ,B2
coaxing,coaxing,哄得,NOUN,B2
to trouble,to trouble,有劳,VERB,B2
hyper-use,hyper-use,超用,NOUN,B2
to be brave,to be brave,勇善,VERB,B2
should not,should not,不该,AUX,B2
affair hall,affair hall,事殿,NOUN,B2
prolixity,prolixity,冗长,NOUN,B2
in love,in love,恋爱中的,ADJ,B2
trans-guest,trans-guest,超客,NOUN,B2
papaya,papaya,木瓜,NOUN,B2
propriety,propriety,分寸,NOUN,B2
studies,studies,学业,NOUN,B2
rabbi,rabbi,拉比,NOUN,B2
non-evidence,non-evidence,非据,NOUN,B2
tacitly,tacitly,默不作声地,ADV,B2
exaggerated,exaggerated,夸张的,ADJ,B2
non-management,non-management,管不,NOUN,B2
to pay tax,to pay tax,纳税,VERB,B2
pomelo,pomelo,柚子,NOUN,B2
instability,instability,不稳定,NOUN,B2
to implicate,to implicate,连累,VERB,B2
to wobble,to wobble,摇晃,VERB,B2
life and death,life and death,生死,NOUN,B2
social mobilization,social mobilization,社会动员,NOUN,B2
couplet,couplet,对联,NOUN,B2
talkativeness,talkativeness,多嘴,NOUN,B2
rat-proof,rat-proof,防鼠,ADJ,B2
to belong to,to belong to,属于,VERB,B2
electronic payment,electronic payment,电子支付,NOUN,B2
debatable,debatable,有争议的,ADJ,B2
institutionalization,institutionalization,制度化,NOUN,B2
off-road vehicle,off-road vehicle,越野车,NOUN,B2
bid opening,bid opening,开标,NOUN,B2
heard beile,heard beile,听说贝勒,NOUN,B2
to be grateful,to be grateful,感激,VERB,B2
macroscopic,macroscopic,宏观的,ADJ,B2
consort,consort,福晋,NOUN,B2
military intelligence,military intelligence,军情,NOUN,B2
push luck,push luck,太得寸,NOUN,B2
inexperienced,inexperienced,生疏的,ADJ,B2
bianzhong,bianzhong,编钟,NOUN,B2
melancholy,melancholy,忧郁,ADJ,B2
monetary,monetary,金钱的,ADJ,B2
anti-abstraction,anti-abstraction,反抽,NOUN,B2
super-grade,super-grade,超级,NOUN,B2
modified model,modified model,改模,NOUN,B2
to enter city,to enter city,进城,VERB,B2
seizure,seizure,没收,NOUN,B2
replanning,replanning,再策,NOUN,B2
super-thought,super-thought,超思,NOUN,B2
snow shadow,snow shadow,雪影姐姐,NOUN,B2
to turn on,to turn on,打开,VERB,B2
flock,flock,兽群,NOUN,B2
altered mechanism,altered mechanism,改机,NOUN,B2
drifting,drifting,漂泊,NOUN,B2
certificate of merit,certificate of merit,奖状,NOUN,B2
surrealism,surrealism,超现实主义,NOUN,B2
counter-skill,counter-skill,反技,NOUN,B2
consecutive cards,consecutive cards,连牌,NOUN,B2
matching time,matching time,对时,NOUN,B2
face reading,face reading,面相,NOUN,B2
to be defeated,to be defeated,会败,VERB,B2
project assignment,project assignment,项目作业,NOUN,B2
submarine,submarine,潜水艇,NOUN,B2
to loosen,to loosen,放松,VERB,B2
police station,police station,警察局,NOUN,B2
plantation,plantation,人工林,NOUN,B2
representative,representative,有代表性的,ADJ,B2
animated film,animated film,动画片,NOUN,B2
for the sake of,for the sake of,为了,ADP,B2
yuanxiao,yuanxiao,元宵,NOUN,B2
grandeur,grandeur,宏伟,NOUN,B2
to relate to narrate,to relate to narrate,叙述,VERB,B2
to specify,to specify,具体说明,VERB,B2
window glass,window glass,窗玻璃,NOUN,B2
taste preference,taste preference,口味,NOUN,B2
jiaolong,jiaolong,娇龙,NOUN,B2
nervousness,nervousness,紧张,NOUN,B2
act jointly,act jointly,合伙,NOUN,B2
lose,lose,上丢,NOUN,B2
old person,old person,老人,NOUN,B2
barbecue,barbecue,烧烤,NOUN,B2
true concession,true concession,真让,NOUN,B2
rebuke,rebuke,责备,NOUN,B2
air defense,air defense,防空,NOUN,B2
one day,one day,一天,NUM,B2
i don't deserve your praise,i don't deserve your praise,不敢当,INTJ,B2
first capping,first capping,首加缁布冠,NOUN,B2
whole world,whole world,全世界,NOUN,B2
civilized,civilized,文明的,ADJ,B2
re-layering,re-layering,改层,NOUN,B2
playmate,playmate,玩伴,NOUN,B2
catholicism,catholicism,天主教,NOUN,B2
raven,raven,乌鸦,NOUN,B2
ballpoint pen,ballpoint pen,圆珠笔,NOUN,B2
non-belief,non-belief,非信,NOUN,B2
sports car,sports car,跑车,NOUN,B2
hiking,hiking,徒步,NOUN,B2
split,split,分裂,NOUN,B2
to breach contract,to breach contract,违约,VERB,B2
filial,filial,孝顺,ADJ,B2
to be eager for,to be eager for,巴不得,VERB,B2
my place,my place,我处,NOUN,B2
travel fatigue,travel fatigue,车马劳顿,NOUN,B2
we two,we two,我俩,PRON,B2
law enforcement,law enforcement,执法,NOUN,B2
non-model,non-model,非模,NOUN,B2
up to,up to,为止,ADP,B2
civil servant,civil servant,公务员,NOUN,B2
gigantic,gigantic,巨大的,ADJ,B2
executioner,executioner,刽子手,NOUN,B2
re-pace,re-pace,重骤,NOUN,B2
dilation,dilation,扩张,NOUN,B2
to leave out,to leave out,省略,VERB,B2
strange troops,strange troops,怪兵,NOUN,B2
to consult reference,to consult reference,参考,VERB,B2
tuna,tuna,金枪鱼,NOUN,B2
anti-omnipresence,anti-omnipresence,反遍,NOUN,B2
imperial relatives,imperial relatives,皇亲,NOUN,B2
true form,true form,原形,NOUN,B2
foundry,foundry,铸造厂,NOUN,B2
responsiveness,responsiveness,反应性,NOUN,B2
life-and-death,life-and-death,决生,NOUN,B2
july,july,七月,NOUN,B2
recurrence,recurrence,往复,NOUN,B2
self-sacrifice,self-sacrifice,舍己,NOUN,B2
to have lunch,to have lunch,吃午餐,VERB,B2
timidity,timidity,胆怯,NOUN,B2
advanced study,advanced study,深造,NOUN,B2
non-ability,non-ability,非能,NOUN,B2
to treat guests,to treat guests,请客,VERB,B2
functionality,functionality,功能性,NOUN,B2
counter-sole,counter-sole,反唯,NOUN,B2
classifier for paintings cloth etc.,classifier for paintings cloth etc.,幅,NUM,B2
reverse reflection,reverse reflection,反影,NOUN,B2
disorientation,disorientation,迷失方向,NOUN,B2
creditor's right,creditor's right,债权,NOUN,B2
to tread,to tread,踏上,VERB,B2
badly,badly,坏地,ADV,B2
secret meeting,secret meeting,密会,NOUN,B2
mountain descent,mountain descent,下山,NOUN,B2
homosexual,homosexual,同性恋的,ADJ,B2
a pair,a pair,一对,NUM,B2
conceited,conceited,自负的,ADJ,B2
falling though,falling though,虽坠,NOUN,B2
single thought,single thought,一念,NOUN,B2
silly girl,silly girl,傻丫头,NOUN,B2
non-action,non-action,非作,NOUN,B2
bid evaluation,bid evaluation,评标,NOUN,B2
for what,for what,为了什么,ADV,B2
only then,only then,才,ADV,B2
non-thought,non-thought,非念,NOUN,B2
social identity,social identity,社会身份,NOUN,B2
to change tire,to change tire,换胎,VERB,B2
accounting,accounting,会计,NOUN,B2
counter-model,counter-model,反模,NOUN,B2
supervision,supervision,监督,NOUN,B2
non-abstraction,non-abstraction,非抽,NOUN,B2
anti-measure,anti-measure,反度,NOUN,B2
to put in order,to put in order,收拾,VERB,B2
customary,customary,习惯的,ADJ,B2
weirdo,weirdo,怪人,NOUN,B2
reoperation,reoperation,再术,NOUN,B2
to defend one's country,to defend one's country,卫国,VERB,B2
buckwheat,buckwheat,荞麦,NOUN,B2
procession,procession,行列,NOUN,B2
unruffled,unruffled,从容,ADJ,B2
technocracy,technocracy,技术官僚主义,NOUN,B2
lord's words,lord's words,主说,NOUN,B2
coniferous forest,coniferous forest,针叶林,NOUN,B2
anti-action,anti-action,反作,NOUN,B2
paw,paw,爪子,NOUN,B2
tea plantation,tea plantation,茶园,NOUN,B2
current dynasty,current dynasty,当朝,NOUN,B2
to go online,to go online,上网,VERB,B2
righteous indignation,righteous indignation,义愤,NOUN,B2
to decline politely,to decline politely,婉拒,VERB,B2
counter-observation,counter-observation,反察,NOUN,B2
to roof,to roof,房顶,VERB,B2
to sigh with sorrow,to sigh with sorrow,感慨,VERB,B2
given,given,给定,NOUN,B2
wood ear mushroom,wood ear mushroom,木耳,NOUN,B2
boulder,boulder,巨石,NOUN,B2
clearly demarcated,clearly demarcated,分明,ADJ,B2
temporary refusal,temporary refusal,暂不,NOUN,B2
social trend,social trend,社会趋势,NOUN,B2
ha,ha,哈,INTJ,B2
can only,can only,只能,AUX,B2
silk cloth,silk cloth,丝绸,NOUN,B2
to run to jog,to run to jog,跑步,VERB,B2
less,less,更少,ADV,B2
tight grip,tight grip,手握紧,NOUN,B2
shortcoming,shortcoming,缺点,NOUN,B2
regarding this,regarding this,对此,ADV,B2
sowing,sowing,播种,NOUN,B2
fine skin,fine skin,细皮,NOUN,B2
counter-system,counter-system,反系,NOUN,B2
to shift to an earlier date,to shift to an earlier date,提前,VERB,B2
reverse inclusion,reverse inclusion,反纳,NOUN,B2
to think up,to think up,构思,VERB,B2
utilization,utilization,利用,NOUN,B2
dissolution,dissolution,溶解,NOUN,B2
you can,you can,您能,NOUN,B2
his departure,his departure,他走,NOUN,B2
black market,black market,黑市,NOUN,B2
waiting room,waiting room,候诊室,NOUN,B2
outhouse,outhouse,茅房,NOUN,B2
spare time,spare time,业余,NOUN,B2
pedestrian bridge,pedestrian bridge,天桥,NOUN,B2
cooling,cooling,冷却,NOUN,B2
negligible not,negligible not,不可忽视,ADJ,B2
clear knowledge,clear knowledge,明知,NOUN,B2
too much,too much,太,ADV,B2
eyewitness,eyewitness,目击,NOUN,B2
antibiotics,antibiotics,抗生素,NOUN,B2
injured,injured,受伤的,ADJ,B2
commemoration,commemoration,纪念,NOUN,B2
congratulations,congratulations,恭喜,INTJ,B2
better,better,越好,NOUN,B2
hiss,hiss,嘶嘶声,NOUN,B2
grenade,grenade,手榴弹,NOUN,B2
military,military,军队,NOUN,B2
expansive,expansive,扩张的,ADJ,B2
academic,academic,学者,NOUN,B2
lost,lost,迷失的,ADJ,B2
to date,to date,注明日期,VERB,B2
february,february,二月,NOUN,B2
divinity,divinity,神性,NOUN,B2
condescending,condescending,屈尊的,ADJ,B2
inferiority,inferiority,劣势,NOUN,B2
clandestine,clandestine,秘密的,ADJ,B2
intolerance,intolerance,不容忍,NOUN,B2
to deposit,to deposit,存放,VERB,B2
christian,christian,基督徒,NOUN,B2
indication,indication,指示,NOUN,B2
nearby,nearby,附近的,ADJ,B2
rear,rear,后面的,ADJ,B2
to condition,to condition,制约,VERB,B2
last night,last night,昨晚,ADV,B2
shady,shady,阴凉的,ADJ,B2
deformed,deformed,畸形的,ADJ,B2
striker,striker,罢工者,NOUN,B2
to daydream,to daydream,幻想,VERB,B2
minister,minister,臣,PART,B2
disputed,disputed,有争议的,ADJ,B2
to cool,to cool,冷却,VERB,B2
older,older,年长的,ADJ,B2
pop music,pop music,流行音乐,NOUN,B2
detection,detection,检测,NOUN,B2
guardianship,guardianship,监护,NOUN,B2
securitization,securitization,证券化,NOUN,B2
enchanting,enchanting,迷人的,ADJ,B2
several,several,几个,ADJ,B2
to level,to level,夷平,VERB,B2
turnip,turnip,芜菁,NOUN,B2
quote,quote,报价单,NOUN,B2
muslim,muslim,مسلم,NOUN,B2
to attribute,to attribute,归因于,VERB,B2
cupboard,cupboard,橱柜,NOUN,B2
conquest,conquest,征服,NOUN,B2
dumping,dumping,倾销,NOUN,B2
draw,draw,平局,NOUN,B2
damn,damn,该死,INTJ,B2
seventh,seventh,第七,ADJ,B2
to swarm,to swarm,分群,VERB,B2
senate,senate,参议院,NOUN,B2
open-minded,open-minded,思想开明的,ADJ,B2
unambiguous,unambiguous,明确的,ADJ,B2
hurrah,hurrah,万岁,INTJ,B2
ninth,ninth,第九,ADJ,B2
metallic,metallic,金属的,ADJ,B2
right,right,右边,ADV,B2
law firm,law firm,律师事务所,NOUN,B2
regularity,regularity,规律性,NOUN,B2
pronounced,pronounced,显著的,ADJ,B2
from where,from where,从哪里,ADV,B2
bread roll,bread roll,小圆面包,NOUN,B2
chieftain,chieftain,酋长,NOUN,B2
thunderstorm,thunderstorm,雷阵雨,NOUN,B2
become,become,成为,AUX,B2
diffuse,diffuse,模糊的,ADJ,B2
private life,private life,私生活,NOUN,B2
to switch,to switch,切换,VERB,B2
loved,loved,被爱的,ADJ,B2
refreshing,refreshing,令人清爽的,ADJ,B2
since then,since then,从那以后,ADV,B2
to empty,to empty,倒空,VERB,B2
to rinse,to rinse,冲洗,VERB,B2
to blow up,to blow up,炸毁,VERB,B2
report card,report card,成绩单,NOUN,B2
to give birth,to give birth,分娩,VERB,B2
the more,the more,越,ADV,B2
broke,broke,破产的,ADJ,B2
across,across,越过,ADV,B2
firstly,firstly,首先,ADV,B2
separated,separated,分开的,ADJ,B2
excursion,excursion,郊游,NOUN,B2
about it,about it,关于它,ADV,B2
hiding place,hiding place,藏身处,NOUN,B2
infinitive marker,infinitive marker,去,PART,B2
holidays,holidays,假期,NOUN,B2
targeted,targeted,有针对性的,ADJ,B2
wimp,wimp,懦夫,NOUN,B2
sting,sting,刺,NOUN,B2
it,it,对此,ADV,B2
guided tour,guided tour,导游,NOUN,B2
last name,last name,姓,NOUN,B2
timetable,timetable,时刻表,NOUN,B2
grid,grid,网格,NOUN,B2
cigarette butt,cigarette butt,烟头,NOUN,B2
to give as a gift,to give as a gift,赠送,VERB,B2
wage labor,wage labor,雇佣劳动,NOUN,B2
concerning,concerning,关于,ADP,B2
to go blind,to go blind,失明,VERB,B2
tasteless,tasteless,无味的,ADJ,B2
learning curve,learning curve,学习曲线,NOUN,B2
she they,she they,她,PRON,B2
sky blue,sky blue,天蓝色,ADJ,B2
christmas tree,christmas tree,圣诞树,NOUN,B2
romanian,romanian,罗马尼亚人,NOUN,B2
but rather,but rather,而是,CCONJ,B2
lord god,lord god,上帝,NOUN,B2
twitching,twitching,抽搐的,ADJ,B2
to pressurize,to pressurize,逼迫,VERB,B2
emergency doctor,emergency doctor,急诊医生,NOUN,B2
yikes,yikes,哎呀,INTJ,B2
oddball,oddball,怪人,NOUN,B2
grown,grown,长大的,ADJ,B2
theme music,theme music,主题曲,NOUN,B2
university student,university student,大学生,NOUN,B2
bodily harm,bodily harm,人身伤害,NOUN,B2
trash bag,trash bag,垃圾袋,NOUN,B2
sow,sow,母猪,NOUN,B2
in view of,in view of,鉴于,ADP,B2
to break out,to break out,爆发,VERB,B2
mortal fear,mortal fear,极度恐惧,NOUN,B2
to breathe again,to breathe again,松口气,VERB,B2
burdened,burdened,负担重的,ADJ,B2
to make sense,to make sense,讲得通,VERB,B2
sample rehearsal,sample rehearsal,样品 / 排练,NOUN,B2
to stint,to stint,吝啬,VERB,B2
city map,city map,城市地图,NOUN,B2
resident,resident,定居的,ADJ,B2
to queue,to queue,排队,VERB,B2
comma,comma,逗号,PUNCT,B2
guards,guards,警卫,NOUN,B2
semicolon,semicolon,分号,PUNCT,B2
to share divide,to share divide,分享,VERB,B2
to pick out,to pick out,挑选,VERB,B2
usual thing,usual thing,惯例,NOUN,B2
host of angels,host of angels,天使群,NOUN,B2
to anesthetize,to anesthetize,麻醉,VERB,B2
president female,president female,女总统,NOUN,B2
to switch off,to switch off,关掉,VERB,B2
investigated,investigated,被调查的,ADJ,B2
drinking glass,drinking glass,水杯,NOUN,B2
worst thing,worst thing,最坏的事,NOUN,B2
thousands,thousands,数千,NOUN,B2
to keep secret,to keep secret,隐瞒,VERB,B2
groan,groan,呻吟,NOUN,B2
so to speak,so to speak,可以说,ADV,B2
everyday life,everyday life,日常生活,NOUN,B2
vegetarian,vegetarian,素食者,NOUN,B2
hearts,hearts,心,NOUN,B2
motherfucker,motherfucker,混蛋,NOUN,B2
crap,crap,屎,NOUN,B2
thin-walled,thin-walled,隔音差的,ADJ,B2
sagittarius,sagittarius,射手座,NOUN,B2
at the,at the,在...时,ADP,B2
per,per,每,ADP,B2
to lay down,to lay down,放下,VERB,B2
to play along,to play along,配合,VERB,B2
to step in,to step in,介入,VERB,B2
to stay here,to stay here,留在这里,VERB,B2
annual wage,annual wage,年薪,NOUN,B2
that yonder,that yonder,那个,DET,B2
from it,from it,从中,ADV,B2
sacrificed,sacrificed,牺牲,ADJ,B2
serve markup,serve markup,发球/加价,NOUN,B2
chain mail,chain mail,锁子甲,NOUN,B2
agreed,agreed,一致的,ADJ,B2
helper,helper,助手,NOUN,B2
distorted image,distorted image,扭曲的形象,NOUN,B2
german class,german class,德语课,NOUN,B2
to get by,to get by,过得去,VERB,B2
of,of,之,PART,B2
willing,willing,肯,AUX,B2
pool,pool,池,PART,B2
divine,divine,如神,NOUN,B2
sir,sir,郎,PART,B2
emigration,emigration,移民,NOUN,B2
advanced,advanced,高级的,ADJ,B2
swollen,swollen,肿胀的,ADJ,B2
pathology,pathology,病理学,NOUN,B2
to have to,to have to,必须,VERB,B2
to infest,to infest,滋生,VERB,B2
emblem,emblem,徽章,NOUN,B2
dictator,dictator,独裁者,NOUN,B2
illumination,illumination,照明,NOUN,B2
to undress,to undress,脱衣,VERB,B2
congruent,congruent,一致的,ADJ,B2
to abort,to abort,流产,VERB,B2
dignitary,dignitary,高官,NOUN,B2
perplexed,perplexed,困惑的,ADJ,B2
stimulus,stimulus,刺激,NOUN,B2
grumpy,grumpy,脾气坏的,ADJ,B2
homonymy,homonymy,同音异义,NOUN,B2
redemption,redemption,救赎,NOUN,B2
witchcraft,witchcraft,巫术,NOUN,B2
to irrigate,to irrigate,灌溉,VERB,B2
to eclipse,to eclipse,使失色,VERB,B2
hepatic,hepatic,肝脏的,ADJ,B2
partial,partial,部分的,ADJ,B2
homogeneity,homogeneity,同质性,NOUN,B2
muzzle,muzzle,口套,NOUN,B2
philologist,philologist,语言学家,NOUN,B2
fidelity,fidelity,忠诚,NOUN,B2
insolvent,insolvent,无偿还能力的,ADJ,B2
free of charge,free of charge,免费,NOUN,B2
fatality,fatality,致命性,NOUN,B2
inefficiency,inefficiency,低效,NOUN,B2
to overflow,to overflow,溢出,VERB,B2
endemic,endemic,地方性的,ADJ,B2
shiver,shiver,寒战,NOUN,B2
diminutive,diminutive,指小词,NOUN,B2
laxity,laxity,松弛,NOUN,B2
balloon,balloon,气球,NOUN,B2
wear,wear,磨损,NOUN,B2
desertion,desertion,逃亡,NOUN,B2
elocution,elocution,演讲术,NOUN,B2
duplicity,duplicity,口是心非,NOUN,B2
extended,extended,广泛的,ADJ,B2
fifteen,fifteen,十五,NUM,B2
pharaoh,pharaoh,法老,NOUN,B2
fiery,fiery,热烈的,ADJ,B2
rubble,rubble,瓦砾,NOUN,B2
babysitter,babysitter,保姆,NOUN,B2
figurative,figurative,比喻的,ADJ,B2
counterfeiting,counterfeiting,伪造,NOUN,B2
erotic,erotic,色情的,ADJ,B2
counterproductive,counterproductive,适得其反的,ADJ,B2
gravely,gravely,严重地,ADV,B2
to invoke,to invoke,援引,VERB,B2
to gossip,to gossip,闲聊,VERB,B2
cognition,cognition,认知,NOUN,B2
historicity,historicity,历史性,NOUN,B2
imperfect,imperfect,不完美的,ADJ,B2
to implant,to implant,植入,VERB,B2
to spot,to spot,看见,VERB,B2
self-denial,self-denial,自我牺牲,NOUN,B2
festive,festive,节日的,ADJ,B2
greek,greek,希腊语,NOUN,B2
discernment,discernment,洞察力,NOUN,B2
tiresome,tiresome,累人的,ADJ,B2
to move away,to move away,移开,VERB,B2
snitch,snitch,告密者,NOUN,B2
hotelier,hotelier,旅馆老板,NOUN,B2
funereal,funereal,丧葬的,ADJ,B2
welcoming,welcoming,舒适的,ADJ,B2
to standardize,to standardize,标准化,VERB,B2
curative,curative,有疗效的,ADJ,B2
to plot,to plot,密谋,VERB,B2
islamic,islamic,伊斯兰的,ADJ,B2
combativeness,combativeness,好斗性,NOUN,B2
impartiality,impartiality,公正,NOUN,B2
fatuity,fatuity,愚昧,NOUN,B2
to nickname,to nickname,给...起绰号,VERB,B2
to gloss,to gloss,注释,VERB,B2
to redden,to redden,变红,VERB,B2
stratum,stratum,阶层,NOUN,B2
disloyal,disloyal,不忠的,ADJ,B2
illustration,illustration,插图,NOUN,B2
explicitly,explicitly,明确地,ADV,B2
to calm down,to calm down,使平静,VERB,B2
wintry,wintry,冬天的,ADJ,B2
flourishing,flourishing,繁荣的,ADJ,B2
favoritism,favoritism,偏袒,NOUN,B2
decal,decal,贴花,NOUN,B2
to sulk,to sulk,生闷气,VERB,B2
corollary,corollary,推论,NOUN,B2
fragmentary,fragmentary,零碎的,ADJ,B2
to ally,to ally,结盟,VERB,B2
conception,conception,概念,NOUN,B2
teaching,teaching,教学的,ADJ,B2
contingent,contingent,偶然的,ADJ,B2
deplorable,deplorable,可悲的,ADJ,B2
cynicism,cynicism,犬儒主义,NOUN,B2
inconceivable,inconceivable,不可想象的,ADJ,B2
remote control,remote control,遥控器,NOUN,B2
to tear out,to tear out,拔出,VERB,B2
trembling,trembling,颤抖的,ADJ,B2
dilatory,dilatory,拖延的,ADJ,B2
entrails,entrails,内脏,NOUN,B2
diffusion,diffusion,传播,NOUN,B2
to set aside,to set aside,移开,VERB,B2
grandiosity,grandiosity,宏伟,NOUN,B2
fallibility,fallibility,易错性,NOUN,B2
to gain weight,to gain weight,变胖,VERB,B2
to undo,to undo,解开,VERB,B2
philosophical,philosophical,哲学的,ADJ,B2
taxpayer,taxpayer,纳税人,NOUN,B2
deterioration,deterioration,恶化,NOUN,B2
undoubtedly,undoubtedly,无疑地,ADV,B2
to dissipate,to dissipate,消散,VERB,B2
long-lasting,long-lasting,持久的,ADJ,B2
disc,disc,光盘,NOUN,B2
decidedly,decidedly,坚决地,ADV,B2
complexion,complexion,肤色,NOUN,B2
physiological,physiological,生理的,ADJ,B2
ejection,ejection,喷射,NOUN,B2
imaginative,imaginative,富有想象力的,ADJ,B2
jubilation,jubilation,欢欣,NOUN,B2
inclusion,inclusion,包含,NOUN,B2
hinge,hinge,合页,NOUN,B2
to detail,to detail,详述,VERB,B2
to prop up,to prop up,支撑,VERB,B2
enumeration,enumeration,列举,NOUN,B2
gutter,gutter,路沟,NOUN,B2
fictitious,fictitious,虚构的,ADJ,B2
carefree,carefree,无忧无虑的,ADJ,B2
on purpose,on purpose,故意地,ADV,B2
inkling,inkling,预感,NOUN,B2
infidelity,infidelity,不忠,NOUN,B2
puddle,puddle,水坑,NOUN,B2
exponential,exponential,指数的,ADJ,B2
postage,postage,邮资,NOUN,B2
kiosk,kiosk,亭子,NOUN,B2
feminine,feminine,女性的,ADJ,B2
to age,to age,变老,VERB,B2
imposing,imposing,宏伟的,ADJ,B2
comparable,comparable,可比较的,ADJ,B2
cigar,cigar,雪茄,NOUN,B2
to riddle,to riddle,使布满孔洞,VERB,B2
eroticism,eroticism,色情,NOUN,B2
defective,defective,有缺陷的,ADJ,B2
hydraulic,hydraulic,液压的,ADJ,B2
parsimony,parsimony,吝啬,NOUN,B2
jurist,jurist,法学家,NOUN,B2
extract,extract,摘录,NOUN,B2
to intoxicate,to intoxicate,使中毒,VERB,B2
two-headed,two-headed,双头的,ADJ,B2
emblematic,emblematic,象征性的,ADJ,B2
devaluation,devaluation,贬值,NOUN,B2
railway,railway,铁路的,ADJ,B2
ungrateful,ungrateful,忘恩负义的,ADJ,B2
itinerary,itinerary,行程,NOUN,B2
unreality,unreality,虚幻,NOUN,B2
to inconvenience,to inconvenience,使不便,VERB,B2
to snoop,to snoop,窥探,VERB,B2
disarmament,disarmament,裁军,NOUN,B2
to harden,to harden,使经受锻炼,VERB,B2
to seat,to seat,使坐下,VERB,B2
exegete,exegete,注释家,NOUN,B2
unthinkable,unthinkable,不可想象的,ADJ,B2
cosmetic,cosmetic,化妆品的,ADJ,B2
barely,barely,几乎不,ADV,B2
seal,seal,海豹,NOUN,B2
devastating,devastating,毁灭性的,ADJ,B2
to abstract,to abstract,抽象,VERB,B2
hermit,hermit,隐士,NOUN,B2
invader,invader,入侵者,NOUN,B2
deference,deference,敬意,NOUN,B2
supplication,supplication,恳求,NOUN,B2
to spawn,to spawn,产卵,VERB,B2
latin,latin,拉丁的,ADJ,B2
generic,generic,通用的,ADJ,B2
flammable,flammable,易燃的,ADJ,B2
rebellious,rebellious,叛逆的,ADJ,B2
to trivialize,to trivialize,使平庸,VERB,B2
monarch,monarch,君主,NOUN,B2
to debut,to debut,首次亮相,VERB,B2
curly,curly,卷曲的,ADJ,B2
unfaithful,unfaithful,不忠的,ADJ,B2
casuistry,casuistry,决疑法,NOUN,B2
eccentricity,eccentricity,古怪,NOUN,B2
infirmary,infirmary,医务室,NOUN,B2
tangle,tangle,混乱,NOUN,B2
demarcation,demarcation,划界,NOUN,B2
consultative,consultative,咨询的,ADJ,B2
devilish,devilish,恶魔般的,ADJ,B2
chosen,chosen,精选的,ADJ,B2
jurisprudence,jurisprudence,法理学,NOUN,B2
councilor,councilor,市议员,NOUN,B2
sunflower,sunflower,向日葵,NOUN,B2
frieze,frieze,檐壁,NOUN,B2
nape,nape,后颈,NOUN,B2
corrosive,corrosive,腐蚀性的,ADJ,B2
paroxysm,paroxysm,发作,NOUN,B2
graphology,graphology,笔迹学,NOUN,B2
humanist,humanist,人文主义者,NOUN,B2
erudition,erudition,博学,NOUN,B2
conversion,conversion,转换,NOUN,B2
precisely,precisely,确切地; 正好,ADV,B2
manifesto,manifesto,宣言,NOUN,B2
to inflame,to inflame,使发炎,VERB,B2
to unmask,to unmask,揭穿,VERB,B2
exuberant,exuberant,繁茂的,ADJ,B2
spatial,spatial,空间的,ADJ,B2
duvet,duvet,羽绒被,NOUN,B2
time occasion,time occasion,次,NOUN,B2
to flash,to flash,闪烁,VERB,B2
unconditional,unconditional,无条件的,ADJ,B2
inquisition,inquisition,宗教裁判所,NOUN,B2
frigate,frigate,护卫舰,NOUN,B2
dissident,dissident,异见者,NOUN,B2
wooded,wooded,树木茂盛的,ADJ,B2
to bring closer,to bring closer,靠近,VERB,B2
choleric,choleric,易怒的,ADJ,B2
scrupulously,scrupulously,一丝不苟地,ADV,B2
to bristle,to bristle,使竖起,VERB,B2
dependence,dependence,依赖,NOUN,B2
yarn,yarn,纱线,NOUN,B2
co-owner,co-owner,共有人,NOUN,B2
exploration,exploration,探索,NOUN,B2
fatalism,fatalism,宿命论,NOUN,B2
inhuman,inhuman,不人道的,ADJ,B2
scandalous,scandalous,可耻的,ADJ,B2
descriptive,descriptive,描述性的,ADJ,B2
confessional,confessional,宗派的,ADJ,B2
to be moved,to be moved,感动,VERB,B2
steep,steep,陡峭的,ADJ,B2
desolation,desolation,荒凉,NOUN,B2
fragility,fragility,脆弱,NOUN,B2
to nail,to nail,钉,VERB,B2
self-taught,self-taught,自学的,ADJ,B2
to dishonor,to dishonor,使蒙羞,VERB,B2
ordinance,ordinance,条例,NOUN,B2
shamelessness,shamelessness,无耻,NOUN,B2
fortuitous,fortuitous,偶然的,ADJ,B2
gravitation,gravitation,引力,NOUN,B2
to slide,to slide,滑动,VERB,B2
to conjecture,to conjecture,猜测,VERB,B2
nomad,nomad,游牧者,NOUN,B2
epic,epic,史诗的,ADJ,B2
complement,complement,补充物,NOUN,B2
skylight,skylight,天窗,NOUN,B2
insufficiency,insufficiency,不足,NOUN,B2
evocation,evocation,唤起,NOUN,B2
proselytism,proselytism,传教,NOUN,B2
bragging,bragging,吹嘘,NOUN,B2
flagrancy,flagrancy,现行,NOUN,B2
to assault,to assault,袭击,VERB,B2
detriment,detriment,损害,NOUN,B2
to hail,to hail,下冰雹,VERB,B2
restriction,restriction,限制,NOUN,B2
impunity,impunity,逍遥法外,NOUN,B2
to impute,to impute,归咎,VERB,B2
to intercede,to intercede,调停,VERB,B2
to knit,to knit,编织,VERB,B2
conservatory,conservatory,音乐学院,NOUN,B2
deposition,deposition,证词,NOUN,B2
etymology,etymology,词源学,NOUN,B2
to incur,to incur,招致,VERB,B2
insecurity,insecurity,不安全感,NOUN,B2
commiseration,commiseration,同情,NOUN,B2
controllable,controllable,可控制的,ADJ,B2
to shelter,to shelter,庇护,VERB,B2
moving,moving,感人的,ADJ,B2
to radiate,to radiate,辐射,VERB,B2
humanitarian,humanitarian,人道主义的,ADJ,B2
to repeal,to repeal,废除,VERB,B2
reach,reach,范围,NOUN,B2
to anger,to anger,使生气,VERB,B2
conciliatory,conciliatory,调和的,ADJ,B2
generality,generality,普遍性,NOUN,B2
embolism,embolism,栓塞,NOUN,B2
incoherent,incoherent,不连贯的,ADJ,B2
lizard,lizard,蜥蜴,NOUN,B2
propeller,propeller,螺旋桨,NOUN,B2
embryo,embryo,胚胎,NOUN,B2
to crash,to crash,碰撞,VERB,B2
schematic,schematic,概要的,ADJ,B2
express,express,明确的,ADJ,B2
to rough-hew,to rough-hew,粗加工,VERB,B2
infamy,infamy,恶名,NOUN,B2
feminist,feminist,女权主义者,NOUN,B2
desirable,desirable,可取的,ADJ,B2
irritating,irritating,令人恼火的,ADJ,B2
diaphragm,diaphragm,横膈膜,NOUN,B2
failed,failed,失败的,ADJ,B2
squall,squall,骤雨,NOUN,B2
imprint,imprint,印记,NOUN,B2
stopover,stopover,中途停留,NOUN,B2
irregularity,irregularity,不规则,NOUN,B2
homily,homily,布道,NOUN,B2
looting,looting,掠夺,NOUN,B2
deceased,deceased,已故的,ADJ,B2
school,school,学校的,ADJ,B2
to expatriate,to expatriate,使移居国外,VERB,B2
daycare,daycare,托儿所,NOUN,B2
to leaf through,to leaf through,翻阅,VERB,B2
to swell,to swell,使肿胀,VERB,B2
flowery,flowery,华丽的,ADJ,B2
eminent,eminent,杰出的,ADJ,B2
cosmopolitan,cosmopolitan,世界主义的,ADJ,B2
illustrious,illustrious,著名的,ADJ,B2
to indoctrinate,to indoctrinate,灌输,VERB,B2
consecutively,consecutively,连续地,ADV,B2
carpet rug,carpet rug,地毯,NOUN,B2
to border,to border,接壤,VERB,B2
to wear out,to wear out,磨损,VERB,B2
lowest,lowest,最低的,ADJ,B2
rag,rag,破布,NOUN,B2
immovable,immovable,不可移动的,ADJ,B2
to consent,to consent,同意,VERB,B2
impotence,impotence,无力,NOUN,B2
fetish,fetish,恋物,NOUN,B2
nor,nor,也不,CCONJ,B2
to bleat,to bleat,哀叫,VERB,B2
influx,influx,涌入,NOUN,B2
to lighten,to lighten,减轻,VERB,B2
idiosyncrasy,idiosyncrasy,特质,NOUN,B2
to diverge,to diverge,分歧,VERB,B2
educational,educational,教育的,ADJ,B2
endowment,endowment,配备,NOUN,B2
inadmissible,inadmissible,不可接受的,ADJ,B2
divergence,divergence,分歧,NOUN,B2
extremist,extremist,极端主义者,NOUN,B2
floating,floating,漂浮的,ADJ,B2
enviable,enviable,令人羡慕的,ADJ,B2
to numb,to numb,使麻木,VERB,B2
to make proud,to make proud,使自豪,VERB,B2
to uproot,to uproot,根除,VERB,B2
to torment,to torment,折磨,VERB,B2
gastronomy,gastronomy,美食学,NOUN,B2
grotto,grotto,洞穴,NOUN,B2
spinning mill,spinning mill,纺纱厂,NOUN,B2
coat of arms,coat of arms,纹章,NOUN,B2
credulity,credulity,轻信,NOUN,B2
census,census,人口普查,NOUN,B2
disconsolate,disconsolate,悲痛欲绝的,ADJ,B2
self,self,自己,PRON,B2
moratorium,moratorium,暂停,NOUN,B2
insulin,insulin,胰岛素,NOUN,B2
fang,fang,犬齿,NOUN,B2
gaseous,gaseous,气态的,ADJ,B2
unlimited,unlimited,无限的,ADJ,B2
scholarship holder,scholarship holder,奖学金生,NOUN,B2
contestable,contestable,可质疑的,ADJ,B2
carbohydrate,carbohydrate,碳水化合物,NOUN,B2
gymnast,gymnast,体操运动员,NOUN,B2
calamitous,calamitous,灾难性的,ADJ,B2
to distill,to distill,蒸馏,VERB,B2
to spy,to spy,监视,VERB,B2
to idealize,to idealize,理想化,VERB,B2
congenital,congenital,先天的,ADJ,B2
farmstead,farmstead,农庄,NOUN,B2
mistreatment,mistreatment,虐待,NOUN,B2
didactic,didactic,教学的,ADJ,B2
motionless,motionless,静止的,ADJ,B2
insensitive,insensitive,麻木的,ADJ,B2
cashier,cashier,出纳员,NOUN,B2
sorcerer,sorcerer,巫师,NOUN,B2
gangrene,gangrene,坏疽,NOUN,B2
superstitious,superstitious,迷信的,ADJ,B2
cavity,cavity,腔,NOUN,B2
finnish,finnish,芬兰的,ADJ,B2
unharmed,unharmed,未受伤的,ADJ,B2
to sadden,to sadden,使悲伤,VERB,B2
fellow citizen,fellow citizen,同胞,NOUN,B2
disproportion,disproportion,不成比例,NOUN,B2
junk,junk,破烂货,NOUN,B2
to ironize,to ironize,讽刺,VERB,B2
to swing,to swing,荡秋千,VERB,B2
cognitive,cognitive,认知的,ADJ,B2
heterogeneity,heterogeneity,异质性,NOUN,B2
frozen,frozen,冻僵的,ADJ,B2
consanguinity,consanguinity,血缘,NOUN,B2
to instill,to instill,灌输,VERB,B2
duchess,duchess,公爵夫人,NOUN,B2
condescension,condescension,屈尊,NOUN,B2
blessed,blessed,受祝福的,ADJ,B2
circumspect,circumspect,谨慎的,ADJ,B2
incorrect,incorrect,不正确的,ADJ,B2
to camouflage,to camouflage,伪装,VERB,B2
magistrate,magistrate,法官,NOUN,B2
to narrow,to narrow,使变窄,VERB,B2
hundred,hundred,一百,NOUN,B2
to stammer,to stammer,结巴,VERB,B2
comic strip,comic strip,连环画,NOUN,B2
coproduction,coproduction,联合制作,NOUN,B2
gardening,gardening,园艺,NOUN,B2
show,show,表演,NOUN,B2
on top,on top,在上面,ADV,B2
doubtful,doubtful,可疑的,ADJ,B2
clemency,clemency,仁慈,NOUN,B2
apostate,apostate,叛教者,NOUN,B2
to desert,to desert,擅离职守,VERB,B2
jewelry store,jewelry store,珠宝店,NOUN,B2
cistern,cistern,蓄水池,NOUN,B2
to parade,to parade,游行,VERB,B2
gruff,gruff,阴沉的,ADJ,B2
hypertrophy,hypertrophy,肥大,NOUN,B2
novelty,novelty,新奇事物,NOUN,B2
to overstep,to overstep,越权,VERB,B2
instantaneous,instantaneous,瞬间的,ADJ,B2
to sponsor,to sponsor,赞助,VERB,B2
disagreeing,disagreeing,不同意的,ADJ,B2
manufacture,manufacture,制造,NOUN,B2
to delight,to delight,使高兴,VERB,B2
inhibition,inhibition,抑制,NOUN,B2
cardboard,cardboard,硬纸板,NOUN,B2
diabolical,diabolical,恶魔般的,ADJ,B2
guild,guild,行会,NOUN,B2
to group,to group,分组,VERB,B2
depravity,depravity,堕落,NOUN,B2
incidence,incidence,发生率,NOUN,B2
stabilization,stabilization,稳定化,NOUN,B2
cardinal,cardinal,枢机主教,NOUN,B2
hydrocarbon,hydrocarbon,碳氢化合物,NOUN,B2
drool,drool,口水,NOUN,B2
circumlocution,circumlocution,迂回说法,NOUN,B2
puff,puff,一口烟,NOUN,B2
gerontocracy,gerontocracy,老人政治,NOUN,B2
fascism,fascism,法西斯主义,NOUN,B2
to strike down,to strike down,击倒,VERB,B2
hedonism,hedonism,享乐主义,NOUN,B2
to plug in,to plug in,插入,VERB,B2
languor,languor,倦怠,NOUN,B2
to sketch,to sketch,勾勒,VERB,B2
indiscretion,indiscretion,轻率,NOUN,B2
to access,to access,进入,VERB,B2
to oust,to oust,推翻,VERB,B2
him her,him her,他/她,PRON,B2
reticent,reticent,沉默寡言的,ADJ,B2
offspring,offspring,幼崽,NOUN,B2
lapse,lapse,疏忽,NOUN,B2
holocaust,holocaust,浩劫,NOUN,B2
immodesty,immodesty,不贞,NOUN,B2
to insinuate,to insinuate,暗示,VERB,B2
canonical,canonical,规范的,ADJ,B2
frugality,frugality,节俭,NOUN,B2
marine,marine,海洋的,ADJ,B2
formulation,formulation,配方,NOUN,B2
ellipsis,ellipsis,省略,NOUN,B2
to skin,to skin,剥皮,VERB,B2
to gray,to gray,变白,VERB,B2
gravid,gravid,怀孕的,ADJ,B2
intolerant,intolerant,不容忍的,ADJ,B2
stampede,stampede,溃逃,NOUN,B2
exculpation,exculpation,开脱,NOUN,B2
copious,copious,丰富的,ADJ,B2
to meddle,to meddle,干涉,VERB,B2
hooligan,hooligan,流氓,NOUN,B2
colossal,colossal,巨大的,ADJ,B2
to plunder,to plunder,掠夺,VERB,B2
to mutiny,to mutiny,煽动叛乱,VERB,B2
conic,conic,圆锥曲线,NOUN,B2
centipede,centipede,蜈蚣,NOUN,B2
falconry,falconry,猎鹰术,NOUN,B2
babble,babble,结巴,NOUN,B2
informative,informative,提供信息的,ADJ,B2
unbridled,unbridled,肆无忌惮的,ADJ,B2
wharf,wharf,码头,NOUN,B2
inflection,inflection,词尾,NOUN,B2
to idolize,to idolize,崇拜,VERB,B2
flaccid,flaccid,松弛的,ADJ,B2
revelry,revelry,狂欢,NOUN,B2
generatrix,generatrix,母线,NOUN,B2
shameless person,shameless person,厚颜无耻的人,NOUN,B2
set of ideals,set of ideals,思想体系,NOUN,B2
collusion,collusion,串通,NOUN,B2
involuntary,involuntary,无意识的,ADJ,B2
slender,slender,纤细的,ADJ,B2
emulation,emulation,模仿,NOUN,B2
illogical,illogical,不合逻辑的,ADJ,B2
varnish,varnish,清漆,NOUN,B2
suicidal,suicidal,自杀的,ADJ,B2
doctrinaire,doctrinaire,教条主义的,ADJ,B2
to harmonize,to harmonize,使和谐,VERB,B2
to skein,to skein,绕成线团,VERB,B2
to skewer,to skewer,串起,VERB,B2
fanatic,fanatic,狂热的,ADJ,B2
fruit tree,fruit tree,果树的,ADJ,B2
to guillotine,to guillotine,斩首,VERB,B2
to thrill,to thrill,使兴奋,VERB,B2
insinuation,insinuation,暗示,NOUN,B2
cove,cove,小海湾,NOUN,B2
to go deep into,to go deep into,深入,VERB,B2
contiguous,contiguous,相邻的,ADJ,B2
celerity,celerity,迅速,NOUN,B2
empirically,empirically,凭经验地,ADV,B2
slenderness,slenderness,纤细,NOUN,B2
to spirit away,to spirit away,变走,VERB,B2
inclement,inclement,严酷的,ADJ,B2
to release from prison,to release from prison,释放,VERB,B2
galician,galician,加利西亚的,ADJ,B2
horoscope,horoscope,星座运势,NOUN,B2
squid,squid,鱿鱼,NOUN,B2
epithet,epithet,绰号,NOUN,B2
furtive,furtive,鬼鬼祟祟的,ADJ,B2
to be unaware,to be unaware,不知道,VERB,B2
condemned,condemned,被定罪的,ADJ,B2
to apostatize,to apostatize,叛教,VERB,B2
charitable,charitable,慈善的,ADJ,B2
sparrowhawk,sparrowhawk,雀鹰,NOUN,B2
countercurrent,countercurrent,逆流,NOUN,B2
confidant,confidant,知己,NOUN,B2
fortune teller,fortune teller,占卜者,NOUN,B2
deteriorated,deteriorated,恶化的,ADJ,B2
tickle,tickle,发痒,NOUN,B2
scythe,scythe,镰刀,NOUN,B2
spatula,spatula,刮刀,NOUN,B2
governability,governability,可治理性,NOUN,B2
to humanize,to humanize,使人性化,VERB,B2
idiot,idiot,傻瓜,ADJ,B2
to turn off extinguish,to turn off extinguish,关闭/熄灭,VERB,B2
musk,musk,麝香,NOUN,B2
to espy,to espy,窥探,VERB,B2
justness,justness,公正,NOUN,B2
narrowing,narrowing,变窄,NOUN,B2
quotable,quotable,可估价的,ADJ,B2
scandinavian,scandinavian,斯堪的纳维亚的,ADJ,B2
hide-and-seek,hide-and-seek,捉迷藏,NOUN,B2
disorganization,disorganization,无组织,NOUN,B2
herbaceous,herbaceous,草本的,ADJ,B2
incongruity,incongruity,不协调,NOUN,B2
leafy,leafy,枝叶茂密的,ADJ,B2
wild beast,wild beast,猛兽,NOUN,B2
grotesque,grotesque,怪诞的,ADJ,B2
disloyalty,disloyalty,不忠,NOUN,B2
to vent,to vent,倾诉,VERB,B2
confinement,confinement,禁闭,NOUN,B2
pharisee,pharisee,法利赛人,NOUN,B2
gatekeeper,gatekeeper,道口看守员,NOUN,B2
disheveled,disheveled,蓬乱的,ADJ,B2
inflamed,inflamed,激烈的,ADJ,B2
widening,widening,加宽,NOUN,B2
disenchantment,disenchantment,幻灭,NOUN,B2
equestrian,equestrian,马术的,ADJ,B2
long-distance runner,long-distance runner,长跑运动员,NOUN,B2
excavator,excavator,挖掘机,NOUN,B2
winding,winding,蜿蜒的,ADJ,B2
delirious,delirious,谵妄的,ADJ,B2
to splint,to splint,用夹板固定,VERB,B2
to put on track,to put on track,使走上正轨,VERB,B2
epitaph,epitaph,墓志铭,NOUN,B2
untidiness,untidiness,凌乱,NOUN,B2
cattle rancher,cattle rancher,牧场主,NOUN,B2
to handcuff,to handcuff,给…戴手铐,VERB,B2
every other sunday,every other sunday,每隔一周的星期日,NOUN,B2
to guess right,to guess right,猜中,VERB,B2
horrified,horrified,惊骇的,ADJ,B2
brute,brute,粗野的,ADJ,B2
conformist,conformist,墨守成规者,NOUN,B2
to fail to fulfill,to fail to fulfill,未履行,VERB,B2
egalitarian,egalitarian,平等主义的,ADJ,B2
tackling,tackling,马具,NOUN,B2
duet,duet,二重奏,NOUN,B2
concordat,concordat,政教协定,NOUN,B2
hygienic,hygienic,卫生的,ADJ,B2
compendium,compendium,纲要,NOUN,B2
expeditious,expeditious,迅速的,ADJ,B2
countenance,countenance,面容,NOUN,B2
to go numb,to go numb,麻木,VERB,B2
gamete,gamete,配子,NOUN,B2
devourer,devourer,吞噬者,NOUN,B2
out of place,out of place,格格不入的,ADJ,B2
exalted,exalted,狂热的,ADJ,B2
discredit,discredit,丧失信誉,NOUN,B2
alien,alien,外星人的,ADJ,B2
reclamation,reclamation,收复,NOUN,B2
disadvantageous,disadvantageous,不利的,ADJ,B2
flat-nosed,flat-nosed,扁鼻子的,ADJ,B2
home-loving,home-loving,顾家的,ADJ,B2
to powder,to powder,撒粉,VERB,B2
concordance,concordance,一致,NOUN,B2
to unbutton,to unbutton,解开纽扣,VERB,B2
disquisition,disquisition,论述,NOUN,B2
fractional,fractional,分数的,ADJ,B2
to lead astray,to lead astray,使入歧途,VERB,B2
to crowd together,to crowd together,挤在一起,VERB,B2
foliage,foliage,枝叶,NOUN,B2
curator,curator,策展人,NOUN,B2
seaplane,seaplane,水上飞机,NOUN,B2
excitability,excitability,兴奋性,NOUN,B2
to ascend to promote,to ascend to promote,上升 / 晋升,VERB,B2
indistinct,indistinct,模糊的,ADJ,B2
land register,land register,地籍,NOUN,B2
grandiloquent,grandiloquent,夸张的,ADJ,B2
ferret,ferret,雪貂,NOUN,B2
chinese language,chinese language,华文,NOUN,B2
existing,existing,现有的,ADJ,B2
tenth,tenth,第十,ADJ,B2
asian,asian,亚洲的,ADJ,B2
elsewhere,elsewhere,别处,ADV,B2
western,western,西方的,ADJ,B2
simultaneously,simultaneously,同时地,ADV,B2
police officer,police officer,警察,NOUN,B2
intensive,intensive,强化的,ADJ,B2
october,october,十月,NOUN,B2
democrat,democrat,民主主义者,NOUN,B2
january,january,一月,NOUN,B2
to sharpen,to sharpen,磨快,VERB,B2
to light,to light,照亮,VERB,B2
southern,southern,南方的,ADJ,B2
barrel,barrel,桶,NOUN,B2
to unload,to unload,卸货,VERB,B2
alternative,alternative,替代的,ADJ,B2
metropolis,metropolis,大都市,NOUN,B2
shooter,shooter,射手,NOUN,B2
eighth,eighth,第八,ADJ,B2
frightening,frightening,令人恐惧的,ADJ,B2
conceivable,conceivable,可设想的,ADJ,B2
villainy,villainy,邪恶,NOUN,B2
delighted,delighted,高兴的,ADJ,B2
recognizable,recognizable,可辨认的,ADJ,B2
to camp,to camp,露营,VERB,B2
artillery,artillery,炮兵,NOUN,B2
metaphorical,metaphorical,隐喻的,ADJ,B2
alcoholic,alcoholic,酒精的,ADJ,B2
technically,technically,技术上地,ADV,B2
reunification,reunification,重新统一,NOUN,B2
to perfect,to perfect,精修,VERB,B2
to position,to position,定位 / 安置,VERB,B2
pornography,pornography,色情,NOUN,B2
turkey,turkey,火鸡,NOUN,B2
to load charge,to load charge,装载,VERB,B2
to program,to program,编程,VERB,B2
brutality,brutality,残暴,NOUN,B2
swedish,swedish,瑞典语,NOUN,B2
mobility,mobility,流动性,NOUN,B2
literal,literal,字面的,ADJ,B2
mythical,mythical,神话般的,ADJ,B2
paternal,paternal,父亲的,ADJ,B2
canadian,canadian,加拿大的,ADJ,B2
superiority,superiority,优越性/优势,NOUN,B2
heavily,heavily,沉重地,ADV,B2
minimal,minimal,微小的,ADJ,B2
olympic,olympic,奥林匹克的,ADJ,B2
marble,marble,大理石,NOUN,B2
remarkably,remarkably,显著地,ADV,B2
sulfur,sulfur,硫,NOUN,B2
stroller,stroller,婴儿车,NOUN,B2
to skim,to skim,轻触,VERB,B2
to wedge,to wedge,卡住,VERB,B2
regulatory,regulatory,监管的,ADJ,B2
triggering,triggering,触发,NOUN,B2
partially,partially,部分地,ADV,B2
implicitly,implicitly,含蓄地,ADV,B2
intentionally,intentionally,故意地,ADV,B2
corporal,corporal,下士,NOUN,B2
therapist,therapist,治疗师,NOUN,B2
to privatize,to privatize,私有化,VERB,B2
turkish,turkish,土耳其的,ADJ,B2
located,located,位于,ADJ,B2
warmly,warmly,热情地,ADV,B2
scientifically,scientifically,科学地,ADV,B2
self-employed person,self-employed person,个体经营者,NOUN,B2
administrator,administrator,管理员,NOUN,B2
to neutralize,to neutralize,中和,VERB,B2
categorical,categorical,绝对的,ADJ,B2
catholic,catholic,天主教的,ADJ,B2
decorative,decorative,装饰性的,ADJ,B2
mitten,mitten,连指手套,NOUN,B2
rehabilitation,rehabilitation,康复,NOUN,B2
infantry,infantry,步兵,NOUN,B2
to trace,to trace,描绘；标出,VERB,B2
meteorological,meteorological,气象的,ADJ,B2
effectively,effectively,有效地,ADV,B2
wisely,wisely,明智地,ADV,B2
massively,massively,大量地,ADV,B2
to move touch,to move touch,使感动,VERB,B2
to prioritize,to prioritize,优先考虑,VERB,B2
gifted,gifted,有天赋的,ADJ,B2
water heater,water heater,热水器,NOUN,B2
overview,overview,概览,NOUN,B2
boxer,boxer,拳击手,NOUN,B2
pedantry,pedantry,迂腐,NOUN,B2
socialization,socialization,社会化,NOUN,B2
that one,that one,那个,PRON,B2
muscle ache,muscle ache,肌肉酸痛,NOUN,B2
belgian,belgian,比利时的,ADJ,B2
polish,polish,波兰的,ADJ,B2
symbolic,symbolic,象征的,ADJ,B2
to arm,to arm,武装,VERB,B2
lyrical,lyrical,抒情的,ADJ,B2
picturesque,picturesque,如画的；别致的,ADJ,B2
their,their,他们的,DET,B2
to wring,to wring,拧干,VERB,B2
to back up,to back up,后退,VERB,B2
revolt,revolt,叛乱,NOUN,B2
metric,metric,公制的,ADJ,B2
ashtray,ashtray,烟灰缸,NOUN,B2
politically,politically,在政治上,ADV,B2
cyclist,cyclist,骑自行车的人,NOUN,B2
competitive,competitive,竞争的,ADJ,B2
indoctrination,indoctrination,灌输,NOUN,B2
adjustment,adjustment,调节,NOUN,B2
tax authorities,tax authorities,税务机关,NOUN,B2
press release,press release,公报,NOUN,B2
concerned,concerned,担忧的,ADJ,B2
to experiment,to experiment,实验,VERB,B2
to title,to title,命名,VERB,B2
mosquito net,mosquito net,蚊帐,NOUN,B2
break-in,break-in,非法侵入,NOUN,B2
campsite,campsite,露营地,NOUN,B2
by chance,by chance,偶然地,ADV,B2
listener,listener,听众,NOUN,B2
mechanical,mechanical,机械的,ADJ,B2
hanging,hanging,绞刑,NOUN,B2
dying,dying,垂死的,ADJ,B2
entropy,entropy,熵,NOUN,B2
prestigious,prestigious,有声望的,ADJ,B2
to benefit,to benefit,受益,VERB,B2
to lower,to lower,降低,VERB,B2
physically,physically,身体上地,ADV,B2
generously,generously,慷慨地,ADV,B2
political party,political party,政党,NOUN,B2
presumably,presumably,据推测,ADV,B2
rodent,rodent,啮齿动物,NOUN,B2
universal,universal,普遍的,ADJ,B2
precision,precision,精确,NOUN,B2
english-speaking,english-speaking,讲英语的,ADJ,B2
seated,seated,坐着的,ADJ,B2
about,about,大约,ADV,B2
to appear to seem,to appear to seem,出现/显得,VERB,B2
thematic,thematic,主题的,ADJ,B2
prophet,prophet,先知,NOUN,B2
childbirth,childbirth,分娩,NOUN,B2
counterargument,counterargument,反论点,NOUN,B2
premeditation,premeditation,预谋,NOUN,B2
profitability,profitability,盈利能力,NOUN,B2
stripe,stripe,条纹,NOUN,B2
theological,theological,神学的,ADJ,B2
parliamentary,parliamentary,议会的/议员,ADJ,B2
hold,hold,控制,NOUN,B2
broadcaster,broadcaster,广播公司,NOUN,B2
uniform,uniform,制服,NOUN,B2
theatrical,theatrical,戏剧的,ADJ,B2
to build up,to build up,构建,VERB,B2
instructive,instructive,有教育意义的,ADJ,B2
baton,baton,警棍,NOUN,B2
fussy,fussy,挑剔的,ADJ,B2
to post,to post,张贴,VERB,B2
advent,advent,到来,NOUN,B2
to result,to result,产生,VERB,B2
town hall,town hall,市政厅,NOUN,B2
lay,lay,叙事短诗,NOUN,B2
wording,wording,措辞,NOUN,B2
hood,hood,兜帽,NOUN,B2
admirer,admirer,仰慕者,NOUN,B2
to indict,to indict,控告,VERB,B2
minority,minority,少数派的,ADJ,B2
tv,tv,电视,NOUN,B2
to relaunch,to relaunch,重启,VERB,B2
to draw up,to draw up,起草,VERB,B2
distributor,distributor,分销商,NOUN,B2
to strip,to strip,裸露,VERB,B2
to project,to project,投射,VERB,B2
industrialization,industrialization,工业化,NOUN,B2
subconscious,subconscious,潜意识,NOUN,B2
to have at one's disposal,to have at one's disposal,拥有/处置,VERB,B2
general practitioner,general practitioner,全科医生,NOUN,B2
to crash into,to crash into,撞击,VERB,B2
to alert,to alert,警告,VERB,B2
symmetrical,symmetrical,对称的,ADJ,B2
of which,of which,关于哪个,PRON,B2
monstrous,monstrous,怪异的,ADJ,B2
damages,damages,损害赔偿,NOUN,B2
soda,soda,苏打,NOUN,B2
navel,navel,肚脐,NOUN,B2
to put back,to put back,放回,VERB,B2
condom,condom,避孕套,NOUN,B2
relocation,relocation,搬家,NOUN,B2
asphalt,asphalt,沥青,NOUN,B2
sailor,sailor,水手,NOUN,B2
mentally,mentally,精神上地,ADV,B2
decor,decor,布景,NOUN,B2
ribbon,ribbon,丝带,NOUN,B2
narrow-minded,narrow-minded,狭隘的,ADJ,B2
draftsman,draftsman,绘图员,NOUN,B2
cylindrical,cylindrical,圆柱形的,ADJ,B2
specifically,specifically,具体地,ADV,B2
pajamas,pajamas,睡衣,NOUN,B2
weakening,weakening,减弱,NOUN,B2
x-ray,x-ray,X光片,NOUN,B2
wig,wig,假发,NOUN,B2
torso,torso,躯干,NOUN,B2
tablet,tablet,平板电脑,NOUN,B2
considerably,considerably,相当地,ADV,B2
to lengthen,to lengthen,延长,VERB,B2
sexually,sexually,在性方面,ADV,B2
to move house,to move house,搬家,VERB,B2
carefully,carefully,仔细地,ADV,B2
to minimize,to minimize,最小化,VERB,B2
to recreate,to recreate,重建,VERB,B2
to infuse,to infuse,泡制,VERB,B2
to snow,to snow,下雪,VERB,B2
psychopath,psychopath,精神变态者,NOUN,B2
masonry,masonry,砌体,NOUN,B2
trapdoor,trapdoor,活板门,NOUN,B2
not subject to limitation,not subject to limitation,不受时效限制的,ADJ,B2
separately,separately,分开地，单独地,ADV,B2
tv movie,tv movie,电视电影,NOUN,B2
to prosper,to prosper,繁荣,VERB,B2
paper clip,paper clip,回形针,NOUN,B2
granny,granny,奶奶,NOUN,B2
overdraft,overdraft,透支,NOUN,B2
neonatal,neonatal,新生儿的,ADJ,B2
bicameral,bicameral,两院制的,ADJ,B2
to break into,to break into,撬开,VERB,B2
to gratinate,to gratinate,烤成焦皮,VERB,B2
preferable,preferable,更可取的,ADJ,B2
speculator,speculator,投机者,NOUN,B2
braggadocio,braggadocio,吹牛,NOUN,B2
facies,facies,面貌,NOUN,B2
gently,gently,轻轻地,ADV,B2
mascot,mascot,吉祥物,NOUN,B2
philippic,philippic,猛烈的抨击,NOUN,B2
deeply moving,deeply moving,令人感动的,ADJ,B2
to meditate,to meditate,沉思,VERB,B2
painstakingly,painstakingly,细致地,ADV,B2
to purge,to purge,清除,VERB,B2
catachresis,catachresis,词语误用,NOUN,B2
renunciation,renunciation,放弃,NOUN,B2
iatrogenic,iatrogenic,医源性的,ADJ,B2
vaccine-related,vaccine-related,疫苗的,ADJ,B2
punctually occasionally,punctually occasionally,准时地 / 偶尔地,ADV,B2
to slaughter shoot down,to slaughter shoot down,屠宰/击落,VERB,B2
prophylaxis,prophylaxis,预防,NOUN,B2
resumption,resumption,恢复,NOUN,B2
anaphora,anaphora,首语重复修辞,NOUN,B2
aphasia,aphasia,失语症,NOUN,B2
delicately,delicately,巧妙地,ADV,B2
taxable,taxable,应纳税的,ADJ,B2
to start again,to start again,重新开始,VERB,B2
remote work,remote work,远程办公,NOUN,B2
feature film,feature film,故事片,NOUN,B2
except for,except for,除了,ADP,B2
relentlessness,relentlessness,不懈 / 猛烈,NOUN,B2
personalized,personalized,个性化的,ADJ,B2
pantheon,pantheon,先贤祠,NOUN,B2
meticulously,meticulously,一丝不苟地,ADV,B2
supporting document,supporting document,证明文件,NOUN,B2
landmark reference point,landmark reference point,标记 / 参考点,NOUN,B2
trusting,trusting,信任的,ADJ,B2
locality,locality,地点,NOUN,B2
decontamination,decontamination,去污,NOUN,B2
hemp,hemp,大麻,NOUN,B2
know-how,know-how,诀窍,NOUN,B2
closing argument,closing argument,辩护词,NOUN,B2
split secession,split secession,分裂,NOUN,B2
hesitant,hesitant,犹豫的,ADJ,B2
contaminated,contaminated,受污染的,ADJ,B2
to buy back,to buy back,赎回,VERB,B2
balm,balm,香脂,NOUN,B2
to renounce to disown,to renounce to disown,否认 / 抛弃,VERB,B2
respite,respite,喘息,NOUN,B2
slowdown,slowdown,减速,NOUN,B2
lucidity,lucidity,清醒 / 明晰,NOUN,B2
syllable,syllable,音节,NOUN,B2
sanitation,sanitation,卫生,NOUN,B2
outcome ending,outcome ending,结局，解决,NOUN,B2
to plane,to plane,刨,VERB,B2
touchy,touchy,易怒的,ADJ,B2
theologian,theologian,神学家,NOUN,B2
public holiday,public holiday,公共假日,ADJ,B2
historically,historically,历史上,ADV,B2
screenwriter,screenwriter,编剧,NOUN,B2
quiddity,quiddity,本质,NOUN,B2
tenor,tenor,男高音,NOUN,B2
precarization,precarization,不稳定化,NOUN,B2
to recharge,to recharge,充电,VERB,B2
factoring,factoring,保理,NOUN,B2
grumbler,grumbler,爱抱怨的人,NOUN,B2
tax exemption,tax exemption,免税,NOUN,B2
to reopen,to reopen,重新开放,VERB,B2
bailiff,bailiff,法警,NOUN,B2
fit,fit,适合的,ADJ,B2
to chain to link together,to chain to link together,用链条锁住；连贯,VERB,B2
peritoneum,peritoneum,腹膜,NOUN,B2
e-reader,e-reader,电子阅读器,NOUN,B2
deleveraging,deleveraging,去杠杆化,NOUN,B2
damaging,damaging,有害的,ADJ,B2
to rally,to rally,团结,VERB,B2
ataxia,ataxia,共济失调,NOUN,B2
larva,larva,幼虫,NOUN,B2
lymphatic,lymphatic,淋巴的,ADJ,B2
perceptibly,perceptibly,明显地,ADV,B2
independently,independently,独立地,ADV,B2
obtaining,obtaining,获得,NOUN,B2
rain shower,rain shower,阵雨,NOUN,B2
financing funding,financing funding,融资,NOUN,B2
to make heavier,to make heavier,加重,VERB,B2
to generate engender,to generate engender,产生,VERB,B2
psychoanalysis,psychoanalysis,精神分析,NOUN,B2
formally,formally,正式地,ADV,B2
to hail inspect,to hail inspect,盘查,VERB,B2
to worry to preoccupy,to worry to preoccupy,使担心,VERB,B2
balance sheet,balance sheet,资产负债表,NOUN,B2
implacably,implacably,毫不留情地,ADV,B2
attractiveness,attractiveness,吸引力,NOUN,B2
roadway,roadway,路面,NOUN,B2
annexation,annexation,吞并,NOUN,B2
antisemitism,antisemitism,反犹太主义,NOUN,B2
choreographer,choreographer,编舞者,NOUN,B2
prosecution service,prosecution service,检察院,NOUN,B2
bulgarian,bulgarian,保加利亚的,ADJ,B2
cooked,cooked,熟的,ADJ,B2
traditionally,traditionally,传统地,ADV,B2
probable likely,probable likely,可能的,ADJ,B2
inexorably,inexorably,不可阻挡地,ADV,B2
lubricity,lubricity,好色 / 淫荡,NOUN,B2
unforeseen,unforeseen,意外的,ADJ,B2
mash,mash,泥状食物,NOUN,B2
severely,severely,严厉地,ADV,B2
prosody,prosody,韵律学,NOUN,B2
hair bun,hair bun,发髻,NOUN,B2
tandem duo,tandem duo,双人自行车 / 搭档,NOUN,B2
flow rate,flow rate,流量,NOUN,B2
invariably,invariably,不变地,ADV,B2
to serve a route,to serve a route,为...提供交通服务,VERB,B2
pleura,pleura,胸膜,NOUN,B2
notch,notch,刻痕,NOUN,B2
capital gain,capital gain,增值,NOUN,B2
bookplate,bookplate,藏书票,NOUN,B2
jointly,jointly,共同地,ADV,B2
proliferation,proliferation,增殖,NOUN,B2
multinational,multinational,跨国公司,NOUN,B2
disdainfully,disdainfully,轻蔑地,ADV,B2
malevolence,malevolence,恶意,NOUN,B2
to praise lavishly,to praise lavishly,大肆吹捧,VERB,B2
short film,short film,短片,NOUN,B2
freely,freely,自由地,ADV,B2
obliged,obliged,被迫的,ADJ,B2
cohort,cohort,队列,NOUN,B2
pickaxe,pickaxe,镐；锄,NOUN,B2
doe,doe,雌鹿,NOUN,B2
summer visitor,summer visitor,暑期游客,NOUN,B2
to unbridle,to unbridle,解开,VERB,B2
resourceful,resourceful,机灵的,ADJ,B2
to make stupid,to make stupid,使愚蠢,VERB,B2
layperson,layperson,外行,NOUN,B2
detached house,detached house,独栋房屋,NOUN,B2
calmly,calmly,平静地,ADV,B2
pathogenic,pathogenic,致病的,ADJ,B2
gallop,gallop,疾驰,NOUN,B2
pusillanimous,pusillanimous,怯懦的,ADJ,B2
to put back to reposition,to put back to reposition,放回 / 重新定位,VERB,B2
to unearth to track down,to unearth to track down,寻觅，找到,VERB,B2
abusive,abusive,滥用的,ADJ,B2
to appal,to appal,使惊恐,VERB,B2
to fraction,to fraction,分割,VERB,B2
potentially,potentially,潜在地,ADV,B2
bodywork,bodywork,车身,NOUN,B2
notarized,notarized,经公证的,ADJ,B2
lukewarm,lukewarm,微温的,ADJ,B2
indirectly,indirectly,间接地,ADV,B2
tv viewer,tv viewer,电视观众,NOUN,B2
proportional,proportional,成比例的,ADJ,B2
legatee,legatee,受遗赠人,NOUN,B2
sexism,sexism,性别歧视,NOUN,B2
to nuance,to nuance,使具有细微差别,VERB,B2
bistro,bistro,小酒馆,NOUN,B2
release of lien,release of lien,解除扣押,NOUN,B2
irregular,irregular,不规则的,ADJ,B2
picking,picking,采摘,NOUN,B2
untouchable,untouchable,不可触碰的,ADJ,B2
litter bedding,litter bedding,垫草 / 猫砂,NOUN,B2
to fall to,to fall to,落到...身上,VERB,B2
delinquent offender,delinquent offender,违法者，不良分子,NOUN,B2
peroration,peroration,结语,NOUN,B2
to pour out,to pour out,倾诉,VERB,B2
lymph node,lymph node,淋巴结,NOUN,B2
airfield,airfield,飞机场,NOUN,B2
symphonic,symphonic,交响乐的,ADJ,B2
to chill,to chill,使冰冻,VERB,B2
penal,penal,刑事的,ADJ,B2
freshly,freshly,新鲜地,ADV,B2
moralism,moralism,道德主义,NOUN,B2
typology,typology,类型学,NOUN,B2
asphyxia,asphyxia,窒息,NOUN,B2
pitchfork,pitchfork,叉子,NOUN,B2
to subsist,to subsist,存在,VERB,B2
street interview,street interview,街头采访,NOUN,B2
food,food,食品的,ADJ,B2
apodictic,apodictic,确证的,ADJ,B2
checkbook,checkbook,支票簿,NOUN,B2
media library,media library,多媒体图书馆,NOUN,B2
carcass,carcass,骨架,NOUN,B2
currant,currant,醋栗,NOUN,B2
depressive,depressive,抑郁的，压抑的,ADJ,B2
pictorial,pictorial,绘画的,ADJ,B2
socialist,socialist,社会主义者,NOUN,B2
pursuit lawsuit,pursuit lawsuit,追求/诉讼,NOUN,B2
segregation,segregation,隔离，分离,NOUN,B2
eight-line stanza,eight-line stanza,八行诗,NOUN,B2
caterpillar,caterpillar,毛毛虫,NOUN,B2
stressful,stressful,有压力的,ADJ,B2
quashing,quashing,撤销,NOUN,B2
productivist,productivist,生产至上主义的,ADJ,B2
to push to grow,to push to grow,推/生长,VERB,B2
cordially,cordially,亲切地,ADV,B2
symptomatology,symptomatology,症状学,NOUN,B2
sincerely,sincerely,真诚地,ADV,B2
sovereigntist,sovereigntist,主权主义者,NOUN,B2
faithful loyal,faithful loyal,忠诚的,ADJ,B2
undecided indecisive,undecided indecisive,犹豫不决的,ADJ,B2
obsequiously,obsequiously,谄媚地,ADV,B2
manifestly,manifestly,明显地,ADV,B2
heroically,heroically,英勇地,ADV,B2
stage fright,stage fright,怯场,NOUN,B2
retiree,retiree,退休人员,NOUN,B2
the blues,the blues,忧郁,NOUN,B2
servilely,servilely,奴性地,ADV,B2
hostess,hostess,女服务员,NOUN,B2
obsequiousness,obsequiousness,谄媚,NOUN,B2
worrying,worrying,令人担忧的,ADJ,B2
to dirty to tarnish,to dirty to tarnish,弄脏,VERB,B2
registered mail,registered mail,挂号信,NOUN,B2
jurisconsult,jurisconsult,法学专家,NOUN,B2
parataxis,parataxis,意合,NOUN,B2
to move to pity,to move to pity,使怜悯,VERB,B2
oyster,oyster,牡蛎,NOUN,B2
purely,purely,纯粹地,ADV,B2
to resell,to resell,转售,VERB,B2
flint,flint,燧石,NOUN,B2
fawning flattery,fawning flattery,阿谀奉承,NOUN,B2
lawnmower,lawnmower,割草机,NOUN,B2
a lot,a lot,很多,ADV,B2
diagonal,diagonal,对角线,NOUN,B2
clumsiness,clumsiness,笨拙,NOUN,B2
anarchist,anarchist,无政府主义者,NOUN,B2
about sixty,about sixty,六十来个,NOUN,B2
to strike to offend,to strike to offend,撞击 / 冒犯,VERB,B2
unofficially,unofficially,非正式地,ADV,B2
marshal,marshal,元帅,NOUN,B2
customs officer,customs officer,海关官员,NOUN,B2
to maltreat,to maltreat,虐待,VERB,B2
heatwave,heatwave,热浪,NOUN,B2
magnesium,magnesium,镁,NOUN,B2
to lodge an appeal,to lodge an appeal,提出上诉,VERB,B2
pamphleteer,pamphleteer,小册子作者,NOUN,B2
generational,generational,代际的,ADJ,B2
alpine,alpine,高山的,ADJ,B2
guru,guru,精神导师,NOUN,B2
to strip bare,to strip bare,洗劫,VERB,B2
manually,manually,手动地,ADV,B2
juvenile,juvenile,青少年的,ADJ,B2
toad,toad,蟾蜍,NOUN,B2
treat,treat,盛宴,NOUN,B2
populist,populist,民粹主义者,NOUN,B2
rapper,rapper,说唱歌手,NOUN,B2
telephony,telephony,电话学,NOUN,B2
heartening,heartening,令人高兴的,ADJ,B2
agitated,agitated,焦躁的,ADJ,B2
marrow,marrow,骨髓,NOUN,B2
indiscriminately,indiscriminately,不加区别地,ADV,B2
recruiter,recruiter,招聘人员,NOUN,B2
triangular,triangular,三角形的,ADJ,B2
perfidy,perfidy,背信弃义,NOUN,B2
dementia madness,dementia madness,痴呆，疯狂,NOUN,B2
to taint,to taint,玷污,VERB,B2
case law,case law,判例法,NOUN,B2
coastal,coastal,沿海的,ADJ,B2
nationalist,nationalist,民族主义者,NOUN,B2
alternatively,alternatively,交替地,ADV,B2
setting sun,setting sun,夕阳,NOUN,B2
obstetrics,obstetrics,产科学,NOUN,B2
reproducibility,reproducibility,可重复性,NOUN,B2
consecutive,consecutive,连续的,ADJ,B2
indeterminate unspecified,indeterminate unspecified,未确定的,ADJ,B2
french-speaking,french-speaking,讲法语的,ADJ,B2
productive,productive,多产的,ADJ,B2
wrongdoer,wrongdoer,罪犯,NOUN,B2
food-processing,food-processing,食品加工的,ADJ,B2
to raise awareness,to raise awareness,提高意识,VERB,B2
to make bland,to make bland,使乏味,VERB,B2
slang,slang,俚语,NOUN,B2
practicing believer,practicing believer,信徒,NOUN,B2
anagram,anagram,字谜游戏,NOUN,B2
accordion,accordion,手风琴,NOUN,B2
trilemma,trilemma,三难困境,NOUN,B2
to weary to tire,to weary to tire,使厌倦,VERB,B2
hyperthermia,hyperthermia,体温过高,NOUN,B2
about thirty,about thirty,三十左右,NOUN,B2
droppings,droppings,粪便,NOUN,B2
laundering,laundering,洗钱,NOUN,B2
forfeiture,forfeiture,丧失,NOUN,B2
fresco,fresco,壁画,NOUN,B2
preacher,preacher,传教士,NOUN,B2
recruit,recruit,新兵,NOUN,B2
on upon,on upon,在...上,ADP,B2
polysyndeton,polysyndeton,连词叠用,NOUN,B2
patently,patently,显然地,ADV,B2
indebted,indebted,负债的,ADJ,B2
illuminator,illuminator,彩饰画家,NOUN,B2
to mast,to mast,降伏,VERB,B2
parable,parable,寓言,NOUN,B2
malaria,malaria,疟疾,NOUN,B2
to rediscover,to rediscover,重新发现,VERB,B2
great-grandfather,great-grandfather,曾祖父,NOUN,B2
to stem from,to stem from,源于,VERB,B2
to unhook,to unhook,摘下,VERB,B2
scales,scales,秤,NOUN,B2
fishing,fishing,钓鱼,NOUN,B2
bedsheet,bedsheet,床单,NOUN,B2
geriatrics,geriatrics,老年医学,NOUN,B2
computer specialist,computer specialist,计算机专家,NOUN,B2
co-ownership,co-ownership,共有产权,NOUN,B2
breathing,breathing,呼吸,NOUN,B2
dish towel,dish towel,抹布,NOUN,B2
naturalization,naturalization,入籍,NOUN,B2
momentarily,momentarily,暂时地,ADV,B2
systematically,systematically,系统地,ADV,B2
to multiply tenfold,to multiply tenfold,增至十倍,VERB,B2
cyst,cyst,囊肿,NOUN,B2
suburbs,suburbs,郊区,NOUN,B2
blender,blender,搅拌机,NOUN,B2
to tip over,to tip over,翻倒,VERB,B2
paralogism,paralogism,谬误推理,NOUN,B2
skating,skating,滑冰,NOUN,B2
boastfulness,boastfulness,吹嘘,NOUN,B2
priority,priority,优先的,ADJ,B2
footage,footage,镜头长度,NOUN,B2
oligopoly,oligopoly,寡头垄断,NOUN,B2
surplus,surplus,过剩的,ADJ,B2
similarly,similarly,同样地,ADV,B2
chauvinism,chauvinism,沙文主义,NOUN,B2
degenerative,degenerative,退化的,ADJ,B2
to commune,to commune,交融,VERB,B2
subject to the law,subject to the law,受法律管辖的,ADJ,B2
be tender,be tender,温柔的,ADJ,B2
hematoma,hematoma,血肿,NOUN,B2
artificially,artificially,人为地,ADV,B2
scouting locating,scouting locating,定位 / 侦察,NOUN,B2
foreclosure of rights,foreclosure of rights,权利丧失,NOUN,B2
to postpone to carry over,to postpone to carry over,推迟,VERB,B2
community-related,community-related,社区的,ADJ,B2
nitrogen,nitrogen,氮,NOUN,B2
to mark out,to mark out,标示,VERB,B2
supportive,supportive,团结的,ADJ,B2
overtaking exceeding,overtaking exceeding,超越，超出,NOUN,B2
sedentary lifestyle,sedentary lifestyle,久坐的生活方式,NOUN,B2
traumatic,traumatic,创伤的,ADJ,B2
to spout,to spout,喷射,VERB,B2
lily,lily,百合,NOUN,B2
neuron,neuron,神经元,NOUN,B2
playable,playable,可演奏的,ADJ,B2
tarragon,tarragon,龙蒿,NOUN,B2
fingernail,fingernail,指甲,NOUN,B2
to drive lead,to drive lead,驾驶,VERB,B2
lucky find,lucky find,意外发现,NOUN,B2
to catch sight of,to catch sight of,瞥见,VERB,B2
derisory paltry,derisory paltry,可笑的，微不足道的,ADJ,B2
enslavement,enslavement,奴役,NOUN,B2
fistula,fistula,瘘管,NOUN,B2
biologist,biologist,生物学家,NOUN,B2
malefic,malefic,邪恶的,ADJ,B2
resection,resection,切除术,NOUN,B2
deluge flood,deluge flood,洪水，倾盆大雨,NOUN,B2
acronym,acronym,首字母缩略词,NOUN,B2
receiving stolen goods,receiving stolen goods,窝赃,NOUN,B2
ticket window,ticket window,售票窗口,NOUN,B2
remains spoils,remains spoils,遗体，战利品,NOUN,B2
fake news,fake news,假新闻,NOUN,B2
ignominy,ignominy,耻辱,NOUN,B2
genetically,genetically,遗传地,ADV,B2
recourse,recourse,求助,NOUN,B2
marginally,marginally,边缘地,ADV,B2
dynamism,dynamism,活力,NOUN,B2
tuberculosis,tuberculosis,结核病,NOUN,B2
cinematographic,cinematographic,电影的,ADJ,B2
regeneration,regeneration,再生,NOUN,B2
cruelly,cruelly,残酷地,ADV,B2
cross-border,cross-border,边境的,ADJ,B2
preterition,preterition,假托,NOUN,B2
striped,striped,有条纹的,ADJ,B2
selectively,selectively,有选择地,ADV,B2
subsidiarity,subsidiarity,辅助性原则,NOUN,B2
symptom,symptom,症,PART,B2
few,few,几下,NOUN,B2
rubbish,rubbish,垃圾,NOUN,B2
vending machine,vending machine,自动售货机,NOUN,B2
worthless,worthless,无价值的,ADJ,B2
surprised,surprised,惊讶的,ADJ,B2
fire brigade,fire brigade,消防队,NOUN,B2
someone's,someone's,某人的,PRON,B2
exactness,exactness,精确,NOUN,B2
moreover,moreover,而且,CCONJ,B2
vat,vat,增值税,NOUN,B2
colored,colored,有色的,ADJ,B2
henceforth,henceforth,从此以后,ADV,B2
the same,the same,相同的,ADJ,B2
daylight,daylight,日光,NOUN,B2
understanding,understanding,体贴的,ADJ,B2
favorite,favorite,最爱,NOUN,B2
complex,complex,建筑群,NOUN,B2
good morning,good morning,早上好,INTJ,B2
focused,focused,专注的,ADJ,B2
driven,driven,被驾驶的,ADJ,B2
continued,continued,持续的,ADJ,B2
nearest,nearest,最近的,ADJ,B2
family life,family life,家庭生活,NOUN,B2
suspended,suspended,悬浮的,ADJ,B2
to sabotage,to sabotage,破坏,VERB,B2
to dump,to dump,抛弃,VERB,B2
dominance,dominance,威权,NOUN,B2
including,including,包括,ADP,B2
this morning,this morning,今天早上,ADV,B2
sixteen,sixteen,十六,NUM,B2
terribly,terribly,可怕地/非常,ADV,B2
infected,infected,被感染的,ADJ,B2
power grid,power grid,电网,NOUN,B2
curbing,curbing,遏制,NOUN,B2
asthmatic,asthmatic,哮喘的,ADJ,B2
stand,stand,摊位,NOUN,B2
old-fashioned,old-fashioned,老式的,ADJ,B2
reporting,reporting,报道,NOUN,B2
eighty,eighty,八十,NUM,B2
eighteen,eighteen,十八,NUM,B2
little sister,little sister,妹妹,NOUN,B2
least,least,最少,ADV,B2
to refuel,to refuel,加油,VERB,B2
oh well,oh well,算了,INTJ,B2
front page,front page,头版,NOUN,B2
good night,good night,晚安,INTJ,B2
to sanction,to sanction,认可,VERB,B2
moral,moral,道德的,ADJ,B2
halfway,halfway,半途,ADV,B2
inspiring,inspiring,鼓舞人心的,ADJ,B2
tasty,tasty,美味的,ADJ,B2
dangerousness,dangerousness,危险性,NOUN,B2
meaningless,meaningless,毫无意义的,ADJ,B2
highest,highest,最高的,ADJ,B2
on top of,on top of,在...上面,ADP,B2
downfall,downfall,毁灭,NOUN,B2
jewish,jewish,犹太的,ADJ,B2
from there,from there,从那里,ADV,B2
highlight,highlight,亮点,NOUN,B2
air force,air force,空军,NOUN,B2
loyalty to authority,loyalty to authority,服从权威,NOUN,B2
to spam,to spam,发垃圾信息,VERB,B2
member of parliament,member of parliament,议员,NOUN,B2
declinable,declinable,可变格的,ADJ,B2
many,many,许多,DET,B2
dentition,dentition,牙齿,NOUN,B2
retranslation,retranslation,重译,NOUN,B2
timeline,timeline,时间线,NOUN,B2
reproachable,reproachable,应受责备的,ADJ,B2
contentious,contentious,有争议的,ADJ,B2
film star,film star,,NOUN,B2
emotional experience,emotional experience,情感体验,NOUN,B2
to asphalt,to asphalt,铺沥青,VERB,B2
demonstrativeness,demonstrativeness,! 表现欲,NOUN,B2
on which,on which,在其上,PRON,B2
class struggle,class struggle,阶级斗争,NOUN,B2
mysticism,mysticism,神秘主义,NOUN,B2
towards,towards,迎向,ADV,B2
filipino,filipino,菲律宾的,ADJ,B2
bicycle repairer,bicycle repairer,修车匠,NOUN,B2
schooled person,schooled person,受过培训者,NOUN,B2
unscrupulousness,unscrupulousness,毫无良知,NOUN,B2
museum piece,museum piece,博物馆藏品,NOUN,B2
border arrangement,border arrangement,边境安排,NOUN,B2
tourist,tourist,旅游的,ADJ,B2
culture of greed,culture of greed,贪得无厌文化,NOUN,B2
intended,intended,预定的,ADJ,B2
parliamentary elections,parliamentary elections,议会选举,NOUN,B2
communautarization,communautarization,社群化,NOUN,B2
worldly,worldly,世俗的,ADJ,B2
cheapness,cheapness,廉价,NOUN,B2
asylum seeker,asylum seeker,寻求庇护者,NOUN,B2
misplaced,misplaced,不合时宜的,ADJ,B2
to tune,to tune,调谐,VERB,B2
member state,member state,成员国,NOUN,B2
grammaticality,grammaticality,合语法性,NOUN,B2
hence,hence,因此,ADV,B2
basal,basal,基本的,ADJ,B2
nauseous,nauseous,恶心的,ADJ,B2
budgetable,budgetable,可预算的,ADJ,B2
inheritance law,inheritance law,继承法,NOUN,B2
composable,composable,可组合的,ADJ,B2
data processing,data processing,数据处理,NOUN,B2
life's work,life's work,毕生事业,NOUN,B2
healing power,healing power,疗效,NOUN,B2
attributive,attributive,定语的,ADJ,B2
gratuity,gratuity,酬金,NOUN,B2
orange,orange,橙色的,ADJ,B2
little son,little son,小儿子,NOUN,B2
radius,radius,半径,NOUN,B2
shit,shit,该死的,ADJ,B2
conference-based,conference-based,会议的,ADJ,B2
to industrialize,to industrialize,工业化,VERB,B2
to regionalize,to regionalize,区域化,VERB,B2
bent,bent,弯的,ADJ,B2
to commentate,to commentate,评论,VERB,B2
daft,daft,傻的,ADJ,B2
life-size,life-size,真人大小的,ADJ,B2
australian,australian,澳大利亚的,ADJ,B2
her,her,她的,DET,B2
sighing,sighing,叹息的,ADJ,B2
all-round,all-round,全面的,ADJ,B2
megalomanic,megalomanic,狂妄自大的,ADJ,B2
april,april,四月,NOUN,B2
to lug,to lug,搬运,VERB,B2
fictional character,fictional character,虚构角色,NOUN,B2
youth trauma,youth trauma,童年创伤,NOUN,B2
remaining,remaining,,NOUN,B2
presidential election,presidential election,总统选举,NOUN,B2
worth mentioning,worth mentioning,值得一提的,ADJ,B2
well-groomed,well-groomed,整洁的,ADJ,B2
family tension,family tension,家庭紧张,NOUN,B2
knowledge transfer,knowledge transfer,知识传授,NOUN,B2
power station,power station,发电厂,NOUN,B2
school year,school year,学年,NOUN,B2
to telework,to telework,远程办公,VERB,B2
family composition,family composition,家庭构成,NOUN,B2
trivializable,trivializable,可轻描淡写的,ADJ,B2
from which,from which,从中,ADV,B2
energy crisis,energy crisis,能源危机,NOUN,B2
benignity,benignity,良性,NOUN,B2
peat,peat,泥炭,NOUN,B2
to plagiarize,to plagiarize,剽窃,VERB,B2
for this purpose,for this purpose,为此,ADV,B2
exclusionary,exclusionary,排他性的,ADJ,B2
to objectify,to objectify,客观化,VERB,B2
sporty,sporty,运动的,ADJ,B2
nameable,nameable,可命名的,ADJ,B2
tyrannical,tyrannical,专横的,ADJ,B2
founding,founding,成立,NOUN,B2
ceremonial,ceremonial,仪式的,ADJ,B2
court fee,court fee,诉讼费,NOUN,B2
emotional expression,emotional expression,! 情感表达,NOUN,B2
irrelevance,irrelevance,无关,NOUN,B2
line-up,line-up,阵容,NOUN,B2
to ostracize,to ostracize,排斥,VERB,B2
to set rates,to set rates,定价,VERB,B2
the one,the one,,NOUN,B2
grave desecration,grave desecration,亵渎坟墓,NOUN,B2
whisk,whisk,打蛋器,NOUN,B2
veiled,veiled,隐晦的,ADJ,B2
place of residence,place of residence,居住地,NOUN,B2
regardless,regardless,不管,ADP,B2
to drop off,to drop off,放下,VERB,B2
to do sports,to do sports,运动,VERB,B2
atheistic,atheistic,无神论的,ADJ,B2
fatty,fatty,脂肪的,ADJ,B2
headscarf,headscarf,头巾,NOUN,B2
genital,genital,生殖器,NOUN,B2
proliferate,proliferate,扩散,VERB,B2
fossil fuel,fossil fuel,化石燃料,NOUN,B2
feeble-minded,feeble-minded,弱智的,ADJ,B2
truthful,truthful,忠于事实的,ADJ,B2
constitutive,constitutive,构成的,ADJ,B2
this evening,this evening,今晚,ADV,B2
gay man,gay man,男同性恋者,NOUN,B2
variant,variant,变体,NOUN,B2
endowed,endowed,有天赋的,ADJ,B2
full of life,full of life,充满活力的,ADJ,B2
two-dimensional,two-dimensional,二维的,ADJ,B2
schoolboy,schoolboy,学生,NOUN,B2
new construction,new construction,新建建筑,NOUN,B2
aghast,aghast,惊骇的,ADJ,B2
little sun,little sun,小太阳,NOUN,B2
national coach,national coach,国家队教练,NOUN,B2
by now,by now,此时,ADV,B2
side,side,骄傲的,ADJ,B2
norwegian,norwegian,挪威的,ADJ,B2
to invoice,to invoice,开票,VERB,B2
consolidating,consolidating,巩固的,ADJ,B2
gravitational,gravitational,引力的,ADJ,B2
prayer room,prayer room,祈祷室,NOUN,B2
moralizing,moralizing,说教的,ADJ,B2
brazilian,brazilian,巴西的,ADJ,B2
to draw water,to draw water,打水,VERB,B2
connotative,connotative,内涵的,ADJ,B2
desirability,desirability,可取性,NOUN,B2
insightfulness,insightfulness,洞察,NOUN,B2
leading role,leading role,主角,NOUN,B2
methodological,methodological,方法论的,ADJ,B2
dutchman,dutchman,荷兰人,NOUN,B2
grand officer,grand officer,大官,NOUN,B2
associated,associated,相关的,ADJ,B2
upright,upright,直立地,ADV,B2
guilt-ridden,guilt-ridden,内疚的,ADJ,B2
constructivism,constructivism,建构主义,NOUN,B2
contractual,contractual,合同的,ADJ,B2
diction,diction,措辞,NOUN,B2
group member,group member,群体成员,NOUN,B2
bloodthirsty,bloodthirsty,嗜血的,ADJ,B2
mainstream,mainstream,主流的,ADJ,B2
tired of,tired of,,NOUN,B2
very hard,very hard,极硬的,ADJ,B2
frictionless,frictionless,无摩擦的,ADJ,B2
motor,motor,运动的,ADJ,B2
paralysed,paralysed,瘫痪的,ADJ,B2
florid,florid,辞藻华丽的,ADJ,B2
southeast,southeast,东南,NOUN,B2
to be correct,to be correct,正确,VERB,B2
concave,concave,凹的,ADJ,B2
customer service,customer service,客户服务,NOUN,B2
entranced,entranced,痴迷的,ADJ,B2
gracious,gracious,亲切的,ADJ,B2
to tweet,to tweet,发推文,VERB,B2
compulsiveness,compulsiveness,强迫性,NOUN,B2
off,off,关,ADP,B2
dislike,dislike,厌恶,NOUN,B2
with this,with this,以此,ADV,B2
inflexibility,inflexibility,僵化,NOUN,B2
danish,danish,丹麦的,ADJ,B2
legation,legation,公使馆,NOUN,B2
group culture,group culture,群体文化,NOUN,B2
guilder,guilder,盾,NOUN,B2
reformulation,reformulation,重新表述,NOUN,B2
syrian,syrian,叙利亚的,ADJ,B2
skilful,skilful,熟练的,ADJ,B2
ice cold,ice cold,冰冷的,ADJ,B2
technocratic,technocratic,技术官僚的,ADJ,B2
incorporation,incorporation,纳入,NOUN,B2
universities,universities,大学,NOUN,B2
to log in,to log in,登录,VERB,B2
one hundred,one hundred,一百,NUM,B2
cohort-based,cohort-based,队列的,ADJ,B2
native american,native american,印第安人,NOUN,B2
religiousness,religiousness,虔诚,NOUN,B2
pregnant woman,pregnant woman,孕妇,NOUN,B2
meek,meek,温顺的,ADJ,B2
contractualization,contractualization,契约化,NOUN,B2
court case,court case,诉讼,NOUN,B2
final score,final score,最终比分,NOUN,B2
explicable,explicable,可解释的,ADJ,B2
health policy,health policy,健康政策,NOUN,B2
border post,border post,边防哨所,NOUN,B2
small gift,small gift,小礼物,NOUN,B2
southwest,southwest,西南的,ADJ,B2
purifying,purifying,净化的,ADJ,B2
religious war,religious war,宗教战争,NOUN,B2
crisis situation,crisis situation,危机局势,NOUN,B2
synoptic,synoptic,概要的,ADJ,B2
tolerant,tolerant,宽容的,ADJ,B2
breach of contract,breach of contract,违约,NOUN,B2
climate denial,climate denial,气候否认,NOUN,B2
liquid,liquid,液态的,ADJ,B2
decibel,decibel,分贝,NOUN,B2
such a,such a,这样的,DET,B2
splash,splash,扑通,NOUN,B2
paired accompanied,paired accompanied,成对的 / 伴随的,ADJ,B2
mp,mp,国会议员,NOUN,B2
expertise center,expertise center,专业中心,NOUN,B2
search engine,search engine,搜索引擎,NOUN,B2
undermining authority,undermining authority,削弱权威,NOUN,B2
kindred spirit,kindred spirit,志同道合者,NOUN,B2
gynaecology,gynaecology,妇科,NOUN,B2
toothless,toothless,无齿的,ADJ,B2
increased,increased,增加的,ADJ,B2
collective labor agreement,collective labor agreement,集体劳动协议,NOUN,B2
to tax to burden,to tax to burden,征税,VERB,B2
soundtrack,soundtrack,! 音轨,NOUN,B2
physiotherapy,physiotherapy,物理治疗,NOUN,B2
volunteer work,volunteer work,志愿工作,NOUN,B2
property right,property right,所有权,NOUN,B2
every,every,每个,PRON,B2
bumpy,bumpy,凹凸不平的,ADJ,B2
to play football,to play football,踢足球,VERB,B2
disco,disco,迪厅,NOUN,B2
group individual,group individual,群体个体,NOUN,B2
palestinian,palestinian,巴勒斯坦的,ADJ,B2
directorship,directorship,董事职位,NOUN,B2
to walk around,to walk around,四处走动,VERB,B2
to pauperize,to pauperize,使贫困,VERB,B2
minus,minus,减,NOUN,B2
thetic,thetic,正题的,ADJ,B2
toys,toys,玩具,NOUN,B2
tidal movement,tidal movement,潮汐运动,NOUN,B2
satisfying,satisfying,令人满意的,ADJ,B2
duplicate,duplicate,! 副本,NOUN,B2
federalization,federalization,联邦化,NOUN,B2
how long,how long,多久,ADV,B2
group solidarity,group solidarity,群体团结,NOUN,B2
state of mind,state of mind,精神状态,NOUN,B2
to situate,to situate,定位,VERB,B2
amusement,amusement,娱乐,NOUN,B2
domestic,domestic,国内,NOUN,B2
dismal,dismal,令人失望的,ADJ,B2
effortless,effortless,不费力的,ADJ,B2
to keep silent,to keep silent,保持沉默,VERB,B2
posh,posh,上流的,ADJ,B2
gosh,gosh,天哪,INTJ,B2
exemplary country,exemplary country,模范国家,NOUN,B2
connective,connective,连接的,ADJ,B2
noise nuisance,noise nuisance,噪音扰民,NOUN,B2
colour,colour,颜色,NOUN,B2
manual,manual,手工的,ADJ,B2
fort,fort,堡垒,NOUN,B2
grand duchy,grand duchy,大公国,NOUN,B2
petrol,petrol,汽油,NOUN,B2
to stitch,to stitch,缝,VERB,B2
habitual behavior,habitual behavior,习惯行为,NOUN,B2
border community,border community,边境社区,NOUN,B2
eczema,eczema,湿疹,NOUN,B2
irish,irish,爱尔兰的,ADJ,B2
criminal law,criminal law,刑法,NOUN,B2
bombardment,bombardment,轰炸,NOUN,B2
vs,vs,与...相对,ADP,B2
higher professional education,higher professional education,高等专业教育,NOUN,B2
family circle,family circle,家庭圈子,NOUN,B2
furnishing,furnishing,室内布置,NOUN,B2
crystal clear,crystal clear,清澈的,ADJ,B2
windless,windless,无风的,ADJ,B2
about that,about that,关于那个,ADV,B2
character assassination,character assassination,人格谋杀,NOUN,B2
to bully,to bully,欺凌,VERB,B2
to mystify,to mystify,神秘化,VERB,B2
grand duke,grand duke,大公,NOUN,B2
licentious,licentious,放荡的,ADJ,B2
one-way traffic,one-way traffic,单向通行,NOUN,B2
mannerly,mannerly,有礼貌的,ADJ,B2
visible,visible,可见的,ADJ,B2
to persevere,to persevere,坚持,VERB,B2
systemless,systemless,无系统的,ADJ,B2
little brother,little brother,小弟弟,NOUN,B2
swiss,swiss,瑞士的,ADJ,B2
paralympic,paralympic,残奥会的,ADJ,B2
globalization process,globalization process,全球化进程,NOUN,B2
to sublimate,to sublimate,升华,VERB,B2
postal code,postal code,邮政编码,NOUN,B2
labor market,labor market,劳动力市场,NOUN,B2
egyptian,egyptian,埃及的,ADJ,B2
dissociation,dissociation,解离,NOUN,B2
gallows humor,gallows humor,绞刑架幽默,NOUN,B2
unfriendly,unfriendly,不友好的,ADJ,B2
email address,email address,电子邮件地址,NOUN,B2
exceptionality,exceptionality,特殊性,NOUN,B2
multipart,multipart,多部分的,ADJ,B2
contact person,contact person,联系人,NOUN,B2
to text,to text,发短信,VERB,B2
to instrumentalize,to instrumentalize,工具化,VERB,B2
liberalize,liberalize,自由化,VERB,B2
contaminating,contaminating,污染的,ADJ,B2
conversional,conversional,转换的,ADJ,B2
heath,heath,石楠荒原,NOUN,B2
peddler,peddler,小贩,NOUN,B2
dossier,dossier,档案,NOUN,B2
neighbour,neighbour,邻居,NOUN,B2
racist,racist,种族主义的,ADJ,B2
comparative,comparative,比较的,ADJ,B2
to lead to put forward,to lead to put forward,率领 / 提出,VERB,B2
to use up,to use up,用完,VERB,B2
lacunary,lacunary,残缺的,ADJ,B2
factual,factual,事实的,ADJ,B2
on behalf of,on behalf of,代表,ADP,B2
photon,photon,光子,NOUN,B2
heated,heated,激昂的,ADJ,B2
to revalue,to revalue,重新估值,VERB,B2
expressiveness,expressiveness,表现力,NOUN,B2
one and a half,one and a half,一个半,NUM,B2
enforcement policy,enforcement policy,执法政策,NOUN,B2
catastrophic,catastrophic,灾难性的,ADJ,B2
drinking water,drinking water,饮用水,NOUN,B2
caring,caring,关怀的,ADJ,B2
group mentality,group mentality,群体心态,NOUN,B2
connecting,connecting,连接的,ADJ,B2
to stick out,to stick out,伸出,VERB,B2
trade barrier,trade barrier,贸易壁垒,NOUN,B2
witness examination,witness examination,证人询问,NOUN,B2
broadening,broadening,拓宽,NOUN,B2
rest assured,rest assured,放心的,ADJ,B2
depicting,depicting,描绘的,ADJ,B2
informedness,informedness,知情度,NOUN,B2
wooden,wooden,木制的,ADJ,B2
to mess about,to mess about,胡搞,VERB,B2
eclecticism,eclecticism,折衷主义,NOUN,B2
upwards,upwards,向上,ADV,B2
austrian,austrian,奥地利的,ADJ,B2
to revitalize,to revitalize,使复苏,VERB,B2
financier,financier,资助者,NOUN,B2
collectomania,collectomania,收藏癖,NOUN,B2
destined,destined,,NOUN,B2
iranian,iranian,伊朗的,ADJ,B2
in which,in which,在其中,PRON,B2
maximal,maximal,最大的,ADJ,B2
group norm,group norm,群体规范,NOUN,B2
demagogy,demagogy,蛊惑,NOUN,B2
venereal disease,venereal disease,性病,NOUN,B2
depot,depot,仓库,NOUN,B2
to sensitize,to sensitize,提高意识,VERB,B2
for this,for this,为此,ADV,B2
position of authority,position of authority,! 权威地位,NOUN,B2
flemish,flemish,佛兰芒的,ADJ,B2
steering,steering,掌舵的,ADJ,B2
to type,to type,打字,VERB,B2
religious strife,religious strife,宗教纷争,NOUN,B2
wait-and-see,wait-and-see,观望的,ADJ,B2
abolition,abolition,废除,NOUN,B2
hassle,hassle,麻烦,NOUN,B2
concessionary,concessionary,让步的,ADJ,B2
to vegetate,to vegetate,苟活,VERB,B2
gloriousness,gloriousness,光荣,NOUN,B2
to vampirize,to vampirize,吸血,VERB,B2
macroeconomic,macroeconomic,宏观经济学的,ADJ,B2
line of conduct,line of conduct,行为方针,NOUN,B2
hungarian,hungarian,匈牙利的,ADJ,B2
mayoral,mayoral,市长的,ADJ,B2
run-up,run-up,助跑,NOUN,B2
damageable,damageable,易损的,ADJ,B2
to localize,to localize,本地化,VERB,B2
all kinds,all kinds,各种各样的,DET,B2
little hand,little hand,小手,NOUN,B2
to immunize,to immunize,免疫,VERB,B2
at the top,at the top,在最上面,ADV,B2
potential,potential,潜在的,ADJ,B2
christianity,christianity,基督教,NOUN,B2
humanities,humanities,人文学科,NOUN,B2
inventorying,inventorying,清点,NOUN,B2
basic income,basic income,基本收入,NOUN,B2
ukrainian,ukrainian,乌克兰的,ADJ,B2
to play sports,to play sports,做运动,VERB,B2
family reunification,family reunification,家庭团聚,NOUN,B2
factionalism,factionalism,派系主义,NOUN,B2
holism,holism,整体论,NOUN,B2
newsletter,newsletter,简报,NOUN,B2
vacuum,vacuum,真空的,ADJ,B2
further on,further on,更远处,ADV,B2
heartfelt,heartfelt,衷心的,ADJ,B2
front line,front line,前线,NOUN,B2
cycle path,cycle path,自行车道,NOUN,B2
bleak,bleak,无望的,ADJ,B2
at the back,at the back,在后面,ADV,B2
counterproductivity,counterproductivity,适得其反,NOUN,B2
to rent out,to rent out,出租,VERB,B2
convertible,convertible,可兑换的,ADJ,B2
orderliness,orderliness,有序性,NOUN,B2
to theatricalize,to theatricalize,戏剧化,VERB,B2
villainous,villainous,恶棍的,ADJ,B2
emaciating,emaciating,消耗的,ADJ,B2
conceptual,conceptual,概念的,ADJ,B2
correctness,correctness,正确性,NOUN,B2
chauvinistic,chauvinistic,沙文主义的,ADJ,B2
costs,costs,费用,NOUN,B2
collegial,collegial,同事的,ADJ,B2
grandparenthood,grandparenthood,祖父母身份,NOUN,B2
to,to,去,PART,B2
portuguese,portuguese,葡萄牙语,NOUN,B2
terminal,terminal,终末的,ADJ,B2
hatch,hatch,舱口,NOUN,B2
continual,continual,持续的,ADJ,B2
determine,determine,确定,VERB,B2
city centre,city centre,市中心,NOUN,B2
milky,milky,乳白色的,ADJ,B2
selfish,selfish,,NOUN,B2
having a birthday,having a birthday,过生日的,ADJ,B2
numismatic,numismatic,钱币学的,ADJ,B2
to settle up,to settle up,结账,VERB,B2
solemn,solemn,,NOUN,B2
egocentrism,egocentrism,自我中心,NOUN,B2
to technologize,to technologize,技术化,VERB,B2
hollowed,hollowed,掏空的,ADJ,B2
state secretary,state secretary,国务秘书,NOUN,B2
light brown,light brown,浅棕色的,ADJ,B2
national anthem,national anthem,国歌,NOUN,B2
showing,showing,表现,NOUN,B2
conspiratorial,conspiratorial,阴谋的,ADJ,B2
fatsoenlijk,fatsoenlijk,体面的,ADJ,B2
hazard report,hazard report,危险报告,NOUN,B2
workable,workable,可加工的,ADJ,B2
virginal,virginal,处女的,ADJ,B2
tens of thousands,tens of thousands,数万,NUM,B2
arabic,arabic,阿拉伯的,ADJ,B2
manipulable,manipulable,可操纵的,ADJ,B2
largely,largely,主要地,ADV,B2
redrawing,redrawing,重新绘制,NOUN,B2
to break off,to break off,中断,VERB,B2
structuredness,structuredness,结构性,NOUN,B2
to pucker,to pucker,噘,VERB,B2
berlijns,berlijns,柏林的,ADJ,B2
source citation,source citation,出处注明,NOUN,B2
ourselves,ourselves,我们自己,PRON,B2
parish priest,parish priest,本堂神父,NOUN,B2
balancing,balancing,平衡的,ADJ,B2
dispirited,dispirited,沮丧的,ADJ,B2
liberating,liberating,解放的,ADJ,B2
documentation,documentation,文献,NOUN,B2
depicted,depicted,描绘的,ADJ,B2
to tidy,to tidy,整理,VERB,B2
special offer,special offer,特价,NOUN,B2
diplomatic relations,diplomatic relations,外交关系,NOUN,B2
judgement,judgement,评估,NOUN,B2
nuts,nuts,疯狂的,ADJ,B2
provable,provable,可证明的,ADJ,B2
traditional costume,traditional costume,传统服饰,NOUN,B2
children's rights,children's rights,儿童权利,NOUN,B2
with that,with that,以此,ADV,B2
folksy,folksy,乡土的,ADJ,B2
south african,south african,南非的,ADJ,B2
solar panel,solar panel,太阳能电池板,NOUN,B2
to contextualize,to contextualize,置于语境,VERB,B2
tram,tram,有轨电车,NOUN,B2
how come,how come,怎么会,INTJ,B2
habitlessness,habitlessness,无习惯,NOUN,B2
coloredness,coloredness,有色性,NOUN,B2
owed,owed,欠下的,ADJ,B2
increasing,increasing,增加的,ADJ,B2
cosmetics,cosmetics,化妆品,NOUN,B2
explanatory,explanatory,解释的,ADJ,B2
church community,church community,教会,NOUN,B2
to revolutionize,to revolutionize,革命化,VERB,B2
editor-in-chief,editor-in-chief,主编,NOUN,B2
for a moment,for a moment,片刻,ADV,B2
midfielder,midfielder,中场球员,NOUN,B2
demotion,demotion,降职,NOUN,B2
to saw,to saw,锯,VERB,B2
twofold,twofold,双重的,ADJ,B2
world champion,world champion,世界冠军,NOUN,B2
barbarization,barbarization,野蛮化,NOUN,B2
rightly,rightly,正确地,ADV,B2
hospitality industry,hospitality industry,餐饮酒店业,NOUN,B2
tomorrow night,tomorrow night,明晚,ADV,B2
disharmony,disharmony,不和谐,NOUN,B2
primary school,primary school,小学,NOUN,B2
fabulist,fabulist,幻想家,NOUN,B2
brabant,brabant,布拉班特的,ADJ,B2
paving,paving,铺路,NOUN,B2
full-time,full-time,全职,ADJ,B2
conviviality,conviviality,温馨,NOUN,B2
lawless,lawless,无法的,ADJ,B2
deputation,deputation,代表团,NOUN,B2
song festival,song festival,音乐节,NOUN,B2
border check,border check,边境检查,NOUN,B2
sentences,sentences,句子,NOUN,B2
lifelong,lifelong,终身,ADJ,B2
series of conversations,series of conversations,系列对话,NOUN,B2
plenty,plenty,充足地,ADV,B2
meandering,meandering,蜿蜒的,ADJ,B2
land policy,land policy,土地政策,NOUN,B2
domineeringness,domineeringness,支配欲,NOUN,B2
hem,hem,边缘,NOUN,B2
just like that,just like that,随便地,ADV,B2
inactivity,inactivity,不活跃,NOUN,B2
figuration,figuration,群演,NOUN,B2
group work,group work,群体工作,NOUN,B2
removed,removed,移除的,ADJ,B2
authority structure,authority structure,权威结构,NOUN,B2
governable,governable,可管理的,ADJ,B2
day after tomorrow,day after tomorrow,后天,NOUN,B2
sports park,sports park,运动公园,NOUN,B2
little heart,little heart,小心脏,NOUN,B2
alternating,alternating,交替的,ADJ,B2
subject field,subject field,科目 / 领域,NOUN,B2
grand master,grand master,大师,NOUN,B2
in the back,in the back,在后面,ADV,B2
film industry,film industry,电影业,NOUN,B2
healthcare,healthcare,医疗保健,NOUN,B2
to harbor,to harbor,怀有,VERB,B2
rash,rash,皮疹,NOUN,B2
greetings,greetings,,NOUN,B2
the guy,the guy,那个男人,NOUN,B2
egg card,egg card,,NOUN,B2
penance,penance,忏悔,NOUN,B2
edging,edging,镶边,NOUN,B2
your plural,your plural,你们的,DET,B2
to rot,to rot,腐烂,VERB,B2
milk tooth,milk tooth,,NOUN,B2
darn,darn,哎呀,INTJ,B2
from within,from within,从内部,ADV,B2
law team,law team,法律/团队,NOUN,B2
like that,like that,像那样,ADV,B2
electric motor,electric motor,电动机,NOUN,B2
to food give birth,to food give birth,食物/生育,VERB,B2
values base,values base,价值基础,NOUN,B2
here hither,here hither,这里/到这里,ADV,B2
twenty-two-year-old,twenty-two-year-old,,NOUN,B2
band tape,band tape,带子,NOUN,B2
where i,where i,,NOUN,B2
values,values,价值观,NOUN,B2
fun joke,fun joke,乐趣/玩笑,NOUN,B2
to call ring,to call ring,打电话,VERB,B2
meaning content,meaning content,语义内容,NOUN,B2
confusing,confusing,令人困惑的,ADJ,B2
to account for,to account for,说明,VERB,B2
based,based,基于,ADJ,B2
limit border,limit border,界限,NOUN,B2
girl girlfriend,girl girlfriend,女孩/女朋友,NOUN,B2
sympathy empathy,sympathy empathy,同情/共情,NOUN,B2
shady suspicious,shady suspicious,可疑的,ADJ,B2
intelligence service,intelligence service,情报机构,NOUN,B2
dejt,dejt,约会,NOUN,B2
substandard,substandard,,NOUN,B2
evidence bag,evidence bag,,NOUN,B2
to acquaint,to acquaint,使熟悉,VERB,B2
one-way,one-way,单向的,ADJ,B2
definite,definite,明确的,ADJ,B2
seeker,seeker,寻求者,NOUN,B2
diagonally,diagonally,对角地,ADV,B2
upper floor,upper floor,楼上,NOUN,B2
told instructed,told instructed,被告知的,ADJ,B2
mapping,mapping,梳理,NOUN,B2
self-care,self-care,自我护理,NOUN,B2
doctor visit,doctor visit,,NOUN,B2
deck tire,deck tire,甲板/轮胎,NOUN,B2
irish person,irish person,爱尔兰人,NOUN,B2
baptized,baptized,受洗的,ADJ,B2
more important,more important,更重要的,ADJ,B2
thank god,thank god,谢天谢地,INTJ,B2
knowledge exchange,knowledge exchange,知识交流,NOUN,B2
occupational pension,occupational pension,职业养老金,NOUN,B2
in peace,in peace,不受打扰地,ADV,B2
gender equality,gender equality,性别平等,NOUN,B2
pavement,pavement,人行道,NOUN,B2
top great,top great,顶部/极好,NOUN,B2
to be felled,to be felled,被砍倒,VERB,B2
effort bet,effort bet,努力/赌注,NOUN,B2
loudly,loudly,大声地,ADV,B2
middle class,middle class,中产阶层,NOUN,B2
orange juice,orange juice,橙汁,NOUN,B2
salad lettuce,salad lettuce,沙拉/生菜,NOUN,B2
clock watch,clock watch,钟表,NOUN,B2
single,single,单曲,NOUN,B2
service year,service year,,NOUN,B2
guest tester,guest tester,,NOUN,B2
cellulose,cellulose,纤维素,NOUN,B2
gay,gay,同性恋者,NOUN,B2
word choice,word choice,措辞,NOUN,B2
social problem,social problem,社会问题,NOUN,B2
the casinos,the casinos,赌场,NOUN,B2
yes indeed,yes indeed,正是,INTJ,B2
outdoors,outdoors,户外,ADV,B2
capable good,capable good,能干的/优秀的,ADJ,B2
indigenous people,indigenous people,原住民,NOUN,B2
to place put,to place put,放置,VERB,B2
tough guy,tough guy,硬汉,NOUN,B2
sure safe,sure safe,确定的,ADJ,B2
good behavior,good behavior,,NOUN,B2
the devil bastard,the devil bastard,混蛋,NOUN,B2
to have strength,to have strength,有力气,VERB,B2
suicide candidate,suicide candidate,,NOUN,B2
nicely nice,nicely nice,美好地,ADV,B2
like this,like this,,NOUN,B2
arrived present,arrived present,到了,ADV,B2
to disfavor,to disfavor,不利于,VERB,B2
of by,of by,的/被,ADP,B2
cancelled set,cancelled set,取消的/设定的,ADJ,B2
to get acquire,to get acquire,获得/弄到,VERB,B2
care home,care home,,NOUN,B2
smart clever,smart clever,聪明的,ADJ,B2
curfew,curfew,宵禁,NOUN,B2
faster,faster,更快的,ADJ,B2
to screw,to screw,拧,VERB,B2
ride lift,ride lift,搭车,NOUN,B2
stockholm,stockholm,斯德哥尔摩,PROPN,B2
date fruit,date fruit,椰枣,NOUN,B2
cheaper,cheaper,更便宜的,ADJ,B2
quivering,quivering,颤抖的,ADJ,B2
impressed,impressed,印象深刻的,ADJ,B2
fired,fired,被解雇的,ADJ,B2
clear,clear,当然,ADV,B2
phrasing,phrasing,措辞,NOUN,B2
werewolf,werewolf,狼人,NOUN,B2
news reporting,news reporting,新闻报道,NOUN,B2
lent,lent,大斋期,NOUN,B2
seen,seen,被看见,ADJ,B2
armorer,armorer,,NOUN,B2
little one,little one,小家伙,NOUN,B2
agree,agree,一致,ADJ,B2
dozens,dozens,数十个,NOUN,B2
sinner,sinner,罪人,NOUN,B2
press freedom,press freedom,新闻自由,NOUN,B2
fair decent,fair decent,公平的/正派的,ADJ,B2
too late,too late,太迟,ADV,B2
poison gas,poison gas,毒气,NOUN,B2
starved,starved,饥饿的,ADJ,B2
professionally active,professionally active,在职,NOUN,B2
oh really,oh really,真的吗,INTJ,B2
to exist there is,to exist there is,存在/有,VERB,B2
to meant,to meant,意思是,VERB,B2
unarmed,unarmed,手无寸铁的,ADJ,B2
marine corps,marine corps,海军陆战队,NOUN,B2
welcome committee,welcome committee,,NOUN,B2
corpse alike,corpse alike,尸体/相似的,NOUN,B2
to diet,to diet,减肥,VERB,B2
history story,history story,历史/故事,NOUN,B2
all-clear,all-clear,许可信号,NOUN,B2
databas,databas,数据库,NOUN,B2
to tear down,to tear down,拆除,VERB,B2
eider hunter,eider hunter,,NOUN,B2
ought,ought,应该,AUX,B2
electric power,electric power,电力,NOUN,B2
trigger mechanism,trigger mechanism,,NOUN,B2
to find oneself,to find oneself,处于,VERB,B2
to missed,to missed,错过,VERB,B2
to furlough,to furlough,临时解雇,VERB,B2
shedding,shedding,,NOUN,B2
parent-friendly,parent-friendly,,NOUN,B2
fast,fast,快地,ADV,B2
brain activity,brain activity,,NOUN,B2
itself,itself,它自己,PRON,B2
equal treatment,equal treatment,平等待遇,NOUN,B2
monkey ape,monkey ape,猿/猴,NOUN,B2
half hour,half hour,半小时,NOUN,B2
eating,eating,,NOUN,B2
layer storage,layer storage,层/仓库,NOUN,B2
concussion,concussion,脑震荡,NOUN,B2
self-image,self-image,自我形象,NOUN,B2
the very,the very,正是,ADV,B2
green-clad,green-clad,,NOUN,B2
angle of approach,angle of approach,切入点,NOUN,B2
datum,datum,日期,NOUN,B2
to close eyes,to close eyes,闭眼,VERB,B2
down there,down there,在那下面,ADV,B2
to drink binge,to drink binge,狂饮,VERB,B2
cola,cola,可乐,NOUN,B2
innocent,innocent,无辜地,ADV,B2
language use,language use,语言使用,NOUN,B2
the career,the career,职业生涯,NOUN,B2
selected,selected,选中的,ADJ,B2
freedom of speech,freedom of speech,言论自由,NOUN,B2
top,top,顶部的,ADJ,B2
for sale,for sale,待售,ADJ,B2
mr master,mr master,先生/主人,NOUN,B2
heroin vapor,heroin vapor,,NOUN,B2
the sick,the sick,病人,NOUN,B2
should ought to,should ought to,应该,AUX,B2
find,find,发现物,NOUN,B2
citizenship right,citizenship right,公民权,NOUN,B2
alarm center,alarm center,报警中心,NOUN,B2
prayer trap,prayer trap,,NOUN,B2
underclass,underclass,底层,NOUN,B2
other others,other others,其他,DET,B2
more pl,more pl,更多,ADJ,B2
to stay awake,to stay awake,守夜,VERB,B2
sabbath,sabbath,安息日,NOUN,B2
to zero out,to zero out,清零,VERB,B2
older woman,older woman,老妇人,NOUN,B2
its,its,它的,PRON,B2
bank card,bank card,银行卡,NOUN,B2
berkeley coach,berkeley coach,,NOUN,B2
squirrel wheel,squirrel wheel,仓鼠轮,NOUN,B2
conifer,conifer,针叶树,NOUN,B2
eidsvold,eidsvold,,NOUN,B2
firearms,firearms,枪支,NOUN,B2
healthcare worker,healthcare worker,医护人员,NOUN,B2
medical help,medical help,,NOUN,B2
to be saved,to be saved,获救,VERB,B2
sought,sought,,NOUN,B2
bang,bang,砰,INTJ,B2
observation skill,observation skill,,NOUN,B2
terrorists,terrorists,恐怖分子们,NOUN,B2
ever,ever,,NOUN,B2
to watch out,to watch out,小心,VERB,B2
big brother,big brother,哥哥,NOUN,B2
up there,up there,在那上面,ADV,B2
retailer,retailer,零售商,NOUN,B2
pre,pre,,NOUN,B2
mighty very,mighty very,非常,ADJ,B2
to map out,to map out,摸清,VERB,B2
chief physician,chief physician,主任医师,NOUN,B2
ribs,ribs,肋骨,NOUN,B2
paternal grandmother,paternal grandmother,祖母,NOUN,B2
english teacher,english teacher,,NOUN,B2
to be punished,to be punished,受罚,VERB,B2
drug dealer,drug dealer,毒贩,NOUN,B2
phone number,phone number,电话号码,NOUN,B2
colder,colder,更冷的,ADJ,B2
hard,hard,努力地,ADV,B2
painless,painless,,NOUN,B2
to dismiss fire,to dismiss fire,解雇,VERB,B2
cultural encounter,cultural encounter,文化交汇,NOUN,B2
citrus,citrus,柑橘,NOUN,B2
blood test,blood test,验血,NOUN,B2
sense of shame,sense of shame,,NOUN,B2
seventeen,seventeen,十七,NUM,B2
advancement,advancement,晋升,NOUN,B2
to be needed,to be needed,被需要,VERB,B2
bump shock,bump shock,碰撞/震惊,NOUN,B2
hallelujah,hallelujah,哈利路亚,INTJ,B2
farm yard,farm yard,农场,NOUN,B2
watertight,watertight,,NOUN,B2
elite unit,elite unit,,NOUN,B2
apart from,apart from,除了,ADP,B2
bike basket,bike basket,车筐,NOUN,B2
to be counted,to be counted,被算作,VERB,B2
cats,cats,猫,NOUN,B2
sure,sure,当然,ADV,B2
experience exchange,experience exchange,经验交流,NOUN,B2
to be created,to be created,被创造,VERB,B2
sun sensitivity,sun sensitivity,,NOUN,B2
surely safe,surely safe,肯定地,ADV,B2
kidnapped,kidnapped,被绑架的,ADJ,B2
detention center,detention center,拘留所,NOUN,B2
chubby,chubby,胖子,NOUN,B2
the other day,the other day,前几天,ADV,B2
to shop be about,to shop be about,购物,VERB,B2
his her its their,his her its their,他的/她的/它的/他们的,DET,B2
fascinated,fascinated,着迷的,ADJ,B2
entrance ticket,entrance ticket,门票,NOUN,B2
shortly,shortly,不久,ADV,B2
gothenburg,gothenburg,哥德堡,PROPN,B2
to mess around,to mess around,胡闹,VERB,B2
working class,working class,工人阶级,NOUN,B2
to use to usually,to use to usually,通常/习惯于,VERB,B2
leaf page,leaf page,叶子,NOUN,B2
online dating profile,online dating profile,,NOUN,B2
to step down,to step down,辞职,VERB,B2
meatballs,meatballs,肉丸,NOUN,B2
paralyzed,paralyzed,瘫痪的,ADJ,B2
alive living,alive living,活着的,ADJ,B2
so thus,so thus,所以/如此,ADV,B2
to trap fell,to trap fell,困住/砍倒,VERB,B2
younger,younger,较年轻的,ADJ,B2
contacts,contacts,人脉,NOUN,B2
to come loose,to come loose,松脱,VERB,B2
field medic,field medic,战地医生,NOUN,B2
following page,following page,,NOUN,B2
managed,managed,,NOUN,B2
broken,broken,破碎的,ADV,B2
latest,latest,最新的,ADJ,B2
to light a fire,to light a fire,生火,VERB,B2
work environment,work environment,工作环境,NOUN,B2
to occupy oneself,to occupy oneself,从事,VERB,B2
hanged,hanged,被绞死的,ADJ,B2
somewhere,somewhere,,NOUN,B2
thicker,thicker,更厚的,ADJ,B2
devil bastard,devil bastard,混蛋,NOUN,B2
atm,atm,自动取款机,NOUN,B2
side page,side page,侧面/页,NOUN,B2
matter of time,matter of time,时间问题,NOUN,B2
own,own,自己的,DET,B2
filled,filled,充满的,ADJ,B2
the guy's,the guy's,那个男人的,NOUN,B2
burger stand,burger stand,,NOUN,B2
degree exam,degree exam,学位/考试,NOUN,B2
he this one,he this one,他/这位,PRON,B2
pain relief,pain relief,,NOUN,B2
film movie,film movie,电影,NOUN,B2
so-called,so-called,,NOUN,B2
although,although,尽管,CCONJ,B2
nerd,nerd,书呆子,NOUN,B2
best friend,best friend,最好的朋友,NOUN,B2
lab,lab,实验室,NOUN,B2
to party,to party,狂欢,VERB,B2
balsam,balsam,香脂,NOUN,B2
to center,to center,居中,VERB,B2
special agent,special agent,特工,NOUN,B2
more beautiful,more beautiful,更美的,ADJ,B2
atomic nucleus,atomic nucleus,原子核,NOUN,B2
attacked,attacked,被攻击的,ADJ,B2
locked,locked,锁定的,ADJ,B2
to cook fix,to cook fix,做/修理,VERB,B2
insanely,insanely,疯狂地,ADV,B2
central station,central station,中央车站,NOUN,B2
ace,ace,王牌,NOUN,B2
fjeld cleft,fjeld cleft,,NOUN,B2
six-year-old,six-year-old,,NOUN,B2
self-evident,self-evident,,NOUN,B2
from behind,from behind,从后面,ADV,B2
back side,back side,背面,NOUN,B2
property owner,property owner,房主,NOUN,B2
lower,lower,较低的,ADJ,B2
underworld,underworld,地下世界,NOUN,B2
the it,the it,那,DET,B2
freedom of religion,freedom of religion,宗教自由,NOUN,B2
bags,bags,包,NOUN,B2
gaping,gaping,,NOUN,B2
chips,chips,薯片,NOUN,B2
locked in,locked in,被关在里面的,ADJ,B2
load cargo,load cargo,货物/负荷,NOUN,B2
indoors,indoors,在室内,ADV,B2
to separate divorce,to separate divorce,分离/离婚,VERB,B2
malmo,malmo,马尔默,PROPN,B2
proposal suggestion,proposal suggestion,建议,NOUN,B2
keen eager,keen eager,渴望的,ADJ,B2
kind sort,kind sort,种类,NOUN,B2
evenly,evenly,均匀地,ADV,B2
stably,stably,稳定地,ADV,B2
to wipe out,to wipe out,消灭,VERB,B2
to fall crash,to fall crash,坠落/猛冲,VERB,B2
student residence,student residence,学生宿舍,NOUN,B2
dear,dear,,NOUN,B2
free off,free off,空闲的/休假,ADJ,B2
slut,slut,荡妇,NOUN,B2
to puncture deflate,to puncture deflate,刺破,VERB,B2
income tax,income tax,所得税,NOUN,B2
civilian,civilian,平民的,ADJ,B2
self-esteem,self-esteem,自尊,NOUN,B2
bigwig,bigwig,大人物,NOUN,B2
the day after tomorrow,the day after tomorrow,后天,NOUN,B2
ace carcass,ace carcass,王牌/尸体,NOUN,B2
wife mrs,wife mrs,妻子/夫人,NOUN,B2
change exchange,change exchange,改变/交换,NOUN,B2
goodbye kiss,goodbye kiss,,NOUN,B2
registered,registered,注册的,ADJ,B2
lifestyle,lifestyle,生活方式,NOUN,B2
it neuter,it neuter,它 (中性),PRON,B2
dissatisfaction,dissatisfaction,不满,NOUN,B2
strangely,strangely,奇怪地,ADV,B2
snot,snot,鼻涕,NOUN,B2
terminus,terminus,,NOUN,B2
freedom of assembly,freedom of assembly,集会自由,NOUN,B2
inflammable,inflammable,易燃的,ADJ,B2
ready finished,ready finished,准备好的/完成的,ADJ,B2
suicidal thought,suicidal thought,,NOUN,B2
nuclear war,nuclear war,核战争,NOUN,B2
that to,that to,那/去,PART,B2
guilty owes,guilty owes,有罪的/欠钱的,ADJ,B2
bike helmet,bike helmet,自行车头盔,NOUN,B2
loathing,loathing,,NOUN,B2
one you,one you,人们,PRON,B2
to sneak away,to sneak away,溜走,VERB,B2
at once,at once,立刻,ADV,B2
sexily,sexily,性感地,ADV,B2
number one,number one,第一名,NOUN,B2
arrested,arrested,被逮捕的,ADJ,B2
to fit suit,to fit suit,适合,VERB,B2
longer,longer,更长的,ADJ,B2
furthest,furthest,最远,ADV,B2
cultural heritage,cultural heritage,文化遗产,NOUN,B2
computer program,computer program,电脑程序,NOUN,B2
couple pair,couple pair,一对,NOUN,B2
pine needle,pine needle,针叶,NOUN,B2
stolen,stolen,被偷的,ADJ,B2
win,win,胜利,NOUN,B2
co-determination,co-determination,共同决定权,NOUN,B2
creep,creep,令人厌恶的人,NOUN,B2
matter of conscience,matter of conscience,良心问题,NOUN,B2
epoch,epoch,时代,NOUN,B2
to be tricked,to be tricked,被欺骗,VERB,B2
in here,in here,在这里面,ADV,B2
to bare,to bare,暴露,VERB,B2
christmas present,christmas present,圣诞礼物,NOUN,B2
enormously,enormously,巨大地,ADV,B2
funeral home,funeral home,,NOUN,B2
difficult flirt,difficult flirt,,NOUN,B2
to be driven,to be driven,被驱动,VERB,B2
lots,lots,大量,NOUN,B2
mafia,mafia,黑手党,NOUN,B2
odds,odds,赔率,NOUN,B2
slam,slam,,NOUN,B2
family relatives,family relatives,亲属,NOUN,B2
magically,magically,魔法地,ADV,B2
dal,dal,山谷,NOUN,B2
inboard,inboard,船内的,ADV,B2
fewer,fewer,较少的,ADJ,B2
in two,in two,成两半,ADV,B2
organically,organically,有机地,ADV,B2
certainly,certainly,当然,INTJ,B2
present time,present time,现在,NOUN,B2
coworker,coworker,同事,NOUN,B2
rock slab,rock slab,岩板,NOUN,B2
sunglasses,sunglasses,太阳镜,NOUN,B2
all everyone,all everyone,所有/大家,PRON,B2
subject topic,subject topic,主题/话题,NOUN,B2
personal integrity,personal integrity,个人隐私,NOUN,B2
parcel,parcel,包裹,NOUN,B2
violently,violently,暴力地,ADV,B2
it common,it common,它 (通性),PRON,B2
happily,happily,快乐地,ADV,B2
what kind of,what kind of,什么样的,PRON,B2
heart,heart,心,ADV,B2
decimal,decimal,小数,NOUN,B2
to be taken,to be taken,被拿走,VERB,B2
junior jersey,junior jersey,,NOUN,B2
explosives,explosives,炸药,NOUN,B2
lesbian,lesbian,女同性恋的,ADJ,B2
to kidnapped,to kidnapped,绑架,VERB,B2
to bring lead,to bring lead,带来/引导,VERB,B2
just over,just over,稍微超过,ADV,B2
death,death,致死,ADV,B2
cognac,cognac,干邑,NOUN,B2
resistance movement,resistance movement,抵抗运动,NOUN,B2
snazzy,snazzy,时髦的,ADJ,B2
chill,chill,放松,ADJ,B2
recall,recall,回忆,NOUN,B2
to lay put,to lay put,放,VERB,B2
out here,out here,这里外面,ADV,B2
away gone,away gone,不在/离开,ADV,B2
to know feel,to know feel,认识/感觉,VERB,B2
away,away,避开,ADP,B2
knock,knock,敲击,NOUN,B2
to scout,to scout,侦察,VERB,B2
action plan,action plan,行动方案,NOUN,B2
thoughtfully,thoughtfully,体贴地,ADV,B2
upward,upward,向上,ADV,B2
full drunk,full drunk,满的/醉的,ADJ,B2
to warm,to warm,加热,VERB,B2
nah,nah,不,INTJ,B2
freedom of opinion,freedom of opinion,意见自由,NOUN,B2
funniness,funniness,,NOUN,B2
super dead,super dead,,NOUN,B2
test drive,test drive,,NOUN,B2
beside,beside,在...旁边,ADP,B2
last evening,last evening,,NOUN,B2
hither,hither,到这里,ADV,B2
fresh,fresh,,NOUN,B2
high tall,high tall,高的,ADJ,B2
to leave stick,to leave stick,离开/刺,VERB,B2
more fun,more fun,更有趣的,ADJ,B2
part-time worker,part-time worker,兼职工,NOUN,B2
to consider think,to consider think,考虑/思考,VERB,B2
before previously,before previously,以前,ADV,B2
determined definite,determined definite,确定的,ADJ,B2
swine,swine,猪,NOUN,B2
roadblock,roadblock,,NOUN,B2
play game,play game,游戏/玩耍,NOUN,B2
grille,grille,格栅,NOUN,B2
demonstrative,demonstrative,演示的,ADJ,B2
alder,alder,桤木,NOUN,B2
to paint over,to paint over,重新粉刷,VERB,B2
nuclear weapon,nuclear weapon,核武器,NOUN,B2
emotionally,emotionally,情感上,ADV,B2
resource shortage,resource shortage,资源短缺,NOUN,B2
ears,ears,耳朵,NOUN,B2
minority group,minority group,少数群体,NOUN,B2
to bump push,to bump push,推/碰撞,VERB,B2
poorer,poorer,更穷的,ADJ,B2
every other,every other,每隔一个,DET,B2
for because,for because,因为,CCONJ,B2
innermost,innermost,最里面的,ADV,B2
student loan,student loan,助学贷款,NOUN,B2
gastronomic,gastronomic,美食的,ADJ,B2
moose,moose,驼鹿,NOUN,B2
hag,hag,老妇,NOUN,B2
bigger,bigger,更大的,ADJ,B2
attempted murder,attempted murder,谋杀未遂,NOUN,B2
much many,much many,许多,ADJ,B2
witness protection,witness protection,,NOUN,B2
to give a ride,to give a ride,载送一程,VERB,B2
to push through,to push through,推动,VERB,B2
pie,pie,派,NOUN,B2
just precis,just precis,恰好,ADV,B2
gladly willingly,gladly willingly,乐意地/宁愿,ADV,B2
to object,to object,反对,VERB,B2
cleanly,cleanly,干净地,ADV,B2
kind species,kind species,种类/物种,NOUN,B2
super high,super high,,NOUN,B2
poor devil,poor devil,可怜虫,NOUN,B2
from above,from above,从上方,ADV,B2
confounded,confounded,该死的,ADJ,B2
dator,dator,电脑,NOUN,B2
fine pretty,fine pretty,美丽的,ADJ,B2
civilisation,civilisation,文明,NOUN,B2
preliminary investigation,preliminary investigation,,NOUN,B2
to blunder,to blunder,犯大错,VERB,B2
astray,astray,迷路,ADJ,B2
hooray,hooray,万岁,INTJ,B2
scientists,scientists,科学家,NOUN,B2
known famous,known famous,著名的/熟悉的,ADJ,B2
sync,sync,同步,NOUN,B2
the chinese,the chinese,中国人,NOUN,B2
freedom of the press,freedom of the press,出版自由,NOUN,B2
nourishment,nourishment,营养,NOUN,B2
swim training,swim training,,NOUN,B2
will shall,will shall,将要/会,AUX,B2
artistry,artistry,,NOUN,B2
light-year,light-year,,NOUN,B2
poor wretched,poor wretched,可怜的,ADJ,B2
ground basis,ground basis,基础/理由,NOUN,B2
to raise bring up,to raise bring up,抚养,VERB,B2
good day,good day,你好,INTJ,B2
director manager,director manager,主管/经理,NOUN,B2
mental hospital,mental hospital,精神病院,NOUN,B2
to steer control,to steer control,控制,VERB,B2
safe secure,safe secure,安全的/可靠的,ADJ,B2
to put set,to put set,放置,VERB,B2
to mirror,to mirror,反映,VERB,B2
good well,good well,好/很好,ADJ,B2
good-looking person,good-looking person,帅哥/美女,NOUN,B2
jews,jews,犹太人,NOUN,B2
sailboat,sailboat,,NOUN,B2
to train exercise,to train exercise,训练/锻炼,VERB,B2
to flee escape,to flee escape,逃跑,VERB,B2
to decide determine,to decide determine,决定/确定,VERB,B2
salon,salon,沙龙,NOUN,B2
hot dog stand,hot dog stand,小吃摊,NOUN,B2
omelette,omelette,煎蛋卷,NOUN,B2
fiancee,fiancee,未婚妻,NOUN,B2
on board,on board,在船上,ADV,B2
listen up,listen up,听着,INTJ,B2
scene stage,scene stage,场景/舞台,NOUN,B2
police chief,police chief,警察局长,NOUN,B2
to bark scold,to bark scold,吠/责骂,VERB,B2
sliding,sliding,滑动的,ADJ,B2
to be included,to be included,包含,VERB,B2
sweetness,sweetness,,NOUN,B2
idiotic,idiotic,愚蠢的,ADJ,B2
dans,dans,舞蹈,NOUN,B2
cover blanket,cover blanket,覆盖物,NOUN,B2
millions of,millions of,数百万的,NUM,B2
legion unit,legion unit,,NOUN,B2
caught,caught,被捕获的,ADJ,B2
the safe,the safe,保险箱,NOUN,B2
bro,bro,哥们,NOUN,B2
morphine,morphine,吗啡,NOUN,B2
nineteen,nineteen,十九,NUM,B2
half-year,half-year,半年,NOUN,B2
meeting hit,meeting hit,会面/击中,NOUN,B2
long,long,,NOUN,B2
to function work,to function work,运作/起作用,VERB,B2
hamburger,hamburger,汉堡包,NOUN,B2
skater,skater,,NOUN,B2
to mean entail,to mean entail,意味着,VERB,B2
dressed,dressed,穿着的,ADJ,B2
deadly,deadly,致命地,ADV,B2
delayed,delayed,延误的,ADJ,B2
all of it,all of it,全部,PRON,B2
slower,slower,更慢,ADJ,B2
overfall,overfall,,NOUN,B2
to make out,to make out,接吻,VERB,B2
knocked out,knocked out,被淘汰的,ADJ,B2
fair hair,fair hair,,NOUN,B2
track trace,track trace,痕迹/轨道,NOUN,B2
all of them,all of them,大家,PRON,B2
rug,rug,地毯,NOUN,B2
work task,work task,工作任务,NOUN,B2
to tire get tired,to tire get tired,疲倦/厌烦,VERB,B2
turntable,turntable,,NOUN,B2
convicted,convicted,被判罪的,ADJ,B2
competition bastard,competition bastard,,NOUN,B2
self-defense,self-defense,自卫,NOUN,B2
starting point,starting point,出发点,NOUN,B2
evening meal,evening meal,晚餐,NOUN,B2
shorter,shorter,更短的,ADJ,B2
visiting ban,visiting ban,,NOUN,B2
backward,backward,向后,ADV,B2
closed disabled,closed disabled,关闭的/禁用的,ADJ,B2
calming,calming,令人平静的,ADJ,B2
europe,europe,欧洲,PROPN,B2
trainer,trainer,教练,NOUN,B2
beaten,beaten,被打败的,ADJ,B2
gas flame,gas flame,煤气火焰,NOUN,B2
thinner,thinner,更薄的,ADJ,B2
police report,police report,,NOUN,B2
bigness,bigness,,NOUN,B2
attitude setting,attitude setting,态度/设置,NOUN,B2
outer,outer,外部的,ADJ,B2
to think opine,to think opine,认为,VERB,B2
retirement pension,retirement pension,退休金,NOUN,B2
antiseptic,antiseptic,防腐,ADJ,B2
sweet potato,sweet potato,红薯,NOUN,B2
crosswalk,crosswalk,斑马线,NOUN,B2
uncovering,uncovering,破获,NOUN,B2
voice command,voice command,声令,NOUN,B2
from away from,from away from,离,ADP,B2
morale,morale,士气,NOUN,B2
to secrete,to secrete,分泌,VERB,B2
dissimilarity,dissimilarity,相异性,NOUN,B2
super-internal,super-internal,超内,NOUN,B2
capping ceremony,capping ceremony,冠礼,NOUN,B2
pine forest,pine forest,松林,NOUN,B2
short rest,short rest,歇一,NOUN,B2
to use force,to use force,动武,VERB,B2
surfing,surfing,冲浪,NOUN,B2
decision-making,decision-making,决策,NOUN,B2
hard to adapt,hard to adapt,难以适应,ADJ,B2
altogether,altogether,共,ADV,B2
non-skill,non-skill,非技,NOUN,B2
speed measurement,speed measurement,测速,NOUN,B2
overthinking,overthinking,你想多,NOUN,B2
mantra,mantra,心诀,NOUN,B2
contrary to expectations,contrary to expectations,偏偏,ADV,B2
knockout match,knockout match,淘汰赛,NOUN,B2
social development,social development,社会发展,NOUN,B2
to report to authorities,to report to authorities,举报,VERB,B2
air pressure,air pressure,气压,NOUN,B2
reverse thought,reverse thought,反念,NOUN,B2
non-work,non-work,非工,NOUN,B2
architecture photo,architecture photo,建筑照,NOUN,B2
re-sole,re-sole,再唯,NOUN,B2
inconceivable unimaginable,inconceivable unimaginable,不可思议,ADJ,B2
final account,final account,决算,NOUN,B2
large amount,large amount,大量,NOUN,B2
two days,two days,两天,NUM,B2
all day,all day,整天,ADV,B2
altered art,altered art,改艺,NOUN,B2
moonlight,moonlight,月色,NOUN,B2
comforted,comforted,宽慰,ADJ,B2
from then on,from then on,从此,ADV,B2
my taking,my taking,我拿,NOUN,B2
push further,push further,进尺,NOUN,B2
lifelong promise,lifelong promise,许白首不离,NOUN,B2
golf,golf,高尔夫,NOUN,B2
second unit of time,second unit of time,秒,NOUN,B2
green blue,green blue,青,ADJ,B2
snore,snore,打呼噜,NOUN,B2
the human world,the human world,人间,NOUN,B2
grand theater,grand theater,大剧院,NOUN,B2
you scared me,you scared me,你吓死我,NOUN,B2
too heavy,too heavy,太重,ADJ,B2
to be pregnant,to be pregnant,怀孕,VERB,B2
to practice sword,to practice sword,练剑,VERB,B2
shift work,shift work,轮班,NOUN,B2
tire pressure,tire pressure,胎压,NOUN,B2
cold case,cold case,悬案,NOUN,B2
emphasize,emphasize,着重,ADV,B2
this sword,this sword,这剑,NOUN,B2
bamboo shoot,bamboo shoot,竹笋,NOUN,B2
super-root,super-root,超本,NOUN,B2
he she,he she,伊,PRON,B2
tendering,tendering,招标,NOUN,B2
no wonder,no wonder,难怪,ADV,B2
foe,foe,敌友,NOUN,B2
casual photo,casual photo,生活照,NOUN,B2
that pair,that pair,那付,NOUN,B2
quick speech,quick speech,快说,NOUN,B2
extreme height,extreme height,极高,NOUN,B2
crude oil,crude oil,原油,NOUN,B2
all with,all with,都与,NOUN,B2
empress mother,empress mother,你母后,NOUN,B2
major case,major case,大案,NOUN,B2
to dry clean,to dry clean,干洗,VERB,B2
not intentional,not intentional,不是故意,ADJ,B2
to exchange currency,to exchange currency,换汇,VERB,B2
anti-specificity,anti-specificity,反殊,NOUN,B2
edit,edit,重辑,NOUN,B2
to do what,to do what,干嘛,VERB,B2
sticky note,sticky note,便签,NOUN,B2
demeanor,demeanor,仪态,NOUN,B2
this route,this route,这路,NOUN,B2
divine fist,divine fist,神拳,NOUN,B2
re-echo,re-echo,再响,NOUN,B2
to release me,to release me,放我,VERB,B2
non-possible,non-possible,非可,NOUN,B2
re-popularization,re-popularization,再普,NOUN,B2
shadow guard,shadow guard,暗卫,NOUN,B2
to patrol,to patrol,巡逻,VERB,B2
amended inclusion,amended inclusion,改纳,NOUN,B2
fractal,fractal,分形,NOUN,B2
one year,one year,一年,NUM,B2
entrapment,entrapment,身陷,NOUN,B2
express car,express car,快车,NOUN,B2
great merit,great merit,大功,NOUN,B2
non-so,non-so,非然,NOUN,B2
foundation base,foundation base,基础,NOUN,B2
over-surface,over-surface,超面,NOUN,B2
timely,timely,适时,ADJ,B2
walnut,walnut,核桃,NOUN,B2
good faith,good faith,信义,NOUN,B2
destroy,destroy,毁掉,NOUN,B2
antifreeze,antifreeze,防冻剂,NOUN,B2
to sum up,to sum up,总括,VERB,B2
random posting,random posting,乱贴,NOUN,B2
non-nature,non-nature,非性,NOUN,B2
treacherous minister,treacherous minister,奸臣,NOUN,B2
cilantro,cilantro,香菜,NOUN,B2
mixed forest,mixed forest,混交林,NOUN,B2
to ambush,to ambush,埋伏,VERB,B2
to worsen to deteriorate,to worsen to deteriorate,恶化,VERB,B2
exchange goods,exchange goods,换货,NOUN,B2
mix bar,mix bar,混吧,NOUN,B2
re-admission,re-admission,重纳,NOUN,B2
state relatives,state relatives,国戚,NOUN,B2
incurable,incurable,不可救药,ADJ,B2
important case,important case,要案,NOUN,B2
super-unity,super-unity,超一,NOUN,B2
senior male student,senior male student,学长,NOUN,B2
at the appointed time,at the appointed time,届时,ADV,B2
to donate blood,to donate blood,献血,VERB,B2
doesn't work,doesn't work,不通,ADJ,B2
super-quantity,super-quantity,超量,NOUN,B2
as quickly as possible,as quickly as possible,尽快,ADV,B2
eyes,eyes,眼中,NOUN,B2
in high spirits,in high spirits,兴高采烈,ADJ,B2
to not sleep,to not sleep,睡不,VERB,B2
number of people,number of people,人数,NOUN,B2
sports,sports,体育,NOUN,B2
counter-quantity,counter-quantity,反量,NOUN,B2
class lesson,class lesson,课,NOUN,B2
in other words,in other words,换言之,ADV,B2
worry-free,worry-free,无忧,NOUN,B2
re-face,re-face,重面,NOUN,B2
equal size,equal size,等大,NOUN,B2
re-verification,re-verification,改证,NOUN,B2
good hall,good hall,好殿,NOUN,B2
social credit,social credit,社会信用,NOUN,B2
to accounting,to accounting,核算,VERB,B2
air raid,air raid,空袭,NOUN,B2
family portrait,family portrait,全家福,NOUN,B2
that night,that night,那晚,NOUN,B2
xiulian,xiulian,秀莲,NOUN,B2
to suffer losses,to suffer losses,吃亏,VERB,B2
bluntness,bluntness,直说,NOUN,B2
polar technology,polar technology,极地技术,NOUN,B2
ten million,ten million,千万,NUM,B2
later stage,later stage,后期,NOUN,B2
several times,several times,几遍,NOUN,B2
hard to operate,hard to operate,难以操作,ADJ,B2
re-opportunity,re-opportunity,再机,NOUN,B2
outpatient,outpatient,门诊,NOUN,B2
printout,printout,打印件,NOUN,B2
non-institution,non-institution,非制,NOUN,B2
careful search,careful search,仔细搜,NOUN,B2
crowdfunding,crowdfunding,众筹,NOUN,B2
to linkage,to linkage,联动,VERB,B2
what kind,what kind,什么样,PRON,B2
larger,larger,再大,NOUN,B2
makeup leave,makeup leave,补休,NOUN,B2
bumping,bumping,碰我,NOUN,B2
re-staging,re-staging,改阶,NOUN,B2
where,where,哪里,PRON,B2
not very good,not very good,不太好,ADJ,B2
for to,for to,为,ADP,B2
main camp,main camp,大营,NOUN,B2
to be taken in,to be taken in,上当,VERB,B2
nauseous disgusting,nauseous disgusting,恶心,ADJ,B2
to move sb emotionally,to move sb emotionally,感动,VERB,B2
in the middle of doing,in the middle of doing,正在,ADV,B2
financial center,financial center,金融中心,NOUN,B2
ghostly look,ghostly look,鬼样子,NOUN,B2
to bring about,to bring about,促成,VERB,B2
synthetic fiber,synthetic fiber,化纤,NOUN,B2
modern dance,modern dance,现代舞,NOUN,B2
latin dance,latin dance,拉丁舞,NOUN,B2
outstanding merit,outstanding merit,奇功,NOUN,B2
near-dry,near-dry,近干,NOUN,B2
to give oneself up,to give oneself up,投案,VERB,B2
no benefit,no benefit,无一利,NOUN,B2
to esteem,to esteem,推崇,VERB,B2
to not lose,to not lose,别丢,VERB,B2
partial basis,partial basis,分据,NOUN,B2
military pay,military pay,军饷,NOUN,B2
to sell foreign exchange,to sell foreign exchange,售汇,VERB,B2
hundred million,hundred million,亿,NUM,B2
missile,missile,导弹,NOUN,B2
to plant trees,to plant trees,植树,VERB,B2
i,i,我连,NOUN,B2
mountaineering,mountaineering,登山,NOUN,B2
hidden master,hidden master,江湖里卧虎,NOUN,B2
township,township,乡镇,NOUN,B2
interest rate,interest rate,利率,NOUN,B2
carefulness,carefulness,细心,NOUN,B2
your highness,your highness,殿下,NOUN,B2
plantain,plantain,芭蕉,NOUN,B2
slim,slim,苗条,ADJ,B2
countability,countability,屈指可数,NOUN,B2
territory expansion,territory expansion,开疆,NOUN,B2
to go on stage,to go on stage,上场,VERB,B2
crosstalk,crosstalk,相声,NOUN,B2
soaking,soaking,等你泡,NOUN,B2
fashionable,fashionable,时髦,ADJ,B2
blowout,blowout,爆胎,NOUN,B2
advance guard,advance guard,先遣,NOUN,B2
reach position,reach position,及位,NOUN,B2
to stare blankly,to stare blankly,发呆,VERB,B2
world record,world record,世界纪录,NOUN,B2
this poison,this poison,这毒,NOUN,B2
re-suffering,re-suffering,再受,NOUN,B2
mango,mango,芒果,NOUN,B2
master's possession,master's possession,爷有,NOUN,B2
social competition,social competition,社会竞争,NOUN,B2
hydrogen energy,hydrogen energy,氢能,NOUN,B2
return mansion first,return mansion first,先回府,NOUN,B2
poor quality,poor quality,劣质,ADJ,B2
vain,vain,白白,NOUN,B2
tea party,tea party,茶话会,NOUN,B2
social science,social science,社会科学,NOUN,B2
trans-inference,trans-inference,超推,NOUN,B2
county road,county road,县道,NOUN,B2
round-robin tournament,round-robin tournament,循环赛,NOUN,B2
to record sound,to record sound,录音,VERB,B2
not necessarily,not necessarily,未必,ADV,B2
non-form,non-form,非式,NOUN,B2
to fart,to fart,放屁,VERB,B2
saturated,saturated,饱和,ADJ,B2
sisters,sisters,姐妹,NOUN,B2
to apply for a job,to apply for a job,应聘,VERB,B2
human need,human need,人要,NOUN,B2
artificial intelligence,artificial intelligence,人工智能,NOUN,B2
house arrest,house arrest,软禁,NOUN,B2
to total,to total,共计,VERB,B2
defeated soldier,defeated soldier,败兵,NOUN,B2
not very,not very,不怎么,ADV,B2
famous brand,famous brand,名牌,NOUN,B2
hard to spread,hard to spread,难以推广,ADJ,B2
to submit to,to submit to,顺从,VERB,B2
pickup truck,pickup truck,皮卡,NOUN,B2
by me,by me,以我,NOUN,B2
the end,the end,尽头,NOUN,B2
ling,ling,叫凌,NOUN,B2
middle third of a month,middle third of a month,中旬,NOUN,B2
ultimate art,ultimate art,绝学,NOUN,B2
non-thing,non-thing,非物,NOUN,B2
co-conspirator,co-conspirator,同谋,NOUN,B2
death anniversary,death anniversary,忌日,NOUN,B2
within one's power,within one's power,力所能及,ADJ,B2
he him,he him,他,PRON,B2
to found a country,to found a country,建国,VERB,B2
to get rich,to get rich,发财,VERB,B2
to resolve doubts,to resolve doubts,解惑,VERB,B2
trans-deduction,trans-deduction,超绎,NOUN,B2
winter vacation,winter vacation,寒假,NOUN,B2
casualties,casualties,伤亡,NOUN,B2
extremity,extremity,极为,NOUN,B2
amended classification,amended classification,改归,NOUN,B2
reining,reining,勒马,NOUN,B2
genuine product,genuine product,正品,NOUN,B2
to wish one could,to wish one could,恨不得,VERB,B2
reason and justice common sense,reason and justice common sense,情理,NOUN,B2
winning bid price,winning bid price,中标价,NOUN,B2
secret alliance,secret alliance,暗通锦,NOUN,B2
hyper-efficacy,hyper-efficacy,超效,NOUN,B2
in case sth happens,in case sth happens,一旦,SCONJ,B2
finished laughter,finished laughter,笑完,NOUN,B2
open theft,open theft,明拿,NOUN,B2
hard to satisfy,hard to satisfy,难以满足,ADJ,B2
wait inside,wait inside,里候,NOUN,B2
to stop bleeding,to stop bleeding,止血,VERB,B2
crude,crude,简陋,ADJ,B2
anti-inwardness,anti-inwardness,反内,NOUN,B2
bayberry,bayberry,杨梅,NOUN,B2
one handful,one handful,一把,NUM,B2
you take,you take,你拿,NOUN,B2
blade mountain,blade mountain,刀山,NOUN,B2
to ask rhetorically,to ask rhetorically,反问,VERB,B2
in order,in order,依次,ADV,B2
non-step,non-step,非步,NOUN,B2
porcelain,porcelain,瓷器,NOUN,B2
river bank,river bank,河岸,NOUN,B2
to not fear,to not fear,别怕,VERB,B2
opening ceremony,opening ceremony,开幕仪式,NOUN,B2
to give up halfway,to give up halfway,半途而废,VERB,B2
modal particle,modal particle,啊,PART,B2
potency,potency,药效,NOUN,B2
chinese chess,chinese chess,象棋,NOUN,B2
super-basis,super-basis,超据,NOUN,B2
pacifier,pacifier,奶嘴,NOUN,B2
to survey,to survey,调研,VERB,B2
at the earliest possible time,at the earliest possible time,及早,ADV,B2
bout,bout,阵,NOUN,B2
numb powder,numb powder,五麻散,NOUN,B2
mineral water,mineral water,矿泉水,NOUN,B2
non-subject,non-subject,非主,NOUN,B2
to bring to,to bring to,带到,VERB,B2
scrutiny,scrutiny,明察,NOUN,B2
bustling with noise and excitement,bustling with noise and excitement,热闹,ADJ,B2
to feel relieved,to feel relieved,放心,VERB,B2
social news,social news,社会新闻,NOUN,B2
bereavement leave,bereavement leave,丧假,NOUN,B2
social tradition,social tradition,社会传统,NOUN,B2
sit,sit,坐坐,NOUN,B2
to default,to default,赖账,VERB,B2
ten thousand years,ten thousand years,万年,NOUN,B2
to return visit,to return visit,回访,VERB,B2
tendering meeting,tendering meeting,招标会,NOUN,B2
bitter decision,bitter decision,痛下,NOUN,B2
dragon fruit,dragon fruit,火龙果,NOUN,B2
i hate,i hate,我恨,NOUN,B2
old jiang,old jiang,老江,NOUN,B2
troop dispatch,troop dispatch,出兵,NOUN,B2
to revolve around,to revolve around,围绕,VERB,B2
tax evasion,tax evasion,逃税,NOUN,B2
to cut robe,to cut robe,割袍,VERB,B2
direct shot,direct shot,面射,NOUN,B2
you and i,you and i,我和你,NOUN,B2
social experiment,social experiment,社会实验,NOUN,B2
pros and cons,pros and cons,利害,NOUN,B2
to make a fool of oneself,to make a fool of oneself,出洋相,VERB,B2
cloud computing,cloud computing,云计算,NOUN,B2
also,also,也要,AUX,B2
plum rain season,plum rain season,梅雨,NOUN,B2
how to do it,how to do it,办呢,ADV,B2
to have a fever,to have a fever,发烧,VERB,B2
middle stage,middle stage,中期,NOUN,B2
to file expense,to file expense,报账,VERB,B2
over-war,over-war,超战,NOUN,B2
social role,social role,社会角色,NOUN,B2
gong,gong,锣,NOUN,B2
esteemed guest,esteemed guest,嘉宾,NOUN,B2
light snow,light snow,小雪,NOUN,B2
coconut,coconut,椰子,NOUN,B2
non-machine,non-machine,非机,NOUN,B2
unceasing,unceasing,不断,ADV,B2
it can be seen,it can be seen,可见,ADV,B2
speaking,speaking,说得,NOUN,B2
master's grudge,master's grudge,师仇,NOUN,B2
reverse compilation,reverse compilation,反辑,NOUN,B2
special zone,special zone,特区,NOUN,B2
counter-limit,counter-limit,反限,NOUN,B2
dashing,dashing,潇洒,ADJ,B2
to set a record,to set a record,创造纪录,VERB,B2
contents,contents,内有,NOUN,B2
social revolution,social revolution,社会革命,NOUN,B2
to be in a state,to be in a state,处于,VERB,B2
defense to death,defense to death,死守,NOUN,B2
back-and-forth,back-and-forth,来来回回,NOUN,B2
greenhouse gas,greenhouse gas,温室气体,NOUN,B2
south gate,south gate,南关,NOUN,B2
mass innovation,mass innovation,众创,NOUN,B2
playground,playground,操场,NOUN,B2
college entrance examination,college entrance examination,高考,NOUN,B2
imperial family,imperial family,皇室,NOUN,B2
to be open for business,to be open for business,营业,VERB,B2
to show favoritism,to show favoritism,徇私,VERB,B2
eldest sister,eldest sister,大姐,NOUN,B2
rare earth,rare earth,稀土,NOUN,B2
non-domain,non-domain,非畴,NOUN,B2
one matter,one matter,一事,NOUN,B2
to fire a gun,to fire a gun,开枪,VERB,B2
would rather,would rather,宁愿,SCONJ,B2
open tournament,open tournament,公开赛,NOUN,B2
smooth,smooth,能磨平,NOUN,B2
tasty delicious,tasty delicious,好吃,ADJ,B2
to be unharmed,to be unharmed,无恙,VERB,B2
to pick up a car,to pick up a car,取车,VERB,B2
despite,despite,虽有,NOUN,B2
devoted,devoted,尽心,ADV,B2
new year's eve dinner,new year's eve dinner,年夜饭,NOUN,B2
dispense ceremony,dispense ceremony,免礼,NOUN,B2
air leak,air leak,漏气,NOUN,B2
hard to implement,hard to implement,难以实施,ADJ,B2
mr. sir,mr. sir,先生,NOUN,B2
modified category,modified category,改类,NOUN,B2
staying behind,staying behind,我留下,NOUN,B2
swordplay,swordplay,剑走,NOUN,B2
graphics card,graphics card,显卡,NOUN,B2
to slight,to slight,怠慢,VERB,B2
quite a few,quite a few,好些,ADJ,B2
yo,yo,哟,PART,B2
classifier for small round objects,classifier for small round objects,颗,NOUN,B2
be worthy of,be worthy of,不愧,ADV,B2
cash conversion,cash conversion,改现,NOUN,B2
to it is said that,to it is said that,据说,VERB,B2
to bandage,to bandage,包扎,VERB,B2
middle part,middle part,中部,NOUN,B2
hard to judge,hard to judge,难以判断,ADJ,B2
frostbite,frostbite,冻伤,NOUN,B2
letter paper,letter paper,信纸,NOUN,B2
volleyball,volleyball,排球,NOUN,B2
re-process,re-process,重程,NOUN,B2
posture,posture,作势,NOUN,B2
far away,far away,远远,ADV,B2
body temperature,body temperature,体温,NOUN,B2
in the final analysis,in the final analysis,归根结底,ADV,B2
three-sided siege,three-sided siege,三面围,NOUN,B2
prefectural registrar,prefectural registrar,府典,NOUN,B2
if i,if i,我若,SCONJ,B2
social inclusion,social inclusion,社会包容,NOUN,B2
about to,about to,快要,ADV,B2
weightlifting,weightlifting,举重,NOUN,B2
to be in contact with,to be in contact with,相处,VERB,B2
amended abstraction,amended abstraction,改抽,NOUN,B2
o'clock,o'clock,点,NOUN,B2
modder,modder,改客,NOUN,B2
be willing,be willing,愿意,AUX,B2
to lose heart,to lose heart,灰心,VERB,B2
to harm you,to harm you,害你,VERB,B2
trustworthiness,trustworthiness,讲信,NOUN,B2
grasp,grasp,把及,NOUN,B2
to cope with,to cope with,应对,VERB,B2
sword placement,sword placement,剑放,NOUN,B2
natural gas,natural gas,天然气,NOUN,B2
garment,garment,衣,PART,B2
super-necessity,super-necessity,超必,NOUN,B2
sleep bar,sleep bar,睡吧,NOUN,B2
hard and soft,hard and soft,刚柔,NOUN,B2
rotating leave,rotating leave,轮休,NOUN,B2
tachometer,tachometer,转速表,NOUN,B2
heavy rain,heavy rain,大雨,NOUN,B2
social consensus,social consensus,社会共识,NOUN,B2
dispatch,dispatch,我派,NOUN,B2
to earn money,to earn money,挣钱,VERB,B2
spinach,spinach,菠菜,NOUN,B2
to part forever,to part forever,永别,VERB,B2
on time,on time,按时,ADV,B2
serialized drama,serialized drama,连续剧,NOUN,B2
mudslide,mudslide,泥石流,NOUN,B2
waste residue,waste residue,废渣,NOUN,B2
heavy class,heavy class,重类,NOUN,B2
outsider,outsider,无亲无故,NOUN,B2
imperial gaze,imperial gaze,朕看,NOUN,B2
briefing,briefing,简报,NOUN,B2
foreign exchange,foreign exchange,外汇,NOUN,B2
lu ke,lu ke,陆珂,NOUN,B2
to attain enlightenment,to attain enlightenment,得道,VERB,B2
to find you,to find you,找你,VERB,B2
to lose one's job,to lose one's job,失业,VERB,B2
to machine wash,to machine wash,机洗,VERB,B2
that place,that place,在那,NOUN,B2
to support with the hand,to support with the hand,扶,VERB,B2
social equality,social equality,社会平等,NOUN,B2
pursuer,pursuer,追兵,NOUN,B2
wedding ceremony,wedding ceremony,婚礼,NOUN,B2
network card,network card,网卡,NOUN,B2
individual specific,individual specific,个别,ADJ,B2
ripeness,ripeness,该熟,NOUN,B2
to battle,to battle,之战,VERB,B2
my audience,my audience,我要见,NOUN,B2
to solve a case,to solve a case,破案,VERB,B2
wind force,wind force,风力,NOUN,B2
to declare war,to declare war,宣战,VERB,B2
nationwide,nationwide,全国,NOUN,B2
misstep,misstep,失足,NOUN,B2
empress dowager,empress dowager,母后,NOUN,B2
to draw blood,to draw blood,抽血,VERB,B2
hard to execute,hard to execute,难以执行,ADJ,B2
inappropriateness,inappropriateness,不妥,NOUN,B2
to act wildly to act recklessly,to act wildly to act recklessly,乱来,VERB,B2
whole body,whole body,连身,NOUN,B2
glass noodles,glass noodles,粉丝,NOUN,B2
death trap,death trap,死地,NOUN,B2
but on the contrary,but on the contrary,反倒,ADV,B2
kindly,kindly,慈祥,ADJ,B2
to report back,to report back,复命,VERB,B2
change of faith,change of faith,改信,NOUN,B2
memoir,memoir,回忆录,NOUN,B2
buddies,buddies,哥们,NOUN,B2
to feel sorry for,to feel sorry for,惋惜,VERB,B2
to strictly prohibit,to strictly prohibit,严禁,VERB,B2
desperately serious,desperately serious,不得了,ADJ,B2
apology for disrespect,apology for disrespect,失敬失敬,NOUN,B2
trans-dialectic,trans-dialectic,超辩,NOUN,B2
you want sword,you want sword,你要剑……,NOUN,B2
to feel wronged,to feel wronged,委屈,VERB,B2
super-proof,super-proof,超证,NOUN,B2
brother he,brother he,郃弟,NOUN,B2
to understand by listening,to understand by listening,听懂,VERB,B2
briskness,briskness,轻快,NOUN,B2
to betray one's country,to betray one's country,卖国,VERB,B2
to take a photo,to take a photo,照相,VERB,B2
midterm exam,midterm exam,期中考,NOUN,B2
my death,my death,我死,NOUN,B2
sand and dust,sand and dust,沙尘,NOUN,B2
stillness,stillness,静中,NOUN,B2
wandering monk,wandering monk,游方,NOUN,B2
acupoint strike,acupoint strike,点穴,NOUN,B2
classifier for flowers,classifier for flowers,朵,NUM,B2
non-reality,non-reality,非实,NOUN,B2
quick arrival,quick arrival,赶紧到,NOUN,B2
non-general,non-general,非般,NOUN,B2
non-effect,non-effect,非效,NOUN,B2
generally accepted,generally accepted,公认,ADJ,B2
fastening,fastening,要扎紧,NOUN,B2
storage room,storage room,储藏室,NOUN,B2
anti-state,anti-state,反态,NOUN,B2
chinese zodiac,chinese zodiac,生肖,NOUN,B2
last time,last time,上次,NOUN,B2
to withdraw a lawsuit,to withdraw a lawsuit,撤诉,VERB,B2
signing ceremony,signing ceremony,签约仪式,NOUN,B2
waiting hall,waiting hall,候车室,NOUN,B2
snow fungus,snow fungus,银耳,NOUN,B2
must listen,must listen,得听,NOUN,B2
measure word general,measure word general,个,NUM,B2
general course,general course,公共课,NOUN,B2
non-origin,non-origin,非原,NOUN,B2
to crossbreed,to crossbreed,杂交,VERB,B2
victory banquet,victory banquet,庆功宴,NOUN,B2
social pressure,social pressure,社会压力,NOUN,B2
re-count,re-count,重数,NOUN,B2
well-timed,well-timed,合时,ADJ,B2
haha,haha,哈哈,INTJ,B2
murong,murong,慕容,NOUN,B2
in passing,in passing,顺便,ADV,B2
to do not know,to do not know,不知,VERB,B2
maternal grace,maternal grace,母恩难,NOUN,B2
inpatient department,inpatient department,住院部,NOUN,B2
to lose face,to lose face,丢脸,VERB,B2
non-essential,non-essential,非本,NOUN,B2
super-state,super-state,超态,NOUN,B2
steamed fish,steamed fish,花雕蒸鳜,NOUN,B2
partial image,partial image,分象,NOUN,B2
to deliver to give as gift,to deliver to give as gift,送,VERB,B2
classwork,classwork,课堂作业,NOUN,B2
mutual visit,mutual visit,互访,NOUN,B2
to take care of oneself,to take care of oneself,保重,VERB,B2
impressions,impressions,感想,NOUN,B2
to fuse,to fuse,融合,VERB,B2
not hard,not hard,不难,ADV,B2
whip,whip,鞭,NOUN,B2
counter-evidence,counter-evidence,反据,NOUN,B2
anti-nature,anti-nature,反性,NOUN,B2
zhuang hun,zhuang hun,庄混,NOUN,B2
heart meridian,heart meridian,心脉……,NOUN,B2
that stretch,that stretch,那片,NOUN,B2
also come,also come,也来,NOUN,B2
judicial,judicial,司法,NOUN,B2
arrangement of ideas,arrangement of ideas,层次,NOUN,B2
public security bureau,public security bureau,公安局,NOUN,B2
very good,very good,很好,ADJ,B2
entail strenuous effort,entail strenuous effort,吃力,NOUN,B2
a chat,a chat,一聊,NOUN,B2
to sightsee,to sightsee,游览,VERB,B2
such an extent as to,such an extent as to,以致,SCONJ,B2
holding,holding,抱有,NOUN,B2
bitter cold,bitter cold,严寒,NOUN,B2
counter-domain,counter-domain,反畴,NOUN,B2
desire for release,desire for release,思放,NOUN,B2
abdominal pain,abdominal pain,腹痛,NOUN,B2
self-concern,self-concern,自顾,NOUN,B2
southern part,southern part,南部,NOUN,B2
hard to complete,hard to complete,难以完成,ADJ,B2
pumpkin seed,pumpkin seed,南瓜子,NOUN,B2
motherland,motherland,祖国,NOUN,B2
to have seen,to have seen,看过,VERB,B2
sorghum,sorghum,高粱,NOUN,B2
sword provocation,sword provocation,剑惹,NOUN,B2
to clarify doubts,to clarify doubts,释疑,VERB,B2
to cover a shift,to cover a shift,替班,VERB,B2
respiration,respiration,呼吸作用,NOUN,B2
bike lane,bike lane,自行车道,NOUN,B2
your wound,your wound,你这伤,NOUN,B2
to remediate,to remediate,整治,VERB,B2
research topic,research topic,课题,NOUN,B2
vice-minister,vice-minister,侍郎,NOUN,B2
to let to allow,to let to allow,让,VERB,B2
classifier for horses,classifier for horses,匹,NUM,B2
non-sole,non-sole,非唯,NOUN,B2
far from,far from,远非,NOUN,B2
flustered,flustered,慌张,ADJ,B2
to prick,to prick,扎,VERB,B2
scripture,scripture,经,NOUN,B2
trans-abstraction,trans-abstraction,超抽,NOUN,B2
social justice,social justice,社会正义,NOUN,B2
to step on,to step on,踩,VERB,B2
piling up,piling up,堆砌,NOUN,B2
books,books,书籍,NOUN,B2
re-interpretation,re-interpretation,重绎,NOUN,B2
heavy system,heavy system,重系,NOUN,B2
frontier,frontier,前沿,NOUN,B2
even you,even you,连你,PRON,B2
ecosystem chain,ecosystem chain,生态链,NOUN,B2
your trouble,your trouble,有劳你,NOUN,B2
polaris,polaris,北极星,NOUN,B2
original state,original state,本就,NOUN,B2
change,change,改变,NOUN,A1
report,report,报告,VERB,A2
start,start,开始,VERB,A1
cover,cover,覆盖,VERB,A2
attack,attack,攻击,VERB,B1
complete,complete,完成,VERB,A2
order,order,订购,VERB,A1
block,block,阻挡,VERB,B1
record,record,记录,VERB,A2
experience,experience,经历,VERB,B1
separate,separate,分开,VERB,B1
practice,practice,练习,VERB,A1
grant,grant,准予,VERB,B2
answer,answer,回答,VERB,A1
emphasize,emphasize,强调,VERB,B2
delay,delay,推迟,VERB,B2
repair,repair,修理,NOUN,B1
decline,decline,下降,VERB,B2
fall,fall,落下,NOUN,B1
appeal,appeal,呼吁,NOUN,B2
question,question,质问,VERB,B1
train,train,训练,VERB,A2
count,count,数数,VERB,A1
right,right,权利,NOUN,A2
fear,fear,害怕,VERB,B1
smoke,smoke,吸烟,VERB,A1
suspect,suspect,嫌疑人,NOUN,B2
decrease,decrease,减少,VERB,B2
a,a an,一个,DET,B2
pile,a big pile,一大堆,NUM,B2
decade,a decade of a century e.g. the Sixties,年代,NOUN,B2
few,a few,几个,NOUN,B2
little,a little,少量的,ADJ,B2
long,a long time,很久,ADV,B2
mess,a mess,混乱的,ADJ,B2
one,a one,一个,DET,B2
a posteriori,a posteriori,后验的,ADJ,B2
a priori,a priori,先验的,ADJ,B2
sound,a sound,一声,NUM,B2
toast,a toast,祝酒,NOUN,B2
abbey,abbey,修道院,NOUN,B2
abbot,abbot,院长,NOUN,B2
abdication,abdication,退位,NOUN,B2
ablaze,ablaze keen,炽热的,ADJ,B2
ablution,ablution,洗礼,NOUN,B2
abomination,abomination,可憎之物,NOUN,B2
abound,to abound,丰富,VERB,B2
fifteen,about fifteen,大约十五,NOUN,B2
fifty,about fifty,大约五十,NOUN,B2
ten,about ten,大约十,NOUN,B2
about,about this,关于这个,ADV,B2
about,about what,关于什么,ADV,B2
which,about which,关于哪个,PRON,B2
above,above,上面,NOUN,B2
above,above all,首先,NOUN,B2
above,above average,高于平均,ADJ,B2
above,above over,在上方,ADP,B2
above-mentioned,above-mentioned,上述的,ADJ,B2
absent-minded,absent-minded,心不在焉的,ADJ,B2
absenteeism,absenteeism,缺勤,NOUN,B2
absolutely,absolutely not,绝对不,ADV,B2
absolution,absolution,赦免,NOUN,B2
absolutist,absolutist,专制主义的,ADJ,B2
abstract,abstract,摘要,NOUN,B2
abstractionism,abstractionism,,NOUN,B2
absurdism,absurdism,,NOUN,B2
abundantly,abundantly,,ADV,B2
abuse,to abuse,,VERB,B2
abuser,abuser,,NOUN,B2
abuse,abuses,,NOUN,B2
accessory,accessory,,NOUN,B2
accommodate,to accommodate to prepare,,VERB,B2
accompany,to accompany you,,VERB,B2
accompanying,accompanying,,ADJ,B2
accordingly,accordingly consequently,,ADV,B2
accreditation,accreditation,,NOUN,B2
accumulator,accumulator,,NOUN,B2
accused,accused,,NOUN,B2
acedia,acedia spiritual sloth,,NOUN,B2
achievable,achievable,,ADJ,B2
achieved,achieved,,ADJ,B2
acid,acid,,ADJ,B2
acid,acid sour,,ADJ,B2
acolyte,acolyte,,NOUN,B2
acorn,acorn,,NOUN,B2
acquired,acquired,,ADJ,B2
acquit,to acquit to settle,,VERB,B2
acrostic,acrostic,,NOUN,B2
intermediary,to act as intermediary,,NOUN,B2
act despotically,to act despotically,,VERB,B2
act on,to act on,,VERB,B2
act on behalf of,to act on behalf of sb in a responsible position,,VERB,B2
action document,action document,,NOUN,B2
activation,activation,,NOUN,B2
active population,active population,,NOUN,B2
activism,activism,,NOUN,B2
activist,activist,,NOUN,B2
activities,activities,,NOUN,B2
actor,actor or actress,,NOUN,B2
actually,actually,,NOUN,B2
acumen,acumen,,NOUN,B2
acuteness,acuteness sharpness,,NOUN,B2
adaptive,adaptive,,ADJ,B2
add-on,add-on,,NOUN,B2
addendum,addendum,,NOUN,B2
additional,additional extra,,ADJ,B2
additionally,additionally,,ADV,B2
address,to address,,VERB,B2
adequate,adequate suitable,,ADJ,B2
adhere,to adhere join,,VERB,B2
adherence,adherence,,NOUN,B2
adhesive bandage,adhesive bandage,,NOUN,B2
adjournment,adjournment,,NOUN,B2
adjudicate,adjudicate,,VERB,B2
adjudication,adjudication,,NOUN,B2
administrative offense,administrative offense,,NOUN,B2
admiration,admiration,,NOUN,B2
admissibility,admissibility acceptance,,NOUN,B2
admissible,admissible eligible,,ADJ,B2
admission,admission,,NOUN,B2
admit,to admit fault,,VERB,B2
confess,to admit to confess,,VERB,B2
admitted,admitted,,ADJ,B2
adopted son,adopted son,,NOUN,B2
adopted son,adopted-son,,NOUN,B2
adoration,adoration worship,,NOUN,B2
adrenaline,adrenaline,,NOUN,B2
adulation,adulation,,NOUN,B2
adultery,adultery,,NOUN,B2
advance notice,advance notice,,NOUN,B2
advertiser,advertiser,,NOUN,B2
advisor,advisor consultant,,NOUN,B2
advisory,advisory,,ADJ,B2
advocacy,advocacy,,NOUN,B2
aerodynamics,aerodynamics,,NOUN,B2
aeronautical,aeronautical,,ADJ,B2
aesthetic taste,aesthetic taste,,NOUN,B2
affability,affability,,NOUN,B2
affected,affected,,ADJ,B2
affected eloquence,affected eloquence,,NOUN,B2
affected speech,affected speech,,NOUN,B2
affectedness,affectedness,,NOUN,B2
affinity,affinity,,NOUN,B2
affliction,affliction,,NOUN,B2
African,African,,ADJ,B2
after,after,,ADV,B2
after all,after all just,,ADV,B2
after this,after this,,ADV,B2
after-class exercises,after-class exercises,,NOUN,B2
aftermath,aftermath,,NOUN,B2
aftertaste,aftertaste,,NOUN,B2
反对,against it,,ADV,B2
玛瑙,agate,,NOUN,B2
寿命,age lifetime,,NOUN,B2
议程,agenda,,NOUN,B2
议程,agenda item,,NOUN,B2
扩张,aggrandizement,,NOUN,B2
加重,aggravated,,ADJ,B2
加重,aggravation,,NOUN,B2
汇总,to aggregate,,VERB,B2
侵略者,aggressor,,NOUN,B2
激动,agitation,,NOUN,B2
父系继承,agnatic inheritance,,NOUN,B2
不可知论,agnostic,,ADJ,B2
不可知论,agnosticism,,NOUN,B2
同意,to agree to approve,,VERB,B2
同意,to agree with,,VERB,B2
啊,ah,,PART,B2
阿方,Ah Fang,,NOUN,B2
啊哈,aha,,INTJ,B2
目标,aim destination,,NOUN,B2
瞄准,to aim steer,,VERB,B2
目标,aims,,NOUN,B2
空调,air conditioner,,NOUN,B2
气温,air temperature,,NOUN,B2
过道,aisle,,NOUN,B2
爱塔歌,aita song,,NOUN,B2
报警,alarm,,VERB,B2
报警系统,alarm system,,NOUN,B2
危言耸听,alarmism,,NOUN,B2
阿拉维,Alawi,,NOUN,B2
炼金术,alchemy,,NOUN,B2
市议员,alderman,,NOUN,B2
警觉,alertness,,NOUN,B2
藻类,algae,,NOUN,B2
algebraic,algebraic,代数的,ADJ,B2
Alice,Alice,爱丽丝,NOUN,B2
alkalinity,alkalinity,碱性,NOUN,B2
all day long,all day long,一整天,ADV,B2
all,all entirely,全部,DET,B2
all night,all night,整夜,ADV,B2
all out,all out,全力,NOUN,B2
all over,all over,到处,ADV,B2
All Saints' Day,All Saints' Day,诸圣节,NOUN,B2
all the more,all the more,更加,ADV,B2
all together,all together,一起,ADV,B2
allegation,allegation,指控,NOUN,B2
alleged,alleged presumed,据称的,ADJ,B2
allegiance,allegiance,忠诚,NOUN,B2
allegorical,allegorical,寓言的,ADJ,B2
allegory,allegory,寓言,NOUN,B2
alley,alleys,小巷,NOUN,B2
ally,allies,盟友,NOUN,B2
alliteration,alliteration,头韵,NOUN,B2
allocation,allocation,分配,NOUN,B2
almond,almonds,杏仁,NOUN,B2
alms,alms,施舍,NOUN,B2
zakat,alms zakat,天课,NOUN,B2
already,already may particle,已经,PART,B2
alright,alright,好的,NOUN,B2
also,also,也,ADP,B2
滥用案,abuse case,,NOUN,B2
滥用权力,abuse of power,,NOUN,B2
学位,academic degree,,NOUN,B2
学业水平考试,academic proficiency test,,NOUN,B2
接单,accept orders,,VERB,B2
无障碍功能,accessibility features,,NOUN,B2
据此,according to that,,ADV,B2
会计,accounting,,ADJ,B2
被告,accused person,,NOUN,B2
叛国指控,accusing of treason,,NOUN,B2
所有权取得,acquisition of ownership,,NOUN,B2
跪拜,act of kneeling,,NOUN,B2
装可怜,to act pitiful,,VERB,B2
礼拜,acts of worship,,NOUN,B2
直呼其名,to address informally,,VERB,B2
宣誓,to administer an oath,,VERB,B2
公证人,adoul notaries,,NOUN,B2
害怕,afraid,,NOUN,B2
仿照,after the example of,,NOUN,B2
之后,after to,,ADP,B2
全部正确,all correct,,NOUN,B2
并非全部,all not,,ADV,B2
全部通过,all passed,,NOUN,B2
几乎,to almost,,VERB,B2
也,also,,NOUN,B2
也,also,,SCONJ,B2
也固定,also fixed,,NOUN,B2
也好,also good,,ADJ,B2
也会,also will,,NOUN,B2
篡改,to alter to spoil,,VERB,B2
修改,alteration,,NOUN,B2
改变的结果,altered outcome,,NOUN,B2
修改的策略,altered strategy,,NOUN,B2
改变的类型,altered type,,NOUN,B2
修改的作品,altered work,,NOUN,B2
analgesia,analgesia,,NOUN,B2
analogous,analogous similar,,ADJ,B2
anamnesis,anamnesis case history,,NOUN,B2
anarchism,anarchism,,NOUN,B2
anathematize,to anathematize,,VERB,B2
anatomy,anatomy dissection,,NOUN,B2
anchoring,anchoring,,NOUN,B2
anchovy,anchovy,,NOUN,B2
Andalusian,Andalusian,,ADJ,B2
aneurysm,aneurysm,,NOUN,B2
animate,to animate,,VERB,B2
anise,anise,,NOUN,B2
annex,annexes,,NOUN,B2
annuity,annuity private income,,NOUN,B2
annulment,annulment,,NOUN,B2
anomie,anomie,,NOUN,B2
anonymity,anonymity,,NOUN,B2
anonymously,anonymously,,ADV,B2
anorexia,anorexia,,NOUN,B2
answer,answer questions,,VERB,B2
answer,to answer to reply,,VERB,B2
answer,answers,答案,NOUN,B2
antedate,to antedate,早于,VERB,B2
anteroom,anteroom,前厅,NOUN,B2
anthem,anthem,国歌,NOUN,B2
anthill,anthill,蚁穴,NOUN,B2
anti-analysis,anti-analysis,反分析,NOUN,B2
anti-concretion,anti-concretion,反具体,NOUN,B2
anti-content,anti-content,反内容,NOUN,B2
anti-essence,anti-essence,反本质,NOUN,B2
anti-establishment,anti-establishment,反建制,NOUN,B2
anti-form,anti-form,反形式,NOUN,B2
anti-law,anti-law,反法律,NOUN,B2
anti-necessity,anti-necessity,反必然,NOUN,B2
anti-particularity,anti-particularity,反特殊性,NOUN,B2
anti-possibility,anti-possibility,反可能,NOUN,B2
anti-reason,anti-reason,反理性,NOUN,B2
anti-rule,anti-rule,反规则,NOUN,B2
anti-Semitic,anti-Semitic,反犹的,ADJ,B2
anti-synthesis,anti-synthesis,反综合,NOUN,B2
anti-unity,anti-unity,反统一,NOUN,B2
anti-use,anti-use,反使用,NOUN,B2
anti-work,anti-work,反工作,NOUN,B2
anticipated,anticipated,预期的,ADJ,B2
antigen test,antigen test,抗原检测,NOUN,B2
antinomy,antinomy,二律背反,NOUN,B2
antiphrasis,antiphrasis,反语,NOUN,B2
antiquity,antiquity,古代,NOUN,B2
antisemite,antisemite,反犹者,NOUN,B2
antonomasia,antonomasia,借代,NOUN,B2
antonym,antonyms,反义词,NOUN,B2
antonymy,antonymy,反义关系,NOUN,B2
anvil,anvil,铁砧,NOUN,B2
anxious,anxious eager,渴望的,ADJ,B2
any,any,任何,ADJ,B2
any,any,任何,ADV,B2
apiary,apiary,蜂场,NOUN,B2
apnea,apnea,呼吸暂停,NOUN,B2
apogee,apogee,远地点,NOUN,B2
apolitical,apolitical,无政治倾向的,ADJ,B2
apology,apologies,道歉,NOUN,B2
apophatic,apophatic,否定神学的,ADJ,B2
apophthegm,apophthegm,格言,NOUN,B2
aporetic,aporetic,困惑的,ADJ,B2
aporia,aporia,困惑,NOUN,B2
apostille,apostille,附加证明书,NOUN,B2
apostle,apostle,使徒,NOUN,B2
app,app,应用程序,NOUN,B2
appeal,to appeal to,诉诸,VERB,B2
appeal,appeals,上诉,NOUN,B2
appear,to appear in court,出庭,VERB,B2
appellate,appellate,上诉的,ADJ,B2
appetizer,appetizers,开胃菜,NOUN,B2
applicable,applicable,适用的,ADJ,B2
apply,apply be valid,适用,VERB,B2
apply,to apply for,申请,VERB,B2
appoint,to appoint add,指定,VERB,B2
appoint,to appoint and nominate,任命,VERB,B2
appoint,to appoint official,任命,VERB,B2
appointment,appointments,任命,NOUN,B2
appraisal,appraisal,评估,NOUN,B2
appropriate,appropriate fitting,适当的,ADJ,B2
appropriateness,appropriateness,适当性,NOUN,B2
appropriation,appropriation,拨款,NOUN,B2
approval,approval pleasure,赞许,NOUN,B2
approved,approved,批准的,ADJ,B2
approx.,approx.,,ADV,B2
aquatic,aquatic,,ADJ,B2
aqueduct,aqueduct,,NOUN,B2
aqueous,aqueous,,ADJ,B2
Arabic,Arabic,,NOUN,B2
Arabic,Arabic language,,NOUN,B2
arabization,arabization,,NOUN,B2
Arab,Arabs,,NOUN,B2
arbitral,arbitral,,ADJ,B2
arbitrarily,arbitrarily,,ADV,B2
arbitrariness,arbitrariness,,NOUN,B2
arbitrator,arbitrator,,NOUN,B2
archaeologist,archaeologist,,NOUN,B2
archbishop,archbishop,,NOUN,B2
archenemy,archenemy,,NOUN,B2
archer,archer,,NOUN,B2
archery,archery,,NOUN,B2
archival,archival,,ADJ,B2
archive,to archive,,VERB,B2
archive,archived,,ADJ,B2
archive,archives,,NOUN,B2
archive,archiving,,NOUN,B2
argan,argan,,NOUN,B2
Argentinian,Argentinian,,ADJ,B2
argumentativeness,argumentativeness,,NOUN,B2
arithmetic,arithmetic,,ADJ,B2
arithmetic,arithmetic,,NOUN,B2
armament,armament,,NOUN,B2
armband,armband,,NOUN,B2
armor,to armor,,VERB,B2
armor,armored,,ADJ,B2
around,around at,,ADP,B2
around,around the,,ADP,B2
arousal,arousal,,NOUN,B2
arrange,to arrange a meeting,安排会面,VERB,B2
arranged,arranged,安排好的,ADJ,B2
warrant,arrest warrant,逮捕令,NOUN,B2
arrhythmia,arrhythmia,心律不齐,NOUN,B2
arrive,to arrive to,到达,VERB,B2
arrogance,arrogance vanity,傲慢,NOUN,B2
wound,arrow wound,箭伤,NOUN,B2
arrowhead,arrowhead,箭头,NOUN,B2
collection,art collection,艺术收藏,NOUN,B2
arterial,arterial,动脉的,ADJ,B2
artichoke,artichoke,朝鲜蓟,NOUN,B2
article,articles,文章,NOUN,B2
articular,articular,关节的,ADJ,B2
artwork,artwork,艺术品,NOUN,B2
as,as,如同,CCONJ,B2
precaution,as a precaution,以防万一,ADV,B2
result,as a result of which,因此,ADV,B2
early,as early as possible,尽早,ADV,B2
far,as far as,就,ADV,B2
for,as for,至于,ADP,B2
many,as many,尽可能多,NUM,B2
much,as much,尽可能多,ADV,B2
possible,as possible,尽可能,ADV,B2
soon,as soon as,随即,ADV,B2
possible,as soon as possible,尽快,ADV,B2
usual,as usual,像往常一样,ADV,B2
when,as when,就像当时,SCONJ,B2
asbestos,asbestos,石棉,NOUN,B2
ascending,ascending,上升的,ADJ,B2
苦行僧,ascetic,,NOUN,B2
艾什尔派,asharite school,,NOUN,B2
灰烬,ashes,,NOUN,B2
旁白,aside,,NOUN,B2
询问,to ask about,,VERB,B2
请求,to ask for,,VERB,B2
着,aspect particle action in progress,,PART,B2
袭击者,assailant,,NOUN,B2
同意,assent,,NOUN,B2
混蛋,asshole,,NOUN,B2
勤勉,assiduity,,NOUN,B2
勤勉,assiduous application,,NOUN,B2
勤勉,assiduously,,ADV,B2
勤勉,assiduousness,,NOUN,B2
同事,associate,,NOUN,B2
联想,associative,,ADJ,B2
种类,assortment,,NOUN,B2
认为,to assume to think,,VERB,B2
虚弱,asthenia,,NOUN,B2
惊人,astonishing amazing,,ADJ,B2
惊讶,astonishment amazement,,NOUN,B2
跨坐,astride,,ADV,B2
收敛剂,astringent,,NOUN,B2
天文学家,astronomer,,NOUN,B2
庇护所,asylum shelter,,NOUN,B2
无症状,asymptomatic,,ADJ,B2
无连词,asyndeton,,NOUN,B2
绝对,at all absolutely,,ADV,B2
家,at home,,NOUN,B2
正在做,at it,,ADV,B2
终于,at length,,ADV,B2
终于,at long last,,ADV,B2
至多,at most,,ADV,B2
夜里,at night,,ADV,B2
中午,at noon,,ADV,B2
在,at on,,ADP,B2
应邀请,at someone's invitation,,ADV,B2
at the beginning,at the beginning,,ADV,B2
at the bottom,at the bottom,,ADV,B2
at the home of,at the home of,,ADP,B2
at the latest,at the latest,,ADV,B2
at the present time,at the present time,,ADV,B2
ataraxia,ataraxia,,NOUN,B2
athletics,athletics,,NOUN,B2
Atlantean,Atlantean,,ADJ,B2
Atlantic,Atlantic,,ADJ,B2
atmosphere,atmosphere environment,,NOUN,B2
atomic bomb,atomic bomb,,NOUN,B2
atony,atony,,NOUN,B2
atrocious,atrocious terrible,,ADJ,B2
atrophy,to atrophy,,VERB,B2
attach,to attach importance to,,VERB,B2
attaché office,attache office,,NOUN,B2
attached,attached,,ADJ,B2
attainment,attainment,,NOUN,B2
attempt,attempt at crime,,NOUN,B2
attend,attend as a non-voting delegate,,VERB,B2
attend,to attend class,,VERB,B2
attend,to attend to prepare,,VERB,B2
attention,attention,,INTJ,B2
attentively,attentively,,ADV,B2
attentiveness,attentiveness,,NOUN,B2
attestation,attestation,,NOUN,B2
attributist,attributists,,NOUN,B2
audition,audition,,NOUN,B2
auditory,auditory,,ADJ,B2
augmented reality,augmented reality,,NOUN,B2
autarky,autarky,,NOUN,B2
authenticated,authenticated,,ADJ,B2
authoritarianism,authoritarianism,,NOUN,B2
authority figure,authority figure,,NOUN,B2
autumnal,autumnal,,ADJ,B2
auxiliary,auxiliary,,ADJ,B2
avarice,avarice,,NOUN,B2
avenge,to avenge oneself,,VERB,B2
averageness,averageness,,NOUN,B2
avocado,avocado,,NOUN,B2
awarding,awarding,,NOUN,B2
away,away,,ADJ,B2
awe-inspiring,awe-inspiring,,ADJ,B2
awkwardness,awkwardness,,NOUN,B2
awl,awl,,NOUN,B2
awning,awning,,NOUN,B2
axiological,axiological,,ADJ,B2
axiology,axiology,,NOUN,B2
axiom,axioms,,NOUN,B2
babble,babble of voices,,NOUN,B2
baby bottle,baby bottle,,NOUN,B2
baby,baby diminutive,,NOUN,B2
baby walker,baby walker,,NOUN,B2
baccalaureate,baccalaureate,,NOUN,B2
bachelor,bachelor,,ADJ,B2
back mountain,back mountain,后山,NOUN,B2
back then,back then,那时,ADV,B2
back way,back way,后路,NOUN,B2
backpacker,backpacker,背包客,NOUN,B2
backside,backside,臀部,NOUN,B2
backyard,backyard,后院,NOUN,B2
bacon bit,bacon bit,培根碎,NOUN,B2
bactericide,bactericide,杀菌剂,NOUN,B2
bad guy,bad guy,坏人,NOUN,B2
bad person,bad person,坏人,NOUN,B2
badmouth,to badmouth,说坏话,VERB,B2
bakery,bakery,面包店,NOUN,B2
balance of power,balance of power,权力平衡,NOUN,B2
baldness,baldness,秃顶,NOUN,B2
Balkanization,Balkanization,巴尔干化,NOUN,B2
ballad,ballad,民谣,NOUN,B2
ballot box,ballot boxes,投票箱,NOUN,B2
ballroom dance,ballroom dance,交谊舞,NOUN,B2
bamboo,bamboo,竹子,NOUN,B2
banana,bananas,香蕉,NOUN,B2
band volume,band volume,乐队音量,NOUN,B2
bandaging,bandaging,包扎,NOUN,B2
bandwidth,bandwidth,带宽,ADJ,B2
bang,to bang,砰,VERB,B2
banner headline,banner headline,大标题,NOUN,B2
baptism,baptism,洗礼,NOUN,B2
bar of soap,bar of soap,肥皂,NOUN,B2
barbarian,barbarian,野蛮人,NOUN,B2
barber,barber,理发师,NOUN,B2
barcode,barcode,条形码,NOUN,B2
bareheaded,bareheaded,赤头的,ADJ,B2
bargain,to bargain,讨价还价,VERB,B2
bargaining,bargaining,谈判,NOUN,B2
bark,bark,树皮,NOUN,B2
barking,barking,吠叫,NOUN,B2
barracks,barracks,兵营,NOUN,B2
barrenness,barrenness,贫瘠,NOUN,B2
barricade,to barricade,设置路障,VERB,B2
barter,barter,物物交换,NOUN,B2
bashful,bashful,害羞的,ADJ,B2
bashfulness,bashfulness,害羞,NOUN,B2
basic attitude,basic attitude,基本态度,NOUN,B2
basing,basing,基地,NOUN,B2
basting,basting,粗缝,NOUN,B2
bath attendant,bath attendant,浴场服务员,NOUN,B2
bath mat,bath mat,浴室地垫,NOUN,B2
bath scrubber,bath scrubber,搓澡巾,NOUN,B2
bath towel,bath towel,浴巾,NOUN,B2
bathrobe,bathrobe,浴袍,NOUN,B2
battle cry,battle cry,战斗口号,NOUN,B2
bawdiness,bawdiness,淫秽,NOUN,B2
can,to be able,,AUX,B2
accuse,to be accused,,VERB,B2
acknowledge,to be acknowledged,,VERB,B2
add,to be added,,VERB,B2
address,to be addressed,,VERB,B2
admit,to be admitted,,VERB,B2
adopt,to be adopted,,VERB,B2
allege,to be alleged,,VERB,B2
allow,to be allowed,,VERB,B2
allow,to be allowed to,,AUX,B2
amazed,to be amazed surprised,,ADJ,B2
analyze,to be analyzed,,VERB,B2
approve,to be approved,,VERB,B2
arrest,to be arrested,,VERB,B2
ascribe,to be ascribed,,VERB,B2
assassinate,be assassinated,,VERB,B2
assume,to be assumed,,VERB,B2
astonish,to be astonished,,VERB,B2
attempt,to be attempted,,VERB,B2
attribute,to be attributed,,VERB,B2
ban,to be banned,,VERB,B2
believe,to be believed,,VERB,B2
broadcast,to be broadcast,,VERB,B2
bury,to be buried,,VERB,B2
calculate,to be calculated,,VERB,B2
cancel,to be cancelled,,VERB,B2
classify,to be classified,,VERB,B2
conclude,to be concluded,,VERB,B2
confirm,to be confirmed,,VERB,B2
consider,to be considered,,VERB,B2
contradict,to be contradicted,,VERB,B2
crush,be crushed,,VERB,B2
dazzle,to be dazzled,,VERB,B2
deduce,to be deduced,,VERB,B2
deem,to be deemed bad,,VERB,B2
deem,to be deemed likely,,VERB,B2
define,to be defined,,VERB,B2
delay,be delayed,被延误,VERB,B2
demand,to be demanded,被要求,VERB,B2
deny,to be denied,被拒绝,VERB,B2
derive,to be derived,被推导,VERB,B2
describe,to be described,被描述,VERB,B2
detain,to be detained,被拘留,VERB,B2
discover,to be discovered,被发现,VERB,B2
discuss,to be discussed,被讨论,VERB,B2
disgust,to be disgusted with,厌恶,VERB,B2
disillusion,to be disillusioned,幻灭,VERB,B2
estimate,to be estimated,被估计,VERB,B2
evaluate,to be evaluated,被评估,VERB,B2
expect,to be expected,被期望,VERB,B2
fool,to be fooled,被欺骗,VERB,B2
forbid,to be forbidden,被禁止,VERB,B2
hold,to be held,被举办,VERB,B2
hospitalize,be hospitalized,住院,VERB,B2
humiliate,to be humiliated,被羞辱,VERB,B2
imagine,to be imagined,被想象,VERB,B2
infatuate,to be infatuated,迷恋,VERB,B2
infer,to be inferred,被推断,VERB,B2
inspect,to be inspected,被检查,VERB,B2
interrelated,to be interrelated,相互关联,ADJ,B2
judge,to be judged,被判断,VERB,B2
justify,to be justified,被证明合理,VERB,B2
kidnap,to be kidnapped,被绑架,VERB,B2
know,to be known,被知道,VERB,B2
lose,to be lost,丢失,VERB,B2
make,to be made available,可供使用,VERB,B2
measure,to be measured,被测量,VERB,B2
mention,to be mentioned,被提及,VERB,B2
name,to be named,被命名,VERB,B2
be,to be necessary,是必要的,VERB,B2
nickname,to be nicknamed,被昵称为,VERB,B2
be,to be noticeable,引人注目,VERB,B2
notice,be noticed,被注意到,VERB,B2
observe,to be observed,被观察,VERB,B2
be,be ongoing,正在进行,VERB,B2
be,to be out,外出,VERB,B2
be,to be out of tune,走调,VERB,B2
be,to be overdue,逾期,VERB,B2
pardon,to be pardoned,被赦免,VERB,B2
be,be patient,耐心,VERB,B2
be,to be pedantic,学究,VERB,B2
be,to be possible,是可能的,VERB,B2
predict,to be predicted,被预测,VERB,B2
be,to be preoccupied,心不在焉,VERB,B2
present,to be presented,被呈现,VERB,B2
prosecute,to be prosecuted,被起诉,VERB,B2
prove,to be proven,被证明,VERB,B2
publish,to be published,被出版,VERB,B2
puzzle,to be puzzled,困惑,VERB,B2
be,be quiet,安静,VERB,B2
reborn,to be reborn,,VERB,B2
receive,to be received,被接收,VERB,B2
be,to be reckless,鲁莽,VERB,B2
refute,to be refuted,被驳斥,VERB,B2
relate,to be related,相关,VERB,B2
release,to be released,被释放,VERB,B2
be,to be relentless,无情,VERB,B2
be,to be reluctant to part with,舍不得,VERB,B2
be,to be renowned,闻名,VERB,B2
request,to be requested,被请求,VERB,B2
research,to be researched,被研究,VERB,B2
be,be responsible,负责,VERB,B2
rumor,be rumored,被传闻,VERB,B2
say,to be said,被说,VERB,B2
be,to be scarce,稀缺,VERB,B2
see,to be seen,被看见,VERB,B2
shoot,be shot,被射击,VERB,B2
seek,to be sought,被寻找,VERB,B2
startle,to be startled,被惊吓,VERB,B2
strike,to be struck,被击打,VERB,B2
stick,to be stuck,被卡住,VERB,B2
study,to be studied,被研究,VERB,B2
subject,to be subject to,受,VERB,B2
suit,to be suited,适合,VERB,B2
summon,to be summoned,被召唤,VERB,B2
test,to be tested,被测试,VERB,B2
transfer,to be transferred,被转移,VERB,B2
translate,to be translated,被翻译,VERB,B2
treat,to be treated,被对待,VERB,B2
try,to be tried,被审判,VERB,B2
understand,to be understood,被理解,VERB,B2
widow,to be widowed,丧偶,VERB,B2
beak,beak,喙,NOUN,B2
bean sprout,bean sprout,豆芽,NOUN,B2
beanie,beanie,毛线帽,NOUN,B2
bean,beans,豆子,NOUN,B2
bear,to bear,忍受,VERB,B2
bear,to bear fruit,结果,VERB,B2
bear,to bear to endure,忍受,VERB,B2
beat up,to beat up,,VERB,B2
beatitude,beatitude,福乐,NOUN,B2
beautification,beautification,美化,NOUN,B2
beaver,beaver,海狸,NOUN,B2
因此,because of this,,ADV,B2
入迷,to become absorbed,,VERB,B2
警觉,to become alert,,VERB,B2
确定,to become certain,,VERB,B2
独立,to become independent,,VERB,B2
发炎,to become inflamed,,VERB,B2
床单,bed sheet,,NOUN,B2
卧室,bedchamber,,NOUN,B2
床边,bedside,,NOUN,B2
山毛榉林,beech grove,,NOUN,B2
牛肉,beef,,NOUN,B2
蜂巢,beehive,,NOUN,B2
蜂鸣,to beep,,VERB,B2
蜂鸣声,beeping,,NOUN,B2
前面,before,,NOUN,B2
在眼前,before one's eyes,,ADV,B2
在此之前,before that,,ADV,B2
乞求,beg for pity,,VERB,B2
切入,to begin to cut into,,VERB,B2
入门读物,beginning primer,,NOUN,B2
行为模式,behavioral pattern,,NOUN,B2
斩首,beheading,,NOUN,B2
背后,behind,,NOUN,B2
京剧,Beijing opera,,NOUN,B2
迷失,being lost,,NOUN,B2
随波逐流,being swept along,,NOUN,B2
迟,belatedly,,ADV,B2
比利时人,Belgian,,NOUN,B2
信仰,belief creed,,NOUN,B2
来世观,belief in the afterlife,,NOUN,B2
贬低,belittling,,NOUN,B2
钟楼,bell tower,,NOUN,B2
风箱,bellows,,NOUN,B2
onder,below,,ADJ,B2
onder,below,,ADV,B2
bank,bench seat,,NOUN,B2
buiging,bending,,NOUN,B2
voordelig,beneficial,,ADJ,B2
legaat,bequest,,NOUN,B2
getroffen,bereaved,,ADJ,B2
bes,berry,,NOUN,B2
ligplaats,berth,,NOUN,B2
beschieten,to beschieten,,VERB,B2
behalve,besides,,ADP,B2
behalve,besides,,NOUN,B2
behalve,besides,,PART,B2
belagere,besieged,,ADJ,B2
belagering,besieging,,NOUN,B2
beste,best,,ADV,B2
beste,best,,NOUN,B2
mogelijkst,best possible,,ADJ,B2
inzetten,bet invest,,VERB,B2
verloven,to betroth,,VERB,B2
verlovingsschenking,betrothal gift,,NOUN,B2
beter,better,,ADV,B2
beter af,better-off,,NOUN,B2
tussen ons,between us,,ADP,B2
drank,beverage,,NOUN,B2
bevriezen,to bevriezen,,VERB,B2
bibliomaan,bibliomaniac,,NOUN,B2
bibliofilie,bibliophily,,NOUN,B2
kwaadheid,bickering,,NOUN,B2
overkop,bicycle kick,,NOUN,B2
gunning,bid award,,NOUN,B2
gunning,bid awarding,,NOUN,B2
afscheid nemen,to bid farewell,,VERB,B2
offerteafwijzing,bid rejection,,NOUN,B2
gunningsfraude,bid rigging,,NOUN,B2
bieden,bidding,,NOUN,B2
bidding meeting,bidding meeting,,NOUN,B2
bid,bids,,NOUN,B2
biennial,biennial,,NOUN,B2
big cat,big cat,,NOUN,B2
bigotry,bigotry,,NOUN,B2
bilingual,bilingual,,ADJ,B2
bill of exchange,bill of exchange,,NOUN,B2
billionaire,billionaire,,NOUN,B2
binder,binder,,NOUN,B2
bind,binding,,ADJ,B2
biography,biographies,,NOUN,B2
bird,birds,,NOUN,B2
birdsong,birdsong,,NOUN,B2
birth rate,birth rate,,NOUN,B2
birth,births,,NOUN,B2
biscuit,biscuit,,NOUN,B2
Bitcoin,Bitcoin,,NOUN,B2
bite,biting,,NOUN,B2
bitter melon,bitter melon,,NOUN,B2
black,black,,NOUN,B2
black pepper,black pepper,,NOUN,B2
blackbird,blackbird,,NOUN,B2
blackmail,to blackmail,,VERB,B2
blackout,blackout,,NOUN,B2
blacksmithing,blacksmithing,,NOUN,B2
bladder,bladder,膀胱,NOUN,B2
blah,blah,嗯,INTJ,B2
blaze,to blaze,燃烧,VERB,B2
blazon,to blazon,炫耀,VERB,B2
bleeding,bleeding,出血的,ADJ,B2
blending,blending,混合,NOUN,B2
blind,to blind,使失明,VERB,B2
blindness,blindness,失明,NOUN,B2
blinds,blinds,百叶窗,NOUN,B2
blockage,blockage,堵塞,NOUN,B2
blockchain,blockchain,区块链,NOUN,B2
blocked,blocked,被阻塞的,ADJ,B2
blockhead,blockhead,笨蛋,NOUN,B2
blocking,blocking,阻塞,NOUN,B2
blog post,blog post,博客文章,NOUN,B2
blogger,blogger,博主,NOUN,B2
blood flow,blood flow,血流,NOUN,B2
blood lipid,blood lipid,血脂,NOUN,B2
blood money,blood money,血汗钱,NOUN,B2
blood type,blood type,血型,NOUN,B2
blood-related,blood-related,血亲的,ADJ,B2
bloom,bloom,花,NOUN,B2
blow,to blow one's nose,擤鼻涕,VERB,B2
blue,blue,蓝色,NOUN,B2
blueprint diagram,blueprint diagram,,NOUN,B2
Bluetooth,Bluetooth,蓝牙,NOUN,B2
blurred,blurred,,ADJ,B2
blurry,blurry,,ADJ,B2
board,to board,,VERB,B2
boarder,boarder,,NOUN,B2
boarding,boarding,,NOUN,B2
boast,boast,,NOUN,B2
boatman,boatman,,NOUN,B2
body,bodies,,NOUN,B2
boil,boil,,NOUN,B2
boil,to boil cook,,VERB,B2
boiled,boiled,,ADJ,B2
boiled water,boiled water,,NOUN,B2
boiling,boiling,,ADJ,B2
boldness,boldness daring,,NOUN,B2
bolster,bolster,,NOUN,B2
bolted,bolted,,ADJ,B2
bombast,bombast,,NOUN,B2
bomber,bomber,,NOUN,B2
bondholder,bondholder,,NOUN,B2
bond,bonds,,NOUN,B2
bone-setting,bone-setting,,NOUN,B2
book,to book,,VERB,B2
booking,booking,,NOUN,B2
bookmark,bookmark,,NOUN,B2
bookseller,bookseller,,NOUN,B2
bookshelf,bookshelf,,NOUN,B2
bookstore,bookstore,,NOUN,B2
boorish,boorish,,ADJ,B2
border area,border area,,NOUN,B2
border control,border control,,NOUN,B2
border frontier,border frontier,,NOUN,B2
border guard,border guard,,NOUN,B2
border legislation,border legislation,,NOUN,B2
border on,to border on,,VERB,B2
border region,border region,,NOUN,B2
bordering,bordering,,ADJ,B2
border,borders,,NOUN,B2
born,born,,ADJ,B2
出生,born,,NOUN,B2
借的,borrowed,,ADJ,B2
胸怀,bosom,,NOUN,B2
女老板,boss female,,NOUN,B2
植物学,botany,,NOUN,B2
两者,both,,NOUN,B2
双耳,both ears,,NOUN,B2
双方,both parties,,NOUN,B2
装瓶,to bottle,,VERB,B2
开瓶器,bottle opener,,NOUN,B2
跳跃,to bound,,VERB,B2
蹦跳,to bound leap,,VERB,B2
赏金,bounty,,NOUN,B2
牛的,bovine,,ADJ,B2
领结,bow tie,,NOUN,B2
保龄球,bowling,,NOUN,B2
装箱,box,,VERB,B2
脑损伤,brain damage,,NOUN,B2
聪明,brainy,,ADJ,B2
炖,braise,,VERB,B2
刹车,brakes,,NOUN,B2
制动,braking,,NOUN,B2
麦麸,bran,,NOUN,B2
学科,branch of study,,NOUN,B2
分公司,branch office,,NOUN,B2
岔路,branch road,,NOUN,B2
分枝,branched,,ADJ,B2
分枝,branching,,NOUN,B2
铜管乐队,brass band,,NOUN,B2
铜器,brassware,,NOUN,B2
喝彩,bravo,,NOUN,B2
打架,to brawl,,VERB,B2
火盆,brazier,,NOUN,B2
breach,to breach,违约,VERB,B2
breach,breach of duty,失职,NOUN,B2
breach,breach of promise,违背诺言,NOUN,B2
crossing,breadth crossing,横渡,NOUN,B2
break,break,休息,NOUN,B2
break,to break a pledge,违背誓言,VERB,B2
break,to break away,脱离,VERB,B2
break,break fraction,碎块,NOUN,B2
break,to break in,闯入,VERB,B2
break,break out of prison,越狱,VERB,B2
break,to break the back,折断背部,VERB,B2
breakage,breakage,破损,NOUN,B2
breakdown,breakdown of order,秩序崩溃,NOUN,B2
breaststroke,breaststroke,蛙泳,NOUN,B2
breath,breath holding,屏息,NOUN,B2
space,breathing space,,NOUN,B2
breathlessness,breathlessness,气喘,NOUN,B2
breed,breed,繁殖,VERB,B2
breeding,breeding,繁殖,NOUN,B2
site,breeding site,,NOUN,B2
breviary,breviary,日课经,NOUN,B2
taker,bribe-taker,,NOUN,B2
bribe,bribes,贿赂,NOUN,B2
brick,bricks,砖,NOUN,B2
attire,bridal attire,,NOUN,B2
trousseau,bridal trousseau,嫁妆,NOUN,B2
bridle,to bridle,套马笼头,VERB,B2
moment,brief moment,,NOUN,B2
briefcase,briefcase,公文包,NOUN,B2
brigade,brigade,旅,NOUN,B2
poet,brigand poet,,NOUN,B2
colored,bright-colored,,ADJ,B2
brightly,brightly,明亮地,ADV,B2
brightness,brightness,明亮,NOUN,B2
brilliance,brilliance of mind,聪明才智,NOUN,B2
keen,brilliantly keen,,ADJ,B2
bring,to bring along,带来,VERB,B2
bring here,to bring here,带来,VERB,B2
bringing back,bringing back,,NOUN,B2
brittleness,brittleness,,NOUN,B2
broad bean,broad bean,蚕豆,NOUN,B2
broad bean,broad beans,蚕豆,NOUN,B2
broadcast,broadcast,广播的,ADJ,B2
broadcasting station,broadcasting station,广播电台,NOUN,B2
broadleaf forest,broadleaf forest,阔叶林,NOUN,B2
broccoli,broccoli,西兰花,NOUN,B2
brokenness,brokenness,,NOUN,B2
bronze ware,bronze ware,青铜器,NOUN,B2
bronze-colored,bronze-colored,青铜色,ADJ,B2
brooch,brooch,胸针,NOUN,B2
brooding,brooding,沉思的,ADJ,B2
bring to justice,brought to justice,绳之以法,VERB,B2
bruise,bruises,瘀伤,NOUN,B2
brutalizing,brutalizing,,ADJ,B2
brutally,brutally,,ADV,B2
bucolic,bucolic,田园的,ADJ,B2
Buddhism,Buddhism,佛教,NOUN,B2
Buddhist,Buddhist,佛教徒,NOUN,B2
budgeting,budgeting,预算编制,NOUN,B2
building block,building blocks,基本要素,NOUN,B2
building manager,building manager,楼宇经理,NOUN,B2
bulldozer,bulldozer,推土机,NOUN,B2
bulletin,bulletin,公告,NOUN,B2
bullshit,bullshitted,,ADJ,B2
bullying,bullying,霸凌,NOUN,B2
bumblebee,bumblebee,大黄蜂,NOUN,B2
bump,bump,碰撞,VERB,B2
bumper harvest,bumper harvest,丰收,NOUN,B2
bundling,bundling,捆绑,NOUN,B2
burden,to burden,负担,VERB,B2
bureaucrat,bureaucrat,官僚,NOUN,B2
bury,buried,,ADJ,B2
burlap,burlap,粗麻布,NOUN,B2
burlesque,burlesque,滑稽,ADJ,B2
burn,burn,烧伤,NOUN,B2
burn,to burn food,烧焦,VERB,B2
burn,burned,,ADJ,B2
burning,burning,燃烧,NOUN,B2
burning eagerness,burning eagerness,炽热渴望,NOUN,B2
burn,burns,烧伤,NOUN,B2
burp,burp,打嗝,NOUN,B2
burrow,burrow,洞穴,NOUN,B2
burst in,burst in,闯入,VERB,B2
bushy,bushy,茂密,ADJ,B2
business card,business card,名片,NOUN,B2
business sector,business sector,商业部门,NOUN,B2
business trade,business trade,商业贸易,NOUN,B2
business world,business world,商界,NOUN,B2
but,but,但是,SCONJ,B2
butcher shop,butcher shop,肉铺,NOUN,B2
buttermilk,buttermilk,酪乳,NOUN,B2
buyer,buyer purchaser,购买者,NOUN,B2
buzz,to buzz,嗡嗡叫,VERB,B2
buzzer,buzzer,蜂鸣器,NOUN,B2
buzzing,buzzing,嗡嗡声,NOUN,B2
by all means,by all means,当然可以,ADV,B2
by force,by force,强行,ADV,B2
by hearsay,by hearsay,道听途说,ADV,B2
by heart,by heart,凭记忆,ADV,B2
by himself,by himself,独自,ADV,B2
by inference,by inference,通过推理,ADV,B2
by itself,by itself,本身,ADV,B2
by virtue of,by virtue of,凭借,ADP,B2
by way of digression,by way of digression,题外话,ADV,B2
by way of rectification,by way of rectification,作为更正,ADV,B2
by-election,by-elections,补选,NOUN,B2
bypass,to bypass,绕过,VERB,B2
bypassing,bypassing,绕行,NOUN,B2
cabin boy,cabin boy,船舱侍童,NOUN,B2
cable car,cable car,缆车,NOUN,B2
cachexia,cachexia,恶病质,NOUN,B2
cactus,cactus,仙人掌,NOUN,B2
cadence,cadence,韵律,NOUN,B2
cadge,to cadge,乞求,VERB,B2
cadre,cadres,干部,NOUN,B2
caesura,caesura,停顿,NOUN,B2
cafeteria,cafeteria,自助餐厅,NOUN,B2
caffeine,caffeine,咖啡因,NOUN,B2
caftan,caftan,长袍,NOUN,B2
cage,cage,关入笼中,VERB,B2
caid,caid local governor,地方长官,NOUN,B2
calcareous,calcareous,钙质的,ADJ,B2
calcify,to calcify,钙化,VERB,B2
caliber,caliber,口径,NOUN,B2
calibrated,calibrated,校准的,ADJ,B2
calibrator,calibrator,校准器,NOUN,B2
caliph,caliph,哈里发,NOUN,B2
caliphate,caliphate,哈里发国,NOUN,B2
call back,to call back,回电,VERB,B2
call out,to call out,大声叫,VERB,B2
call to prayer,call to prayer,宣礼,NOUN,B2
calligrapher,calligrapher,书法家,NOUN,B2
callus,callus,老茧,NOUN,B2
calorie,calorie,卡路里,NOUN,B2
Calvinism,Calvinism,加尔文主义,NOUN,B2
camp,camp,营地,PART,B2
can,can,罐头,NOUN,B2
cancerous,cancerous,癌性的,ADJ,B2
candy shop,candy shop,糖果店,NOUN,B2
cannabis,cannabis,大麻,NOUN,B2
canning,canning,罐装,NOUN,B2
canoe,canoe,,NOUN,B2
canonize,to canonize,,VERB,B2
cantillation,cantillation,,NOUN,B2
capacitor,capacitor condenser,,NOUN,B2
caper,caper,,NOUN,B2
capillary,capillary,,ADJ,B2
capital affairs,capital affairs,,NOUN,B2
capital city,capital city,,NOUN,B2
capital flight,capital flight,,NOUN,B2
capital letter,capital letter,,NOUN,B2
capital loss,capital loss,,NOUN,B2
capitalist,capitalist,,NOUN,B2
capitalization,capitalization,,NOUN,B2
capitulation,capitulation,,NOUN,B2
capping,capping,,NOUN,B2
capsule,capsule,,NOUN,B2
captain,to captain,,VERB,B2
captious,captious,,ADJ,B2
captivated,captivated,,ADJ,B2
captive,captive,,ADJ,B2
captive bond,captive bond,,NOUN,B2
car,car,,PART,B2
car door,car door,,NOUN,B2
car hood,car hood,,NOUN,B2
car key,car key,,NOUN,B2
car light,car light,,NOUN,B2
carafe,carafe,,NOUN,B2
carat,carat,,NOUN,B2
caravanserai,caravanserai,,NOUN,B2
caraway,caraway,,NOUN,B2
carbohydrate,carbohydrates,,NOUN,B2
carbon capture,carbon capture,,NOUN,B2
carbon dioxide,carbon dioxide,,NOUN,B2
carbon footprint,carbon footprint,,NOUN,B2
carbon neutrality,carbon neutrality,,NOUN,B2
carbon peak,carbon peak,,NOUN,B2
carbon sequestration,carbon sequestration,,NOUN,B2
carbon trading,carbon trading,,NOUN,B2
carcinoma,carcinoma,,NOUN,B2
card map,card map,,NOUN,B2
care about,to care about,,VERB,B2
care worker,care worker,,NOUN,B2
career leap,career leap,,NOUN,B2
careerism,careerism,,NOUN,B2
careerist,careerist,,ADJ,B2
careful treatment,careful treatment,,NOUN,B2
carelessness,carelessness,,NOUN,B2
carer,carer,,NOUN,B2
caress,caress,,NOUN,B2
caricature,caricature,,VERB,B2
carnation,carnation,,NOUN,B2
carnivalesque,carnivalesque,,ADJ,B2
carob,carob,,NOUN,B2
carousel,carousel,,NOUN,B2
carp,carp,,NOUN,B2
carpool,carpool,,NOUN,B2
carpooling,carpooling,,NOUN,B2
carry on,to carry on,,VERB,B2
carrying,carrying,,NOUN,B2
cartel,cartel,,NOUN,B2
cartography,cartography,,NOUN,B2
carton,carton,,NOUN,B2
cartoon,cartoon,,NOUN,B2
cartridge,cartridge,,NOUN,B2
case file,case file,,NOUN,B2
case inflection,case inflection,,NOUN,B2
casket,casket,棺材,NOUN,B2
cassation,cassation,撤销,NOUN,B2
cassette tape,cassette tape,磁带,NOUN,B2
cast,cast,铸造的,ADJ,B2
cast,to cast,投掷,VERB,B2
cast iron,cast iron,铸铁,NOUN,B2
castanet,castanets,响板,NOUN,B2
caste,caste,种姓,NOUN,B2
casting,casting,铸造,NOUN,B2
casually,casual,随意地,ADV,B2
casualty,casualty,伤亡,NOUN,B2
catacomb,catacomb,地下墓穴,NOUN,B2
catalepsy,catalepsy,强直,NOUN,B2
catalysis,catalysis,催化,NOUN,B2
cataract,cataract,白内障,NOUN,B2
catch,to catch a cold,感冒,VERB,B2
catch,to catch cold,着凉,VERB,B2
catch up with,to catch up with,追上,VERB,B2
catching up,catching up,追赶,NOUN,B2
catechism,catechism,教义问答,NOUN,B2
catechize,to catechize,教义问答,VERB,B2
categorically,categorically,绝对地,ADV,B2
caterer,caterer,餐饮商,NOUN,B2
catering,catering,餐饮,NOUN,B2
catheter,catheter,导管,NOUN,B2
Catholic,Catholic,天主教徒,NOUN,B2
Caucasian,Caucasian,高加索的,ADJ,B2
caudillism,caudillism,考迪罗主义,NOUN,B2
cauldron,cauldron,大锅,NOUN,B2
causal,causal,因果的,ADJ,B2
causal link,causal link,因果联系,NOUN,B2
cause,to cause death,致死,VERB,B2
cause,to cause remorse,引起悔恨,VERB,B2
causing harm,causing harm,造成伤害,NOUN,B2
caustic,caustic,,ADJ,B2
cavern,cavern,,NOUN,B2
caw,caw,,NOUN,B2
ceasefire,ceasefire,,NOUN,B2
cedar,cedar,,NOUN,B2
celebrant,celebrant,,NOUN,B2
celestial,celestial,,ADJ,B2
celestial,celestial,,NOUN,B2
celestial body,celestial body,,NOUN,B2
celibate,celibate,,ADJ,B2
cello,cello,,NOUN,B2
cell,cells,,NOUN,B2
Celtic,Celtic,,ADJ,B2
cenotaph,cenotaph,,NOUN,B2
censure,censure,,NOUN,B2
centenary,centenary,,NOUN,B2
centennial,centennial,,ADJ,B2
centime,centime,,NOUN,B2
cento,cento,,NOUN,B2
centre,centre,,NOUN,B2
centripetal force,centripetal force,,NOUN,B2
centrist,centrist,,ADJ,B2
century-old,century-old,,ADJ,B2
cereal,cereal,,NOUN,B2
ceremonial protocol,ceremonial protocol,,NOUN,B2
ceremoniously,ceremoniously,,ADV,B2
chain,chain,,ADJ,B2
chain,to chain,,VERB,B2
chain,chain of transmission,,NOUN,B2
chair,to chair,,VERB,B2
chalet,chalet,,NOUN,B2
chalice,chalice,,NOUN,B2
challenge,challenges,,NOUN,B2
challenging,challenging,,ADJ,B2
chamberlain,chamberlain,,NOUN,B2
chamois,chamois,,NOUN,B2
chance,chance opportunity,,NOUN,B2
chancery,chancery,,NOUN,B2
chandelier,chandelier sheen,,NOUN,B2
change,to change clothes,,VERB,B2
change,change of heart,,NOUN,B2
change,change of master,,NOUN,B2
change,change of scenery,,NOUN,B2
change,to change trains,,VERB,B2
change,changed body,,NOUN,B2
change,changed function,,NOUN,B2
change,changed style,,NOUN,B2
change,changed technique,,NOUN,B2
change,changed use,,NOUN,B2
change,changing clothes,,NOUN,B2
chant,chants,,NOUN,B2
chaplain,chaplain,,NOUN,B2
chapter,chapter of Quran,,NOUN,B2
character,character trait,,NOUN,B2
character,character trait creation,,NOUN,B2
characterization,characterization,,NOUN,B2
character,characters,,NOUN,B2
charade,charade,,NOUN,B2
charge,charges,,NOUN,B2
charge,charging,,NOUN,B2
charity,charity hall,,NOUN,B2
charmer,charmer,,NOUN,B2
charter-based,charter-based,,ADJ,B2
chassis frame,chassis frame,,NOUN,B2
chatter,to chatter,,VERB,B2
cheap wine,cheap wine,,NOUN,B2
check-in,check-in,,NOUN,B2
checked,checked,,ADJ,B2
checkers,checkers,,NOUN,B2
checkmark,checkmark,,NOUN,B2
cheekbone,cheekbone,,NOUN,B2
cheerfulness,cheerfulness,,NOUN,B2
cheering,cheering,,NOUN,B2
cheers,cheers,,NOUN,B2
chemical,chemicals,,NOUN,B2
chemist,chemist,,NOUN,B2
Chengyang,Chengyang,,NOUN,B2
cheque,cheque,,NOUN,B2
chermoula,chermoula,,NOUN,B2
chermoula-marinated,chermoula-marinated,,ADJ,B2
chest of drawers,chest of drawers,,NOUN,B2
chest width,chest width,,NOUN,B2
chiaroscuro,chiaroscuro,,NOUN,B2
chiasmus,chiasmus,,NOUN,B2
chic,chic,,ADJ,B2
chic,chic,,NOUN,B2
chickpea,chickpeas,,NOUN,B2
chiefly,chiefly,,ADV,B2
child's play,child's play,,NOUN,B2
child-rearing,child-rearing,,NOUN,B2
childcare,childcare,,NOUN,B2
childhood trauma,childhood trauma,,NOUN,B2
childish ambition,childish ambition,,NOUN,B2
childish,childish infantile,,ADJ,B2
child,children,,NOUN,B2
chill,chilling,,ADJ,B2
chimera,chimera,,NOUN,B2
chimney sweep,chimney sweep,,NOUN,B2
chimpanzee,chimpanzee,,NOUN,B2
Chinese,Chinese person,,NOUN,B2
Chinese yam,Chinese yam,,NOUN,B2
chisel,to chisel,,VERB,B2
chitchat,chitchat,,NOUN,B2
chivalrous,chivalrous,,ADJ,B2
chive,chive,,NOUN,B2
chive,chives,,NOUN,B2
chocolate shop,chocolate shop,,NOUN,B2
choirboy,choirboy,,NOUN,B2
cholera,cholera,,NOUN,B2
chopstick,chopsticks,,NOUN,B2
chorale,chorale,,NOUN,B2
chord,chord,,NOUN,B2
choreographic,choreographic,,ADJ,B2
choreography,choreography,,NOUN,B2
Christian,Christian,,ADJ,B2
christianization,christianization,,NOUN,B2
Christmas Eve,Christmas Eve,,NOUN,B2
Christmas Eve dinner,Christmas Eve dinner,,NOUN,B2
Christmas porridge,Christmas porridge,,NOUN,B2
chromatic,chromatic,,ADJ,B2
chromaticity,chromaticity,,NOUN,B2
chromosomal,chromosomal,,ADJ,B2
chronic illness,chronic illness,,NOUN,B2
chronicler,chronicler,,NOUN,B2
chronological,chronological,,ADJ,B2
Chu,Chu,,NOUN,B2
churchgoing,churchgoing,,NOUN,B2
cider,cider,,NOUN,B2
cinematic,cinematic,,ADJ,B2
circle,to circle,,VERB,B2
circular,circular,,ADJ,B2
circular,circular,,NOUN,B2
circulating,circulating,,ADJ,B2
circumcise,circumcise,,VERB,B2
circumference,circumference,,NOUN,B2
circumspection,circumspection,,NOUN,B2
cirrhosis,cirrhosis,,NOUN,B2
citadel,citadel,,NOUN,B2
city dweller,city dweller,,NOUN,B2
city gate,city gate,,NOUN,B2
civic,civic,,ADJ,B2
civic-mindedness,civic-mindedness,,NOUN,B2
civil war,civil war,,NOUN,B2
claim settlement,claim settlement,,NOUN,B2
clairvoyance,clairvoyance,,NOUN,B2
clairvoyant,clairvoyant,,ADJ,B2
clamorous,clamorous,,ADJ,B2
clampdown,clampdown,,NOUN,B2
clandestine migration,clandestine migration,,NOUN,B2
clandestineness,clandestineness,,NOUN,B2
clandestinity,clandestinity,,NOUN,B2
clapping,clapping,,NOUN,B2
clarified butter,clarified butter,,NOUN,B2
clash,to clash,,VERB,B2
class monitor,class monitor,,NOUN,B2
class session,class session,,NOUN,B2
class stratification,class stratification,,NOUN,B2
class test,class test,,NOUN,B2
classical poetry,classical poetry,,NOUN,B2
clause,clauses,,NOUN,B2
clay stove,clay stove,,NOUN,B2
clean,to clean,,VERB,B2
clean out,to clean out,,VERB,B2
clean,clean pure,,ADJ,B2
clean technology,clean technology,,NOUN,B2
cleaner,cleaner,,ADJ,B2
cleanliness,cleanliness cleanness,,NOUN,B2
cleanup,cleanup,,NOUN,B2
clear customs,to clear customs,,VERB,B2
clear land,to clear land,,VERB,B2
clear,clear limpid,,ADJ,B2
clear one's throat,to clear one's throat,,VERB,B2
clear the throat,clear the throat,,VERB,B2
clear up,to clear up,,VERB,B2
clear view,clear view,,NOUN,B2
clear,clear weather,,ADJ,B2
clearance,clearance,,NOUN,B2
clericalism,clericalism,,NOUN,B2
clerk,clerk cleric,,NOUN,B2
click,click,,NOUN,B2
clientele,clientele,,NOUN,B2
cliff fall,cliff fall,,NOUN,B2
climatic,climatic,,ADJ,B2
climatology,climatology,,NOUN,B2
climb,to climb mountain,,VERB,B2
climb,to climb rise,,VERB,B2
climbing,climbing,,NOUN,B2
cling,to cling to,,VERB,B2
clinking,clinking,,NOUN,B2
clipping,clipping,,NOUN,B2
clog,clog,,NOUN,B2
cloister,to cloister,,VERB,B2
clone,to clone,,VERB,B2
cloned,cloned,,ADJ,B2
cloning,cloning,,NOUN,B2
close,close a case,,VERB,B2
close,to close a deal,,VERB,B2
close scrutiny,close scrutiny,,NOUN,B2
closedness,closedness,,NOUN,B2
closely,closely,,ADV,B2
closer,closer,,ADV,B2
closing,closing,,NOUN,B2
cloud of smoke,cloud of smoke,,NOUN,B2
cloud,clouds,,NOUN,B2
clove,clove,,NOUN,B2
clover,clover,,NOUN,B2
cloying,cloying,,ADJ,B2
clueless,clueless,,ADJ,B2
clumsily,clumsily,,ADV,B2
cluster,to cluster,,VERB,B2
co-,co-,,ADV,B2
co-founder,co-founder,,NOUN,B2
co-occurrence,co-occurrence,,NOUN,B2
coagulate,to coagulate,,VERB,B2
coagulated,coagulated,,ADJ,B2
coagulation,coagulation,,NOUN,B2
coarse,coarse rough,,ADJ,B2
coast road,coast road,,NOUN,B2
coastline,coastline,,NOUN,B2
coat,to coat,,VERB,B2
coating,coating,,NOUN,B2
cobbler,cobbler,,NOUN,B2
cockroach,cockroach,,NOUN,B2
cocoa,cocoa,,NOUN,B2
cod,cod,,NOUN,B2
code of conduct,code of conduct,,NOUN,B2
codicil,codicil,,NOUN,B2
codicology,codicology,,NOUN,B2
codification,codification,,NOUN,B2
codified,codified,,ADJ,B2
coding,coding,,NOUN,B2
coffee maker,coffee maker,,NOUN,B2
cog,cog,,NOUN,B2
cogito,cogito,,NOUN,B2
cognate,cognate,,NOUN,B2
cogwheel,cogwheel,,NOUN,B2
cohabit,to cohabit,,VERB,B2
cohabitation,cohabitation,,NOUN,B2
coil,to coil,,VERB,B2
coin,to coin,,VERB,B2
coin purse,coin purse,,NOUN,B2
coining,coining,,NOUN,B2
coin,coins,,NOUN,B2
coitus,coitus,,NOUN,B2
coke,coke,,NOUN,B2
cold,coldness,,NOUN,B2
colic,colic,,NOUN,B2
coliseum,coliseum,,NOUN,B2
collarbone,collarbone,,NOUN,B2
collation,collation,,NOUN,B2
colleague,colleague female,,NOUN,B2
collect,collect evidence,,VERB,B2
collect,collect seeds,,VERB,B2
collect,collected,,ADJ,B2
collection,collectie,,NOUN,B2
collection,collections,,NOUN,B2
collective,collective,,NOUN,B2
collectivize,collectivization,,NOUN,B2
collegiate,collegiate,,ADJ,B2
collocation,collocation,,NOUN,B2
colloidal,colloidal,,ADJ,B2
colloquial,colloquial,,ADJ,B2
colloquium,colloquium,,NOUN,B2
colon,colon,,PUNCT,B2
colonial,colonial,,ADJ,B2
colonist,colonist,,NOUN,B2
colonize,colonizing,,ADJ,B2
colonoscopy,colonoscopy,,NOUN,B2
colophon,colophon,,NOUN,B2
color,coloration,,NOUN,B2
colorblind,colorblind,,ADJ,B2
color,coloring,,NOUN,B2
colorless,colorless,,ADJ,B2
colossus,colossus,,NOUN,B2
columnar,columnar,,ADJ,B2
columnist,columnist,,NOUN,B2
combatant,combatant,,NOUN,B2
combative,combative,,ADJ,B2
combination,combinations,,NOUN,B2
combinatorial,combinatorial,,ADJ,B2
combinatorics,combinatorics,,NOUN,B2
combing,combing,,NOUN,B2
combining,combining,,ADJ,B2
combustibility,combustibility,,NOUN,B2
combustion,combustion,,NOUN,B2
come,to come,,AUX,B2
come,come,,SCONJ,B2
come again,come again,,VERB,B2
come down,to come down,,VERB,B2
come forward,to come forward,,VERB,B2
come on,come on,,INTJ,B2
come true,to come true,,VERB,B2
comer,comer,,NOUN,B2
comfortably,comfortably,,ADV,B2
comforting,comforting,,ADJ,B2
comicness,comicness,,NOUN,B2
coming,coming,,ADJ,B2
comma,comma,,NOUN,B2
commanding officer,commanding officer,,NOUN,B2
commandment,commandment,,NOUN,B2
commendable,commendable,,ADJ,B2
commensalism,commensalism,,NOUN,B2
comment,to comment,,VERB,B2
comment on,to comment on,,VERB,B2
commentary,commentaries,,NOUN,B2
commercial center,commercial center,,NOUN,B2
commercialization,commercialization,,NOUN,B2
commission,to commission,委托,VERB,B2
commitment,commitments,承诺,NOUN,B2
committee member,committee member,委员,NOUN,B2
committee,committees,委员会,NOUN,B2
commodatum,commodatum,借用物,NOUN,B2
commodification,commodification,商品化,NOUN,B2
Common Era,Common Era,公元,NOUN,B2
common good,common good,公共利益,NOUN,B2
common opinion,common opinion,舆论,NOUN,B2
common saying,common saying,俗语,NOUN,B2
common,common shared,共同的,ADJ,B2
commonly,commonly,通常,ADV,B2
commonplace,commonplace,平凡的,ADJ,B2
communal work,communal work,公共劳动,NOUN,B2
commune,communes,公社,NOUN,B2
communicativeness,communicativeness,交际性,NOUN,B2
communion rail,communion rail,圣餐栏杆,NOUN,B2
communist,communist,共产主义者,NOUN,B2
communitarian,communitarian,社群主义的,ADJ,B2
comorbidity,comorbidity,共病,NOUN,B2
compact,to compact,压缩,VERB,B2
compact disc,compact disc,光盘,NOUN,B2
compared to,compared to than,相比,ADP,B2
compartmental,compartmental,分区的,ADJ,B2
compassion,compassion sympathy,同情,NOUN,B2
compendious,compendious,简明的,ADJ,B2
competency,competencies,能力,NOUN,B2
competing,competing,竞争的,ADJ,B2
competitive exam,competitive exam,竞争性考试,NOUN,B2
complacency,complacency,自满,NOUN,B2
complaint,complaints,抱怨,NOUN,B2
complete,complete,,NOUN,B2
complete,to complete finish,,VERB,B2
idiot,complete idiot,,NOUN,B2
completeness,completeness,,NOUN,B2
ceremony,completion ceremony,,NOUN,B2
complication,complications,,NOUN,B2
compliment,to compliment,,VERB,B2
composition,to compose,,NOUN,B2
compositional,compositional,,ADJ,B2
compostable,compostable,,ADJ,B2
fertilizer,compound fertilizer,,NOUN,B2
compressed,compressed,,ADJ,B2
compressible,compressible,,ADJ,B2
compulsion,compulsion,,NOUN,B2
compulsorily,compulsorily,,ADV,B2
compunction,compunction,,NOUN,B2
oath,compurgation oath,,NOUN,B2
mouse,computer mouse,,NOUN,B2
science,computer science,,NOUN,B2
computerize,to computerize,,VERB,B2
artist,con artist,,NOUN,B2
concatenation,concatenation,,NOUN,B2
concavity,concavity,,NOUN,B2
concealed,concealed,,ADJ,B2
conceit,conceit,,NOUN,B2
concentrated,concentrated,,ADJ,B2
concentric,concentric,,ADJ,B2
concept,concepts,,NOUN,B2
concerning,concerning,,ADJ,B2
concern,concerns,,NOUN,B2
concert hall,concert hall,,NOUN,B2
concerto,concerto,,NOUN,B2
conch,conch,,NOUN,B2
conciliation,conciliation,,NOUN,B2
concision,concision,,NOUN,B2
conclave,conclave,,NOUN,B2
conclude,to conclude an agreement,,VERB,B2
conclude,conclude treaty,,VERB,B2
concluding,concluding,,ADJ,B2
conclusion,conclusion of contract,,NOUN,B2
concomitantly,concomitantly,,ADV,B2
concretization,concretization,,NOUN,B2
concretize,to concretize,,VERB,B2
concupiscence,concupiscence,,NOUN,B2
concurrence,concurrence,,NOUN,B2
concurrently,concurrently,,ADV,B2
condenser,condenser,,NOUN,B2
conditioning,conditioning,,ADJ,B2
conditioning,conditioning,,NOUN,B2
conducive,conducive,,ADJ,B2
conductor,conductor,,NOUN,B2
conduit,conduit,,NOUN,B2
confederal,confederal,,ADJ,B2
conference center,conference center,,NOUN,B2
conference paper,conference paper,,NOUN,B2
conference talk,conference talk,,NOUN,B2
confetti,confetti,,NOUN,B2
configured,configured,,ADJ,B2
confine,confines edges,,NOUN,B2
conflictual,conflictual,,ADJ,B2
confluence,confluence,,NOUN,B2
conform,conform to,,VERB,B2
conforming,conforming,,ADJ,B2
conformist,conformist,,ADJ,B2
conformity,conformity,,NOUN,B2
confronted,confronted,,ADJ,B2
confronting,confronting,,ADJ,B2
confused,confused embarrassed,,ADJ,B2
confused,confused hesitant,,ADJ,B2
confusedly,confusedly,,ADV,B2
conglomerate,conglomerate,,NOUN,B2
Congo,Congo,,NOUN,B2
congratulations,congratulations,,NOUN,B2
congressperson,congressperson,,NOUN,B2
congruence,congruence,,NOUN,B2
conjugal,conjugal,,ADJ,B2
conjunctural,conjunctural,,ADJ,B2
conjure,to conjure away,,VERB,B2
connectedness,connectedness,,NOUN,B2
connector,connector,,NOUN,B2
connivance,connivance,,NOUN,B2
conniving,conniving,,ADJ,B2
conquest,conquests,,NOUN,B2
consanguineous,consanguineous,,ADJ,B2
conscientious objection,conscientious objection,,NOUN,B2
conscientiously,conscientiously,,ADV,B2
consciously,consciously,有意识地,ADV,B2
conscript,conscript,新兵,NOUN,B2
conscription,conscription,征兵制,NOUN,B2
consecutive falls,consecutive falls,连跌,NOUN,B2
consensualism,consensualism,同意主义,NOUN,B2
consequence,consequences,后果,NOUN,B2
consequent,consequent,随之而来的,ADJ,B2
conservatism,conservatism,保守主义,NOUN,B2
console,console,控制台,NOUN,B2
consolidable,consolidable,可巩固的,ADJ,B2
consolidation,consolidation,巩固,NOUN,B2
consonance,consonance,和谐,NOUN,B2
Consort Yuan,Consort Yuan,袁妃,NOUN,B2
consortium,consortium,财团,NOUN,B2
conspirator,conspirator,共谋者,NOUN,B2
constant,constants,常数,NOUN,B2
constative,constative,陈述的,ADJ,B2
consternation,consternation,惊愕,NOUN,B2
constipate,to constipate,使便秘,VERB,B2
constituency,constituencies,选区,NOUN,B2
constitutional amendment,constitutional amendment,宪法修正案,NOUN,B2
constitutional article,constitutional article,宪法条文,NOUN,B2
constitutionalization,constitutionalization,宪法化,NOUN,B2
constitutionalize,to constitutionalize,宪法化,VERB,B2
constraint,constraints,约束,NOUN,B2
consult,to consult a reference,查阅,VERB,B2
consultation,consultations,磋商,NOUN,B2
consumerist,consumerist,,ADJ,B2
consummate,consummate,,ADJ,B2
consummation,consummation,,NOUN,B2
consumptive,consumptive,,ADJ,B2
contact,to contact,,VERB,B2
contactual,contactual,,ADJ,B2
contagion,contagion,,NOUN,B2
containment,containment,,NOUN,B2
contemn,contemn,,VERB,B2
contemporaneity,contemporaneity,,NOUN,B2
contemporary,contemporary,,NOUN,B2
contemptuously,contemptuously,,ADV,B2
contender,contender,,NOUN,B2
content,content,,ADJ,B2
contest,to contest,,VERB,B2
contextuality,contextuality,,NOUN,B2
contextualization,contextualization,,NOUN,B2
contiguity,contiguity,,NOUN,B2
continence,continence,,NOUN,B2
continental,continental,,ADJ,B2
continually,continually,,ADV,B2
continuously,continuously,,ADV,B2
contortion,contortion,,NOUN,B2
contour,contour,,NOUN,B2
contract,contracted,,ADJ,B2
contract,contracting,,NOUN,B2
contraction,contraction,,NOUN,B2
contractor,contractor,,NOUN,B2
contractual nature,contractual nature,,NOUN,B2
contraindication,contraindication,,NOUN,B2
contrary,contrary,,ADJ,B2
contrastive,contrastive,,ADJ,B2
contribution,contributions,,NOUN,B2
contrite,contrite,,ADJ,B2
controller,controller,,NOUN,B2
control,controlling,,ADJ,B2
contumacy,contumacy,,NOUN,B2
contusion,contusion,,NOUN,B2
contusion trauma,contusion trauma,,NOUN,B2
convalescence,convalescence,,NOUN,B2
convalescent,convalescent,,ADJ,B2
covenant,convenant,,NOUN,B2
convenience,convenience,,NOUN,B2
convenience store,convenience store,,NOUN,B2
convent,convent,,NOUN,B2
conventionality,conventionality,,NOUN,B2
convergent,convergent,,ADJ,B2
conversation technique,conversation technique,,NOUN,B2
convert,convert,,NOUN,B2
convex,convex,,ADJ,B2
convexity,convexity,,NOUN,B2
conveyance routing,conveyance routing,,NOUN,B2
convict,convict,,ADJ,B2
convict,convict,,NOUN,B2
convoluted,convoluted,,ADJ,B2
convolutional,convolutional,,ADJ,B2
convoy,convoy,,NOUN,B2
convulsive,convulsive,,ADJ,B2
cook,to cook,,VERB,B2
cookbook,cookbook,,NOUN,B2
cool-headed,cool-headed,,ADJ,B2
cool,cooler,,ADJ,B2
cooperative,cooperative,,ADJ,B2
cooperative,cooperative,,NOUN,B2
coordinated,coordinated,,ADJ,B2
coordinate,coordinates,,NOUN,B2
coordination,coordination,,NOUN,B2
coquettish,coquettish,,ADJ,B2
coral,coral,,ADJ,B2
cordial,cordial,,ADJ,B2
cordon,cordoning,,NOUN,B2
coriander,coriander,,NOUN,B2
cornea,cornea,,NOUN,B2
corner,to corner,,VERB,B2
corniche,corniche,,NOUN,B2
corporeal,corporeal,,ADJ,B2
corpulent,corpulent,,ADJ,B2
corpuscle,corpuscle,,NOUN,B2
correct,correct deviation,,VERB,B2
correct,correct errors,,VERB,B2
correctional,correctional,,ADJ,B2
correction,corrections,,NOUN,B2
correlative,correlative,,ADJ,B2
correlatively,correlatively,,ADV,B2
correspond,correspond,,VERB,B2
correspondence course,correspondence course,,NOUN,B2
correspondent,correspondents,,NOUN,B2
corridor,corridors,,NOUN,B2
corrigible,corrigible,,ADJ,B2
corruption,corrupted,,NOUN,B2
cortical,cortical,,ADJ,B2
cosmogony,cosmogony,,NOUN,B2
cosmology,cosmology,,NOUN,B2
cosmopolitanism,cosmopolitanism,,NOUN,B2
cosmos,cosmos,,NOUN,B2
costumbrism,costumbrism,,NOUN,B2
costume,costumes,,NOUN,B2
cosy,cosy,,ADJ,B2
cotton cloth,cotton cloth,,NOUN,B2
council,councils,,NOUN,B2
counselor,counselor,,NOUN,B2
counterfactual,counterfactual,反事实,NOUN,B2
countermeasure,countermeasure,对策,NOUN,B2
counterweight,counterweight,配重,NOUN,B2
country,country land,乡村,NOUN,B2
magistrate,county magistrate,县令,NOUN,B2
couple,to couple pair,配对,VERB,B2
courageously,courageously,勇敢地,ADV,B2
court,to court,追求,VERB,B2
appearance,court appearance,出庭,NOUN,B2
clerk,court clerk,法庭书记,NOUN,B2
cost,court costs,诉讼费用,NOUN,B2
hearing,court hearing,庭审,NOUN,B2
courtier,courtier,朝臣,NOUN,B2
courtly,courtly,宫廷的,ADJ,B2
couscous,couscous,古斯古斯,NOUN,B2
steamer,couscous steamer,蒸笼,NOUN,B2
cousin,cousin female,表姐妹,NOUN,B2
cover,to cover retreat,掩护撤退,VERB,B2
cover,to cover up,掩盖,VERB,B2
cover-up,cover-up,,NOUN,B2
cowpea,cowpeas,豇豆,NOUN,B2
crack,to crack seeds,破壳,VERB,B2
cracker,cracker,饼干,NOUN,B2
cracking,cracking,,NOUN,B2
cramped,cramped,狭窄的,ADJ,B2
cranberry,cranberry,蔓越莓,NOUN,B2
crane,crane,吊臂,PART,B2
crass,crass,,ADJ,B2
cravenly,cravenly,,ADV,B2
nutcase,crazy nutcase,,NOUN,B2
creak,creak,,NOUN,B2
creamy,creamy,,ADJ,B2
credible,credible,,ADJ,B2
credulous,credulous,,ADJ,B2
cremation,cremation,,NOUN,B2
crescent,crescent,,NOUN,B2
Cretaceous,Cretaceous,,ADJ,B2
crime novel,crime novel,,NOUN,B2
occur,crime occur,,VERB,B2
crime rate,crime rate,,NOUN,B2
criminal lawyer,criminal lawyer,,NOUN,B2
criminal record,criminal record,,NOUN,B2
criminalization,criminalization,,NOUN,B2
crimson,crimson,,ADJ,B2
crisis deepening,crisis deepening,,NOUN,B2
crisis of conscience,crisis of conscience,,NOUN,B2
crisis-ridden,crisis-ridden,,ADJ,B2
criticizable,criticizable,,ADJ,B2
crochet,crochet,,NOUN,B2
crocodile,crocodile,,NOUN,B2
cronyism,cronyism,,NOUN,B2
cross out,to cross out,,VERB,B2
cross-check,to cross-check,,VERB,B2
cross-cultural exchange,cross-cultural exchange,,NOUN,B2
cross-cutting,cross-cutting,,ADJ,B2
crossbow,crossbow,,NOUN,B2
crossing the border,crossing the border,,NOUN,B2
crosswise,crosswise,,ADJ,B2
crouch,crouch,,NOUN,B2
croup,croup,,NOUN,B2
crow,to crow,,VERB,B2
crowbar,crowbar,,NOUN,B2
crowdsourcing,crowdsourcing,,NOUN,B2
crucible,crucible,,NOUN,B2
crucifixion,crucifixion,,NOUN,B2
cruelty,cruelty harshness,,NOUN,B2
cruise passenger,cruise passenger,,NOUN,B2
crumb,crumb,,NOUN,B2
crumb,crumbs,,NOUN,B2
crunch,crunching,,NOUN,B2
crunchy,crunchy,,ADJ,B2
crush,crushing,,NOUN,B2
crusty,crusty,,ADJ,B2
cry out,to cry out,,VERB,B2
cry,cry weep,,VERB,B2
cry,crying shouting,,NOUN,B2
cryptic,cryptic,,ADJ,B2
cryptocurrency,cryptocurrency,,NOUN,B2
crystal glass,crystal glass,,NOUN,B2
crystallization,crystallization,,NOUN,B2
cubit,cubit,,NOUN,B2
cuddle,cuddle,,NOUN,B2
culminating,culminating,,ADJ,B2
culmination,culmination,,NOUN,B2
culprit,culprit,,NOUN,B2
cultural center,cultural center,,NOUN,B2
culturalism,culturalism,,NOUN,B2
cultured,cultured,,ADJ,B2
cumin,cumin,,NOUN,B2
cumulative,cumulative,,ADJ,B2
cunning,cunning shrewdness,,NOUN,B2
cunningly,cunningly,,ADV,B2
cupboard,cupboard wardrobe,,NOUN,B2
cup,cupping,,NOUN,B2
curatorship,curatorship,,NOUN,B2
curd,curd,,NOUN,B2
curdled milk,curdled milk,,NOUN,B2
cure,cure,,NOUN,B2
curiously,curiously,好奇地,ADV,B2
currency exchange,currency exchange,货币兑换,NOUN,B2
current events,current events,时事,NOUN,B2
curriculum vitae,curriculum vitae,简历,NOUN,B2
curse,to curse,诅咒,VERB,B2
cursing,cursing,咒骂,NOUN,B2
curvature,curvature,曲率,NOUN,B2
curve,to curve,弯曲,VERB,B2
curved,curved,弯曲的,ADJ,B2
cushion,to cushion,缓冲,VERB,B2
cusp,cusp,尖端,NOUN,B2
custodian,custodian,保管人,NOUN,B2
customary law,customary law,习惯法,NOUN,B2
customer orientation,customer orientation,客户导向,NOUN,B2
customization,customization,定制,NOUN,B2
cut the ribbon,to cut the ribbon,剪彩,VERB,B2
cut up,to cut up,切碎,VERB,B2
cutaneous,cutaneous,皮肤的,ADJ,B2
cutlet,cutlet,肉排,NOUN,B2
cuttlefish,cuttlefish,墨鱼,NOUN,B2
cycling,cycling,骑行,NOUN,B2
Czech,Czech,捷克的,ADJ,B2
dachshund,dachshund,腊肠犬,NOUN,B2
dad,dad father,爸爸,NOUN,B2
dadaism,dadaism,达达主义,NOUN,B2
daglig,daglig,日常的,ADJ,B2
daily,daily,日报,NOUN,B2
daily necessities,daily necessities,日用品,NOUN,B2
daily wage,daily wage,日薪,NOUN,B2
dairy,dairy,乳制的,ADJ,B2
dam up,to dam up,筑坝,VERB,B2
damask,damask,锦缎,NOUN,B2
damm,damm,池塘,NOUN,B2
damn,damn,该死的,ADV,B2
damn,damn,诅咒,NOUN,B2
damned,damned,该死的,ADJ,B2
damping,damping,阻尼,NOUN,B2
dance floor,dance floor,舞池,NOUN,B2
dandelion,dandelion,蒲公英,NOUN,B2
dandruff,dandruff,头皮屑,NOUN,B2
darbuka,darbuka,达布卡鼓,NOUN,B2
dare,dare,胆量,NOUN,B2
dare not,dare not,不敢,VERB,B2
dare,to dare to,敢于,VERB,B2
dare to ruin,dare to ruin,敢于破坏,NOUN,B2
daring,daring,大胆的,ADJ,B2
daring bold,daring bold,大胆无畏,ADJ,B2
dark blue,dark blue,深蓝,ADJ,B2
dark depths,dark depths,幽深,NOUN,B2
dark-colored,dark-colored,深色的,ADJ,B2
darkness of night,darkness of night,夜色,NOUN,B2
darling,darling,亲爱的,ADJ,B2
darn,darn,该死的,ADJ,B2
dart,dart,飞镖,NOUN,B2
dash,dash,破折号,NOUN,B2
dashing,dashing,冲刺,NOUN,B2
data leak,data leak,数据泄露,NOUN,B2
data protection,data protection,数据保护,NOUN,B2
date history,date history,历史日期,NOUN,B2
date,dates,椰枣,NOUN,B2
daughter-in-law,daughter-in-law,,NOUN,B2
dawn,to dawn,,VERB,B2
dawning,dawning,,NOUN,B2
day off,day off,,NOUN,B2
day out,day out,,NOUN,B2
day school,day school,,NOUN,B2
daybreak,daybreak,,NOUN,B2
daydream,daydream,,NOUN,B2
daydreaming,daydreaming,,NOUN,B2
daytime,daytime,,NOUN,B2
daze,daze,,NOUN,B2
dazed,dazed,,ADJ,B2
dazzled,dazzled,,ADJ,B2
de facto,de facto,,ADJ,B2
de-escalation,de-escalation,,NOUN,B2
deacon,deacon,,NOUN,B2
deactivate,to deactivate,,VERB,B2
dead body,dead body,,NOUN,B2
deadlock,deadlock,,NOUN,B2
deafening,deafening,,ADJ,B2
deafness,deafness,,NOUN,B2
deal,to deal,,VERB,B2
deal,deals,,NOUN,B2
deanship,deanship,,NOUN,B2
dearest,dearest,,NOUN,B2
death rattle,death rattle,,NOUN,B2
death,deaths,,NOUN,B2
debasement,debasement,,NOUN,B2
debility,debility,,NOUN,B2
debris,debris,,NOUN,B2
decalogue,decalogue,十诫,NOUN,B2
deceived,deceived,,ADJ,B2
decentralized,decentralized,,ADJ,B2
decimal,decimal,十进制,ADJ,B2
decimate,decimate,歼灭,VERB,B2
deciphering,deciphering,,NOUN,B2
decisiveness,decisiveness,果断,NOUN,B2
declarant,declarant,声明者,NOUN,B2
declarative,declarative,声明式,ADJ,B2
declare,to declare oneself,表明立场,VERB,B2
declension,declension,变格,NOUN,B2
decoding,decoding,,NOUN,B2
decompensation,decompensation,去补偿,NOUN,B2
decomposed,decomposed,,ADJ,B2
decomposition,decomposition,分解,NOUN,B2
deconcentration,deconcentration,去集中,NOUN,B2
deconstructionist,deconstructionist,解构主义,ADJ,B2
decontextualize,to decontextualize,去语境化,VERB,B2
decorated,decorated,,ADJ,B2
decorous,decorous,得体,ADJ,B2
decreasing,decreasing,,ADJ,B2
decrepit,decrepit,破旧,ADJ,B2
deduct,deduct points,扣分,VERB,B2
deduction,deductions,扣除项,NOUN,B2
deductive,deductive,演绎的,ADJ,B2
darkness,deep darkness,黑暗,NOUN,B2
love,deep love,深爱,NOUN,B2
measure,deep measure,深度,NOUN,B2
technology,deep sea technology,深海技术,NOUN,B2
thought,deep thought,深思,NOUN,B2
deep-rooted,deep-rooted,根深蒂固,ADJ,B2
learned,deeply learned,学识渊博,ADJ,B2
profoundly,deeply profoundly,深刻,ADV,B2
defamatory,defamatory,诽谤性,ADJ,B2
defamiliarization,defamiliarization,陌生化,NOUN,B2
general,defeated general,败将,NOUN,B2
defeatist,defeatist,失败主义,ADJ,B2
defection,defection,叛逃,NOUN,B2
defectiveness,defectiveness,缺陷,NOUN,B2
defend,to defend oneself,自卫,VERB,B2
deployment,defense deployment,防御部署,NOUN,B2
lawyer,defense lawyer,辩护律师,NOUN,B2
defenseless,defenseless,无防御,ADJ,B2
deferential,deferential,恭敬,ADJ,B2
deficitary,deficitary,赤字,ADJ,B2
definable,definable,可定义,ADJ,B2
deflated,deflated,通缩,ADJ,B2
deflationary,deflationary,通缩,ADJ,B2
deformity,deformity,畸形,NOUN,B2
degrading,degrading,令人沮丧,ADJ,B2
graduation,degree graduation,学位毕业,NOUN,B2
fit,degree of fit,契合度,NOUN,B2
degrowth,degrowth,去增长,NOUN,B2
dryness,dehydration dryness,干燥,NOUN,B2
deification,deification,神化,NOUN,B2
delay,to delay to take long,,VERB,B2
delegation of authority,delegation of authority,,NOUN,B2
delegation,delegations,,NOUN,B2
delegitimize,to delegitimize,,VERB,B2
delete,to delete to remove,,VERB,B2
deleterious,deleterious,,ADJ,B2
deletion,deletion,,NOUN,B2
deli meats,deli meats,,NOUN,B2
deliberate,deliberate malicious,,ADJ,B2
deliberateness,deliberateness,,NOUN,B2
deliberation,deliberations,,NOUN,B2
deliberatively,deliberatively,,ADV,B2
delicious,delicious tasty,,ADJ,B2
deliciousness,deliciousness,,NOUN,B2
delimit,to delimit,,VERB,B2
delimitation,delimitation,,NOUN,B2
deliver,to deliver to issue,,VERB,B2
delivery person,delivery person,,NOUN,B2
delivery van,delivery van,,NOUN,B2
delta,delta,,NOUN,B2
delude,to delude oneself,,VERB,B2
demagogic,demagogic,,ADJ,B2
demagogue,demagogue,,NOUN,B2
demand-based activism,demand-based activism,,NOUN,B2
demented,demented,,ADJ,B2
demijohn,demijohn,,NOUN,B2
demon,demon devil,,NOUN,B2
demonic,demonic,,ADJ,B2
demonization,demonization,,NOUN,B2
demon,demons,,NOUN,B2
demonstrable,demonstrable,,ADJ,B2
demonstrator,demonstrator,,NOUN,B2
demoralization,demoralization,,NOUN,B2
contradiction,denial contradiction,,NOUN,B2
jacket,denim jacket,,NOUN,B2
denomination,denomination,,NOUN,B2
denominator,denominator,,NOUN,B2
densify,to densify,,VERB,B2
dental,dental,,ADJ,B2
deontology,deontology,,NOUN,B2
director,department director,,NOUN,B2
departmental,departmental,,ADJ,B2
dependency,dependency,,NOUN,B2
passivity,dependent passivity,,NOUN,B2
depersonalize,to depersonalize,,VERB,B2
depletion,depletion,,NOUN,B2
deploy,to deploy unfold,,VERB,B2
depopulation,depopulation,,NOUN,B2
depose,deposed,,ADJ,B2
deposit,to deposit money,,VERB,B2
depositional,depositional,,ADJ,B2
deposit,deposits,,NOUN,B2
deprecation,deprecation,,NOUN,B2
depredation,depredation,,NOUN,B2
depress,depressing,,ADJ,B2
deputize,to deputize,,VERB,B2
derailment,derailment,脱轨,NOUN,B2
derby,derby,德比,NOUN,B2
deregister,to deregister,注销,VERB,B2
deregulation,deregulation,放松管制,NOUN,B2
dereliction,dereliction,玩忽职守,NOUN,B2
derision,derision mockery,嘲笑,NOUN,B2
derivation,derivation,派生,NOUN,B2
dermal,dermal,皮肤的,ADJ,B2
derogation,derogation,贬低,NOUN,B2
derogatory,derogatory,贬义的,ADJ,B2
desalination,desalination,脱盐,NOUN,B2
descend,descend from,源自,VERB,B2
descend,descend go down,下降,VERB,B2
descendant,descendants,后代,NOUN,B2
descending,descending,下降的,ADJ,B2
describable,describable,可描述的,ADJ,B2
descriptiveness,descriptiveness,描述性,NOUN,B2
desecration,desecration,亵渎,NOUN,B2
deserter,deserter,逃兵,NOUN,B2
desertify,to desertify,荒漠化,VERB,B2
deserved,deserved,应得的,ADJ,B2
desiccant,desiccant,干燥剂,NOUN,B2
desiccation,desiccation,干燥,NOUN,B2
design,to design,设计,VERB,B2
desire,desired aim,期望,NOUN,B2
desirous,desirous,渴望的,ADJ,B2
desk,desk chest of drawers,书桌,NOUN,B2
desolate,to desolate,使荒凉,VERB,B2
despair,to despair,绝望,VERB,B2
despoliation,despoliation,掠夺,NOUN,B2
despondency,despondency,沮丧,NOUN,B2
despotic,despotic,专制的,ADJ,B2
desquamation,desquamation,脱屑,NOUN,B2
destock,to destock,,VERB,B2
destroyed,destroyed,,ADJ,B2
destroyer,destroyer,,NOUN,B2
destruction,destruction of property,,NOUN,B2
detachable,detachable,,ADJ,B2
detail,details,,NOUN,B2
detector,detector,,NOUN,B2
determinant,determinant,,NOUN,B2
deterrence,deterrence,,NOUN,B2
deterrent,deterrent,,NOUN,B2
detractor,detractor,,NOUN,B2
detritus,detritus,,NOUN,B2
devastated,devastated,,ADJ,B2
development,developments,,NOUN,B2
deviance,deviance,,NOUN,B2
device,devices,,NOUN,B2
devious,devious,,ADJ,B2
devoid,devoid,,ADJ,B2
devoid,devoid lacking,,ADJ,B2
devolution,devolution,,NOUN,B2
devotion,devotion to duty,,NOUN,B2
devouring,devouring,,NOUN,B2
devout,devout,,ADJ,B2
devoutly,devoutly,,ADV,B2
dexterous,dexterous,,ADJ,B2
diabetic,diabetic,,ADJ,B2
diachrony,diachrony,,NOUN,B2
diaeresis,diaeresis,,NOUN,B2
dial,dial,,NOUN,B2
dialectic,dialectic,,ADJ,B2
dialectic,dialectic,,NOUN,B2
dialectician,dialectician,,NOUN,B2
dialing code,dialing code,,NOUN,B2
dialogism,dialogism,,NOUN,B2
dialyze,to dialyze,,VERB,B2
diameter,diameter,,NOUN,B2
diametrically,diametrically,,ADV,B2
diaper,diapers,,NOUN,B2
diaphanous,diaphanous,,ADJ,B2
diaspora community,diaspora community,,NOUN,B2
diatribe,diatribe,,NOUN,B2
dictation,dictation,,NOUN,B2
didactics,didactics,,NOUN,B2
dietary,dietary,,ADJ,B2
differently,different,,ADV,B2
differentiable,differentiable,,ADJ,B2
differentiating,differentiating,,ADJ,B2
diffusely,diffusely,,ADV,B2
dig,dig up,,VERB,B2
digestible,digestible,,ADJ,B2
digital currency,digital currency,,NOUN,B2
digitalize,to digitalize,,VERB,B2
digitized,digitized,数字化的,ADJ,B2
diglossia,diglossia,双言制,NOUN,B2
dignified,dignified,庄严的,ADJ,B2
dignifiedly,dignifiedly,庄严地,ADV,B2
dignitary,dignitaries,要人,NOUN,B2
digression,digression,离题,NOUN,B2
dike,dike,堤坝,NOUN,B2
dilated,dilated,扩张的,ADJ,B2
dilution,dilution,稀释,NOUN,B2
dim sum,dim sum,点心,NOUN,B2
dimension,to dimension,确定尺寸,VERB,B2
dimmed,dimmed,昏暗的,ADJ,B2
dinghy,dinghy,小艇,NOUN,B2
dining hall,dining hall,餐厅,NOUN,B2
dining room,dining room,餐厅,NOUN,B2
dining table,dining table,餐桌,NOUN,B2
dinner party,dinner party,晚宴,NOUN,B2
diocesan,diocesan,教区的,ADJ,B2
diocese,diocese,教区,NOUN,B2
dioxide,dioxide,二氧化物,NOUN,B2
diplomat,diplomat,外交官,NOUN,B2
dipsomaniac,dipsomaniac,酒鬼,NOUN,B2
direct hit,direct hit,直接命中,NOUN,B2
direct message,direct message,私信,NOUN,B2
directing,directing,指导,NOUN,B2
directionality,directionality,方向性,NOUN,B2
directive,directive,指令性的,ADJ,B2
directness,directness,直率,NOUN,B2
directorate,directorate,总监部,NOUN,B2
directory,directory,目录,NOUN,B2
dirham,dirham,迪拉姆,NOUN,B2
dirt,dirt filth,污垢,NOUN,B2
dirt,dirt soil,泥土,NOUN,B2
dirty,dirtier,更脏的,ADJ,B2
dirty,to dirty,弄脏,VERB,B2
dirty bastard,dirty bastard,混蛋,NOUN,B2
dirty trick,dirty trick,卑鄙手段,NOUN,B2
disadvantaged,disadvantaged,处于不利地位的,ADJ,B2
disaffected,disaffected,不满的,ADJ,B2
disaffection,disaffection,不满,NOUN,B2
disappear,to disappear to vanish,消失,VERB,B2
disapproval,disapproval,不赞成,NOUN,B2
disassembly,disassembly,拆卸,NOUN,B2
disaster relief,disaster relief,救灾,NOUN,B2
disbursement,disbursement,拨款,NOUN,B2
discipleship,discipleship,门徒身份,NOUN,B2
disciplined,disciplined,有纪律的,ADJ,B2
disclosure,disclosure,披露,NOUN,B2
disconnection,disconnection,断开,NOUN,B2
disconsolation,disconsolation,无法安慰,NOUN,B2
discontinuity,discontinuity,不连续,NOUN,B2
discordant,discordant,不和谐的,ADJ,B2
discount,discounts,折扣,NOUN,B2
discouragement,discouragement,沮丧,NOUN,B2
discoverer,discoverer,发现者,NOUN,B2
discrediting,discrediting,损害信誉,NOUN,B2
discreetly,discreetly,谨慎地,ADV,B2
discrete,discrete,离散的,ADJ,B2
discretionary,discretionary,酌情,ADJ,B2
discretionary punishment,discretionary punishment,酌情处罚,NOUN,B2
discursive,discursive,散漫的,ADJ,B2
disdain,to disdain,蔑视,VERB,B2
disdain,to disdain as beneath contempt,不屑一顾,VERB,B2
disdainful,disdainful,轻蔑的,ADJ,B2
disembarkation,disembarkation,下船,NOUN,B2
disengagement,disengagement,脱离,NOUN,B2
disentail,to disentail,解除限定继承,VERB,B2
disgust,to disgust,使厌恶,VERB,B2
disheartened,disheartened,沮丧的,ADJ,B2
disheartening,disheartening,令人沮丧的,ADJ,B2
dish,dishes,餐具,NOUN,B2
dishonorable,dishonorable,不光彩的,ADJ,B2
disillusionment,disillusionment,幻灭,NOUN,B2
disinflation,disinflation,抑制通胀,NOUN,B2
disinhibited,disinhibited,,ADJ,B2
disintegration,disintegration,,NOUN,B2
disinvestment,disinvestment,,NOUN,B2
disjoint,to disjoint,,VERB,B2
disjointed,disjointed,,ADJ,B2
dismay,dismay,,NOUN,B2
dismiss,to dismiss from office,,VERB,B2
dismissal,dismissal of charges,,NOUN,B2
dismissal,dismissal referral,,NOUN,B2
disoblige,to disoblige,,VERB,B2
disoriented,disoriented,,ADJ,B2
disparagement,disparagement,,NOUN,B2
dispassionate,dispassionate,,ADJ,B2
dispatch,dispatch room,,NOUN,B2
dispensary,dispensary,,NOUN,B2
dispersal,dispersal,,NOUN,B2
dispersion,dispersion,,NOUN,B2
display,to display to bring into play,,VERB,B2
displeased,displeased,,ADJ,B2
disposed,disposed,,ADJ,B2
dispossessed,dispossessed,,ADJ,B2
disproportionate,disproportionate,,ADJ,B2
disputation,disputation,,NOUN,B2
dispute,dispute lawsuit,,NOUN,B2
disqualification,disqualification,,NOUN,B2
disrespect,to disrespect,,VERB,B2
disruption,disruption,,NOUN,B2
disruptive,disruptive,,ADJ,B2
dissembling,dissembling,,ADJ,B2
dissemination,dissemination,,NOUN,B2
disseminator,disseminator,,NOUN,B2
dissent,to dissent,,VERB,B2
dissimilar,dissimilar,,ADJ,B2
dissimulation,dissimulation,,NOUN,B2
dissonant,dissonant,,ADJ,B2
dissuasion,dissuasion,,NOUN,B2
dissuasive,dissuasive,,ADJ,B2
distance,to distance,,VERB,B2
distich,distich,,NOUN,B2
distillation,distillation,,NOUN,B2
distinctive,distinctive,,ADJ,B2
distinctly,distinctly,,ADV,B2
distinguishable,distinguishable,,ADJ,B2
distress,to distress,,VERB,B2
distressing,distressing,,ADJ,B2
distributed,distributed,,ADJ,B2
district,districts,,NOUN,B2
distrust,to distrust,,VERB,B2
distrustful,distrustful,,ADJ,B2
disturb,to disturb to alarm,,VERB,B2
dithyramb,dithyramb,,NOUN,B2
diver,diver,,NOUN,B2
diverging,diverging,,ADJ,B2
divestment,divestment,,NOUN,B2
cleavage,divide cleavage,,NOUN,B2
divider,divider,,NOUN,B2
divinatory,divinatory,,ADJ,B2
divisibility,divisibility,,NOUN,B2
divisible,divisible,可除的,ADJ,B2
divisive,divisive,引起分歧的,ADJ,B2
divisor,divisor,除数,NOUN,B2
divorced,divorced,离异的,ADJ,B2
divorced woman,divorced woman,离异妇女,NOUN,B2
DIY,DIY,自己动手,NOUN,B2
djellaba,djellaba,长袍,NOUN,B2
DNA,DNA,脱氧核糖核酸,NOUN,B2
do crafts,to do crafts,做手工,VERB,B2
do hair,to do hair,做头发,VERB,B2
do harm,to do harm,造成伤害,VERB,B2
do justice to,to do justice to,公正对待,VERB,B2
do not,do not,不,AUX,B2
do not want,do not want,不想要,VERB,B2
do one's utmost,to do one's utmost,竭尽全力,VERB,B2
do wrong,to do wrong,做错事,VERB,B2
docilely,docilely,温顺地,ADV,B2
doctoral degree,doctoral degree,博士学位,NOUN,B2
doctoral student,doctoral student,博士生,NOUN,B2
documented,documented,有记录的,ADJ,B2
document,documents,文件,NOUN,B2
dodge,dodge,闪避,NOUN,B2
doggedly,doggedly,顽强地,ADV,B2
dollar,dollar,美元,NOUN,B2
domestic currency,domestic currency,本国货币,NOUN,B2
domicile,to domicile,定居,VERB,B2
domineering,domineering,专横的,ADJ,B2
don't believe,don't believe,不相信,VERB,B2
care,don't care,不在乎,VERB,B2
eat,don't eat,不吃,VERB,B2
let,don't let,不让,VERB,B2
mind,don't mind,不介意,VERB,B2
donation,donation of goods,物资捐赠,NOUN,B2
foal,donkey foal,小驴,NOUN,B2
chain,door chain,门链,NOUN,B2
gate,door gate,门,NOUN,B2
lock,door lock,门锁,NOUN,B2
button,doorbell button,门铃按钮,NOUN,B2
doorkeeper,doorkeeper,门卫,NOUN,B2
doorway,doorway,门口,NOUN,B2
dope,to dope,吸毒,VERB,B2
doping,doping,兴奋剂,NOUN,B2
agent,doping agents,兴奋剂,NOUN,B2
dote,to dote,溺爱,VERB,B2
dotting,dotting,点缀,NOUN,B2
double,double,双,NOUN,B2
degree,double degree,双学位,NOUN,B2
double entendre,double entendre,,NOUN,B2
image,double image,重影,NOUN,B2
doughy,doughy,面团的,ADJ,B2
down,down,下方,NOUN,B2
payment,down payment,首付,NOUN,B2
downplaying,downplaying,淡化,NOUN,B2
downright,downright,完全地,ADV,B2
downstairs,downstairs,在楼下,ADV,B2
doze,doze,小睡,NOUN,B2
doze,doze off,打瞌睡,VERB,B2
draconian,draconian,严酷的,ADJ,B2
dragonfly,dragonfly,蜻蜓,NOUN,B2
drain,to drain,排水,VERB,B2
drainage,drainage,排水,NOUN,B2
drainage,drainage sewage,排水污水,NOUN,B2
dramatization,dramatization,戏剧化,NOUN,B2
drape,to drape over one's shoulders,披肩,VERB,B2
drastic,drastic,激烈的,ADJ,B2
draw,to draw back,后退,VERB,B2
draw,to draw support from,获得支持,VERB,B2
dream,to dream,做梦,VERB,B2
dreamer,dreamer,梦想家,NOUN,B2
dreamlike,dreamlike,梦幻般的,ADJ,B2
dreary,dreary,沉闷的,ADJ,B2
dredge,dredge,挖泥船,NOUN,B2
dressing,dressing room,,NOUN,B2
dribble,dribbling,,NOUN,B2
dried,dried,干燥的,ADJ,B2
drill,to drill,钻孔,VERB,B2
drink,drink,饮料,NOUN,B2
drink,drinking,,NOUN,B2
drink,drinks,饮料,NOUN,B2
dripping,dripping,滴水的,ADJ,B2
drip,dripping,,NOUN,B2
drive,drive,驾驶,NOUN,B2
drive,drive herd,驱赶,VERB,B2
drive,to drive in to break down,钉入,VERB,B2
drive,drive mad,逼疯,VERB,B2
drive,to drive there,开车去,VERB,B2
drive,driving,,NOUN,B2
drizzly,drizzly,毛毛雨的,ADJ,B2
drop,drop cap,,NOUN,B2
drop out,drop out,辍学,VERB,B2
dropout,dropout,辍学者,NOUN,B2
dropper,dropper,滴管,NOUN,B2
drops,drops,滴,NOUN,B2
drown,to drown to sink,淹死,VERB,B2
drowning,drowning,溺水,NOUN,B2
drug addict,drug addict,吸毒者,NOUN,B2
drug addiction,drug addiction,吸毒成瘾,NOUN,B2
drummer,drummer,鼓手,NOUN,B2
drunkard,drunkard,酒鬼,NOUN,B2
dry cleaner,dry cleaner,干洗店,NOUN,B2
dry land,dry land,旱地,NOUN,B2
dry out,to dry out,变干,VERB,B2
dry sausage,dry sausage,腊肠,NOUN,B2
dry up,to dry up,干涸,VERB,B2
drying,drying,干燥,NOUN,B2
drying up,drying up,干涸,NOUN,B2
dryness,dryness,干燥,NOUN,B2
dual form,dual form,双数,NOUN,B2
duck,duck,闪避,VERB,B2
duct pipe,duct pipe,管道,NOUN,B2
ductile,ductile,有延展性的,ADJ,B2
due date,due date maturity,到期日,NOUN,B2
dull,to dull,使变钝,VERB,B2
dull-witted,dull-witted,迟钝的,ADJ,B2
duly,duly,适当地,ADV,B2
dump site,dump site,垃圾场,NOUN,B2
dunes,dunes,沙丘,NOUN,B2
dung,dung,粪,NOUN,B2
dunghill,dunghill,粪堆,NOUN,B2
duo,duo,二重奏,NOUN,B2
duplex,duplex,复式住宅,NOUN,B2
duplication,duplication,复制,NOUN,B2
durian,durian,榴莲,NOUN,B2
dust,to dust,除尘,VERB,B2
dust coat,dust coat,防尘大衣,NOUN,B2
dust off,to dust off,掸去灰尘,VERB,B2
dustproof,dustproof,防尘的,ADJ,B2
Dutch,Dutch,荷兰语,NOUN,B2
duty of care,duty of care,注意义务,NOUN,B2
duty of confidentiality,duty of confidentiality,保密义务,NOUN,B2
dwindling,dwindling,减少,NOUN,B2
dyed,dyed,染色的,ADJ,B2
dying,dying,死亡,NOUN,B2
dynamic,dynamic,动力,NOUN,B2
dynamics,dynamics,动力学,NOUN,B2
dysfunctional,dysfunctional,功能失调的,ADJ,B2
each,each every,每个,DET,B2
each one,each one,每一个,PRON,B2
each other,to each other,互相,ADV,B2
eager anticipation,eager anticipation,热切期待,NOUN,B2
eagerness,eagerness,渴望,NOUN,B2
early,earlier,较早的,ADJ,B2
earliness,earliness,早,NOUN,B2
early morning,early morning,清晨,ADV,B2
early nourishment,early nourishment,早期营养,NOUN,B2
early phase,early phase,早期阶段,NOUN,B2
early sign,early sign,早期征兆,NOUN,B2
early stage,early stage,早期,NOUN,B2
earmark,to earmark,预留,VERB,B2
earnest,earnest,认真的,ADJ,B2
earnestly,earnestly,认真地,ADV,B2
earnestness,earnestness,认真,NOUN,B2
earring,earrings,耳环,NOUN,B2
ear of wheat,ears of wheat,麦穗,NOUN,B2
ease,ease affluence,安逸,NOUN,B2
ease of circumstances,ease of circumstances,宽裕,NOUN,B2
easement,easement,减轻,NOUN,B2
easy,easier,更容易的,ADJ,B2
easily,easily,容易地,ADV,B2
easing,easing,缓解,NOUN,B2
east bank,east bank,东岸,NOUN,B2
eastward,eastward,,ADV,B2
ebb tide,ebb tide,,NOUN,B2
eccentric,eccentric person,,NOUN,B2
ecclesial,ecclesial,,ADJ,B2
ECG,ECG,,NOUN,B2
echo,echoes,,NOUN,B2
eclectic,eclectic,,ADJ,B2
ecliptic,ecliptic,,NOUN,B2
economic cycle,economic cycle,,NOUN,B2
economical,economical,,ADJ,B2
economically,economically,,ADV,B2
ecstatic,ecstatic,,ADJ,B2
Ed,Ed,,NOUN,B2
eddy,eddy,,NOUN,B2
edge,to edge,,VERB,B2
edifying,edifying,,ADJ,B2
effect,effects,,NOUN,B2
effervescence,effervescence,,NOUN,B2
effervescent,effervescent,,ADJ,B2
effigy,effigy,,NOUN,B2
egg carton,egg carton,,NOUN,B2
egg-laying,egg-laying,,NOUN,B2
ego,ego,自我,NOUN,B2
egoism,egoism,利己主义,NOUN,B2
egolatry,egolatry,自我崇拜,NOUN,B2
egomaniac,egomaniac,自大狂,NOUN,B2
Egyptian,Egyptian,埃及人,NOUN,B2
eh,eh,嗯,INTJ,B2
eider track,eider track,绒鸭踪迹,NOUN,B2
eight,eight,八,NOUN,B2
either,either,也,ADV,B2
elaboration,elaboration,详述,NOUN,B2
elbow,to elbow,用肘推,VERB,B2
elder brother,elder brother,哥哥,NOUN,B2
eldest,eldest,最年长的,ADJ,B2
elected official,elected officials,民选官员,NOUN,B2
election,elections,选举,NOUN,B2
elective,elective,选举的,ADJ,B2
electivity,electivity,选择性,NOUN,B2
electoral,electoral,选举的,ADJ,B2
electric guitar,electric guitar,电吉他,NOUN,B2
electric plug,electric plug,电源插头,NOUN,B2
electrical engineering,electrical engineering,电气工程,NOUN,B2
electrical theory,electrical theory,电学理论,NOUN,B2
electrification,electrification,电气化,NOUN,B2
electron,electron,电子,NOUN,B2
electronic bracelet,electronic bracelet,电子手环,NOUN,B2
elegance,elegance,优雅,NOUN,B2
elemental,elemental,基本的,ADJ,B2
element of an offense,elements of an offense,犯罪构成要件,NOUN,B2
elevated,elevated,高架的,ADJ,B2
eleven,eleven,十一,NOUN,B2
eleventh,eleventh,第十一,NUM,B2
elf,elf,精灵,NOUN,B2
elitism,elitism,,NOUN,B2
elucidation,elucidation,,NOUN,B2
elusiveness,elusiveness,,NOUN,B2
emaciated,emaciated,,ADJ,B2
emaciation,emaciation,,NOUN,B2
email,to email,,VERB,B2
embalm,embalm,,VERB,B2
ember,embers,,NOUN,B2
embodiment,embodiment,,NOUN,B2
embrace,embrace each other,,VERB,B2
embryonic,embryonic,,ADJ,B2
emerge,to emerge one after another,,ADJ,B2
emergency call,emergency call,,NOUN,B2
eminence,eminence,,NOUN,B2
emirate,emirate,,NOUN,B2
emiri,emiri,,ADJ,B2
emission reduction,emission reduction,,NOUN,B2
emission,emissions,,NOUN,B2
emitter,emitter,,NOUN,B2
emolument,emolument,,NOUN,B2
emoticon,emoticon,,NOUN,B2
emotion,emotion feeling,,NOUN,B2
emotional life,emotional life,,NOUN,B2
emotionality,emotionality lyricism,,NOUN,B2
empathetic,empathetic,,ADJ,B2
emphatic,emphatic,,ADJ,B2
emphatically,emphatically,,ADV,B2
employability,employability,,NOUN,B2
employer,employers,,NOUN,B2
emporium,emporium,,NOUN,B2
empowerment,empowerment,,NOUN,B2
emptying,emptying,,NOUN,B2
empyrean,empyrean,,ADJ,B2
emulator,emulator,,NOUN,B2
emulsion,emulsion,,NOUN,B2
enamel,enamel,,VERB,B2
encampment,encampment,,NOUN,B2
encampment,encampments,,NOUN,B2
encephalic,encephalic,,ADJ,B2
enclosed,enclosed,,ADJ,B2
encoding,encoding,,NOUN,B2
encore,to encore,,VERB,B2
encouraging,encouraging,,ADJ,B2
encroachment,encroachment,,NOUN,B2
encrypted,encrypted,,ADJ,B2
end,to end,,VERB,B2
endeavor,endeavor,,NOUN,B2
ending,ending,,NOUN,B2
endogamy,endogamy,,NOUN,B2
endogenous,endogenous,,ADJ,B2
endoscope,endoscope,,NOUN,B2
endoscopy,endoscopy,,NOUN,B2
enemy of the state,enemy of the state,,NOUN,B2
enfeoffment,enfeoffment,,NOUN,B2
enforceability,enforceability,,NOUN,B2
England,England,,PROPN,B2
English,English language,英语,NOUN,B2
engrave,engrave in mind,铭记,VERB,B2
engraver,engraver,雕刻师,NOUN,B2
engross,engrossing,引人入胜的,ADJ,B2
enjambment,enjambment,跨行,NOUN,B2
enjoyable,enjoyable,令人愉快的,ADJ,B2
enjoy,enjoyed,享受过的,ADJ,B2
enlargement,enlargement,放大,NOUN,B2
enlighten,enlightening,启迪的,ADJ,B2
enlistment,enlistment,入伍,NOUN,B2
enough,enough,足够,NOUN,B2
enrage,enraged,愤怒的,ADJ,B2
enrich,enriching,丰富的,ADJ,B2
enroll,enrolled,已注册的,ADJ,B2
enshrinement,enshrinement,神圣化,NOUN,B2
ensign,ensign,旗官,NOUN,B2
entanglement,entanglement,纠缠,NOUN,B2
entelechy,entelechy,实现,NOUN,B2
enter,to enter into,进入,VERB,B2
enter,to enter palace,入宫,VERB,B2
enter,to enter to advance,进取,VERB,B2
enterprising,enterprising,有进取心的,ADJ,B2
entertainer,entertainer,艺人,NOUN,B2
enticement,enticement,诱惑,NOUN,B2
entitle,entitled to exist,有资格存在,ADJ,B2
entitlement,entitlement,权利,NOUN,B2
entitlement,entitlements,权利,NOUN,B2
entomology,entomology,昆虫学,NOUN,B2
entrance,entrancing,迷人的,ADJ,B2
entrenchment,entrenchment,,NOUN,B2
enunciative,enunciative,,ADJ,B2
envious,envious jealous,,ADJ,B2
envoy,envoy,,NOUN,B2
eon,eon age,,NOUN,B2
epic quality,epic quality,,NOUN,B2
epidermal,epidermal,,ADJ,B2
epigram,epigram,,NOUN,B2
epilepsy,epilepsy,,NOUN,B2
epilogue,epilogue,,NOUN,B2
episodic,episodic,,ADJ,B2
epistolary,epistolary,,ADJ,B2
eponymous,eponymous,,ADJ,B2
equal,equal same,,ADJ,B2
equalization,equalization,,NOUN,B2
equally,equally,,ADV,B2
equanimity,equanimity,,NOUN,B2
equatorial,equatorial,,ADJ,B2
equidistant,equidistant,,ADJ,B2
equilateral,equilateral,,ADJ,B2
equivalent to,equivalent to,,ADJ,B2
equivocal,equivocal,,ADJ,B2
erect,erect behave,,VERB,B2
erection,erection,,NOUN,B2
ergonomics,ergonomics,,NOUN,B2
erroneous,erroneous,,ADJ,B2
escape,escaping,逃跑,NOUN,B2
eschatological,eschatological,末世论的,ADJ,B2
eschatology,eschatology,末世论,NOUN,B2
escort agency,escort agency,护送机构,NOUN,B2
escort mission,escort mission,护航任务,NOUN,B2
escort request,escort request,护送请求,NOUN,B2
esophagus,esophagus,食道,NOUN,B2
esoteric,esoteric,深奥的,ADJ,B2
esotericism,esotericism,神秘主义,NOUN,B2
espresso,espresso,浓缩咖啡,NOUN,B2
essayist,essayist,散文家,NOUN,B2
essayistic,essayistic,散文体的,ADJ,B2
essayistic quality,essayistic quality,散文特质,NOUN,B2
essence core,essence core,本质核心,NOUN,B2
essentiality,essentiality,本质性,NOUN,B2
estimation,estimation,估计,NOUN,B2
etc.,etc,,NOUN,B2
etc.,etc.,等等,ADV,B2
ethnic Chinese,ethnic Chinese,华人,NOUN,B2
ethnic group,ethnic group,民族,NOUN,B2
Etruscan,Etruscan,伊特鲁里亚的,ADJ,B2
Eucharist,Eucharist,圣餐,NOUN,B2
eunuch,eunuch,太监,NOUN,B2
euphemistic,euphemistic,委婉的,ADJ,B2
euphonic,euphonic,悦耳的,ADJ,B2
euphoric,euphoric,欣快的,ADJ,B2
Eurasian,Eurasian,欧亚的,ADJ,B2
euthanasia,euthanasia,安乐死,NOUN,B2
evangelical,evangelical,福音派的,ADJ,B2
evangelist,evangelist,传教士,NOUN,B2
evangelization,evangelization,传教,NOUN,B2
evaporate,evaporating,蒸发的,ADJ,B2
eve,eve,前夕,NOUN,B2
even if,even if,即使,ADP,B2
evening newspaper,evening newspaper,晚报,NOUN,B2
event,events,事件,NOUN,B2
everlasting,everlasting,永恒的,ADJ,B2
everlastingness,everlastingness,永恒,NOUN,B2
every time,every time,每次,NOUN,B2
everydayness,everydayness,日常性,NOUN,B2
evidence,to evidence,证明,VERB,B2
evidentiary weight,evidentiary weight,证据分量,NOUN,B2
evil,evil,邪恶的,ADJ,B2
evolutionary,evolutionary,进化的,ADJ,B2
exact change,exact change,精确零钱,NOUN,B2
exactitude,exactitude,精确,NOUN,B2
exactly the same,exactly the same,完全相同,ADJ,B2
exaltation,exaltation,崇高,NOUN,B2
exam paper,exam paper,试卷,NOUN,B2
excavated,excavated,挖掘的,ADJ,B2
excavation,excavation,,NOUN,B2
exceptionally,exceptionally,,ADV,B2
excess weight,excess weight,,NOUN,B2
excessively,excessively,,ADV,B2
excessiveness,excessiveness,,NOUN,B2
exchange fee,exchange fee,,NOUN,B2
exchange,exchange greetings,,VERB,B2
exchange of accusations,exchange of accusations,,NOUN,B2
exchange of verses,exchange of verses,,NOUN,B2
exchange rate,exchange rate,,NOUN,B2
exchange student,exchange student,,NOUN,B2
exchange,to exchange to replace,,VERB,B2
exchanger,exchanger,,NOUN,B2
exchange,exchanges,,NOUN,B2
excise,excise,,NOUN,B2
excision,excision,,NOUN,B2
exclusive dedication,exclusive dedication,,NOUN,B2
exclusivism,exclusivism,,NOUN,B2
excrescence,excrescence,,NOUN,B2
excuse me,excuse me,,INTJ,B2
excuse,excuse me,,VERB,B2
execute,to execute by firing squad,,VERB,B2
execution,execution by firing squad,,NOUN,B2
executive board,executive board,,NOUN,B2
executory,executory,,ADJ,B2
exemplar,exemplar,,NOUN,B2
exemption,exemption from admission exam,,NOUN,B2
exercise,to exercise,,VERB,B2
exercise book,exercise book,,NOUN,B2
exercise equipment,exercise equipment,,NOUN,B2
exercise,exercise of authority,行使权力,NOUN,B2
exercise,exercises,练习,NOUN,B2
exert,to exert effort,用力,VERB,B2
exhalation,exhalation,呼气,NOUN,B2
exhaust,exhaust gas,废气,NOUN,B2
exhausting,exhausting,令人疲惫的,ADJ,B2
exhibit,exhibit,展品,NOUN,B2
exhibition,exhibition center,展览中心,NOUN,B2
exhibition,exhibition match,表演赛,NOUN,B2
exhibitor,exhibitor,参展商,NOUN,B2
exhortation,exhortation,劝告,NOUN,B2
exhumation,exhumation,开棺,NOUN,B2
exiled,exiled,被流放的,ADJ,B2
exit,exit,退出,VERB,B2
exit,to exit to go out,出去,VERB,B2
exodus,exodus,出埃及,NOUN,B2
exoneration,exoneration,无罪释放,NOUN,B2
exorbitant,exorbitant,过高的,ADJ,B2
exorcism,exorcism,驱魔,NOUN,B2
exordium,exordium,序言,NOUN,B2
exoteric,exoteric,外道的,ADJ,B2
exoticism,exoticism,异域风情,NOUN,B2
expanse,expanse,广阔,NOUN,B2
expansionism,expansionism,扩张主义,NOUN,B2
expatriation,expatriation,侨居,NOUN,B2
expectant,expectant,期待的,ADJ,B2
expectoration,expectoration,吐痰,NOUN,B2
expeditionary,expeditionary,远征的,ADJ,B2
expenditure,expenditures,支出,NOUN,B2
expensiveness,expensiveness,昂贵,NOUN,B2
experience,experiences,经历,NOUN,B2
experiential,experiential marker,经验标记,PART,B2
experimentation,experimentation,实验,NOUN,B2
expiration,expiration,到期,NOUN,B2
expletive,expletive,脏话,NOUN,B2
exploit,exploit,功绩,NOUN,B2
exploitable,exploitable,可开发的,ADJ,B2
exploit,exploits,功绩,NOUN,B2
exploratory,exploratory,,ADJ,B2
exportation,exportation,,NOUN,B2
export,exports,,NOUN,B2
express delivery,express delivery,,NOUN,B2
express,to express sympathy,,VERB,B2
expression,expression of opinion,,NOUN,B2
expressionism,expressionism,,NOUN,B2
exquisiteness,exquisiteness,,NOUN,B2
extended reality,extended reality,,NOUN,B2
extension cord,extension cord,,NOUN,B2
extinguishable,extinguishable,,ADJ,B2
extinguished,extinguished listless,,ADJ,B2
extinguishing,extinguishing,,NOUN,B2
extirpation,extirpation,,NOUN,B2
extolling,extolling,,NOUN,B2
extort,extort a confession,,VERB,B2
extra,extra,,ADV,B2
extra drink,extra drink,,NOUN,B2
extramarital,extramarital,,ADJ,B2
extrapolation,extrapolation,,NOUN,B2
extraversion,extraversion,,NOUN,B2
extreme cold,extreme cold,,NOUN,B2
extreme unction,extreme unction,,NOUN,B2
extreme weather,extreme weather,,NOUN,B2
extremism,extremism,,NOUN,B2
extrinsic,extrinsic,,ADJ,B2
extrovert,extrovert,,ADJ,B2
extroverted,extroverted,,ADJ,B2
exuberance,exuberance,,NOUN,B2
exudation,exudation,,NOUN,B2
eye,eye,,PART,B2
eye care,eye-care,,NOUN,B2
eyebrow,eyebrows,,NOUN,B2
eyesight,eyesight,,NOUN,B2
fabricated,fabricated,,ADJ,B2
face,to face,,VERB,B2
face towel,face towel,,NOUN,B2
face veil,face veil,,NOUN,B2
facilitation,facilitation,,NOUN,B2
facticity,facticity,,NOUN,B2
factious,factious,,ADJ,B2
factotum,factotum,,NOUN,B2
fade away,fade away,,VERB,B2
fading away,fading away,,NOUN,B2
faggot,faggot,,NOUN,B2
failing student,failing student,,NOUN,B2
failure to act,failure to act,,NOUN,B2
faint,faint,,NOUN,B2
fair-haired,fair-haired,,ADJ,B2
fairly,fairly,,ADV,B2
fairness,fairness,,NOUN,B2
faithfully,faithfully,,ADV,B2
faithlessness,faithlessness,,NOUN,B2
fake goods,fake goods,,NOUN,B2
倒塌,fall collapse,,NOUN,B2
降临,fall on,,NOUN,B2
谬误的,fallacious,,ADJ,B2
会犯错的,fallible,,ADJ,B2
陷入,falling into,,NOUN,B2
落马,falling off horse,,NOUN,B2
休耕地,fallow land,,NOUN,B2
伪誓,false oath,,NOUN,B2
虚假地,falsely,,ADV,B2
虚假,falseness,,NOUN,B2
可证伪性,falsifiability,,NOUN,B2
篡改,falsification,,NOUN,B2
犹豫的,faltering,,ADJ,B2
家族的,familial,,ADJ,B2
熟悉的,familiar with,,ADJ,B2
家庭的,family,,ADJ,B2
家庭状况,family situation,,NOUN,B2
家庭治疗,family therapy,,NOUN,B2
家庭纽带,family tie,,NOUN,B2
饥肠辘辘,famished,,ADJ,B2
狂热的,fanatical,,ADJ,B2
华丽装饰,fancy decoration,,NOUN,B2
方伟,Fang Wei,,NOUN,B2
幻想,fantasizing,,NOUN,B2
aarschot,farewell banquet,送别宴,NOUN,B2
akkerland,farmland,农田,NOUN,B2
verziend,farsighted,远视的,ADJ,B2
wind,fart,放屁,NOUN,B2
fascistisch,fascist,法西斯的,ADJ,B2
fascist,fascist,法西斯分子,NOUN,B2
modeontwerper,fashion designer,时装设计师,NOUN,B2
modeplaat,fashion plate,时装图,NOUN,B2
vooruitspoelen,fast forward,快进,VERB,B2
fatalistisch,fatalist,宿命论的,ADJ,B2
fatalist,fatalist,宿命论者,NOUN,B2
dodelijk,fatally,致命地,ADV,B2
lotbepalend,fateful,决定性的,ADJ,B2
dikte,fatness,肥胖,NOUN,B2
vetten,fats,脂肪,NOUN,B2
vetzuur,fatty acid,脂肪酸,NOUN,B2
belachelijk,fatuous,愚蠢的,ADJ,B2
fatwa,fatwa,教令,NOUN,B2
kraan,faucet,水龙头,NOUN,B2
defect,faulty,有缺陷的,ADJ,B2
fauvisme,Fauvism,野兽派,NOUN,B2
gunst,favor kindness,恩惠,NOUN,B2
gunstig,favorable,有利的,ADJ,B2
favoriet,favourite,最喜爱的,ADJ,B2
aanhangen aan,to fawn on,奉承,VERB,B2
storen,faze,使不安,VERB,B2
hoogteangst,fear of heights,恐高症,NOUN,B2
onverschrokkenheid,fearlessness,无畏,NOUN,B2
febrile,febrile,发热的,ADJ,B2
feces,feces,粪便,NOUN,B2
fecundity,fecundity,多产,NOUN,B2
fed up,fed up,厌烦的,ADJ,B2
federate,to federate,联邦化,VERB,B2
feeding,feeding,喂养,NOUN,B2
feel,to feel cold,觉得冷,VERB,B2
feel,to feel dizzy,觉得头晕,VERB,B2
feel,to feel to think,觉得,VERB,B2
feeling,feeling emotion love,感情,NOUN,B2
feign,to feign ignorance,装傻,VERB,B2
feign,feigning ignorance,装傻,VERB,B2
feign,feigning youthfulness,装嫩,VERB,B2
felicity,felicity,幸福,NOUN,B2
feline,feline,猫的,ADJ,B2
felt,felt,毛毡,NOUN,B2
female general,female general,女将军,NOUN,B2
female judge,female judge,女法官,NOUN,B2
female neighbor,female neighbor,女邻居,NOUN,B2
female prosecutor,female prosecutor,女检察官,NOUN,B2
female student,female student,女学生,NOUN,B2
female teacher,female teacher,女教师,NOUN,B2
female thief,female thief,女贼,NOUN,B2
female,females,女性,NOUN,B2
feminization,feminization,女性化,NOUN,B2
fender,fender,挡泥板,NOUN,B2
feng shui,feng shui,风水,NOUN,B2
Feng Suige,Feng Suige,冯素娥,NOUN,B2
fennec fox,fennec fox,耳廓狐,NOUN,B2
fenugreek,fenugreek,胡芦巴,NOUN,B2
feral,feral,野生的,ADJ,B2
fermata,fermata,延长记号,NOUN,B2
fermented bean,fermented bean,豆豉,NOUN,B2
fern,fern,蕨类,NOUN,B2
ferociously,ferociously,凶猛地,ADV,B2
ferrule,ferrule,,NOUN,B2
fervent,fervent,,ADJ,B2
fervor,fervor,,NOUN,B2
festival,festivals,,NOUN,B2
festivity,festivity,,NOUN,B2
festoon,to festoon,,VERB,B2
fetid,fetid,,ADJ,B2
fetishism,fetishism,,NOUN,B2
feverish,feverish,,ADJ,B2
fez,fez,,NOUN,B2
fibrous,fibrous,,ADJ,B2
fictionalization,fictionalization,,NOUN,B2
fiddle,fiddle,,NOUN,B2
fiduciary,fiduciary,,ADJ,B2
fief,fief,,NOUN,B2
fieldwork,fieldwork,,NOUN,B2
fiend,fiend,,NOUN,B2
fifth,fifth,,NUM,B2
fig,fig,,NOUN,B2
fig,fig tree,,NOUN,B2
fight,fight back,,VERB,B2
fight,to fight over to vie for,,VERB,B2
fight,fighting,,NOUN,B2
figuratively,figuratively,,ADV,B2
figure,to figure,,VERB,B2
filament,filament,,NOUN,B2
file,to file,,VERB,B2
filibuster,filibuster,,NOUN,B2
filigree,filigree,,NOUN,B2
filing,filings,,NOUN,B2
fill in,to fill in a blank,,VERB,B2
fill,fill pack,,VERB,B2
fillet,fillet,,NOUN,B2
filling,filling,,NOUN,B2
film,to film,,VERB,B2
film,film art,,NOUN,B2
director,film director,,NOUN,B2
studio,film studio,,NOUN,B2
filmmaker,filmmaker,,NOUN,B2
filth,filth garbage,,NOUN,B2
fin,fin,,NOUN,B2
account,final accounts,,NOUN,B2
gathering,final gathering,,NOUN,B2
judgment,final judgment,,NOUN,B2
finality,finality,,NOUN,B2
final,finals,,NOUN,B2
finance,to finance to fund,,VERB,B2
liability,financial liability,,NOUN,B2
loss,financial loss,,NOUN,B2
financially,financially,,ADV,B2
find,find back,,NOUN,B2
find,to find employment,,VERB,B2
find,to find medicine,,VERB,B2
finding,finding comfort in company,,NOUN,B2
Brussels,Brussels,布鲁塞尔的,ADJ,B2
Changle Marquis,Changle Marquis,长乐侯,NOUN,Advanced
Commander Fu,Commander Fu,傅统领,NOUN,Advanced
although,although,尽管,ADP,B1
always have,always have,一直有,VERB,A2
alzheimer's disease,alzheimer's disease,阿尔茨海默病,NOUN,B2
amalgam conflation,amalgam conflation,融合,NOUN,Advanced
amazed,amazed,大为吃惊的,ADJ,B1
amazigh,amazigh,柏柏尔人,NOUN,Advanced
ambient surrounding,ambient surrounding,周围环境的,ADJ,Advanced
ambivalence,ambivalence,矛盾心理,NOUN,Advanced
amended analysis,amended analysis,修订分析,NOUN,Advanced
amended combination,amended combination,修正组合,NOUN,Advanced
amended contingency,amended contingency,修正偶然性,NOUN,Advanced
amended difference,amended difference,修正差异,NOUN,Advanced
amended inference,amended inference,修正推理,NOUN,Advanced
amended necessity,amended necessity,修正必然性,NOUN,Advanced
amended universality,amended universality,修正普遍性,NOUN,Advanced
amendments,amendments,修正案,NOUN,B2
amends,amends,赔偿,NOUN,Advanced
amicable out-of-court,amicable out-of-court,庭外和解的,ADJ,Advanced
amino acid,amino acid,氨基酸,NOUN,B2
among them,among them,其中,ADV,B1
amphitheater lecture hall,amphitheater lecture hall,阶梯教室,NOUN,Advanced
ample loose-fitting,ample loose-fitting,宽松肥大的,ADJ,Advanced
amplitude range,amplitude range,幅度范围,NOUN,Advanced
amused,amused,被逗乐的,ADJ,B1
anacoluthon,anacoluthon,文理不通,NOUN,Advanced
anadiplosis,anadiplosis,顶真,NOUN,Advanced
ancient rootedness,ancient rootedness,古老根源,NOUN,Advanced
ancient temple,ancient temple,古庙,NOUN,B1
and,and,和,NOUN,B1
and you,and you,你呢,NOUN,A1
animal pen,animal pen,牲口圈,NOUN,B2
annual battle,annual battle,年度战役,NOUN,Advanced
annual inspection,annual inspection,年检,NOUN,B2
annual publication,annual publication,年刊,NOUN,B2
another day,another day,改天,NOUN,A2
another time,another time,改次,ADV,A2
anrichtung,anrichtung,备餐台,NOUN,Advanced
anteilung,anteilung,分配比例,NOUN,Advanced
anthem song,anthem song,颂歌,NOUN,B2
anti-actuality,anti-actuality,反现实性,NOUN,Advanced
anti-energy,anti-energy,反能量,NOUN,Advanced
antique,antique,古董,NOUN,B2
antiquities ruins,antiquities ruins,古迹遗址,NOUN,Advanced
antiseptic,antiseptic,防腐剂,NOUN,Advanced
apart from,apart from,除了,VERB,B1
arabized word,arabized word,阿拉伯化词,NOUN,Advanced
arable land,arable land,耕地,NOUN,B2
arbitrary,arbitrary,任意地,ADV,Advanced
archive,archive,档案,NOUN,B2
ardent blazing,ardent blazing,炽热的,ADJ,Advanced
ardent grief,ardent grief,剧痛,NOUN,Advanced
ardent longing,ardent longing,热切渴望,NOUN,Advanced
armed force,armed force,武装部队,NOUN,B2
armed forces,armed forces,军队,NOUN,B2
army escort,army escort,军队护送,NOUN,B2
as,as,同样,NOUN,B1
as everyone knows,as everyone knows,众所周知的,ADJ,B1
as for,as for,至于,ADV,B1
as for,as for,至于,PART,B1
as well as,as well as,以及,SCONJ,B1
at with,at with,在...处,ADP,A2
atrophy,atrophy,萎缩,NOUN,Advanced
attentive listening,attentive listening,倾听,NOUN,B2
aufweisung,aufweisung,指示,NOUN,Advanced
ausforderung,ausforderung,挑战,NOUN,Advanced
ausgestaltung,ausgestaltung,具体安排,NOUN,Advanced
auspicious month,auspicious month,吉月,NOUN,Advanced
auspicious time,auspicious time,吉时,NOUN,Advanced
aussinnung,aussinnung,构想,NOUN,Advanced
auswandel,auswandel,转变,NOUN,Advanced
ausweisung,ausweisung,驱逐,NOUN,Advanced
autumn start,autumn start,立秋,NOUN,B2
award auction,award auction,竞标拍卖,NOUN,Advanced
axis axle,axis axle,车轴,NOUN,Advanced
babble,babble,胡言乱语,VERB,Advanced
backward,backward,落后的,ADJ,B2
barricade,barricade,路障,NOUN,B2
barter,barter,以物易物,VERB,Advanced
basic essential,basic essential,基本的,ADJ,B1
battle none,battle none,无战事,NOUN,Advanced
be honest,be honest,说实话,VERB,A2
be in prison,be in prison,坐牢,VERB,B1
be necessary must,be necessary must,必须,VERB,A2
be skeptical,be skeptical,持怀疑态度,VERB,B2
be vigilant,be vigilant,保持警惕,VERB,B2
be visible,be visible,显现,VERB,B1
becoming,becoming,形成,NOUN,Advanced
behavioral,behavioral,行为的,ADJ,B2
benahme,benahme,行为举止,NOUN,Advanced
beteilung,beteilung,参与,NOUN,Advanced
big lout,big lout,粗汉,NOUN,Advanced
birds chirping,birds chirping,鸟鸣,NOUN,B1
birthday banquet,birthday banquet,寿宴,NOUN,B2
bitter quarrel,bitter quarrel,激烈争吵,NOUN,B2
bizarre,bizarre,奇异之物,NOUN,B2
blacksmith shop,blacksmith shop,铁匠铺,NOUN,Advanced
blaze,blaze,烈火,NOUN,B2
blazing ardor,blazing ardor,烈火般热情,NOUN,Advanced
blind person,blind person,盲人,NOUN,A2
blissful wellbeing,blissful wellbeing,幸福安康,NOUN,Advanced
blood then,blood then,血色,NOUN,Advanced
bloom of youth,bloom of youth,青春焕发,NOUN,Advanced
blossoming ripening,blossoming ripening,开花结果,NOUN,Advanced
blow beating,blow beating,痛打,NOUN,Advanced
blow of fate,blow of fate,命运的打击,NOUN,Advanced
blowing sand,blowing sand,扬沙,NOUN,B2
bolster,bolster,支持,VERB,B2
botched job,botched job,拙劣工作,NOUN,Advanced
both,both,两者的,ADJ,A1
bottom out,bottom out,见底,NOUN,B2
box can,box can,铁盒,NOUN,B1
breaker cutter,breaker cutter,碎料机,NOUN,Advanced
breakthrough,breakthrough,突破,NOUN,B2
bridle,bridle,缰绳,NOUN,Advanced
bringing him,bringing him,带他来,NOUN,B1
broad and profound,broad and profound,博大精深的,ADJ,Advanced
brocade,brocade,锦缎,PART,Advanced
brooding,brooding,沉思,NOUN,Advanced
brook,brook,容忍,VERB,Advanced
brother,brother,兄弟,PART,A1
brotherly heart,brotherly heart,兄弟情谊,NOUN,Advanced
brought back,brought back,带回,NOUN,B1
building upon,building upon,在此基础上,ADV,Advanced
bulletproof,bulletproof,防弹衣,NOUN,B2
burlesque,burlesque,滑稽戏,NOUN,Advanced
burrow,burrow,掘洞,VERB,Advanced
bursting forth,bursting forth,喷发,NOUN,Advanced
busy telephone line,busy telephone line,占线,VERB,B1
but difficult,but difficult,困难之处,NOUN,B2
but this,but this,然而这,NOUN,B1
but-for,but-for,条件关系,NOUN,Advanced
buy foreign exchange,buy foreign exchange,购汇,VERB,B2
buying and selling,buying and selling,买卖,NOUN,B1
by,by,被,AUX,A2
by analogy with,by analogy with,类比地,ADV,Advanced
by chance,by chance,偶然的,ADJ,B1
by doing,by doing,通过做,SCONJ,B1
by means of,by means of,借由,NOUN,B2
by month,by month,按月,NOUN,B1
by telephone,by telephone,电话的,ADJ,A2
by year,by year,按年,NOUN,B1
bypass,bypass,旁路,NOUN,B2
campus-like,campus-like,校园风格的,ADJ,B2
can cure,can cure,能治愈,NOUN,B2
can jar,can jar,玻璃罐,NOUN,B1
can may,can may,可以,AUX,A1
can still,can still,仍可以,AUX,A2
can to be able to,can to be able to,能够,AUX,A1
can't help doing sth,can't help doing sth,忍不住,ADV,B1
canal belt,canal belt,运河带,NOUN,B2
cannot afford,cannot afford,负担不起,VERB,B1
cannot be quiet,cannot be quiet,不得安宁,NOUN,B2
cannot reach,cannot reach,够不着,VERB,A2
cargo rest,cargo rest,货物余量,NOUN,Advanced
carp,carp,吹毛求疵,VERB,Advanced
carrying in,carrying in,搬入,NOUN,B1
catch thief,catch thief,捉贼,NOUN,B1
cell phone ringing,cell phone ringing,手机铃声,NOUN,A2
censure,censure,谴责,VERB,Advanced
ceremony complete,ceremony complete,礼成,NOUN,B2
cessation passing,cessation passing,终止消逝,NOUN,Advanced
chase fast,chase fast,快追,NOUN,B1
chastity probity,chastity probity,贞洁正直,NOUN,Advanced
check him,check him,查验他,NOUN,B1
cheerful-faced,cheerful-faced,喜气洋洋的,ADJ,B2
chisel,chisel,凿子,NOUN,Advanced
churn skin,churn skin,皮袋,NOUN,Advanced
circumstantial accusative,circumstantial accusative,状语宾格,NOUN,Advanced
circus,circus,马戏团的,ADJ,B1
claim damages,claim damages,要求赔偿,VERB,Advanced
clarity evidentness,clarity evidentness,清晰明了,NOUN,Advanced
clash,clash,冲突,NOUN,B2
class nature,class nature,阶级性,NOUN,Advanced
classicist,classicist,古典主义的,ADJ,Advanced
classifier for trips,classifier for trips,趟,NUM,B1
classifier for vehicles,classifier for vehicles,辆,NUM,B1
clear as day,clear as day,一清二楚的,ADJ,B2
clear justice,clear justice,公道,NOUN,B2
clearing of the throat,clearing of the throat,清嗓子,NOUN,B2
clog,clog,堵塞,VERB,B2
cloister,cloister,回廊,NOUN,Advanced
close well,close well,关好,NOUN,B1
cloud,cloud,云朵的,ADJ,B1
club blow,club blow,棍击,NOUN,Advanced
cluster,cluster,群,NOUN,B2
coastal,coastal,沿海地区,NOUN,B2
coating plaster,coating plaster,抹灰涂层,NOUN,Advanced
coil,coil,线圈,NOUN,B2
coincidence of ideas,coincidence of ideas,不谋而合,NOUN,Advanced
cold arrow,cold arrow,暗箭,NOUN,Advanced
cold hands,cold hands,手冷,NOUN,A2
cold weather,cold weather,寒冷天气,NOUN,A2
collateral,collateral,抵押品,NOUN,Advanced
colloquial language,colloquial language,口语,NOUN,B2
colonial settlers,colonial settlers,殖民定居者,NOUN,Advanced
come and take,come and take,来取,NOUN,B1
comfortable tranquility,comfortable tranquility,惬意安宁,NOUN,Advanced
coming-of-age attire,coming-of-age attire,成人礼服,NOUN,Advanced
commanding presence,commanding presence,威严气魄,NOUN,Advanced
compact,compact,紧凑的,ADJ,B2
comparative weighing,comparative weighing,权衡比较,NOUN,Advanced
completed-action particle,completed-action particle,了,PART,B1
conditioning adaptation air conditioning,conditioning adaptation air conditioning,空调适应,NOUN,Advanced
confiding,confiding,倾诉,NOUN,Advanced
confused,confused,困惑地,ADV,B1
considerable,considerable,相当数量,NOUN,Advanced
consort,consort,结交,VERB,Advanced
contemporary,contemporary,当代的,ADJ,B2
cooler coolant,cooler coolant,冷却液,NOUN,Advanced
cosmetic,cosmetic,化妆品,NOUN,B2
could it be that,could it be that,难道,ADV,B1
council-related,council-related,委员会相关的,ADJ,B2
count,count,伯爵,NOUN,B2
countenance,countenance,赞同,VERB,Advanced
counter clerk,counter clerk,柜台职员,NOUN,B1
counter-art,counter-art,反艺术,NOUN,Advanced
counter-body,counter-body,对应物,NOUN,Advanced
counter-cause,counter-cause,反因,NOUN,Advanced
counter-class,counter-class,反阶级,NOUN,Advanced
counter-criterion,counter-criterion,反标准,NOUN,Advanced
counter-grade,counter-grade,反等级,NOUN,Advanced
counter-level,counter-level,对应层次,NOUN,Advanced
counter-number,counter-number,对应数字,NOUN,Advanced
counter-path,counter-path,相反路径,NOUN,Advanced
counter-price,counter-price,对应价格,NOUN,Advanced
counter-process,counter-process,反过程,NOUN,Advanced
counter-standard,counter-standard,反标准,NOUN,Advanced
counter-step,counter-step,对应步骤,NOUN,Advanced
counter-strategy,counter-strategy,应对策略,NOUN,Advanced
counter-thought,counter-thought,对立思想,NOUN,Advanced
counter-trace,counter-trace,反向痕迹,NOUN,Advanced
counter-track,counter-track,反向轨迹,NOUN,Advanced
counter-value,counter-value,等值,NOUN,Advanced
counter-work,counter-work,反向工作,NOUN,Advanced
counterclaim,counterclaim,提出反诉,VERB,Advanced
counterfeit,counterfeit,伪造,VERB,Advanced
court and country,court and country,朝野,NOUN,Advanced
coward,coward,胆小的,ADJ,B1
crash bang,crash bang,轰响,NOUN,B2
cunning,cunning,狡猾的,ADJ,B2
curable,curable,可治愈者,NOUN,Advanced
current times,current times,当今时代,NOUN,B2
curve,curve,曲线,NOUN,B1
cushion,cushion,靠垫,NOUN,B1
customs,customs,海关的,ADJ,B1
cykel,cykel,自行车,NOUN,B1
damn,damn,该死的,ADJ,B2
dart,dart,飞奔,VERB,B2
dash,dash,猛冲,VERB,B2
dazed one,dazed one,茫然者,NOUN,Advanced
dead person,dead person,死者,NOUN,A2
deaf person,deaf person,聋人,NOUN,A2
death warrior,death warrior,死士,NOUN,Advanced
debris rubble,debris rubble,瓦砾残骸,NOUN,Advanced
declamatory style,declamatory style,朗诵体风格,NOUN,Advanced
decline setting,decline setting,日暮西山,NOUN,Advanced
decomposition degradation,decomposition degradation,分解退化,NOUN,Advanced
decorous modesty,decorous modesty,端庄谦虚,NOUN,Advanced
dejta,dejta,约会,VERB,B1
deserving,deserving,应得者,NOUN,Advanced
desolate,desolate,荒凉的,ADJ,B2
desolate loneliness,desolate loneliness,凄清孤寂,NOUN,Advanced
detective force,detective force,侦缉队,NOUN,B2
determinist,determinist,决定论的,ADJ,Advanced
development works,development works,开发工程,NOUN,B2
development zone,development zone,开发区,NOUN,B2
device system,device system,设备系统,NOUN,B2
devotional humility,devotional humility,虔诚谦恭,NOUN,Advanced
devotional worship,devotional worship,虔敬崇拜,NOUN,Advanced
difficult to handle,difficult to handle,难处,NOUN,B2
difficulty resolution,difficulty resolution,排难,NOUN,Advanced
diffusion spread,diffusion spread,扩散蔓延,NOUN,Advanced
discharge,discharge,排放,VERB,B2
disdain,disdain,鄙视,NOUN,Advanced
disgust,disgust,厌恶,NOUN,B2
disjoint,disjoint,不相交的,ADJ,Advanced
displaced person,displaced person,流离失所者,NOUN,Advanced
dispute,dispute,争端,VERB,B2
disputed case,disputed case,争议案件,NOUN,B2
dissent,dissent,异议,NOUN,Advanced
districting,districting,区域划分,NOUN,Advanced
distrust,distrust,不信任,NOUN,B2
divine physician,divine physician,神医,NOUN,B2
divine reward,divine reward,神赏,NOUN,Advanced
divine trial,divine trial,神意考验,NOUN,Advanced
do not,do not,别,PART,A1
do one's best,do one's best,全力以赴,NOUN,A2
don't give a fuck,don't give a fuck,满不在乎的,ADJ,Advanced
down to,down to,直至,SCONJ,B2
doze,doze,打瞌睡,VERB,B2
dreamy dreamer,dreamy dreamer,做白日梦的,ADJ,B2
dredge,dredge,疏浚,VERB,Advanced
dried curd,dried curd,奶疙瘩,NOUN,Advanced
dried cured,dried cured,风干腌制的,ADJ,B2
dried meat,dried meat,肉干,NOUN,B1
drug medication,drug medication,药品,NOUN,B1
dying without,dying without,死不瞑目,NOUN,Advanced
dynamic,dynamic,充满活力的,ADJ,B2
each,each,每人,NOUN,A2
early,early,早期,NOUN,B1
easy defense,easy defense,易守,NOUN,B2
eating habit,eating habit,饮食习惯,NOUN,A2
eccentric,eccentric,怪人,NOUN,Advanced
economic climate,economic climate,经济形势,NOUN,B2
educational background,educational background,学历,NOUN,B1
effect and traces,effect and traces,成效与踪迹,NOUN,Advanced
einerziehung,einerziehung,纳入培育,NOUN,Advanced
eingabe,eingabe,意见书,NOUN,Advanced
einnahme,einnahme,收入,NOUN,Advanced
einsprache,einsprache,异议,NOUN,Advanced
einteilung,einteilung,划分,NOUN,Advanced
einweisung,einweisung,指导介绍,NOUN,Advanced
einwirkung,einwirkung,影响,NOUN,Advanced
elbow,elbow,肘部,NOUN,B1
electoralist,electoralist,选举至上主义的,ADJ,Advanced
electric,electric,电动车,NOUN,B1
emergence emanation,emergence emanation,显现流出,NOUN,Advanced
enamel,enamel,搪瓷,NOUN,Advanced
enclosure pen,enclosure pen,围栏圈,NOUN,B2
encore,encore,加演,NOUN,Advanced
end of the working day,end of the working day,下班时间,NOUN,B1
end of the year,end of the year,年底,NOUN,A2
endeavor,endeavor,竭力,VERB,Advanced
endemic disease,endemic disease,地方病,NOUN,Advanced
enduring hardship,enduring hardship,吃苦耐劳,NOUN,B2
enemy army,enemy army,敌军,NOUN,B1
engine motor,engine motor,发动机马达,NOUN,B1
enough okay,enough okay,尚可的,ADJ,A2
enslavement by love,enslavement by love,为情所困,NOUN,Advanced
entering city,entering city,进城,NOUN,A2
equivalent,equivalent,等价物,NOUN,B2
erfahrt,erfahrt,经验经历,NOUN,Advanced
erweisung,erweisung,证实,NOUN,Advanced
erzregelung,erzregelung,最高规则,NOUN,Advanced
eternally receive,eternally receive,永受,NOUN,Advanced
eternity without beginning,eternity without beginning,无始之永恒,NOUN,Advanced
eternity without end,eternity without end,无终之永恒,NOUN,Advanced
even me,even me,连我,NOUN,A2
even pulse,even pulse,平脉,NOUN,Advanced
evening chat,evening chat,夜话,NOUN,B2
evening gathering,evening gathering,晚会,NOUN,B1
evening night,evening night,夜晚,NOUN,A1
evening party,evening party,晚会,NOUN,A2
eventual outcome,eventual outcome,最终结果,NOUN,B2
every day,every day,每天,NOUN,A1
everyday family life,everyday family life,家常生活,NOUN,B1
everyone gives their own view,everyone gives their own view,各抒己见,NOUN,B2
evil,evil,邪恶,PART,B1
evil move,evil move,恶招,NOUN,Advanced
exam to take an exam,exam to take an exam,考试,NOUN,A1
except unless,except unless,除非,ADP,B1
exchange money,exchange money,兑换外币,NOUN,A2
excise,excise,切除,VERB,Advanced
expert opinion,expert opinion,专家意见,NOUN,B2
failing an exam,failing an exam,落榜,NOUN,B1
fake and inferior,fake and inferior,假冒伪劣的,ADJ,B2
family has,family has,家有,NOUN,A2
famous catcher,famous catcher,名捕,NOUN,Advanced
father and daughter,father and daughter,父女,NOUN,A2
to abschweifen,to abschweifen,离题,VERB,Advanced
to abtrocken,to abtrocken,擦干,VERB,B1
to amnesty,to amnesty,特赦,VERB,Advanced
to annex,to annex,吞并,VERB,Advanced
to avail oneself of,to avail oneself of,利用,ADP,Advanced
to ban,to ban,明令禁止,VERB,B1
to be absent-minded,to be absent-minded,心不在焉,VERB,B2
to be allergic,to be allergic,过敏,VERB,B1
to be content,to be content,满足,VERB,B1
to be dissonant,to be dissonant,不协调,VERB,Advanced
to be equivalent,to be equivalent,等同于,VERB,B2
to be fortunate,to be fortunate,幸运,VERB,B1
to be full of,to be full of,充满,VERB,A2
to be good for,to be good for,有益于,VERB,A2
to be grandiloquent,to be grandiloquent,说大话,VERB,Advanced
to be happy,to be happy,高兴,VERB,A1
to be heedless,to be heedless,不加留心,VERB,Advanced
to be here,to be here,在这里,VERB,A1
to be in,to be in,在家,VERB,A1
to be in position,to be in position,就位,VERB,B1
to be liable,to be liable,有责任,VERB,B2
to be not,to be not,不是,VERB,A1
to be on person,to be on person,随身携带,VERB,B1
to be shy,to be shy,害羞,VERB,A2
to be sleepy,to be sleepy,困倦,VERB,A2
to be unable,to be unable,无法,VERB,B1
to be unnecessary,to be unnecessary,没有必要,VERB,B1
to be unworthy,to be unworthy,不相称,VERB,B2
to be valid,to be valid,有效,VERB,B1
to be willing,to be willing,乐意,VERB,B1
to be with,to be with,陪伴,VERB,A2
to be worthy,to be worthy,值得,VERB,B1
to become bold,to become bold,壮胆,VERB,B2
to become gangrenous,to become gangrenous,发生坏疽,VERB,Advanced
to become minister,to become minister,拜相,VERB,Advanced
to become poor,to become poor,变穷,VERB,B1
to behave rudely,to behave rudely,举止粗鲁,VERB,B2
to boast,to boast,自夸,VERB,B2
to call name,to call name,点名,VERB,A2
to call to contact,to call to contact,致电联系,VERB,B1
to caper,to caper,雀跃,VERB,Advanced
to caress,to caress,爱抚,VERB,Advanced
to complement,to complement,补充,VERB,B2
to console,to console,安抚,VERB,Advanced
to consummate,to consummate,圆房,VERB,Advanced
to convict,to convict,定罪,VERB,B2
to correspond,to correspond,符合,VERB,B2
to creak,to creak,嘎吱作响,VERB,B2
to crouch,to crouch,蹲下,VERB,B2
to cuddle,to cuddle,拥抱,VERB,B2
to daze,to daze,使发昏,VERB,Advanced
to delegate,to delegate,委派,VERB,B2
to diffuse,to diffuse,扩散,VERB,Advanced
to disarray,to disarray,使混乱,VERB,Advanced
to disconsole,to disconsole,使沮丧,VERB,Advanced
to discredit,to discredit,败坏名声,VERB,Advanced
to dislike,to dislike,不喜欢,VERB,A2
to dismay,to dismay,使气馁,VERB,Advanced
to dispatch,to dispatch,派遣,VERB,B2
to disproportion,to disproportion,使不成比例,VERB,Advanced
to do make,to do make,制作,VERB,A1
to dread,to dread,惧怕,VERB,B2
to dry in the sun,to dry in the sun,晒干,AUX,B1
to eat animals,to eat animals,捕食动物,VERB,B1
to eavesdrop,to eavesdrop,偷听,VERB,Advanced
to edit,to edit,编辑,VERB,A2
to exhibit,to exhibit,展出,VERB,B1
to exile,to exile,流放,VERB,B2
to exploit,to exploit,剥削,VERB,B2
to export,to export,出口,VERB,B1
to extract,to extract,提取,VERB,B2
circus,circus,马戏团,NOUN,A2
cloud,cloud,云,NOUN,A1
electric,electric,电力的,ADJ,A2
fernrechnung,fernrechnung,远程结账,NOUN,Advanced
fernsucht,fernsucht,远方思念,NOUN,Advanced
feud end,feud end,和解,NOUN,Advanced
fiddle,fiddle,拉小提琴,VERB,B2
field,field,野外的,ADJ,B1
fierce one,fierce one,勇猛者,NOUN,Advanced
figurative language,figurative language,比喻性语言,NOUN,B2
figure skating,figure skating,花样滑冰,NOUN,B1
fillet,fillet,切成鱼片,VERB,B2
fine arts,fine arts,美术,NOUN,B1
fine print,fine print,细则条款,NOUN,B2
fine well,fine well,安好,ADJ,A1
finger toe,finger toe,手指脚趾,NOUN,B1
finish end,finish end,终结,VERB,A1
finished,finished,完成,VERB,A2
fir forest,fir forest,杉木林,NOUN,B2
fire department,fire department,消防局,NOUN,A2
fire station,fire station,消防站,NOUN,A2
firm entrenchment,firm entrenchment,坚固工事,NOUN,Advanced
first,first,第一名,NOUN,A1
first,first,第一,NUM,A1
first aid,first aid,急救,NOUN,A2
first fruit,first fruit,初熟果实,NOUN,Advanced
first instance,first instance,一审,NOUN,Advanced
first-class,first-class,一流的,ADJ,A2
firstly,firstly,首要事物,NOUN,B1
fiscal,fiscal,财政的,ADJ,B2
fisheries,fisheries,渔业,NOUN,B2
fishhook,fishhook,鱼钩,NOUN,B2
fishmonger,fishmonger,鱼贩,NOUN,B2
fit,fit,阵发,NOUN,B2
fitting out,fitting out,装备,NOUN,Advanced
five,five,五个的,ADJ,A1
fix to prepare,fix to prepare,准备妥当,VERB,B1
fixed-term imprisonment,fixed-term imprisonment,有期徒刑,NOUN,Advanced
flabby,flabby,松弛的,ADJ,B2
flag,flag,旗帜,PART,A2
flagrante delicto,flagrante delicto,现行犯罪,NOUN,Advanced
flame retardant,flame retardant,阻燃剂,NOUN,Advanced
flammable ice,flammable ice,可燃冰,NOUN,Advanced
flashback,flashback,闪回,NOUN,B2
flattering,flattering,奉承的,ADJ,B2
flea,flea,跳蚤,NOUN,B2
fling,fling,短暂风流,NOUN,B2
flirt,flirt,调情者,NOUN,B2
flirtation,flirtation,调情,NOUN,B2
float,float,彩车,NOUN,B2
floating,floating,浮动,NOUN,B2
flogging,flogging,鞭笞,NOUN,Advanced
flooded,flooded,被淹没的,ADJ,B2
floor mat,floor mat,地垫,NOUN,A2
floor projectile,floor projectile,地掷物,NOUN,Advanced
floor story,floor story,楼层故事,NOUN,B1
floorboard,floorboard,地板条,NOUN,B2
floral,floral,花卉的,ADJ,B2
floundering,floundering,挣扎,NOUN,Advanced
flow in,flow in,涌入,VERB,B2
flower arranging,flower arranging,插花,NOUN,B1
flower bed,flower bed,花坛,NOUN,B1
flower shadow,flower shadow,花影,NOUN,B2
fluids,fluids,流体,NOUN,B2
fluke,fluke,侥幸,NOUN,B2
flushing,flushing,脸红,NOUN,B2
fluster,fluster,慌乱,NOUN,Advanced
flyting poems,flyting poems,论战诗,NOUN,Advanced
focalization,focalization,聚焦化,NOUN,Advanced
fog light,fog light,雾灯,NOUN,B2
foggy,foggy,多雾的,ADJ,A2
foggy day,foggy day,雾天,NOUN,A2
fold over,fold over,折叠,VERB,B1
foldable,foldable,可折叠的,ADJ,B1
foliar,foliar,叶面的,ADJ,Advanced
folk,folk,民间的人们,NOUN,B1
folk oboe,folk oboe,民间双簧管,NOUN,Advanced
folk singer,folk singer,民谣歌手,NOUN,A2
followers,followers,追随者,NOUN,B1
following,following,在之后,ADP,B1
following next,following next,接下来的,ADJ,B1
following the example of,following the example of,效仿之举,NOUN,B2
folly,folly,蠢事,NOUN,Advanced
fondness,fondness,喜爱,NOUN,B2
food chain,food chain,食物链,NOUN,B1
food dish,food dish,菜肴,NOUN,A2
foolhardiness,foolhardiness,鲁莽,NOUN,Advanced
foolishness,foolishness,愚蠢,NOUN,B2
foothill,foothill,山麓小丘,NOUN,B2
footnote,footnote,脚注,NOUN,B2
footsteps,footsteps,脚步声,NOUN,A2
footstool,footstool,脚凳,NOUN,B2
for a lifetime,for a lifetime,终生,ADV,B1
for a long time,for a long time,长久地,ADV,A1
for each other,for each other,为了彼此,ADV,A2
for guidance orientation,for guidance orientation,用作指引,ADV,B2
for hours,for hours,数小时的,ADJ,A2
for my sake,for my sake,看在我的份上,ADV,B1
for now,for now,暂时,PART,A2
for the,for the,为了那,ADP,A1
for the sake of argument,for the sake of argument,假设来说,ADV,B2
for your sake,for your sake,为你着想,ADV,B1
forbearing,forbearing,宽容的,ADJ,Advanced
to ferret,to ferret,搜寻出,VERB,Advanced
to filter,to filter,过滤,VERB,B2
to fleece,to fleece,敲竹杠,VERB,Advanced
to flock,to flock,蜂拥,VERB,B2
to flood,to flood,淹没,VERB,B1
to flow into,to flow into,流入,VERB,B1
to foil,to foil,挫败,VERB,B2
to force-feed,to force-feed,强行灌食,VERB,Advanced
French language,French language,法语,NOUN,A2
Frenchification,Frenchification,法语化,NOUN,Advanced
Gnawa,Gnawa,格纳瓦音乐,NOUN,Advanced
Gu Yu,Gu Yu,谷雨,NOUN,Advanced
Hassaniya Arabic,Hassaniya Arabic,哈桑尼亚阿拉伯语,NOUN,Advanced
He'er,He'er,合儿,NOUN,Advanced
Hong Kong licensed goods,Hong Kong licensed goods,港版行货,NOUN,Advanced
Hurufiyya,Hurufiyya,字母主义艺术,NOUN,Advanced
I am,I am,我是,PRON,A1
I come well,I come well,我安好,NOUN,Advanced
I only,I only,唯我,NOUN,Advanced
I see,I see,我明白,NOUN,A1
Indian summer,Indian summer,小阳春,NOUN,Advanced
Internet of Things,Internet of Things,物联网,NOUN,B2
forced labor,forced labor,强迫劳动,NOUN,B2
forceful,forceful,强有力的,ADJ,B2
forcing submission,forcing submission,逼降,NOUN,Advanced
foreboding,foreboding,不祥之兆,NOUN,Advanced
foreign currency,foreign currency,外币,NOUN,B1
foreman,foreman,工头,NOUN,B2
forenoon,forenoon,上午,NOUN,Advanced
forensic evidence collection,forensic evidence collection,法医取证,NOUN,Advanced
forest-related,forest-related,森林相关的,ADJ,B2
forge ahead,forge ahead,勇往直前,VERB,Advanced
forged,forged,伪造的,ADJ,B2
forgetfulness,forgetfulness,健忘,NOUN,B2
forgetting,forgetting,遗忘,NOUN,B1
forging,forging,锻造,NOUN,B2
form a coalition,form a coalition,组成联盟,VERB,B2
formal notice,formal notice,正式通知,NOUN,B2
formalist,formalist,形式主义的,ADJ,Advanced
former subordinates,former subordinates,旧部,NOUN,Advanced
forums,forums,论坛,NOUN,B1
fossils,fossils,化石,NOUN,B1
foul-mouthed,foul-mouthed,嘴巴不干不净的,ADJ,Advanced
foundation course,foundation course,预科课程,NOUN,B2
foundations,foundations,基础,NOUN,B1
four limbs,four limbs,四肢,NOUN,B2
fractured,fractured,骨折的,ADJ,B2
frame of reference,frame of reference,参照系,NOUN,Advanced
framework-related,framework-related,框架相关的,ADJ,Advanced
framing,framing,构图,NOUN,B2
france,france,法国,NOUN,A1
fraudster,fraudster,诈骗犯,NOUN,B2
fraudulent concealment,fraudulent concealment,欺诈性隐瞒,NOUN,Advanced
frayed,frayed,磨损的,ADJ,B2
freckles,freckles,雀斑,NOUN,B2
free association,free association,自由联想,NOUN,Advanced
free will,free will,自由意志,NOUN,B2
freedmen clients,freedmen clients,释奴门客,NOUN,Advanced
frequencies,frequencies,频率,NOUN,B2
fresh soft,fresh soft,鲜嫩的,ADJ,B1
freshness bloom,freshness bloom,新鲜感,NOUN,Advanced
fried,fried,油炸的,ADJ,A1
friend female,friend female,女性朋友,NOUN,A1
friend male,friend male,男性朋友,NOUN,A1
friends,friends,朋友,NOUN,A1
friends with,friends with,与某人交好的,ADJ,A2
from brocade,from brocade,来自锦缎,NOUN,Advanced
from each other,from each other,彼此分离地,ADV,B1
from one,from one,从一,NOUN,Advanced
from onward,from onward,自起,ADP,B1
from tavern,from tavern,酒肆所出,NOUN,Advanced
from the,from the,来自,ADP,A1
from time to time,from time to time,不时,ADV,B1
from what,from what,据所知,ADV,B1
front part,front part,前部,NOUN,A2
front scout,front scout,前哨侦察兵,NOUN,Advanced
frontiers,frontiers,前沿,NOUN,B2
frontrunner,frontrunner,领跑者,NOUN,B2
frosted,frosted,磨砂的,ADJ,B2
frosty,frosty,严寒的,ADJ,B2
frowning,frowning,皱眉,NOUN,B2
fruit juice,fruit juice,果汁,NOUN,A1
fruiting,fruiting,结果实的,ADJ,Advanced
fuck off,fuck off,滚开,VERB,B2
fuel gauge,fuel gauge,油表,NOUN,B2
fuels,fuels,燃料,NOUN,B1
fuels hydrocarbons,fuels hydrocarbons,烃类燃料,NOUN,Advanced
full amount,full amount,全额,NOUN,B1
full fed up,full fed up,吃饱厌烦的,ADJ,B2
full moon banquet,full moon banquet,满月宴,NOUN,Advanced
full payment,full payment,全额付款,NOUN,B1
full satiated,full satiated,饱腹的,ADJ,B2
fully,fully,完全地,ADV,B1
fundamentally,fundamentally,根本上,ADV,B2
fundraise,fundraise,筹款,VERB,B2
fundraising,fundraising,筹款,NOUN,B2
funds,funds,资金,NOUN,B1
fungi,fungi,真菌,NOUN,B2
fungus,fungus,真菌,NOUN,B2
furnished,furnished,配备家具的,ADJ,B1
further study,further study,深造,NOUN,B1
further to in reference,further to in reference,关于,ADV,Advanced
future prospects,future prospects,未来前景,AUX,Advanced
futures,futures,期货,NOUN,B2
fuzzy,fuzzy,模糊的,ADJ,B2
gala,gala,盛会,NOUN,B2
galactic,galactic,银河的,ADJ,Advanced
gallbladder,gallbladder,胆囊,NOUN,Advanced
gallows,gallows,绞刑架,NOUN,Advanced
galvanized,galvanized,镀锌的,ADJ,Advanced
gambling,gambling,赌博,NOUN,B1
game rule,game rule,游戏规则,NOUN,A2
garbage,garbage,垃圾,NOUN,A2
garrison towns,garrison towns,驻防城镇,NOUN,Advanced
gasket,gasket,垫圈,NOUN,Advanced
gateway,gateway,网关,NOUN,B2
gather happily,gather happily,欢聚,VERB,B2
gauge meter,gauge meter,计量表,NOUN,B2
gaunt,gaunt,憔悴瘦削的,ADJ,Advanced
gauze,gauze,纱布,NOUN,Advanced
gazelle,gazelle,瞪羚,NOUN,Advanced
geek,geek,极客,NOUN,B2
gelatinous,gelatinous,胶状的,ADJ,Advanced
gemstone,gemstone,宝石,NOUN,B2
gendarme,gendarme,宪兵,NOUN,Advanced
gendarmerie,gendarmerie,宪兵队,NOUN,Advanced
gender parity,gender parity,性别平等,NOUN,Advanced
gene therapy,gene therapy,基因疗法,NOUN,Advanced
genealogies,genealogies,家谱,NOUN,Advanced
genealogist,genealogist,系谱学者,NOUN,Advanced
general assembly,general assembly,大会,NOUN,B2
general manager,general manager,总经理,NOUN,B1
generally speaking,generally speaking,一般来说,ADV,B1
generation change,generation change,代际更替,NOUN,B2
generations,generations,世代,NOUN,B1
generative grammar,generative grammar,生成语法,NOUN,Advanced
genesis emergence,genesis emergence,起源发生,NOUN,Advanced
genial,genial,和蔼可亲的,ADJ,Advanced
genre classification,genre classification,体裁分类,NOUN,Advanced
gentle reproach,gentle reproach,温和责备,NOUN,Advanced
gentlemen,gentlemen,先生们,NOUN,A2
gentleness,gentleness,温和,NOUN,B2
genuine article,genuine article,正品,NOUN,Advanced
genuine goods,genuine goods,正品货物,NOUN,B2
genuineness,genuineness,真实性,NOUN,Advanced
genus,genus,属,NOUN,Advanced
geostrategic,geostrategic,地缘战略的,ADJ,Advanced
geothermal,geothermal,地热的,ADJ,B2
gerichtung,gerichtung,审判指向,NOUN,Advanced
german person,german person,德国人,NOUN,A1
get cheaper,get cheaper,降价,VERB,A2
get into,get into,进入,VERB,A2
get off,get off,下车,VERB,A2
get off car,get off car,下车,VERB,A2
get on,get on,上车,VERB,A2
get out,get out,出去,VERB,A2
get started,get started,开始,VERB,A2
get stoned,get stoned,吸毒致幻,VERB,Advanced
get tired,get tired,感到疲倦,VERB,A2
get to know,get to know,了解,VERB,A2
geteilung,geteilung,划分状态,NOUN,Advanced
getheilung,getheilung,分割,NOUN,Advanced
getreibung,getreibung,驱动,NOUN,Advanced
getting rich,getting rich,致富,NOUN,B1
ghaita,ghaita,盖塔管乐器,NOUN,Advanced
gharar,gharar,不确定性风险,NOUN,Advanced
ghoriba cookie,ghoriba cookie,摩洛哥酥饼,NOUN,Advanced
gibberish,gibberish,胡言乱语,NOUN,B2
giftedness,giftedness,天赋才华,NOUN,Advanced
gilding,gilding,镀金,NOUN,Advanced
gills,gills,鳃,NOUN,B2
girl daughter,girl daughter,女儿,NOUN,A1
give a farewell dinner,give a farewell dinner,设宴饯行,VERB,B2
give a gift,give a gift,赠送礼物,VERB,A2
give change,give change,找零,VERB,A2
give mother,give mother,给母亲,NOUN,A2
give you,give you,给你,NOUN,A1
given datum,given datum,已知数据,NOUN,Advanced
giving,giving,给予,NOUN,B1
giving of oneself,giving of oneself,无私奉献,NOUN,Advanced
glacial,glacial,冰川的,ADJ,B2
gladness,gladness,喜悦,NOUN,Advanced
glass bottle,glass bottle,玻璃瓶,NOUN,A2
glasses spectacles,glasses spectacles,眼镜,NOUN,A1
gleeful,gleeful,欣喜若狂的,ADJ,Advanced
glib,glib,油腔滑调的,ADJ,Advanced
glitch,glitch,小故障,NOUN,B2
gloating,gloating,幸灾乐祸,NOUN,Advanced
glossary,glossary,词汇表,NOUN,B2
gloves,gloves,手套,NOUN,A1
glucose,glucose,葡萄糖,NOUN,B2
glutinous rice,glutinous rice,糯米,NOUN,B2
glutinous rice ball,glutinous rice ball,汤圆,NOUN,B2
gnash one's teeth,gnash one's teeth,咬牙切齿,VERB,Advanced
gnosticism,gnosticism,诺斯替主义,NOUN,Advanced
go along,go along,进行,VERB,B1
go away,go away,走开,VERB,A1
go there,go there,去那里,VERB,A1
go wrong,go wrong,出错,VERB,A2
goblin,goblin,哥布林,NOUN,B2
god of death,god of death,死神,NOUN,B2
god of exams,god of exams,考神,NOUN,Advanced
godliness,godliness,虔诚,NOUN,Advanced
going,going,离去,NOUN,B1
going with me,going with me,与我同行,NOUN,Advanced
good cooked,good cooked,煮得恰到好处的,ADJ,B1
good nature,good nature,善良本性,NOUN,B2
good news,good news,好消息,NOUN,A1
good offices,good offices,斡旋,NOUN,Advanced
good thing,good thing,好事,NOUN,A2
good-natured,good-natured,脾气好的,ADJ,B2
goodbye phone,goodbye phone,道别通话,NOUN,Advanced
gorge,gorge,峡谷,NOUN,B2
gossipmonger,gossipmonger,爱嚼舌根的人,NOUN,Advanced
gossipy,gossipy,爱说长道短的,ADJ,B2
govern a country,govern a country,治国,VERB,B2
gracefulness,gracefulness,优雅,NOUN,B2
graduate school,graduate school,研究生院,NOUN,B1
graduation photo,graduation photo,毕业照,NOUN,A2
graduation thesis,graduation thesis,毕业论文,NOUN,B2
granary,granary,谷仓,NOUN,Advanced
grand plan,grand plan,宏伟计划,NOUN,B2
grandparents,grandparents,祖父母,NOUN,A1
granting of respite,granting of respite,缓刑宽限,NOUN,Advanced
grants,grants,拨款,NOUN,B2
granular,granular,颗粒状的,ADJ,Advanced
grapes,grapes,葡萄,NOUN,A1
grasshopper,grasshopper,蚱蜢,NOUN,B2
grassroots,grassroots,基层的,ADJ,B2
gratification,gratification,满足感,NOUN,Advanced
gratified,gratified,感到欣慰的,ADJ,Advanced
gratitude and enmity,gratitude and enmity,恩怨,NOUN,Advanced
gravitas,gravitas,庄严稳重,NOUN,Advanced
gravity of loss,gravity of loss,损失严重性,NOUN,Advanced
gray hair,gray hair,白发,NOUN,A2
great chaos,great chaos,大乱,NOUN,B2
greatest,greatest,最伟大者,NOUN,B1
greedy ambition,greedy ambition,贪欲野心,NOUN,Advanced
green pepper,green pepper,青椒,NOUN,A2
green rice ball,green rice ball,青团,NOUN,B2
greening,greening,绿化,NOUN,B2
greeter,greeter,迎宾员,NOUN,B2
griddle flatbread,griddle flatbread,饢饼,NOUN,Advanced
grieved,grieved,悲痛的,ADJ,B2
grievously unjust,grievously unjust,极不公平的,ADJ,Advanced
grilled,grilled,烤制的,ADJ,A2
grilling,grilling,烧烤,NOUN,B1
grinder,grinder,研磨机,NOUN,B2
grocer,grocer,杂货商,NOUN,B1
groundbreaking ceremony,groundbreaking ceremony,奠基仪式,NOUN,B2
grounding,grounding,基础训练,NOUN,Advanced
grounds of judgment,grounds of judgment,判决理由,NOUN,Advanced
group assignment,group assignment,小组作业,NOUN,B1
group chat,group chat,群聊,NOUN,A2
group leader,group leader,组长,NOUN,B1
group photo,group photo,合影,NOUN,A2
growing,growing,不断增长的,ADJ,B1
guarantees,guarantees,担保,NOUN,B2
guarding,guarding,守卫,NOUN,B2
guardrail,guardrail,护栏,NOUN,B2
guest house,guest house,宾馆,NOUN,A2
guidebook,guidebook,旅行指南,NOUN,A2
guiding light,guiding light,指路明灯,NOUN,Advanced
guitar music,guitar music,吉他乐,NOUN,A2
guzheng,guzheng,古筝,NOUN,B2
habitus,habitus,惯习,NOUN,Advanced
habous endowments,habous endowments,宗教公产,NOUN,Advanced
hacker,hacker,黑客,NOUN,B1
hadith prophetic saying,hadith prophetic saying,圣训,NOUN,Advanced
hadra,hadra,苏非派宗教仪式,NOUN,Advanced
hakawati,hakawati,阿拉伯说书人,NOUN,Advanced
half inch,half inch,半英寸,NOUN,B1
half of a match,half of a match,半场比赛,NOUN,B1
halo,halo,光环,NOUN,Advanced
hand in,hand in,提交,VERB,B1
hand wash,hand wash,手洗,VERB,A2
hand wound,hand wound,手部伤口,NOUN,B1
handball,handball,手球,NOUN,B1
handbrake,handbrake,手刹,NOUN,B2
handiness,handiness,便利,NOUN,Advanced
handwritten document,handwritten document,手写文件,NOUN,B2
handyman,handyman,杂工,NOUN,B2
hangover,hangover,宿醉,NOUN,B2
happy cheerful,happy cheerful,开朗快乐的,ADJ,A1
harangue,harangue,高声训斥,NOUN,Advanced
harassed,harassed,疲惫焦虑的,ADJ,Advanced
harassments,harassments,骚扰行为,NOUN,B2
harbinger,harbinger,先兆,NOUN,Advanced
hard drive,hard drive,硬盘,NOUN,A2
hard to achieve,hard to achieve,难以实现的,ADJ,B2
hard to adjust,hard to adjust,难以调整的,ADJ,B2
hard to confirm,hard to confirm,难以确认的,ADJ,B2
hard to identify,hard to identify,难以辨认的,ADJ,B2
hard to manage,hard to manage,难以驾驭的,ADJ,B2
hard to part with,hard to part with,依依不舍的,ADJ,B2
hard to please,hard to please,难以取悦的,ADJ,B2
hard to reach,hard to reach,难以触及的,ADJ,B2
hard training,hard training,艰苦训练,NOUN,B1
hard-working,hard-working,勤劳的,ADJ,A2
hardening,hardening,硬化,NOUN,Advanced
hardship of circumstances,hardship of circumstances,境遇艰难,NOUN,Advanced
hardship of life,hardship of life,生活艰辛,NOUN,B2
hardware,hardware,硬件相关的,ADJ,B2
hardware,hardware,硬件,NOUN,B1
harm intention,harm intention,害人之心,NOUN,Advanced
harm strength might,harm strength might,威力损伤,NOUN,Advanced
harshness,harshness,严酷,NOUN,B2
harvest crop,harvest crop,收成庄稼,NOUN,B1
hashtag,hashtag,主题标签,NOUN,A2
hatching,hatching,孵化,NOUN,B2
have a look,have a look,看一看,NOUN,A1
have back,have back,要回,VERB,A2
having item,having item,持有物,NOUN,B1
hazard lights,hazard lights,危险报警闪光灯,NOUN,B2
head cold,head cold,头部受寒感冒,NOUN,B2
head falls,head falls,人头落地,NOUN,Advanced
head of state,head of state,国家元首,NOUN,B2
head teacher,head teacher,校长,NOUN,A2
headed by,headed by,由率领,VERB,B2
header,header,页眉,NOUN,B1
headlight,headlight,前大灯,NOUN,B1
headlines,headlines,头条新闻,NOUN,B1
healer,healer,医治者,NOUN,B2
healthy correct strong,healthy correct strong,健壮正确的,ADJ,B1
hearing aid,hearing aid,助听器,NOUN,B2
hearsay,hearsay,道听途说,NOUN,Advanced
heart's blood,heart's blood,心血,NOUN,Advanced
heart-to-heart disclosure,heart-to-heart disclosure,倾心吐胆,NOUN,Advanced
heartbreaking,heartbreaking,令人心碎的,ADJ,B2
heartburn,heartburn,胃灼热,NOUN,B2
heartless,heartless,无情的,ADJ,B2
heatsink,heatsink,散热片,NOUN,Advanced
heatstroke,heatstroke,中暑,NOUN,B2
heaven's blessing,heaven's blessing,上天赐福,NOUN,Advanced
heavenly body,heavenly body,天体,NOUN,B2
heavenly kingdom,heavenly kingdom,天国,NOUN,B2
heavy energy,heavy energy,浊气,NOUN,Advanced
heavy fog,heavy fog,浓雾,NOUN,B1
heavy form,heavy form,重形,NOUN,Advanced
heavy industry,heavy industry,重工业,NOUN,B2
heavy method,heavy method,重法,NOUN,Advanced
heavy mold,heavy mold,重模,NOUN,Advanced
heavy result,heavy result,严重后果,NOUN,Advanced
heavy rule,heavy rule,重度规则,NOUN,Advanced
heavy substance,heavy substance,重物质,NOUN,Advanced
hectic,hectic,忙乱的,ADJ,B2
hectic,hectic,忙乱,NOUN,B2
heedlessness,heedlessness,疏忽大意,NOUN,Advanced
hefen,hefen,河粉,NOUN,B2
hello bye,hello bye,问候道别,INTJ,A1
hello peace,hello peace,问候致意,NOUN,A2
hello polite,hello polite,您好,INTJ,A1
helplessly,helplessly,无助地,ADV,B2
hemistich,hemistich,半诗行,NOUN,Advanced
hemostat,hemostat,止血钳,NOUN,Advanced
henchman,henchman,亲信帮凶,NOUN,Advanced
her their,her their,她的或他们的,DET,A1
herbalist,herbalist,草药医师,NOUN,Advanced
herbs,herbs,草药,NOUN,A2
herd mentality,herd mentality,从众心理,NOUN,Advanced
hereafter,hereafter,来世,NOUN,Advanced
heretical innovation,heretical innovation,异端创新,NOUN,Advanced
hermeneutics,hermeneutics,诠释学,NOUN,Advanced
hermitage,hermitage,隐居处,NOUN,Advanced
heroic deeds,heroic deeds,英雄事迹,NOUN,B2
heroic feat,heroic feat,壮举,NOUN,Advanced
heroic poetry,heroic poetry,史诗,NOUN,Advanced
hexadecimal,hexadecimal,十六进制的,ADJ,Advanced
heyday,heyday,全盛期,NOUN,Advanced
hidden arrow,hidden arrow,暗箭,NOUN,Advanced
hidden edge,hidden edge,隐匿边缘,NOUN,Advanced
hidden intentions,hidden intentions,居心,NOUN,Advanced
hidden matters,hidden matters,隐情,NOUN,Advanced
hider,hider,隐藏者,NOUN,Advanced
high cost of living,high cost of living,高昂生活成本,NOUN,B2
high level,high level,高级别的,ADJ,B1
high morale,high morale,士气高涨,NOUN,B2
high official,high official,达官显贵,NOUN,B2
high pressure,high pressure,高压,NOUN,B1
high quality,high quality,高质量的,ADJ,A2
high school entrance examination,high school entrance examination,中考,NOUN,B1
high school graduate,high school graduate,高中毕业生,NOUN,A2
high-grade,high-grade,优质的,ADJ,B2
highland,highland,高地,NOUN,B2
highlands,highlands,高原,NOUN,B1
him dative,him dative,给他,PRON,A1
hinterleitung,hinterleitung,间接传导,NOUN,Advanced
hinterrechnung,hinterrechnung,隐性结算,NOUN,Advanced
hinterrichtung,hinterrichtung,暗中定向,NOUN,Advanced
hintersucht,hintersucht,背后追查,NOUN,Advanced
hintertheilung,hintertheilung,后部分割,NOUN,Advanced
his certainty,his certainty,他的确信,NOUN,B2
his her its,his her its,他她的它的,PRON,A1
his refusal,his refusal,他的拒绝,NOUN,B1
hispanic,hispanic,西班牙裔的,ADJ,B2
historicization,historicization,历史化,NOUN,Advanced
hitch,hitch,障碍,NOUN,Advanced
hoax,hoax,骗局,NOUN,B2
hochweisung,hochweisung,崇高指示,NOUN,Advanced
hockey,hockey,曲棍球,NOUN,A2
hold catch,hold catch,抓住,VERB,A2
hold keep,hold keep,保持,VERB,A2
hold together,hold together,团结一致,VERB,B2
hold up stop,hold up stop,阻碍,VERB,B2
holdup,holdup,耽搁,NOUN,B2
holiday feast,holiday feast,节日盛宴,NOUN,B1
holm oak,holm oak,冬青栎,NOUN,Advanced
holy empress,holy empress,圣母皇太后,NOUN,Advanced
home-based,home-based,居家进行的,ADJ,B2
homelessness,homelessness,无家可归,NOUN,B2
homemade,homemade,自家制作的,ADJ,A2
hometown,hometown,家乡,NOUN,A1
homework duty,homework duty,作业职责,NOUN,A2
homothety,homothety,位似变换,NOUN,Advanced
hoped-for,hoped-for,期盼已久的,ADJ,B2
hopelessness,hopelessness,绝望,NOUN,B2
horde,horde,大群,NOUN,Advanced
horizontal,horizontal,水平的,ADJ,B2
hors d'oeuvre,hors d'oeuvre,开胃前菜,NOUN,Advanced
hospital bed,hospital bed,病床,NOUN,A2
hosting,hosting,主办,NOUN,B2
hot dry wind,hot dry wind,干热风,NOUN,Advanced
hot spring,hot spring,温泉,NOUN,A2
hothead,hothead,急性子,NOUN,Advanced
hourly,hourly,每小时,ADV,B1
house call,house call,出诊,NOUN,B2
how about,how about,怎么样,PRON,A1
hubbub,hubbub,嘈杂声,NOUN,Advanced
hudud punishments,hudud punishments,古兰经刑罚,NOUN,Advanced
human being,human being,人,NOUN,A2
human law,human law,人定法,NOUN,Advanced
human rights,human rights,人权的,ADJ,B2
human rights,human rights,人权,NOUN,B1
human rights work,human rights work,人权工作,NOUN,B2
humble send-off,humble send-off,薄礼送行,NOUN,Advanced
humble servant,humble servant,仆人自称,NOUN,Advanced
humming,humming,哼唱声,NOUN,B2
hummingbird,hummingbird,蜂鸟,NOUN,B2
hundreds,hundreds,数百,NOUN,A1
hurriedly,hurriedly,匆忙地,ADV,B2
husband's parents,husband's parents,公婆,NOUN,B1
husband-slaying,husband-slaying,杀夫,NOUN,Advanced
hydroelectric,hydroelectric,水力发电的,ADJ,B2
hyena,hyena,鬣狗,NOUN,B2
hyper-category,hyper-category,超类别,NOUN,Advanced
hyper-cause,hyper-cause,超因,NOUN,Advanced
hyper-effect,hyper-effect,超效应,NOUN,Advanced
hyper-idea,hyper-idea,超观念,NOUN,Advanced
hyper-meaning,hyper-meaning,超意涵,NOUN,Advanced
hyper-price,hyper-price,超高价格,NOUN,Advanced
hyper-shadow,hyper-shadow,超暗影,NOUN,Advanced
hyper-sound,hyper-sound,超高声,NOUN,Advanced
hyper-value,hyper-value,超价值,NOUN,Advanced
hyper-view,hyper-view,超重视角,NOUN,Advanced
hypertensive,hypertensive,高血压的,ADJ,Advanced
hypotensive,hypotensive,低血压的,ADJ,Advanced
hypothetically,hypothetically,假定地,ADV,Advanced
iberian,iberian,伊比利亚的,ADJ,B2
icicle,icicle,冰挂,NOUN,B2
iconicity,iconicity,象形性,NOUN,Advanced
identitarianism,identitarianism,认同主义,NOUN,Advanced
ideologization,ideologization,意识形态化,NOUN,Advanced
if counterfactual,if counterfactual,倘若,SCONJ,B2
if necessary,if necessary,如有必要,ADV,B1
if only,if only,但愿,VERB,B1
ignoble malice,ignoble malice,卑鄙恶意,NOUN,Advanced
illiteracy,illiteracy,文盲,NOUN,B2
illiterate,illiterate,文盲的,ADJ,B2
illuminationism,illuminationism,照耀主义,NOUN,Advanced
imagined,imagined,虚构的,ADJ,B2
imaging,imaging,成像,NOUN,B2
imamate,imamate,伊玛目统治,NOUN,Advanced
imbalanced,imbalanced,不均衡的,ADJ,B2
immediacy,immediacy,直接性,NOUN,Advanced
imminence,imminence,迫近,NOUN,Advanced
immoderate,immoderate,过度的,ADJ,Advanced
immoderation,immoderation,无节制,NOUN,Advanced
impasse,impasse,僵局,NOUN,Advanced
imperceptibly,imperceptibly,微细得察觉不到地,ADV,Advanced
imperial brother,imperial brother,御弟,NOUN,Advanced
imperial consort,imperial consort,皇妃,NOUN,Advanced
imperial decree,imperial decree,圣旨,NOUN,B2
imperial face,imperial face,龙颜,NOUN,Advanced
imperial or royal court,imperial or royal court,朝廷,NOUN,B2
imperial share,imperial share,皇室份额,NOUN,Advanced
imperial son-in-law,imperial son-in-law,驸马,NOUN,Advanced
imperial use,imperial use,御用,NOUN,Advanced
impersonation,impersonation,假扮扮演,NOUN,Advanced
impertinence,impertinence,傲慢无礼,NOUN,Advanced
impetuosity,impetuosity,鲁莽冲动,NOUN,Advanced
impetuous,impetuous,冲动的,ADJ,Advanced
implicated,implicated,受牵连的,ADJ,Advanced
impoliteness,impoliteness,不礼貌,NOUN,B2
important matter,important matter,大事,NOUN,A2
important thing,important thing,要事,NOUN,A2
imports,imports,进口商品,NOUN,B1
impoverishment,impoverishment,贫困化,NOUN,Advanced
impulsiveness,impulsiveness,冲动,NOUN,B2
impulsivity,impulsivity,冲动性,NOUN,Advanced
in a great rush,in a great rush,急匆匆的,ADJ,B1
in a hurry,in a hurry,匆忙的,ADJ,A2
in a while,in a while,过一会儿,ADV,A2
in a word,in a word,总而言之,ADV,B1
in absentia,in absentia,缺席的,ADJ,Advanced
in absentia,in absentia,缺席地,ADV,Advanced
in accordance,in accordance,一致的,ADJ,B2
in accordance,in accordance,一致依据,NOUN,B2
in agreement,in agreement,意见一致地,ADV,B1
in anticipation of,in anticipation of,预料到,ADV,Advanced
in book,in book,书中,NOUN,A2
in cash,in cash,用现金,ADV,A2
in conclusion,in conclusion,最后结论是,ADV,B1
in continuous succession,in continuous succession,接连不断地,ADV,Advanced
in every detail,in every detail,巨细靡遗地,ADV,B2
in fact,in fact,事实上,ADV,A2
in front of before,in front of before,在之前,ADP,A1
in installments,in installments,分期付款地,ADV,B2
in its entirety,in its entirety,完整地,ADV,Advanced
in me,in me,在我内心,NOUN,A2
in need,in need,贫困需要帮助的,ADJ,B1
in one's heart,in one's heart,心中,NOUN,B1
in order to avoid,in order to avoid,以免,SCONJ,B2
in order to so that,in order to so that,以便,SCONJ,B1
in parallel with,in parallel with,与平行,ADV,B2
in particular,in particular,尤其,ADV,B1
in presence of parties,in presence of parties,当事人出席的,ADJ,Advanced
in question,in question,所讨论的,ADV,B2
in street,in street,街头,NOUN,A2
in summary,in summary,总括而言,ADV,B2
in the body,in the body,体内,NOUN,A2
in the end,in the end,最终,ADV,A2
in the evening,in the evening,在晚上,ADV,A1
in the future,in the future,在未来,ADV,A1
in the middle,in the middle,在中间,ADV,A2
in the morning,in the morning,在早晨,ADV,A1
in the mouth,in the mouth,口中,NOUN,A2
in the past,in the past,在过去,ADV,A2
in the past,in the past,过往,NOUN,A2
in the world,in the world,世界上,NOUN,A2
in-law,in-law,姻亲,NOUN,B2
inadvertently,inadvertently,无意中,ADV,Advanced
inattentive,inattentive,不专心的,ADJ,B2
inborn nature,inborn nature,天赋本性,NOUN,Advanced
incarnation,incarnation,化身,NOUN,Advanced
incentivization,incentivization,激励措施,NOUN,Advanced
incidental,incidental,附带的,ADJ,Advanced
inconsiderate,inconsiderate,不体贴的,ADJ,B2
inconsolable,inconsolable,极度悲伤的,ADJ,Advanced
inconspicuous,inconspicuous,不起眼的,ADJ,Advanced
incorruptible,incorruptible,清正廉洁的,ADJ,Advanced
increases,increases,增长,NOUN,B1
incursion,incursion,侵入,NOUN,Advanced
indecent,indecent,下流的,ADJ,B2
indexed,indexed,加索引的,ADJ,B2
indexes,indexes,索引,NOUN,B2
indian,indian,印度的,ADJ,A1
indians,indians,印度人,NOUN,A2
indignity,indignity,侮辱,NOUN,Advanced
individual personal,individual personal,个人私事,NOUN,B1
induction,induction,归纳法,NOUN,B2
inductive,inductive,归纳的,ADJ,B2
inedible,inedible,不可食用的,ADJ,B2
inequity,inequity,不公正,NOUN,Advanced
inertness,inertness,惰性,NOUN,Advanced
inescapable blame,inescapable blame,难辞其咎,NOUN,Advanced
inestimable,inestimable,无法估量的,ADJ,Advanced
inevitably,inevitably,不可避免地,ADV,B2
infantilism,infantilism,幼稚症,NOUN,Advanced
infatuated,infatuated,着迷入魔的,ADJ,Advanced
infeasibility,infeasibility,不可行性,NOUN,Advanced
inferential,inferential,推论的,ADJ,Advanced
infertility,infertility,不孕症,NOUN,B2
infiltration,infiltration,渗透,NOUN,Advanced
infiltrator,infiltrator,渗透者,NOUN,Advanced
inflated,inflated,膨胀的,ADJ,B2
influential person,influential person,有影响力的人,NOUN,B2
informatics,informatics,信息学,NOUN,B2
information desk,information desk,问讯处,NOUN,A2
informer,informer,线人,NOUN,B2
informers,informers,告密者们,NOUN,B2
infractions,infractions,违规行为,NOUN,Advanced
infrastructural,infrastructural,基础设施的,ADJ,Advanced
infringement,infringement,侵权,NOUN,B2
ingratitude,ingratitude,忘恩负义,NOUN,Advanced
ingredients,ingredients,成分原料,NOUN,A2
inherited,inherited,继承的,ADJ,B2
inhibited,inhibited,受抑制的,ADJ,Advanced
inimitability,inimitability,无比拟性,NOUN,Advanced
initial capping,initial capping,首字母大写,NOUN,B2
initial suffering,initial suffering,初受之苦,NOUN,Advanced
initialization,initialization,初始化,NOUN,B2
injury recovery,injury recovery,伤愈康复,NOUN,B2
inkstone,inkstone,砚台,NOUN,Advanced
inkwell,inkwell,墨水瓶,NOUN,Advanced
inlay,inlay,镶嵌物,NOUN,Advanced
innate disposition,innate disposition,天性秉赋,NOUN,Advanced
innate nature,innate nature,固有本性,NOUN,Advanced
innate qualities,innate qualities,天赋特质,NOUN,Advanced
inner self,inner self,内心深处,NOUN,B2
inner workings,inner workings,内部运作机制,NOUN,Advanced
innocent person,innocent person,无辜者,NOUN,B1
innuendo,innuendo,暗讽,NOUN,Advanced
inopportune,inopportune,不合时宜的,ADJ,Advanced
inorganic,inorganic,无机的,ADJ,B2
inputs,inputs,输入数据,NOUN,B2
insect-proof,insect-proof,防虫的,ADJ,B2
insertion,insertion,插入,NOUN,B2
insistence persistence,insistence persistence,坚持不懈,NOUN,Advanced
insolence rudeness,insolence rudeness,蛮横无礼,NOUN,Advanced
insolent conceit,insolent conceit,傲慢自大,NOUN,Advanced
insourcing,insourcing,内包模式,NOUN,Advanced
inspect and accept,inspect and accept,验收,VERB,B2
inspect goods,inspect goods,验货,VERB,B2
inspectorate,inspectorate,督察机构,NOUN,Advanced
installation assembly,installation assembly,安装总成,NOUN,B2
installed,installed,已安装的,ADJ,B1
installment plan,installment plan,分期付款方案,NOUN,B2
installments,installments,分期付款,NOUN,B2
instantaneously,instantaneously,刹那间,ADV,Advanced
instead of,instead of,代替,ADP,A2
instigation,instigation,唆使,NOUN,Advanced
instigator,instigator,煽动者,NOUN,Advanced
instinctuality,instinctuality,本能性,NOUN,Advanced
institutionalized,institutionalized,制度化的,ADJ,Advanced
instrumental improvisation,instrumental improvisation,乐器即兴演奏,NOUN,Advanced
instrumental piece,instrumental piece,器乐曲,NOUN,B2
instrumentalist,instrumentalist,工具主义的,ADJ,Advanced
instrumentalist,instrumentalist,器乐演奏家,NOUN,Advanced
insulator,insulator,绝缘体,NOUN,B2
insurances,insurances,各项保险,NOUN,B2
insured,insured,被保险人,NOUN,B2
integer,integer,整数,NOUN,B2
integrity trustworthiness,integrity trustworthiness,诚信正直,NOUN,B2
intelligence-related,intelligence-related,情报相关的,ADJ,Advanced
intemperate,intemperate,无节制的,ADJ,Advanced
intended meaning,intended meaning,本意,NOUN,B2
intensification,intensification,加剧强化,NOUN,Advanced
intentionality,intentionality,意向性,NOUN,Advanced
intentions,intentions,意图,NOUN,B2
intercession,intercession,斡旋代求,NOUN,Advanced
intercity bus,intercity bus,长途汽车,NOUN,B1
interconnection,interconnection,相互连接,NOUN,B2
interdicted person,interdicted person,受禁治产人,NOUN,Advanced
interdiction,interdiction,封锁禁令,NOUN,Advanced
interesting things,interesting things,趣事,NOUN,A2
interim,interim,临时的,ADJ,B2
interlaced,interlaced,交错的,ADJ,Advanced
interlocked,interlocked,连锁的,ADJ,Advanced
intermission,intermission,中场休息,NOUN,B2
internal affairs,internal affairs,内政,NOUN,B2
internal medicine,internal medicine,内科学,NOUN,B2
internal rhyme,internal rhyme,句中韵,NOUN,Advanced
internationalization,internationalization,国际化,NOUN,Advanced
interpellation,interpellation,质询,NOUN,Advanced
interpersonal,interpersonal,人际的,ADJ,B2
interpretive,interpretive,解释性的,ADJ,Advanced
interrogation room,interrogation room,审讯室,NOUN,B2
interrupted,interrupted,被打断的中断的,ADJ,B2
intertextuality,intertextuality,互文性,NOUN,Advanced
intertwined,intertwined,缠结交织的,ADJ,Advanced
interviewer,interviewer,采访者,NOUN,B1
intestines,intestines,肠道,NOUN,B2
intimate friendship,intimate friendship,笃厚情谊,NOUN,B2
intonational quality,intonational quality,声调特质,NOUN,Advanced
intoxication,intoxication,醉酒状态,NOUN,Advanced
intransigence,intransigence,不妥协顽固,NOUN,Advanced
introversion,introversion,内向,NOUN,Advanced
intuitionist,intuitionist,直觉主义的,ADJ,Advanced
invalidated,invalidated,已作废的,ADJ,B2
inverted,inverted,颠倒反转的,ADJ,B2
investigative,investigative,调查性的,ADJ,B2
invincibility,invincibility,无敌状态,NOUN,Advanced
invitational tournament,invitational tournament,邀请赛,NOUN,B2
to frighten away,to frighten away,吓跑,VERB,B2
to fuck,to fuck,性交,VERB,Advanced
to gather herbs,to gather herbs,采药,VERB,B1
to gather to collect,to gather to collect,聚集收集,VERB,A2
to gather to meet,to gather to meet,聚会,VERB,A2
to get a haircut,to get a haircut,理发,VERB,A1
to get along,to get along,相处,VERB,A2
to get angry annoyed,to get angry annoyed,生气的,ADJ,A2
to get better,to get better,好转,VERB,A2
to get bored,to get bored,感到无聊,VERB,A2
to get engaged,to get engaged,订婚,VERB,B1
to get expensive,to get expensive,变贵,VERB,A2
to get fond of,to get fond of,喜欢上,VERB,B1
to get into debt,to get into debt,负债,VERB,B2
to get on a vehicle,to get on a vehicle,上车,VERB,A1
to get sick,to get sick,生病,VERB,A1
to give a discount,to give a discount,打折,VERB,A2
to give or have an injection,to give or have an injection,打针,VERB,A2
to give rise to,to give rise to,引起,VERB,B2
to give you,to give you,给你,VERB,A1
to gloss over,to gloss over,掩饰掩盖,VERB,Advanced
to go back and forth,to go back and forth,来回奔波,VERB,B1
to go bald,to go bald,变秃,VERB,B2
to go down to descend,to go down to descend,下降下沉,VERB,A2
to go in a direction,to go in a direction,朝前行进,VERB,A2
to go to bed,to go to bed,上床睡觉,VERB,A1
to go to school,to go to school,去上学,VERB,A1
to go to work,to go to work,去上班,VERB,A1
to go up to climb,to go up to climb,攀爬上升,VERB,A2
to go upstairs,to go upstairs,上楼,VERB,A1
to grow fond of,to grow fond of,日久生情,VERB,B2
to guess divine,to guess divine,推测占卜,VERB,B2
to half-close,to half-close,半闭半合,VERB,B2
to half-hear,to half-hear,听得不真切,VERB,B2
to half-open,to half-open,半开半启,VERB,B2
to hallucinate,to hallucinate,产生幻觉,VERB,Advanced
to handle affairs,to handle affairs,处理事务,VERB,B1
to hang to suspend,to hang to suspend,悬挂吊起,VERB,A2
to harangue,to harangue,大声训斥,VERB,Advanced
to have an attack,to have an attack,发作病症,VERB,B2
to have had enough,to have had enough,忍无可忍,VERB,B2
to have no choice,to have no choice,别无选择的,ADJ,B1
to have some,to have some,吃一些,VERB,A1
to have summer vacation,to have summer vacation,过暑假,VERB,A2
to head for,to head for,前往奔向,VERB,B1
to hear that,to hear that,听说,VERB,A2
to hide to disappear,to hide to disappear,隐匿消逝,VERB,B1
to hit the mark,to hit the mark,击中目标,VERB,B2
to hoard,to hoard,囤积,VERB,Advanced
to hold in the mouth,to hold in the mouth,含在嘴里,NOUN,B2
to hold talks,to hold talks,举行会谈,VERB,B2
to hold up,to hold up,举起支撑,VERB,B1
to hop,to hop,单脚跳跃,VERB,A2
to hurry back,to hurry back,匆匆赶回,VERB,B1
to hush,to hush,使安静下来,VERB,B2
to ignite,to ignite,点燃引燃,VERB,B2
to impoverish,to impoverish,使贫困,VERB,Advanced
to incentivize,to incentivize,激励刺激,VERB,Advanced
to inflate to blow,to inflate to blow,充气充胀,VERB,B2
to inform to reach,to inform to reach,告知通达,VERB,B2
to input,to input,输入进,VERB,B1
to insist to design,to insist to design,坚持意图,VERB,B2
to institutionalize,to institutionalize,使制度化,VERB,Advanced
to interlace,to interlace,交错编织,VERB,Advanced
to intermarry,to intermarry,通婚联姻,VERB,Advanced
to intermix,to intermix,相互混合,VERB,Advanced
to interweave,to interweave,交织融合,VERB,Advanced
to intone,to intone,吟诵咏唱,VERB,Advanced
to invite to bless,to invite to bless,祈福邀约,VERB,B2
