Chinese_Lemma,English_Lemma,Chinese_Lemma,POS
如同,as,如同,SCONJ
如此,thus,如此,ADV
妄想,delusion,妄想,NOUN
妥协,to compromise,妥协,VERB
妥善,appropriate,妥善,ADJ
妥当,appropriate,妥当,ADJ
妳,you (female),妳,PRON
姑且,temporarily,姑且,ADV
委员,committee member,委员,NOUN
委员会,committee,委员会,NOUN
姿态,posture,姿态,NOUN
威信,prestige,威信,NOUN
威力,might,威力,NOUN
威望,prestige,威望,NOUN
威风,majesty,威风,NOUN
娇气,delicate,娇气,ADJ
媒介,medium,媒介,NOUN
媒体,media,媒体,NOUN
媳妇,daughter-in-law,媳妇,NOUN
嫂子,older brother's wife,嫂子,NOUN
嫉妒,to be jealous,嫉妒,VERB
嫌,to dislike,嫌,VERB
嫌犯,suspect,嫌犯,NOUN
嫌疑,suspicion,嫌疑,NOUN
嫌疑人,suspect,嫌疑人,NOUN
子弹,bullet,子弹,NOUN
孕育,to nurture,孕育,VERB
字母,letter (of the alphabet),字母,NOUN
季军,third place,季军,NOUN
季度,quarter of a year,季度,NOUN
孤独,lonely,孤独,ADJ
孤立,to isolate,孤立,VERB
学会,to learn,学会,VERB
学位,academic degree,学位,NOUN
学历,educational background,学历,NOUN
学说,theory,学说,NOUN
学院,academy,学院,NOUN
宁愿,would rather,宁愿,ADV
宁肯,would rather,宁肯,ADV
它们,they (things),它们,PRON
守,to guard,守,VERB
守卫,to guard,守卫,VERB
守护,to guard,守护,VERB
安,peaceful,安,ADJ
安全带,seat belt,安全带,NOUN
安宁,peaceful,安宁,ADJ
安居乐业,live in peace and work happily,安居乐业,VERB
安心,at ease,安心,ADJ
安置,to place,安置,VERB
安详,serene,安详,ADJ
宋体,Song typeface,宋体,NOUN
完备,complete,完备,ADJ
完毕,to finish,完毕,VERB
完蛋,finished,完蛋,VERB
宏伟,grand,宏伟,ADJ
宏观,macro,宏观,ADJ
宗旨,objective,宗旨,NOUN
官员,official,官员,NOUN
官方,official,官方,ADJ
定,to set,定,VERB
定义,definition,定义,NOUN
定位,positioning,定位,NOUN
定期,regular,定期,ADJ
宝宝,baby,宝宝,NOUN
宝贝儿,baby,宝贝儿,NOUN
实事求是,seek truth from facts,实事求是,VERB
实力,strength,实力,NOUN
实惠,tangible benefit,实惠,NOUN
实施,to implement,实施,VERB
实质,substance,实质,NOUN
实际上,actually,实际上,ADV
实验室,laboratory,实验室,NOUN
审判,trial,审判,NOUN
审查,to examine,审查,VERB
审理,to hear a case,审理,VERB
审美,aesthetics,审美,NOUN
客户,client,客户,NOUN
客气,polite,客气,ADJ
宣扬,to proclaim,宣扬,VERB
宣誓,to swear an oath,宣誓,VERB
室,room,室,NOUN
室友,roommate,室友,NOUN
宪法,constitution,宪法,NOUN
宫殿,palace,宫殿,NOUN
宰,to slaughter,宰,VERB
害,to harm,害,VERB
害死,to cause death,害死,VERB
家人,family,家人,NOUN
家伙,guy,家伙,NOUN
家喻户晓,well known,家喻户晓,ADJ
家园,homeland,家园,NOUN
家属,family member,家属,NOUN
家常,everyday family life,家常,NOUN
家族,clan,家族,NOUN
家里,at home,家里,NOUN
家长,parent,家长,NOUN
容器,container,容器,NOUN
容忍,to tolerate,容忍,VERB
容纳,to hold,容纳,VERB
容貌,appearance,容貌,NOUN
宽恕,to forgive,宽恕,VERB
宽敞,spacious,宽敞,ADJ
寂静,quiet,寂静,ADJ
寄托,to entrust,寄托,VERB
密封,to seal,密封,VERB
密度,density,密度,NOUN
富有,rich,富有,ADJ
富裕,prosperous,富裕,ADJ
寒暄,exchange greetings,寒暄,VERB
寓言,fable,寓言,NOUN
对付,handle,对付,VERB
对应,correspond,对应,VERB
对抗,resist,对抗,VERB
对此,regarding this,对此,ADV
对照,contrast,对照,VERB
对称,symmetry,对称,NOUN
对立,oppose,对立,VERB
对策,countermeasure,对策,NOUN
对联,couplet,对联,NOUN
寻常,ordinary,寻常,ADJ
寻求,seek,寻求,VERB
寻觅,search for,寻觅,VERB
导向,guide,导向,VERB
导师,tutor,导师,NOUN
导弹,missile,导弹,NOUN
导航,navigation,导航,NOUN
封,seal,封,VERB
封建,feudal,封建,ADJ
封锁,blockade,封锁,VERB
封闭,close,封闭,VERB
射,shoot,射,VERB
将,will,将,ADV
将会,will,将会,ADV
将军,general,将军,NOUN
将要,will,将要,ADV
将近,nearly,将近,ADV
尊严,dignity,尊严,NOUN
对,correct,对,ADJ
小丑,clown,小丑,NOUN
小事,trifle,小事,NOUN
小人,villain,小人,NOUN
小心翼翼,cautious and solemn idiom very carefully,小心翼翼,ADJ
小组,group,小组,NOUN
小队,squad,小队,NOUN
少女,girl,少女,NOUN
少年,teenager,少年,NOUN
少校,major,少校,NOUN
尖叫,to scream,尖叫,VERB
尖端,sharp pointed end,尖端,NOUN
尝试,to try,尝试,VERB
就业,to find employment,就业,VERB
就位,to be in position,就位,VERB
就职,to take office,就职,VERB
就近,nearby,就近,ADV
尴尬,awkward,尴尬,ADJ
尸体,dead body,尸体,NOUN
尺,ruler,尺,NOUN
尽,to exhaust,尽,VERB
尽可能,as much as possible,尽可能,ADV
尽头,the end,尽头,NOUN
尽快,as quickly as possible,尽快,ADV
尽情,to one's heart's content,尽情,ADV
尿,urine,尿,NOUN
局,bureau,局,NOUN
局势,situation,局势,NOUN
局部,part,局部,NOUN
局长,director,局长,NOUN
局限,to limit,局限,VERB
局面,aspect,局面,NOUN
屁,fart,屁,NOUN
屁股,buttocks,屁股,NOUN
层出不穷,to emerge one after another,层出不穷,ADJ
层次,arrangement of ideas,层次,NOUN
居住,to reside,居住,VERB
居民,resident,居民,NOUN
屈服,to surrender,屈服,VERB
屋,house,屋,NOUN
屋顶,roof,屋顶,NOUN
屎,feces,屎,NOUN
屏障,barrier,屏障,NOUN
屑,scraps,屑,NOUN
展望,outlook,展望,NOUN
展现,to display,展现,VERB
展示,to exhibit,展示,VERB
屠杀,massacre,屠杀,NOUN
屡次,repeatedly,屡次,ADV
履行,to fulfill,履行,VERB
山,mountain,山,NOUN
山脉,mountain range,山脉,NOUN
岁月,years,岁月,NOUN
岂有此理,preposterous,岂有此理,ADJ
岔,fork,岔,NOUN
岗位,post,岗位,NOUN
岛屿,island,岛屿,NOUN
岩石,rock,岩石,NOUN
岳父,father-in-law,岳父,NOUN
峡谷,canyon,峡谷,NOUN
崇拜,to worship,崇拜,VERB
崇敬,to revere,崇敬,VERB
崇高,lofty,崇高,ADJ
崩溃,to collapse,崩溃,VERB
崭新,brand new,崭新,ADJ
川流不息,unending flow,川流不息,ADJ
州,prefecture,州,NOUN
州长,governor,州长,NOUN
巡逻,to patrol,巡逻,VERB
工作室,studio,工作室,NOUN
工夫,time,工夫,NOUN
工程,engineering,工程,NOUN
工艺品,handicraft,工艺品,NOUN
左,left,左,NOUN
左右,approximately,左右,ADV
巧合,coincidence,巧合,NOUN
巨人,giant,巨人,NOUN
巩固,to consolidate,巩固,VERB
差劲,lousy,差劲,ADJ
差点,almost,差点,ADV
差距,gap,差距,NOUN
已,already,已,ADV
巴不得,to be eager for,巴不得,VERB
巴士,bus,巴士,NOUN
巴结,to fawn on,巴结,VERB
巷,lane,巷,NOUN
市,city,市,NOUN
市民,citizen,市民,NOUN
市长,mayor,市长,NOUN
布告,notice,布告,NOUN
布局,layout,布局,NOUN
布置,to arrange,布置,VERB
帅哥,handsome guy,帅哥,NOUN
师,teacher,师,NOUN
师父,master,师父,NOUN
师范,teacher training,师范,NOUN
帐篷,tent,帐篷,NOUN
帝国,empire,帝国,NOUN
带子,belt,带子,NOUN
干劲,enthusiasm,干劲,NOUN
干掉,to kill,干掉,VERB
干旱,drought,干旱,NOUN
干活,to work,干活,VERB
干涉,to interfere,干涉,VERB
干预,to intervene,干预,VERB
平凡,ordinary,平凡,ADJ
平原,plain,平原,NOUN
平坦,flat,平坦,ADJ
平安,safe,平安,ADJ
平民,civilian,平民,NOUN
平行,parallel,平行,ADJ
平面,plane,平面,NOUN
年度,annual,年度,NOUN
年轻人,young person,年轻人,NOUN
并,and,并,CCONJ
并列,to stand side by side,并列,VERB
并存,to coexist,并存,VERB
并非,is not,并非,ADV
幸会,nice to meet you,幸会,INTJ
幸好,fortunately,幸好,ADV
幸存者,survivor,幸存者,NOUN
干,to do,干,VERB
幻觉,hallucination,幻觉,NOUN
幼稚,childish,幼稚,ADJ
幽灵,ghost,幽灵,NOUN
广阔,vast,广阔,ADJ
庄严,solemn,庄严,ADJ
庄重,solemn,庄重,ADJ
床,bed,床,NOUN
床单,bed sheet,床单,NOUN
序言,preface,序言,NOUN
应,should,应,AUX
应得,deserve,应得,VERB
应邀,at someone's invitation,应邀,ADV
应酬,socialize,应酬,VERB
底下,underneath,底下,NOUN
店,shop,店,NOUN
庞大,huge,庞大,ADJ
废墟,ruins,废墟,NOUN
废物,trash,废物,NOUN
废除,abolish,废除,VERB
度,degree,度,NOUN
度假,vacation,度假,VERB
座右铭,motto,座右铭,NOUN
庸俗,vulgar,庸俗,ADJ
廉洁,incorruptible,廉洁,ADJ
延伸,extend,延伸,VERB
延期,postpone,延期,VERB
延续,continue,延续,VERB
建,build,建,VERB
建造,build,建造,VERB
开会,hold a meeting,开会,VERB
开口,speak,开口,VERB
开启,open,开启,VERB
开展,launch,开展,VERB
开拓,develop,开拓,VERB
开支,expenditure,开支,NOUN
开明,enlightened,开明,ADJ
开朗,cheerful,开朗,ADJ
开枪,fire a gun,开枪,VERB
开水,boiled water,开水,NOUN
开火,open fire,开火,VERB
开车,drive,开车,VERB
开辟,open up,开辟,VERB
开采,mine,开采,VERB
开阔,open,开阔,ADJ
开除,to expel,开除,VERB
异常,abnormal,异常,ADJ
弊病,malady,弊病,NOUN
弊端,malpractice,弊端,NOUN
引发,to trigger,引发,VERB
引导,to guide,引导,VERB
引擎,engine,引擎,NOUN
引爆,to detonate,引爆,VERB
引用,to quote,引用,VERB
弥漫,to permeate,弥漫,VERB
弥补,to make up for,弥补,VERB
弦,string,弦,NOUN
弧,arc,弧,NOUN
弱点,weak point,弱点,NOUN
弹性,flexibility,弹性,NOUN
强,strong,强,ADJ
强制,to enforce,强制,VERB
强壮,strong,强壮,ADJ
强大,powerful,强大,ADJ
强奸,to rape,强奸,VERB
强迫,to compel,强迫,VERB
归,to return,归,VERB
归纳,to summarize,归纳,VERB
归还,to return,归还,VERB
当中,among,当中,ADP
当事人,person involved,当事人,NOUN
当作,to treat as,当作,VERB
当初,at that time,当初,ADV
当前,current,当前,ADJ
当务之急,top priority,当务之急,NOUN
当场,on the spot,当场,ADV
当年,in those days,当年,NOUN
当心,to take care,当心,VERB
当成,to treat as,当成,VERB
当选,to be elected,当选,VERB
当面,to someone's face,当面,ADV
录像,video recording,录像,NOUN
形态,form,形态,NOUN
彩票,lottery ticket,彩票,NOUN
影像,image,影像,NOUN
影片,film,影片,NOUN
往事,past events,往事,NOUN
往前,forward,往前,ADV
往常,habitually (in the past),往常,NOUN
征收,to levy,征收,VERB
征服,to conquer,征服,VERB
待,to stay,待,VERB
待会儿,in a while,待会儿,ADV
很久,for a long time,很久,ADV
很久以前,long ago,很久以前,ADV
很多,many,很多,ADJ
很少,rarely,很少,ADV
很快,soon,很快,ADV
徒弟,apprentice,徒弟,NOUN
得不偿失,the gains do not make up for the losses,得不偿失,VERB
得出,to deduce,得出,VERB
得分,score,得分,NOUN
得到,to get,得到,VERB
得力,capable,得力,ADJ
得天独厚,richly endowed by nature,得天独厚,ADJ
得知,to find out,得知,VERB
得罪,to offend,得罪,VERB
徘徊,to pace back and forth,徘徊,VERB
复,to resume,复,VERB
循序渐进,to proceed in an orderly way,循序渐进,VERB
循环,to cycle,循环,VERB
微不足道,negligible,微不足道,ADJ
微观,microscopic,微观,NOUN
德,virtue,德,NOUN
心,heart,心,NOUN
心得,knowledge gained,心得,NOUN
心态,attitude,心态,NOUN
心意,intention,心意,NOUN
心灵,soul,心灵,NOUN
心疼,to love dearly,心疼,VERB
心眼儿,one's thoughts,心眼儿,NOUN
心脏病,heart disease,心脏病,NOUN
心血,heart's blood,心血,NOUN
心跳,heartbeat,心跳,NOUN
心里,in one's heart,心里,NOUN
必定,certainly,必定,ADV
忌讳,taboo,忌讳,NOUN
忍受,to endure,忍受,VERB
忍耐,to endure,忍耐,VERB
志气,ambition,志气,NOUN
忘,to forget,忘,VERB
忘掉,to forget,忘掉,VERB
忙碌,busy,忙碌,ADJ
忠实,faithful,忠实,ADJ
忠诚,loyal,忠诚,ADJ
忧郁,melancholy,忧郁,ADJ
快活,cheerful,快活,ADJ
快要,about to,快要,ADV
快速,fast,快速,ADJ
忽略,to neglect,忽略,VERB
怀孕,to be pregnant,怀孕,VERB
怎样,how,怎样,PRON
怕,to fear,怕,VERB
思念,to miss,思念,VERB
思索,to ponder,思索,VERB
思绪,train of thought,思绪,NOUN
思维,thinking,思维,NOUN
怠慢,to slight,怠慢,VERB
急,anxious,急,ADJ
急于求成,anxious for quick results,急于求成,VERB
急切,eager,急切,ADJ
急剧,rapid,急剧,ADJ
急功近利,seeking instant benefit,急功近利,ADJ
急躁,impatient,急躁,ADJ
性,sex,性,NOUN
性交,intercourse,性交,NOUN
性命,life,性命,NOUN
性情,nature,性情,NOUN
性感,sex appeal,性感,NOUN
性爱,sex,性爱,NOUN
性能,performance,性能,NOUN
怪,strange,怪,ADJ
怪人,weirdo,怪人,NOUN
怪兽,monster,怪兽,NOUN
怪异,weird,怪异,ADJ
怪物,monster,怪物,NOUN
怪胎,freak,怪胎,NOUN
总,always,总,ADV
总会,will surely,总会,ADV
总和,sum,总和,NOUN
总得,have to,总得,ADV
总有,always have,总有,VERB
总有一天,one day,总有一天,ADV
总监,director,总监,NOUN
总而言之,in short,总而言之,ADV
总部,headquarters,总部,NOUN
恍然大悟,to suddenly realize,恍然大悟,VERB
恐吓,to threaten,恐吓,VERB
恐怖分子,terrorist,恐怖分子,NOUN
恐惧,fear,恐惧,NOUN
恐慌,panic,恐慌,NOUN
恨不得,to wish one could,恨不得,VERB
恩,favor kindness,恩,NOUN
恩怨,gratitude and resentment personal feud,恩怨,NOUN
恭喜,to congratulate,恭喜,VERB
恭敬,respectful deferential,恭敬,ADJ
恰到好处,just right perfect,恰到好处,ADJ
恰巧,coincidentally by chance,恰巧,ADV
恰当,appropriate fitting,恰当,ADJ
恳切,earnest sincere,恳切,ADJ
恶化,to worsen to deteriorate,恶化,VERB
恶心,nauseous disgusting,恶心,ADJ
恶魔,demon devil,恶魔,NOUN
恼火,to get angry annoyed,恼火,ADJ
悔恨,remorse regret,悔恨,NOUN
患者,patient sufferer,患者,NOUN
您好,hello (polite),您好,INTJ
悬崖峭壁,sheer cliffs precipitous rocks,悬崖峭壁,NOUN
悬念,suspense,悬念,NOUN
悬挂,to hang to suspend,悬挂,VERB
悲伤,sad sorrowful,悲伤,ADJ
悲剧,tragedy,悲剧,NOUN
悲哀,sorrowful pitiful,悲哀,ADJ
悲惨,miserable tragic,悲惨,ADJ
情,feeling emotion love,情,NOUN
情人,lover sweetheart,情人,NOUN
情形,situation circumstances,情形,NOUN
情感,emotion feeling,情感,NOUN
情报,intelligence information,情报,NOUN
情理,reason and justice common sense,情理,NOUN
情节,plot episode,情节,NOUN
惊人,astonishing amazing,惊人,ADJ
惊动,to disturb to alarm,惊动,VERB
惊喜,pleasant surprise,惊喜,NOUN
惊奇,to be amazed surprised,惊奇,ADJ
惊讶,amazed,惊讶,ADJ
惋惜,to feel sorry for,惋惜,VERB
惦记,to keep thinking about,惦记,VERB
惨,miserable,惨,ADJ
惩罚,to punish,惩罚,VERB
惯例,convention,惯例,NOUN
想不到,unexpectedly,想不到,ADV
想像,to imagine,想像,VERB
想到,to think of,想到,VERB
想方设法,to think up every possible method idiom to devise ways and means,想方设法,VERB
想法,idea,想法,NOUN
想要,to want,想要,VERB
想起,to recall,想起,VERB
惹,to provoke,惹,VERB
惹祸,to stir up trouble,惹祸,VERB
愈,to heal,愈,VERB
意向,intention,意向,NOUN
意味着,to signify,意味着,VERB
意图,intent,意图,NOUN
意志,will,意志,NOUN
意料,to anticipate,意料,VERB
意识,consciousness,意识,NOUN
愚昧,ignorant,愚昧,ADJ
愚蠢,silly,愚蠢,ADJ
爱,love,爱,NOUN
感兴趣,interested,感兴趣,ADJ
感到,to feel,感到,VERB
感慨,to sigh with sorrow,感慨,VERB
感染,infection,感染,NOUN
愣,distracted,愣,ADJ
愿,to wish,愿,VERB
慈祥,kindly,慈祥,ADJ
慌忙,in a great rush,慌忙,ADJ
慎重,cautious,慎重,ADJ
慢性,chronic,慢性,ADJ
慢慢,slowly,慢慢,ADV
慰,to comfort,慰,VERB
慰问,to express sympathy,慰问,VERB
慷慨,generous,慷慨,ADJ
憋,to hold back,憋,VERB
懂得,to understand,懂得,VERB
懒惰,lazy,懒惰,ADJ
懦夫,coward,懦夫,NOUN
戏,play,戏,NOUN
成,to become,成,VERB
成交,to close a deal,成交,VERB
成员,member,成员,NOUN
成天,all day long,成天,ADV
成心,intentional,成心,ADJ
成效,effect,成效,NOUN
成本,cost,成本,NOUN
我俩,we two,我俩,PRON
戒备,to take precautions,戒备,NOUN
或,or,或,PART
或是,or,或是,NOUN
或許,perhaps,或許,NOUN
或许,perhaps,或许,NOUN
战场,battlefield,战场,NOUN
战士,warrior,战士,NOUN
战役,military campaign,战役,NOUN
战斗,to fight,战斗,VERB
战术,tactics,战术,NOUN
战略,strategy,战略,NOUN
战胜,to defeat,战胜,VERB
截至,up to (a time),截至,VERB
房,room,房,NOUN
房子,house,房子,NOUN
房租,rent,房租,NOUN
所在,location,所在,NOUN
所有人,everyone,所有人,PRON
所知,what is known,所知,NOUN
所说,what is said,所说,NOUN
扁,flat,扁,ADJ
手,hand,手,NOUN
手下,subordinate,手下,NOUN
手势,gesture,手势,NOUN
手枪,pistol,手枪,NOUN
手段,means,手段,NOUN
手法,technique,手法,NOUN
手臂,arm,手臂,NOUN
手艺,craftsmanship,手艺,NOUN
才刚,just now,才刚,ADV
才干,ability,才干,NOUN
才能,ability,才能,NOUN
扎,to prick,扎,VERB
扎实,solid,扎实,ADJ
定理,theorem,定理,NOUN
范畴,category,范畴,NOUN
机制,mechanism,机制,NOUN
要素,element,要素,NOUN
规范,norm,规范,NOUN
方针,policy,方针,NOUN
策略,strategy,策略,NOUN
途径,approach,途径,NOUN
层面,level,层面,NOUN
立场,stance,立场,NOUN
理念,concept,理念,NOUN
知觉,perception,知觉,NOUN
直觉,intuition,直觉,NOUN
梦想,dream,梦想,NOUN
欲望,desire,欲望,NOUN
渴望,longing,渴望,NOUN
绝望,despair,绝望,NOUN
细心,carefulness,细心,NOUN
用心,attentiveness,用心,NOUN
焦虑,anxiety,焦虑,NOUN
胆怯,timidity,胆怯,NOUN
怯懦,cowardice,怯懦,NOUN
虚荣,vanity,虚荣,NOUN
虚伪,hypocrisy,虚伪,NOUN
真诚,sincerity,真诚,NOUN
背叛,betrayal,背叛,NOUN
猜疑,suspicion,猜疑,NOUN
确信,certainty,确信,NOUN
精确,precise,精确,ADJ
误解,misunderstand,误解,VERB
知晓,know,知晓,VERB
识别,identify,识别,VERB
辨别,distinguish,辨别,VERB
分类,classify,分类,VERB
推断,infer,推断,VERB
推测,infer,推测,VERB
猜测,guess,猜测,VERB
评估,evaluate,评估,VERB
裁定,rule,裁定,VERB
审议,deliberate,审议,VERB
回想,recall,回想,VERB
遗忘,forget,遗忘,VERB
疏忽,negligence,疏忽,NOUN
缺陷,defect,缺陷,NOUN
劣势,disadvantage,劣势,NOUN
强项,strength,强项,NOUN
特长,specialty,特长,NOUN
潜力,potential,潜力,NOUN
吸引力,attraction,吸引力,NOUN
影响力,influence,影响力,NOUN
竞争力,competitiveness,竞争力,NOUN
创造力,creativity,创造力,NOUN
想象力,imagination,想象力,NOUN
记忆力,memory,记忆力,NOUN
注意力,attention,注意力,NOUN
观察力,observation,观察力,NOUN
判断力,judgment,判断力,NOUN
表达力,expression,表达力,NOUN
理解力,comprehension,理解力,NOUN
执行力,execution,执行力,NOUN
组织力,organization,组织力,NOUN
领导力,leadership,领导力,NOUN
凝聚力,cohesion,凝聚力,NOUN
向心力,centripetal force,向心力,NOUN
离心力,centrifugal force,离心力,NOUN
阻力,resistance,阻力,NOUN
助力,assistance,助力,NOUN
效力,effectiveness,效力,NOUN
效益,benefit,效益,NOUN
结局,ending,结局,NOUN
终结,end,终结,NOUN
终止,terminate,终止,VERB
中止,suspend,中止,VERB
撤销,revoke,撤销,VERB
消除,eliminate,消除,VERB
清除,clear,清除,VERB
排除,exclude,排除,VERB
解除,lift,解除,VERB
缓和,mitigate,缓和,VERB
改良,improve,改良,VERB
变革,transform,变革,VERB
变动,change,变动,NOUN
演变,evolution,演变,NOUN
演化,evolution,演化,NOUN
转化,transform,转化,VERB
转换,convert,转换,VERB
转移,transfer,转移,VERB
搬迁,relocate,搬迁,VERB
迁移,migrate,迁移,VERB
殖民,colonize,殖民,VERB
定居,settle,定居,VERB
栖息,inhabit,栖息,VERB
生存,survive,生存,VERB
展示会,exhibition,展示会,NOUN
美术馆,art gallery,美术馆,NOUN
文化馆,cultural center,文化馆,NOUN
体育馆,gymnasium,体育馆,NOUN
大剧院,grand theater,大剧院,NOUN
音乐厅,concert hall,音乐厅,NOUN
会议中心,conference center,会议中心,NOUN
展览中心,exhibition center,展览中心,NOUN
商业中心,commercial center,商业中心,NOUN
金融中心,financial center,金融中心,NOUN
购物中心,shopping center,购物中心,NOUN
娱乐中心,entertainment center,娱乐中心,NOUN
研究中心,research center,研究中心,NOUN
培训中心,training center,培训中心,NOUN
养老院,nursing home,养老院,NOUN
孤儿院,orphanage,孤儿院,NOUN
福利院,welfare home,福利院,NOUN
收容所,shelter,收容所,NOUN
避难所,refuge,避难所,NOUN
避风港,safe haven,避风港,NOUN
港口,port,港口,NOUN
码头,dock,码头,NOUN
海滨,seaside,海滨,NOUN
海岸,coast,海岸,NOUN
海滩,beach,海滩,NOUN
绿洲,oasis,绿洲,NOUN
草原,grassland,草原,NOUN
高原,plateau,高原,NOUN
盆地,basin,盆地,NOUN
瀑布,waterfall,瀑布,NOUN
湖泊,lake,湖泊,NOUN
池塘,pond,池塘,NOUN
河流,river,河流,NOUN
溪流,stream,溪流,NOUN
运河,canal,运河,NOUN
渠道,channel,渠道,NOUN
水库,reservoir,水库,NOUN
桥梁,bridge,桥梁,NOUN
隧道,tunnel,隧道,NOUN
高速公路,highway,高速公路,NOUN
铁路,railway,铁路,NOUN
航线,route,航线,NOUN
车站,station,车站,NOUN
边境,border,边境,NOUN
证书,certificate,证书,NOUN
许可证,permit,许可证,NOUN
许可,permit,许可,NOUN
容许,allow,容许,VERB
阻碍,hinder,阻碍,VERB
困境,predicament,困境,NOUN
灾难,disaster,灾难,NOUN
损害,damage,损害,NOUN
融资,financing,融资,NOUN
债务,debt,债务,NOUN
资产,asset,资产,NOUN
资本,capital,资本,NOUN
经费,funds,经费,NOUN
产值,output value,产值,NOUN
支出,expenditure,支出,NOUN
预算,budget,预算,NOUN
决算,final accounts,决算,NOUN
税收,tax revenue,税收,NOUN
免税,tax-exempt,免税,ADJ
纳税,pay tax,纳税,VERB
逃税,tax evasion,逃税,NOUN
关税,tariff,关税,NOUN
顺差,surplus,顺差,NOUN
逆差,deficit,逆差,NOUN
需求,demand,需求,NOUN
协作,collaboration,协作,NOUN
协同,synergy,协同,NOUN
调解,mediate,调解,VERB
仲裁,arbitrate,仲裁,VERB
争执,dispute,争执,NOUN
抵抗,resist,抵抗,VERB
抗击,fight back,抗击,VERB
打击,strike,打击,VERB
攻击,attack,攻击,VERB
防御,defense,防御,NOUN
维持,maintain,维持,VERB
确保,ensure,确保,VERB
核实,verify,核实,VERB
查实,verify,查实,VERB
审核,review,审核,VERB
审批,approve,审批,VERB
授权,authorize,授权,VERB
聘任,appoint,聘任,VERB
解雇,dismiss,解雇,VERB
离职,resign,离职,VERB
换届,term transition,换届,NOUN
投票,vote,投票,VERB
竞选,campaign,竞选,VERB
落选,lose an election,落选,VERB
政权,regime,政权,NOUN
法规,regulation,法规,NOUN
体制,system,体制,NOUN
机构,institution,机构,NOUN
群众,masses,群众,NOUN
民众,public,民众,NOUN
国民,citizen,国民,NOUN
村民,villager,村民,NOUN
牧民,herder,牧民,NOUN
渔民,fisherman,渔民,NOUN
法官,judge,法官,NOUN
检察官,prosecutor,检察官,NOUN
证人,witness,证人,NOUN
嫌疑犯,suspect,嫌疑犯,NOUN
参与者,participant,参与者,NOUN
组织者,organizer,组织者,NOUN
领导者,leader,领导者,NOUN
管理者,manager,管理者,NOUN
执行者,executor,执行者,NOUN
决策者,decision-maker,决策者,NOUN
投资者,investor,投资者,NOUN
消费者,consumer,消费者,NOUN
生产者,producer,生产者,NOUN
供应者,supplier,供应者,NOUN
购买者,buyer,购买者,NOUN
销售者,seller,销售者,NOUN
服务者,service provider,服务者,NOUN
受益者,beneficiary,受益者,NOUN
创始者,founder,创始者,NOUN
继承者,successor,继承者,NOUN
追随者,follower,追随者,NOUN
支持者,supporter,支持者,NOUN
反对者,opponent,反对者,NOUN
竞争者,competitor,竞争者,NOUN
合作者,collaborator,合作者,NOUN
协调者,coordinator,协调者,NOUN
调解者,mediator,调解者,NOUN
仲裁者,arbitrator,仲裁者,NOUN
监督者,supervisor,监督者,NOUN
观察者,observer,观察者,NOUN
记录者,recorder,记录者,NOUN
报告者,reporter,报告者,NOUN
传播者,disseminator,传播者,NOUN
接受者,receiver,接受者,NOUN
传递者,transmitter,传递者,NOUN
创造者,creator,创造者,NOUN
发明者,inventor,发明者,NOUN
发现者,discoverer,发现者,NOUN
探索者,explorer,探索者,NOUN
研究者,researcher,研究者,NOUN
学者,scholar,学者,NOUN
讲师,lecturer,讲师,NOUN
毕业生,graduate,毕业生,NOUN
本科生,undergraduate,本科生,NOUN
博士生,doctoral student,博士生,NOUN
留学生,international student,留学生,NOUN
研究员,researcher,研究员,NOUN
院士,academician,院士,NOUN
半决赛,semifinal,半决赛,NOUN
淘汰赛,knockout match,淘汰赛,NOUN
循环赛,round-robin tournament,循环赛,NOUN
表演赛,exhibition match,表演赛,NOUN
资格赛,qualifier,资格赛,NOUN
热身赛,warm-up match,热身赛,NOUN
联赛,league,联赛,NOUN
锦标赛,tournament,锦标赛,NOUN
邀请赛,invitational tournament,邀请赛,NOUN
公开赛,open tournament,公开赛,NOUN
运动员,athlete,运动员,NOUN
裁判,referee,裁判,NOUN
队长,captain,队长,NOUN
队员,team member,队员,NOUN
队友,teammate,队友,NOUN
门票,ticket,门票,NOUN
赛季,season,赛季,NOUN
比分,score,比分,NOUN
打破纪录,break a record,打破纪录,VERB
创造纪录,set a record,创造纪录,VERB
保持纪录,hold a record,保持纪录,VERB
世界纪录,world record,世界纪录,NOUN
全国纪录,national record,全国纪录,NOUN
个人纪录,personal record,个人纪录,NOUN
历史纪录,historical record,历史纪录,NOUN
档案,archive,档案,NOUN
文献,literature,文献,NOUN
素材,source material,素材,NOUN
题材,subject matter,题材,NOUN
议题,agenda item,议题,NOUN
难题,difficult problem,难题,NOUN
课题,research topic,课题,NOUN
职责,duty,职责,NOUN
职能,function,职能,NOUN
职权,authority,职权,NOUN
权益,rights and interests,权益,NOUN
福利,welfare,福利,NOUN
报酬,remuneration,报酬,NOUN
薪酬,salary,薪酬,NOUN
理赔,claim settlement,理赔,NOUN
投保,insure,投保,VERB
承保,underwrite,承保,VERB
勒索,extort,勒索,VERB
诈骗,fraud,诈骗,NOUN
欺骗,deceive,欺骗,VERB
谎言,lie,谎言,NOUN
真相,truth,真相,NOUN
证词,testimony,证词,NOUN
口供,confession,口供,NOUN
供词,statement,供词,NOUN
审讯,interrogate,审讯,VERB
裁决,ruling,裁决,NOUN
定罪,convict,定罪,VERB
无罪,innocent,无罪,ADJ
有罪,guilty,有罪,ADJ
释放,release,释放,VERB
逮捕,arrest,逮捕,VERB
拘留,detain,拘留,VERB
监禁,imprison,监禁,VERB
赦免,pardon,赦免,VERB
特赦,amnesty,特赦,NOUN
死刑,death penalty,死刑,NOUN
终身监禁,life imprisonment,终身监禁,NOUN
有期徒刑,fixed-term imprisonment,有期徒刑,NOUN
缓刑,suspended sentence,缓刑,NOUN
假释,parole,假释,NOUN
减刑,reduce sentence,减刑,VERB
刑满释放,release after serving sentence,刑满释放,VERB
越狱,break out of prison,越狱,VERB
犯罪,commit a crime,犯罪,VERB
违法,illegal,违法,ADJ
合规,compliant,合规,ADJ
违规,violate regulations,违规,VERB
违纪,violate discipline,违纪,VERB
违约,breach contract,违约,VERB
索赔,claim damages,索赔,VERB
起诉,sue,起诉,VERB
应诉,respond to a lawsuit,应诉,VERB
反诉,counterclaim,反诉,VERB
撤诉,withdraw a lawsuit,撤诉,VERB
诉讼,litigation,诉讼,NOUN
法庭,court,法庭,NOUN
最高法院,supreme court,最高法院,NOUN
修正案,amendment,修正案,NOUN
条款,clause,条款,NOUN
条约,treaty,条约,NOUN
公约,convention,公约,NOUN
宣言,declaration,宣言,NOUN
通告,notice,通告,NOUN
通报,bulletin,通报,NOUN
汇报,report,汇报,VERB
不可避免,unavoidable,不可避免,ADJ
不可逆转,irreversible,不可逆转,ADJ
不可估量,immeasurable,不可估量,ADJ
不可忽视,negligible not,不可忽视,ADJ
不可阻挡,unstoppable,不可阻挡,ADJ
不可分割,inseparable,不可分割,ADJ
不可或缺,indispensable,不可或缺,ADJ
不可替代,irreplaceable,不可替代,ADJ
不可调和,irreconcilable,不可调和,ADJ
不可理喻,unreasonable,不可理喻,ADJ
不可否认,undeniable,不可否认,ADJ
不可辩驳,irrefutable,不可辩驳,ADJ
不可挽回,irreversible,不可挽回,ADJ
不可救药,incurable,不可救药,ADJ
不可磨灭,indelible,不可磨灭,ADJ
不可名状,indescribable,不可名状,ADJ
不可限量,limitless,不可限量,ADJ
不可逾越,insurmountable,不可逾越,ADJ
不可企及,unattainable,不可企及,ADJ
难以置信,unbelievable,难以置信,ADJ
难以想象,unimaginable,难以想象,ADJ
难以预料,unpredictable,难以预料,ADJ
难以克服,insurmountable,难以克服,ADJ
难以避免,inevitable,难以避免,ADJ
难以理解,incomprehensible,难以理解,ADJ
难以接受,unacceptable,难以接受,ADJ
难以忍受,unbearable,难以忍受,ADJ
难以启齿,hard to speak of,难以启齿,ADJ
难以割舍,hard to part with,难以割舍,ADJ
难以抉择,hard to choose,难以抉择,ADJ
难以衡量,hard to measure,难以衡量,ADJ
难以估量,inestimable,难以估量,ADJ
难以描述,indescribable,难以描述,ADJ
难以区分,hard to distinguish,难以区分,ADJ
难以辨别,hard to identify,难以辨别,ADJ
难以判断,hard to judge,难以判断,ADJ
难以决定,hard to decide,难以决定,ADJ
难以确定,hard to determine,难以确定,ADJ
难以确认,hard to confirm,难以确认,ADJ
难以维持,hard to maintain,难以维持,ADJ
难以持续,unsustainable,难以持续,ADJ
难以实现,hard to achieve,难以实现,ADJ
难以完成,hard to complete,难以完成,ADJ
难以达成,hard to reach,难以达成,ADJ
难以满足,hard to satisfy,难以满足,ADJ
难以适应,hard to adapt,难以适应,ADJ
难以调整,hard to adjust,难以调整,ADJ
难以控制,uncontrollable,难以控制,ADJ
难以管理,hard to manage,难以管理,ADJ
难以操作,hard to operate,难以操作,ADJ
难以执行,hard to execute,难以执行,ADJ
难以实施,hard to implement,难以实施,ADJ
难以推行,hard to promote,难以推行,ADJ
难以推广,hard to spread,难以推广,ADJ
颁布,promulgate,颁布,VERB
违抗,disobey,违抗,VERB
斡旋,mediate,斡旋,VERB
介入,intervene,介入,VERB
缺席,be absent,缺席,VERB
列席,attend as a non-voting delegate,列席,VERB
召集,convene,召集,VERB
推进,advance,推进,VERB
推动,promote,推动,VERB
督促,urge,督促,VERB
监督,supervise,监督,VERB
监察,monitor,监察,VERB
审计,audit,审计,VERB
核对,check,核对,VERB
校对,proofread,校对,VERB
修订,revise,修订,VERB
修正,amend,修正,VERB
调节,regulate,调节,VERB
调控,regulate,调控,VERB
操纵,manipulate,操纵,VERB
掌控,control,掌控,VERB
精通,master,精通,VERB
擅长,be good at,擅长,VERB
界限,boundary,界限,NOUN
边缘,edge,边缘,NOUN
前沿,frontier,前沿,NOUN
领先,lead,领先,VERB
超越,surpass,超越,VERB
跨越,leap,跨越,VERB
突破,breakthrough,突破,NOUN
攻克,conquer,攻克,VERB
投降,surrender,投降,VERB
撤退,retreat,撤退,VERB
萧条,depression,萧条,NOUN
衰退,recession,衰退,NOUN
复苏,recovery,复苏,NOUN
波动,fluctuation,波动,NOUN
共识,consensus,共识,NOUN
契约,contract,契约,NOUN
承诺,commitment,承诺,NOUN
担保,guarantee,担保,NOUN
抵押,mortgage,抵押,NOUN
质押,pledge,质押,NOUN
租赁,lease,租赁,NOUN
租金,rent,租金,NOUN
本金,principal,本金,NOUN
通货膨胀,inflation,通货膨胀,NOUN
通货紧缩,deflation,通货紧缩,NOUN
科技,technology,科技,NOUN
内政,internal affairs,内政,NOUN
立法,legislation,立法,NOUN
执法,law enforcement,执法,NOUN
守法,law-abiding,守法,ADJ
申诉,appeal,申诉,NOUN
上诉,appeal,上诉,NOUN
终审,final judgment,终审,NOUN
初审,first instance,初审,NOUN
复审,review,复审,NOUN
再审,retrial,再审,NOUN
陪审,jury service,陪审,NOUN
庭审,court hearing,庭审,NOUN
听证,hearing,听证,NOUN
质询,inquiry,质询,NOUN
追问,follow up,追问,VERB
盘问,interrogate,盘问,VERB
审问,interrogate,审问,VERB
拷问,torture,拷问,VERB
逼供,extort a confession,逼供,VERB
招供,confess,招供,VERB
检举,report (an offense),检举,VERB
揭发,expose,揭发,VERB
举报,report (to authorities),举报,VERB
控告,accuse,控告,VERB
控诉,accuse,控诉,VERB
辩护,defend,辩护,VERB
答辩,reply,答辩,VERB
抗辩,counter,抗辩,VERB
驳斥,rebut,驳斥,VERB
默认,tacitly accept,默认,VERB
准许,approve,准许,VERB
核准,approve,核准,VERB
驳回,reject,驳回,VERB
谢绝,decline,谢绝,VERB
婉拒,decline politely,婉拒,VERB
采纳,adopt,采纳,VERB
采用,adopt,采用,VERB
选用,choose,选用,VERB
挑选,select,挑选,VERB
选拔,select,选拔,VERB
表决,vote,表决,VERB
决议,resolution,决议,NOUN
宣判,pronounce,宣判,VERB
量刑,sentence,量刑,VERB
大赦,amnesty,大赦,NOUN
保释,bail,保释,NOUN
拘押,detain,拘押,VERB
关押,imprison,关押,VERB
囚禁,imprison,囚禁,VERB
软禁,house arrest,软禁,NOUN
逃亡,flee,逃亡,VERB
潜逃,abscond,潜逃,VERB
通缉,wanted,通缉,VERB
追捕,pursue,追捕,VERB
缉拿,arrest,缉拿,VERB
归案,brought to justice,归案,VERB
自首,surrender,自首,VERB
投案,give oneself up,投案,VERB
报案,report a crime,报案,VERB
立案,file a case,立案,VERB
销案,close a case,销案,VERB
结案,close a case,结案,VERB
悬案,cold case,悬案,NOUN
冤案,wrongful conviction,冤案,NOUN
错案,miscarriage of justice,错案,NOUN
铁案,ironclad case,铁案,NOUN
疑案,unsolved case,疑案,NOUN
奇案,bizarre case,奇案,NOUN
大案,major case,大案,NOUN
要案,important case,要案,NOUN
命案,homicide,命案,NOUN
凶杀,homicide,凶杀,NOUN
谋杀,murder,谋杀,NOUN
暗杀,assassination,暗杀,NOUN
刺杀,assassinate,刺杀,VERB
行刺,assassinate,行刺,VERB
遇刺,be assassinated,遇刺,VERB
中弹,be shot,中弹,VERB
中枪,be shot,中枪,VERB
枪击,shooting,枪击,NOUN
爆炸,explosion,爆炸,NOUN
轰炸,bombing,轰炸,NOUN
袭击,attack,袭击,NOUN
伏击,ambush,伏击,NOUN
突袭,raid,突袭,NOUN
偷袭,surprise attack,偷袭,NOUN
奇袭,surprise attack,奇袭,NOUN
强袭,storm,强袭,VERB
猛攻,storm,猛攻,VERB
进攻,attack,进攻,VERB
防守,defend,防守,VERB
抵御,resist,抵御,VERB
起义,uprising,起义,NOUN
叛乱,rebellion,叛乱,NOUN
暴动,riot,暴动,NOUN
骚乱,disturbance,骚乱,NOUN
动乱,turmoil,动乱,NOUN
暴乱,insurrection,暴乱,NOUN
政变,coup,政变,NOUN
兵变,mutiny,兵变,NOUN
哗变,mutiny,哗变,NOUN
叛变,defect,叛变,VERB
叛逃,defect,叛逃,VERB
投敌,defect to the enemy,投敌,VERB
叛国,treason,叛国,NOUN
卖国,betray one's country,卖国,VERB
爱国,patriotic,爱国,ADJ
报国,serve one's country,报国,VERB
卫国,defend one's country,卫国,VERB
建国,found a country,建国,VERB
治国,govern a country,治国,VERB
兴国,revitalize a nation,兴国,VERB
强国,powerful nation,强国,NOUN
富国,wealthy nation,富国,NOUN
大国,great power,大国,NOUN
王国,kingdom,王国,NOUN
联邦,federation,联邦,NOUN
邦联,confederation,邦联,NOUN
同盟,alliance,同盟,NOUN
联盟,league,联盟,NOUN
国币,national currency,国币,NOUN
外汇,foreign exchange,外汇,NOUN
外债,foreign debt,外债,NOUN
内债,domestic debt,内债,NOUN
国债,national debt,国债,NOUN
公债,public debt,公债,NOUN
私债,private debt,私债,NOUN
债权,creditor's rights,债权,NOUN
债权人,creditor,债权人,NOUN
债务人,debtor,债务人,NOUN
担保人,guarantor,担保人,NOUN
见证人,witness,见证人,NOUN
中间人,middleman,中间人,NOUN
经纪人,broker,经纪人,NOUN
代理人,agent,代理人,NOUN
代表人,representative,代表人,NOUN
负责人,person in charge,负责人,NOUN
管理人,manager,管理人,NOUN
监督人,supervisor,监督人,NOUN
调解人,mediator,调解人,NOUN
仲裁人,arbitrator,仲裁人,NOUN
公证人,notary,公证人,NOUN
目击者,eyewitness,目击者,NOUN
知情人,insider,知情人,NOUN
局内人,insider,局内人,NOUN
局外人,outsider,局外人,NOUN
门外汉,layman,门外汉,NOUN
内行,expert,内行,NOUN
科学家,scientist,科学家,NOUN
设计师,designer,设计师,NOUN
建筑师,architect,建筑师,NOUN
程序员,programmer,程序员,NOUN
分析师,analyst,分析师,NOUN
咨询师,consultant,咨询师,NOUN
顾问,advisor,顾问,NOUN
学长,senior male student,学长,NOUN
学姐,senior female student,学姐,NOUN
校友,alumnus,校友,NOUN
租客,tenant,租客,NOUN
雇主,employer,雇主,NOUN
雇员,employee,雇员,NOUN
搭档,partner,搭档,NOUN
股东,shareholder,股东,NOUN
董事长,chairman,董事长,NOUN
总经理,general manager,总经理,NOUN
供应链,supply chain,供应链,NOUN
产业链,industry chain,产业链,NOUN
价值链,value chain,价值链,NOUN
生态链,ecosystem chain,生态链,NOUN
食物链,food chain,食物链,NOUN
区块链,blockchain,区块链,NOUN
大数据,big data,大数据,NOUN
人工智能,artificial intelligence,人工智能,NOUN
机器学习,machine learning,机器学习,NOUN
便利店,convenience store,便利店,NOUN
百货商店,department store,百货商店,NOUN
商场,shopping mall,商场,NOUN
咖啡馆,cafe,咖啡馆,NOUN
酒店,hotel,酒店,NOUN
旅馆,inn,旅馆,NOUN
招待所,guest house,招待所,NOUN
民宿,homestay,民宿,NOUN
四合院,siheyuan,四合院,NOUN
阁楼,attic,阁楼,NOUN
走廊,corridor,走廊,NOUN
楼梯,stairs,楼梯,NOUN
扶梯,escalator,扶梯,NOUN
楼梯间,stairwell,楼梯间,NOUN
前门,front door,前门,NOUN
后门,back door,后门,NOUN
侧门,side door,侧门,NOUN
围墙,wall,围墙,NOUN
篱笆,fence,篱笆,NOUN
草坪,lawn,草坪,NOUN
假山,rockery,假山,NOUN
喷泉,fountain,喷泉,NOUN
游泳池,swimming pool,游泳池,NOUN
瑜伽,yoga,瑜伽,NOUN
太极,tai chi,太极,NOUN
拳击,boxing,拳击,NOUN
柔道,judo,柔道,NOUN
跆拳道,taekwondo,跆拳道,NOUN
空手道,karate,空手道,NOUN
剑道,kendo,剑道,NOUN
射箭,archery,射箭,NOUN
马术,equestrianism,马术,NOUN
击剑,fencing,击剑,NOUN
体操,gymnastics,体操,NOUN
跳水,diving,跳水,NOUN
花样滑冰,figure skating,花样滑冰,NOUN
速度滑冰,speed skating,速度滑冰,NOUN
冰球,ice hockey,冰球,NOUN
雪橇,sleigh,雪橇,NOUN
滑雪,skiing,滑雪,NOUN
冲浪,surfing,冲浪,NOUN
帆船,sailing,帆船,NOUN
赛艇,rowing,赛艇,NOUN
皮划艇,kayaking,皮划艇,NOUN
潜水,scuba diving,潜水,NOUN
蹦极,bungee jumping,蹦极,NOUN
跳伞,parachuting,跳伞,NOUN
滑翔,gliding,滑翔,NOUN
热气球,hot air balloon,热气球,NOUN
攀岩,rock climbing,攀岩,NOUN
登山,mountaineering,登山,NOUN
徒步,hiking,徒步,NOUN
露营,camping,露营,NOUN
野营,camping,野营,NOUN
烧烤,barbecue,烧烤,NOUN
野餐,picnic,野餐,NOUN
聚餐,dinner party,聚餐,NOUN
宴席,banquet,宴席,NOUN
酒席,banquet,酒席,NOUN
喜酒,wedding banquet,喜酒,NOUN
满月酒,full moon banquet,满月酒,NOUN
寿宴,birthday banquet,寿宴,NOUN
庆功宴,victory banquet,庆功宴,NOUN
告别宴,farewell banquet,告别宴,NOUN
欢迎宴,welcome banquet,欢迎宴,NOUN
答谢宴,appreciation banquet,答谢宴,NOUN
团圆饭,reunion dinner,团圆饭,NOUN
年夜饭,New Year's Eve dinner,年夜饭,NOUN
汤圆,glutinous rice ball,汤圆,NOUN
粽子,zongzi,粽子,NOUN
月饼,mooncake,月饼,NOUN
年糕,rice cake,年糕,NOUN
元宵,yuanxiao,元宵,NOUN
腊八粥,laba porridge,腊八粥,NOUN
青团,green rice ball,青团,NOUN
馄饨,wonton,馄饨,NOUN
米粉,rice noodles,米粉,NOUN
米线,rice vermicelli,米线,NOUN
河粉,hefen,河粉,NOUN
粉丝,glass noodles,粉丝,NOUN
豆芽,bean sprout,豆芽,NOUN
豆浆,soy milk,豆浆,NOUN
豆干,dried tofu,豆干,NOUN
腐竹,tofu skin,腐竹,NOUN
豆豉,fermented bean,豆豉,NOUN
料酒,cooking wine,料酒,NOUN
花椒,Sichuan pepper,花椒,NOUN
八角,star anise,八角,NOUN
桂皮,cinnamon,桂皮,NOUN
丁香,clove,丁香,NOUN
茴香,fennel,茴香,NOUN
薄荷,mint,薄荷,NOUN
紫苏,perilla,紫苏,NOUN
香菜,cilantro,香菜,NOUN
芹菜,celery,芹菜,NOUN
韭菜,chive,韭菜,NOUN
菠菜,spinach,菠菜,NOUN
生菜,lettuce,生菜,NOUN
白菜,Chinese cabbage,白菜,NOUN
空心菜,water spinach,空心菜,NOUN
西兰花,broccoli,西兰花,NOUN
花菜,cauliflower,花菜,NOUN
卷心菜,cabbage,卷心菜,NOUN
茄子,eggplant,茄子,NOUN
番茄,tomato,番茄,NOUN
冬瓜,winter melon,冬瓜,NOUN
南瓜,pumpkin,南瓜,NOUN
丝瓜,loofah,丝瓜,NOUN
苦瓜,bitter melon,苦瓜,NOUN
青椒,green pepper,青椒,NOUN
彩椒,bell pepper,彩椒,NOUN
蘑菇,mushroom,蘑菇,NOUN
香菇,shiitake mushroom,香菇,NOUN
金针菇,enoki mushroom,金针菇,NOUN
木耳,wood ear mushroom,木耳,NOUN
银耳,snow fungus,银耳,NOUN
竹笋,bamboo shoot,竹笋,NOUN
大米,rice,大米,NOUN
糯米,glutinous rice,糯米,NOUN
燕麦,oats,燕麦,NOUN
荞麦,buckwheat,荞麦,NOUN
小米,millet,小米,NOUN
高粱,sorghum,高粱,NOUN
红薯,sweet potato,红薯,NOUN
山药,Chinese yam,山药,NOUN
芋头,taro,芋头,NOUN
木薯,cassava,木薯,NOUN
莲藕,lotus root,莲藕,NOUN
荸荠,water chestnut,荸荠,NOUN
菱角,water caltrop,菱角,NOUN
茨菇,arrowhead,茨菇,NOUN
桃子,peach,桃子,NOUN
李子,plum,李子,NOUN
杏子,apricot,杏子,NOUN
樱桃,cherry,樱桃,NOUN
草莓,strawberry,草莓,NOUN
蓝莓,blueberry,蓝莓,NOUN
覆盆子,raspberry,覆盆子,NOUN
黑莓,blackberry,黑莓,NOUN
蔓越莓,cranberry,蔓越莓,NOUN
桑葚,mulberry,桑葚,NOUN
提子,table grape,提子,NOUN
橙子,orange,橙子,NOUN
橘子,tangerine,橘子,NOUN
柚子,pomelo,柚子,NOUN
柠檬,lemon,柠檬,NOUN
青柠,lime,青柠,NOUN
石榴,pomegranate,石榴,NOUN
火龙果,dragon fruit,火龙果,NOUN
猕猴桃,kiwi,猕猴桃,NOUN
牛油果,avocado,牛油果,NOUN
椰子,coconut,椰子,NOUN
芒果,mango,芒果,NOUN
菠萝,pineapple,菠萝,NOUN
榴莲,durian,榴莲,NOUN
荔枝,lychee,荔枝,NOUN
龙眼,longan,龙眼,NOUN
山竹,mangosteen,山竹,NOUN
枇杷,loquat,枇杷,NOUN
杨梅,bayberry,杨梅,NOUN
柿子,persimmon,柿子,NOUN
枣子,jujube,枣子,NOUN
哈密瓜,cantaloupe,哈密瓜,NOUN
香瓜,melon,香瓜,NOUN
木瓜,papaya,木瓜,NOUN
芭蕉,plantain,芭蕉,NOUN
甘蔗,sugarcane,甘蔗,NOUN
葵花籽,sunflower seed,葵花籽,NOUN
南瓜子,pumpkin seed,南瓜子,NOUN
西瓜子,watermelon seed,西瓜子,NOUN
松子,pine nut,松子,NOUN
榛子,hazelnut,榛子,NOUN
核桃,walnut,核桃,NOUN
杏仁,almond,杏仁,NOUN
腰果,cashew,腰果,NOUN
开心果,pistachio,开心果,NOUN
板栗,chestnut,板栗,NOUN
芝麻,sesame,芝麻,NOUN
脉搏,pulse,脉搏,NOUN
血压,blood pressure,血压,NOUN
血糖,blood sugar,血糖,NOUN
血脂,blood lipid,血脂,NOUN
胆固醇,cholesterol,胆固醇,NOUN
血红蛋白,hemoglobin,血红蛋白,NOUN
白细胞,white blood cell,白细胞,NOUN
红细胞,red blood cell,红细胞,NOUN
血小板,platelet,血小板,NOUN
血浆,plasma,血浆,NOUN
淋巴,lymph,淋巴,NOUN
抗体,antibody,抗体,NOUN
抗原,antigen,抗原,NOUN
疫苗,vaccine,疫苗,NOUN
细菌,bacteria,细菌,NOUN
真菌,fungus,真菌,NOUN
寄生虫,parasite,寄生虫,NOUN
蔓延,spread,蔓延,VERB
扩散,diffuse,扩散,VERB
隔离,quarantine,隔离,VERB
封城,lockdown,封城,VERB
社交距离,social distancing,社交距离,NOUN
核酸检测,nucleic acid test,核酸检测,NOUN
抗原检测,antigen test,抗原检测,NOUN
体温,body temperature,体温,NOUN
发热,fever,发热,NOUN
流鼻涕,runny nose,流鼻涕,NOUN
鼻塞,stuffy nose,鼻塞,NOUN
喉咙痛,sore throat,喉咙痛,NOUN
头痛,headache,头痛,NOUN
肚子痛,stomachache,肚子痛,NOUN
牙痛,toothache,牙痛,NOUN
背痛,backache,背痛,NOUN
胸痛,chest pain,胸痛,NOUN
腹痛,abdominal pain,腹痛,NOUN
肌肉痛,muscle pain,肌肉痛,NOUN
关节痛,joint pain,关节痛,NOUN
神经痛,nerve pain,神经痛,NOUN
眩晕,dizziness,眩晕,NOUN
腹泻,diarrhea,腹泻,NOUN
便秘,constipation,便秘,NOUN
嗜睡,drowsiness,嗜睡,NOUN
虚弱,weakness,虚弱,NOUN
麻木,numbness,麻木,NOUN
瘫痪,paralysis,瘫痪,NOUN
痉挛,spasm,痉挛,NOUN
抽搐,convulsion,抽搐,NOUN
颤抖,tremor,颤抖,NOUN
出汗,sweat,出汗,VERB
脱水,dehydration,脱水,NOUN
中暑,heatstroke,中暑,NOUN
冻伤,frostbite,冻伤,NOUN
烧伤,burn,烧伤,NOUN
烫伤,scald,烫伤,NOUN
割伤,cut,割伤,NOUN
擦伤,abrasion,擦伤,NOUN
瘀伤,bruise,瘀伤,NOUN
扭伤,sprain,扭伤,NOUN
骨折,fracture,骨折,NOUN
脱臼,dislocation,脱臼,NOUN
出血,bleeding,出血,NOUN
止血,stop bleeding,止血,VERB
包扎,bandage,包扎,VERB
消毒,disinfect,消毒,VERB
缝合,suture,缝合,VERB
拆线,remove stitches,拆线,VERB
打石膏,apply a cast,打石膏,VERB
拄拐,use crutches,拄拐,VERB
坐轮椅,use a wheelchair,坐轮椅,VERB
住院,be hospitalized,住院,VERB
出院,leave hospital,出院,VERB
转院,transfer to another hospital,转院,VERB
急诊,emergency,急诊,NOUN
门诊,outpatient,门诊,NOUN
住院部,inpatient department,住院部,NOUN
手术室,operating room,手术室,NOUN
重症监护,intensive care,重症监护,NOUN
病房,ward,病房,NOUN
病床,hospital bed,病床,NOUN
病历,medical record,病历,NOUN
处方,prescription,处方,NOUN
药方,prescription,药方,NOUN
配药,dispense medicine,配药,VERB
服药,take medicine,服药,VERB
输液,intravenous drip,输液,NOUN
抽血,draw blood,抽血,VERB
拍片,take an x-ray,拍片,VERB
核磁共振,MRI,核磁共振,NOUN
B超,ultrasound,B超,NOUN
心电图,ECG,心电图,NOUN
脑电图,EEG,脑电图,NOUN
胃镜,gastroscopy,胃镜,NOUN
肠镜,colonoscopy,肠镜,NOUN
活检,biopsy,活检,NOUN
穿刺,puncture,穿刺,NOUN
支架,stent,支架,NOUN
搭桥手术,bypass surgery,搭桥手术,NOUN
移植,transplant,移植,NOUN
化疗,chemotherapy,化疗,NOUN
放疗,radiotherapy,放疗,NOUN
靶向治疗,targeted therapy,靶向治疗,NOUN
免疫治疗,immunotherapy,免疫治疗,NOUN
基因治疗,gene therapy,基因治疗,NOUN
干细胞,stem cell,干细胞,NOUN
克隆,clone,克隆,NOUN
染色体,chromosome,染色体,NOUN
蛋白质,protein,蛋白质,NOUN
氨基酸,amino acid,氨基酸,NOUN
酶,enzyme,酶,NOUN
激素,hormone,激素,NOUN
维生素,vitamin,维生素,NOUN
矿物质,mineral,矿物质,NOUN
微量元素,trace element,微量元素,NOUN
抗氧化剂,antioxidant,抗氧化剂,NOUN
益生菌,probiotic,益生菌,NOUN
新陈代谢,metabolism,新陈代谢,NOUN
光合作用,photosynthesis,光合作用,NOUN
呼吸作用,respiration,呼吸作用,NOUN
排泄,excretion,排泄,NOUN
繁殖,reproduction,繁殖,NOUN
进化,evolution,进化,NOUN
遗传,heredity,遗传,NOUN
变异,mutation,变异,NOUN
灭绝,extinction,灭绝,NOUN
物种,species,物种,NOUN
种群,population,种群,NOUN
群落,community,群落,NOUN
生态系统,ecosystem,生态系统,NOUN
生物多样性,biodiversity,生物多样性,NOUN
栖息地,habitat,栖息地,NOUN
保护区,reserve,保护区,NOUN
濒危,endangered,濒危,ADJ
保育,conservation,保育,NOUN
重建,rebuild,重建,VERB
改造,transform,改造,VERB
升级,upgrade,升级,VERB
更新,update,更新,VERB
替换,replace,替换,VERB
淘汰,eliminate,淘汰,VERB
废弃,abandon,废弃,VERB
消耗,consume,消耗,VERB
短缺,shortage,短缺,NOUN
过剩,surplus,过剩,NOUN
饱和,saturated,饱和,ADJ
匮乏,scarcity,匮乏,NOUN
枯竭,exhaustion,枯竭,NOUN
再生,regenerate,再生,VERB
可持续,sustainable,可持续,ADJ
可再生,renewable,可再生,ADJ
不可再生,non-renewable,不可再生,ADJ
太阳能,solar energy,太阳能,NOUN
风能,wind energy,风能,NOUN
水能,hydro energy,水能,NOUN
核能,nuclear energy,核能,NOUN
地热,geothermal,地热,ADJ
潮汐,tidal,潮汐,ADJ
生物质,biomass,生物质,NOUN
氢能,hydrogen energy,氢能,NOUN
石油,petroleum,石油,NOUN
页岩气,shale gas,页岩气,NOUN
可燃冰,flammable ice,可燃冰,NOUN
碳中和,carbon neutrality,碳中和,NOUN
碳达峰,carbon peak,碳达峰,NOUN
温室气体,greenhouse gas,温室气体,NOUN
气候变化,climate change,气候变化,NOUN
全球变暖,global warming,全球变暖,NOUN
海平面上升,sea level rise,海平面上升,NOUN
极端天气,extreme weather,极端天气,NOUN
洪涝,flood,洪涝,NOUN
飓风,hurricane,飓风,NOUN
龙卷风,tornado,龙卷风,NOUN
海啸,tsunami,海啸,NOUN
火山,volcano,火山,NOUN
泥石流,mudslide,泥石流,NOUN
山体滑坡,landslide,山体滑坡,NOUN
雪崩,avalanche,雪崩,NOUN
沙尘暴,sandstorm,沙尘暴,NOUN
雾霾,smog,雾霾,NOUN
废水,wastewater,废水,NOUN
废气,exhaust gas,废气,NOUN
废渣,waste residue,废渣,NOUN
垃圾分类,waste sorting,垃圾分类,NOUN
回收利用,recycling,回收利用,NOUN
降解,degrade,降解,VERB
焚烧,incinerate,焚烧,VERB
填埋,landfill,填埋,NOUN
堆肥,compost,堆肥,NOUN
环保,environmental protection,环保,NOUN
绿色,green,绿色,ADJ
低碳,low-carbon,低碳,ADJ
节能,energy saving,节能,NOUN
减排,emission reduction,减排,NOUN
绿化,greening,绿化,NOUN
植树,plant trees,植树,VERB
造林,afforestation,造林,NOUN
砍伐,deforestation,砍伐,NOUN
退耕还林,returning farmland to forest,退耕还林,NOUN
水土流失,soil erosion,水土流失,NOUN
沙漠化,desertification,沙漠化,NOUN
石漠化,rocky desertification,石漠化,NOUN
盐碱化,salinization,盐碱化,NOUN
湿地,wetland,湿地,NOUN
滩涂,tidal flat,滩涂,NOUN
珊瑚礁,coral reef,珊瑚礁,NOUN
红树林,mangrove,红树林,NOUN
热带雨林,rainforest,热带雨林,NOUN
针叶林,coniferous forest,针叶林,NOUN
阔叶林,broadleaf forest,阔叶林,NOUN
混交林,mixed forest,混交林,NOUN
原始森林,primeval forest,原始森林,NOUN
人工林,plantation,人工林,NOUN
社区,community,社区,NOUN
社交,socializing,社交,NOUN
社论,editorial,社论,NOUN
社团,association,社团,NOUN
社会学家,sociologist,社会学家,NOUN
社会科学,social science,社会科学,NOUN
社会地位,social status,社会地位,NOUN
社会阶层,social class,社会阶层,NOUN
社会问题,social issue,社会问题,NOUN
社会现象,social phenomenon,社会现象,NOUN
社会制度,social system,社会制度,NOUN
社会保障,social security,社会保障,NOUN
社会福利,social welfare,社会福利,NOUN
社会保险,social insurance,社会保险,NOUN
社会公德,social morality,社会公德,NOUN
社会秩序,social order,社会秩序,NOUN
社会治安,public security,社会治安,NOUN
社会舆论,public opinion,社会舆论,NOUN
社会压力,social pressure,社会压力,NOUN
社会责任,social responsibility,社会责任,NOUN
社会贡献,social contribution,社会贡献,NOUN
社会价值,social value,社会价值,NOUN
社会标准,social standard,社会标准,NOUN
社会规范,social norm,社会规范,NOUN
社会风俗,social custom,社会风俗,NOUN
社会习惯,social habit,社会习惯,NOUN
社会传统,social tradition,社会传统,NOUN
社会变革,social change,社会变革,NOUN
社会进步,social progress,社会进步,NOUN
社会发展,social development,社会发展,NOUN
社会稳定,social stability,社会稳定,NOUN
社会动荡,social turmoil,社会动荡,NOUN
社会矛盾,social conflict,社会矛盾,NOUN
社会和谐,social harmony,社会和谐,NOUN
社会公平,social fairness,社会公平,NOUN
社会正义,social justice,社会正义,NOUN
社会平等,social equality,社会平等,NOUN
社会歧视,social discrimination,社会歧视,NOUN
社会偏见,social prejudice,社会偏见,NOUN
社会包容,social inclusion,社会包容,NOUN
社会排斥,social exclusion,社会排斥,NOUN
社会融入,social integration,社会融入,NOUN
社会流动,social mobility,社会流动,NOUN
社会分层,social stratification,社会分层,NOUN
社会结构,social structure,社会结构,NOUN
社会组织,social organization,社会组织,NOUN
社会网络,social network,社会网络,NOUN
社会关系,social relations,社会关系,NOUN
社会互动,social interaction,社会互动,NOUN
社会沟通,social communication,社会沟通,NOUN
社会协作,social collaboration,社会协作,NOUN
社会合作,social cooperation,社会合作,NOUN
社会竞争,social competition,社会竞争,NOUN
社会冲突,social conflict,社会冲突,NOUN
社会调解,social mediation,社会调解,NOUN
社会仲裁,social arbitration,社会仲裁,NOUN
社会和解,social reconciliation,社会和解,NOUN
社会妥协,social compromise,社会妥协,NOUN
社会共识,social consensus,社会共识,NOUN
社会契约,social contract,社会契约,NOUN
社会信任,social trust,社会信任,NOUN
社会信用,social credit,社会信用,NOUN
社会身份,social identity,社会身份,NOUN
社会角色,social role,社会角色,NOUN
社会期望,social expectation,社会期望,NOUN
社会认可,social recognition,社会认可,NOUN
社会等级,social hierarchy,社会等级,NOUN
社会不平等,social inequality,社会不平等,NOUN
社会权利,social rights,社会权利,NOUN
社会义务,social obligation,社会义务,NOUN
社会效益,social benefit,社会效益,NOUN
社会成本,social cost,社会成本,NOUN
社会危机,social crisis,社会危机,NOUN
社会趋势,social trend,社会趋势,NOUN
社会风气,social ethos,社会风气,NOUN
社会习俗,social custom,社会习俗,NOUN
社会演变,social evolution,社会演变,NOUN
社会变迁,social change,社会变迁,NOUN
社会转型,social transformation,社会转型,NOUN
社会改革,social reform,社会改革,NOUN
社会革命,social revolution,社会革命,NOUN
社会运动,social movement,社会运动,NOUN
社会活动,social activity,社会活动,NOUN
社会事件,social event,社会事件,NOUN
社会新闻,social news,社会新闻,NOUN
社会评论,social commentary,社会评论,NOUN
社会批评,social criticism,社会批评,NOUN
社会倡议,social initiative,社会倡议,NOUN
社会呼吁,social appeal,社会呼吁,NOUN
社会动员,social mobilization,社会动员,NOUN
社会参与,social participation,社会参与,NOUN
社会行动,social action,社会行动,NOUN
社会实践,social practice,社会实践,NOUN
社会实验,social experiment,社会实验,NOUN
社会调查,social survey,社会调查,NOUN
社会研究,social research,社会研究,NOUN
社会分析,social analysis,社会分析,NOUN
社会评估,social assessment,社会评估,NOUN
社会统计,social statistics,社会统计,NOUN
社会反思,social reflection,社会反思,NOUN
社会觉悟,social awareness,社会觉悟,NOUN
社会觉醒,social awakening,社会觉醒,NOUN
社会启蒙,social enlightenment,社会启蒙,NOUN
法治,rule of law,法治,NOUN
人权,human rights,人权,NOUN
宽容,tolerance,宽容,NOUN
同理,empathy,同理,NOUN
芯片,chip,芯片,NOUN
半导体,semiconductor,半导体,NOUN
处理器,processor,处理器,NOUN
内存,memory,内存,NOUN
硬盘,hard drive,硬盘,NOUN
主板,motherboard,主板,NOUN
显卡,graphics card,显卡,NOUN
声卡,sound card,声卡,NOUN
网卡,network card,网卡,NOUN
电源,power supply,电源,NOUN
散热器,heatsink,散热器,NOUN
机箱,case,机箱,NOUN
显示器,monitor,显示器,NOUN
耳机,headphones,耳机,NOUN
音箱,speaker,音箱,NOUN
摄像头,webcam,摄像头,NOUN
打印机,printer,打印机,NOUN
扫描仪,scanner,扫描仪,NOUN
投影仪,projector,投影仪,NOUN
路由器,router,路由器,NOUN
交换机,switch,交换机,NOUN
服务器,server,服务器,NOUN
客户端,client,客户端,NOUN
浏览器,browser,浏览器,NOUN
操作系统,operating system,操作系统,NOUN
数据库,database,数据库,NOUN
云计算,cloud computing,云计算,NOUN
物联网,Internet of Things,物联网,NOUN
蓝牙,Bluetooth,蓝牙,NOUN
二维码,QR code,二维码,NOUN
条形码,barcode,条形码,NOUN
电子支付,electronic payment,电子支付,NOUN
移动支付,mobile payment,移动支付,NOUN
数字货币,digital currency,数字货币,NOUN
加密货币,cryptocurrency,加密货币,NOUN
比特币,Bitcoin,比特币,NOUN
以太坊,Ethereum,以太坊,NOUN
智能合约,smart contract,智能合约,NOUN
去中心化,decentralization,去中心化,NOUN
元宇宙,metaverse,元宇宙,NOUN
虚拟现实,virtual reality,虚拟现实,NOUN
增强现实,augmented reality,增强现实,NOUN
混合现实,mixed reality,混合现实,NOUN
扩展现实,extended reality,扩展现实,NOUN
3D打印,three-d printing,3D打印,NOUN
纳米技术,nanotechnology,纳米技术,NOUN
生物技术,biotechnology,生物技术,NOUN
航天技术,space technology,航天技术,NOUN
深海技术,deep sea technology,深海技术,NOUN
极地技术,polar technology,极地技术,NOUN
可再生能源,renewable energy,可再生能源,NOUN
清洁技术,clean technology,清洁技术,NOUN
绿色技术,green technology,绿色技术,NOUN
环保技术,environmental technology,环保技术,NOUN
碳捕获,carbon capture,碳捕获,NOUN
碳封存,carbon sequestration,碳封存,NOUN
碳交易,carbon trading,碳交易,NOUN
碳税,carbon tax,碳税,NOUN
碳足迹,carbon footprint,碳足迹,NOUN
股市,stock market,股市,NOUN
期货,futures,期货,NOUN
期权,options,期权,NOUN
白银,silver,白银,NOUN
原油,crude oil,原油,NOUN
铁,iron,铁,NOUN
铝,aluminum,铝,NOUN
锌,zinc,锌,NOUN
镍,nickel,镍,NOUN
锡,tin,锡,NOUN
铅,lead,铅,NOUN
汞,mercury,汞,NOUN
稀土,rare earth,稀土,NOUN
钻石,diamond,钻石,NOUN
翡翠,jadeite,翡翠,NOUN
珍珠,pearl,珍珠,NOUN
琥珀,amber,琥珀,NOUN
珊瑚,coral,珊瑚,NOUN
象牙,ivory,象牙,NOUN
犀角,rhinoceros horn,犀角,NOUN
皮革,leather,皮革,NOUN
棉布,cotton cloth,棉布,NOUN
麻布,linen,麻布,NOUN
羊毛,wool,羊毛,NOUN
羊绒,cashmere,羊绒,NOUN
化纤,synthetic fiber,化纤,NOUN
涤纶,polyester,涤纶,NOUN
尼龙,nylon,尼龙,NOUN
氨纶,spandex,氨纶,NOUN
国画,traditional Chinese painting,国画,NOUN
油画,oil painting,油画,NOUN
水彩,watercolor,水彩,NOUN
素描,sketch,素描,NOUN
版画,print,版画,NOUN
雕塑,sculpture,雕塑,NOUN
陶艺,ceramic art,陶艺,NOUN
剪纸,paper cutting,剪纸,NOUN
刺绣,embroidery,刺绣,NOUN
编织,weaving,编织,NOUN
陶器,pottery,陶器,NOUN
瓷器,porcelain,瓷器,NOUN
漆器,lacquerware,漆器,NOUN
青铜器,bronze ware,青铜器,NOUN
玉器,jade ware,玉器,NOUN
文物,cultural relic,文物,NOUN
遗产,heritage,遗产,NOUN
遗址,ruins,遗址,NOUN
古迹,historical site,古迹,NOUN
钢琴,piano,钢琴,NOUN
小提琴,violin,小提琴,NOUN
大提琴,cello,大提琴,NOUN
贝斯,bass,贝斯,NOUN
鼓,drum,鼓,NOUN
笛子,flute,笛子,NOUN
二胡,erhu,二胡,NOUN
古筝,guzheng,古筝,NOUN
琵琶,pipa,琵琶,NOUN
古琴,guqin,古琴,NOUN
箫,xiao,箫,NOUN
唢呐,suona,唢呐,NOUN
笙,sheng,笙,NOUN
编钟,bianzhong,编钟,NOUN
锣,gong,锣,NOUN
钹,cymbal,钹,NOUN
话剧,stage play,话剧,NOUN
音乐剧,musical,音乐剧,NOUN
歌剧,opera,歌剧,NOUN
芭蕾,ballet,芭蕾,NOUN
现代舞,modern dance,现代舞,NOUN
街舞,street dance,街舞,NOUN
拉丁舞,Latin dance,拉丁舞,NOUN
交谊舞,ballroom dance,交谊舞,NOUN
广场舞,square dance,广场舞,NOUN
杂技,acrobatics,杂技,NOUN
魔术,magic,魔术,NOUN
马戏,circus,马戏,NOUN
木偶戏,puppet show,木偶戏,NOUN
皮影戏,shadow play,皮影戏,NOUN
相声,crosstalk,相声,NOUN
小品,sketch,小品,NOUN
脱口秀,talk show,脱口秀,NOUN
足球,football,足球,NOUN
篮球,basketball,篮球,NOUN
高尔夫,golf,高尔夫,NOUN
台球,billiards,台球,NOUN
保龄球,bowling,保龄球,NOUN
棒球,baseball,棒球,NOUN
垒球,softball,垒球,NOUN
橄榄球,rugby,橄榄球,NOUN
曲棍球,hockey,曲棍球,NOUN
水球,water polo,水球,NOUN
手球,handball,手球,NOUN
摔跤,wrestling,摔跤,NOUN
举重,weightlifting,举重,NOUN
田径,track and field,田径,NOUN
马拉松,marathon,马拉松,NOUN
擦拭,wipe,擦拭,VERB
洗涤,wash,洗涤,VERB
晾晒,dry in the sun,晾晒,VERB
熨烫,iron,熨烫,VERB
缝补,mend,缝补,VERB
裁剪,cut,裁剪,VERB
种植,plant,种植,VERB
修剪,prune,修剪,VERB
采摘,pick,采摘,VERB
狩猎,hunt,狩猎,VERB
饲养,raise,饲养,VERB
放牧,graze,放牧,VERB
屠宰,slaughter,屠宰,VERB
腌制,pickle,腌制,VERB
烘干,dry,烘干,VERB
冷冻,freeze,冷冻,VERB
解冻,thaw,解冻,VERB
加热,heat,加热,VERB
煮沸,boil,煮沸,VERB
蒸煮,steam,蒸煮,VERB
烘烤,bake,烘烤,VERB
煎炒,stir-fry,煎炒,VERB
炖煮,stew,炖煮,VERB
焖烧,braise,焖烧,VERB
调味,season,调味,VERB
打哈欠,yawn,打哈欠,VERB
打嗝,burp,打嗝,VERB
放屁,fart,放屁,VERB
流眼泪,tear up,流眼泪,VERB
流汗,sweat,流汗,VERB
流血,bleed,流血,VERB
流脓,fester,流脓,VERB
思路,train of thought,思路,NOUN
果断,decisive,果断,ADJ
动摇,waver,动摇,VERB
执着,persistent,执着,ADJ
退让,yield,退让,VERB
进取,forge ahead,进取,VERB
拼搏,struggle,拼搏,VERB
鲁莽,reckless,鲁莽,ADJ
温和,gentle,温和,ADJ
暴躁,irritable,暴躁,ADJ
镇定,composed,镇定,ADJ
从容,unruffled,从容,ADJ
疲惫,exhausted,疲惫,ADJ
萎靡,dejected,萎靡,ADJ
振作,cheer up,振作,VERB
颓废,decadent,颓废,ADJ
消极,negative,消极,ADJ
内向,introverted,内向,ADJ
孤僻,eccentric,孤僻,ADJ
合群,sociable,合群,ADJ
友善,friendly,友善,ADJ
敌对,hostile,敌对,ADJ
冷漠,indifferent,冷漠,ADJ
疏远,distant,疏远,ADJ
生疏,unfamiliar,生疏,ADJ
谴责,condemn,谴责,VERB
认可,endorse,认可,VERB
排斥,exclude,排斥,VERB
包容,include,包容,VERB
鄙视,despise,鄙视,VERB
藐视,scorn,藐视,VERB
敬仰,admire,敬仰,VERB
蔑视,contemn,蔑视,VERB
爱戴,love and esteem,爱戴,VERB
憎恨,hate,憎恨,VERB
憎恶,abhor,憎恶,VERB
铭记,engrave in mind,铭记,VERB
挥霍,squander,挥霍,VERB
透支,overdraw,透支,VERB
结余,surplus,结余,NOUN
赤字,deficit,赤字,NOUN
盈利,profit,盈利,NOUN
收支,income and expense,收支,NOUN
账目,account,账目,NOUN
账单,bill,账单,NOUN
凭单,voucher,凭单,NOUN
汇票,draft,汇票,NOUN
本票,promissory note,本票,NOUN
押金,deposit,押金,NOUN
红利,dividend,红利,NOUN
佣金,commission,佣金,NOUN
回扣,kickback,回扣,NOUN
小费,tip,小费,NOUN
津贴,allowance,津贴,NOUN
补贴,subsidy,补贴,NOUN
补助,grant,补助,NOUN
救济,relief,救济,NOUN
慈善,charity,慈善,NOUN
捐赠,donation,捐赠,NOUN
赞助,sponsorship,赞助,NOUN
集资,fundraising,集资,NOUN
筹资,raise funds,筹资,VERB
募捐,solicit donations,募捐,VERB
众筹,crowdfunding,众筹,NOUN
众包,crowdsourcing,众包,NOUN
外包,outsourcing,外包,NOUN
内包,insourcing,内包,NOUN
众创,mass innovation,众创,NOUN
创客,maker,创客,NOUN
极客,geek,极客,NOUN
黑客,hacker,黑客,NOUN
孵化器,incubator,孵化器,NOUN
加速器,accelerator,加速器,NOUN
开发区,development zone,开发区,NOUN
特区,special zone,特区,NOUN
杰出,distinguished,杰出,ADJ
平庸,mediocre,平庸,ADJ
低劣,inferior,低劣,ADJ
精良,fine,精良,ADJ
粗糙,rough,粗糙,ADJ
精致,delicate,精致,ADJ
简陋,crude,简陋,ADJ
节俭,frugal,节俭,ADJ
昂贵,expensive,昂贵,ADJ
廉价,cheap,廉价,ADJ
珍贵,precious,珍贵,ADJ
稀有,rare,稀有,ADJ
常见,common,常见,ADJ
非典型,atypical,非典型,ADJ
非正式,informal,非正式,ADJ
民间,folk,民间,ADJ
前卫,avant-garde,前卫,ADJ
激进,radical,激进,ADJ
稳健,steady,稳健,ADJ
脆弱,fragile,脆弱,ADJ
敏捷,agile,敏捷,ADJ
迟缓,sluggish,迟缓,ADJ
高效,efficient,高效,ADJ
低效,inefficient,低效,ADJ
精准,precise,精准,ADJ
混乱,chaotic,混乱,ADJ
有序,orderly,有序,ADJ
无序,disorderly,无序,ADJ
零散,scattered,零散,ADJ
残缺,incomplete,残缺,ADJ
偏颇,biased,偏颇,ADJ
偏袒,to show partiality,偏袒,VERB
失衡,imbalanced,失衡,ADJ
融合,to integrate,融合,VERB
连接,to connect,连接,VERB
断开,to disconnect,断开,VERB
无关,irrelevant,无关,ADJ
迥异,different,迥异,ADJ
同等,equal,同等,ADJ
不等,unequal,不等,ADJ
不对称,asymmetrical,不对称,ADJ
不均,uneven,不均,ADJ
流动,mobile,流动,ADJ
静态,static,静态,ADJ
被动,passive,被动,ADJ
正面,positive,正面,ADJ
负面,negative,负面,ADJ
建设性,constructive,建设性,ADJ
破坏性,destructive,破坏性,ADJ
创造性,creative,创造性,ADJ
模仿性,imitative,模仿性,ADJ
创新性,innovative,创新性,ADJ
保守性,conservative,保守性,ADJ
进步性,progressive,进步性,ADJ
退步性,regressive,退步性,ADJ
革命性,revolutionary,革命性,ADJ
改良型,reformist,改良型,ADJ
颠覆性,disruptive,颠覆性,ADJ
渐进性,incremental,渐进性,ADJ
突破性,breakthrough,突破性,ADJ
渐进式,gradual,渐进式,ADJ
跳跃式,leapfrog,跳跃式,ADJ
渐进,progressive,渐进,ADJ
飞跃,leap,飞跃,NOUN
应对,cope with,应对,VERB
面对,confront,面对,VERB
山川,mountains and rivers,山川,NOUN
半岛,peninsula,半岛,NOUN
海峡,strait,海峡,NOUN
海湾,gulf,海湾,NOUN
海港,seaport,海港,NOUN
船坞,shipyard,船坞,NOUN
灯塔,lighthouse,灯塔,NOUN
航标,beacon,航标,NOUN
锚地,anchorage,锚地,NOUN
泊位,berth,泊位,NOUN
船闸,lock,船闸,NOUN
水坝,dam,水坝,NOUN
水闸,sluice,水闸,NOUN
水渠,irrigation canal,水渠,NOUN
水井,well,水井,NOUN
泉水,spring water,泉水,NOUN
矿泉,mineral spring,矿泉,NOUN
温泉,hot spring,温泉,NOUN
江河,river,江河,NOUN
沼泽,swamp,沼泽,NOUN
荒原,wasteland,荒原,NOUN
牧场,pasture,牧场,NOUN
林地,woodland,林地,NOUN
密林,dense forest,密林,NOUN
疏林,sparse forest,疏林,NOUN
竹林,bamboo forest,竹林,NOUN
松林,pine forest,松林,NOUN
杉林,fir forest,杉林,NOUN
果园,orchard,果园,NOUN
茶园,tea plantation,茶园,NOUN
葡萄园,vineyard,葡萄园,NOUN
菜园,vegetable garden,菜园,NOUN
苗圃,nursery,苗圃,NOUN
花圃,flower bed,花圃,NOUN
温室,greenhouse,温室,NOUN
大棚,polytunnel,大棚,NOUN
田地,field,田地,NOUN
农田,farmland,农田,NOUN
耕地,arable land,耕地,NOUN
荒地,wasteland,荒地,NOUN
空地,vacant lot,空地,NOUN
工地,construction site,工地,NOUN
场地,venue,场地,NOUN
运动场,sports field,运动场,NOUN
体育场,stadium,体育场,NOUN
游泳馆,swimming pool,游泳馆,NOUN
溜冰场,ice rink,溜冰场,NOUN
滑雪场,ski resort,滑雪场,NOUN
考勤,attendance,考勤,NOUN
考核,assessment,考核,NOUN
考查,examine,考查,VERB
考察,inspect,考察,VERB
测试,test,测试,NOUN
检测,test,检测,VERB
检验,inspect,检验,VERB
验证,verify,验证,VERB
认证,certify,认证,VERB
举证,provide evidence,举证,VERB
取证,collect evidence,取证,VERB
查证,verify,查证,VERB
落实,implement,落实,VERB
证实,confirm,证实,VERB
证伪,falsify,证伪,VERB
申报,declare,申报,VERB
备案,file for record,备案,VERB
记载,record,记载,VERB
案卷,case file,案卷,NOUN
卷宗,file,卷宗,NOUN
休息室,lounge,休息室,NOUN
候诊室,waiting room,候诊室,NOUN
候机室,departure lounge,候机室,NOUN
候车室,waiting hall,候车室,NOUN
贵宾室,VIP room,贵宾室,NOUN
更衣室,locker room,更衣室,NOUN
衣帽间,cloakroom,衣帽间,NOUN
储藏室,storage room,储藏室,NOUN
杂物间,utility room,杂物间,NOUN
工具间,tool room,工具间,NOUN
配电室,switch room,配电室,NOUN
控制室,control room,控制室,NOUN
监控室,monitoring room,监控室,NOUN
操作室,operation room,操作室,NOUN
调度室,dispatch room,调度室,NOUN
指挥室,command room,指挥室,NOUN
模范,model,模范,NOUN
榜样,example,榜样,NOUN
典范,paradigm,典范,NOUN
楷模,exemplar,楷模,NOUN
标兵,pace-setter,标兵,NOUN
先锋,vanguard,先锋,NOUN
先遣,advance guard,先遣,NOUN
前哨,outpost,前哨,NOUN
哨所,sentry post,哨所,NOUN
岗哨,sentry,岗哨,NOUN
哨兵,sentry,哨兵,NOUN
卫兵,guard,卫兵,NOUN
警卫,guard,警卫,NOUN
保镖,bodyguard,保镖,NOUN
门卫,doorman,门卫,NOUN
门房,porter,门房,NOUN
前台,reception,前台,NOUN
迎宾,greeter,迎宾,NOUN
导览,tour guide,导览,NOUN
领队,team leader,领队,NOUN
组长,group leader,组长,NOUN
班长,class monitor,班长,NOUN
课长,section chief,课长,NOUN
部长,minister,部长,NOUN
司长,department director,司长,NOUN
厅长,department head,厅长,NOUN
省长,governor,省长,NOUN
县长,county magistrate,县长,NOUN
区长,district head,区长,NOUN
镇长,town mayor,镇长,NOUN
乡长,township head,乡长,NOUN
村长,village head,村长,NOUN
里长,neighborhood head,里长,NOUN
春季,spring,春季,NOUN
夏季,summer,夏季,NOUN
秋季,autumn,秋季,NOUN
冬季,winter,冬季,NOUN
月份,month,月份,NOUN
周次,week number,周次,NOUN
千年,millennium,千年,NOUN
万年,ten thousand years,万年,NOUN
初期,initial stage,初期,NOUN
中期,middle stage,中期,NOUN
末期,final stage,末期,NOUN
早期,early stage,早期,NOUN
晚期,late stage,晚期,NOUN
前期,early phase,前期,NOUN
前夕,eve,前夕,NOUN
黎明,dawn,黎明,NOUN
拂晓,daybreak,拂晓,NOUN
清晨,early morning,清晨,NOUN
早晨,morning,早晨,NOUN
黄昏,dusk,黄昏,NOUN
日落,sunset,日落,NOUN
日暮,sundown,日暮,NOUN
深夜,late night,深夜,NOUN
子夜,midnight,子夜,NOUN
通宵,all night,通宵,NOUN
彻夜,all night,彻夜,ADV
整夜,whole night,整夜,ADV
连夜,overnight,连夜,ADV
趁夜,by night,趁夜,ADV
昼夜,day and night,昼夜,NOUN
白昼,daytime,白昼,NOUN
白天,daytime,白天,NOUN
整天,all day,整天,ADV
整日,all day long,整日,ADV
终日,all day long,终日,ADV
每日,daily,每日,ADV
日日,day by day,日日,ADV
日复一日,day after day,日复一日,ADV
年复一年,year after year,年复一年,ADV
逐年,year by year,逐年,ADV
按年,annually,按年,ADV
按月,monthly,按月,ADV
按周,weekly,按周,ADV
按日,daily,按日,ADV
按天,daily,按天,ADV
按小时,hourly,按小时,ADV
适时,timely,适时,ADJ
合时,well-timed,合时,ADJ
过时,outdated,过时,ADJ
届时,at the appointed time,届时,ADV
暂定,tentative,暂定,ADJ
暂缓,postpone,暂缓,VERB
暂停,suspend,暂停,VERB
截止,deadline,截止,NOUN
到期,expire,到期,VERB
逾期,overdue,逾期,ADJ
展期,extension,展期,NOUN
顺延,postpone,顺延,VERB
延后,postpone,延后,VERB
预先,in advance,预先,ADV
提早,early,提早,ADV
赶早,early,赶早,ADV
趁早,as early as possible,趁早,ADV
迟早,sooner or later,迟早,ADV
早晚,sooner or later,早晚,ADV
终将,eventually,终将,ADV
终归,eventually,终归,ADV
终究,after all,终究,ADV
欣慰,gratified,欣慰,ADJ
宽慰,comforted,宽慰,ADJ
慰藉,solace,慰藉,NOUN
宽心,relief,宽心,NOUN
忧虑,anxiety,忧虑,NOUN
焦急,anxious,焦急,ADJ
烦躁,irritable,烦躁,ADJ
易怒,short-tempered,易怒,ADJ
恼怒,annoyed,恼怒,ADJ
愤慨,indignant,愤慨,ADJ
义愤,righteous indignation,义愤,NOUN
悲愤,sorrow and indignation,悲愤,NOUN
气愤,angry,气愤,ADJ
愤懑,resentful,愤懑,ADJ
怨恨,resentment,怨恨,NOUN
抵触,resistance,抵触,NOUN
抗拒,resist,抗拒,VERB
抵制,boycott,抵制,VERB
示威,demonstrate,示威,VERB
游行,parade,游行,NOUN
集会,gathering,集会,NOUN
派对,party,派对,NOUN
酒会,reception,酒会,NOUN
茶话会,tea party,茶话会,NOUN
座谈会,symposium,座谈会,NOUN
研讨会,seminar,研讨会,NOUN
报告会,lecture,报告会,NOUN
交流会,exchange meeting,交流会,NOUN
洽谈会,business meeting,洽谈会,NOUN
展销会,trade fair,展销会,NOUN
展览会,exhibition,展览会,NOUN
拍卖会,auction,拍卖会,NOUN
竞标会,bidding meeting,竞标会,NOUN
招标会,tendering meeting,招标会,NOUN
开标会,bid opening,开标会,NOUN
评标会,bid evaluation,评标会,NOUN
定标会,bid awarding,定标会,NOUN
签约仪式,signing ceremony,签约仪式,NOUN
开幕仪式,opening ceremony,开幕仪式,NOUN
闭幕仪式,closing ceremony,闭幕仪式,NOUN
颁奖典礼,award ceremony,颁奖典礼,NOUN
启动仪式,launch ceremony,启动仪式,NOUN
奠基仪式,groundbreaking ceremony,奠基仪式,NOUN
竣工仪式,completion ceremony,竣工仪式,NOUN
落成典礼,inauguration,落成典礼,NOUN
揭幕仪式,unveiling ceremony,揭幕仪式,NOUN
交接,handover,交接,NOUN
退役,decommissioning,退役,NOUN
退伍,discharge,退伍,NOUN
入伍,enlistment,入伍,NOUN
授勋,medal awarding,授勋,NOUN
授衔,rank conferral,授衔,NOUN
晋升,promotion,晋升,NOUN
加冕,coronation,加冕,NOUN
登基,enthronement,登基,NOUN
即位,accession,即位,NOUN
退位,abdication,退位,NOUN
葬礼,funeral,葬礼,NOUN
纪念日,anniversary,纪念日,NOUN
假日,holiday,假日,NOUN
年假,annual leave,年假,NOUN
病假,sick leave,病假,NOUN
事假,personal leave,事假,NOUN
婚假,marriage leave,婚假,NOUN
产假,maternity leave,产假,NOUN
陪产假,paternity leave,陪产假,NOUN
丧假,bereavement leave,丧假,NOUN
调休,compensatory leave,调休,NOUN
补休,makeup leave,补休,NOUN
轮休,rotating leave,轮休,NOUN
当班,on shift,当班,VERB
加点,work overtime,加点,VERB
轮班,shift work,轮班,NOUN
倒班,shift rotation,倒班,NOUN
换班,shift swap,换班,NOUN
替班,cover a shift,替班,VERB
顶班,fill in,顶班,VERB
代班,substitute,代班,VERB
音响,audio equipment,音响,NOUN
功放,amplifier,功放,NOUN
话筒,microphone,话筒,NOUN
扩音器,megaphone,扩音器,NOUN
电铃,doorbell,电铃,NOUN
门铃,doorbell,门铃,NOUN
门锁,door lock,门锁,NOUN
门把手,door handle,门把手,NOUN
门链,door chain,门链,NOUN
门镜,peephole,门镜,NOUN
百叶窗,blinds,百叶窗,NOUN
卷帘,roller blind,卷帘,NOUN
纱窗,screen window,纱窗,NOUN
窗玻璃,window glass,窗玻璃,NOUN
窗框,window frame,窗框,NOUN
窗台,windowsill,窗台,NOUN
窗帘杆,curtain rod,窗帘杆,NOUN
地垫,floor mat,地垫,NOUN
门垫,doormat,门垫,NOUN
浴垫,bath mat,浴垫,NOUN
浴巾,bath towel,浴巾,NOUN
面巾,face towel,面巾,NOUN
手帕,handkerchief,手帕,NOUN
纸巾,tissue,纸巾,NOUN
湿巾,wet wipe,湿巾,NOUN
餐巾,napkin,餐巾,NOUN
餐巾纸,paper napkin,餐巾纸,NOUN
卫生纸,toilet paper,卫生纸,NOUN
卫生巾,sanitary pad,卫生巾,NOUN
尿布,diaper,尿布,NOUN
纸尿裤,disposable diaper,纸尿裤,NOUN
奶瓶,baby bottle,奶瓶,NOUN
奶嘴,pacifier,奶嘴,NOUN
积木,building blocks,积木,NOUN
拼图,puzzle,拼图,NOUN
玩偶,doll,玩偶,NOUN
毛绒玩具,plush toy,毛绒玩具,NOUN
遥控车,remote-controlled car,遥控车,NOUN
模型,model,模型,NOUN
手办,figure,手办,NOUN
乐器,musical instrument,乐器,NOUN
唱机,record player,唱机,NOUN
U盘,USB flash drive,U盘,NOUN
固态硬盘,solid-state drive,固态硬盘,NOUN
移动硬盘,external hard drive,移动硬盘,NOUN
影碟,video disc,影碟,NOUN
胶卷,film roll,胶卷,NOUN
相册,photo album,相册,NOUN
记事本,notepad,记事本,NOUN
便签,sticky note,便签,NOUN
信纸,letter paper,信纸,NOUN
邮票,postage stamp,邮票,NOUN
邮戳,postmark,邮戳,NOUN
邮筒,mailbox,邮筒,NOUN
快递,express delivery,快递,NOUN
寄件,send mail,寄件,VERB
收件,receive mail,收件,VERB
签收,sign for,签收,VERB
退回,return,退回,VERB
退货,return goods,退货,NOUN
换货,exchange goods,换货,NOUN
退款,refund,退款,NOUN
报销,reimburse,报销,VERB
报账,file expense,报账,VERB
买单,pay the bill,买单,VERB
找零,give change,找零,VERB
纸币,banknote,纸币,NOUN
钞票,banknote,钞票,NOUN
外币,foreign currency,外币,NOUN
本币,domestic currency,本币,NOUN
换汇,exchange currency,换汇,VERB
结汇,settle foreign exchange,结汇,VERB
售汇,sell foreign exchange,售汇,VERB
购汇,buy foreign exchange,购汇,VERB
付汇,pay foreign exchange,付汇,VERB
收汇,receive foreign exchange,收汇,VERB
晴天,sunny day,晴天,NOUN
阴天,cloudy day,阴天,NOUN
雨天,rainy day,雨天,NOUN
雪天,snowy day,雪天,NOUN
风天,windy day,风天,NOUN
雾天,foggy day,雾天,NOUN
暴风雨,storm,暴风雨,NOUN
雷阵雨,thundershower,雷阵雨,NOUN
毛毛雨,drizzle,毛毛雨,NOUN
大雨,heavy rain,大雨,NOUN
小雨,light rain,小雨,NOUN
中雨,moderate rain,中雨,NOUN
暴雨,rainstorm,暴雨,NOUN
阵雨,shower,阵雨,NOUN
冻雨,freezing rain,冻雨,NOUN
雪花,snowflake,雪花,NOUN
大雪,heavy snow,大雪,NOUN
小雪,light snow,小雪,NOUN
中雪,moderate snow,中雪,NOUN
暴雪,blizzard,暴雪,NOUN
雨夹雪,sleet,雨夹雪,NOUN
大雾,heavy fog,大雾,NOUN
薄雾,mist,薄雾,NOUN
浓雾,thick fog,浓雾,NOUN
沙尘,sand and dust,沙尘,NOUN
扬沙,blowing sand,扬沙,NOUN
浮尘,floating dust,浮尘,NOUN
气旋,cyclone,气旋,NOUN
反气旋,anticyclone,反气旋,NOUN
低气压,low pressure,低气压,NOUN
高气压,high pressure,高气压,NOUN
气压,air pressure,气压,NOUN
气温,air temperature,气温,NOUN
湿度,humidity,湿度,NOUN
风向,wind direction,风向,NOUN
风力,wind force,风力,NOUN
风速,wind speed,风速,NOUN
降水量,precipitation,降水量,NOUN
能见度,visibility,能见度,NOUN
紫外线,ultraviolet radiation,紫外线,NOUN
日出,sunrise,日出,NOUN
月相,lunar phase,月相,NOUN
涨潮,high tide,涨潮,NOUN
退潮,low tide,退潮,NOUN
风暴潮,storm surge,风暴潮,NOUN
寒潮,cold wave,寒潮,NOUN
热浪,heat wave,热浪,NOUN
倒春寒,late spring cold snap,倒春寒,NOUN
秋老虎,Indian summer,秋老虎,NOUN
梅雨,plum rain season,梅雨,NOUN
回南天,humid weather after cold spell,回南天,NOUN
公交车,bus,公交车,NOUN
长途车,long-distance bus,长途车,NOUN
大巴,bus,大巴,NOUN
中巴,minibus,中巴,NOUN
面包车,van,面包车,NOUN
货车,truck,货车,NOUN
皮卡,pickup truck,皮卡,NOUN
轿车,sedan,轿车,NOUN
跑车,sports car,跑车,NOUN
越野车,off-road vehicle,越野车,NOUN
房车,motorhome,房车,NOUN
网约车,ride-hailing service,网约车,NOUN
专车,private car service,专车,NOUN
快车,express car,快车,NOUN
顺风车,carpool,顺风车,NOUN
拼车,carpool,拼车,NOUN
代驾,designated driver,代驾,NOUN
自驾,self-drive,自驾,VERB
租车,rent a car,租车,VERB
还车,return a car,还车,VERB
取车,pick up a car,取车,VERB
送车,return a car,送车,VERB
停车位,parking space,停车位,NOUN
地下车库,underground garage,地下车库,NOUN
立体车库,multi-level garage,立体车库,NOUN
路边停车,street parking,路边停车,NOUN
禁停区,no parking zone,禁停区,NOUN
限行,traffic restriction,限行,NOUN
限号,license plate restriction,限号,NOUN
单行道,one-way street,单行道,NOUN
双行道,two-way street,双行道,NOUN
国道,national highway,国道,NOUN
省道,provincial highway,省道,NOUN
县道,county road,县道,NOUN
乡道,township road,乡道,NOUN
村道,village road,村道,NOUN
匝道,ramp,匝道,NOUN
辅路,service road,辅路,NOUN
主路,main road,主路,NOUN
支路,branch road,支路,NOUN
环岛,roundabout,环岛,NOUN
十字路口,intersection,十字路口,NOUN
丁字路口,T-junction,丁字路口,NOUN
斑马线,crosswalk,斑马线,NOUN
人行道,sidewalk,人行道,NOUN
自行车道,bike lane,自行车道,NOUN
盲道,tactile paving,盲道,NOUN
天桥,pedestrian bridge,天桥,NOUN
地下通道,underpass,地下通道,NOUN
过街隧道,pedestrian tunnel,过街隧道,NOUN
红绿灯,traffic light,红绿灯,NOUN
路标,road sign,路标,NOUN
指示牌,direction sign,指示牌,NOUN
警示牌,warning sign,警示牌,NOUN
禁令牌,prohibition sign,禁令牌,NOUN
限速牌,speed limit sign,限速牌,NOUN
测速,speed measurement,测速,NOUN
超速,speeding,超速,NOUN
违章,violation,违章,NOUN
扣分,deduct points,扣分,VERB
吊销,revoke,吊销,VERB
驾照,driver's license,驾照,NOUN
行驶证,vehicle registration,行驶证,NOUN
车牌,license plate,车牌,NOUN
车险,car insurance,车险,NOUN
年检,annual inspection,年检,NOUN
维修,repair,维修,NOUN
洗车,car wash,洗车,NOUN
充电,charge,充电,VERB
换胎,change tire,换胎,VERB
补胎,patch tire,补胎,VERB
充气,inflate,充气,VERB
打气,pump air,打气,VERB
爆胎,blowout,爆胎,NOUN
漏气,air leak,漏气,NOUN
胎压,tire pressure,胎压,NOUN
胎纹,tire tread,胎纹,NOUN
轮毂,wheel hub,轮毂,NOUN
马达,motor,马达,NOUN
变速箱,gearbox,变速箱,NOUN
离合器,clutch,离合器,NOUN
手刹,handbrake,手刹,NOUN
油门,accelerator,油门,NOUN
方向盘,steering wheel,方向盘,NOUN
后视镜,rearview mirror,后视镜,NOUN
雨刷,wiper,雨刷,NOUN
车灯,car light,车灯,NOUN
大灯,headlight,大灯,NOUN
尾灯,taillight,尾灯,NOUN
雾灯,fog light,雾灯,NOUN
转向灯,turn signal,转向灯,NOUN
双闪,hazard lights,双闪,NOUN
倒车灯,backup light,倒车灯,NOUN
仪表盘,dashboard,仪表盘,NOUN
里程表,odometer,里程表,NOUN
转速表,tachometer,转速表,NOUN
油表,fuel gauge,油表,NOUN
温度表,temperature gauge,温度表,NOUN
研究生院,graduate school,研究生院,NOUN
夜校,night school,夜校,NOUN
函授,correspondence course,函授,NOUN
公开课,open class,公开课,NOUN
必修课,required course,必修课,NOUN
选修课,elective course,选修课,NOUN
专业课,major course,专业课,NOUN
公共课,general course,公共课,NOUN
基础课,foundation course,基础课,NOUN
核心课,core course,核心课,NOUN
先修课,prerequisite course,先修课,NOUN
辅修课,minor course,辅修课,NOUN
主修,major,主修,NOUN
双学位,double degree,双学位,NOUN
本科学位,bachelor's degree,本科学位,NOUN
硕士学位,master's degree,硕士学位,NOUN
博士学位,doctoral degree,博士学位,NOUN
博士后,postdoctoral researcher,博士后,NOUN
交流生,exchange student,交流生,NOUN
入学,enroll,入学,VERB
退学,drop out,退学,VERB
转学,transfer schools,转学,VERB
休学,take a leave of absence,休学,VERB
复学,resume studies,复学,VERB
留级,repeat a grade,留级,VERB
跳级,skip a grade,跳级,VERB
保送,recommend for admission,保送,VERB
自荐,self-recommendation,自荐,NOUN
他荐,recommendation by others,他荐,NOUN
推免,exemption from admission exam,推免,NOUN
统考,unified examination,统考,NOUN
联考,joint examination,联考,NOUN
会考,academic proficiency test,会考,NOUN
高考,college entrance examination,高考,NOUN
中考,high school entrance examination,中考,NOUN
期末考,final exam,期末考,NOUN
期中考,midterm exam,期中考,NOUN
月考,monthly exam,月考,NOUN
周测,weekly test,周测,NOUN
模拟考,mock exam,模拟考,NOUN
真题,past exam papers,真题,NOUN
模拟题,mock exam questions,模拟题,NOUN
练习题,practice exercises,练习题,NOUN
课后题,after-class exercises,课后题,NOUN
课后作业,homework,课后作业,NOUN
课堂作业,classwork,课堂作业,NOUN
小组作业,group assignment,小组作业,NOUN
个人作业,individual assignment,个人作业,NOUN
项目作业,project assignment,项目作业,NOUN
毕业论文,graduation thesis,毕业论文,NOUN
学位论文,dissertation,学位论文,NOUN
期刊论文,journal article,期刊论文,NOUN
会议论文,conference paper,会议论文,NOUN
项目报告,project report,项目报告,NOUN
环境报告,environmental report,环境报告,NOUN
安全报告,safety report,安全报告,NOUN
进度报告,progress report,进度报告,NOUN
陈述,statement,陈述,NOUN
阐述,elaborate,阐述,VERB
论述,discourse,论述,NOUN
论证,argumentation,论证,NOUN
辩驳,refute,辩驳,VERB
质疑,question,质疑,VERB
答疑,answer questions,答疑,VERB
解惑,resolve doubts,解惑,VERB
释疑,clarify doubts,释疑,VERB
释怀,let go,释怀,VERB
开导,enlighten,开导,VERB
劝导,persuade,劝导,VERB
诱导,induce,诱导,VERB
误导,mislead,误导,VERB
教导,instruct,教导,VERB
补习,tutoring,补习,NOUN
进修,further study,进修,NOUN
深造,advanced study,深造,NOUN
游学,study tour,游学,NOUN
互访,mutual visit,互访,NOUN
拜访,visit,拜访,VERB
回访,return visit,回访,VERB
造访,visit,造访,VERB
探访,visit,探访,VERB
探望,visit,探望,VERB
看望,visit,看望,VERB
致意,greet,致意,VERB
致敬,pay tribute,致敬,VERB
致谢,thank,致谢,VERB
致歉,apologize,致歉,VERB
致哀,condole,致哀,VERB
致贺,congratulate,致贺,VERB
道贺,congratulate,道贺,VERB
贺喜,congratulate,贺喜,VERB
道喜,congratulate,道喜,VERB
庆贺,congratulate,庆贺,VERB
欢庆,celebrate,欢庆,VERB
欢聚,gather happily,欢聚,VERB
欢送,send off,欢送,VERB
接风,welcome,接风,VERB
践行,practice,践行,VERB
饯行,give a farewell dinner,饯行,VERB
送别,see off,送别,VERB
辞行,take leave,辞行,VERB
辞别,take leave,辞别,VERB
诀别,part forever,诀别,VERB
永别,part forever,永别,VERB
推论,inference,推论,NOUN
演绎,deduce,演绎,VERB
推理,reasoning,推理,NOUN
辨认,recognize,辨认,VERB
认出,recognize,认出,VERB
优化,optimize,优化,VERB
替代,substitute,替代,VERB
取代,replace,取代,VERB
购买,purchase,购买,VERB
推销,promote,推销,VERB
普及,popularize,普及,VERB
传输,transmit,传输,VERB
输送,transport,输送,VERB
运送,deliver,运送,VERB
投递,deliver,投递,VERB
派送,deliver,派送,VERB
寄送,mail,寄送,VERB
邮寄,mail,邮寄,VERB
发货,ship,发货,VERB
收货,receive,收货,VERB
验货,inspect goods,验货,VERB
补货,restock,补货,VERB
进货,stock up,进货,VERB
出货,ship out,出货,VERB
库存,inventory,库存,NOUN
存货,stock,存货,NOUN
现货,spot goods,现货,NOUN
定金,deposit,定金,NOUN
全款,full payment,全款,NOUN
分期,installment,分期,NOUN
按揭,mortgage,按揭,NOUN
还款,repay,还款,VERB
通货,currency,通货,NOUN
货币,currency,货币,NOUN
汇款,remittance,汇款,NOUN
转账,transfer,转账,VERB
存款,deposit,存款,NOUN
取款,withdraw,取款,VERB
开户,open account,开户,VERB
销户,close account,销户,VERB
挂失,report loss,挂失,VERB
补办,reissue,补办,VERB
更改,change,更改,VERB
变更,change,变更,VERB
变换,transform,变换,VERB
转让,transfer,转让,VERB
移交,hand over,移交,VERB
接收,receive,接收,VERB
验收,inspect and accept,验收,VERB
指派,assign,指派,VERB
指定,designate,指定,VERB
解聘,dismiss,解聘,VERB
辞退,dismiss,辞退,VERB
辞呈,resignation,辞呈,NOUN
卸任,leave office,卸任,VERB
离任,leave office,离任,VERB
连任,re-elect,连任,VERB
章程,charter,章程,NOUN
条例,regulation,条例,NOUN
法案,bill,法案,NOUN
法令,decree,法令,NOUN
政令,order,政令,NOUN
指令,directive,指令,NOUN
指示,instruction,指示,NOUN
批示,written instruction,批示,NOUN
约定,agree,约定,VERB
商定,agree,商定,VERB
洽谈,negotiate,洽谈,VERB
会谈,talks,会谈,NOUN
相聚,gather,相聚,VERB
聚集,gather,聚集,VERB
阻挠,obstruct,阻挠,VERB
障碍,obstacle,障碍,NOUN
逆境,adversity,逆境,NOUN
顺境,favorable circumstances,顺境,NOUN
机遇,opportunity,机遇,NOUN
时机,timing,时机,NOUN
情境,situation,情境,NOUN
路径,path,路径,NOUN
路线,route,路线,NOUN
缘由,reason,缘由,NOUN
根基,foundation,根基,NOUN
要点,key point,要点,NOUN
焦点,focus,焦点,NOUN
中部,middle part,中部,NOUN
外部,exterior,外部,NOUN
上部,upper part,上部,NOUN
下部,lower part,下部,NOUN
前部,front part,前部,NOUN
后部,rear part,后部,NOUN
左侧,left side,左侧,NOUN
右侧,right side,右侧,NOUN
内侧,inner side,内侧,NOUN
外侧,outer side,外侧,NOUN
左面,left side,左面,NOUN
右面,right side,右面,NOUN
里面,inside,里面,NOUN
四周,surroundings,四周,NOUN
边界,border,边界,NOUN
视角,perspective,视角,NOUN
见解,insight,见解,NOUN
提议,proposal,提议,NOUN
推崇,esteem,推崇,VERB
赞赏,appreciate,赞赏,VERB
钦佩,admire,钦佩,VERB
敬佩,respect,敬佩,VERB
迷信,superstition,迷信,NOUN
信条,creed,信条,NOUN
教条,dogma,教条,NOUN
信义,good faith,信义,NOUN
诚信,integrity,诚信,NOUN
信用,credit,信用,NOUN
凭借,by means of,凭借,NOUN
依照,in accordance,依照,NOUN
遵照,comply with,遵照,VERB
遵循,follow,遵循,VERB
顺从,submit to,顺从,VERB
听从,obey,听从,VERB
依从,comply with,依从,VERB
遵从,comply with,遵从,VERB
遵命,obey orders,遵命,VERB
奉命,receive orders,奉命,VERB
受命,receive orders,受命,VERB
领命,accept orders,领命,VERB
复命,report back,复命,VERB
交差,report completion,交差,VERB
交汇,converge,交汇,VERB
交集,intersection,交集,NOUN
交界,border,交界,NOUN
交替,alternate,交替,VERB
更替,replace,更替,VERB
更换,replace,更换,VERB
代换,substitute,代换,VERB
换代,generation change,换代,NOUN
绸缎,silk,绸缎,NOUN
绫罗,silk,绫罗,NOUN
锦绣,brocade,锦绣,NOUN
纺织,textile,纺织,NOUN
缝纫,sewing,缝纫,NOUN
裁缝,tailor,裁缝,NOUN
洗熨,wash and iron,洗熨,VERB
干洗,dry clean,干洗,VERB
水洗,wash with water,水洗,VERB
手洗,hand wash,手洗,VERB
机洗,machine wash,机洗,VERB
免烫,non-iron,免烫,ADJ
防皱,wrinkle-resistant,防皱,ADJ
防水,waterproof,防水,ADJ
防风,windproof,防风,ADJ
防晒,sun-protective,防晒,ADJ
防尘,dustproof,防尘,ADJ
防潮,moisture-proof,防潮,ADJ
防霉,mold-resistant,防霉,ADJ
防腐,antiseptic,防腐,ADJ
防锈,rust-proof,防锈,ADJ
防滑,non-slip,防滑,ADJ
防震,shockproof,防震,ADJ
防爆,explosion-proof,防爆,ADJ
防火,fireproof,防火,ADJ
防静电,anti-static,防静电,ADJ
防辐射,radiation-proof,防辐射,ADJ
防紫外线,UV-resistant,防紫外线,ADJ
防蚊,mosquito-proof,防蚊,ADJ
防虫,insect-proof,防虫,ADJ
防鼠,rat-proof,防鼠,ADJ
防腐剂,preservative,防腐剂,NOUN
防冻剂,antifreeze,防冻剂,NOUN
防锈剂,rust inhibitor,防锈剂,NOUN
阻燃剂,flame retardant,阻燃剂,NOUN
干燥剂,desiccant,干燥剂,NOUN
清洁剂,cleaner,清洁剂,NOUN
消毒剂,disinfectant,消毒剂,NOUN
杀菌剂,bactericide,杀菌剂,NOUN
除草剂,herbicide,除草剂,NOUN
杀虫剂,insecticide,杀虫剂,NOUN
农药,pesticide,农药,NOUN
有机肥,organic fertilizer,有机肥,NOUN
复合肥,compound fertilizer,复合肥,NOUN
叶面肥,foliar fertilizer,叶面肥,NOUN
基肥,base fertilizer,基肥,NOUN
追肥,top dressing,追肥,NOUN
播种,sow,播种,VERB
育苗,raise seedlings,育苗,VERB
移栽,transplant,移栽,VERB
定植,plant out,定植,VERB
嫁接,graft,嫁接,VERB
扦插,take cuttings,扦插,VERB
压条,layer,压条,VERB
分株,divide,分株,VERB
杂交,crossbreed,杂交,VERB
育种,breed,育种,VERB
选种,select seeds,选种,VERB
留种,save seeds,留种,VERB
采种,collect seeds,采种,VERB
收割,harvest,收割,VERB
脱粒,thresh,脱粒,VERB
碾磨,mill,碾磨,VERB
筛选,screen,筛选,VERB
分级,grade,分级,VERB
批发,wholesale,批发,NOUN
零售,retail,零售,NOUN
直销,direct sales,直销,NOUN
代销,consignment,代销,NOUN
经销,distribution,经销,NOUN
经纪,brokerage,经纪,NOUN
拍卖,auction,拍卖,NOUN
竞标,bidding,竞标,NOUN
招标,tendering,招标,NOUN
投标,submit bid,投标,VERB
中标,win bid,中标,VERB
落标,lose bid,落标,VERB
评标,bid evaluation,评标,NOUN
定标,bid award,定标,NOUN
开标,bid opening,开标,NOUN
废标,bid rejection,废标,NOUN
流标,failed bid,流标,NOUN
围标,bid rigging,围标,NOUN
串标,bid collusion,串标,NOUN
中标价,winning bid price,中标价,NOUN
底价,reserve price,底价,NOUN
报价,quotation,报价,NOUN
估价,appraisal,估价,NOUN
估值,valuation,估值,NOUN
评级,rating,评级,NOUN
排名,ranking,排名,NOUN
排位,position,排位,NOUN
等级,grade,等级,NOUN
级别,level,级别,NOUN
档位,tier,档位,NOUN
档次,grade,档次,NOUN
品位,taste,品位,NOUN
品味,taste,品味,NOUN
品格,character,品格,NOUN
品性,nature,品性,NOUN
品类,category,品类,NOUN
品牌,brand,品牌,NOUN
标识,logo,标识,NOUN
标记,mark,标记,NOUN
标签,label,标签,NOUN
勋章,medal,勋章,NOUN
奖章,medal,奖章,NOUN
奖牌,medal,奖牌,NOUN
奖杯,trophy,奖杯,NOUN
奖状,certificate of merit,奖状,NOUN
凭证,proof,凭证,NOUN
凭据,evidence,凭据,NOUN
证物,physical evidence,证物,NOUN
证言,testimony,证言,NOUN
物证,physical evidence,物证,NOUN
人证,witness testimony,人证,NOUN
见证,witness,见证,NOUN
目击,eyewitness,目击,NOUN
亲历,personally experience,亲历,VERB
阅历,experience,阅历,NOUN
资历,qualifications,资历,NOUN
履历,resume,履历,NOUN
自传,autobiography,自传,NOUN
回忆录,memoir,回忆录,NOUN
日志,log,日志,NOUN
博客,blog,博客,NOUN
帖子,post,帖子,NOUN
评论,comment,评论,NOUN
留言,message,留言,NOUN
私信,direct message,私信,NOUN
群聊,group chat,群聊,NOUN
语音,voice,语音,NOUN
视频,video,视频,NOUN
直播,livestream,直播,NOUN
录播,recorded broadcast,录播,NOUN
点播,video on demand,点播,NOUN
回放,playback,回放,NOUN
回看,rewatch,回看,VERB
快进,fast forward,快进,VERB
快退,rewind,快退,VERB
播放,play,播放,VERB
录制,record,录制,VERB
拍摄,shoot,拍摄,VERB
照相,take a photo,照相,VERB
自拍,selfie,自拍,NOUN
证件照,ID photo,证件照,NOUN
生活照,casual photo,生活照,NOUN
艺术照,artistic portrait,艺术照,NOUN
婚纱照,wedding photo,婚纱照,NOUN
毕业照,graduation photo,毕业照,NOUN
全家福,family portrait,全家福,NOUN
风景照,landscape photo,风景照,NOUN
建筑照,architecture photo,建筑照,NOUN
夜景,night view,夜景,NOUN
月色,moonlight,月色,NOUN
星空,starry sky,星空,NOUN
银河,Milky Way,银河,NOUN
北极星,Polaris,北极星,NOUN
北斗七星,Big Dipper,北斗七星,NOUN
星座,constellation,星座,NOUN
黄道,ecliptic,黄道,NOUN
生肖,Chinese zodiac,生肖,NOUN
属相,zodiac sign,属相,NOUN
八字,Ba Zi,八字,NOUN
算命,fortune telling,算命,NOUN
占卜,divination,占卜,NOUN
风水,feng shui,风水,NOUN
相术,physiognomy,相术,NOUN
面相,face reading,面相,NOUN
手相,palm reading,手相,NOUN
美梦,sweet dream,美梦,NOUN
梦幻,dreamlike,梦幻,ADJ
格言,maxim,格言,NOUN
箴言,proverb,箴言,NOUN
谚语,proverb,谚语,NOUN
俗语,saying,俗语,NOUN
典故,allusion,典故,NOUN
童话,fairy tale,童话,NOUN
散文,prose,散文,NOUN
诗歌,poetry,诗歌,NOUN
歌词,lyrics,歌词,NOUN
台词,lines,台词,NOUN
标题,title,标题,NOUN
栏目,column,栏目,NOUN
专栏,column,专栏,NOUN
专辑,album,专辑,NOUN
选集,anthology,选集,NOUN
全集,complete works,全集,NOUN
文集,collection,文集,NOUN
诗集,poetry collection,诗集,NOUN
画集,art collection,画集,NOUN
影集,photo album,影集,NOUN
特刊,special issue,特刊,NOUN
增刊,supplement,增刊,NOUN
副刊,supplement,副刊,NOUN
周刊,weekly,周刊,NOUN
月刊,monthly magazine,月刊,NOUN
季刊,quarterly magazine,季刊,NOUN
年刊,annual publication,年刊,NOUN
日报,daily newspaper,日报,NOUN
晚报,evening newspaper,晚报,NOUN
晨报,morning newspaper,晨报,NOUN
周报,weekly newspaper,周报,NOUN
月报,monthly report,月报,NOUN
年报,annual report,年报,NOUN
季报,quarterly report,季报,NOUN
快报,bulletin,快报,NOUN
简报,briefing,简报,NOUN
预警,early warning,预警,NOUN
警报,alarm,警报,NOUN
空袭,air raid,空袭,NOUN
防空,air defense,防空,NOUN
避难,take refuge,避难,VERB
疏散,evacuate,疏散,VERB
撤离,withdraw,撤离,VERB
救灾,disaster relief,救灾,NOUN
赈灾,disaster relief,赈灾,NOUN
捐款,donation,捐款,NOUN
捐物,donation of goods,捐物,NOUN
献血,donate blood,献血,VERB
义工,volunteer,义工,NOUN
社工,social worker,社工,NOUN
护工,caregiver,护工,NOUN
月嫂,maternity matron,月嫂,NOUN
缜密,meticulous,缜密,ADJ
密实,dense,密实,ADJ
浓密,thick,浓密,ADJ
茂密,dense,茂密,ADJ
繁密,dense,繁密,ADJ
细密,fine,细密,ADJ
精密,precise,精密,ADJ
确切,exact,确切,ADJ
确凿,conclusive,确凿,ADJ
鲜明,distinct,鲜明,ADJ
显著,notable,显著,ADJ
显眼,conspicuous,显眼,ADJ
显而易见,obvious,显而易见,ADJ
宣告,declare,宣告,VERB
宣称,claim,宣称,VERB
宣读,read out,宣读,VERB
宣讲,lecture,宣讲,VERB
宣导,promote,宣导,VERB
运筹,strategize,运筹,VERB
筹谋,plan,筹谋,VERB
谋划,plan,谋划,VERB
策划,plan,策划,VERB
筹划,prepare,筹划,VERB
筹备,prepare,筹备,VERB
筹办,organize,筹办,VERB
筹措,raise,筹措,VERB
筹集,raise,筹集,VERB
筹款,fundraise,筹款,VERB
募款,fundraise,募款,VERB
募集,raise,募集,VERB
招募,recruit,招募,VERB
伺机,wait for opportunity,伺机,VERB
待机,standby,待机,VERB
待命,await orders,待命,VERB
听命,obey orders,听命,VERB
拼命,risk life,拼命,VERB
卖命,work hard,卖命,VERB
效忠,pledge allegiance,效忠,VERB
效仿,imitate,效仿,VERB
效法,emulate,效法,VERB
仿效,imitate,仿效,VERB
仿制,copy,仿制,VERB
仿造,forge,仿造,VERB
造假,falsify,造假,VERB
掺假,adulterate,掺假,VERB
作假,falsify,作假,VERB
舞弊,commit fraud,舞弊,VERB
徇私,show favoritism,徇私,VERB
贪腐,corruption,贪腐,NOUN
贪污,embezzle,贪污,VERB
受贿,take a bribe,受贿,VERB
行贿,bribe,行贿,VERB
索贿,extort a bribe,索贿,VERB
敲诈,blackmail,敲诈,VERB
欺诈,fraud,欺诈,NOUN
伪劣,fake and inferior,伪劣,ADJ
假冒,counterfeit,假冒,ADJ
劣质,poor quality,劣质,ADJ
优质,high quality,优质,ADJ
正品,genuine product,正品,NOUN
真品,genuine article,真品,NOUN
真货,genuine goods,真货,NOUN
假货,fake goods,假货,NOUN
水货,smuggled goods,水货,NOUN
行货,licensed goods,行货,NOUN
港行,Hong Kong licensed goods,港行,NOUN
国行,domestic licensed goods,国行,NOUN
正宗,authentic,正宗,ADJ
原装,original,原装,ADJ
原产,place of origin,原产,NOUN
原厂,original manufacturer,原厂,NOUN
原版,original edition,原版,NOUN
原件,original document,原件,NOUN
副本,copy,副本,NOUN
复印件,photocopy,复印件,NOUN
影印件,photocopy,影印件,NOUN
扫描件,scan,扫描件,NOUN
打印件,printout,打印件,NOUN
手写件,handwritten document,手写件,NOUN
正本,original,正本,NOUN
底本,master copy,底本,NOUN
底稿,draft,底稿,NOUN
初稿,first draft,初稿,NOUN
草稿,draft,草稿,NOUN
草案,draft,草案,NOUN
提案,proposal,提案,NOUN
议案,motion,议案,NOUN
动议,motion,动议,NOUN
参阅,consult,参阅,VERB
查阅,look up,查阅,VERB
检索,search,检索,VERB
搜索,search,搜索,VERB
查找,find,查找,VERB
搜寻,search,搜寻,VERB
探求,seek,探求,VERB
探索,explore,探索,VERB
探究,investigate,探究,VERB
钻研,study deeply,钻研,VERB
研究,research,研究,VERB
调研,survey,调研,VERB
稽核,audit,稽核,VERB
复核,review,复核,VERB
校核,verify,校核,VERB
校正,correct,校正,VERB
更正,correct,更正,VERB
勘误,errata,勘误,NOUN
纠错,correct errors,纠错,VERB
纠偏,correct deviation,纠偏,VERB
纠正,correct,纠正,VERB
矫正,correct,矫正,VERB
整改,rectify,整改,VERB
整顿,rectify,整顿,VERB
整治,remediate,整治,VERB
治理,govern,治理,VERB
管制,regulate,管制,VERB
管控,control,管控,VERB
监管,supervise,监管,VERB
本体,ontology,本体,NOUN
实体,entity,实体,NOUN
客体,object,客体,NOUN
主体,subject,主体,NOUN
表象,representation,表象,NOUN
内涵,connotation,内涵,NOUN
外延,denotation,外延,NOUN
命题,proposition,命题,NOUN
公设,postulate,公设,NOUN
假说,hypothesis,假说,NOUN
范式,paradigm,范式,NOUN
模式,pattern,模式,NOUN
架构,architecture,架构,NOUN
框架,framework,框架,NOUN
结构,structure,结构,NOUN
体系,system,体系,NOUN
制度,system,制度,NOUN
形式,form,形式,NOUN
概念,concept,概念,NOUN
观念,idea,观念,NOUN
因素,factor,因素,NOUN
因子,factor,因子,NOUN
变量,variable,变量,NOUN
常量,constant,常量,NOUN
参量,parameter,参量,NOUN
参数,parameter,参数,NOUN
系数,coefficient,系数,NOUN
指数,index,指数,NOUN
量纲,dimension,量纲,NOUN
维度,dimension,维度,NOUN
角度,angle,角度,NOUN
观点,viewpoint,观点,NOUN
主张,proposition,主张,NOUN
论点,argument,论点,NOUN
论据,grounds,论据,NOUN
论断,conclusion,论断,NOUN
论说,discourse,论说,NOUN
阐发,elaborate,阐发,VERB
阐明,clarify,阐明,VERB
申明,declare,申明,VERB
声明,declare,声明,VERB
表态,take a stand,表态,VERB
表述,formulate,表述,VERB
描述,describe,描述,VERB
描绘,depict,描绘,VERB
刻画,portray,刻画,VERB
勾勒,outline,勾勒,VERB
概括,summarize,概括,VERB
总括,sum up,总括,VERB
综合,synthesize,综合,VERB
综合性,comprehensive,综合性,ADJ
分析,analyze,分析,VERB
剖析,dissect,剖析,VERB
拆解,break down,拆解,VERB
解构,deconstruct,解构,VERB
建构,construct,建构,VERB
重构,reconstruct,重构,VERB
构建,build,构建,VERB
营造,create,营造,VERB
缔造,found,缔造,VERB
创立,establish,创立,VERB
创办,found,创办,VERB
创制,create,创制,VERB
确立,establish,确立,VERB
树立,set up,树立,VERB
建立,establish,建立,VERB
设立,set up,设立,VERB
创设,create,创设,VERB
开创,pioneer,开创,VERB
启创,initiate,启创,VERB
首创,pioneer,首创,VERB
独创,originate,独创,VERB
原创,original,原创,ADJ
原创性,originality,原创性,NOUN
独创性,originality,独创性,NOUN
首创性,originality,首创性,NOUN
前瞻性,foresight,前瞻性,NOUN
战略性,strategic,战略性,ADJ
全局性,overall,全局性,ADJ
整体性,integrity,整体性,NOUN
系统性,systematic,系统性,ADJ
层次性,hierarchical,层次性,ADJ
结构性,structural,结构性,ADJ
制度性,institutional,制度性,ADJ
机制性,mechanistic,机制性,ADJ
历史性,historic,历史性,ADJ
时代性,contemporary,时代性,ADJ
民族性,national character,民族性,NOUN
阶级性,class nature,阶级性,NOUN
公共性,public,公共性,NOUN
公益性,public welfare,公益性,NOUN
商业性,commercial,商业性,ADJ
营利性,profit-making,营利性,ADJ
非营利性,non-profit,非营利性,ADJ
实用性,practical,实用性,ADJ
适用性,applicability,适用性,NOUN
通用性,universality,通用性,NOUN
普遍性,universality,普遍性,NOUN
普适性,universal applicability,普适性,NOUN
特殊性,particularity,特殊性,NOUN
独特性,uniqueness,独特性,NOUN
多样性,diversity,多样性,NOUN
复杂性,complexity,复杂性,NOUN
复合性,compound,复合性,ADJ
单一性,singularity,单一性,NOUN
多元性,pluralism,多元性,NOUN
兼容性,compatibility,兼容性,NOUN
一致性,consistency,一致性,NOUN
一贯性,consistency,一贯性,NOUN
连续性,continuity,连续性,NOUN
持续性,sustainability,持续性,NOUN
阶段性,phased,阶段性,ADJ
周期性,cyclical,周期性,ADJ
季节性,seasonal,季节性,ADJ
区域性,regional,区域性,ADJ
地方性,local,地方性,ADJ
全球性,global,全球性,ADJ
国际性,international,国际性,ADJ
世界性,worldwide,世界性,ADJ
跨国性,transnational,跨国性,ADJ
长期性,long-term,长期性,ADJ
短期性,short-term,短期性,ADJ
临时性,temporary,临时性,ADJ
永久性,permanence,永久性,NOUN
必然性,necessity,必然性,NOUN
偶然性,contingency,偶然性,NOUN
可能性,possibility,可能性,NOUN
可行性,feasibility,可行性,NOUN
不可行性,infeasibility,不可行性,NOUN
现实性,realism,现实性,NOUN
理想性,idealism,理想性,NOUN
合理性,rationality,合理性,NOUN
合法性,legitimacy,合法性,NOUN
非法性,illegality,非法性,NOUN
正当性,justifiability,正当性,NOUN
不当性,inappropriateness,不当性,NOUN
正当,proper,正当,ADJ
不当,improper,不当,ADJ
得当,appropriate,得当,ADJ
失当,inappropriate,失当,ADJ
适当,proper,适当,ADJ
适宜,suitable,适宜,ADJ
合宜,suitable,合宜,ADJ
相宜,suitable,相宜,ADJ
适宜性,suitability,适宜性,NOUN
适配,fit,适配,VERB
匹配,match,匹配,VERB
适配性,compatibility,适配性,NOUN
契合,fit,契合,VERB
吻合,coincide,吻合,VERB
一致,consistent,一致,ADJ
不一致,inconsistent,不一致,ADJ
相符,match,相符,VERB
吻合度,degree of fit,吻合度,NOUN
相关性,relevance,相关性,NOUN
相似性,similarity,相似性,NOUN
相异性,dissimilarity,相异性,NOUN
差异性,difference,差异性,NOUN
共同性,commonality,共同性,NOUN
共性,commonality,共性,NOUN
个性,individuality,个性,NOUN
特性,characteristic,特性,NOUN
特征,feature,特征,NOUN
特点,feature,特点,NOUN
特色,characteristic,特色,NOUN
特质,trait,特质,NOUN
特征性,characteristic,特征性,ADJ
标志性,landmark,标志性,ADJ
决定性,decisive,决定性,ADJ
关键性,critical,关键性,ADJ
改度,recalibration,改度,NOUN
改理,revision,改理,NOUN
改证,re-verification,改证,NOUN
改思,rethinking,改思,NOUN
改态,reorientation,改态,NOUN
改量,re-measurement,改量,NOUN
改据,revision,改据,NOUN
改限,re-limitation,改限,NOUN
改序,reordering,改序,NOUN
改骤,re-sequencing,改骤,NOUN
改面,re-surfacing,改面,NOUN
改向,re-direction,改向,NOUN
改式,changed style,改式,NOUN
改响,modified sound,改响,NOUN
改因,cause of change,改因,NOUN
改意,change of mind,改意,NOUN
改现,cash conversion,改现,NOUN
改析,amended analysis,改析,NOUN
改合,amended combination,改合,NOUN
改遍,amended universality,改遍,NOUN
改偶,amended contingency,改偶,NOUN
改可,amended possibility,改可,NOUN
改容,makeover,改容,NOUN
再建,reconstruction,再建,NOUN
再构,reconfiguration,再构,NOUN
再制,remanufacture,再制,NOUN
再度,recurrence,再度,NOUN
再法,re-method,再法,NOUN
再则,re-rule,再则,NOUN
再理,re-reason,再理,NOUN
再论,re-argument,再论,NOUN
再证,re-proof,再证,NOUN
再实,re-reality,再实,NOUN
再察,re-observation,再察,NOUN
再思,re-thought,再思,NOUN
再想,re-imagination,再想,NOUN
再象,re-image,再象,NOUN
再形,re-form,再形,NOUN
再势,re-momentum,再势,NOUN
再态,re-state,再态,NOUN
再性,re-nature,再性,NOUN
再质,re-substance,再质,NOUN
再量,re-quantity,再量,NOUN
再数,re-number,再数,NOUN
再据,re-basis,再据,NOUN
再标,re-mark,再标,NOUN
再准,re-criterion,再准,NOUN
再畴,re-domain,再畴,NOUN
再界,re-boundary,再界,NOUN
再限,re-limit,再限,NOUN
再程,re-process,再程,NOUN
再序,re-order,再序,NOUN
再步,re-step,再步,NOUN
再骤,re-abruptness,再骤,NOUN
再段,re-segment,再段,NOUN
再阶,re-tier,再阶,NOUN
再级,re-grade,再级,NOUN
再层,re-layer,再层,NOUN
再面,re-surface,再面,NOUN
再方,re-direction,再方,NOUN
再向,re-orientation,再向,NOUN
再轨,re-track,再轨,NOUN
再迹,re-trace,再迹,NOUN
再路,re-route,再路,NOUN
再径,re-path,再径,NOUN
再途,re-course,再途,NOUN
再策,replanning,再策,NOUN
再略,re-strategy,再略,NOUN
再战,rematch,再战,NOUN
再术,reoperation,再术,NOUN
再技,re-skill,再技,NOUN
再艺,re-art,再艺,NOUN
再工,rework,再工,NOUN
再式,restyle,再式,NOUN
再类,reclassification,再类,NOUN
再型,retype,再型,NOUN
再结,recombination,再结,NOUN
再体,reincarnation,再体,NOUN
再系,re-lineage,再系,NOUN
再机,re-opportunity,再机,NOUN
再功,re-merit,再功,NOUN
再能,re-ability,再能,NOUN
再作,re-creation,再作,NOUN
再用,reuse,再用,NOUN
再效,re-efficacy,再效,NOUN
再果,re-fruit,再果,NOUN
再影,rephotography,再影,NOUN
再响,re-echo,再响,NOUN
再原,re-origin,再原,NOUN
再因,re-cause,再因,NOUN
再目,second look,再目,NOUN
再的,repetition,再的,NOUN
再意,concern,再意,NOUN
再义,re-meaning,再义,NOUN
再价,reprice,再价,NOUN
再值,revaluation,再值,NOUN
再观,re-observation,再观,NOUN
再念,reconsideration,再念,NOUN
再信,second letter,再信,NOUN
再现,reappearance,再现,NOUN
再客,repeat customer,再客,NOUN
再主,second master,再主,NOUN
再唯,re-sole,再唯,NOUN
再心,renewed heart,再心,NOUN
再物,recycled item,再物,NOUN
再辩,further debate,再辩,NOUN
再而,second time,再而,NOUN
再上,re-submission,再上,NOUN
再逻,re-logic,再逻,NOUN
再辑,re-edited collection,再辑,NOUN
再概,re-generalization,再概,NOUN
再判,re-judgment,再判,NOUN
再断,re-decision,再断,NOUN
再推,re-inference,再推,NOUN
再归,re-attribution,再归,NOUN
再纳,re-inclusion,再纳,NOUN
再演,re-enactment,再演,NOUN
再绎,re-interpretation,再绎,NOUN
再分,re-division,再分,NOUN
再析,re-analysis,再析,NOUN
再综,re-synthesis,再综,NOUN
再合,re-combination,再合,NOUN
再抽,re-extraction,再抽,NOUN
再具,re-concretization,再具,NOUN
再特,re-specialization,再特,NOUN
再殊,re-differentiation,再殊,NOUN
再一,re-unification,再一,NOUN
再般,re-generalization,再般,NOUN
再普,re-popularization,再普,NOUN
再遍,re-traversal,再遍,NOUN
再必,re-necessitation,再必,NOUN
再然,re-naturalization,再然,NOUN
再偶,re-contingency,再偶,NOUN
再可,re-possibility,再可,NOUN
再本,re-essentialization,再本,NOUN
再内,re-inner,再内,NOUN
再容,re-tolerance,再容,NOUN
重制,re-system,重制,NOUN
重度,severity,重度,NOUN
重法,heavy method,重法,NOUN
重则,heavy rule,重则,NOUN
重理,re-reason,重理,NOUN
重论,re-argument,重论,NOUN
重证,re-evidence,重证,NOUN
重实,heavy substance,重实,NOUN
重察,re-examination,重察,NOUN
重思,reconsideration,重思,NOUN
重想,rethinking,重想,NOUN
重象,re-image,重象,NOUN
重形,re-shape,重形,NOUN
重势,re-momentum,重势,NOUN
重态,re-state,重态,NOUN
重性,re-nature,重性,NOUN
重质,re-quality,重质,NOUN
重量,weight,重量,NOUN
重数,re-count,重数,NOUN
重据,re-evidence,重据,NOUN
重标,re-mark,重标,NOUN
重准,re-criterion,重准,NOUN
重畴,re-domain,重畴,NOUN
重界,re-boundary,重界,NOUN
重限,re-limit,重限,NOUN
重程,re-process,重程,NOUN
重序,re-order,重序,NOUN
重步,re-step,重步,NOUN
重骤,re-pace,重骤,NOUN
重段,re-segment,重段,NOUN
重阶,re-tier,重阶,NOUN
重级,re-grade,重级,NOUN
重层,re-layer,重层,NOUN
重面,re-face,重面,NOUN
重方,re-direction,重方,NOUN
重向,re-orientation,重向,NOUN
重轨,re-track,重轨,NOUN
重迹,re-trace,重迹,NOUN
重路,re-route,重路,NOUN
重径,re-path,重径,NOUN
重途,re-course,重途,NOUN
重策,re-strategy,重策,NOUN
重略,re-strategy,重略,NOUN
重战,re-battle,重战,NOUN
重术,re-technique,重术,NOUN
重技,re-skill,重技,NOUN
重艺,re-art,重艺,NOUN
重工,heavy industry,重工,NOUN
重模,heavy mold,重模,NOUN
重式,heavy form,重式,NOUN
重类,heavy class,重类,NOUN
重型,heavy type,重型,NOUN
重结,heavy knot,重结,NOUN
重体,heavy body,重体,NOUN
重系,heavy system,重系,NOUN
重机,heavy machine,重机,NOUN
重功,heavy work,重功,NOUN
重能,heavy energy,重能,NOUN
重作,rework,重作,NOUN
重用,reuse,重用,NOUN
重效,heavy effect,重效,NOUN
重果,heavy result,重果,NOUN
重影,double image,重影,NOUN
重响,echo,重响,NOUN
重原,original,重原,NOUN
重因,cause,重因,NOUN
重目,item,重目,NOUN
重的,target,重的,NOUN
重意,intent,重意,NOUN
重义,significance,重义,NOUN
重价,price,重价,NOUN
重值,value,重值,NOUN
重观,view,重观,NOUN
重念,thought,重念,NOUN
重信,belief,重信,NOUN
重现,reappearance,重现,NOUN
重客,guest,重客,NOUN
重主,host,重主,NOUN
重唯,sole,重唯,NOUN
重心,focus,重心,NOUN
重物,weight,重物,NOUN
重辩,debate,重辩,NOUN
重而,and,重而,NOUN
重上,above,重上,NOUN
重逻,logic,重逻,NOUN
重辑,edit,重辑,NOUN
重概,concept,重概,NOUN
重判,re-judgment,重判,NOUN
重断,re-decision,重断,NOUN
重推,re-inference,重推,NOUN
重归,reversion,重归,NOUN
重纳,re-admission,重纳,NOUN
重演,repetition,重演,NOUN
重绎,re-interpretation,重绎,NOUN
重分,re-division,重分,NOUN
重析,re-analysis,重析,NOUN
重综,re-synthesis,重综,NOUN
重合,overlap,重合,NOUN
重抽,re-sampling,重抽,NOUN
重具,re-equipment,重具,NOUN
重特,re-specialization,重特,NOUN
重殊,re-distinction,重殊,NOUN
重一,re-unification,重一,NOUN
重般,re-generalization,重般,NOUN
重普,re-universalization,重普,NOUN
重遍,re-iteration,重遍,NOUN
重必,re-necessity,重必,NOUN
重然,re-contingency,重然,NOUN
重偶,re-accident,重偶,NOUN
重可,re-possibility,重可,NOUN
重本,re-essence,重本,NOUN
重内,re-interior,重内,NOUN
重容,heavy capacity,重容,NOUN
非建,non-construction,非建,NOUN
非构,non-structure,非构,NOUN
非制,non-institution,非制,NOUN
非度,non-measure,非度,NOUN
非法,illegality,非法,NOUN
非则,non-principle,非则,NOUN
非理,irrationality,非理,NOUN
非论,non-theory,非论,NOUN
非证,non-evidence,非证,NOUN
非实,non-reality,非实,NOUN
非察,non-observation,非察,NOUN
非思,non-thought,非思,NOUN
非想,non-perception,非想,NOUN
非象,non-image,非象,NOUN
非形,non-shape,非形,NOUN
非势,non-momentum,非势,NOUN
非态,non-state,非态,NOUN
非性,non-nature,非性,NOUN
非质,non-substance,非质,NOUN
非量,non-quantity,非量,NOUN
非数,non-number,非数,NOUN
非据,non-evidence,非据,NOUN
非标,non-standard,非标,NOUN
非准,non-criterion,非准,NOUN
非范,non-paradigm,非范,NOUN
非畴,non-domain,非畴,NOUN
非界,non-realm,非界,NOUN
非限,non-limit,非限,NOUN
非程,non-process,非程,NOUN
非序,non-order,非序,NOUN
非步,non-step,非步,NOUN
非骤,non-sudden,非骤,NOUN
非段,non-segment,非段,NOUN
非阶,non-stage,非阶,NOUN
非级,non-level,非级,NOUN
非层,non-layer,非层,NOUN
非面,non-surface,非面,NOUN
非方,non-direction,非方,NOUN
非向,non-orientation,非向,NOUN
非轨,non-orbit,非轨,NOUN
非迹,non-trace,非迹,NOUN
非路,non-road,非路,NOUN
非径,non-path,非径,NOUN
非途,non-route,非途,NOUN
非策,non-strategy,非策,NOUN
非略,non-strategy,非略,NOUN
非战,non-war,非战,NOUN
非术,non-technique,非术,NOUN
非技,non-skill,非技,NOUN
非艺,non-art,非艺,NOUN
非工,non-work,非工,NOUN
非式,non-form,非式,NOUN
非类,non-class,非类,NOUN
非型,non-type,非型,NOUN
非结,non-knot,非结,NOUN
非体,non-body,非体,NOUN
非系,non-system,非系,NOUN
非机,non-machine,非机,NOUN
非功,non-merit,非功,NOUN
非能,non-ability,非能,NOUN
非作,non-action,非作,NOUN
非用,non-use,非用,NOUN
非效,non-effect,非效,NOUN
非果,non-result,非果,NOUN
非影,non-shadow,非影,NOUN
非响,non-sound,非响,NOUN
非原,non-origin,非原,NOUN
非因,non-cause,非因,NOUN
非目,non-goal,非目,NOUN
非的,non-purpose,非的,NOUN
非意,non-intent,非意,NOUN
非义,non-righteousness,非义,NOUN
非价,non-price,非价,NOUN
非值,non-value,非值,NOUN
非观,non-view,非观,NOUN
非念,non-thought,非念,NOUN
非信,non-belief,非信,NOUN
非现,non-present,非现,NOUN
非客,non-object,非客,NOUN
非主,non-subject,非主,NOUN
非唯,non-sole,非唯,NOUN
非心,non-mind,非心,NOUN
非物,non-thing,非物,NOUN
非辩,non-argument,非辩,NOUN
非而,non-but,非而,NOUN
非上,non-above,非上,NOUN
非逻,non-logic,非逻,NOUN
非辑,non-edit,非辑,NOUN
非概,non-concept,非概,NOUN
非判,non-judgment,非判,NOUN
非断,non-decision,非断,NOUN
非推,non-inference,非推,NOUN
非归,non-induction,非归,NOUN
非纳,non-acceptance,非纳,NOUN
非演,non-deduction,非演,NOUN
非绎,non-deduction,非绎,NOUN
非分,non-analysis,非分,NOUN
非析,non-analysis,非析,NOUN
非综,non-synthesis,非综,NOUN
非合,non-synthesis,非合,NOUN
非抽,non-abstraction,非抽,NOUN
非具,non-concrete,非具,NOUN
非特,non-specific,非特,NOUN
非殊,non-specific,非殊,NOUN
非一,non-universal,非一,NOUN
非般,non-general,非般,NOUN
非普,non-universal,非普,NOUN
非遍,non-universal,非遍,NOUN
非必,non-necessary,非必,NOUN
非然,non-so,非然,NOUN
非偶,non-contingent,非偶,NOUN
非可,non-possible,非可,NOUN
非本,non-essential,非本,NOUN
非内,non-internal,非内,NOUN
非容,non-tolerance,非容,NOUN
反建,anti-establishment,反建,NOUN
反构,deconstruction,反构,NOUN
反制,countermeasure,反制,NOUN
反度,anti-measure,反度,NOUN
反法,anti-law,反法,NOUN
反则,anti-rule,反则,NOUN
反理,anti-reason,反理,NOUN
反论,antithesis,反论,NOUN
反证,counter-evidence,反证,NOUN
反实,counterfactual,反实,NOUN
反察,counter-observation,反察,NOUN
反思,reflection,反思,NOUN
反想,counter-thought,反想,NOUN
反象,counter-image,反象,NOUN
反形,anti-form,反形,NOUN
反势,counter-trend,反势,NOUN
反态,anti-state,反态,NOUN
反性,anti-nature,反性,NOUN
反质,counter-quality,反质,NOUN
反量,counter-quantity,反量,NOUN
反数,counter-number,反数,NOUN
反据,counter-evidence,反据,NOUN
反准,counter-criterion,反准,NOUN
反畴,counter-domain,反畴,NOUN
反界,counter-boundary,反界,NOUN
反限,counter-limit,反限,NOUN
反程,counter-process,反程,NOUN
反序,reverse-order,反序,NOUN
反步,counter-step,反步,NOUN
反骤,counter-step,反骤,NOUN
反段,counter-segment,反段,NOUN
反阶,counter-level,反阶,NOUN
反级,counter-grade,反级,NOUN
反层,counter-layer,反层,NOUN
反面,opposite-side,反面,NOUN
反方,opposite-side,反方,NOUN
反向,reverse-direction,反向,NOUN
反轨,counter-track,反轨,NOUN
反迹,counter-trace,反迹,NOUN
反路,counter-path,反路,NOUN
反径,counter-path,反径,NOUN
反途,counter-route,反途,NOUN
反策,counter-strategy,反策,NOUN
反略,counter-strategy,反略,NOUN
反战,anti-war,反战,NOUN
反术,counter-technique,反术,NOUN
反技,counter-skill,反技,NOUN
反艺,counter-art,反艺,NOUN
反工,counter-work,反工,NOUN
反式,counter-form,反式,NOUN
反类,counter-class,反类,NOUN
反型,counter-type,反型,NOUN
反结,counter-structure,反结,NOUN
反体,counter-body,反体,NOUN
反系,counter-system,反系,NOUN
反机,counter-mechanism,反机,NOUN
反功,anti-work,反功,NOUN
反能,anti-energy,反能,NOUN
反作,anti-action,反作,NOUN
反用,anti-use,反用,NOUN
反效,reverse effect,反效,NOUN
反果,reverse result,反果,NOUN
反影,reverse reflection,反影,NOUN
反响,echo,反响,NOUN
反原,reverse origin,反原,NOUN
反因,counter-cause,反因,NOUN
反目,falling out,反目,NOUN
反的,opposite,反的,NOUN
反意,contrary intention,反意,NOUN
反义,antonym,反义,NOUN
反价,counter-price,反价,NOUN
反值,counter-value,反值,NOUN
反观,introspection,反观,NOUN
反念,reverse thought,反念,NOUN
反信,counter-belief,反信,NOUN
反现,reverse manifestation,反现,NOUN
反客,reverse guest,反客,NOUN
反主,reverse host,反主,NOUN
反唯,counter-sole,反唯,NOUN
反心,rebellious heart,反心,NOUN
反物,counter-matter,反物,NOUN
反辩,counter-argument,反辩,NOUN
反而,contrary,反而,NOUN
反上,reverse up,反上,NOUN
反逻,counter-logic,反逻,NOUN
反辑,reverse compilation,反辑,NOUN
反概,reverse generalization,反概,NOUN
反判,reverse judgment,反判,NOUN
反断,reverse judgment,反断,NOUN
反推,reverse inference,反推,NOUN
反归,reverse induction,反归,NOUN
反纳,reverse inclusion,反纳,NOUN
反演,inversion,反演,NOUN
反绎,reverse deduction,反绎,NOUN
反分,reverse division,反分,NOUN
反析,anti-analysis,反析,NOUN
反综,anti-synthesis,反综,NOUN
反合,anti-integration,反合,NOUN
反抽,anti-abstraction,反抽,NOUN
反具,anti-concretion,反具,NOUN
反特,anti-particularity,反特,NOUN
反殊,anti-specificity,反殊,NOUN
反一,anti-unity,反一,NOUN
反般,anti-generality,反般,NOUN
反普,anti-universality,反普,NOUN
反遍,anti-omnipresence,反遍,NOUN
反必,anti-necessity,反必,NOUN
反然,anti-actuality,反然,NOUN
反偶,anti-contingency,反偶,NOUN
反可,anti-possibility,反可,NOUN
反本,anti-essence,反本,NOUN
反内,anti-inwardness,反内,NOUN
反容,anti-content,反容,NOUN
超理,super-reason,超理,NOUN
超证,super-proof,超证,NOUN
超思,super-thought,超思,NOUN
超态,super-state,超态,NOUN
超量,super-quantity,超量,NOUN
超据,super-basis,超据,NOUN
超限,over-limit,超限,NOUN
超序,over-order,超序,NOUN
超段,over-segment,超段,NOUN
超面,over-surface,超面,NOUN
超向,over-direction,超向,NOUN
超式,over-form,超式,NOUN
超响,hyper-sound,超响,NOUN
超因,hyper-cause,超因,NOUN
超意,hyper-intent,超意,NOUN
超现,trans-reality,超现,NOUN
超析,trans-analysis,超析,NOUN
超合,trans-synthesis,超合,NOUN
超遍,super-comprehensive,超遍,NOUN
超然,transcendence,超然,NOUN
超偶,super-even,超偶,NOUN
超可,super-possibility,超可,NOUN
分则,sub-rule,分则,NOUN
分理,sub-principle,分理,NOUN
分证,sub-proof,分证,NOUN
分思,partial thought,分思,NOUN
分态,partial state,分态,NOUN
分量,weight,分量,NOUN
分据,partial basis,分据,NOUN
分限,limit,分限,NOUN
分序,sequence,分序,NOUN
分段,section,分段,NOUN
分面,aspect,分面,NOUN
分向,direction,分向,NOUN
分式,form,分式,NOUN
分响,sound,分响,NOUN
分因,partial cause,分因,NOUN
分意,partial meaning,分意,NOUN
生意,business,生意,NOUN
很深,very deep,很深,ADJ
带给,to bring,带给,VERB
佩剑,sword,佩剑,NOUN
滥杀,to slaughter,滥杀,VERB
无辜,innocent,无辜,ADJ
谢,to thank,谢,VERB
砸,to smash,砸,VERB
押,to escort,押,VERB
贴身,close,贴身,ADJ
太重,too heavy,太重,ADJ
不收,to refuse,不收,VERB
外人,outsider,外人,NOUN
奈何,to remedy,奈何,VERB
肯,willing,肯,AUX
外头,outside,外头,NOUN
薄铁,thin iron,薄铁,NOUN
摸过,to touch,摸过,VERB
真好,really,真好,ADV
凶,to threaten,凶,VERB
江,river,江,NOUN
很好,very good,很好,ADJ
可我,but I,可我,ADV
书里,in book,书里,NOUN
睡不,to not sleep,睡不,VERB
辈子,lifetime,辈子,NOUN
耳,to hear,耳,VERB
法,law,法,PART
旗,flag,旗,PART
见到,to see,见到,VERB
道上,road,道上,NOUN
混,to mix,混,VERB
房顶,to roof,房顶,VERB
抓住,to catch,抓住,VERB
外地,outside place,外地,NOUN
卖艺,to perform,卖艺,VERB
找回,to recover,找回,VERB
看过,to have seen,看过,VERB
人要,human need,人要,NOUN
陷害,to frame,陷害,VERB
爹娘,parents,爹娘,NOUN
定下,to decide,定下,VERB
自在,comfortable,自在,ADJ
千里迢迢,to travel far,千里迢迢,VERB
瞒,to conceal,瞒,VERB
桩,stake,桩,NOUN
公,to publish,公,VERB
藏,to hide,藏,VERB
闹得,to make noise,闹得,VERB
追到,to catch up,追到,VERB
失窃,to be stolen,失窃,VERB
说来,to speak,说来,VERB
婊子,prostitute,婊子,NOUN
点穴,acupoint strike,点穴,NOUN
毒害,to poison,毒害,VERB
血债,blood debt,血债,NOUN
练剑,to practice sword,练剑,VERB
练,practice,练,NOUN
邪,evil,邪,PART
玄牝,mystic female,玄牝,NOUN
按,according to,按,ADP
去办,to handle,去办,VERB
命官,to appoint official,命官,VERB
陷入,to fall into,陷入,VERB
挑,to pick,挑,VERB
剑放,sword placement,剑放,NOUN
面子,face,面子,NOUN
女贼,female thief,女贼,NOUN
安好,to be safe,安好,VERB
天份,talent,天份,NOUN
辩,to debate,辩,VERB
欲,to want,欲,AUX
顺,to follow,顺,VERB
配得,to deserve,配得,VERB
师徒,master and disciple,师徒,NOUN
该说,to say,该说,VERB
有份,to share,有份,VERB
大盗,to rob,大盗,VERB
仁,benevolence,仁,NOUN
义尽,righteous,义尽,ADJ
徒,disciple,徒,NOUN
江湖,jianghu,江湖,NOUN
天地,heaven and earth,天地,NOUN
掩,to cover,掩,VERB
护,to protect,护,VERB
毁,to destroy,毁,VERB
武艺,martial arts,武艺,NOUN
来来,come,来来,SCONJ
很远,far,很远,ADJ
很难,difficult,很难,ADJ
洗好,to wash,洗好,VERB
星星,star,星星,NOUN
孤儿,orphan,孤儿,NOUN
大漠,desert,大漠,NOUN
男,man,男,NOUN
强盗,robber,强盗,NOUN
活着,to live,活着,VERB
迷,mystery,迷,NOUN
看得,to see,看得,VERB
山上,mountain,山上,NOUN
真心,sincere,真心,ADJ
就来,to come,就来,AUX
少侠,young hero,少侠,NOUN
凉,cool,凉,ADJ
诚意,sincerity,诚意,NOUN
更多,more,更多,ADJ
间,between,间,ADP
丸子,dumpling,丸子,NOUN
铁臂,iron arm,铁臂,NOUN
听闻,to hear,听闻,VERB
特来,specially,特来,ADV
无踪,to vanish,无踪,VERB
飞,to fly,飞,VERB
认得,to recognize,认得,VERB
跑到,to run,跑到,VERB
潇洒,dashing,潇洒,ADJ
踏破,to trample,踏破,VERB
语,speech,语,PART
伤人,to hurt,伤人,VERB
仇家,foe,仇家,NOUN
大姐,eldest sister,大姐,NOUN
晚会,gala,晚会,NOUN
衣,garment,衣,PART
真有,to have,真有,VERB
撑,to prop,撑,VERB
翻脸,to turn,翻脸,VERB
当日,day,当日,NOUN
本心,true heart,本心,NOUN
诀,secret,诀,PART
容你,you,容你,PRON
阴针,yin needle,阴针,NOUN
解,to detoxify,解,VERB
一息,to breathe,一息,VERB
托,to entrust,托,VERB
杀杀,to kill,杀杀,VERB
功败,to fail,功败,VERB
垂,to hang,垂,VERB
断后,to cover retreat,断后,VERB
得胜,to win,得胜,VERB
天给,to bestow,天给,VERB
见过,to meet,见过,VERB
上山,to climb mountain,上山,VERB
采药,to gather herbs,采药,VERB
给治,to cure,给治,VERB
吧赶,to rush,吧赶,VERB
罢休,to stop,罢休,VERB
箭,arrow,箭,NOUN
纱布,gauze,纱布,NOUN
带回,to bring back,带回,VERB
活要,to want alive,活要,VERB
见尸,to see corpse,见尸,VERB
治伤,to treat wound,治伤,VERB
粮草,provisions,粮草,NOUN
必胜,to win inevitably,必胜,VERB
之局,situation,之局,NOUN
区区,triviality,区区,NOUN
身负,to bear,身负,VERB
关乎,to concern,关乎,VERB
安然,safely,安然,ADV
无恙,to be unharmed,无恙,VERB
死别,to part by death,死别,VERB
笑付,to pay smilingly,笑付,VERB
麻散,anesthetic,麻散,NOUN
无妨,harmless,无妨,ADJ
很重,very heavy,很重,ADJ
说吧,to speak,说吧,VERB
追杀,to hunt down,追杀,VERB
跌落,to fall,跌落,VERB
左手,left hand,左手,NOUN
患上,to contract,患上,VERB
防备,precaution,防备,NOUN
太大,too big,太大,ADJ
筋脉,meridians,筋脉,NOUN
找药,to find medicine,找药,VERB
有关,to relate to,有关,VERB
寒,to feel cold,寒,VERB
雪莲,snow lotus,雪莲,NOUN
服下,to swallow,服下,VERB
毒药,poison,毒药,NOUN
禁地,forbidden land,禁地,NOUN
交情,friendship,交情,NOUN
昏迷,to faint,昏迷,VERB
后山,back mountain,后山,NOUN
宝地,treasure land,宝地,NOUN
妙,wonderful,妙,ADJ
陪你,to accompany you,陪你,VERB
速,quickly,速,PART
手动,to operate manually,手动,VERB
背后,back,背后,NOUN
日定,to set,日定,VERB
晕倒,to faint,晕倒,VERB
我吧,me,我吧,PRON
干系,concern,干系,NOUN
大战,battle,大战,NOUN
侥,to escape,侥,VERB
遇见,to meet,遇见,VERB
贵重,precious,贵重,ADJ
万万,absolutely,万万,ADV
掺,to mix,掺,VERB
品,particle,品,PART
知错,to admit fault,知错,VERB
轻举,rashly,轻举,ADV
妄动,to act rashly,妄动,VERB
传回,to send back,传回,VERB
有用,to be useful,有用,VERB
怒,to rage,怒,VERB
兵败,to be defeated,兵败,VERB
报陛,to report,报陛,VERB
痕迹,trace,痕迹,NOUN
抹,smear,抹,NOUN
除此,to exclude,除此,VERB
杀手,killer,杀手,NOUN
有点,to have some,有点,VERB
未然,beforehand,未然,ADV
死士,death warrior,死士,NOUN
大功,great merit,大功,NOUN
苍生,folk,苍生,NOUN
无力,helplessly,无力,ADV
蒙上,to cover,蒙上,VERB
常年,year-round,常年,NOUN
男女,sex,男女,NOUN
太介,too particular,太介,ADJ
求死,to seek death,求死,VERB
莫,do not,莫,ADV
诡,to deceive,诡,VERB
猜到,to guess,猜到,VERB
无据,to lack basis,无据,VERB
明明,clearly,明明,ADV
高明,brilliant,高明,ADJ
一同,together,一同,ADV
大营,main camp,大营,NOUN
急回,to hurry back,急回,VERB
借着,by means of,借着,ADP
粮饷,provisions,粮饷,NOUN
挨,to suffer,挨,VERB
无异,to equal,无异,VERB
能心,to be willing,能心,VERB
情愿,willingness,情愿,NOUN
探子,scout,探子,NOUN
面圣,to see emperor,面圣,VERB
此次,this,此次,DET
旨,to decree,旨,VERB
遵,to obey,遵,VERB
听听,to listen,听听,VERB
我去,I,我去,PRON
卸甲,to disarm,卸甲,VERB
祭品,offering,祭品,NOUN
替你,to replace you,替你,VERB
往后,to go forward,往后,VERB
我府,my residence,我府,NOUN
射伤,to shoot,射伤,VERB
参见,to pay respects,参见,VERB
告退,to take leave,告退,VERB
会败,to be defeated,会败,VERB
途中,journey,途中,NOUN
军情,military intelligence,军情,NOUN
在身,to be on person,在身,VERB
无须,need not,无须,AUX
认罪,to plead guilty,认罪,VERB
皆,all,皆,ADV
所为,to do,所为,VERB
逆,to oppose,逆,VERB
抓到,to catch,抓到,VERB
事要,important matter,事要,NOUN
备,to prepare,备,VERB
庄家,the house,庄家,NOUN
渊源,origin,渊源,NOUN
皇分,imperial share,皇分,NOUN
忧解,to relieve,忧解,VERB
绝非,to be far from,绝非,VERB
非要,must,非要,AUX
皇弟,imperial brother,皇弟,NOUN
血溅,to spatter,血溅,VERB
思放,desire for release,思放,NOUN
凡事,to concern all,凡事,VERB
奸臣,treacherous minister,奸臣,NOUN
朕面,imperial face,朕面,NOUN
成何,what manner,成何,NOUN
体统,to be proper,体统,VERB
较,rather,较,ADV
改,to change,改,VERB
我定,certainly,我定,ADV
查出,to uncover,查出,VERB
细作,spy,细作,NOUN
轮,to rotate,轮,VERB
抚养,to raise,抚养,VERB
放出,to release,放出,VERB
女将,female general,女将,NOUN
牺牲,to sacrifice,牺牲,VERB
权,for now,权,PART
平日,ordinary day,平日,NOUN
驸马,imperial son-in-law,驸马,NOUN
欺,to deceive,欺,VERB
皇室,imperial family,皇室,NOUN
应尽,due,应尽,ADJ
郃儿,He'er,郃儿,NOUN
年幼,young,年幼,ADJ
亏,to owe,亏,VERB
赫赫,renown,赫赫,NOUN
送到,to deliver,送到,VERB
歹,villain,歹,NOUN
唯有,to have only,唯有,VERB
线索,clue,线索,NOUN
勾销,to cancel,勾销,VERB
账,account,账,NOUN
带到,to bring to,带到,VERB
儿来,to come,儿来,VERB
相识,to know,相识,VERB
模样,appearance,模样,NOUN
射穿,to shoot through,射穿,VERB
远远,far away,远远,ADV
歌手,singer,歌手,NOUN
眼皮,eyelid,眼皮,NOUN
看好,to favor,看好,VERB
自保,to protect oneself,自保,VERB
别看,to not look,别看,VERB
调动,to mobilize,调动,VERB
葬身,to be buried,葬身,VERB
臣,minister,臣,PART
杀付,to kill,杀付,VERB
灭口,to silence,灭口,VERB
经脉,meridian,经脉,NOUN
受损,to be damaged,受损,VERB
爱妾,concubine,爱妾,NOUN
府中,mansion,府中,NOUN
阁,pavilion,阁,PART
画像,portrait,画像,NOUN
羞辱,to humiliate,羞辱,VERB
奴婢,servant,奴婢,NOUN
请您,to please,请您,VERB
株,tree,株,NOUN
普通,ordinary,普通,ADJ
着想,to consider,着想,VERB
杀神,god of death,杀神,NOUN
而已,only,而已,ADV
快看,to look quickly,快看,VERB
公子,young master,公子,NOUN
独子,only son,独子,NOUN
割袍,to cut robe,割袍,VERB
断义,to sever ties,断义,VERB
车,car,车,PART
行了,to be enough,行了,VERB
烤,to roast,烤,VERB
都别,all not,都别,ADV
敬,to respect,敬,VERB
寻你,to seek you,寻你,VERB
动武,to use force,动武,VERB
足,foot,足,NOUN
暗地,secret,暗地,NOUN
带上,to bring,带上,VERB
箱,box,箱,NOUN
来看,to see,来看,VERB
羊,sheep,羊,NOUN
越来越,increasingly,越来越,ADV
份上,sake,份上,NOUN
收养,to adopt,收养,VERB
召,to summon,召,VERB
心切,to be eager,心切,VERB
嫁给,to marry,嫁给,VERB
生息,to multiply,生息,VERB
此时,present,此时,NOUN
城池,city,城池,NOUN
嫁去,to marry,嫁去,VERB
相认,to recognize,相认,VERB
身处,to be in,身处,VERB
死路,dead end,死路,NOUN
雪影,snow shadow,雪影,NOUN
别丢,to not lose,别丢,VERB
别跑,to not run,别跑,VERB
站住,to stop,站住,VERB
乱跑,to run about,乱跑,VERB
自会,will,自会,AUX
吹气,to blow,吹气,VERB
火海,sea of fire,火海,NOUN
糊,to paste,糊,VERB
婚期,wedding date,婚期,NOUN
拼上,to risk,拼上,VERB
息,breath,息,NOUN
秀莲,Xiulian,秀莲,NOUN
李爷,Master Li,李爷,NOUN
挺好,quite good,挺好,NOUN
请进,please come in,请进,NOUN
还行,okay,还行,NOUN
真人,real person,真人,NOUN
年初,year beginning,年初,NOUN
说起,speaking of,说起,NOUN
我光,I only,我光,NOUN
静不,cannot be quiet,静不,NOUN
我破,my break,我破,NOUN
戒,precept,戒,NOUN
出关,seclusion exit,出关,NOUN
静坐,meditation,静坐,NOUN
进入,entry,进入,NOUN
触到,touch,触到,NOUN
寂灭,nirvana,寂灭,NOUN
环绕,encirclement,环绕,NOUN
极限,limit,极限,NOUN
我出,my exit,我出,NOUN
想想,thought,想想,NOUN
不下,inability,不下,NOUN
镖要,escort request,镖要,NOUN
有件,having item,有件,NOUN
烦劳,trouble,烦劳,NOUN
随身,belongings,随身,NOUN
它干,its doing,它干,NOUN
净,cleanliness,净,NOUN
沾血,bloodstain,沾血,NOUN
配用,matching use,配用,NOUN
结伴,companionship,结伴,NOUN
下山,mountain descent,下山,NOUN
扫,sweep,扫,NOUN
墓,tomb,墓,NOUN
恩师,mentor,恩师,NOUN
师仇,master's grudge,师仇,NOUN
萌生,germination,萌生,NOUN
念头,thought,念头,NOUN
去求,seeking,去求,NOUN
办完,completion,办完,NOUN
会合,rendezvous,会合,NOUN
货歇,cargo rest,货歇,NOUN
跑镖,escort mission,跑镖,NOUN
雄远,grand distance,雄远,NOUN
砸过,smashing,砸过,NOUN
您押,your escort,您押,NOUN
之灵,spirit,之灵,NOUN
当今,present,当今,NOUN
下论,conclusion,下论,NOUN
论,theory,论,NOUN
礼太重,heavy etiquette,礼太重,NOUN
剑惹,sword provocation,剑惹,NOUN
管着,management,管着,NOUN
人到,arrival,人到,NOUN
辈,generation,辈,NOUN
别急,patience,别急,NOUN
住下,residence,住下,NOUN
多事,meddlesome,多事,NOUN
好友,friend,好友,NOUN
看待,regard,看待,NOUN
爷有,master's possession,爷有,NOUN
我不,refusal,我不,NOUN
翼翼,caution,翼翼,NOUN
白白,vain,白白,NOUN
光阴,time,光阴,NOUN
情字,affection,情字,NOUN
再大,larger,再大,NOUN
莫可,impossibility,莫可,NOUN
下回遇,next meeting,下回遇,NOUN
肯明讲,frankness,肯明讲,NOUN
爷说,master's word,爷说,NOUN
就搁,placement,就搁,NOUN
这屋里,this room,这屋里,NOUN
今儿,today,今儿,NOUN
书斋,study,书斋,NOUN
头昏,dizziness,头昏,NOUN
透口,breath,透口,NOUN
气儿,breath,气儿,NOUN
小的,servant,小的,NOUN
铁府,Tie mansion,铁府,NOUN
管事,manager,管事,NOUN
剑不,swordless,剑不,NOUN
身倒,fall,身倒,NOUN
剑走,swordplay,剑走,NOUN
轻灵,agility,轻灵,NOUN
它算,reckoning,它算,NOUN
最轻,lightest,最轻,NOUN
养有,rearing,养有,NOUN
府兵,militia,府兵,NOUN
这剑,this sword,这剑,NOUN
凶器,murder weapon,凶器,NOUN
刃,blade,刃,NOUN
上染,stain,上染,NOUN
剑有,sword,剑有,NOUN
来历,origin,来历,NOUN
你刚,you,你刚,NOUN
鼎鼎,renown,鼎鼎,NOUN
说多,exaggeration,说多,NOUN
我使,my envoy,我使,NOUN
略通,smattering,略通,NOUN
走去,walk,走去,NOUN
走江,wandering,走江,NOUN
靠,reliance,靠,NOUN
人熟,acquaintance,人熟,NOUN
讲信,trustworthiness,讲信,NOUN
讲义,righteousness,讲义,NOUN
玩不长,unsustainability,玩不长,NOUN
看书,reading,看书,NOUN
遇上,encounter,遇上,NOUN
写书,writing,写书,NOUN
没法,impossibility,没法,NOUN
子卖,sale,子卖,NOUN
洗不,unwashed,洗不,NOUN
澡,bath,澡,NOUN
虱子,louse,虱子,NOUN
蚤,flea,蚤,NOUN
咬得,bite,咬得,NOUN
着觉,sleep,着觉,NOUN
我就要,demand,我就要,NOUN
俞姐,Sister Yu,俞姐,NOUN
嫁人吧,marriage,嫁人吧,NOUN
跑来,run,跑来,NOUN
点事,matter,点事,NOUN
护手,handguard,护手,NOUN
两耳,both ears,两耳,NOUN
镶,inlay,镶,NOUN
从剑,secondary sword,从剑,NOUN
旋纹,spiral pattern,旋纹,NOUN
揉,rubbing,揉,NOUN
失传,lost tradition,失传,NOUN
通今,present knowledge,通今,NOUN
人法,human law,人法,NOUN
卑职,humble servant,卑职,NOUN
愿闻,willing to hear,愿闻,NOUN
其详,its details,其详,NOUN
这京,this capital,这京,NOUN
城内,inside city,城内,NOUN
好说,easy to say,好说,NOUN
无非,nothing but,无非,NOUN
皇亲,imperial relatives,皇亲,NOUN
国戚,state relatives,国戚,NOUN
各部,various departments,各部,NOUN
布防,defense deployment,布防,NOUN
辖区,jurisdiction area,辖区,NOUN
这外,outside this,这外,NOUN
就杂,then mixed,就杂,NOUN
九流,nine schools,九流,NOUN
往来,coming and going,往来,NOUN
玉大人,Lord Yu,玉大人,NOUN
京机,capital affairs,京机,NOUN
江湖上,jianghu world,江湖上,NOUN
联络,liaison,联络,NOUN
坐得,sitting stably,坐得,NOUN
稳,stability,稳,NOUN
刚柔,hard and soft,刚柔,NOUN
相济,mutual aid,相济,NOUN
得治道,obtaining governance,得治道,NOUN
高师娘,Master Gao's wife,高师娘,NOUN
我来好,I come well,我来好,NOUN
师娘坐,master's wife sits,师娘坐,NOUN
水衣,water garment,水衣,NOUN
丝料,silk material,丝料,NOUN
换上,changing clothes,换上,NOUN
混吧,mix bar,混吧,NOUN
麻烦进,trouble entry,麻烦进,NOUN
真麻烦,real trouble,真麻烦,NOUN
睡吧,sleep bar,睡吧,NOUN
立秋,autumn start,立秋,NOUN
去帮,go help,去帮,NOUN
窗子,window,窗子,NOUN
关好,close well,关好,NOUN
天冷,cold weather,天冷,NOUN
有贼,thief presence,有贼,NOUN
有人偷,someone stealing,有人偷,NOUN
上房顶,roof top,上房顶,NOUN
抓贼,catch thief,抓贼,NOUN
快搬,move fast,快搬,NOUN
梯子,ladder,梯子,NOUN
有贼呀,thief here,有贼呀,NOUN
顶上,top,顶上,NOUN
剥,peel,剥,NOUN
皮,skin,皮,NOUN
给娘,give mother,给娘,NOUN
快追,chase fast,快追,NOUN
物归,return property,物归,NOUN
原主,original owner,原主,NOUN
门人,disciple,门人,NOUN
弄错,mistake,弄错,NOUN
正带,leading,正带,NOUN
人哪,where person,人哪,NOUN
厅,hall,厅,NOUN
里候,wait inside,里候,NOUN
找回来,find back,找回来,NOUN
敢赌,dare gamble,敢赌,NOUN
挂勾,hook,挂勾,NOUN
查他,check him,查他,NOUN
底儿掉,bottom out,底儿掉,NOUN
明见,clear view,明见,NOUN
墙上,wall,墙上,NOUN
乱贴,random posting,乱贴,NOUN
快说,quick speech,快说,NOUN
大爷,uncle,大爷,NOUN
空,sky,空,NOUN
有客,guest,有客,NOUN
想我,longing,想我,NOUN
事干呗,business,事干呗,NOUN
练字,handwriting practice,练字,NOUN
我写,my writing,我写,NOUN
真象,truth,真象,NOUN
转手,resale,转手,NOUN
腕,wrist,腕,NOUN
相通,connection,相通,NOUN
抽,drawer,抽,NOUN
空见,illusion,空见,NOUN
大喜,great joy,大喜,NOUN
快到,arrival,快到,NOUN
事忙,busyness,事忙,NOUN
婚事,marriage,婚事,NOUN
京城,capital,京城,NOUN
亲事,marriage,亲事,NOUN
娘说,mother's words,娘说,NOUN
老太爷,old master,老太爷,NOUN
朝内,inner court,朝内,NOUN
大官,high official,大官,NOUN
名门,famous family,名门,NOUN
望族,prominent family,望族,NOUN
结亲,marriage alliance,结亲,NOUN
侠义,chivalry,侠义,NOUN
儿女,children,儿女,NOUN
就好象,likeness,就好象,NOUN
喜事,happy event,喜事,NOUN
心爱,beloved,心爱,NOUN
才算,reckoning,才算,NOUN
给定,given,给定,NOUN
过亲,relative,过亲,NOUN
拜,worship,拜,NOUN
刀下,execution,刀下,NOUN
日渐,daily increase,日渐,NOUN
深厚,depth,深厚,NOUN
得起,affordability,得起,NOUN
纸,paper,纸,NOUN
婚约,marriage contract,婚约,NOUN
尝过,experience,尝过,NOUN
只怪,blame,只怪,NOUN
就爱,love,就爱,NOUN
官宦,official,官宦,NOUN
礼教,feudal ethics,礼教,NOUN
认你,recognition,认你,NOUN
见外,estrangement,见外,NOUN
调到,transfer,调到,NOUN
出不,inability,出不,NOUN
您别,prohibition,您别,NOUN
当外,outsider,当外,NOUN
人儿,person,人儿,NOUN
对那,target,对那,NOUN
父女俩,father and daughter,父女俩,NOUN
上心,care,上心,NOUN
案子,case,案子,NOUN
混进,infiltration,混进,NOUN
调,transfer,调,NOUN
碍,hindrance,碍,NOUN
明拿,open theft,明拿,NOUN
引,guide,引,NOUN
内人,wife,内人,NOUN
武行,martial arts,武行,NOUN
有姓,surname,有姓,NOUN
她害,harm,她害,NOUN
私,privacy,私,NOUN
丸子熟,cooked meatball,丸子熟,NOUN
该熟,ripeness,该熟,NOUN
都熟,familiarity,都熟,NOUN
走啦,departure,走啦,NOUN
决生,life-and-death,决生,NOUN
出洞,emergence,出洞,NOUN
不妥,inappropriateness,不妥,NOUN
我得,necessity,我得,NOUN
弄清,clarification,弄清,NOUN
你早,earliness,你早,NOUN
逃去,escape,逃去,NOUN
逗留,stay,逗留,NOUN
仇终,feud end,仇终,NOUN
许声,utterance,许声,NOUN
公事,official business,公事,NOUN
公办,state-run,公办,NOUN
私仇,personal enmity,私仇,NOUN
团糟,mess,团糟,NOUN
贴纸,sticker,贴纸,NOUN
贴,sticker,贴,NOUN
丢失,loss,丢失,NOUN
护院,courtyard guard,护院,NOUN
追他,chase,追他,NOUN
问过,inquiry,问过,NOUN
镖师,escort guard,镖师,NOUN
你尽,utmost,你尽,NOUN
法子,method,法子,NOUN
专,specialty,专,NOUN
赶来,arrival,赶来,NOUN
讲好,agreement,讲好,NOUN
打搅,disturbance,打搅,NOUN
请得,invitation,请得,NOUN
总管,manager,总管,NOUN
带路,guide,带路,NOUN
得守,guard,得守,NOUN
信哪,letter,信哪,NOUN
还闻,smell,还闻,NOUN
骚味,foul smell,骚味,NOUN
装啦,pretense,装啦,NOUN
臭当差,lousy servant,臭当差,NOUN
活路,way out,活路,NOUN
束,bundle,束,NOUN
擒,capture,擒,NOUN
正道,right path,正道,NOUN
销,cancellation,销,NOUN
案,case,案,NOUN
小婊子,little bitch,小婊子,NOUN
送死,death wish,送死,NOUN
老成,experience,老成,NOUN
家破,family ruin,家破,NOUN
人亡,death,人亡,NOUN
香妹,sister,香妹,NOUN
蔡老狗,old dog,蔡老狗,NOUN
铲除,eradication,铲除,NOUN
妖孽,demon,妖孽,NOUN
久违,long absence,久违,NOUN
山闭,mountain closure,山闭,NOUN
关练,practice,关练,NOUN
充道,path,充道,NOUN
姑,aunt,姑,NOUN
潜入,infiltration,潜入,NOUN
盗走,theft,盗走,NOUN
偿,repayment,偿,NOUN
师门,sect,师门,NOUN
入,entry,入,NOUN
房纬,Fang Wei,房纬,NOUN
传给,transmission,传给,NOUN
叫他,him,叫他,NOUN
绝学,ultimate art,绝学,NOUN
入魔,corruption,入魔,NOUN
邪招,evil move,邪招,NOUN
宗门,sect,宗门,NOUN
学,learning,学,NOUN
玩玩,play,玩玩,NOUN
我死,my death,我死,NOUN
斩草,cutting grass,斩草,NOUN
除根,removing roots,除根,NOUN
说京,speaking,说京,NOUN
死者,deceased,死者,NOUN
我拿,my taking,我拿,NOUN
水落,water falling,水落,NOUN
石出,stone emerging,石出,NOUN
让碧眼,green-eyed,让碧眼,NOUN
同党,accomplice,同党,NOUN
现出,revealing,现出,NOUN
原形,true form,原形,NOUN
太莽撞,too reckless,太莽撞,NOUN
掌,palm,掌,NOUN
治安,public order,治安,NOUN
事足,sufficient matter,事足,NOUN
毁掉,to destroy,毁掉,NOUN
清誉,good reputation,清誉,NOUN
也会,also will,也会,NOUN
难办,difficult to handle,难办,NOUN
您能,you can,您能,NOUN
藉,pretext,藉,NOUN
口…,mouth,口…,NOUN
玉,jade,玉,NOUN
坐坐,to sit,坐坐,NOUN
着手,to start,着手,NOUN
真过,really pass,真过,NOUN
料子,material,料子,NOUN
嫁闺,to marry daughter,嫁闺,NOUN
点凉,slight chill,点凉,NOUN
陪不,accompany or not,陪不,NOUN
听说贝勒,heard Beile,听说贝勒,NOUN
上丢,to lose,上丢,NOUN
真是,really,真是,NOUN
谁拿,who takes,谁拿,NOUN
爷给,master gives,爷给,NOUN
追究,to investigate,追究,NOUN
那就好,that is good,那就好,NOUN
烦人,nuisance,烦人,NOUN
犯错,to make mistake,犯错,NOUN
这心,this heart,这心,NOUN
太软,too soft,太软,NOUN
城里,city,城里,NOUN
夜里,night,夜里,NOUN
名捕,famous catcher,名捕,NOUN
化装,disguise,化装,NOUN
偷剑,to steal sword,偷剑,NOUN
盗剑,to steal sword,盗剑,NOUN
侠士,swordsman,侠士,NOUN
出阁,to marry,出阁,NOUN
给你守,to guard,给你守,NOUN
个门,door,个门,NOUN
进屋,entry,进屋,NOUN
里来吧,invitation,里来吧,NOUN
来还剑,sword return,来还剑,NOUN
飞够,sufficient flight,飞够,NOUN
领略,appreciation,领略,NOUN
理路,reasoning,理路,NOUN
良师,mentor,良师,NOUN
调教,training,调教,NOUN
想当,ambition,想当,NOUN
浪得,unearned,浪得,NOUN
宗派,sect,宗派,NOUN
别到,avoidance,别到,NOUN
庙里,temple,庙里,NOUN
出招,move,出招,NOUN
揣而锐,hidden edge,揣而锐,NOUN
长保,preservation,长保,NOUN
勿助,non-assistance,勿助,NOUN
勿长,non-growth,勿长,NOUN
无知,ignorance,无知,NOUN
舍己,self-sacrifice,舍己,NOUN
人背,back,人背,NOUN
教你,instruction,教你,NOUN
处事,conduct,处事,NOUN
下手吧,strike,下手吧,NOUN
静中,stillness,静中,NOUN
才配得,deserving,才配得,NOUN
相见,meeting,相见,NOUN
泯,extinction,泯,NOUN
灭,destruction,灭,NOUN
良心,conscience,良心,NOUN
酒馆,tavern,酒馆,NOUN
娼,prostitute,娼,NOUN
窑,brothel,窑,NOUN
希罕,rarity,希罕,NOUN
不小,considerable,不小,NOUN
拿走,removal,拿走,NOUN
真成,genuineness,真成,NOUN
憋死,suffocation,憋死,NOUN
捉拿,capture,捉拿,NOUN
江洋,ocean,江洋,NOUN
走哪,whereabouts,走哪,NOUN
谁想,desire,谁想,NOUN
仁至,benevolence,仁至,NOUN
收你,capture,收你,NOUN
教我,instruction,教我,NOUN
识字,literacy,识字,NOUN
依图,diagram,依图,NOUN
依字……,script,依字……,NOUN
一手,hand,一手,NOUN
你心里,heart,你心里,NOUN
练到,practice,练到,NOUN
我藏,hiding,我藏,NOUN
天试,trial,天试,NOUN
功力,mastery,功力,NOUN
我还,return,我还,NOUN
我心里,heart,我心里,NOUN
该往,direction,该往,NOUN
走上,path,走上,NOUN
失而,loss,失而,NOUN
复得,recovery,复得,NOUN
依恋,attachment,依恋,NOUN
剑下,blade,剑下,NOUN
剑找,quest,剑找,NOUN
得顾,regard,得顾,NOUN
颜面,dignity,颜面,NOUN
昨夜,night,昨夜,NOUN
疑心,suspicion,疑心,NOUN
心性,temperament,心性,NOUN
约束,restraint,约束,NOUN
导正,correction,导正,NOUN
官家,official,官家,NOUN
中人,intermediary,中人,NOUN
杀掉,slaying,杀掉,NOUN
安安,calm,安安,NOUN
份份,portion,份份,NOUN
去嫁人,marriage,去嫁人,NOUN
收女,adoption,收女,NOUN
弟子,disciple,弟子,NOUN
例吧,example,例吧,NOUN
毒龙,venomous dragon,毒龙,NOUN
肯收,acceptance,肯收,NOUN
当朝,current dynasty,当朝,NOUN
旧恨,old grudge,旧恨,NOUN
点吧,point,点吧,NOUN
我好,wellness,我好,NOUN
舒展,stretch,舒展,NOUN
摆弄,handling,摆弄,NOUN
半天,half-day,半天,NOUN
云来啦,cloud,云来啦,NOUN
天云,cloud,天云,NOUN
来啦……,arrival,来啦……,NOUN
帘子,curtain,帘子,NOUN
来呀……,coming,来呀……,NOUN
来拿,taking,来拿,NOUN
快回,return,快回,NOUN
停一下,pause,停一下,NOUN
你累,fatigue,你累,NOUN
喝水,drinking,喝水,NOUN
次来,visit,次来,NOUN
弓弩,crossbow,弓弩,NOUN
打猎很,hunting,打猎很,NOUN
管用,effectiveness,管用,NOUN
喷喷,spray,喷喷,NOUN
呱啦鸡,chicken,呱啦鸡,NOUN
吃过,meal,吃过,NOUN
怕死,fear,怕死,NOUN
别装,pretense,别装,NOUN
汉子,man,汉子,NOUN
我有,possession,我有,NOUN
水源,water source,水源,NOUN
背来,carrying,背来,NOUN
我近,proximity,我近,NOUN
打人,assault,打人,NOUN
象你,resemblance,象你,NOUN
土匪,bandit,土匪,NOUN
挑马,horse,挑马,NOUN
猜错,mistake,猜错,NOUN
天夜里,night,天夜里,NOUN
落下,fall,落下,NOUN
找星,star search,找星,NOUN
骑马,horseback riding,骑马,NOUN
从那,origin,从那,NOUN
拚杀,fight,拚杀,NOUN
心里头,heart,心里头,NOUN
流星,shooting star,流星,NOUN
找吧,search,找吧,NOUN
找来,finding,找来,NOUN
很烦,annoyance,很烦,NOUN
你会,ability,你会,NOUN
会找,finding,会找,NOUN
敢从,dare,敢从,NOUN
天神,deity,天神,NOUN
山上跳,leap,山上跳,NOUN
漂泊,drifting,漂泊,NOUN
我问,question,我问,NOUN
则灵,efficacy,则灵,NOUN
尽了,end,尽了,NOUN
你回去吧,return,你回去吧,NOUN
小龙……,little dragon,小龙……,NOUN
想碧眼,green eyes,想碧眼,NOUN
我料,guess,我料,NOUN
得留,staying,得留,NOUN
主子,master,主子,NOUN
抛下,abandonment,抛下,NOUN
有鲁家,Lu family,有鲁家,NOUN
玉家,Yu family,玉家,NOUN
豁,gap,豁,NOUN
想拿就拿,taking,想拿就拿,NOUN
库房,storehouse,库房,NOUN
离家,departure,离家,NOUN
出走,running away,出走,NOUN
洞房,bridal chamber,洞房,NOUN
娘子,wife,娘子,NOUN
信儿,message,信儿,NOUN
别出,departure,别出,NOUN
劳您,trouble,劳您,NOUN
侍候,service,侍候,NOUN
尊姓,surname,尊姓,NOUN
侠,knight-errant,侠,NOUN
鹰,eagle,鹰,NOUN
爪,claw,爪,NOUN
不熟,unfamiliarity,不熟,NOUN
儿俩,two sons,儿俩,NOUN
面儿,face,面儿,NOUN
茶吧,tea bar,茶吧,NOUN
能触摸,touchability,能触摸,NOUN
手握紧,tight grip,手握紧,NOUN
拥有,possession,拥有,NOUN
虚幻,illusion,虚幻,NOUN
手冰,cold hands,手冰,NOUN
凉凉,coolness,凉凉,NOUN
练刀练,sword practice,练刀练,NOUN
敢触摸,touch,敢触摸,NOUN
江湖里卧虎,hidden master,江湖里卧虎,NOUN
刀剑里,swords,刀剑里,NOUN
就象,likeness,就象,NOUN
吃点,snack,吃点,NOUN
花雕蒸鳜,steamed fish,花雕蒸鳜,NOUN
干炸,deep-frying,干炸,NOUN
里脊,tenderloin,里脊,NOUN
溜,quick-frying,溜,NOUN
芡,starch,芡,NOUN
粉少,less starch,粉少,NOUN
翅子,wings,翅子,NOUN
玫瑰,rose,玫瑰,NOUN
温过,warming,温过,NOUN
馆子,restaurant,馆子,NOUN
此地,here,此地,NOUN
高人,master,高人,NOUN
请教,consultation,请教,NOUN
失礼,discourtesy,失礼,NOUN
花影,flower shadow,花影,NOUN
刀常,knife,刀常,NOUN
鸡鸭,poultry,鸡鸭,NOUN
嗦,sucking,嗦,NOUN
得住,endurance,得住,NOUN
魁星,god of exams,魁星,NOUN
比划,gesture,比划,NOUN
禅师,Zen master,禅师,NOUN
经,scripture,经,NOUN
开荤,meat-eating,开荤,NOUN
都要,necessity,都要,NOUN
头求,begging,头求,NOUN
我怜,pity,我怜,NOUN
条龙,dragon,条龙,NOUN
神来无影去,elusiveness,神来无影去,NOUN
今朝,today,今朝,NOUN
拔,pulling,拔,NOUN
好言,kind words,好言,NOUN
教,teach,教,VERB
都往,direction,都往,NOUN
赶哪,hurry,赶哪,NOUN
游方,wandering monk,游方,NOUN
无理,unreasonableness,无理,NOUN
这鲁,recklessness,这鲁,NOUN
随后,aftermath,随后,NOUN
落脚,lodging,落脚,NOUN
好觉,sleep,好觉,NOUN
赶事,rushing,赶事,NOUN
还得走,departure,还得走,NOUN
婆生,old woman,婆生,NOUN
能有,possession,能有,NOUN
脚趾,toe,脚趾,NOUN
知足,contentment,知足,NOUN
膀子,arm,膀子,NOUN
那好,agreement,那好,NOUN
小住,sojourn,小住,NOUN
裳,clothing,裳,NOUN
做客,guest,做客,NOUN
你本事,ability,你本事,NOUN
你吧,you,你吧,NOUN
姐……,sister,姐……,NOUN
我嫁,marriage,我嫁,NOUN
娘放心,mother's reassurance,娘放心,NOUN
着办,handling,着办,NOUN
们俩,we two,们俩,NOUN
歇一,short rest,歇一,NOUN
下套,trap,下套,NOUN
骂人,cursing,骂人,NOUN
从一,from one,从一,NOUN
你除,you except,你除,NOUN
你拿,you take,你拿,NOUN
报答,repayment,报答,NOUN
恶言,malicious words,恶言,NOUN
挑衅,provocation,挑衅,NOUN
祈求,plea,祈求,NOUN
姊妹,sisters,姊妹,NOUN
门关,door,门关,NOUN
准,standard,准,NOUN
有本事来拿,come and take,有本事来拿,NOUN
有本事,capable,有本事,NOUN
别用,do not use,别用,NOUN
打不赢,unwinnable,打不赢,NOUN
怪兵,strange troops,怪兵,NOUN
拿去,taken away,拿去,NOUN
你不配,unworthy,你不配,NOUN
看剑,sword strike,看剑,NOUN
认剑,sword recognition,认剑,NOUN
认人,face recognition,认人,NOUN
古寺,ancient temple,古寺,NOUN
老江,Old Jiang,老江,NOUN
缠,entanglement,缠,NOUN
三招,three moves,三招,NOUN
拿回青冥,retrieve Qingming,拿回青冥,NOUN
拜师,apprenticeship,拜师,NOUN
那剑,that sword,那剑,NOUN
逮回,brought back,逮回,NOUN
你爹娘,your parents,你爹娘,NOUN
进家,entering home,进家,NOUN
家有,family has,家有,NOUN
走走,stroll,走走,NOUN
千金,daughter,千金,NOUN
下子,move,下子,NOUN
主啊,Lord,主啊,NOUN
快躺,quick lie-down,快躺,NOUN
乱动,random movement,乱动,NOUN
能下,able to play,能下,NOUN
你要剑……,you want sword,你要剑……,NOUN
施,bestowal,施,NOUN
徒儿,disciple,徒儿,NOUN
苦心,pains,苦心,NOUN
坏水,bad idea,坏水,NOUN
隐藏,concealment,隐藏,NOUN
苦练,hard training,苦练,NOUN
剑艺,swordsmanship,剑艺,NOUN
精进,improvement,精进,NOUN
心机,scheme,心机,NOUN
毒,poison,毒,NOUN
紫阴,purple yin,紫阴,NOUN
毒走,poison flow,毒走,NOUN
时辰,hour,时辰,NOUN
静脉,vein,静脉,NOUN
血就,blood then,血就,NOUN
倒流,backflow,倒流,NOUN
送命,death,送命,NOUN
这毒,this poison,这毒,NOUN
有解,curable,有解,NOUN
能解,can cure,能解,NOUN
相生,mutual generation,相生,NOUN
相克,mutual restriction,相克,NOUN
克一物,subduing object,克一物,NOUN
他吧,him,他吧,NOUN
以我,by me,以我,NOUN
内力,internal force,内力,NOUN
对时,matching time,对时,NOUN
骑我,riding me,骑我,NOUN
马去,horse departure,马去,NOUN
妈,mother,妈,NOUN
守住,guarding,守住,NOUN
真气,true qi,真气,NOUN
住气,breath holding,住气,NOUN
尚存,survival,尚存,NOUN
用这,using this,用这,NOUN
练神,spirit training,练神,NOUN
虚吧,illusion,虚吧,NOUN
解脱,liberation,解脱,NOUN
元寂,nirvana,元寂,NOUN
永恒,eternity,永恒,NOUN
提升,elevation,提升,NOUN
别放,holding,别放,NOUN
深爱,deep love,深爱,NOUN
游荡,wandering,游荡,NOUN
落进,falling into,落进,NOUN
黑暗,darkness,黑暗,NOUN
孤魂,lonely soul,孤魂,NOUN
他走,his departure,他走,NOUN
剑就托,sword entrustment,剑就托,NOUN
去武,demilitarization,去武,NOUN
还记,memory,还记,NOUN
愿吧,wish,愿吧,NOUN
快想,quick thought,快想,NOUN
撑住,support,撑住,NOUN
毗邻,adjacency,毗邻,NOUN
领军,commander,领军,NOUN
攻伐,attack,攻伐,NOUN
溃败,defeat,溃败,NOUN
际,moment,际,NOUN
一举,single stroke,一举,NOUN
扭转,reversal,扭转,NOUN
刻退,retreat,刻退,NOUN
追兵,pursuer,追兵,NOUN
黑衣,black robe,黑衣,NOUN
先走,departure,先走,NOUN
撤,withdrawal,撤,NOUN
南军,southern army,南军,NOUN
击退,repulse,击退,NOUN
获取,acquisition,获取,NOUN
大胜,great victory,大胜,NOUN
当晚,that evening,当晚,NOUN
位居,ranking,位居,NOUN
首功,first merit,首功,NOUN
包抄,flanking,包抄,NOUN
好饿,hunger,好饿,NOUN
得慢,slowness,得慢,NOUN
前些,recent past,前些,NOUN
病人,patient,病人,NOUN
太猛,ferocity,太猛,NOUN
顽疾,chronic illness,顽疾,NOUN
人却,person,人却,NOUN
我怕,fear,我怕,NOUN
念叨,muttering,念叨,NOUN
一躲,dodge,一躲,NOUN
卖菜,vegetable selling,卖菜,NOUN
赠一,gift,赠一,NOUN
倒好,goodness,倒好,NOUN
给人,giving,给人,NOUN
看病,medical visit,看病,NOUN
小十一,Little Eleven,小十一,NOUN
你醒醒,wake up,你醒醒,NOUN
非付,payment,非付,NOUN
再吵,quarreling,再吵,NOUN
都别吵,silence,都别吵,NOUN
国主,sovereign,国主,NOUN
亲笔,handwriting,亲笔,NOUN
这块,this piece,这块,NOUN
圣后,holy empress,圣后,NOUN
御令,imperial decree,御令,NOUN
厮杀,combat,厮杀,NOUN
目,eye,目,NOUN
纪,record,纪,NOUN
圣令,holy decree,圣令,NOUN
打啊,strike,打啊,NOUN
赶紧到,quick arrival,赶紧到,NOUN
去疗,treatment,去疗,NOUN
伤去,injury,伤去,NOUN
去晚,late arrival,去晚,NOUN
连药,medicine,连药,NOUN
渣子,dregs,渣子,NOUN
重啊,heaviness,重啊,NOUN
抬进,carrying in,抬进,NOUN
热水,hot water,热水,NOUN
烧好,boiled water,烧好,NOUN
好好好,okay,好好好,NOUN
快去,quick departure,快去,NOUN
三棱针,three-edged needle,三棱针,NOUN
桑皮线,mulberry thread,桑皮线,NOUN
隘,pass,隘,NOUN
那就索,thus,那就索,NOUN
取出,extraction,取出,NOUN
但箭,arrow,但箭,NOUN
太深,depth,太深,NOUN
愈合,healing,愈合,NOUN
谢过大人,thanks sir,谢过大人,NOUN
死伤,casualties,死伤,NOUN
掩护,cover,掩护,NOUN
伤亡,casualties,伤亡,NOUN
办妥,completion,办妥,NOUN
战后,postwar,战后,NOUN
伏,ambush,伏,NOUN
惜,pity,惜,NOUN
回夙砂,return Susha,回夙砂,NOUN
我撑,my support,我撑,NOUN
或许能,possibility,或许能,NOUN
包上,wrapping,包上,NOUN
手脚,limbs,手脚,NOUN
清理,cleanup,清理,NOUN
死掉,death,死掉,NOUN
安葬,burial,安葬,NOUN
那付,that pair,那付,NOUN
御医,imperial physician,御医,NOUN
好生诊治,careful treatment,好生诊治,NOUN
带他,bringing him,带他,NOUN
足足,full amount,足足,NOUN
之久,duration,之久,NOUN
丰厚,abundance,丰厚,NOUN
军械,munitions,军械,NOUN
士气,morale,士气,NOUN
高昂,high morale,高昂,NOUN
胜,victory,胜,NOUN
既是,being,既是,NOUN
破获,uncovering,破获,NOUN
可在,can be at,可在,NOUN
敌军,enemy army,敌军,NOUN
坠马,falling off horse,坠马,NOUN
主帅,commander,主帅,NOUN
军心,army morale,军心,NOUN
大乱,great chaos,大乱,NOUN
有异议,dissent,有异议,NOUN
刀剑,swords,刀剑,NOUN
无眼,blindness,无眼,NOUN
踞险,occupying strategic point,踞险,NOUN
易守,easy defense,易守,NOUN
难攻,difficult attack,难攻,NOUN
只带,only bringing,只带,NOUN
便破,then break,便破,NOUN
壮举,heroic feat,壮举,NOUN
难辞其咎,inescapable blame,难辞其咎,NOUN
安危,safety,安危,NOUN
最要紧,most important,最要紧,NOUN
接回,bringing back,接回,NOUN
此战,this battle,此战,NOUN
败因,cause of defeat,败因,NOUN
等大,equal size,等大,NOUN
给陛,to Majesty,给陛,NOUN
砂朝,Sha dynasty,砂朝,NOUN
主战,pro-war,主战,NOUN
揪,grab,揪,NOUN
借机,seizing opportunity,借机,NOUN
向凤随,Xiang Fengsui,向凤随,NOUN
听旁,eavesdropping,听旁,NOUN
虽败,defeat,虽败,NOUN
犹荣,glory,犹荣,NOUN
现已,present,现已,NOUN
传遍,spread,传遍,NOUN
用不,need,用不,NOUN
就会,will,就会,NOUN
口诛,condemnation,口诛,NOUN
笔伐,denunciation,笔伐,NOUN
至极,extreme,至极,NOUN
身受,suffering,身受,NOUN
此番,occasion,此番,NOUN
归来,return,归来,NOUN
命大,luck,命大,NOUN
测,measure,测,NOUN
你做,action,你做,NOUN
去死,death,去死,NOUN
别拉,pull,别拉,NOUN
付都尉,Commander Fu,付都尉,NOUN
不眠,sleeplessness,不眠,NOUN
休,rest,休,NOUN
你回,return,你回,NOUN
条河,river,条河,NOUN
冲走,wash,冲走,NOUN
树林,woods,树林,NOUN
找遍,search,找遍,NOUN
蛛,spider,蛛,NOUN
丝马迹,trace,丝马迹,NOUN
可眼下,present,可眼下,NOUN
天涯,horizon,天涯,NOUN
海角,shore,海角,NOUN
庄混,Zhuang Hun,庄混,NOUN
我用,use,我用,NOUN
剂量,dosage,剂量,NOUN
大了些,excess,大了些,NOUN
拆掉,removal,拆掉,NOUN
夹板,splint,夹板,NOUN
你要干,intent,你要干,NOUN
仇报,revenge,仇报,NOUN
讹钱,extortion,讹钱,NOUN
贯,coin,贯,NOUN
行了吧,enough,行了吧,NOUN
两千贯,two thousand coins,两千贯,NOUN
没事吧,no harm,没事吧,NOUN
五麻散,numb powder,五麻散,NOUN
效,effect,效,NOUN
行用,spending,行用,NOUN
力竭,exhaustion,力竭,NOUN
必倒,certain fall,必倒,NOUN
我吓蒙,fright,我吓蒙,NOUN
碰我,bumping,碰我,NOUN
你忘,forgetting,你忘,NOUN
就将,imminence,就将,NOUN
少庄,young master,少庄,NOUN
叫凌,Ling,叫凌,NOUN
水相,water phase,水相,NOUN
郎中,physician,郎中,NOUN
本分,duty,本分,NOUN
不不,denial,不不,NOUN
在那,that place,在那,NOUN
你头上,your head,你头上,NOUN
有伤,wound,有伤,NOUN
五脏,five organs,五脏,NOUN
移位,dislocation,移位,NOUN
筋,tendon,筋,NOUN
骨,bone,骨,NOUN
尽断,fracture,尽断,NOUN
接骨,bone-setting,接骨,NOUN
缝伤,suture,缝伤,NOUN
整,repair,整,NOUN
整花,flower arranging,整花,NOUN
条命,life,条命,NOUN
耗,waste,耗,NOUN
不利,disadvantage,不利,NOUN
干吗费神费力,pointless effort,干吗费神费力,NOUN
我叫,my name,我叫,NOUN
难治,incurable,难治,NOUN
你这伤,your wound,你这伤,NOUN
倒像,resemblance,倒像,NOUN
面射,direct shot,面射,NOUN
我自,myself,我自,NOUN
认见,recognition,认见,NOUN
理,principle,理,NOUN
相熟,acquaintance,相熟,NOUN
冷箭,cold arrow,冷箭,NOUN
先养,early nourishment,先养,NOUN
好伤,injury recovery,好伤,NOUN
用药,medication,用药,NOUN
去后,afterward,去后,NOUN
浸有,immersion,浸有,NOUN
珍稀,rarity,珍稀,NOUN
红花,safflower,红花,NOUN
极寒,extreme cold,极寒,NOUN
各种,variety,各种,NOUN
此丹,pill,此丹,NOUN
固,solidity,固,NOUN
元散,vitality powder,元散,NOUN
溃烂,ulceration,溃烂,NOUN
血流,blood flow,血流,NOUN
等你泡,soaking,等你泡,NOUN
完药,medication completion,完药,NOUN
小看,underestimation,小看,NOUN
粒药,pill,粒药,NOUN
炼,refining,炼,NOUN
跑遍,running around,跑遍,NOUN
寻,search,寻,NOUN
前后,sequence,前后,NOUN
想害,harm intention,想害,NOUN
谢了,thanks,谢了,NOUN
都与,all with,都与,NOUN
你大可放心,reassurance,你大可放心,NOUN
浸泡,immersion,浸泡,NOUN
起初,beginning,起初,NOUN
疼痛,pain,疼痛,NOUN
片刻,moment,片刻,NOUN
人会,human capacity,人会,NOUN
迟钝,dullness,迟钝,NOUN
会有,existence,会有,NOUN
眩,dizziness,眩,NOUN
主说,lord's words,主说,NOUN
内有,contents,内有,NOUN
绝佳,excellence,绝佳,NOUN
玄,mystery,玄,NOUN
守候,vigil,守候,NOUN
你速去找,search,你速去找,NOUN
旧部,former subordinates,旧部,NOUN
重整,reorganization,重整,NOUN
好殿,good hall,好殿,NOUN
付一,payment,付一,NOUN
笑受,acceptance,笑受,NOUN
很有,abundance,很有,NOUN
仔细搜,careful search,仔细搜,NOUN
一搜,search,一搜,NOUN
点说,statement,点说,NOUN
官兵,soldiers,官兵,NOUN
在下振,vibration,在下振,NOUN
府典,prefectural registrar,府典,NOUN
自入,entry,自入,NOUN
身着,attire,身着,NOUN
颇重,heaviness,颇重,NOUN
你到底,truth,你到底,NOUN
你别装,pretense,你别装,NOUN
得重,heaviness,得重,NOUN
不重,lightness,不重,NOUN
撒开,release,撒开,NOUN
背信,treachery,背信,NOUN
弃义,faithlessness,弃义,NOUN
之徒,follower,之徒,NOUN
道弟,brotherhood,道弟,NOUN
暗箭,hidden arrow,暗箭,NOUN
莫怪,pardon,莫怪,NOUN
旧友,old friend,旧友,NOUN
借他,borrowing,借他,NOUN
搜了,search,搜了,NOUN
药房,pharmacy,药房,NOUN
搜过,search,搜过,NOUN
也没,absence,也没,NOUN
搜仔,search,搜仔,NOUN
都搜,search,都搜,NOUN
豪强,local tyrant,豪强,NOUN
作势,posture,作势,NOUN
讨,demand,讨,NOUN
我再搜一,re-search,我再搜一,NOUN
宁非,rhetorical question,宁非,NOUN
你回答,answer,你回答,NOUN
你干什么,inquiry,你干什么,NOUN
里边,inside,里边,NOUN
你别拉,prohibition,你别拉,NOUN
醒醒,awakening,醒醒,NOUN
伤势,injury,伤势,NOUN
好转,improvement,好转,NOUN
等下,wait,等下,NOUN
这夙,past matter,这夙,NOUN
砂大,sand size,砂大,NOUN
蛮不,unreasonableness,蛮不,NOUN
讲理,reasoning,讲理,NOUN
管得,management,管得,NOUN
管不,non-management,管不,NOUN
叫付,payment,叫付,NOUN
我方才,past moment,我方才,NOUN
都无动,immobility,都无动,NOUN
衷,heart,衷,NOUN
连命,life connection,连命,NOUN
这件,this item,这件,NOUN
话长,long story,话长,NOUN
帮我,help,帮我,NOUN
倒碗,bowl pouring,倒碗,NOUN
你敢骗我,deception dare,你敢骗我,NOUN
还愣,lingering stun,还愣,NOUN
着干,action,着干,NOUN
好不,intensity,好不,NOUN
声令,voice command,声令,NOUN
口口,mouth,口口,NOUN
声声,sound,声声,NOUN
定然,certainty,定然,NOUN
有仇,enmity,有仇,NOUN
屈指可数,countability,屈指可数,NOUN
急讯,urgent message,急讯,NOUN
至正,orthodoxy,至正,NOUN
支援,support,支援,NOUN
血腥,bloodshed,血腥,NOUN
每次,every time,每次,NOUN
几遍,several times,几遍,NOUN
说正事,business,说正事,NOUN
月前,month ago,月前,NOUN
若非你一箭,your arrow,若非你一箭,NOUN
将那,that,将那,NOUN
射落马下,shooting down,射落马下,NOUN
那他,then he,那他,NOUN
侥幸,luck,侥幸,NOUN
寻仇,revenge,寻仇,NOUN
称号,title,称号,NOUN
名号,name,名号,NOUN
威震,awe,威震,NOUN
仇必,enemy must,仇必,NOUN
岂敢,how dare,岂敢,NOUN
中途,halfway,中途,NOUN
哪座,which seat,哪座,NOUN
往西,westward,往西,NOUN
小女,daughter,小女,NOUN
不情,unreasonable,不情,NOUN
能否,whether,能否,NOUN
先将,first,先将,NOUN
养伤,recuperation,养伤,NOUN
跟我去,going with me,跟我去,NOUN
说得,speaking,说得,NOUN
惨败,crushing defeat,惨败,NOUN
束手,tied hands,束手,NOUN
擒地,capture,擒地,NOUN
掺和,meddling,掺和,NOUN
连牌,consecutive cards,连牌,NOUN
明正,clear justice,明正,NOUN
晚才,late,晚才,NOUN
从醉仙楼,from tavern,从醉仙楼,NOUN
居赶,rushing,居赶,NOUN
骠骑,cavalry,骠骑,NOUN
率领,leadership,率领,NOUN
三军,armed forces,三军,NOUN
开疆,territory expansion,开疆,NOUN
拓土,land expansion,拓土,NOUN
庸庸碌碌,mediocrity,庸庸碌碌,NOUN
明知,clear knowledge,明知,NOUN
昨日,yesterday,昨日,NOUN
欢喜,joy,欢喜,NOUN
多喝,extra drink,多喝,NOUN
虽坠,falling though,虽坠,NOUN
崖,cliff,崖,NOUN
太早,earliness,太早,NOUN
那山崖,that cliff,那山崖,NOUN
丈深,deep measure,丈深,NOUN
他绝,his refusal,他绝,NOUN
一事,one matter,一事,NOUN
死讯,death news,死讯,NOUN
那时,that time,那时,NOUN
刮目相看,renewed respect,刮目相看,NOUN
词藻,rhetoric,词藻,NOUN
堆砌,piling up,堆砌,NOUN
请息,request to rest,请息,NOUN
本就,original state,本就,NOUN
出兵,troop dispatch,出兵,NOUN
抱怨话,complaint,抱怨话,NOUN
要照,according to,要照,NOUN
怂恿,instigation,怂恿,NOUN
想方设法地,resourcefulness,想方设法地,NOUN
卸了,removal,卸了,NOUN
兵权,military power,兵权,NOUN
多嘴,talkativeness,多嘴,NOUN
营急报,urgent camp report,营急报,NOUN
都过,all passed,都过,NOUN
那片,that stretch,那片,NOUN
林子,woods,林子,NOUN
抹除掉,erasure,抹除掉,NOUN
掩盖,concealment,掩盖,NOUN
河边,riverside,河边,NOUN
搜到,discovery,搜到,NOUN
腰牌,waist token,腰牌,NOUN
材质,material,材质,NOUN
下方,underside,下方,NOUN
先受,initial suffering,先受,NOUN
再从,second cousin,再从,NOUN
了头,ending,了头,NOUN
虽侥,lucky chance,虽侥,NOUN
幸,fortune,幸,NOUN
而后,future,而后,NOUN
置,placement,置,NOUN
奇功,outstanding merit,奇功,NOUN
杰,hero,杰,NOUN
极高,extreme height,极高,NOUN
痛下,bitter decision,痛下,NOUN
遗物,relic,遗物,NOUN
此为,this,此为,NOUN
聘,betrothal gift,聘,NOUN
证,certificate,证,NOUN
山河,land,山河,NOUN
媒,matchmaker,媒,NOUN
许白首不离,lifelong promise,许白首不离,NOUN
相依,mutual dependence,相依,NOUN
卿可愿,willingness,卿可愿,NOUN
凤冠,phoenix coronet,凤冠,NOUN
帔,cape,帔,NOUN
红妆,bridal attire,红妆,NOUN
相嫁,marriage,相嫁,NOUN
等平陵,Pingling,等平陵,NOUN
待我拿,my take,待我拿,NOUN
听你,your word,听你,NOUN
背负,burden,背负,NOUN
血海,blood sea,血海,NOUN
深仇,grudge,深仇,NOUN
无亲无故,outsider,无亲无故,NOUN
贱如蝼蚁,vermin,贱如蝼蚁,NOUN
来到,arrival,来到,NOUN
最无,void,最无,NOUN
誓死,vow,誓死,NOUN
必噬,devouring,必噬,NOUN
饮其血,blood,饮其血,NOUN
屠,slaughter,屠,NOUN
一卒,soldier,一卒,NOUN
必诛,execution,必诛,NOUN
神态,demeanor,神态,NOUN
虽有,despite,虽有,NOUN
不甘,unwillingness,不甘,NOUN
有怨,grievance,有怨,NOUN
眼中,eyes,眼中,NOUN
迷茫,confusion,迷茫,NOUN
看样子,appearance,看样子,NOUN
找死,death wish,找死,NOUN
远非,far from,远非,NOUN
谜团,mystery,谜团,NOUN
存亡,survival,存亡,NOUN
承运,mandate,承运,NOUN
诏曰,edict,诏曰,NOUN
朕以,imperial use,朕以,NOUN
再受,re-suffering,再受,NOUN
战乱,war,战乱,NOUN
决意,determination,决意,NOUN
国罢,state truce,国罢,NOUN
战息,war cessation,战息,NOUN
永结,eternal alliance,永结,NOUN
邦交,diplomacy,邦交,NOUN
之谊,friendship,之谊,NOUN
特赐,bestowal,特赐,NOUN
上缘,supreme fate,上缘,NOUN
抑,suppression,抑,NOUN
大计,grand plan,大计,NOUN
必白费,futility,必白费,NOUN
怕你,fear,怕你,NOUN
疼得,pain,疼得,NOUN
汤药,medicine,汤药,NOUN
麻痒,numbness,麻痒,NOUN
浑身,whole body,浑身,NOUN
死不,refusal,死不,NOUN
帮你,help,帮你,NOUN
疤痕,scar,疤痕,NOUN
要辱,humiliation,要辱,NOUN
随军,army escort,随军,NOUN
婢女,maidservant,婢女,NOUN
亲力,personal effort,亲力,NOUN
沙场,battlefield,沙场,NOUN
大防,major defense,大防,NOUN
意吧,intention,意吧,NOUN
毕竟死,death,毕竟死,NOUN
老天给,heaven,老天给,NOUN
会念,memory,会念,NOUN
恩情,gratitude,恩情,NOUN
很大,size,很大,NOUN
断然,resolution,断然,NOUN
妨猜,guess,妨猜,NOUN
猜缘,fate,猜缘,NOUN
有赏,reward,有赏,NOUN
那干,deed,那干,NOUN
我哪儿,place,我哪儿,NOUN
胸有,chest,胸有,NOUN
狭隘,narrowness,狭隘,NOUN
敢议论,discussion,敢议论,NOUN
肚鸡,belly,肚鸡,NOUN
肠,intestine,肠,NOUN
偷听,eavesdropping,偷听,NOUN
坠下,fall,坠下,NOUN
派去,dispatch,派去,NOUN
坐以,seat,坐以,NOUN
待毙,death,待毙,NOUN
你要帮,help,你要帮,NOUN
背水,water,背水,NOUN
何意,meaning,何意,NOUN
趁他,opportunity,趁他,NOUN
他打,blow,他打,NOUN
总要,necessity,总要,NOUN
拿凤,phoenix,拿凤,NOUN
手底,hand,手底,NOUN
最终,end,最终,NOUN
大败,defeat,大败,NOUN
满朝,court,满朝,NOUN
要有,possession,要有,NOUN
落到,fall,落到,NOUN
息事,matter,息事,NOUN
宁人,person,宁人,NOUN
可解,solution,可解,NOUN
声下,voice,声下,NOUN
气地,anger,气地,NOUN
来求,plea,来求,NOUN
作何,deed,作何,NOUN
带她,escort,带她,NOUN
咱不回,refusal,咱不回,NOUN
召咱,summons,召咱,NOUN
赴,journey,赴,NOUN
命吧,fate,命吧,NOUN
咱要,will,咱要,NOUN
不长,brevity,不长,NOUN
记性,memory,记性,NOUN
给乱,chaos,给乱,NOUN
尽忠,loyalty,尽忠,NOUN
马革裹尸,martyrdom,马革裹尸,NOUN
的心,heart,的心,NOUN
凑齐,gathering,凑齐,NOUN
要挨家,round,要挨家,NOUN
挨户,round,挨户,NOUN
发放,distribution,发放,NOUN
自食,self-reliance,自食,NOUN
其力,strength,其力,NOUN
老弱,elderly,老弱,NOUN
妇孺,women and children,妇孺,NOUN
有去,departure,有去,NOUN
饭,meal,饭,NOUN
我不杀,mercy,我不杀,NOUN
少废话,silence,少废话,NOUN
属,belonging,属,NOUN
仇深似,grudge,仇深似,NOUN
刻有,inscription,刻有,NOUN
比我,comparison,比我,NOUN
落入,capture,落入,NOUN
我期,expectation,我期,NOUN
勒马,reining,勒马,NOUN
执迷,obsession,执迷,NOUN
悟,enlightenment,悟,NOUN
一心,devotion,一心,NOUN
我不介意拿你,indifference,我不介意拿你,NOUN
去祭奠,memorial,去祭奠,NOUN
阵亡,casualty,阵亡,NOUN
万千将士,troops,万千将士,NOUN
一念,single thought,一念,NOUN
摆布,manipulation,摆布,NOUN
你休想,wishful thinking,你休想,NOUN
前方探子来,front scout,前方探子来,NOUN
携,carrying,携,NOUN
之礼,ritual,之礼,NOUN
先回府,return mansion first,先回府,NOUN
姓庄,surname Zhuang,姓庄,NOUN
真该,really should,真该,NOUN
非赶,not catch up,非赶,NOUN
及位,reach position,及位,NOUN
奉匜沃盥,ritual handwashing,奉匜沃盥,NOUN
首加缁布冠,first capping,首加缁布冠,NOUN
始加,initial capping,始加,NOUN
元服,coming-of-age attire,元服,NOUN
幼志,childish ambition,幼志,NOUN
次加皮弁,second capping,次加皮弁,NOUN
吉月,auspicious month,吉月,NOUN
令辰,auspicious time,令辰,NOUN
威仪,dignified manner,威仪,NOUN
永受,eternally receive,永受,NOUN
三授,third bestowal,三授,NOUN
爵弁,ceremonial cap,爵弁,NOUN
以岁,by year,以岁,NOUN
以月,by month,以月,NOUN
具,complete,具,NOUN
黄耇,old age,黄耇,NOUN
无疆,boundless,无疆,NOUN
受天之庆,heaven's blessing,受天之庆,NOUN
礼成,ceremony complete,礼成,NOUN
恭迎,respectful welcome,恭迎,NOUN
口谕,oral decree,口谕,NOUN
免礼,dispense ceremony,免礼,NOUN
这路,this route,这路,NOUN
一人,one person,一人,NOUN
入城,entering city,入城,NOUN
我夙砂本,Susha origin,我夙砂本,NOUN
离奇,bizarre,离奇,NOUN
挂帅,taking command,挂帅,NOUN
战无,battle none,战无,NOUN
不胜,invincibility,不胜,NOUN
战神,god of war,战神,NOUN
转胜,turnaround,转胜,NOUN
实属,fact,实属,NOUN
出了,occurrence,出了,NOUN
你放肆,impudence,你放肆,NOUN
夙砂大,Susha,夙砂大,NOUN
也不,neither,也不,NOUN
好过,better-off,好过,NOUN
御林,imperial guard,御林,NOUN
羁押,detention,羁押,NOUN
带凤字,phoenix character,带凤字,NOUN
都保,insurance,都保,NOUN
人鱼,mermaid,人鱼,NOUN
懿,virtue,懿,NOUN
乱说,nonsense,乱说,NOUN
事殿,affair hall,事殿,NOUN
会给陛,will give majesty,会给陛,NOUN
你敢,audacity,你敢,NOUN
交人,handover,交人,NOUN
统领,commander,统领,NOUN
营中,camp,营中,NOUN
一概,entirety,一概,NOUN
知悉,knowledge,知悉,NOUN
只我,only-me,只我,NOUN
你疯,madness,你疯,NOUN
问些,inquiry,问些,NOUN
问完,questioning,问完,NOUN
还出得来,can-exit,还出得来,NOUN
都别争,stop-arguing,都别争,NOUN
先是,firstly,先是,NOUN
皇上,emperor,皇上,NOUN
大殿,hall,大殿,NOUN
这营,this-camp,这营,NOUN
来龙,origin,来龙,NOUN
去脉,development,去脉,NOUN
我比,I-than,我比,NOUN
阎王,Yama,阎王,NOUN
门口,doorway,门口,NOUN
来来回回,back-and-forth,来来回回,NOUN
大堂,hall,大堂,NOUN
比去,departure,比去,NOUN
茅房,outhouse,茅房,NOUN
轻快,briskness,轻快,NOUN
娃子,child,娃子,NOUN
气盛,vigor,气盛,NOUN
拖家,family,拖家,NOUN
带口,family,带口,NOUN
做不,failure,做不,NOUN
内奸,mole,内奸,NOUN
太麻烦,trouble,太麻烦,NOUN
独身,bachelor,独身,NOUN
无牵,no attachment,无牵,NOUN
无挂,no worry,无挂,NOUN
最像,most like,最像,NOUN
营听,eavesdrop,营听,NOUN
老兵,veteran,老兵,NOUN
追随,pursuit,追随,NOUN
率千,lead thousand,率千,NOUN
骑破,ride break,骑破,NOUN
割下,cut off,割下,NOUN
攻城时,siege time,攻城时,NOUN
挡下,block,挡下,NOUN
当头,on head,当头,NOUN
脖颈,neck,脖颈,NOUN
偏离,deviation,偏离,NOUN
半寸,half inch,半寸,NOUN
立马人头落地,head falls,立马人头落地,NOUN
说他,say he,说他,NOUN
谁信,who believes,谁信,NOUN
队,squad,队,NOUN
插向,thrust toward,插向,NOUN
巨石,boulder,巨石,NOUN
现,present,现,NOUN
你信,letter,你信,NOUN
放庄,bank,放庄,NOUN
近前,approach,近前,NOUN
聊聊,chat,聊聊,NOUN
禀告,report,禀告,NOUN
近点说,brief,近点说,NOUN
忌日,death anniversary,忌日,NOUN
就来替你,replacement,就来替你,NOUN
着实,earnestness,着实,NOUN
能以,capability,能以,NOUN
待你,treatment,待你,NOUN
伤好,recovery,伤好,NOUN
得差,errand,得差,NOUN
细细,details,细细,NOUN
我与你,relationship,我与你,NOUN
好付,payment,好付,NOUN
怕我跑,fear,怕我跑,NOUN
不急,patience,不急,NOUN
打了败仗,defeat,打了败仗,NOUN
好回,return,好回,NOUN
思过,repentance,思过,NOUN
待朕传召,summons,待朕传召,NOUN
脸面,face,脸面,NOUN
擅闯,trespass,擅闯,NOUN
做大哥,eldest brother,做大哥,NOUN
让天,concession,让天,NOUN
生辰,birthday,生辰,NOUN
后定,decision,后定,NOUN
我办,handling,我办,NOUN
选得,choice,选得,NOUN
巧,coincidence,巧,NOUN
我派,dispatch,我派,NOUN
人送,delivery,人送,NOUN
到你,arrival,到你,NOUN
寝宫,bedchamber,寝宫,NOUN
去看看,visit,去看看,NOUN
营内,camp,营内,NOUN
有奸细,spy,有奸细,NOUN
行军,march,行军,NOUN
败兵,defeated soldier,败兵,NOUN
早有,preparation,早有,NOUN
禀陛,report,禀陛,NOUN
末,end,末,NOUN
拜见,audience,拜见,NOUN
谢陛,gratitude,谢陛,NOUN
拿给,handover,拿给,NOUN
许认得,recognition,许认得,NOUN
盒中,box,盒中,NOUN
妨,harm,妨,NOUN
直说,bluntness,直说,NOUN
打哑谜,charades,打哑谜,NOUN
侍郎,vice-minister,侍郎,NOUN
感,feeling,感,NOUN
面装,disguise,面装,NOUN
首级,head,首级,NOUN
沿途,route,沿途,NOUN
伏法,execution,伏法,NOUN
还望,hope,还望,NOUN
明察,scrutiny,明察,NOUN
按律当斩,beheading,按律当斩,NOUN
无中生,fabrication,无中生,NOUN
此人,person,此人,NOUN
脱不,escape,脱不,NOUN
你说得,remark,你说得,NOUN
轻巧,ease,轻巧,NOUN
外门,outer-gate,外门,NOUN
子侄,nephews,子侄,NOUN
我收,acceptance,我收,NOUN
晚年,old-age,晚年,NOUN
送终,funeral,送终,NOUN
归义子,adopted-son,归义子,NOUN
教子,child-rearing,教子,NOUN
无方,method,无方,NOUN
万死,death,万死,NOUN
看来本,appearance,看来本,NOUN
先见,foresight,先见,NOUN
成年,adulthood,成年,NOUN
国之,nation,国之,NOUN
幸事,blessing,幸事,NOUN
礼制,ritual,礼制,NOUN
给母,mother,给母,NOUN
请安,greeting,请安,NOUN
快先,haste,快先,NOUN
搅,stir,搅,NOUN
兄说,brother,兄说,NOUN
这本,book,这本,NOUN
册子,booklet,册子,NOUN
百官,official,百官,NOUN
深受,depth,深受,NOUN
勤加,diligence,勤加,NOUN
走动,walk,走动,NOUN
都命,command,都命,NOUN
地记,record,地记,NOUN
成人,adult,成人,NOUN
替父,proxy,替父,NOUN
就够,enough,就够,NOUN
只想好,wish,只想好,NOUN
好练,practice,好练,NOUN
也想,wish,也想,NOUN
骁勇善,bravery,骁勇善,NOUN
你看,sight,你看,NOUN
哄得,coaxing,哄得,NOUN
团,group,团,NOUN
团转,circle,团转,NOUN
你皇,emperor,你皇,NOUN
兄心,brotherly heart,兄心,NOUN
思深沉,deep thought,思深沉,NOUN
你万,ten thousand,你万,NOUN
太近,closeness,太近,NOUN
骁勇,valiance,骁勇,NOUN
善战,warrior,善战,NOUN
行事,conduct,行事,NOUN
磊落,integrity,磊落,NOUN
心目,mind,心目,NOUN
他待你,treatment,他待你,NOUN
越好,better,越好,NOUN
你越,more,你越,NOUN
提防,caution,提防,NOUN
存的,storage,存的,NOUN
把及,grasp,把及,NOUN
娘存,keeping,娘存,NOUN
偏,bias,偏,NOUN
袒,exposure,袒,NOUN
理字,reason,理字,NOUN
要害,vital point,要害,NOUN
诡辩,sophistry,诡辩,NOUN
父皇要,imperial father's will,父皇要,NOUN
胸刺,chest stab,胸刺,NOUN
偿命,life retribution,偿命,NOUN
可好,well-being,可好,NOUN
我看你,my scrutiny,我看你,NOUN
横行,rampant tyranny,横行,NOUN
惯,habit,惯,NOUN
收敛,restraint,收敛,NOUN
秉性,temperament,秉性,NOUN
朕看,imperial gaze,朕看,NOUN
暂不,temporary refusal,暂不,NOUN
露上,appearance,露上,NOUN
再回去,return,再回去,NOUN
改日吧,another day,改日吧,NOUN
你皇弟,imperial brother,你皇弟,NOUN
你多,your excess,你多,NOUN
亲近,intimacy,亲近,NOUN
他定,his certainty,他定,NOUN
改日,another day,改日,NOUN
母恩难,maternal grace,母恩难,NOUN
还请,request,还请,NOUN
应允,consent,应允,NOUN
我要见,my audience,我要见,NOUN
供出,confession,供出,NOUN
同谋,co-conspirator,同谋,NOUN
宫女,palace maid,宫女,NOUN
也指证你,implication,也指证你,NOUN
密会,secret meeting,密会,NOUN
你算,your reckoning,你算,NOUN
我母后,empress mother,我母后,NOUN
我母后呢,empress mother,我母后呢,NOUN
母后呢,empress mother,母后呢,NOUN
你母后,empress mother,你母后,NOUN
元妃,Consort Yuan,元妃,NOUN
歌儿,song,歌儿,NOUN
就交,surrender,就交,NOUN
料事,prediction,料事,NOUN
如神,divine,如神,NOUN
失足,misstep,失足,NOUN
坠崖,cliff fall,坠崖,NOUN
卜,divination,卜,NOUN
连下,consecutive falls,连下,NOUN
但您,but you,但您,NOUN
真要,really want,真要,NOUN
咱这,our this,咱这,NOUN
养虎,raising tiger,养虎,NOUN
患吗,worry,患吗,NOUN
我恨,I hate,我恨,NOUN
捅,stab,捅,NOUN
日起,from day,日起,NOUN
相待,mutual treatment,相待,NOUN
但难,but difficult,但难,NOUN
军令,military order,军令,NOUN
谜题,puzzle,谜题,NOUN
可这,but this,可这,NOUN
肆意,wantonness,肆意,NOUN
当街,in street,当街,NOUN
砍了,chop,砍了,NOUN
您在,you are,您在,NOUN
半分,half,半分,NOUN
任由,at will,任由,NOUN
歌草,song grass,歌草,NOUN
菅,care,菅,NOUN
人命,human life,人命,NOUN
死得冤,unjust death,死得冤,NOUN
人行,pedestrian,人行,NOUN
也来,also come,也来,NOUN
无天,no heaven,无天,NOUN
我迟早,sooner or later,我迟早,NOUN
愿尽心尽力,do one's best,愿尽心尽力,NOUN
效犬,serve as dog,效犬,NOUN
夺嫡,seize heir,夺嫡,NOUN
权倾,power tilt,权倾,NOUN
朝野,court and country,朝野,NOUN
我所,my place,我所,NOUN
报应,retribution,报应,NOUN
瞧一瞧,take a look,瞧一瞧,NOUN
看一看啦,have a look,看一看啦,NOUN
你吓死我,you scared me,你吓死我,NOUN
打了,hit,打了,NOUN
挨罚,punishment,挨罚,NOUN
你又,again,你又,NOUN
骗人,deception,骗人,NOUN
你尝尝,taste,你尝尝,NOUN
喝杯,cup,喝杯,NOUN
聊吧,chat,聊吧,NOUN
好啊,okay,好啊,NOUN
太妙,wonder,太妙,NOUN
你小心,caution,你小心,NOUN
晚膳,dinner,晚膳,NOUN
起疑,suspicion,起疑,NOUN
脾胃,stomach,脾胃,NOUN
不适,discomfort,不适,NOUN
词我,word,词我,NOUN
宫里,palace,宫里,NOUN
走快,haste,走快,NOUN
稳重,steadiness,稳重,NOUN
吃快,haste,吃快,NOUN
仪态,demeanor,仪态,NOUN
我连,I,我连,NOUN
金枝玉叶,princess,金枝玉叶,NOUN
那不,denial,那不,NOUN
打呼,snore,打呼,NOUN
可要,necessity,可要,NOUN
嫌弃,disdain,嫌弃,NOUN
打呼噜,snore,打呼噜,NOUN
敢欺负你,bully,敢欺负你,NOUN
出气,venting,出气,NOUN
屈,injustice,屈,NOUN
负,debt,负,NOUN
每天,every day,每天,NOUN
无虑,worry-free,无虑,NOUN
可越,surpassing,可越,NOUN
都对,all correct,都对,NOUN
厌烦,annoyance,厌烦,NOUN
傻丫头,silly girl,傻丫头,NOUN
烦不,bother,烦不,NOUN
得听,must listen,得听,NOUN
受我,accept me,受我,NOUN
许躲,allow hiding,许躲,NOUN
疼疼疼,pain,疼疼疼,NOUN
都记,memory,都记,NOUN
都下去,descent,都下去,NOUN
虽是,concession,虽是,NOUN
猖狂,brazenness,猖狂,NOUN
当众,public,当众,NOUN
事已,done,事已,NOUN
多说,words,多说,NOUN
无益,futility,无益,NOUN
长相,appearance,长相,NOUN
活过,survival,活过,NOUN
立,standing,立,NOUN
只知道,knowledge,只知道,NOUN
痛哭,weeping,痛哭,NOUN
流涕,tears,流涕,NOUN
一早,morning,一早,NOUN
掀不起,stir,掀不起,NOUN
风浪,storm,风浪,NOUN
在宫中,palace,在宫中,NOUN
暴毙,sudden death,暴毙,NOUN
我和你,you and I,我和你,NOUN
剑术,swordsmanship,剑术,NOUN
长进,progress,长进,NOUN
送我,farewell,送我,NOUN
隐忍,restraint,隐忍,NOUN
又怎会,how,又怎会,NOUN
长子,eldest son,长子,NOUN
适婚,marriageable,适婚,NOUN
等他,waiting,等他,NOUN
大婚,wedding,大婚,NOUN
生子,birth,生子,NOUN
封王,enfeoffment,封王,NOUN
外加,addition,外加,NOUN
最佳,best,最佳,NOUN
人选,candidate,人选,NOUN
承阳,Chengyang,承阳,NOUN
登上,ascension,登上,NOUN
皇位,throne,皇位,NOUN
听凭,submission,听凭,NOUN
出嫁,marriage,出嫁,NOUN
必多问,inquiry,必多问,NOUN
我留,retention,我留,NOUN
养好,nurturing,养好,NOUN
对我,concern,对我,NOUN
喊打,battle cry,喊打,NOUN
白费,waste,白费,NOUN
死了,death,死了,NOUN
我左手已废,impairment,我左手已废,NOUN
砚,inkstone,砚,NOUN
台,platform,台,NOUN
善堂,charity hall,善堂,NOUN
留你,retention,留你,NOUN
一命,life,一命,NOUN
则生,survival,则生,NOUN
尖,point,尖,NOUN
锐之物,sharp object,锐之物,NOUN
有大,greatness,有大,NOUN
寻死,suicide,寻死,NOUN
才有机,opportunity,才有机,NOUN
查明,investigation,查明,NOUN
总得备,preparation,总得备,NOUN
菜吧,vegetables,菜吧,NOUN
暗通锦,secret alliance,暗通锦,NOUN
扳倒,overthrow,扳倒,NOUN
你也,peer,你也,NOUN
目睹,witness,目睹,NOUN
我置,placement,我置,NOUN
在外,exterior,在外,NOUN
背刺,backstab,背刺,NOUN
相怜,compassion,相怜,NOUN
你是,identity,你是,NOUN
借刀,borrowed knife,借刀,NOUN
叫帮,aid,叫帮,NOUN
叫借,borrowing,叫借,NOUN
叫作,designation,叫作,NOUN
各取,acquisition,各取,NOUN
左手废,impairment,左手废,NOUN
也敌,adversary,也敌,NOUN
全然,entirety,全然,NOUN
就站,standing,就站,NOUN
你面前,presence,你面前,NOUN
你恐怕,fear,你恐怕,NOUN
难分,confusion,难分,NOUN
敌友,foe,敌友,NOUN
而我,self,而我,NOUN
你大,greatness,你大,NOUN
用不着,need,用不着,NOUN
不就,merely,不就,NOUN
费心思,effort,费心思,NOUN
你可别,prohibition,你可别,NOUN
预祝,congratulation,预祝,NOUN
账你,account,账你,NOUN
我可,self,我可,NOUN
一算,calculation,一算,NOUN
敢伤,dare,敢伤,NOUN
半根寒毛,hair,半根寒毛,NOUN
都退,retreat,都退,NOUN
你倒,fall,你倒,NOUN
沉得,sinking,沉得,NOUN
气嘛,anger,气嘛,NOUN
鼓地,drum,鼓地,NOUN
引来,lure,引来,NOUN
杀身,death,杀身,NOUN
谁先死,death,谁先死,NOUN
你来驾车,driving,你来驾车,NOUN
醉翁,drunkard,醉翁,NOUN
就说,saying,就说,NOUN
秦伯,duke,秦伯,NOUN
管管,control,管管,NOUN
粥食,porridge,粥食,NOUN
哪儿来,origin,哪儿来,NOUN
来找,search,来找,NOUN
会武,tournament,会武,NOUN
素,plain,素,NOUN
说过,saying,说过,NOUN
外多,exterior,外多,NOUN
长些,length,长些,NOUN
心眼,wits,心眼,NOUN
你愿,wish,你愿,NOUN
答就答,answer,答就答,NOUN
哪够,how enough,哪够,NOUN
便够,just enough,便够,NOUN
贪心,greed,贪心,NOUN
来日,future,来日,NOUN
大恩,great favor,大恩,NOUN
扛,carrying,扛,NOUN
送你,give you,送你,NOUN
等我,wait for me,等我,NOUN
备上,prepare,备上,NOUN
细皮,fine skin,细皮,NOUN
面首,gigolo,面首,NOUN
倒也,actually,倒也,NOUN
那一箭,that arrow,那一箭,NOUN
你也活不,you cannot live,你也活不,NOUN
落在,fall on,落在,NOUN
手上,hand,手上,NOUN
你俩,you two,你俩,NOUN
那边,there,那边,NOUN
对不对,right or wrong,对不对,NOUN
减,decrease,减,NOUN
好多鞭,many whips,好多鞭,NOUN
我中,in me,我中,NOUN
救我,save me,救我,NOUN
仇必报,vengeance,仇必报,NOUN
恩仇,gratitude and enmity,恩仇,NOUN
太得寸,push luck,太得寸,NOUN
进尺,push further,进尺,NOUN
胁,coercion,胁,NOUN
迫,pressure,迫,NOUN
不全,incomplete,不全,NOUN
泄愤,venting anger,泄愤,NOUN
而是,but rather,而是,NOUN
想引,want to lure,想引,NOUN
出些,some out,出些,NOUN
人吧,person,人吧,NOUN
说说,talk,说说,NOUN
引出,draw out,引出,NOUN
年仗,annual battle,年仗,NOUN
连身,whole body,连身,NOUN
活到,live to,活到,NOUN
从正念,mindfulness,从正念,NOUN
擒住,capture,擒住,NOUN
趁我,opportunity,趁我,NOUN
拼得,struggle,拼得,NOUN
鱼死,death,鱼死,NOUN
网破,rupture,网破,NOUN
坐收,harvest,坐收,NOUN
渔利,profit,渔利,NOUN
双雕,eagle,双雕,NOUN
眼线,informant,眼线,NOUN
刻敢,courage,刻敢,NOUN
落空,failure,落空,NOUN
反悔,regret,反悔,NOUN
似笑,smile,似笑,NOUN
阴险,treacherousness,阴险,NOUN
亦正,righteousness,亦正,NOUN
捉摸,guess,捉摸,NOUN
透,transparency,透,NOUN
能射,shot,能射,NOUN
你我,us,你我,NOUN
就行,acceptance,就行,NOUN
妨来,hindrance,妨来,NOUN
就赌,gamble,就赌,NOUN
我能,capability,我能,NOUN
敢吗,challenge,敢吗,NOUN
有何,what,有何,NOUN
驿,station,驿,NOUN
子底,bottom,子底,NOUN
有且,existence,有且,NOUN
必中,hit,必中,NOUN
援,aid,援,NOUN
草惊蛇,snake,草惊蛇,NOUN
我有我,self,我有我,NOUN
做出,action,做出,NOUN
幕后,backstage,幕后,NOUN
之力,power,之力,NOUN
一言,word,一言,NOUN
还差,shortage,还差,NOUN
哪出,act,哪出,NOUN
都转,turn,都转,NOUN
你笑,your laugh,你笑,NOUN
你看你,look at you,你看你,NOUN
又笑,laugh again,又笑,NOUN
调集,mobilization,调集,NOUN
大举,large-scale,大举,NOUN
反攻,counterattack,反攻,NOUN
翼,wing,翼,NOUN
齐出,all out,齐出,NOUN
三面围,three-sided siege,三面围,NOUN
剿,extermination,剿,NOUN
连我,even me,连我,NOUN
楚,Chu,楚,NOUN
这三,these three,这三,NOUN
给攻,attack,给攻,NOUN
将死无,dying without,将死无,NOUN
无葬身,no burial place,无葬身,NOUN
照你,your photo,照你,NOUN
有功,merit,有功,NOUN
之臣,vassal,之臣,NOUN
要置,essential equipment,要置,NOUN
机密,secret,机密,NOUN
这倒,this indeed,这倒,NOUN
隐秘,secret,隐秘,NOUN
藤,vine,藤,NOUN
摸瓜,melon groping,摸瓜,NOUN
挖,digging,挖,NOUN
老贼,old thief,老贼,NOUN
军营,military camp,军营,NOUN
一聊,a chat,一聊,NOUN
极为,extremity,极为,NOUN
臣下,subject,臣下,NOUN
握呀,grip,握呀,NOUN
良药,good medicine,良药,NOUN
好药,good medicine,好药,NOUN
总而,sum total,总而,NOUN
给治好,cure,给治好,NOUN
虽说,concession,虽说,NOUN
办呢,how to do it,办呢,ADV
让妾,concubine dismissal,让妾,NOUN
那为夫,husband,那为夫,NOUN
也替,substitute,也替,NOUN
我刚才,just now,我刚才,NOUN
听错,mishearing,听错,NOUN
爱妾呀,concubine,爱妾呀,NOUN
待字闺阁,maiden,待字闺阁,NOUN
太静,silence,太静,NOUN
敌,enemy,敌,NOUN
国女,princess,国女,NOUN
生龙,dragon,生龙,NOUN
活虎,tiger,活虎,NOUN
这口,mouth,这口,NOUN
哪口,mouth,哪口,NOUN
画付,painting,画付,NOUN
你想想,thought,你想想,NOUN
栩栩如生,realism,栩栩如生,NOUN
英气,heroism,英气,NOUN
逼,force,逼,NOUN
先兆,omen,先兆,NOUN
后知,realization,后知,NOUN
后觉,awakening,后觉,NOUN
但好,good,但好,NOUN
闲工夫,leisure,闲工夫,NOUN
妾,concubine,妾,NOUN
名头,name,名头,NOUN
女眷,female relatives,女眷,NOUN
你贸然,rashness,你贸然,NOUN
必会,certainty,必会,NOUN
引人,attraction,引人,NOUN
家眷,family,家眷,NOUN
你这,this,你这,NOUN
行头,costume,行头,NOUN
若就,if,若就,NOUN
离去,departure,离去,NOUN
听不,deafness,听不,NOUN
跪,kneeling,跪,NOUN
别拆,dismantling,别拆,NOUN
穿绑,binding,穿绑,NOUN
奴,servant,奴,NOUN
婢,maid,婢,NOUN
打扮成,disguise,打扮成,NOUN
鬼样子,ghostly look,鬼样子,NOUN
夫君,husband,夫君,NOUN
逛逛,stroll,逛逛,NOUN
就想,desire,就想,NOUN
灵芝十株,ten reishi,灵芝十株,NOUN
冬虫,winter worm,冬虫,NOUN
夏草,summer grass,夏草,NOUN
两斤,two jin,两斤,NOUN
进贡,tribute,进贡,NOUN
斤,jin,斤,NOUN
塞外,outer frontier,塞外,NOUN
若干,several,若干,NOUN
西域,western regions,西域,NOUN
人参,ginseng,人参,NOUN
太狠,cruelty,太狠,NOUN
名贵,preciousness,名贵,NOUN
痊愈,recovery,痊愈,NOUN
达成,achievement,达成,NOUN
抱有,holding,抱有,NOUN
敌意,hostility,敌意,NOUN
我处,my place,我处,NOUN
倒要,wish,倒要,NOUN
你耍,trick,你耍,NOUN
花样,pattern,花样,NOUN
从锦,from brocade,从锦,NOUN
纳,stitch,纳,NOUN
戴银,silver,戴银,NOUN
也显,display,也显,NOUN
贵气,nobility,贵气,NOUN
真厉害,greatness,真厉害,NOUN
举止,bearing,举止,NOUN
粗鲁,rudeness,粗鲁,NOUN
皇妃,imperial consort,皇妃,NOUN
真配,worthiness,真配,NOUN
实待,treatment,实待,NOUN
街,street,街,NOUN
与其让,preference,与其让,NOUN
费尽,exhaustion,费尽,NOUN
心力,effort,心力,NOUN
天香,heavenly fragrance,天香,NOUN
但也,but also,但也,NOUN
一猜,guess,一猜,NOUN
闹出,commotion,闹出,NOUN
阵仗,fuss,阵仗,NOUN
你想多,overthinking,你想多,NOUN
美景,scenery,美景,NOUN
上演,staging,上演,NOUN
手刃亲夫,husband-slaying,手刃亲夫,NOUN
戏码,drama,戏码,NOUN
须,necessity,须,NOUN
一问,question,一问,NOUN
大庭,public,大庭,NOUN
广众,crowd,广众,NOUN
诱饵,bait,诱饵,NOUN
一路上,all along,一路上,NOUN
尾随,tail,尾随,NOUN
过世,passing,过世,NOUN
堵上,block,堵上,NOUN
敢撞,dare,敢撞,NOUN
善茬,pushover,善茬,NOUN
许久,long time,许久,NOUN
能死,death,能死,NOUN
祸害,plague,祸害,NOUN
遗千,legacy,遗千,NOUN
就死,death,就死,NOUN
绝世,unparalleled,绝世,NOUN
风流倜傥,dashing,风流倜傥,NOUN
慕容,Murong,慕容,NOUN
玉树,jade tree,玉树,NOUN
临风,in wind,临风,NOUN
是啊,yes,是啊,NOUN
上下,up-down,上下,NOUN
我见,I see,我见,NOUN
犹怜,pity,犹怜,NOUN
可否,may,可否,NOUN
芳名,name,芳名,NOUN
那晚,that night,那晚,NOUN
梦中,dream,梦中,NOUN
谁都不,no one,谁都不,NOUN
你会纳妾,concubine,你会纳妾,NOUN
骗鬼,deception,骗鬼,NOUN
这玉,jade,这玉,NOUN
姿色,beauty,姿色,NOUN
行什么行,trade,行什么行,NOUN
我气,anger,我气,NOUN
消,dissipation,消,NOUN
车上,cart,车上,NOUN
你车,cart,你车,NOUN
去你,departure,去你,NOUN
你行,capability,你行,NOUN
哪儿弄来,source,哪儿弄来,NOUN
长乐小侯,Changle Marquis,长乐小侯,NOUN
自小,childhood,自小,NOUN
玩伴,playmate,玩伴,NOUN
不亚,parity,不亚,NOUN
有好事,good news,有好事,NOUN
都加,total,都加,NOUN
我把,possession,我把,NOUN
给忘,forgetting,给忘,NOUN
阿方啊,Ah Fang,阿方啊,NOUN
很乖,obedience,很乖,NOUN
车马劳顿,travel fatigue,车马劳顿,NOUN
再叙,recounting,再叙,NOUN
你说呢,opinion,你说呢,NOUN
好不好,consent,好不好,NOUN
失掉,loss,失掉,NOUN
可有,possession,可有,NOUN
收过,receipt,收过,NOUN
劲,vigor,劲,NOUN
说谎,lie,说谎,NOUN
你外出,outing,你外出,NOUN
问宁,inquiry,问宁,NOUN
也听,listening,也听,NOUN
说些,remarks,说些,NOUN
从哪,origin,从哪,NOUN
回哪,return destination,回哪,NOUN
有劳你,your trouble,有劳你,NOUN
送走,to see off,送走,NOUN
送去,to send,送去,NOUN
我偌大,my big one,我偌大,NOUN
那般,manner,那般,NOUN
冷血,cold blood,冷血,NOUN
无情,ruthlessness,无情,NOUN
认,recognition,认,NOUN
试试,attempt,试试,NOUN
咬人,biting,咬人,NOUN
其在,presence,其在,NOUN
费力气,effort,费力气,NOUN
填饱,satiety,填饱,NOUN
菜来,dish,菜来,NOUN
本侯,lord,本侯,NOUN
一一,each,一一,NOUN
珍馐,delicacy,珍馐,NOUN
蟹酿,stuffed crab,蟹酿,NOUN
橙,orange,橙,NOUN
居,residence,居,NOUN
鹌子,quail,鹌子,NOUN
水晶,crystal,水晶,NOUN
赛,competition,赛,NOUN
江瑶清羹,clear soup,江瑶清羹,NOUN
膏,paste,膏,NOUN
各大,major,各大,NOUN
酒楼,tavern,酒楼,NOUN
菜品,dish,菜品,NOUN
秘制,secret recipe,秘制,NOUN
烤全羊,roast lamb,烤全羊,NOUN
完都赞,praise,完都赞,NOUN
快些,hurry,快些,NOUN
吃完,finishing,吃完,NOUN
赶紧回去,return,赶紧回去,NOUN
别愣,daze,别愣,NOUN
这酒盏,wine cup,这酒盏,NOUN
破酒,cheap wine,破酒,NOUN
可配,pairing,可配,NOUN
设宴,banquet,设宴,NOUN
歌回,song,歌回,NOUN
也祝,blessing,也祝,NOUN
再胡,nonsense,再胡,NOUN
八道,nonsense,八道,NOUN
我割,cut,我割,NOUN
美人,beauty,美人,NOUN
我来敬,a toast,我来敬,NOUN
喜,joy,喜,NOUN
饮酒,drinking,饮酒,NOUN
气魄,boldness,气魄,NOUN
真让,true concession,真让,NOUN
倾心,devotion,倾心,NOUN
上住,upper residence,上住,NOUN
胸宽,chest width,胸宽,NOUN
阔,width,阔,NOUN
地域,region,地域,NOUN
姐妹,sisters,姐妹,NOUN
人多,crowd,人多,NOUN
冷冷,coldly,冷冷,ADV
些臭,some stink,些臭,NOUN
那你呢,what about you,那你呢,NOUN
冒犯大,great offense,冒犯大,NOUN
医仙,divine physician,医仙,NOUN
失敬失敬,apology for disrespect,失敬失敬,NOUN
谢你,thanks,谢你,NOUN
身伤,wound,身伤,NOUN
快地,speed,快地,NOUN
先干,priority,先干,NOUN
吃饱,satiety,吃饱,NOUN
也先,precedence,也先,NOUN
我那羊,sheep,我那羊,NOUN
烤透呢,roast,烤透呢,NOUN
放走,release,放走,NOUN
不解,puzzle,不解,NOUN
风情,charm,风情,NOUN
柔顺,docility,柔顺,NOUN
枉费,futility,枉费,NOUN
我吃,meal,我吃,NOUN
神色,expression,神色,NOUN
并不,negation,并不,NOUN
似假,pretense,似假,NOUN
多虑,worry,多虑,NOUN
程,journey,程,NOUN
心死,despair,心死,NOUN
我再带,escort,我再带,NOUN
回山,return,回山,NOUN
仅此,limit,仅此,NOUN
伙儿,partner,伙儿,NOUN
枉我,futility,枉我,NOUN
你居然,surprise,你居然,NOUN
你敬酒,toast,你敬酒,NOUN
你知道,knowledge,你知道,NOUN
触犯,violation,触犯,NOUN
整间,room,整间,NOUN
血染,bloodstain,血染,NOUN
那块,piece,那块,NOUN
整整,whole,整整,NOUN
清洗,cleansing,清洗,NOUN
才洗,washing,才洗,NOUN
我信你,trust,我信你,NOUN
伪装,disguise,伪装,NOUN
足以,sufficiency,足以,NOUN
可得,gain,可得,NOUN
偷鸡,theft,偷鸡,NOUN
成蚀,erosion,成蚀,NOUN
再让,yield,再让,NOUN
给伤,injury,给伤,NOUN
暗地里,secrecy,暗地里,NOUN
投诚,surrender,投诚,NOUN
俘获,capture,俘获,NOUN
芳心,heart,芳心,NOUN
你不,denial,你不,NOUN
说算,decision,说算,NOUN
驻守,garrison,驻守,NOUN
我得去,departure,我得去,NOUN
随行,escort,随行,NOUN
带兵,command,带兵,NOUN
打仗,war,打仗,NOUN
窍,knack,窍,NOUN
舍,shelter,舍,NOUN
滚蛋,banishment,滚蛋,NOUN
晚烦,annoyance,晚烦,NOUN
烦死,exasperation,烦死,NOUN
我在多,abundance,我在多,NOUN
还烦,irritation,还烦,NOUN
你出去打仗,war,你出去打仗,NOUN
我怕你,fear,我怕你,NOUN
那儿,there,那儿,NOUN
揍,beating,揍,NOUN
一顿,round,一顿,NOUN
就完,end,就完,NOUN
还给,return,还给,NOUN
很讲,emphasis,很讲,NOUN
义气,loyalty,义气,NOUN
横刀,sword,横刀,NOUN
夺爱,rivalry,夺爱,NOUN
走了,departure,走了,NOUN
陆珂,Lu Ke,陆珂,NOUN
现身,appearance,现身,NOUN
就要,imminence,就要,NOUN
来得真,arrival,来得真,NOUN
全散,dispersal,全散,NOUN
天念叨你,murmur,天念叨你,NOUN
大老,distance,大老,NOUN
院子,courtyard,院子,NOUN
人饿,hunger,人饿,NOUN
咕,rumble,咕,NOUN
疼吗,pain,疼吗,NOUN
用力,effort,用力,NOUN
从你,origin,从你,NOUN
倒无,absence,倒无,NOUN
大碍,harm,大碍,NOUN
神射,archer,神射,NOUN
等些,pause,等些,NOUN
时日,time,时日,NOUN
羊腿,lamb leg,羊腿,NOUN
天黑,dusk,天黑,NOUN
跟辜余,Gu Yu,跟辜余,NOUN
怕惊,fear,怕惊,NOUN
看这,sight,看这,NOUN
隶属,subordination,隶属,NOUN
小小,smallness,小小,NOUN
掉付,drop,掉付,NOUN
就越,increase,就越,NOUN
胆战,dread,胆战,NOUN
心惊,alarm,心惊,NOUN
按兵,standstill,按兵,NOUN
网,net,网,NOUN
打尽,annihilation,打尽,NOUN
要扎紧,fastening,要扎紧,NOUN
下盘,stance,下盘,NOUN
练得,training,练得,NOUN
模,model,模,NOUN
有样,form,有样,NOUN
光学,optics,光学,NOUN
扎马,stance,扎马,NOUN
与你,companionship,与你,NOUN
对陌生,strangeness,对陌生,NOUN
也不错,adequacy,也不错,NOUN
才想,thought,才想,NOUN
领情,gratitude,领情,NOUN
去看,visit,去看,NOUN
工欲,craftsman,工欲,NOUN
其事,task,其事,NOUN
必先,prerequisite,必先,NOUN
利其器,tools,利其器,NOUN
学好,mastery,学好,NOUN
挑样,selection,挑样,NOUN
趁手,handiness,趁手,NOUN
月弓,bow,月弓,NOUN
我骗,deception,我骗,NOUN
我和,companion,我和,NOUN
父辈,ancestors,父辈,NOUN
叔伯,uncle,叔伯,NOUN
崖子,cliff,崖子,NOUN
习,practice,习,NOUN
凶险,peril,凶险,NOUN
可她,she,可她,NOUN
战死,death,战死,NOUN
同袍,comrade,同袍,NOUN
套话,cliche,套话,NOUN
完了,end,完了,NOUN
这下,moment,这下,NOUN
得想,thought,得想,NOUN
拦得,block,拦得,NOUN
皇宫,palace,皇宫,NOUN
烧,burn,烧,NOUN
都信,belief,都信,NOUN
胡闹,nonsense,胡闹,NOUN
疯,madness,疯,NOUN
收了,collection,收了,NOUN
我没,lack,我没,NOUN
快起来,haste,快起来,NOUN
她拿,taking,她拿,NOUN
得要,need,得要,NOUN
胎记,birthmark,胎记,NOUN
目视,gaze,目视,NOUN
前方,front,前方,NOUN
站好,stance,站好,NOUN
出拳,punch,出拳,NOUN
战事,war,战事,NOUN
方止,cessation,方止,NOUN
士仇,vengeance,士仇,NOUN
得以,ability,得以,NOUN
民心,sentiment,民心,NOUN
摩擦,friction,摩擦,NOUN
俱伤,injury,俱伤,NOUN
绣求,request,绣求,NOUN
嫁到,marriage,嫁到,NOUN
砂来,sand,砂来,NOUN
掌上,palm,掌上,NOUN
明珠,pearl,明珠,NOUN
前去,advance,前去,NOUN
殿外,outside,殿外,NOUN
宣大,proclamation,宣大,NOUN
送来,delivery,送来,NOUN
皇妹,princess,皇妹,NOUN
久安,peace,久安,NOUN
回父皇,father,回父皇,NOUN
伤已,wound,伤已,NOUN
营厉,drill,营厉,NOUN
可战,battle,可战,NOUN
恶战,battle,恶战,NOUN
兵马,troop,兵马,NOUN
器械,weapon,器械,NOUN
无一利,no benefit,无一利,NOUN
以换得,exchange,以换得,NOUN
带来,bringing,带来,NOUN
实乃,reality,实乃,NOUN
福,blessing,福,NOUN
请陛,petition,请陛,NOUN
三思,deliberation,三思,NOUN
先例,precedent,先例,NOUN
耻辱,shame,耻辱,NOUN
换来,exchange,换来,NOUN
山地,highland,山地,NOUN
可言,mention,可言,NOUN
看似,appearance,看似,NOUN
实则,reality,实则,NOUN
我夙砂,Su Sha,我夙砂,NOUN
死绝,extinction,死绝,NOUN
去换你,exchange,去换你,NOUN
下息,rest,下息,NOUN
杀敌,slaying,杀敌,NOUN
建功,merit,建功,NOUN
胆敢咆哮御前,defiance,胆敢咆哮御前,NOUN
你身,body,你身,NOUN
文,writing,文,NOUN
诸卿,minister,诸卿,NOUN
公忠,loyalty,公忠,NOUN
体国,patriotism,体国,NOUN
也轮,turn,也轮,NOUN
庄相,Zhuang,庄相,NOUN
之怨,resentment,之怨,NOUN
予,gift,予,NOUN
惧,fear,惧,NOUN
连年,year,连年,NOUN
堪言,mention,堪言,NOUN
如若,condition,如若,NOUN
连过冬,wintering,连过冬,NOUN
口粮,ration,口粮,NOUN
都要拿,taking,都要拿,NOUN
倒有,possession,倒有,NOUN
一计,scheme,一计,NOUN
以西,west,以西,NOUN
可保,safety,可保,NOUN
无虞,safety,无虞,NOUN
是你浴血奋,struggle,是你浴血奋,NOUN
之举,deed,之举,NOUN
大局,situation,大局,NOUN
容朕三思,deliberation,容朕三思,NOUN
男儿,man,男儿,NOUN
又何尝,denial,又何尝,NOUN
分忧,burden,分忧,NOUN
退朝,court dismissal,退朝,NOUN
恭送,humble send-off,恭送,NOUN
你慢点,slow pace,你慢点,NOUN
让嬷,nanny,让嬷,NOUN
嬷,nanny,嬷,NOUN
兄有,brother,兄有,NOUN
心事,worry,心事,NOUN
何事,affair,何事,NOUN
传来,transmission,传来,NOUN
宿敌,archenemy,宿敌,NOUN
胞妹,younger sister,胞妹,NOUN
万劫,eternity,万劫,NOUN
比方,metaphor,比方,NOUN
试图,attempt,试图,NOUN
该死,damn,该死,NOUN
只有恨,hate,只有恨,NOUN
恨能,hate,恨能,NOUN
坚,firmness,坚,NOUN
能磨平,smooth,能磨平,NOUN
性子,temper,性子,NOUN
软弱,weakness,软弱,NOUN
您这,this,您这,NOUN
必呢,must,必呢,NOUN
过得,pass,过得,NOUN
脉象平,even pulse,脉象平,NOUN
稳倒,steadiness,稳倒,NOUN
并无,absence,并无,NOUN
好端端,soundness,好端端,NOUN
晕倒呢,fainting,晕倒呢,NOUN
余症,aftereffect,余症,NOUN
消吧,dissipation,消吧,NOUN
碍事,obstruction,碍事,NOUN
自顾,self-concern,自顾,NOUN
暇,leisure,暇,NOUN
送回,return,送回,NOUN
我留下,staying behind,我留下,NOUN
行吧,agreement,行吧,NOUN
雪影姐姐,Snow Shadow,雪影姐姐,NOUN
太多,excess,太多,NOUN
得用,necessity,得用,NOUN
车装,carriage,车装,NOUN
护你,protection,护你,NOUN
周全,thoroughness,周全,NOUN
远离,distance,远离,NOUN
遭受,suffering,遭受,NOUN
牵连,implication,牵连,NOUN
还用,usage,还用,NOUN
离府,departure,离府,NOUN
你骗,deception,你骗,NOUN
对呀,agreement,对呀,NOUN
庄好,manor,庄好,NOUN
身陷,entrapment,身陷,NOUN
要走,departure,要走,NOUN
要挟你,blackmail,要挟你,NOUN
你看好小,watch,你看好小,NOUN
气死,exasperation,气死,NOUN
非要回,return,非要回,NOUN
整军,reorganization,整军,NOUN
还非,refusal,还非,NOUN
营进城,advance,营进城,NOUN
商,commerce,商,NOUN
量,quantity,量,NOUN
您没,absence,您没,NOUN
陛下那,majesty,陛下那,NOUN
管他,indifference,管他,NOUN
成不,outcome,成不,NOUN
止战,ceasefire,止战,NOUN
就出,exit,就出,NOUN
档,record,档,NOUN
子事,affair,子事,NOUN
谅,forgiveness,谅,NOUN
害得,harm,害得,NOUN
急死,panic,急死,NOUN
这招,this trick,这招,NOUN
借过,excuse,借过,NOUN
跑丢,straying,跑丢,NOUN
可太,excess,可太,NOUN
追不,pursuit,追不,NOUN
点跑,dash,点跑,NOUN
省心,ease,省心,NOUN
往那,direction,往那,NOUN
边跑,run,边跑,NOUN
开跑,start,开跑,NOUN
可都,all,可都,NOUN
跑死,exhaustion,跑死,NOUN
你先,priority,你先,NOUN
商船,merchant ship,商船,NOUN
伍长,squad leader,伍长,NOUN
船夫,boatman,船夫,NOUN
软肋,weakness,软肋,NOUN
你连,you,你连,NOUN
还当,assumption,还当,NOUN
护卫,guard,护卫,NOUN
脑子,brain,脑子,NOUN
坏了,damage,坏了,NOUN
去到,destination,去到,NOUN
管我,concern,管我,NOUN
你闭,silence,你闭,NOUN
留一,remainder,留一,NOUN
活口,survivor,活口,NOUN
船上,ship,船上,NOUN
浇满,saturated,浇满,NOUN
火油,kerosene,火油,NOUN
顾,regard,顾,NOUN
我让,yield,我让,NOUN
我帮你,help,我帮你,NOUN
我送你,escort,我送你,NOUN
箱子,box,箱子,NOUN
等到,wait,等到,NOUN
我在,presence,我在,NOUN
舱,cabin,舱,NOUN
躺下,reclining,躺下,NOUN
谁让,culprit,谁让,NOUN
吓坏,fright,吓坏,NOUN
搂,embrace,搂,NOUN
你踏实睡,sound sleep,你踏实睡,NOUN
你能,ability,你能,NOUN
我教你,instruction,我教你,NOUN
赔上,compensation,赔上,NOUN
谢谢你,thanks,谢谢你,NOUN
比起,comparison,比起,NOUN
道谢,gratitude,道谢,NOUN
跟本,root,跟本,NOUN
赔,reparation,赔,NOUN
你都干,deed,你都干,NOUN
胸口,chest,胸口,NOUN
捶,pounding,捶,NOUN
几下,few,几下,NOUN
记恨,grudge,记恨,NOUN
胆大,boldness,胆大,NOUN
那点,that little bit,那点,NOUN
但没,danmei,但没,NOUN
看在,consideration,看在,NOUN
救本,saving the root,救本,NOUN
计较,haggling,计较,NOUN
提起,mention,提起,NOUN
还得,to have to,还得,NOUN
问问,question,问问,NOUN
毕竟刚,after all just,毕竟刚,ADV
我来吧,my turn,我来吧,NOUN
笑完,finished laughter,笑完,NOUN
鞋穿,footwear,鞋穿,NOUN
鞋子湿,wet shoes,鞋子湿,NOUN
捂脚,foot-warming,捂脚,NOUN
你赶紧,haste,你赶紧,NOUN
鞋脱,shoe removal,鞋脱,NOUN
赶快脱,quick removal,赶快脱,NOUN
水嘛,water,水嘛,NOUN
弄得像,to make resemble,弄得像,NOUN
受气,suffering,受气,NOUN
小媳,young wife,小媳,NOUN
妇似,woman-like,妇似,NOUN
还挺,quite,还挺,NOUN
少见,rare sight,少见,NOUN
救阿方,rescue A-fang,救阿方,NOUN
份情,favor,份情,NOUN
我算,my calculation,我算,NOUN
欠下,debt,欠下,NOUN
还时,repayment time,还时,NOUN
也定,also fixed,也定,NOUN
庄郃,Zhuang He,庄郃,NOUN
尸骨,remains,尸骨,NOUN
未寒,uncooled,未寒,NOUN
后尘,footsteps,后尘,NOUN
来除,elimination,来除,NOUN
饰,decoration,饰,NOUN
会查,investigation,会查,NOUN
忠心,loyalty,忠心,NOUN
之心,heart,之心,NOUN
排忧,worry relief,排忧,NOUN
解难,difficulty resolution,解难,NOUN
自有,inherent,自有,NOUN
敢坏,dare to ruin,敢坏,NOUN
趁凤,take advantage of Feng,趁凤,NOUN
躲躲,hiding,躲躲,NOUN
那侄儿,that nephew,那侄儿,NOUN
传你,transmission to you,传你,NOUN
达,arrival,达,NOUN
替锦,replacement for Jin,替锦,NOUN
死守,defense to death,死守,NOUN
保陛,protection of Majesty,保陛,NOUN
枕,pillow,枕,NOUN
无忧,worry-free,无忧,NOUN
可陛,but Majesty,可陛,NOUN
扣,deduction,扣,NOUN
军饷,military pay,军饷,NOUN
压咱,suppression of us,压咱,NOUN
军功,military merit,军功,NOUN
付都,payment all,付都,NOUN
据,basis,据,NOUN
少庄主,young master,少庄主,NOUN
救过,rescue,救过,NOUN
抓走,capture,抓走,NOUN
找过,search,找过,NOUN
太好,excess,太好,NOUN
救出,rescue,救出,NOUN
匹马去,ride,匹马去,NOUN
明争,contest,明争,NOUN
暗取,theft,暗取,NOUN
命王,command,命王,NOUN
赶往,rush,赶往,NOUN
速去,haste,速去,NOUN
知经,knowledge,知经,NOUN
折磨,torture,折磨,NOUN
一刻,moment,一刻,NOUN
备马,preparation,备马,NOUN
轻装,light load,轻装,NOUN
简行,simplicity,简行,NOUN
有事,matter,有事,NOUN
化险,resolution,化险,NOUN
河岸,river bank,河岸,NOUN
下游,downstream,下游,NOUN
你带人,escort,你带人,NOUN
东岸,east bank,东岸,NOUN
边找,search,边找,NOUN
真能,ability,真能,NOUN
召来,summons,召来,NOUN
沿河,riverbank,沿河,NOUN
踪迹,trace,踪迹,NOUN
想来,presumption,想来,NOUN
相距,distance,相距,NOUN
太远,distance,太远,NOUN
还怕,fear,还怕,NOUN
下毒,poisoning,下毒,NOUN
三息,breath,三息,NOUN
往复,recurrence,往复,NOUN
再返,return,再返,NOUN
求救,rescue,求救,NOUN
隔,separation,隔,NOUN
当真,seriousness,当真,NOUN
我敢说,dare,我敢说,NOUN
你敢信,disbelief,你敢信,NOUN
要你,wanting you,要你,NOUN
急了,panic,急了,NOUN
一口,mouthful,一口,NOUN
刀山,blade mountain,刀山,NOUN
大放,outburst,大放,NOUN
都好,all good,都好,NOUN
情好,affection,情好,NOUN
举手,show of hands,举手,NOUN
之劳,effort,之劳,NOUN
想好,decision,想好,NOUN
愧,shame,愧,NOUN
赔本,financial loss,赔本,NOUN
说就,statement,说就,NOUN
凑,gathering,凑,NOUN
近干,near-dry,近干,NOUN
旁人,other people,旁人,NOUN
耳语,whisper,耳语,NOUN
竟敢,audacity,竟敢,NOUN
怕本,fear book,怕本,NOUN
加害,harm,加害,NOUN
咋了,what is wrong,咋了,NOUN
回殿下,reply to Your-Highness,回殿下,NOUN
绕城,ring road,绕城,NOUN
歇息,rest,歇息,NOUN
例,example,例,NOUN
来心狠,ruthlessness,来心狠,NOUN
手辣,ruthlessness,手辣,NOUN
冒死,risking death,冒死,NOUN
去救,rescue,去救,NOUN
毫不,negation,毫不,NOUN
相干,relevance,相干,NOUN
恶,evil,恶,NOUN
透你,penetration,透你,NOUN
你睡着,sleep,你睡着,NOUN
有外,exterior,有外,NOUN
睡不着,insomnia,睡不着,NOUN
目养,eye-care,目养,NOUN
神罢,spirit,神罢,NOUN
她会,capacity,她会,NOUN
大哥哥,older brother,大哥哥,NOUN
帮到,help,帮到,NOUN
