Chinese_Lemma,English_Lemma,Chinese_Lemma,POS,CEFR
! 副本,duplicate,! 副本,NOUN,B2
! 情感表达,emotional expression,! 情感表达,NOUN,B2
! 权威地位,position of authority,! 权威地位,NOUN,B2
! 表现欲,demonstrativeness,! 表现欲,NOUN,B2
! 音轨,soundtrack,! 音轨,NOUN,B2
X光片,x-ray,X光片,NOUN,B2
一,a,一个,DET,B2
一,one,人们,PRON,B2
一...就,as soon as,一...就,ADV,B2
一丝不苟地,meticulously,一丝不苟地,ADV,B2
一丝不苟地,scrupulously,一丝不苟地,ADV,B2
一丝不苟的,scrupulous,一丝不苟的,ADJ,B2
一个半,one and a half,一个半,NUM,B2
一些,some,一些,PRON,B2
一些事情,some things,一些事情,PRON,B2
一份,serving,一份,NOUN,B2
一口烟,puff,一口烟,NOUN,B2
一对,couple pair,一对,NOUN,B2
一打,dozen,一打,NOUN,B2
一批,batch,一批,NOUN,B2
一月,january,一月,NOUN,B2
一次性的,disposable,一次性的,ADJ,B2
一清二楚的,clear as day,一清二楚的,ADJ,B2
一点,a little,一点儿,ADV,B2
一点,bit,一点,NOUN,B2
一百,hundred,一百,NOUN,B2
一百,one hundred,一百,NUM,B2
一瞥,glance,一瞥,NOUN,B2
一瞥,glimpse,一瞥,NOUN,B2
一致,agree,一致,ADJ,B2
一致的,agreed,一致的,ADJ,B2
一致的,congruent,一致的,ADJ,B2
一般,general,一般的,ADJ,B2
一起来,to come along,一起来,VERB,B2
七十,seventy,七十,NUM,B2
七月,july,七月,NOUN,B2
万岁,hooray,万岁,INTJ,B2
万岁,hurrah,万岁,INTJ,B2
三个,three,三个,ADJ,B2
三分之一,third,三分之一,NOUN,B2
三十,thirty,三十,NUM,B2
三段论,syllogism,三段论,NOUN,B2
三角形的,triangular,三角形的,ADJ,B2
三重的,triple,三倍的,ADJ,B2
上传,upload,上传,NOUN,B2
上传,to upload,上传,VERB,B2
上升,rise,上涨,NOUN,B2
上升的,ascending,上升的,ADJ,B2
上流的,posh,上流的,ADJ,B2
上瘾,addicted,上瘾的,ADJ,B2
上翻,upturn,好转,NOUN,B2
上船,to embark,上船,VERB,B2
上诉人,appellant,上诉人,NOUN,B2
上述的,aforementioned,上述的,ADJ,B2
上面,above,上面,ADV,B2
上面的,upper,上面的,ADJ,B2
下一个,next,下一个,ADJ,B2
下冰雹,to hail,下冰雹,VERB,B2
下士,corporal,下士,NOUN,B2
下巴,chin,下巴,NOUN,B2
下巴,jaw,下巴,NOUN,B2
下水道,drain,排水沟,NOUN,B2
下载,download,下载,NOUN,B2
下降,decline,衰退,NOUN,B2
下雪,to snow,下雪,VERB,B2
下面,below,下面,ADV,B2
下面,underneath,在下面,ADV,B2
下面的,below,下面的,ADJ,B2
下马,to dismount,下马,VERB,B2
不,no,不,ADV,B2
不,nah,不,INTJ,B2
不,nope,不,INTJ,B2
不,not,不,PART,B2
不一致,discordance,不一致,NOUN,B2
不一致,inconsistency,不一致,NOUN,B2
不久,shortly,不久,ADV,B2
不人道的,inhuman,不人道的,ADJ,B2
不信任,distrust,不信任,NOUN,B2
不公平,unfair,不公平的,ADJ,B2
不公正,unjust,不公正的,ADJ,B2
不兼容,incompatibility,不兼容,NOUN,B2
不利于,to disfavor,不利于,VERB,B2
不利的,adverse,不利的,ADJ,B2
不加区别地,indiscriminately,不加区别地,ADV,B2
不动产,real estate,不动产,NOUN,B2
不协调的,incongruous,不协调的,ADJ,B2
不及格,failing an exam,不及格,NOUN,B2
不友好的,unfriendly,不友好的,ADJ,B2
不受打扰地,in peace,不受打扰地,ADV,B2
不受时效限制的,not subject to limitation,不受时效限制的,ADJ,B2
不变地,invariably,不变地,ADV,B2
不可原谅的,unforgivable,不可原谅的,ADJ,B2
不可想象的,inconceivable,不可想象的,ADJ,B2
不可想象的,unthinkable,不可想象的,ADJ,B2
不可或缺的,integral,不可或缺的,ADJ,B2
不可接受的,inadmissible,不可接受的,ADJ,B2
不可渗透的,impenetrable,不可穿透的,ADJ,B2
不可移动的,immovable,不可移动的,ADJ,B2
不可触碰的,untouchable,不可触碰的,ADJ,B2
不可阻挡地,inexorably,不可阻挡地,ADV,B2
不合时宜的,misplaced,不合时宜的,ADJ,B2
不同,to differ,不同,VERB,B2
不同意,to disagree,不同意,VERB,B2
不同意的,disagreeing,不同意的,ADJ,B2
不和,discord,不和,NOUN,B2
不和谐,dissonance,不和谐,NOUN,B2
不在/离开,away gone,不在/离开,ADV,B2
不在场证明,alibi,不在场证明,NOUN,B2
不太可能的,unlikely,不太可能的,ADJ,B2
不妥协的,intransigent,不妥协的,ADJ,B2
不安,unease,不安,NOUN,B2
不安全感,insecurity,不安全感,NOUN,B2
不安全的,insecure,不安全的,ADJ,B2
不安的,disturbed,不安的,ADJ,B2
不完美的,imperfect,不完美的,ADJ,B2
不容忍,intolerance,不容忍,NOUN,B2
不平等,inequality,不平等,NOUN,B2
不幸,unfortunately,不幸地,ADV,B2
不幸,misfortune,不幸,NOUN,B2
不必要的,unnecessary,不必要的,ADJ,B2
不忠,infidelity,不忠,NOUN,B2
不忠的,disloyal,不忠的,ADJ,B2
不忠的,unfaithful,不忠的,ADJ,B2
不悦,displeasure,不悦,NOUN,B2
不情愿,reluctance,不情愿,NOUN,B2
不情愿的,reluctant,不情愿的,ADJ,B2
不愉快的,unpleasant,令人不快的,ADJ,B2
不懈 / 猛烈,relentlessness,不懈 / 猛烈,NOUN,B2
不成比例,disproportion,不成比例,NOUN,B2
不成熟的,immature,不成熟的,ADJ,B2
不敬,disrespect,不敬,NOUN,B2
不断地,constantly,不断地,ADV,B2
不服从,disobedience,不服从,NOUN,B2
不服从的,disobedient,不服从的,ADJ,B2
不朽,immortality,不朽,NOUN,B2
不朽的,immortal,不朽的,ADJ,B2
不果断的,indecisive,犹豫不决的,ADJ,B2
不正确的,incorrect,不正确的,ADJ,B2
不流血的,bloodless,不流血的,ADJ,B2
不满,discontent,不满,NOUN,B2
不满,dissatisfaction,不满,NOUN,B2
不满的,dissatisfied,不满的,ADJ,B2
不相交的,disjoint,不相交的,ADJ,B2
不知怎么,somehow,以某种方式,ADV,B2
不知疲倦的,tireless,不知疲倦的,ADJ,B2
不知足的,insatiable,不知足的,ADJ,B2
不确定,uncertain,不确定的,ADJ,B2
不确定,uncertainty,不确定性,NOUN,B2
不礼貌的,impolite,不礼貌的,ADJ,B2
不祥的,sinister,不祥的,ADJ,B2
不稳定化,precarization,不稳定化,NOUN,B2
不稳定性,precariousness,不稳定性,NOUN,B2
不稳定的,erratic,不稳定的,ADJ,B2
不稳定的,precarious,不稳定的,ADJ,B2
不稳定的,unstable,不稳定的,ADJ,B2
不管,regardless,不管,ADV,B2
不纯,impurity,不纯,NOUN,B2
不舒服,uncomfortable,不舒服的,ADJ,B2
不良少年,delinquent,罪犯,NOUN,B2
不规则,irregularity,不规则,NOUN,B2
不规则的,irregular,不规则的,ADJ,B2
不诚实的,dishonest,不诚实的,ADJ,B2
不贞,immodesty,不贞,NOUN,B2
不负责任的,irresponsible,不负责任的,ADJ,B2
不费力的,effortless,不费力的,ADJ,B2
不赞成,to disapprove,不赞成,VERB,B2
不足,deficiency,缺乏,NOUN,B2
不足,insufficiency,不足,NOUN,B2
不足的,deficient,有缺陷的,ADJ,B2
不足的,inadequate,不足的,ADJ,B2
不连贯,incoherence,不连贯,NOUN,B2
不连贯的,incoherent,不连贯的,ADJ,B2
不透明性,opacity,不透明性,NOUN,B2
不道德的,immoral,不道德的,ADJ,B2
与...交朋友,to befriend,与...交朋友,VERB,B2
与...相对,vs,与...相对,ADP,B2
丑闻,scandal,丑闻,NOUN,B2
丑陋,ugliness,丑陋,NOUN,B2
丑陋的,hideous,丑陋的,ADJ,B2
专业中心,expertise center,专业中心,NOUN,B2
专业人士,professional,专业的,ADJ,B2
专业化,specialization,专业化,NOUN,B2
专业知识,expertise,专业知识,NOUN,B2
专制,authoritarian,独裁的,ADJ,B2
专制,despotism,专制,NOUN,B2
专制主义的,absolutist,专制主义的,ADJ,B2
专制的,autocratic,专制的,ADJ,B2
专区,prefectures,专区,NOUN,B2
专员,commissioner,专员,NOUN,B2
专家,specialist,专家,NOUN,B2
专心致志,exclusive dedication,专心致志,NOUN,B2
专攻,to specialize,专攻,VERB,B2
专横傲慢,overbearing arrogance,专横傲慢,NOUN,B2
专横的,domineering,专横的,ADJ,B2
专横的,peremptory,专横的,ADJ,B2
专横的,tyrannical,专横的,ADJ,B2
专注,attentive,专心的,ADJ,B2
专注倾听,attentive listening,专注倾听,NOUN,B2
专注的,focused,专注的,ADJ,B2
世俗主义,secularism,世俗主义,NOUN,B2
世俗化,secularization,世俗化,NOUN,B2
世俗的,worldly,世俗的,ADJ,B2
世界主义的,cosmopolitan,世界主义的,ADJ,B2
世界大战,world war,世界大战,NOUN,B2
业余爱好者,amateur,业余爱好者,NOUN,B2
东南,southeast,东南,NOUN,B2
东方的,eastern,东方的,ADJ,B2
东西,stuff,东西,NOUN,B2
丝带,ribbon,丝带,NOUN,B2
丢失的,lost,迷失的,ADJ,B2
两极分化,polarization,两极分化,NOUN,B2
两者,both,两者,PRON,B2
两者的,both,两者的,ADJ,B2
两者都,both,两者都,DET,B2
两院制的,bicameral,两院制的,ADJ,B2
严厉,strictness,严厉,NOUN,B2
严厉地,severely,严厉地,ADV,B2
严厉批评,to castigate,严厉批评,VERB,B2
严厉的,harsh,严厉的,ADJ,B2
严惩,to chastise,严惩,VERB,B2
严格的,rigorous,严格的,ADJ,B2
严重地,gravely,严重地,ADV,B2
丧葬的,funereal,丧葬的,ADJ,B2
个人主义,individualism,个人主义,NOUN,B2
个人的,individual,单独的,ADJ,B2
个人的,personal,个人的,ADJ,B2
个人隐私,personal integrity,个人隐私,NOUN,B2
个体经营者,self-employed person,个体经营者,NOUN,B2
个性化,personalization,个性化,NOUN,B2
个性化的,personalized,个性化的,ADJ,B2
中世纪的,medieval,中世纪的,ADJ,B2
中产阶层,middle class,中产阶层,NOUN,B2
中位数,median,中位数,NOUN,B2
中和,to neutralize,中和,VERB,B2
中国人,the chinese,中国人,NOUN,B2
中国的,chinese,中国的,ADJ,B2
中场球员,midfielder,中场球员,NOUN,B2
中央车站,central station,中央车站,NOUN,B2
中断,to break off,中断,VERB,B2
中止,to discontinue,停止,VERB,B2
中立,neutrality,中立,NOUN,B2
中途停留,stopover,中途停留,NOUN,B2
中间,midst,中间,NOUN,B2
中间派的,centrist,中间派的,ADJ,B2
中风,stroke,中风,NOUN,B2
临时的,interim,临时的,ADJ,B2
临时的,provisional,临时的,ADJ,B2
临时解雇,to furlough,临时解雇,VERB,B2
临近,nearness,临近,NOUN,B2
丹麦的,danish,丹麦的,ADJ,B2
为,for,为了,ADP,B2
为...提供交通服务,to serve a route,为...提供交通服务,VERB,B2
为了,for the sake of,为了,ADP,B2
为了,with the aim of,为了,ADP,B2
为了什么,for what,为了什么,ADV,B2
为了它,for it,为此,ADV,B2
为此,for this,为此,ADV,B2
为此,for this purpose,为此,ADV,B2
主任医师,chief physician,主任医师,NOUN,B2
主办,to host,接待,VERB,B2
主导地位,predominance,主导地位,NOUN,B2
主导的,dominant,占主导地位的,ADJ,B2
主张,to contend,主张,VERB,B2
主持,chair,主持,VERB,B2
主持,to preside,主持,VERB,B2
主持人,presenter,主持人,NOUN,B2
主权,sovereign,主权的,ADJ,B2
主权主义者,sovereigntist,主权主义者,NOUN,B2
主流的,mainstream,主流的,ADJ,B2
主管,executive,行政主管,NOUN,B2
主管/经理,director manager,主管/经理,NOUN,B2
主编,editor-in-chief,主编,NOUN,B2
主要原因,main reason,主要原因,NOUN,B2
主要地,largely,主要地,ADV,B2
主要地,mainly,主要地,ADV,B2
主要的,major,主要的,ADJ,B2
主角,leading role,主角,NOUN,B2
主题,motif,主题,NOUN,B2
主题/话题,subject topic,主题/话题,NOUN,B2
主题曲,theme music,主题曲,NOUN,B2
主题的,thematic,主题的,ADJ,B2
举例说明,to exemplify,举例说明,VERB,B2
久坐的,sedentary,久坐的,ADJ,B2
义务,obligation,义务,NOUN,B2
乌克兰的,ukrainian,乌克兰的,ADJ,B2
乌托邦,utopia,乌托邦,NOUN,B2
乌托邦的,utopian,乌托邦式的,ADJ,B2
乌贼,cuttlefish,乌贼,NOUN,B2
乌鸦,crow,乌鸦,NOUN,B2
乌龟,turtle,海龟,NOUN,B2
乏味的,tedious,乏味的,ADJ,B2
乐意地,gladly,乐意地,ADV,B2
乐意地/宁愿,gladly willingly,乐意地/宁愿,ADV,B2
乐曲,musical composition,乐曲,NOUN,B2
乐观,optimism,乐观,NOUN,B2
乐趣,fun,乐趣,NOUN,B2
乐趣/玩笑,fun joke,乐趣/玩笑,NOUN,B2
九十,ninety,九十,NUM,B2
也不,neither,也不,CCONJ,B2
也不,nor,也不,CCONJ,B2
也许,maybe,也许,ADV,B2
习惯,to get used to,习惯于,VERB,B2
习惯化,habituation,习惯化,NOUN,B2
习惯的,accustomed,习惯的,ADJ,B2
习惯的,customary,习惯的,ADJ,B2
习惯行为,habitual behavior,习惯行为,NOUN,B2
乡土的,folksy,乡土的,ADJ,B2
乡村的,rustic,乡村的,ADJ,B2
书呆子,nerd,书呆子,NOUN,B2
书柜,bookcase,书柜,NOUN,B2
书桌,desk,书桌,NOUN,B2
书目,bibliography,参考书目,NOUN,B2
书面,written,书面的,ADJ,B2
书面索赔,written claim,书面索赔,NOUN,B2
乳房,breast,乳房,NOUN,B2
乳白色的,milky,乳白色的,ADJ,B2
争吵,quarrel,争吵,NOUN,B2
争吵,to bicker,争吵,VERB,B2
争执,altercation,争执,NOUN,B2
事件,events,事件,NOUN,B2
事件,incident,事件,NOUN,B2
事实的,factual,事实的,ADJ,B2
二元性,duality,二元性,NOUN,B2
二元论,dualism,二元论,NOUN,B2
二分法,dichotomy,二分法,NOUN,B2
二月,february,二月,NOUN,B2
二维的,two-dimensional,二维的,ADJ,B2
二进制的,binary,二进制的,ADJ,B2
云,clouds,云,NOUN,B2
互动,interaction,互动,NOUN,B2
互助,mutual support,互助,NOUN,B2
互助保险,mutual insurance,互助保险,NOUN,B2
互悯,mutual compassion,互悯,NOUN,B2
互联网,internet,互联网,NOUN,B2
互补性,complementarity,互补性,NOUN,B2
互补的,complementary,互补的,ADJ,B2
五十,fifty,五十,NUM,B2
五联诗,quintain,五联诗,NOUN,B2
亚洲的,asian,亚洲的,ADJ,B2
交互的,interactive,交互式的,ADJ,B2
交响乐,symphony,交响乐,NOUN,B2
交响乐的,symphonic,交响乐的,ADJ,B2
交易,deal,交易,NOUN,B2
交替,alternation,轮流,NOUN,B2
交替地,alternatively,交替地,ADV,B2
产卵,to spawn,产卵,VERB,B2
产生,to generate engender,产生,VERB,B2
产生,to result,产生,VERB,B2
产科学,obstetrics,产科学,NOUN,B2
享乐主义,hedonism,享乐主义,NOUN,B2
享乐主义的,epicurean,享乐主义的,ADJ,B2
享乐主义的,hedonistic,享乐主义的,ADJ,B2
享受,enjoyment,享受,NOUN,B2
亭子,kiosk,亭子,NOUN,B2
亮点,highlight,亮点,NOUN,B2
亲切地,cordially,亲切地,ADV,B2
亲切地,kindly,亲切地,ADV,B2
亲切的,gracious,亲切的,ADJ,B2
亲属,family relatives,亲属,NOUN,B2
亲属关系,kinship,亲属关系,NOUN,B2
亲爱的,darling,亲爱的,NOUN,B2
亲笔签名,autograph,亲笔签名,NOUN,B2
亵渎,blasphemy,亵渎,NOUN,B2
亵渎,sacrilege,亵渎,NOUN,B2
亵渎,to blaspheme,亵渎,VERB,B2
亵渎坟墓,grave desecration,亵渎坟墓,NOUN,B2
人们,one you,人们,PRON,B2
人们,people,人们,PRON,B2
人口学,demography,人口学,NOUN,B2
人口普查,census,人口普查,NOUN,B2
人口统计的,demographic,人口统计的,ADJ,B2
人文主义者,humanist,人文主义者,NOUN,B2
人文学科,humanities,人文学科,NOUN,B2
人格谋杀,character assassination,人格谋杀,NOUN,B2
人民 / 民族,people nation,人民 / 民族,NOUN,B2
人类,human,人类的,ADJ,B2
人类学,anthropology,人类学,NOUN,B2
人脉,contacts,人脉,NOUN,B2
人行天桥,footbridge,人行天桥,NOUN,B2
人行道,pavement,人行道,NOUN,B2
人身伤害,bodily harm,人身伤害,NOUN,B2
人道主义的,humanitarian,人道主义的,ADJ,B2
人道的,humane,人道的,ADJ,B2
人际的,interpersonal,人际的,ADJ,B2
什一税,tithe,什一税,NOUN,B2
什么,what,什么,ADV,B2
什么样的,what kind of,什么样的,PRON,B2
仁慈,clemency,仁慈,NOUN,B2
仁慈,kindness,仁慈,NOUN,B2
今天,today,今天,ADV,B2
今天早上,this morning,今天早上,ADV,B2
今晚,this evening,今晚,ADV,B2
今晚,tonight,今晚,ADV,B2
介入,to step in,介入,VERB,B2
介绍,introduction,介绍,NOUN,B2
从上方,from above,从上方,ADV,B2
从业者,practitioner,从业者,NOUN,B2
从中,from it,从中,ADV,B2
从中,from which,从中,ADV,B2
从事,to occupy oneself,从事,VERB,B2
从众心理,herd mentality,从众心理,NOUN,B2
从内部,from within,从内部,ADV,B2
从后面,from behind,从后面,ADV,B2
从哪里,from where,从哪里,ADV,B2
从属,to subordinate,从属,VERB,B2
从此以后,henceforth,从此以后,ADV,B2
从那以后,since then,从那以后,ADV,B2
从那里,from there,从那里,ADV,B2
仓库,depot,仓库,NOUN,B2
仓鼠轮,squirrel wheel,仓鼠轮,NOUN,B2
仔细地,carefully,仔细地,ADV,B2
仔细检查,to scrutinize,仔细检查,VERB,B2
他,him,他,PRON,B2
他/她,him her,他/她,PRON,B2
他/这位,he this one,他/这位,PRON,B2
他们,them,他们,PRON,B2
他们的,their,他们的,PRON,B2
他的,his,他的,DET,B2
他的/她的/它的/他们的,his her its their,他的/她的/它的/他们的,DET,B2
代表,on behalf of,代表,ADP,B2
代表,to represent,代表,VERB,B2
代表团,delegation,代表团,NOUN,B2
代表团,delegations,代表团,NOUN,B2
代表性,representativeness,代表性,NOUN,B2
代表性的,representative,有代表性的,ADJ,B2
代谢的,metabolic,代谢的,ADJ,B2
代际的,generational,代际的,ADJ,B2
令人不安的,disturbing,令人不安的,ADJ,B2
令人不快的,nasty,令人不快的,ADJ,B2
令人信服的,convincing,令人信服的,ADJ,B2
令人兴奋的,exciting,令人兴奋的,ADJ,B2
令人兴奋的,thrilling,令人兴奋的,ADJ,B2
令人印象深刻的,impressive,令人印象深刻的,ADJ,B2
令人厌恶的,disgusting,令人厌恶的,ADJ,B2
令人厌恶的,repulsive,令人反感的,ADJ,B2
令人厌恶的人,creep,令人厌恶的人,NOUN,B2
令人困惑的,confusing,令人困惑的,ADJ,B2
令人失望的,disappointing,令人失望的,ADJ,B2
令人失望的,dismal,令人失望的,ADJ,B2
令人尴尬,embarrassing,令人尴尬的,ADJ,B2
令人恐惧的,frightening,令人恐惧的,ADJ,B2
令人恐惧的,horrifying,令人毛骨悚然的,ADJ,B2
令人恼火的,irritating,令人恼火的,ADJ,B2
令人惊讶的,surprising,令人惊讶的,ADJ,B2
令人愉快的,delightful,令人愉快的,ADJ,B2
令人感动的,deeply moving,令人感动的,ADJ,B2
令人担忧的,worrying,令人担忧的,ADJ,B2
令人毛骨悚然的,creepy,令人毛骨悚然的,ADJ,B2
令人沮丧的,frustrating,令人沮丧的,ADJ,B2
令人清爽的,refreshing,令人清爽的,ADJ,B2
令人满意的,satisfying,令人满意的,ADJ,B2
令人羞辱的,humiliating,令人羞辱的,ADJ,B2
令人羡慕的,enviable,令人羡慕的,ADJ,B2
令人震惊的,shocking,令人震惊的,ADJ,B2
令人震惊的,stunning,极好的,ADJ,B2
令人高兴的,heartening,令人高兴的,ADJ,B2
令状,warrant,令状,NOUN,B2
以便,in order to so that,以便,SCONJ,B2
以免,lest,唯恐,SCONJ,B2
以前,ago,以前,ADV,B2
以前,before previously,以前,ADV,B2
以此,with that,以此,ADV,B2
以此,with this,以此,ADV,B2
以现金,in cash,以现金,ADV,B2
以防万一,as a precaution,以防万一,ADV,B2
仪式,rituals,仪式,NOUN,B2
仪式的,ceremonial,仪式的,ADJ,B2
仰慕者,admirer,仰慕者,NOUN,B2
价值基础,values base,价值基础,NOUN,B2
价值观,values,价值观,NOUN,B2
任何,any,任何,DET,B2
任何事,anything,任何事,PRON,B2
任务,assignment,任务,NOUN,B2
任性的,perverse,任性的,ADJ,B2
任意的,arbitrary,任意的,ADJ,B2
份额,share,股份,NOUN,B2
伊斯兰主义,islamism,伊斯兰主义,NOUN,B2
伊斯兰债券,sukuk,伊斯兰债券,NOUN,B2
伊斯兰的,islamic,伊斯兰的,ADJ,B2
伊朗的,iranian,伊朗的,ADJ,B2
伊玛目,imam,伊玛目,NOUN,B2
伊玛目国,imamate,伊玛目国,NOUN,B2
休战,truce,休战,NOUN,B2
众多的,numerous,众多的,ADJ,B2
优先考虑,to prioritize,优先考虑,VERB,B2
优化,optimization,优化,NOUN,B2
优越性/优势,superiority,优越性/优势,NOUN,B2
优雅,elegant,优雅的,ADJ,B2
优雅,grace,优雅,NOUN,B2
伙伴关系,partnership,伙伴关系,NOUN,B2
会众,congregation,集会,NOUN,B2
会员资格,membership,会员资格,NOUN,B2
会计,accounting,会计,NOUN,B2
会议,conference,会议,NOUN,B2
会议的,conference-based,会议的,ADJ,B2
会面/击中,meeting hit,会面/击中,NOUN,B2
传入的,incoming,进来的,ADJ,B2
传感器,sensor,传感器,NOUN,B2
传播,diffusion,传播,NOUN,B2
传播,to propagate,传播,VERB,B2
传教,evangelization,传教,NOUN,B2
传教,proselytism,传教,NOUN,B2
传教,to evangelize,传福音,VERB,B2
传染性的,contagious,传染性的,ADJ,B2
传统,traditions,传统,NOUN,B2
传统地,traditionally,传统地,ADV,B2
传统服饰,traditional costume,传统服饰,NOUN,B2
传统的,conventional,传统的,ADJ,B2
传统的,traditional,传统的,ADJ,B2
传说的,legendary,传奇的,ADJ,B2
伤害,causing harm,伤害,NOUN,B2
伤害,to do harm,伤害,VERB,B2
伦理学,ethics,伦理学,NOUN,B2
伦理的,ethical,道德的,ADJ,B2
伪君子,hypocrite,伪君子,NOUN,B2
伪善的,sanctimonious,伪善的,ADJ,B2
伪装,to camouflage,伪装,VERB,B2
伪装,to disguise,伪装,VERB,B2
伪证,perjury,伪证,NOUN,B2
伪造,counterfeiting,伪造,NOUN,B2
伪造,forgery,伪造品,NOUN,B2
伪造,to fake,伪造,VERB,B2
伯爵夫人,countess,女伯爵,NOUN,B2
伶牙俐齿的,glib,伶牙俐齿的,ADJ,B2
伸出,to stick out,伸出,VERB,B2
似是而非的,plausible,似是而非的,ADJ,B2
似是而非的,specious,似是而非的,ADJ,B2
但愿,hopefully,希望,ADV,B2
位于,located,位于,ADJ,B2
位于,to be located,位于,VERB,B2
位似,homothety,位似,NOUN,B2
位值,place value,位值,NOUN,B2
位移,displacement,位移,NOUN,B2
低估,to underestimate,低估,VERB,B2
低地,lowland,低地,NOUN,B2
低效,inefficiency,低效,NOUN,B2
低语,to whisper,低语,VERB,B2
住宿,accommodation,住宿,NOUN,B2
住房,housing,住房,NOUN,B2
住所,dwelling,住宅,NOUN,B2
住院,to hospitalize,使住院,VERB,B2
体操运动员,gymnast,体操运动员,NOUN,B2
体检,checkup,体检,NOUN,B2
体积,bulk,主体,NOUN,B2
体裁,genre,类型,NOUN,B2
体贴地,thoughtfully,体贴地,ADV,B2
体贴的,understanding,体贴的,ADJ,B2
体面,decent,体面的,ADJ,B2
体面,decency,体面,NOUN,B2
体面的,fatsoenlijk,体面的,ADJ,B2
何种程度,what extent,在何种程度上,ADV,B2
佛兰芒的,flemish,佛兰芒的,ADJ,B2
你,you masculine,你,PRON,B2
你们的,your plural,你们的,DET,B2
你好,good day,你好,INTJ,B2
你的,your,你的,DET,B2
你自己,yourself,你自己,PRON,B2
佳酿,vintage,佳酿,NOUN,B2
使一致,to align,使一致,VERB,B2
使不便,to inconvenience,使不便,VERB,B2
使不悦,to displease,使不快,VERB,B2
使不稳定,to destabilize,使不稳定,VERB,B2
使两极分化,to polarize,使两极分化,VERB,B2
使中毒,to intoxicate,使中毒,VERB,B2
使丰富,to enrich,使丰富,VERB,B2
使乏味,to make bland,使乏味,VERB,B2
使习惯,to accustom,使习惯,VERB,B2
使人口减少,to depopulate,使人口减少,VERB,B2
使人疏远的,alienating,使人疏远的,ADJ,B2
使全球化,to globalize,使全球化,VERB,B2
使全神贯注,to engross,使全神贯注,VERB,B2
使兴奋,to excite,使兴奋,VERB,B2
使具有细微差别,to nuance,使具有细微差别,VERB,B2
使冰冻,to chill,使冰冻,VERB,B2
使分裂,to disunite,使分裂,VERB,B2
使厌烦,to cloy,使厌烦,VERB,B2
使发炎,to inflame,使发炎,VERB,B2
使变形,to deform,使变形,VERB,B2
使变性,to denature,使变性,VERB,B2
使变甜,to sweeten,使变甜,VERB,B2
使变窄,to narrow,使变窄,VERB,B2
使吃惊,to amaze,使吃惊,VERB,B2
使合法化,to legitimize,使合法,VERB,B2
使坐下,to seat,使坐下,VERB,B2
使堕落,to deprave,使堕落,VERB,B2
使复杂化,to complicate,使复杂化,VERB,B2
使复苏,to revitalize,使复苏,VERB,B2
使外在化,to externalize,使外在化,VERB,B2
使大胆,to embolden,使大胆,VERB,B2
使失望,to disappoint,使失望,VERB,B2
使失色,to eclipse,使失色,VERB,B2
使娱乐,to amuse,逗乐,VERB,B2
使安心,to reassure,使安心,VERB,B2
使尴尬,to embarrass,使尴尬,VERB,B2
使布满孔洞,to riddle,使布满孔洞,VERB,B2
使平坦,to flatten,使平坦,VERB,B2
使平庸,to trivialize,使平庸,VERB,B2
使平静,to calm down,使平静,VERB,B2
使康复,to rehabilitate,使康复,VERB,B2
使怜悯,to move to pity,使怜悯,VERB,B2
使恐惧,to horrify,使惊骇,VERB,B2
使恐惧,to terrify,使恐惧,VERB,B2
使恢复精神,to refresh,使恢复精神,VERB,B2
使悲伤,to sadden,使悲伤,VERB,B2
使惊恐,to appal,使惊恐,VERB,B2
使惊慌,to disconcert,使惊慌,VERB,B2
使惊讶,to surprise,使惊讶,VERB,B2
使愚蠢,to make stupid,使愚蠢,VERB,B2
使感兴趣,to interest,使感兴趣,VERB,B2
使感动,to move touch,使感动,VERB,B2
使慌乱,to fluster,使慌乱,VERB,B2
使担心,to worry to preoccupy,使担心,VERB,B2
使摆脱,to extricate,使摆脱,VERB,B2
使断奶,to wean,断奶,VERB,B2
使无力,to emasculate,使无力,VERB,B2
使残暴,to brutalize,使变得残忍,VERB,B2
使气馁,to daunt,使气馁,VERB,B2
使气馁,to discourage,使气馁,VERB,B2
使永存,to perpetuate,使永存,VERB,B2
使永恒,to eternalize,使永恒,VERB,B2
使沮丧,to depress,使沮丧,VERB,B2
使沮丧,to dishearten,使沮丧,VERB,B2
使沮丧,to dismay,使沮丧,VERB,B2
使泄气,to deflate,使泄气,VERB,B2
使泄气,to demoralize,使士气低落,VERB,B2
使清新,to freshen,使清新,VERB,B2
使清醒,to disenchant,使清醒,VERB,B2
使满足,to gratify,使满足,VERB,B2
使潮湿,to dampen,使潮湿,VERB,B2
使灵活,to soften,使灵活,VERB,B2
使热情,to enthuse,使热情,VERB,B2
使熟悉,to acquaint,使熟悉,VERB,B2
使熟悉,to familiarize,使熟悉,VERB,B2
使狂喜,to enrapture,使狂喜,VERB,B2
使生气,to anger,使生气,VERB,B2
使疏远,to alienate,使疏远,VERB,B2
使疲倦,tire,轮胎,NOUN,B2
使疲倦,to tire,使疲倦,VERB,B2
使相等,to equalize,使相等,VERB,B2
使神圣,to sanctify,使神圣,VERB,B2
使移居国外,to expatriate,使移居国外,VERB,B2
使窒息,to asphyxiate,使窒息,VERB,B2
使竖起,to bristle,使竖起,VERB,B2
使经受锻炼,to harden,使经受锻炼,VERB,B2
使聋,to deafen,使聋,VERB,B2
使肿胀,to swell,使肿胀,VERB,B2
使能够,to enable,使能够,VERB,B2
使自豪,to make proud,使自豪,VERB,B2
使苦恼,to ail,使苦恼,VERB,B2
使茫然,to daze,使茫然,VERB,B2
使蒙羞,to dishonor,使蒙羞,VERB,B2
使衰弱,to enervate,使衰弱,VERB,B2
使贫困,to pauperize,使贫困,VERB,B2
使边缘化,to marginalize,使边缘化,VERB,B2
使迷失方向,to disorient,使迷失方向,VERB,B2
使饱和,to saturate,使饱和,VERB,B2
使饱足,to satiate,使饱足,VERB,B2
使高兴,to delight,使高兴,VERB,B2
使麻木,to numb,使麻木,VERB,B2
使黯然失色,to overshadow,使黯然失色,VERB,B2
侄女,niece,侄女,NOUN,B2
例子,instance,例子,NOUN,B2
侍者,waiter,服务员,NOUN,B2
供养,to provide for,供应,VERB,B2
供应,supply,供应,NOUN,B2
供应,to furnish,提供,VERB,B2
供暖,heating,供暖,NOUN,B2
依照/根据,pursuant to,依照/根据,ADV,B2
依赖,dependence,依赖,NOUN,B2
依赖,dependency,依赖,NOUN,B2
依赖,to depend,依赖,VERB,B2
依赖,to rely,依赖,VERB,B2
依赖的,dependent,依赖的,ADJ,B2
侦察,reconnaissance,侦察,NOUN,B2
侦察,to scout,侦察,VERB,B2
侧翼,flank,侧翼,NOUN,B2
侧面/页,side page,侧面/页,NOUN,B2
侧面的,lateral,侧面的,ADJ,B2
侵入,intrusion,闯入,NOUN,B2
侵犯,infringement,侵犯,NOUN,B2
侵蚀,to encroach,侵蚀,VERB,B2
侵蚀,to erode,侵蚀,VERB,B2
便宜货,bargain,便宜货,NOUN,B2
促进,to boost,促进,VERB,B2
俄罗斯的,russian,俄罗斯的,ADJ,B2
俚语,slang,俚语,NOUN,B2
保加利亚的,bulgarian,保加利亚的,ADJ,B2
保姆,babysitter,保姆,NOUN,B2
保存,to conserve,保存,VERB,B2
保存,to preserve,保护,VERB,B2
保护,protective,保护的,ADJ,B2
保护主义,protectionism,保护主义,NOUN,B2
保持沉默,to keep silent,保持沉默,VERB,B2
保持警惕,be vigilant,保持警惕,VERB,B2
保湿霜,moisturizer,保湿霜,NOUN,B2
保理,factoring,保理,NOUN,B2
保证,assurance,保证,NOUN,B2
保证,suretyship,保证,NOUN,B2
保证,to assure,保证,VERB,B2
保险丝,fuse,保险丝,NOUN,B2
保险箱,the safe,保险箱,NOUN,B2
信,letter mail,信,NOUN,B2
信任的,trusting,信任的,ADJ,B2
信使,messenger,信使,NOUN,B2
信徒,believer,信徒,NOUN,B2
信徒,practicing believer,信徒,NOUN,B2
信息,piece of information,信息,NOUN,B2
信息技术,it,信息技术,NOUN,B2
修理,to fix,修理,VERB,B2
修补,patch,修补,VERB,B2
修车匠,bicycle repairer,修车匠,NOUN,B2
修辞的,rhetorical,修辞的,ADJ,B2
修道院,monastery,修道院,NOUN,B2
倒空,to empty,倒空,VERB,B2
倒置的,inverted,倒置的,ADJ,B2
候选资格,candidacy,候选资格,NOUN,B2
借代,metonymy,转喻,NOUN,B2
借出,to lend,借出,VERB,B2
借调,secondment,借调,NOUN,B2
倦怠,languor,倦怠,NOUN,B2
倦怠,lethargy,倦怠,NOUN,B2
债务,debts,债务,NOUN,B2
债务,indebtedness,负债,NOUN,B2
值得,worth,值得的,ADJ,B2
值得,worthy,值得的,ADJ,B2
值得一提的,worth mentioning,值得一提的,ADJ,B2
倾向,inclination,倾向,NOUN,B2
倾向,propensity,倾向,NOUN,B2
倾斜,lean,瘦的,ADJ,B2
倾斜,tilt,倾斜,NOUN,B2
倾斜,to lean,倾斜,VERB,B2
倾斜的 / 古怪的,oblique weird,倾斜的 / 古怪的,ADJ,B2
倾析,to decant,倾析,VERB,B2
倾盆大雨,downpour,倾盆大雨,NOUN,B2
倾诉,to pour out,倾诉,VERB,B2
倾销,dumping,倾销,NOUN,B2
假发,wig,假发,NOUN,B2
假定,to postulate,假定,VERB,B2
假期,holidays,假期,NOUN,B2
假的,phony,假的,ADJ,B2
假装,to feign,假装,VERB,B2
偏偏,of all things,偏偏,ADV,B2
偏头痛,migraine,偏头痛,NOUN,B2
偏离,to deviate,偏离,VERB,B2
偏袒,favoritism,偏袒,NOUN,B2
做/修理,to cook fix,做/修理,VERB,B2
做运动,to play sports,做运动,VERB,B2
停止,stop,停止,NOUN,B2
停止,to desist,停止,VERB,B2
停泊,anchoring,停泊,NOUN,B2
停滞,stagnation,停滞,NOUN,B2
停滞,to stall,拖延,VERB,B2
停滞的,stagnant,停滞的,ADJ,B2
健康政策,health policy,健康政策,NOUN,B2
健康的,healthy,健康的,ADJ,B2
健忘症,amnesia,健忘症,NOUN,B2
健谈,garrulous,喋喋不休的,ADJ,B2
健谈的,talkative,健谈的,ADJ,B2
健身,fitness,健康,NOUN,B2
偶像破坏者,iconoclast,偶像破坏者,NOUN,B2
偶然地,by chance,偶然地,ADV,B2
偶然的,contingent,偶然的,ADJ,B2
偶然的,fortuitous,偶然的,ADJ,B2
偷听,to eavesdrop,偷听,VERB,B2
偿付能力,solvency,偿付能力,NOUN,B2
储存,store,商店,NOUN,B2
储存,to store,储存,VERB,B2
储蓄,saving,储蓄,NOUN,B2
储蓄,savings,存款,NOUN,B2
催化,to catalyze,催化,VERB,B2
傲慢,haughtiness,傲慢,NOUN,B2
傲慢/虚荣,arrogance vanity,傲慢/虚荣,NOUN,B2
傲慢的,arrogant,傲慢的,ADJ,B2
傲慢的,cocky,傲慢的,ADJ,B2
傲慢的,haughty,傲慢的,ADJ,B2
傻的,daft,傻的,ADJ,B2
像那样,like that,像那样,ADV,B2
僵化,inflexibility,僵化,NOUN,B2
僵硬,stiffness,僵硬,NOUN,B2
僵硬的,rigid,僵硬的,ADJ,B2
儿童权利,children's rights,儿童权利,NOUN,B2
允许,be allowed,允许,AUX,B2
允许的,allowed,被允许的,ADJ,B2
元帅,marshal,元帅,NOUN,B2
兄弟姐妹,sibling,兄弟姐妹,NOUN,B2
兄弟姐妹,siblings,兄弟姐妹,NOUN,B2
充满活力的,full of life,充满活力的,ADJ,B2
充满的,filled,充满的,ADJ,B2
充电,to recharge,充电,VERB,B2
充足,plenitude,充足,NOUN,B2
先于,to precede,在...之前,VERB,B2
先前,previously,以前,ADV,B2
先前的,previous,先前的,ADJ,B2
先前的,prior,先前的,ADJ,B2
先发制人,preemption,先发制人,NOUN,B2
先天的,congenital,先天的,ADJ,B2
先生,mr.,先生,NOUN,B2
先生,sir,先生,NOUN,B2
先生/主人,mr master,先生/主人,NOUN,B2
先知,prophet,先知,NOUN,B2
先行词,antecedent,先行词,NOUN,B2
先贤祠,pantheon,先贤祠,NOUN,B2
先驱,pioneer,先驱,NOUN,B2
先驱,precursor,先驱,NOUN,B2
先验的,transcendental,先验的,ADJ,B2
光子,photon,光子,NOUN,B2
光学的,optical,光学的,ADJ,B2
光泽,gloss,光泽,NOUN,B2
光盘,disc,光盘,NOUN,B2
光荣,gloriousness,光荣,NOUN,B2
光谱,spectrum,光谱,NOUN,B2
光谱的,spectral,幽灵般的,ADJ,B2
光辉,glow,光芒,NOUN,B2
克制的,forbearing,克制的,ADJ,B2
克拉克斯布,qraqeb,克拉克斯布,NOUN,B2
克隆的,cloned,克隆的,ADJ,B2
免疫,immunization,免疫,NOUN,B2
免疫,to immunize,免疫,VERB,B2
免疫的,immune,免疫的,ADJ,B2
免税,tax exemption,免税,NOUN,B2
免费,for free,免费,ADV,B2
免费,free of charge,免费,NOUN,B2
免除,to exempt,免除,VERB,B2
党派性,partisanship,党派性,NOUN,B2
兜帽,hood,兜帽,NOUN,B2
入侵,invasion,入侵,NOUN,B2
入侵者,invader,入侵者,NOUN,B2
入室盗窃,burglary,入室盗窃罪,NOUN,B2
全体船员,crew,全体船员,NOUN,B2
全球化,globalization,全球化,NOUN,B2
全球化进程,globalization process,全球化进程,NOUN,B2
全神贯注的,absorbed,全神贯注的,ADJ,B2
全科医生,general practitioner,全科医生,NOUN,B2
全部,all of it,全部,PRON,B2
全部曲目,repertoire,全部曲目,NOUN,B2
全面的,all-round,全面的,ADJ,B2
八十,eighty,八十,NUM,B2
八行诗,eight-line stanza,八行诗,NOUN,B2
公使馆,legation,公使馆,NOUN,B2
公共假日,public holiday,公共假日,ADJ,B2
公共喷泉,public fountain,公共喷泉,NOUN,B2
公共浴室,public bath,公共浴室,NOUN,B2
公制的,metric,公制的,ADJ,B2
公务员,civil servant,公务员,NOUN,B2
公司,corporation,公司,NOUN,B2
公司,firm,公司,NOUN,B2
公司的,corporate,公司的,ADJ,B2
公平,equity,公平,NOUN,B2
公平的/正派的,fair decent,公平的/正派的,ADJ,B2
公开,publicly,公开地,ADV,B2
公投,referendum,公民投票,NOUN,B2
公报,communique,公报,NOUN,B2
公报,press release,公报,NOUN,B2
公正,impartiality,公正,NOUN,B2
公民权,citizenship right,公民权,NOUN,B2
公民的,civil,民事的,ADJ,B2
公民身份,citizenship,公民身份,NOUN,B2
公爵夫人,duchess,公爵夫人,NOUN,B2
公理,axiom,公理,NOUN,B2
公理的,axiomatic,公理的,ADJ,B2
公用事业表,utility meter,公用事业表,NOUN,B2
公羊,ram,公羊,NOUN,B2
公鸡,rooster,公鸡,NOUN,B2
六十,sixty,六十,NUM,B2
六十来个,about sixty,六十来个,NOUN,B2
六月,june,六月,NOUN,B2
共产主义,communism,共产主义,NOUN,B2
共产主义的,communist,شيوعي,ADJ,B2
共产主义者,communist,共产主义者,NOUN,B2
共同决定权,co-determination,共同决定权,NOUN,B2
共同地,jointly,共同地,ADV,B2
共同的,together,共同的,ADJ,B2
共同研究,to study jointly,共同研究,VERB,B2
共和的,republican,共和的,ADJ,B2
共有人,co-owner,共有人,NOUN,B2
共有权,joint ownership,共有,NOUN,B2
共济失调,ataxia,共济失调,NOUN,B2
共谋,complicity,共犯,NOUN,B2
共谋的,complicit,共谋的,ADJ,B2
共鸣,to resonate,共鸣,VERB,B2
共鸣的,resonant,共鸣的,ADJ,B2
关,off,关,ADP,B2
关于,concerning,关于,ADP,B2
关于哪个,of which,关于哪个,PRON,B2
关于它,about it,关于它,ADV,B2
关于那个,about that,关于那个,ADV,B2
关怀的,caring,关怀的,ADJ,B2
关掉,to switch off,关掉,VERB,B2
关节,joint,关节,NOUN,B2
关键性,criticality,临界性,NOUN,B2
兴奋,excitement,兴奋,NOUN,B2
兴奋剂,stimulant,兴奋剂,NOUN,B2
兴高采烈,elated,兴高采烈的,ADJ,B2
兴高采烈,elation,兴高采烈,NOUN,B2
其他,other,其他的,DET,B2
其他,other others,其他,DET,B2
其次,secondly,其次,ADV,B2
其间,meantime,同时,NOUN,B2
具体地,specifically,具体地,ADV,B2
具体的,specific,具体的,ADJ,B2
典范,paragon,典范,NOUN,B2
养老金,pension,养老金,NOUN,B2
养肥,to fatten,养肥,VERB,B2
兼职工,part-time worker,兼职工,NOUN,B2
兽穴,den,兽穴,NOUN,B2
兽群,herd,兽群,NOUN,B2
内向,introversion,内向,NOUN,B2
内在地,inwardly,内在地,ADV,B2
内在性,immanence,内在性,NOUN,B2
内接,to circumscribe,限制,VERB,B2
内涵的,connotative,内涵的,ADJ,B2
内疚,guilt,内疚,NOUN,B2
内疚的,guilt-ridden,内疚的,ADJ,B2
内脏,entrails,内脏,NOUN,B2
内部的,internal,内部的,ADJ,B2
内阁,cabinet,内阁,NOUN,B2
再次,once again,再次,ADV,B2
再见,bye,再见,INTJ,B2
再见（电话用语）,goodbye phone,再见（电话用语）,NOUN,B2
冒号,colon,冒号,NOUN,B2
冒泡的,bubbling,冒泡的,ADJ,B2
冒犯,affront,冒犯,NOUN,B2
冒犯,offense,冒犯,NOUN,B2
冒犯的,offensive,冒犯的,ADJ,B2
冒险,adventure,冒险,NOUN,B2
冒险家,adventurer,冒险家,NOUN,B2
冒险的,risky,危险的,ADJ,B2
冗余,redundancy,冗余,NOUN,B2
冗长,prolixity,冗长,NOUN,B2
冗长,verbosity,冗长,NOUN,B2
冗长的,prolix,冗长的,ADJ,B2
冗长的,verbose,冗长的,ADJ,B2
军事化,militarization,军事化,NOUN,B2
军队,military,军事的,ADJ,B2
农业,farming,农业,NOUN,B2
农作物,crop,庄稼,NOUN,B2
农场,farm yard,农场,NOUN,B2
农庄,farmstead,农庄,NOUN,B2
农村的,rural,乡村的,ADJ,B2
农民,farmer,农民,NOUN,B2
冬天的,wintry,冬天的,ADJ,B2
冰冷的,ice cold,冰冷的,ADJ,B2
冰川,glacier,冰川,NOUN,B2
冰箱,fridge,冰箱,NOUN,B2
冲动,impulsiveness,冲动,NOUN,B2
冲动,whim,突发奇想,NOUN,B2
冲动的,impulsive,冲动的,ADJ,B2
冲洗,to flush,冲洗,VERB,B2
冲洗,to rinse,冲洗,VERB,B2
决定/确定,to decide determine,决定/确定,VERB,B2
决定性的,definitive,决定性的,ADJ,B2
决定论,determinism,决定论,NOUN,B2
决定论的,deterministic,决定论的,ADJ,B2
决断,decisiveness,决断,NOUN,B2
决疑法,casuistry,决疑法,NOUN,B2
决赛,final,决赛,NOUN,B2
冷冻,freezing,冻结,NOUN,B2
冷冻柜,freezer,冰柜,NOUN,B2
冷却,cooling,冷却,NOUN,B2
冷却,to cool,冷却,VERB,B2
冷却器 / 冷却液,cooler coolant,冷却器 / 冷却液,NOUN,B2
冷漠,aloofness,冷漠,NOUN,B2
冷漠,apathy,冷漠,NOUN,B2
冷漠的,apathetic,冷漠的,ADJ,B2
冷漠的,stolid,冷漠的,ADJ,B2
冷落,to snub,冷落,VERB,B2
冷静的,phlegmatic,冷静的,ADJ,B2
冻僵的,frozen,冻僵的,ADJ,B2
净化,purification,净化,NOUN,B2
净化,to purify,净化,VERB,B2
净化的,purifying,净化的,ADJ,B2
准备好的,prepared,准备好的,ADJ,B2
准备好的,ready,准备好的,ADJ,B2
准备好的/完成的,ready finished,准备好的/完成的,ADJ,B2
准备就绪,readiness,准备就绪,NOUN,B2
准时,punctual,准时的,ADJ,B2
准时地 / 偶尔地,punctually occasionally,准时地 / 偶尔地,ADV,B2
准确性,accuracy,准确性,NOUN,B2
凉亭,bower,凉亭,NOUN,B2
凉鞋,sandal,凉鞋,NOUN,B2
减,minus,减,NOUN,B2
减少,reduction,减少,NOUN,B2
减少,to decrease,减少,VERB,B2
减少,to diminish,减少,VERB,B2
减弱,weakening,减弱,NOUN,B2
减弱,to attenuate,减弱,VERB,B2
减弱,to wane,减弱,VERB,B2
减肥,to diet,减肥,VERB,B2
减轻,to lighten,减轻,VERB,B2
减速,slowdown,减速,NOUN,B2
减速,to slow down,放慢,VERB,B2
凝结,condensation,凝结,NOUN,B2
几个,several,几个,DET,B2
几乎,virtually,几乎,ADV,B2
几乎不,barely,几乎不,ADV,B2
几乎不,hardly,几乎不,ADV,B2
几乎不,scarcely,几乎不,ADV,B2
几何,geometric,几何的,ADJ,B2
几何学,geometry,几何学,NOUN,B2
凭借,whereby,其中,ADV,B2
凹凸不平的,bumpy,凹凸不平的,ADJ,B2
凹痕,dent,凹痕,NOUN,B2
凹的,concave,凹的,ADJ,B2
出价,bid,出价,NOUN,B2
出去,to exit to go out,出去,VERB,B2
出口,export,出口,NOUN,B2
出口,exports,出口,NOUN,B2
出口,outlet,出口,NOUN,B2
出口,to export,出口,VERB,B2
出声地,aloud,出声地,ADV,B2
出处注明,source citation,出处注明,NOUN,B2
出席,turnout,出席率,NOUN,B2
出版商,publisher,出版商,NOUN,B2
出版社,publishing house,出版社,NOUN,B2
出版自由,freedom of the press,出版自由,NOUN,B2
出现,to emerge,出现,VERB,B2
出现/显得,to appear to seem,出现/显得,VERB,B2
出租,to rent out,出租,VERB,B2
出纳员,cashier,出纳员,NOUN,B2
出血,hemorrhage,出血,NOUN,B2
击倒,to strike down,击倒,VERB,B2
击打,punch,击打,VERB,B2
击退,to repel,击退,VERB,B2
凿子,chisel,凿子,NOUN,B2
分,cent,分,NOUN,B2
分享,sharing,分享,NOUN,B2
分享,to share divide,分享,VERB,B2
分割,to fraction,分割,VERB,B2
分包,subcontracting,分包,NOUN,B2
分化,differentiation,区分,NOUN,B2
分叉,to bifurcate,分叉,VERB,B2
分发,to dispense,分发,VERB,B2
分号,semicolon,分号,PUNCT,B2
分娩,childbirth,分娩,NOUN,B2
分娩,to give birth,分娩,VERB,B2
分层,to stratify,分层,VERB,B2
分开,apart,分开,ADV,B2
分开地，单独地,separately,分开地，单独地,ADV,B2
分开的,separate,分开的,ADJ,B2
分开的,separated,分开的,ADJ,B2
分心,distraction,分心,NOUN,B2
分心,to distract,分心,VERB,B2
分手,breakup,分手,NOUN,B2
分散,to disperse,分散,VERB,B2
分期,periodization,分期,NOUN,B2
分期付款,in installments,分期付款,ADV,B2
分析,analysis,分析,NOUN,B2
分析的,analytical,分析的,ADJ,B2
分歧,divergence,分歧,NOUN,B2
分歧,to diverge,分歧,VERB,B2
分歧的,divergent,分歧的,ADJ,B2
分流,to shunt,分流,VERB,B2
分离,detachment,脱落,NOUN,B2
分离,to decouple,分离,VERB,B2
分离,to detach,分离,VERB,B2
分离,to disjoin,分离,VERB,B2
分离/离婚,to separate divorce,分离/离婚,VERB,B2
分类,classification,分类,NOUN,B2
分类,sorting,分类,NOUN,B2
分类,to sort,分类,VERB,B2
分类学,taxonomy,分类学,NOUN,B2
分组,to group,分组,VERB,B2
分群,to swarm,分群,VERB,B2
分裂,schism,分裂,NOUN,B2
分裂,split,分裂,NOUN,B2
分裂,split secession,分裂,NOUN,B2
分解 / 降解,decomposition degradation,分解 / 降解,NOUN,B2
分贝,decibel,分贝,NOUN,B2
分配,to allocate,分配,VERB,B2
分销商,distributor,分销商,NOUN,B2
切入点,angle of approach,切入点,NOUN,B2
切割,cutting,切割,NOUN,B2
切口,incision,切口,NOUN,B2
切换,to switch,切换,VERB,B2
切线,tangent,切线,NOUN,B2
刑事的,penal,刑事的,ADJ,B2
刑法,criminal law,刑法,NOUN,B2
刑警,detective force,刑警,NOUN,B2
划定界限,to demarcate,划定界限,VERB,B2
划界,demarcation,划界,NOUN,B2
划船,row,行,NOUN,B2
划船,to row,划船,VERB,B2
列举,enumeration,列举,NOUN,B2
列巴布琴,rebab,列巴布琴,NOUN,B2
刘海,fringe,边缘,NOUN,B2
刚刚,only just,才,ADV,B2
创伤,trauma,创伤,NOUN,B2
创造,creation,创造,NOUN,B2
初学者,beginner,初学者,NOUN,B2
初次登台,debut,初次登台,NOUN,B2
初步的,preliminary,初步的,ADJ,B2
初熟果实,first fruit,初熟果实,NOUN,B2
删节,to expurgate,删节,VERB,B2
判例法,case law,判例法,NOUN,B2
判决,verdict,裁决,NOUN,B2
判决执行,sentence enforcement,判决执行,NOUN,B2
刨,to plane,刨,VERB,B2
刨花,shavings,刨花,NOUN,B2
利他主义,altruism,利他主义,NOUN,B2
利他的,altruistic,利他的,ADJ,B2
利用,utilization,利用,NOUN,B2
别处,elsewhere,别处,ADV,B2
刮,to shave,剃,VERB,B2
到了,arrived present,到了,ADV,B2
到处,around,到处,ADV,B2
到期,expiry,失效,NOUN,B2
到来,advent,到来,NOUN,B2
到这里,hither,到这里,ADV,B2
制定,to enact,颁布,VERB,B2
制度化,to institutionalize,制度化,VERB,B2
制服,uniform,制服,NOUN,B2
制裁,sanction,制裁,NOUN,B2
制造,manufacture,制造,NOUN,B2
制造商,manufacturer,制造商,NOUN,B2
刺,sting,刺,NOUN,B2
刺,to stab,刺,VERB,B2
刺,to stick,插入,VERB,B2
刺激,stimulus,刺激,NOUN,B2
刺激,to goad,刺激,VERB,B2
刺激,to spur,激励,VERB,B2
刺猬,hedgehog,刺猬,NOUN,B2
刺痛,tingling,麻木感,NOUN,B2
刺破,to puncture deflate,刺破,VERB,B2
刺绣,to embroider,刺绣,VERB,B2
刺耳的,strident,刺耳的,ADJ,B2
刺耳的声音,cacophony,刺耳的声音,NOUN,B2
刺骨的,biting,尖刻的,ADJ,B2
刻板印象,stereotype,刻板印象,NOUN,B2
刻痕,notch,刻痕,NOUN,B2
刻薄的,mean,刻薄的,ADJ,B2
刽子手,executioner,刽子手,NOUN,B2
剂量,dose,剂量,NOUN,B2
剃刀,razor,剃刀,NOUN,B2
削减,to curtail,削减,VERB,B2
削弱权威,undermining authority,削弱权威,NOUN,B2
前任,predecessor,前任,NOUN,B2
前几天,the other day,前几天,ADV,B2
前线,front line,前线,NOUN,B2
剥,to peel,削皮,VERB,B2
剥削,exploitation,利用,NOUN,B2
剥夺,deprivation,剥夺,NOUN,B2
剥夺,to deprive,剥夺,VERB,B2
剥夺,to divest,剥夺,VERB,B2
剥夺继承权,to disinherit,剥夺继承权,VERB,B2
剥皮,to skin,剥皮,VERB,B2
剧作家,playwright,剧作家,NOUN,B2
剧变,upheaval,剧变,NOUN,B2
剧团,troupe,剧团,NOUN,B2
剧本,screenplay,剧本,NOUN,B2
剪辑,editing,剪辑,NOUN,B2
副手,deputy,议员,NOUN,B2
副朝,minor pilgrimage,副朝,NOUN,B2
副署,to countersign,副署,VERB,B2
割礼,circumcision,割礼,NOUN,B2
割草机,lawnmower,割草机,NOUN,B2
剽窃,plagiarism,剽窃,NOUN,B2
剽窃,to plagiarize,剽窃,VERB,B2
劝勉,to exhort,劝告,VERB,B2
劝阻,to dissuade,劝阻,VERB,B2
办事员,clerk,办事员,NOUN,B2
办公室工作,office work,办公室工作,NOUN,B2
功利主义,utilitarianism,功利主义,NOUN,B2
功利主义的,utilitarian,功利的,ADJ,B2
功绩,feat,功绩,NOUN,B2
功能主义,functionalism,功能主义,NOUN,B2
功能性,functionality,功能性,NOUN,B2
功能的,functional,功能的,ADJ,B2
功能障碍,dysfunction,功能障碍,NOUN,B2
加倍,double,两倍的,ADJ,B2
加倍,doubling,加倍,NOUN,B2
加倍,to double,加倍,VERB,B2
加入,to be added,加入,VERB,B2
加剧,exacerbation,加剧,NOUN,B2
加剧,to exacerbate,加剧,VERB,B2
加宽,to widen,加宽,VERB,B2
加密,encryption,加密,NOUN,B2
加工的,processing,加工的,ADJ,B2
加强,to fortify,加强,VERB,B2
加强,to reinforce,加强,VERB,B2
加强,to strengthen,加强,VERB,B2
加拿大的,canadian,加拿大的,ADJ,B2
加油,to refuel,加油,VERB,B2
加深,to deepen,加深,VERB,B2
加热,to warm,加热,VERB,B2
加班,overtime,加班,NOUN,B2
加速,acceleration,加速,NOUN,B2
加重,to aggravate,加重,VERB,B2
加重,to make heavier,加重,VERB,B2
劣势,inferiority,劣势,NOUN,B2
动人的,touching,动人的,ADJ,B2
动力,drive,动力,NOUN,B2
动力学的,kinetic,运动的,ADJ,B2
动态的,dynamic,动态的,ADJ,B2
动机,motivation,动机,NOUN,B2
动物园,zoo,动物园,NOUN,B2
动物群,fauna,动物群,NOUN,B2
动画,animation,动画,NOUN,B2
动荡的,turbulent,动荡的,ADJ,B2
助学贷款,student loan,助学贷款,NOUN,B2
助手,helper,助手,NOUN,B2
助跑,run-up,助跑,NOUN,B2
努力/赌注,effort bet,努力/赌注,NOUN,B2
努力地,hard,努力地,ADV,B2
劳动力市场,labor market,劳动力市场,NOUN,B2
勇敢的,courageous,勇敢的,ADJ,B2
勇敢的,plucky,勇敢的,ADJ,B2
勇气,valor,勇气,NOUN,B2
勇气测试,test of courage,勇气测试,NOUN,B2
勤勉,assiduous,勤勉的,ADJ,B2
勾勒,to sketch,勾勒,VERB,B2
勾结,to fraternize,勾结,VERB,B2
包,bags,包,NOUN,B2
包厢座位,stall,包厢座位,NOUN,B2
包含,inclusion,包含,NOUN,B2
包含,to be included,包含,VERB,B2
包含,to encompass,包含,VERB,B2
包括,including,包括,ADP,B2
包装,packaging,包装,NOUN,B2
包裹,parcel,包裹,NOUN,B2
匈牙利的,hungarian,匈牙利的,ADJ,B2
化妆,to apply makeup,化妆,VERB,B2
化妆品,cosmetics,化妆品,NOUN,B2
化妆品,makeup,化妆品,NOUN,B2
化妆品的,cosmetic,化妆品的,ADJ,B2
化学品,chemical,化学的,ADJ,B2
化石,fossils,化石,NOUN,B2
化石燃料,fossil fuel,化石燃料,NOUN,B2
北方的,northern,北方的,ADJ,B2
区分,to differentiate,区分,VERB,B2
区别,distinction,区别,NOUN,B2
区域,zone,区域,NOUN,B2
区域主义,regionalism,区域主义,NOUN,B2
区域化,to regionalize,区域化,VERB,B2
医务室,infirmary,医务室,NOUN,B2
医学检查,medical tests,医学检查,NOUN,B2
医学的,medical,医疗的,ADJ,B2
医护人员,healthcare worker,医护人员,NOUN,B2
医源性的,iatrogenic,医源性的,ADJ,B2
匿名的,anonymous,匿名的,ADJ,B2
十一,eleven,十一,NUM,B2
十一月,november,十一月,NOUN,B2
十七,seventeen,十七,NUM,B2
十三,thirteen,十三,NUM,B2
十九,nineteen,十九,NUM,B2
十二,twelve,十二,NUM,B2
十二月,december,十二月,NOUN,B2
十五,fifteen,十五,NUM,B2
十亿,billion,十亿,NUM,B2
十八,eighteen,十八,NUM,B2
十六,sixteen,十六,NUM,B2
十四,fourteen,十四,NUM,B2
十字路口,crossroads,十字路口,NOUN,B2
十年,decade,十年,NOUN,B2
十月,october,十月,NOUN,B2
升,litre,升,NOUN,B2
升华,to sublimate,升华,VERB,B2
升华的,subliming,升华的,ADJ,B2
升级的,upgraded,升级的,ADJ,B2
午休,lunch break,午休,NOUN,B2
半,half,一半的,ADJ,B2
半场,half of a match,半场,NOUN,B2
半小时,half hour,半小时,NOUN,B2
半年,half-year,半年,NOUN,B2
半开的,ajar,半开的,ADJ,B2
半径,radius,半径,NOUN,B2
半球,hemisphere,半球,NOUN,B2
半途,halfway,半途,ADV,B2
华丽的,flowery,华丽的,ADJ,B2
协会性质的,associative,协会性质的,ADJ,B2
协议,protocol,协议,NOUN,B2
协调,harmonization,协调,NOUN,B2
单一的,monolithic,单一的,ADJ,B2
单向的,one-way,单向的,ADJ,B2
单向通行,one-way traffic,单向通行,NOUN,B2
单方面的,unilateral,单方面的,ADJ,B2
单曲,single,单曲,NOUN,B2
单独的,alone,单独的,ADJ,B2
南方的,southern,南方的,ADJ,B2
南非的,south african,南非的,ADJ,B2
博士学位,doctorate,博士学位,NOUN,B2
博学,erudition,博学,NOUN,B2
博学的,erudite,博学的,ADJ,B2
博物馆藏品,museum piece,博物馆藏品,NOUN,B2
占优势的,preponderant,占优势的,ADJ,B2
占星术,astrology,占星术,NOUN,B2
卡住,to wedge,卡住,VERB,B2
卡住的,stuck,卡住的,ADJ,B2
卫生,sanitation,卫生,NOUN,B2
印第安人,native american,印第安人,NOUN,B2
印记,imprint,印记,NOUN,B2
印象派,impressionism,印象主义,NOUN,B2
印象深刻的,impressed,印象深刻的,ADJ,B2
危害,to endanger,危及,VERB,B2
危机局势,crisis situation,危机局势,NOUN,B2
危言耸听,alarmism,危言耸听,NOUN,B2
危险,dangerous,危险的,ADJ,B2
危险性,dangerousness,危险性,NOUN,B2
危险报告,hazard report,危险报告,NOUN,B2
危险的,perilous,危险的,ADJ,B2
即,namely,即,ADV,B2
即,that is to say,即,CCONJ,B2
即兴创作,improvisation,即兴创作,NOUN,B2
即兴创作,to improvise,即兴创作,VERB,B2
即兴的,impromptu,即兴的,ADJ,B2
即兴的,improvised,即兴的,ADJ,B2
即将到来的,coming,即将到来的,ADJ,B2
即将到来的,upcoming,مقبل,ADJ,B2
卵石,pebble,卵石,NOUN,B2
卷曲,to curl,卷曲,VERB,B2
卷曲的,curly,卷曲的,ADJ,B2
卸货,to unload,卸货,VERB,B2
历史,historical,历史的,ADJ,B2
历史/故事,history story,历史/故事,NOUN,B2
历史上,historically,历史上,ADV,B2
历史主义,historicism,历史主义,NOUN,B2
历史学家,historian,历史学家,NOUN,B2
历史性,historicity,历史性,NOUN,B2
压倒,to overwhelm,使不知所措,VERB,B2
压倒性的,overwhelming,压倒性的,ADJ,B2
压制的,repressive,压制的,ADJ,B2
压力,stress,压力,NOUN,B2
压抑的悲伤,suppressed grief,压抑的悲伤,NOUN,B2
压碎,to crush,压碎,VERB,B2
压迫,oppression,压迫,NOUN,B2
压迫的,oppressive,压迫的,ADJ,B2
厌世者,misanthrope,厌世者,NOUN,B2
厌倦的,jaded,厌倦的,ADJ,B2
厌恶,aversion,厌恶,NOUN,B2
厌恶,disgust,厌恶,NOUN,B2
厌恶,dislike,厌恶,NOUN,B2
厌恶,to detest,厌恶,VERB,B2
厌恶的,averse,厌恶的,ADJ,B2
厚度,thickness,厚度,NOUN,B2
厚颜无耻的,brazen,厚颜无耻的,ADJ,B2
厚颜无耻的,cheeky,厚颜无耻的,ADJ,B2
原住民,indigenous people,原住民,NOUN,B2
原型,archetype,原型,NOUN,B2
原子,atomic,原子的,ADJ,B2
原子,atom,原子,NOUN,B2
原子核,atomic nucleus,原子核,NOUN,B2
原教旨主义,fundamentalism,原教旨主义,NOUN,B2
原谅,to excuse,原谅,VERB,B2
原质,prime matter,原质,NOUN,B2
厢式送货车,delivery van,厢式送货车,NOUN,B2
厨师,cook,厨师,NOUN,B2
去,infinitive marker,去,PART,B2
去,to,去,PART,B2
去中心化,to decentralize,去中心化,VERB,B2
去杠杆化,deleveraging,去杠杆化,NOUN,B2
去污,decontamination,去污,NOUN,B2
去角质,to exfoliate,去角质,VERB,B2
参与,involvement,参与,NOUN,B2
参与,to engage,从事,VERB,B2
参与的,involved,涉及的,ADJ,B2
参考,reference,参考,NOUN,B2
参考,to refer,参考,VERB,B2
参观,to view,参观,VERB,B2
参议院,senate,参议院,NOUN,B2
叉子,pitchfork,叉子,NOUN,B2
及物性,transitivity,及物性,NOUN,B2
友好的,amicable,友好的,ADJ,B2
双人自行车 / 搭档,tandem duo,双人自行车 / 搭档,NOUN,B2
双关语,double entendre,双关语,NOUN,B2
双周的,biweekly,双周的,ADJ,B2
双头的,two-headed,双头的,ADJ,B2
双性恋的,bisexual,双性恋的,ADJ,B2
双手灵巧的,ambidextrous,双手灵巧的,ADJ,B2
双筒望远镜,binoculars,双筒望远镜,NOUN,B2
双胞胎,twins,双胞胎,NOUN,B2
双边的,bilateral,双边的,ADJ,B2
反义关系,antonymy,反义关系,NOUN,B2
反之亦然,vice versa,反之亦然,ADJ,B2
反乌托邦,dystopia,反乌托邦,NOUN,B2
反叛者,rebel,反叛者,NOUN,B2
反复无常,fickleness,反复无常,NOUN,B2
反对,objection,异议,NOUN,B2
反对,opposition,对立,NOUN,B2
反对,to advise against,劝阻,VERB,B2
反对,to object,反对,VERB,B2
反应,reaction,反应,NOUN,B2
反应,to react,反应,VERB,B2
反应堆,reactor,反应堆,NOUN,B2
反应的,reactive,反应的,ADJ,B2
反映,to mirror,反映,VERB,B2
反犹太主义,antisemitism,反犹太主义,NOUN,B2
反社会的,antisocial,反社会的,ADJ,B2
反论点,counterargument,反论点,NOUN,B2
反转,to reverse,反转,VERB,B2
反馈,feedback,反馈,NOUN,B2
反驳,to contradict,反驳,VERB,B2
反驳,to retort,反驳,VERB,B2
发作,paroxysm,发作,NOUN,B2
发光的,luminous,发光的,ADJ,B2
发出爆裂声,to crackle,噼啪作响,VERB,B2
发动机,engine motor,发动机,NOUN,B2
发垃圾信息,to spam,发垃圾信息,VERB,B2
发射,launch,发射,NOUN,B2
发掘,to unearth,发掘,VERB,B2
发推文,to tweet,发推文,VERB,B2
发明,invention,发明,NOUN,B2
发现物,find,发现物,NOUN,B2
发球/加价,serve markup,发球/加价,NOUN,B2
发生,to occur,发生,VERB,B2
发生,to take place,举行,VERB,B2
发生率,incidence,发生率,NOUN,B2
发电厂,power plant,发电厂,NOUN,B2
发电厂,power station,发电厂,NOUN,B2
发电机,generator,发电机,NOUN,B2
发短信,to text,发短信,VERB,B2
发绀,cyanosis,发绀,NOUN,B2
发臭,to stink,发臭,VERB,B2
发芽,to germinate,发芽,VERB,B2
发芽,to sprout,发芽,VERB,B2
发言人,spokesperson,发言人,NOUN,B2
发酵,fermentation,发酵,NOUN,B2
发酵,to ferment,发酵,VERB,B2
发霉的,moldy,发霉的,ADJ,B2
发音,pronunciation,发音,NOUN,B2
发髻,hair bun,发髻,NOUN,B2
取得资格,to qualify,使合格,VERB,B2
取来,to fetch,取来,VERB,B2
取消的/设定的,cancelled set,取消的/设定的,ADJ,B2
取消资格,to disqualify,取消资格,VERB,B2
受伤,wounded,受伤的,ADJ,B2
受压迫的,oppressed,受压迫的,ADJ,B2
受启发的,inspired,受启发的,ADJ,B2
受吸引,to gravitate,受吸引,VERB,B2
受围困的,beleaguered,受围困的,ADJ,B2
受影响的,affected,受影响的,ADJ,B2
受污染的,contaminated,受污染的,ADJ,B2
受洗的,baptized,受洗的,ADJ,B2
受益,to benefit,受益,VERB,B2
受祝福的,blessed,受祝福的,ADJ,B2
受精,fertilization,施肥,NOUN,B2
受罚,to be punished,受罚,VERB,B2
受训者,trainee,实习生,NOUN,B2
受辱,to be humiliated,受辱,VERB,B2
受过培训者,schooled person,受过培训者,NOUN,B2
受过教育的,educated,受过教育的,ADJ,B2
受遗赠人,legatee,受遗赠人,NOUN,B2
变位,conjugation,变位,NOUN,B2
变位,to conjugate,变位,VERB,B2
变体,variant,变体,NOUN,B2
变化,variation,变化,NOUN,B2
变压器,transformer converter,变压器,NOUN,B2
变形,deformation,变形,NOUN,B2
变暗,to darken,变暗,VERB,B2
变红,to redden,变红,VERB,B2
变老,to age,变老,VERB,B2
变胖,to gain weight,变胖,VERB,B2
变质的,metamorphic,变质的,ADJ,B2
变迁,vicissitude,变迁,NOUN,B2
变量,variables,变量,NOUN,B2
变魔术,to conjure,变魔术,VERB,B2
变黑,to blacken,变黑,VERB,B2
叙事,narrative,叙述；故事,NOUN,B2
叙事短诗,lay,叙事短诗,NOUN,B2
叙利亚的,syrian,叙利亚的,ADJ,B2
叙述,narration,叙述,NOUN,B2
叙述者,narrator,叙述者,NOUN,B2
叙述者,narrators,叙述者,NOUN,B2
叛乱,revolt,叛乱,NOUN,B2
叛教,apostasy,叛教,NOUN,B2
叛教者,apostate,叛教者,NOUN,B2
叛逆的,rebellious,叛逆的,ADJ,B2
叠句,refrain,副歌,NOUN,B2
口号,slogan,口号,NOUN,B2
口套,muzzle,口套,NOUN,B2
口是心非,duplicity,口是心非,NOUN,B2
口水,drool,口水,NOUN,B2
口渴,thirst,口渴,NOUN,B2
口红,lipstick,口红,NOUN,B2
口译员,interpreter,口译员,NOUN,B2
口述,to dictate,口述,VERB,B2
口香糖,chewing gum,口香糖,NOUN,B2
口香糖,gum,牙龈,NOUN,B2
口鼻,snout,口鼻,NOUN,B2
古典主义,classicism,古典主义,NOUN,B2
古怪,eccentricity,古怪,NOUN,B2
古怪的,outlandish,古怪的,ADJ,B2
古斯古斯蒸锅,couscous steamer,古斯古斯蒸锅,NOUN,B2
古旧的,antique,古老的,ADJ,B2
古里巴饼干,ghoriba cookie,古里巴饼干,NOUN,B2
句法,syntax,句法,NOUN,B2
召集,convening,召集,NOUN,B2
可乐,cola,可乐,NOUN,B2
可争辩,debatable,有争议的,ADJ,B2
可以说,so to speak,可以说,ADV,B2
可信度,credibility,可信度,NOUN,B2
可修正的,amendable,可修正的,ADJ,B2
可兑换性,convertibility,可兑换性,NOUN,B2
可兑换的,convertible,可兑换的,ADJ,B2
可加工的,workable,可加工的,ADJ,B2
可取性,desirability,可取性,NOUN,B2
可取的,desirable,可取的,ADJ,B2
可变格的,declinable,可变格的,ADJ,B2
可命名的,nameable,可命名的,ADJ,B2
可忍受的,bearable,可忍受的,ADJ,B2
可怕地/非常,terribly,可怕地/非常,ADV,B2
可怕的,horrible,可怕的,ADJ,B2
可怕的,terrifying,令人恐惧的,ADJ,B2
可怜的,poor wretched,可怜的,ADJ,B2
可怜虫,poor devil,可怜虫,NOUN,B2
可怜虫,wretch,令人厌恶的人,NOUN,B2
可悲的,deplorable,可悲的,ADJ,B2
可憎的,abominable,可憎的,ADJ,B2
可接受的,acceptable,可接受的,ADJ,B2
可控制的,controllable,可控制的,ADJ,B2
可操纵的,manipulable,可操纵的,ADJ,B2
可敬,venerable,值得尊敬的,ADJ,B2
可敬的,honorable,可敬的,ADJ,B2
可比较的,comparable,可比较的,ADJ,B2
可渗透的,permeable,可渗透的,ADJ,B2
可理解,understandable,可理解的,ADJ,B2
可用,available,可获得的,ADJ,B2
可用性,availability,可用性,NOUN,B2
可用的,usable,可用的,ADJ,B2
可疑的,doubtful,可疑的,ADJ,B2
可疑的,questionable,可疑的,ADJ,B2
可疑的,shady suspicious,可疑的,ADJ,B2
可组合的,composable,可组合的,ADJ,B2
可耻的,scandalous,可耻的,ADJ,B2
可能,probably,大概,ADV,B2
可能地,possibly,可能地,ADV,B2
可能的,possible,可能的,ADJ,B2
可能的,probable likely,可能的,ADJ,B2
可获得的,attainable,可获得的,ADJ,B2
可行的,viable,可行的,ADJ,B2
可见的,visible,可见的,ADJ,B2
可解释的,explicable,可解释的,ADJ,B2
可设想的,conceivable,可设想的,ADJ,B2
可证明的,provable,可证明的,ADJ,B2
可质疑的,contestable,可质疑的,ADJ,B2
可转让的,alienable,可转让的,ADJ,B2
可轻描淡写的,trivializable,可轻描淡写的,ADJ,B2
可辨认的,recognizable,可辨认的,ADJ,B2
可达性,accessibility,可达性,NOUN,B2
可达的,reachable,可到达的,ADJ,B2
可选的,optional,可选的,ADJ,B2
可避免的,avoidable,可避免的,ADJ,B2
可重复性,reproducibility,可重复性,NOUN,B2
可靠性,reliability,可靠性,NOUN,B2
可靠的,trustworthy,值得信赖的,ADJ,B2
可预测的,predictable,可预测的,ADJ,B2
可预算的,budgetable,可预算的,ADJ,B2
史学,historiography,史学,NOUN,B2
史无前例的,unprecedented,史无前例的,ADJ,B2
史诗的,epic,史诗的,ADJ,B2
右边,right,右边,ADV,B2
叶子,leaf page,叶子,NOUN,B2
司法的,judicial,司法的,ADJ,B2
司法系统,judiciary,司法官,NOUN,B2
叹息的,sighing,叹息的,ADJ,B2
叹气,to sigh,叹气,VERB,B2
吃午餐,to have lunch,吃午餐,VERB,B2
吃早餐,to have breakfast,吃早餐,VERB,B2
吃晚餐,to have dinner,吃晚餐,VERB,B2
各种各样的,various,各种各样的,ADJ,B2
各种各样的,all kinds,各种各样的,DET,B2
各自的,respective,各自的,ADJ,B2
合作,cooperation,合作,NOUN,B2
合同的,contractual,合同的,ADJ,B2
合唱团,choir,合唱团,NOUN,B2
合宪性,constitutionality,合宪性,NOUN,B2
合并,merger,合并,NOUN,B2
合并,to amalgamate,合并,VERB,B2
合并,to incorporate,包含,VERB,B2
合并,to merge,合并,VERB,B2
合成,synthesis,综合,NOUN,B2
合成的,synthetic,合成的,ADJ,B2
合法地,legally,合法地,ADV,B2
合法性,legality,合法性,NOUN,B2
合法的,legitimate,合法的,ADJ,B2
合理化,rationalization,合理化,NOUN,B2
合理化,to rationalize,合理化,VERB,B2
合规,compliance,合规,NOUN,B2
合语法性,grammaticality,合语法性,NOUN,B2
合适的,fitting,合适的,ADJ,B2
合金,alloy,合金,NOUN,B2
合页,hinge,合页,NOUN,B2
吉他手,guitarist,吉他手,NOUN,B2
吉祥物,mascot,吉祥物,NOUN,B2
吊灯,chandelier,吊灯,NOUN,B2
同义,synonymy,同义关系,NOUN,B2
同事,coworker,同事,NOUN,B2
同事的,collegial,同事的,ADJ,B2
同位素,isotope,同位素,NOUN,B2
同化,assimilation,同化,NOUN,B2
同化,to assimilate,同化,VERB,B2
同性恋的,homosexual,同性恋的,ADJ,B2
同性恋者,gay,同性恋者,NOUN,B2
同情,commiseration,同情,NOUN,B2
同情,sympathy,同情,NOUN,B2
同情/共情,sympathy empathy,同情/共情,NOUN,B2
同情的,sympathetic,同情的,ADJ,B2
同意,to assent,同意,VERB,B2
同意,to consent,同意,VERB,B2
同时地,simultaneously,同时地,ADV,B2
同时的,simultaneous,同时的,ADJ,B2
同样地,likewise,同样地,ADV,B2
同步,sync,同步,NOUN,B2
同步,synchronization,同步,NOUN,B2
同步的,synchronous,同步的,ADJ,B2
同盟者,confederate,同盟者,NOUN,B2
同胞,fellow citizen,同胞,NOUN,B2
同质性,homogeneity,同质性,NOUN,B2
同质的,homogeneous,同质的,ADJ,B2
同音异义,homonymy,同音异义,NOUN,B2
名人,celebrity,名人,NOUN,B2
名声,fame,名声,NOUN,B2
名字,first name,名字,NOUN,B2
名流,notables,名流,NOUN,B2
名誉的,honorary,名誉的,ADJ,B2
后天,the day after tomorrow,后天,ADV,B2
后座,back seat,后座,NOUN,B2
后来,later,后来,ADV,B2
后果,consequence,后果,NOUN,B2
后果,repercussion,反响,NOUN,B2
后续,follow-up,跟进,NOUN,B2
后退,to back up,后退,VERB,B2
后部,rear,后面的,ADJ,B2
后颈,nape,后颈,NOUN,B2
吐,to spit,吐,VERB,B2
吐痰,to expectorate,吐痰,VERB,B2
向,towards,朝向,ADP,B2
向上,up,向上,ADV,B2
向上,upward,向上,ADV,B2
向上,upwards,向上,ADV,B2
向下,down,向下,ADV,B2
向下,downwards,向下,ADV,B2
向前,forth,向前,ADV,B2
向左,left,左边的,ADJ,B2
向日葵,sunflower,向日葵,NOUN,B2
向西,westward,向西,ADV,B2
向量,vector,向量,NOUN,B2
吓唬,to scare,惊吓,VERB,B2
吗啡,morphine,吗啡,NOUN,B2
君主,monarch,君主,NOUN,B2
君主制,monarchy,君主制,NOUN,B2
吝啬,parsimony,吝啬,NOUN,B2
吝啬,stinginess,吝啬；小气,NOUN,B2
吝啬,to stint,吝啬,VERB,B2
吝啬的,miserly,吝啬的,ADJ,B2
吝啬的,parsimonious,吝啬的,ADJ,B2
吞并,annex,附件,NOUN,B2
吞并,annexation,吞并,NOUN,B2
吞并,to annex,兼并,VERB,B2
吞食,to devour,吞食,VERB,B2
吟游诗人,bard,吟游诗人,NOUN,B2
吠/责骂,to bark scold,吠/责骂,VERB,B2
否决,veto,否决,NOUN,B2
否认,to disavow,否认,VERB,B2
否认 / 抛弃,to renounce to disown,否认 / 抛弃,VERB,B2
含蓄地,implicitly,含蓄地,ADV,B2
含蓄的,implicit,含蓄的,ADJ,B2
听众,listener,听众,NOUN,B2
听得见的,audible,听得见的,ADJ,B2
听着,listen up,听着,INTJ,B2
听诊,to auscultate,听诊,VERB,B2
启发,to edify,启发,VERB,B2
启示,revelation,启示,NOUN,B2
启示录的,apocalyptic,启示录的,ADJ,B2
吱吱声,squeak,吱吱声,NOUN,B2
吸,to suck,吸,VERB,B2
吸引力,attractiveness,吸引力,NOUN,B2
吸烟,smoking,吸烟,NOUN,B2
吸血,to vampirize,吸血,VERB,B2
吹嘘,bragging,吹嘘,NOUN,B2
吹牛,braggadocio,吹牛,NOUN,B2
吻,kiss,吻,NOUN,B2
吼叫,to bellow,吼叫,VERB,B2
告密者,snitch,告密者,NOUN,B2
告诫,to admonish,告诫,VERB,B2
呕吐,vomiting,呕吐,NOUN,B2
员工,staff,全体员工,NOUN,B2
呜咽,to whimper,呜咽,VERB,B2
周年纪念,jubilee,禧年,NOUN,B2
呱呱叫,to croak,呱呱叫,VERB,B2
呸,yuck,呸,INTJ,B2
呻吟,groan,呻吟,NOUN,B2
呻吟,moan,呻吟,NOUN,B2
呻吟,to groan,呻吟,VERB,B2
呼吸的,respiratory,呼吸的,ADJ,B2
呼喊,to exclaim,呼喊,VERB,B2
命令,to command,命令,VERB,B2
命名,to denominate,命名,VERB,B2
命名,to title,命名,VERB,B2
命运,destiny,命运,NOUN,B2
咆哮,growl,低吼,NOUN,B2
咆哮,to growl,咆哮,VERB,B2
咆哮,to rant,咆哮,VERB,B2
和尚,monk,僧侣,NOUN,B2
和解,rapprochement,和解,NOUN,B2
和解,reconciliation,和解,NOUN,B2
和谐,concord,和谐,NOUN,B2
和谐,harmony,和谐,NOUN,B2
咒语,incantation,咒语,NOUN,B2
咕哝,to mutter,嘟囔,VERB,B2
咨询,counseling,咨询,NOUN,B2
咨询的,consultative,咨询的,ADJ,B2
咯咯笑,to giggle,咯咯笑,VERB,B2
咳嗽,cough,咳嗽,NOUN,B2
咽部,pharynx,咽部,NOUN,B2
哀伤的,plaintive,哀伤的,ADJ,B2
哀叫,to bleat,哀叫,VERB,B2
哀号,to wail,哀号,VERB,B2
哀叹,to lament,哀叹,VERB,B2
哀悼,to mourn,哀悼,VERB,B2
品味,to savor,品味,VERB,B2
品性,character trait,品性,NOUN,B2
哄婴儿,to lull a baby,哄婴儿,VERB,B2
哄笑,guffaw,哄笑,NOUN,B2
哇,wow,哇,INTJ,B2
哈利路亚,hallelujah,哈利路亚,INTJ,B2
响,to ring,鸣响,VERB,B2
响应性,responsiveness,反应性,NOUN,B2
哎呀,darn,哎呀,INTJ,B2
哎呀,yikes,哎呀,INTJ,B2
哑的,dumb,愚蠢的,ADJ,B2
哑的,mute,沉默的；哑的,ADJ,B2
哔声,beep,吱吱声,NOUN,B2
哗啦声,clatter,哗啦声,NOUN,B2
哥们,bro,哥们,NOUN,B2
哥哥,big brother,哥哥,NOUN,B2
哥德堡,gothenburg,哥德堡,PROPN,B2
哨兵,sentinel,哨兵,NOUN,B2
哪个,which,哪个,DET,B2
哭喊,crying shouting,哭喊,NOUN,B2
哭泣,crying,,NOUN,B2
哮喘,asthma,哮喘,NOUN,B2
哮喘的,asthmatic,哮喘的,ADJ,B2
哲学家,philosopher,哲学家,NOUN,B2
哲学的,philosophical,哲学的,ADJ,B2
哺乳,breastfeeding,母乳喂养,NOUN,B2
哺乳动物,mammal,哺乳动物,NOUN,B2
唐突,brusqueness,唐突,NOUN,B2
唤起,evocation,唤起,NOUN,B2
唤起,to evoke,唤起,VERB,B2
唤醒,to awaken,唤醒,VERB,B2
唤醒,to rouse,唤醒,VERB,B2
唯意志论的,voluntarist,唯意志论的,ADJ,B2
唯我论,solipsism,唯我论,NOUN,B2
唯物主义,materialism,唯物主义,NOUN,B2
唱歌,singing,歌唱,NOUN,B2
唾液,saliva,唾液,NOUN,B2
啁啾,to chirp,啁啾,VERB,B2
啃,to nibble,啃,VERB,B2
商业化,to commercialize,商业化,VERB,B2
商业的,business,商业的,ADJ,B2
商人,businessman,商人,NOUN,B2
商品,merchandise,商品,NOUN,B2
商队,caravan,房车,NOUN,B2
啜饮,sip,小口喝,NOUN,B2
啜饮,to sip,小口喝,VERB,B2
啮齿动物,rodent,啮齿动物,NOUN,B2
喂养,feed,饲料,NOUN,B2
喂养,to feed,喂养,VERB,B2
善良,kindheartedness,善良,NOUN,B2
喉,larynx,喉,NOUN,B2
喊叫,shout,喊叫,NOUN,B2
喘息,respite,喘息,NOUN,B2
喜剧,comedy,喜剧,NOUN,B2
喜剧演员,comedian,喜剧演员,NOUN,B2
喜剧的,comic,喜剧的,ADJ,B2
喧嚣,clamor,喧嚣,NOUN,B2
喧嚣,din,喧嚣,NOUN,B2
喧闹的,boisterous,喧闹的,ADJ,B2
喷射,ejection,喷射,NOUN,B2
喷气式飞机,jet,喷气式飞机,NOUN,B2
嗅,to sniff,嗅,VERB,B2
嗜血的,bloodthirsty,嗜血的,ADJ,B2
嗯,well,好,ADV,B2
嘎吱作响,to creak,嘎吱作响,VERB,B2
嘎吱作响,to crunch,嘎吱作响,VERB,B2
嘲弄,mockery,嘲弄,NOUN,B2
嘶嘶声,hiss,嘶嘶声,NOUN,B2
嘶鸣,to neigh,嘶鸣,VERB,B2
噘,to pucker,噘,VERB,B2
器乐即兴演奏,instrumental improvisation,器乐即兴演奏,NOUN,B2
噪音,noises,噪音,NOUN,B2
噪音扰民,noise nuisance,噪音扰民,NOUN,B2
嚎叫,to howl,嚎叫,VERB,B2
囚禁,captivity,囚禁,NOUN,B2
四个的,four,四个的,ADJ,B2
四十,forty,四十,NUM,B2
四处走动,to walk around,四处走动,VERB,B2
四月,april,四月,NOUN,B2
回,back,回来,ADV,B2
回复,reply,回复,NOUN,B2
回应,response,回应,NOUN,B2
回廊,cloister,回廊,NOUN,B2
回归,regression,倒退,NOUN,B2
回形针,paper clip,回形针,NOUN,B2
回忆,recall,回忆,NOUN,B2
回避,recusal,回避,NOUN,B2
回避的,evasive,回避的,ADJ,B2
因为,because,因为,CCONJ,B2
因为,for because,因为,CCONJ,B2
因果的,causal,因果的,ADJ,B2
因此,consequently,因此,ADV,B2
因此,hence,因此,ADV,B2
团结,solidarity,团结,NOUN,B2
团结,unity,团结,NOUN,B2
团结,to rally,团结,VERB,B2
团聚,reunion,重聚,NOUN,B2
园丁,gardener,园丁,NOUN,B2
园艺,gardening,园艺,NOUN,B2
困住/砍倒,to trap fell,困住/砍倒,VERB,B2
困倦,sleep sleepiness,困倦,NOUN,B2
困境,dilemma,困境,NOUN,B2
困惑,bewilderment,困惑,NOUN,B2
困惑,to be puzzled,困惑,VERB,B2
困惑的,perplexed,困惑的,ADJ,B2
困难,difficulty,困难,NOUN,B2
困难地,with difficulty,困难地,ADV,B2
围住,to enclose,围住,VERB,B2
围攻,to besiege,包围,VERB,B2
固定,cement,水泥,NOUN,B2
固定,to cement,巩固,VERB,B2
固执,stubbornness,固执,NOUN,B2
固执的,obstinate,固执的,ADJ,B2
国会,congress,国会,NOUN,B2
国会议员,mp,国会议员,NOUN,B2
国内,domestic,国内,NOUN,B2
国内的,domestic,国内的,ADJ,B2
国务秘书,state secretary,国务秘书,NOUN,B2
国土,country land,国土,NOUN,B2
国外,abroad,国外,NOUN,B2
国家的,national,国家的,ADJ,B2
国家队教练,national coach,国家队教练,NOUN,B2
国库,treasury,国库,NOUN,B2
国有化,nationalization,国有化,NOUN,B2
国有化,to nationalize,国有化,VERB,B2
国歌,national anthem,国歌,NOUN,B2
国际象棋,chess,国际象棋,NOUN,B2
图书管理员,librarian,图书管理员,NOUN,B2
图形,graphic,图形的,ADJ,B2
图画,drawing,图画,NOUN,B2
图表,chart,图表,NOUN,B2
圆柱体,cylinder,圆柱体,NOUN,B2
圆柱形的,cylindrical,圆柱形的,ADJ,B2
圆锥体,cone,圆锥体,NOUN,B2
土堆,mound,土堆,NOUN,B2
土耳其的,turkish,土耳其的,ADJ,B2
圣人,saint,圣人,NOUN,B2
圣徒奇迹,saintly miracles,圣徒奇迹,NOUN,B2
圣经,bible,圣经,NOUN,B2
圣训,hadith prophetic saying,圣训,NOUN,B2
圣诞树,christmas tree,圣诞树,NOUN,B2
圣诞礼物,christmas present,圣诞礼物,NOUN,B2
圣诞老人,santa claus,圣诞老人,NOUN,B2
在,under,在...下面,ADP,B2
在...上方,over about,在...上方,ADP,B2
在...上面,on top of,在...上面,ADP,B2
在...下方,under below,在...下方,ADP,B2
在...前,in front of before,在...前,ADP,B2
在...前面,in front of,在……前面,ADP,B2
在...处,at with,在...处,ADP,B2
在...旁边,beside,在...旁边,ADP,B2
在...时,at the,在...时,ADP,B2
在……之前,before,在...之前,SCONJ,B2
在……之外,beyond,在...之外,ADP,B2
在上面,on it,在上面,ADV,B2
在上面,on top,在上面,ADV,B2
在中间,in between,在中间,ADV,B2
在什么上面,on what,在什么上面,ADV,B2
在其上,on which,在其上,PRON,B2
在其中,among them,在其中,ADV,B2
在其中,in it,在里面,ADV,B2
在其中,with it,在其中,ADV,B2
在其中,in which,在其中,PRON,B2
在前面,in front,在前面,ADV,B2
在后面,behind,在...后面,ADP,B2
在后面,at the back,在后面,ADV,B2
在后面,behind it,在后面,ADV,B2
在国外,abroad,在国外,ADV,B2
在外面,outside,在外面,ADV,B2
在室内,indoors,在室内,ADV,B2
在家,at home,在家,ADV,B2
在性方面,sexually,在性方面,ADV,B2
在政治上,politically,在政治上,ADV,B2
在旁边,aside,在旁边,ADV,B2
在最上面,at the top,在最上面,ADV,B2
在期间,during,在...期间,ADP,B2
在职,professionally active,在职,NOUN,B2
在船上,on board,在船上,ADV,B2
在路上,on the way,在路上,ADV,B2
在这里面,in here,在这里面,ADV,B2
在那上面,up there,在那上面,ADV,B2
在那下面,down there,在那下面,ADV,B2
在那些日子/当时,in those days,在那些日子/当时,ADV,B2
在那边,over there,在那边,ADV,B2
在里面,inside,在里面,ADV,B2
在附近,near,在附近,ADP,B2
在隔壁,next door,在隔壁,ADV,B2
地下世界,underworld,地下世界,NOUN,B2
地下的,underground,地下的,ADJ,B2
地中海的,mediterranean,地中海的,ADJ,B2
地区,regions,地区,NOUN,B2
地壳,crust,外壳,NOUN,B2
地形,topography,地形,NOUN,B2
地方性的,endemic,地方性的,ADJ,B2
地方的,provincial,地方的,ADJ,B2
地方选举,local elections,地方选举,NOUN,B2
地毯,carpet rug,地毯,NOUN,B2
地毯,rug,地毯,NOUN,B2
地点,locality,地点,NOUN,B2
地点,spot,地点,NOUN,B2
地牢,dungeon,地牢,NOUN,B2
地理,geographical,地理的,ADJ,B2
地窖,cellar,地窖,NOUN,B2
地缘政治,geopolitical,地缘政治的,ADJ,B2
地缘政治,geopolitics,地缘政治,NOUN,B2
地质,geological,地质的,ADJ,B2
地震的,seismic,地震的,ADJ,B2
场景/舞台,scene stage,场景/舞台,NOUN,B2
均势,balance of power,均势,NOUN,B2
均匀地,evenly,均匀地,ADV,B2
坏,worse,更糟的,ADJ,B2
坏名声,disrepute,坏名声,NOUN,B2
坏疽,gangrene,坏疽,NOUN,B2
坐标,coordinate,坐标,NOUN,B2
坐标,coordinates,坐标,NOUN,B2
坐着的,seated,坐着的,ADJ,B2
坚决地,decidedly,坚决地,ADV,B2
坚决的,determined,下定决心的,ADJ,B2
坚定的,committed,投入的,ADJ,B2
坚定的,staunch,坚定的,ADJ,B2
坚忍的,stoic,坚忍的,ADJ,B2
坚持,persistence,坚持,NOUN,B2
坚持,to adhere,坚持,VERB,B2
坚持,to hold on,抓住,VERB,B2
坚持,to persevere,坚持,VERB,B2
坚持,to persist,坚持,VERB,B2
坚果,nut,坚果,NOUN,B2
坚硬,rigidity,僵硬,NOUN,B2
坚韧,tenacity,坚韧,NOUN,B2
坚韧的,tenacious,顽强的,ADJ,B2
坟墓,grave,坟墓,NOUN,B2
坠落/猛冲,to fall crash,坠落/猛冲,VERB,B2
坦率地,frankly,坦率地,ADV,B2
垂死的,dying,垂死的,ADJ,B2
垂直,vertical,垂直的,ADJ,B2
垃圾,rubbish,垃圾,NOUN,B2
垃圾袋,trash bag,垃圾袋,NOUN,B2
垄断,to monopolize,垄断,VERB,B2
垄断的,monopolistic,垄断的,ADJ,B2
垫子,cushion,垫子,NOUN,B2
垫草 / 猫砂,litter bedding,垫草 / 猫砂,NOUN,B2
埃及人,egyptian,埃及人,NOUN,B2
埃及的,egyptian,埃及的,ADJ,B2
埃米尔的,emiri,埃米尔的,ADJ,B2
城垛,battlement,城垛,NOUN,B2
城市化,urbanization,城市化,NOUN,B2
城市地图,city map,城市地图,NOUN,B2
城市的,urban,城市的,ADJ,B2
城镇,town,城镇,NOUN,B2
城际客车,intercity bus,城际客车,NOUN,B2
培养,cultivation,培养,NOUN,B2
基于,based,基于,ADJ,B2
基于,to be based on,基于,VERB,B2
基于/以此为基础,building upon,基于/以此为基础,ADV,B2
基因,genetic,基因的,ADJ,B2
基因组,genome,基因组,NOUN,B2
基本收入,basic income,基本收入,NOUN,B2
基本的,basal,基本的,ADJ,B2
基本的,elementary,基本的,ADJ,B2
基督徒,christian,基督徒,NOUN,B2
基督教,christianity,基督教,NOUN,B2
基础/理由,ground basis,基础/理由,NOUN,B2
基础设施,infrastructure,基础设施,NOUN,B2
堂兄弟,cousin,表亲,NOUN,B2
堆,heap,堆,NOUN,B2
堆,pile,堆,NOUN,B2
堕胎,abortion,流产,NOUN,B2
堕落,decadence,衰落,NOUN,B2
堕落,depravity,堕落,NOUN,B2
堡垒,bastion,堡垒,NOUN,B2
堡垒,fort,堡垒,NOUN,B2
堡垒,fortress,堡垒,NOUN,B2
塑料,plastic,塑料的,ADJ,B2
塔,tower,塔,NOUN,B2
塞入,to slip in,塞入,VERB,B2
塞卢能量膏,sellou,塞卢能量膏,NOUN,B2
填满,to fill,填满,VERB,B2
填满的,stuffed,填满的,ADJ,B2
填鸭式学习,to cram,填鸭式学习,VERB,B2
墓地,graveyard,墓地,NOUN,B2
增值,capital gain,增值,NOUN,B2
增值税,vat,增值税,NOUN,B2
增加,increases,增加,NOUN,B2
增加的,increased,增加的,ADJ,B2
增加的,increasing,增加的,ADJ,B2
增大,magnification,增大,NOUN,B2
增强,to enhance,增强,VERB,B2
增援,reinforcement,增援,NOUN,B2
增殖,proliferation,增殖,NOUN,B2
增长,growth,增长,NOUN,B2
墨西哥的,mexican,墨西哥的,ADJ,B2
壁垒,bulwark,壁垒,NOUN,B2
壁炉,fireplace,壁炉,NOUN,B2
壁炉,hearth,壁炉,NOUN,B2
声名狼藉的,infamous,声名狼藉的,ADJ,B2
声学,acoustics,声学,NOUN,B2
声学的,acoustic,声学的,ADJ,B2
声音,vocal,直言的,ADJ,B2
壳,shell,壳,NOUN,B2
处于,to find oneself,处于,VERB,B2
处女的,virginal,处女的,ADJ,B2
处理,disposal,处理,NOUN,B2
处理,to address,解决,VERB,B2
处理,to deal,处理,VERB,B2
处理,to dispose,处理,VERB,B2
处理,to tackle,处理,VERB,B2
处罚,penalties,处罚,NOUN,B2
复兴,revival,复兴,NOUN,B2
复制,to replicate,复制,VERB,B2
复发,relapse,再犯,NOUN,B2
复审申请,petition for review,复审申请,NOUN,B2
复杂的,complex,复杂的,ADJ,B2
复杂的,sophisticated,复杂的,ADJ,B2
复活,resurrection,复活,NOUN,B2
复苏,resuscitation,复苏,NOUN,B2
夕阳,setting sun,夕阳,NOUN,B2
外交关系,diplomatic relations,外交关系,NOUN,B2
外交的,diplomatic,外交的,ADJ,B2
外出,away,外出,ADJ,B2
外向的,outgoing,外向的,ADJ,B2
外围的,peripheral,外围的,ADJ,B2
外国,foreign,外国的,ADJ,B2
外国人,foreigner,外国人,NOUN,B2
外星的,extraterrestrial,外星的,ADJ,B2
外来词,loanword,外来词,NOUN,B2
外科医生,surgeon,外科医生,NOUN,B2
外科的,surgical,外科的,ADJ,B2
外行,layperson,外行,NOUN,B2
外面,out,在外面,ADV,B2
多久,how long,多久,ADV,B2
多产的,productive,多产的,ADJ,B2
多余的,redundant,多余的,ADJ,B2
多媒体图书馆,media library,多媒体图书馆,NOUN,B2
多少,how much,多少,PRON,B2
多年来,for years,多年,ADV,B2
多彩的,colorful,五颜六色的,ADJ,B2
多才多艺的,versatile,多才多艺的,ADJ,B2
多样化,to diversify,使多样化,VERB,B2
多样的,diverse,多样的,ADJ,B2
多边形,polygon,多边形,NOUN,B2
多部分的,multipart,多部分的,ADJ,B2
多雨的,rainy,多雨的,ADJ,B2
夜总会,nightclub,夜总会,NOUN,B2
夜莺,nightingale,夜莺,NOUN,B2
夜间的,nocturnal,夜间的,ADJ,B2
大人物,bigwig,大人物,NOUN,B2
大众,the masses,大众,NOUN,B2
大公,grand duke,大公,NOUN,B2
大公国,grand duchy,大公国,NOUN,B2
大写,to capitalize,利用,VERB,B2
大声地,loudly,大声地,ADV,B2
大多数,most,大多数,ADJ,B2
大学,universities,大学,NOUN,B2
大学生,university student,大学生,NOUN,B2
大官,grand officer,大官,NOUN,B2
大家,all of them,大家,PRON,B2
大摇大摆,to swagger,大摇大摆,VERB,B2
大教堂,basilica,大教堂,NOUN,B2
大斋期,lent,大斋期,NOUN,B2
大气的,atmospheric,大气的,ADJ,B2
大流散,diaspora,流散,NOUN,B2
大流行,pandemic,大流行,NOUN,B2
大炮,cannon,大炮,NOUN,B2
大理石,marble,大理石,NOUN,B2
大约,about,大约,ADV,B2
大肆吹捧,to praise lavishly,大肆吹捧,VERB,B2
大胆的,audacious,大胆的,ADJ,B2
大胆的,daring,大胆的,ADJ,B2
大脑的,cerebral,大脑的,ADJ,B2
大腿,thigh,大腿,NOUN,B2
大蒜,garlic,大蒜,NOUN,B2
大都市,metropolis,大都市,NOUN,B2
大量,lots,大量,NOUN,B2
大量,plenty,大量,NOUN,B2
大量地,massively,大量地,ADV,B2
大量的,substantial,大量的,ADJ,B2
大错,blunder,大错,NOUN,B2
大陆,continent,大陆,NOUN,B2
大麻,hemp,大麻,NOUN,B2
天主教徒,catholic,天主教徒,NOUN,B2
天主教的,catholic,天主教的,ADJ,B2
天使群,host of angels,天使群,NOUN,B2
天使般的,angelic,天使般的,ADJ,B2
天哪,good heavens,天哪,INTJ,B2
天哪,gosh,天哪,INTJ,B2
天文,astronomical,天文学的,ADJ,B2
天文台,observatory,天文台,NOUN,B2
天真,naivety,天真,NOUN,B2
天窗,skylight,天窗,NOUN,B2
天线,antenna,天线,NOUN,B2
天蓝色,sky blue,天蓝色,ADJ,B2
天课,alms zakat,天课,NOUN,B2
天资,aptitude,天资,NOUN,B2
天赋,giftedness,天赋,NOUN,B2
天鹅,swan,天鹅,NOUN,B2
太多,too much,太,ADV,B2
太迟,too late,太迟,ADV,B2
太阳能电池板,solar panel,太阳能电池板,NOUN,B2
太阳镜,sunglasses,太阳镜,NOUN,B2
失业,unemployed,失业的,ADJ,B2
失业,unemployment,失业,NOUN,B2
失明,to go blind,失明,VERB,B2
失望,disappointment,失望,NOUN,B2
失语症,aphasia,失语症,NOUN,B2
失败主义,defeatism,失败主义,NOUN,B2
失败的,failed,失败的,ADJ,B2
失败者,loser,失败者,NOUN,B2
失踪的,missing,失踪的,ADJ,B2
头巾,headscarf,头巾,NOUN,B2
头版,front page,头版,NOUN,B2
头球,header,头球,NOUN,B2
头盔,helmet,头盔,NOUN,B2
头骨,skull,头骨,NOUN,B2
夷平,to level,夷平,VERB,B2
夸张,hyperbole,夸张,NOUN,B2
夸张的,exaggerated,夸张的,ADJ,B2
夹克,jacket,夹克,NOUN,B2
夹子,clamp,夹钳,NOUN,B2
夹层,mezzanine,夹层,NOUN,B2
夺取,to wrest,强行夺取,VERB,B2
奇怪地,strangely,奇怪地,ADV,B2
奇怪的,odd,奇怪的,ADJ,B2
奉承,flattery,奉承,NOUN,B2
奉献,dedication,奉献,NOUN,B2
奉献,to devote,奉献,VERB,B2
契约,covenant,契约,NOUN,B2
契约,pact,协定,NOUN,B2
契约化,contractualization,契约化,NOUN,B2
奔跑,to gallop,飞奔,VERB,B2
奖品,prize,奖品,NOUN,B2
奖学金,scholarship,奖学金,NOUN,B2
奖学金生,scholarship holder,奖学金生,NOUN,B2
套房,suite,套房,NOUN,B2
套装,suit,西装,NOUN,B2
奢侈品,luxury,奢侈,NOUN,B2
奢侈的,extravagant,奢侈的,ADJ,B2
奥地利的,austrian,奥地利的,ADJ,B2
奥林匹克的,olympic,奥林匹克的,ADJ,B2
女侍者,waitress,女服务员,NOUN,B2
女同性恋的,lesbian,女同性恋的,ADJ,B2
女孩/女朋友,girl girlfriend,女孩/女朋友,NOUN,B2
女家长,matriarch,女家长,NOUN,B2
女性朋友,female friend,女性朋友,NOUN,B2
女性特质,femininity,女性气质,NOUN,B2
女性的,female,女性的,ADJ,B2
女性的,feminine,女性的,ADJ,B2
女总统,president female,女总统,NOUN,B2
女方离婚,khul',女方离婚,NOUN,B2
女服务员,hostess,女服务员,NOUN,B2
女权主义,feminism,女权主义,NOUN,B2
女权主义者,feminist,女权主义者,NOUN,B2
女演员,actress,女演员,NOUN,B2
女男爵,baroness,女男爵,NOUN,B2
女衬衫,blouse,女衬衫,NOUN,B2
奴役,servitude,奴役,NOUN,B2
奴役,to enslave,奴役,VERB,B2
奴性地,servilely,奴性地,ADV,B2
奴隶制,slavery,奴隶制,NOUN,B2
奶奶,granny,奶奶,NOUN,B2
她,she they,她,PRON,B2
她的,her,她的,DET,B2
好,alright,好的,ADV,B2
好/很好,good well,好/很好,ADJ,B2
好吧,well,好吧,INTJ,B2
好奇心,curiosity,好奇心,NOUN,B2
好奇的,inquisitive,好奇的,ADJ,B2
好客,hospitality,好客,NOUN,B2
好战的,bellicose,好战的,ADJ,B2
好战的,belligerent,好战的,ADJ,B2
好斗性,combativeness,好斗性,NOUN,B2
好的,okay,好的,INTJ,B2
好色 / 淫荡,lubricity,好色 / 淫荡,NOUN,B2
好辩,argumentativeness,好辩,NOUN,B2
如画的；别致的,picturesque,如画的；别致的,ADJ,B2
妇科,gynaecology,妇科,NOUN,B2
妈妈,mom,妈妈,NOUN,B2
妓女,whore,妓女,NOUN,B2
妖魔化,to demonize,妖魔化,VERB,B2
妥协,compromise,妥协,NOUN,B2
妹妹,little sister,妹妹,NOUN,B2
妻子/夫人,wife mrs,妻子/夫人,NOUN,B2
姐夫,brother-in-law,姐夫/妹夫,NOUN,B2
姓,last name,姓,NOUN,B2
委员会,committees,委员会,NOUN,B2
委员会,councils,委员会,NOUN,B2
委婉语,euphemism,委婉语,NOUN,B2
委托,to commission,委托,VERB,B2
委派,delegate,代表,NOUN,B2
委派,to delegate,委派,VERB,B2
姨妈,maternal aunt,姨母,NOUN,B2
威严,commanding presence,威严,NOUN,B2
威慑,deterrence,威慑,NOUN,B2
威权,dominance,威权,NOUN,B2
威胁,threat,威胁,NOUN,B2
威胁的,threatening,具有威胁性的,ADJ,B2
娱乐,amusement,娱乐,NOUN,B2
娱乐,recreation,娱乐,NOUN,B2
婚约,engagement,订婚,NOUN,B2
婴儿,infant,婴儿,NOUN,B2
婴儿车,stroller,婴儿车,NOUN,B2
媒体从业者,media professionals,媒体从业者,NOUN,B2
嫁妆,dowry,嫁妆,NOUN,B2
嫁接,graft,嫁接,NOUN,B2
嫉妒,jealousy,嫉妒,NOUN,B2
嫉妒的,jealous,嫉妒的,ADJ,B2
嬉戏,to frolic,嬉戏,VERB,B2
子公司,subsidiary,子公司,NOUN,B2
子宫的,uterine,子宫的,ADJ,B2
孕妇,pregnant woman,孕妇,NOUN,B2
字母的,alphabetical,按字母顺序的,ADJ,B2
字母表,alphabet,字母表,NOUN,B2
字面上地,literally,字面上地,ADV,B2
字面主义,literalism,字面主义,NOUN,B2
字面的,literal,字面的,ADJ,B2
存在,to subsist,存在,VERB,B2
存在/有,to exist there is,存在/有,VERB,B2
存在主义,existentialism,存在主义,NOUN,B2
存在主义的,existential,存在主义的,ADJ,B2
存在的 / 可获得的,present available,存在的 / 可获得的,ADJ,B2
存放,to deposit,存放,VERB,B2
孙女,granddaughter,孙女,NOUN,B2
孙辈,grandchild,孙辈,NOUN,B2
孜然,cumin,孜然,NOUN,B2
孤僻的,withdrawn,孤僻的,ADJ,B2
孤独,loneliness,孤独,NOUN,B2
孤独,solitude,孤独,NOUN,B2
孤独的,solitary,孤独的,ADJ,B2
孤立的,isolated,孤立的,ADJ,B2
学习,to study,学习,VERB,B2
学习曲线,learning curve,学习曲线,NOUN,B2
学位/考试,degree exam,学位/考试,NOUN,B2
学年,school year,学年,NOUN,B2
学术的,scholastic,经院哲学的,ADJ,B2
学校的,school,学校的,ADJ,B2
学生,pupil,学生,NOUN,B2
学生,schoolboy,学生,NOUN,B2
学生宿舍,student residence,学生宿舍,NOUN,B2
学科分支,branch of study,学科分支,NOUN,B2
学者,academic,学者,NOUN,B2
学识渊博的,deeply learned,学识渊博的,ADJ,B2
学院,college,学院,NOUN,B2
孵化,incubation,孵化,NOUN,B2
宁静,serenity,宁静,NOUN,B2
它 (中性),it neuter,它 (中性),PRON,B2
它 (通性),it common,它 (通性),PRON,B2
它的,its,它的,PRON,B2
它自己,itself,它自己,PRON,B2
宇宙的,cosmic,宇宙的,ADJ,B2
宇航员,astronaut,宇航员,NOUN,B2
守夜,to stay awake,守夜,VERB,B2
守望,lookout,瞭望,NOUN,B2
安全,security,安全,NOUN,B2
安全的/可靠的,safe secure,安全的/可靠的,ADJ,B2
安全的，安保的,security-related,安全的，安保的,ADJ,B2
安息日,sabbath,安息日,NOUN,B2
安慰,consolation,安慰,NOUN,B2
安慰,to console,安慰,VERB,B2
安抚,to appease,安抚,VERB,B2
安抚,to placate,安抚,VERB,B2
安排,arrangement,安排,NOUN,B2
安眠药,sleeping pill,安眠药,NOUN,B2
安装,installation,安装,NOUN,B2
完全地,totally,完全地,ADV,B2
完全的,total,完全的,ADJ,B2
完成,to accomplish,完成,VERB,B2
完成,to be done,被做,VERB,B2
完成,to consummate,完成,VERB,B2
完美,perfection,完美,NOUN,B2
宏伟,grandiose,浮夸的,ADJ,B2
宏伟,grandeur,宏伟,NOUN,B2
宏伟,grandiosity,宏伟,NOUN,B2
宏伟的,imposing,宏伟的,ADJ,B2
宏观的,macroscopic,宏观的,ADJ,B2
宏观经济学的,macroeconomic,宏观经济学的,ADJ,B2
宗教战争,religious war,宗教战争,NOUN,B2
宗教教令,fatwa,宗教教令,NOUN,B2
宗教的,religious,宗教的,ADJ,B2
宗教纷争,religious strife,宗教纷争,NOUN,B2
宗教自由,freedom of religion,宗教自由,NOUN,B2
宗教裁判所,inquisition,宗教裁判所,NOUN,B2
宗派的,confessional,宗派的,ADJ,B2
宗派的,sectarian,宗派的,ADJ,B2
官僚,bureaucrat,官僚,NOUN,B2
官僚机构,bureaucracy,官僚主义,NOUN,B2
定义,to define,定义,VERB,B2
定价,pricing,定价 / 收费,NOUN,B2
定价,to set rates,定价,VERB,B2
定位,to locate,定位,VERB,B2
定位,to situate,定位,VERB,B2
定位 / 安置,to position,定位 / 安置,VERB,B2
定居点,settlement,解决,NOUN,B2
定居的,resident,定居的,ADJ,B2
定性的,qualitative,定性的,ADJ,B2
定期地,periodically,定期地,ADV,B2
定期地,regularly,定期地,ADV,B2
定稿,to finalize,完成,VERB,B2
定罪,to criminalize,定罪,VERB,B2
定语的,attributive,定语的,ADJ,B2
定量的,quantitative,定量的,ADJ,B2
宝石,gem,宝石,NOUN,B2
宝石,jewel,宝石,NOUN,B2
实施,enforcement,执行,NOUN,B2
实施,implementation,实施,NOUN,B2
实用主义,pragmatism,实用主义,NOUN,B2
实行暴政,tyrannize,实行暴政,VERB,B2
实质性的,substantive,实质性的,ADJ,B2
实验,experimental,实验的,ADJ,B2
实验,to experiment,实验,VERB,B2
实验室,lab,实验室,NOUN,B2
审查,censorship,审查制度,NOUN,B2
审查,to censor,审查,VERB,B2
审美,aesthetic,审美的,ADJ,B2
审计员,auditor,审计员,NOUN,B2
审议,deliberations,审议,NOUN,B2
审讯室,interrogation room,审讯室,NOUN,B2
审问,interrogation,审问,NOUN,B2
客户服务,customer service,客户服务,NOUN,B2
客房,hotel room,酒店房间,NOUN,B2
客观化,to objectify,客观化,VERB,B2
客观性,objectivity,客观性,NOUN,B2
宣传,propaganda,宣传,NOUN,B2
宣传,publicity,宣传,NOUN,B2
宣传,to advertise,做广告,VERB,B2
宣告无罪,to acquit,宣告无罪,VERB,B2
宣泄,catharsis,宣泄,NOUN,B2
宣礼,call to prayer,宣礼,NOUN,B2
宣礼塔,minaret,宣礼塔,NOUN,B2
宣福,to beatify,宣福,VERB,B2
宣称,to allege,宣称,VERB,B2
宣言,manifesto,宣言,NOUN,B2
室,chamber,房间,NOUN,B2
室内布置,furnishing,室内布置,NOUN,B2
宪法的,constitutional,宪法的,ADJ,B2
害怕的,afraid,害怕的,ADJ,B2
害怕的,scared,害怕的,ADJ,B2
宵禁,curfew,宵禁,NOUN,B2
家务,chore,家务,NOUN,B2
家庭,household,家庭,NOUN,B2
家庭团聚,family reunification,家庭团聚,NOUN,B2
家庭圈子,family circle,家庭圈子,NOUN,B2
家庭构成,family composition,家庭构成,NOUN,B2
家庭生活,family life,家庭生活,NOUN,B2
家庭紧张,family tension,家庭紧张,NOUN,B2
家谱,genealogies,家谱,NOUN,B2
家谱,genealogy,家谱学,NOUN,B2
容光焕发的,radiant,容光焕发的,ADJ,B2
容器,vessel,船,NOUN,B2
容纳,to accommodate,容纳,VERB,B2
宽大,leniency,宽厚,NOUN,B2
宽大的,lenient,宽大的,ADJ,B2
宽宏大量,magnanimity,宽宏大量,NOUN,B2
宽宏大量的,magnanimous,宽宏大量的,ADJ,B2
宽容的,tolerant,宽容的,ADJ,B2
宽恕,to condone,宽恕,VERB,B2
宽慰的,relieved,宽慰的,ADJ,B2
宽敞,spaciousness,宽敞,NOUN,B2
宿命论,fatalism,宿命论,NOUN,B2
宿命论的,fatalist,宿命论的,ADJ,B2
密封的,airtight,密封的,ADJ,B2
密谋,to conspire,密谋,VERB,B2
密谋,to plot,密谋,VERB,B2
富有想象力的,imaginative,富有想象力的,ADJ,B2
富有的,wealthy,富有的,ADJ,B2
富集,enrichment,丰富,NOUN,B2
寒冷的,frigid,寒冷的,ADJ,B2
寒战,shiver,寒战,NOUN,B2
察觉,to perceive,察觉,VERB,B2
寡头政治,oligarchy,寡头政治,NOUN,B2
寡妇,widow,寡妇,NOUN,B2
对,versus,对,ADP,B2
对手,rival,对手,NOUN,B2
对抗,antagonism,对抗,NOUN,B2
对此,it,对此,ADV,B2
对此,this,对此,ADV,B2
对比,contrast,对比,NOUN,B2
对称的,symmetrical,对称的,ADJ,B2
对角地,diagonally,对角地,ADV,B2
对角线,diagonal,对角线,NOUN,B2
对话,conversation,对话,NOUN,B2
对话,to dialogue,对话,VERB,B2
对话主义,dialogism,对话主义,NOUN,B2
对话者,interlocutor,对话者,NOUN,B2
对跖点,antipode,对跖点,NOUN,B2
对面,opposite,对面,ADP,B2
寻得陪伴,finding comfort in company,寻得陪伴,NOUN,B2
寻找,to look for,寻找,VERB,B2
寻求庇护者,asylum seeker,寻求庇护者,NOUN,B2
寻求者,seeker,寻求者,NOUN,B2
寻觅，找到,to unearth to track down,寻觅，找到,VERB,B2
导游,guided tour,导游,NOUN,B2
导演,directing,导演,NOUN,B2
导电性,conductivity,导电性,NOUN,B2
导航的,navigational,导航的,ADJ,B2
导航；航行,to navigate,导航；航行,VERB,B2
寿命,age lifetime,寿命,NOUN,B2
封建主义,feudalism,封建主义,NOUN,B2
封爵,to ennoble,使高贵,VERB,B2
封锁,blockade,封锁,NOUN,B2
封闭,closedness,封闭,NOUN,B2
射手,shooter,射手,NOUN,B2
射手座,sagittarius,射手座,NOUN,B2
射线,ray,光线,NOUN,B2
将要,would,将要,AUX,B2
将要/会,will shall,将要/会,AUX,B2
尊重,esteem,尊重,NOUN,B2
尊重,respect,尊重,NOUN,B2
小丑,buffoon,小丑,NOUN,B2
小便,to pee,小便,VERB,B2
小儿子,little son,小儿子,NOUN,B2
小册子,brochure,小册子,NOUN,B2
小册子作者,pamphleteer,小册子作者,NOUN,B2
小包,packet,小包裹,NOUN,B2
小号,trumpet,小号,NOUN,B2
小吃摊,hot dog stand,小吃摊,NOUN,B2
小圆面包,bread roll,小圆面包,NOUN,B2
小太阳,little sun,小太阳,NOUN,B2
小姐,young lady,小姐,NOUN,B2
小孩,kid,小孩,NOUN,B2
小家伙,little one,小家伙,NOUN,B2
小屋,cottage,小屋,NOUN,B2
小工具,gadget,小装置,NOUN,B2
小弟弟,little brother,小弟弟,NOUN,B2
小心,to watch out,小心,VERB,B2
小手,little hand,小手,NOUN,B2
小教堂,chapel,小教堂,NOUN,B2
小数,decimal,小数,NOUN,B2
小溪,brook,小溪,NOUN,B2
小牛,calf,小腿,NOUN,B2
小狗,puppy,小狗,NOUN,B2
小睡,nap,午睡,NOUN,B2
小礼物,small gift,小礼物,NOUN,B2
小行星,asteroid,小行星,NOUN,B2
小规模战斗,skirmish,小规模战斗,NOUN,B2
小说,fiction,小说,NOUN,B2
小说的,novelistic,小说般的,ADJ,B2
小贩,peddler,小贩,NOUN,B2
小酒馆,bistro,小酒馆,NOUN,B2
小饰品,trinket,小饰品,NOUN,B2
小鸡,chick,小鸡,NOUN,B2
少,little,少,DET,B2
少数,minority,少数,NOUN,B2
少数派的,minority,少数派的,ADJ,B2
少数群体,minority group,少数群体,NOUN,B2
尖刻,acrimony,尖刻,NOUN,B2
尖刻的,acerbic,尖刻的,ADJ,B2
尖叫,scream,尖叫,NOUN,B2
尖锐,acute,剧烈的,ADJ,B2
尖锐的,shrill,尖锐的,ADJ,B2
尝试 / 试穿,to try to try on,尝试 / 试穿,VERB,B2
就业,employment,就业,NOUN,B2
就职,to assume office,就任,VERB,B2
就职,to inaugurate,启用,VERB,B2
尴尬,awkwardness,尴尬,NOUN,B2
尸体,corpse,尸体,NOUN,B2
尸体/相似的,corpse alike,尸体/相似的,NOUN,B2
尸检,autopsy,尸检,NOUN,B2
尺寸 / 测量,size measure,尺寸 / 测量,NOUN,B2
尽管,despite,尽管,ADP,B2
尽管,although,尽管,CCONJ,B2
尽管如此,nevertheless,尽管如此,ADV,B2
局,directorate,局,NOUN,B2
层/仓库,layer storage,层/仓库,NOUN,B2
居中,to center,居中,VERB,B2
居住地,place of residence,居住地,NOUN,B2
居民,inhabitant,居民,NOUN,B2
屈尊,condescension,屈尊,NOUN,B2
屈尊,to condescend,屈尊,VERB,B2
屈尊,to deign,屈尊,VERB,B2
屈服,to succumb,屈服,VERB,B2
屎,crap,屎,NOUN,B2
屏幕,screen,屏幕,NOUN,B2
属于,to belong,属于,VERB,B2
属性,attribute,属性,NOUN,B2
屠夫,butcher,屠夫,NOUN,B2
屠宰/击落,to slaughter shoot down,屠宰/击落,VERB,B2
山丘,hill,小山,NOUN,B2
山羊,goat,山羊,NOUN,B2
山谷,dal,山谷,NOUN,B2
山谷,valley,山谷,NOUN,B2
山顶,crest,顶峰,NOUN,B2
岩板,rock slab,岩板,NOUN,B2
岳母,mother-in-law,岳母,NOUN,B2
峰会,summit,顶峰,NOUN,B2
崇敬,reverence,尊敬,NOUN,B2
崇敬,veneration,崇敬,NOUN,B2
崇敬,to venerate,崇敬,VERB,B2
崇高的,sublime,崇高的,ADJ,B2
崩溃,breakdown,故障,NOUN,B2
崩溃,collapse,崩溃,NOUN,B2
嵌入,to embed,嵌入,VERB,B2
巡回的,itinerant,巡回的,ADJ,B2
巡航,cruise,巡航,NOUN,B2
巡逻,patrol,巡逻,NOUN,B2
巢,nest,巢,NOUN,B2
工业化,industrialization,工业化,NOUN,B2
工业化,to industrialize,工业化,VERB,B2
工业的,industrial,工业的,ADJ,B2
工人阶级,working class,工人阶级,NOUN,B2
工会,trade union,工会,NOUN,B2
工会,union,工会,NOUN,B2
工会主义,unionism,工会主义,NOUN,B2
工会主义的,unionist,工会主义的,ADJ,B2
工作,job,工作,NOUN,B2
工作任务,work task,工作任务,NOUN,B2
工作场所,workplace,工作场所,NOUN,B2
工作日,weekday,工作日,NOUN,B2
工作环境,work environment,工作环境,NOUN,B2
工具化,to instrumentalize,工具化,VERB,B2
工匠,handyman,工匠,NOUN,B2
工艺,craft,工艺,NOUN,B2
工资,wage,工资,NOUN,B2
左边,left,左边,ADV,B2
巧妙地,delicately,巧妙地,ADV,B2
巨大,enormity,极恶,NOUN,B2
巨大地,enormously,巨大地,ADV,B2
巨大的,giant,巨大的,ADJ,B2
巨大的,immense,巨大的,ADJ,B2
巨大的,massive,巨大的,ADJ,B2
巩固,consolidation,巩固,NOUN,B2
巩固,entrench,巩固,VERB,B2
巩固的,consolidating,巩固的,ADJ,B2
巫师,sorcerer,巫师,NOUN,B2
巫师,wizard,巫师,NOUN,B2
巫术,sorcery,巫术,NOUN,B2
巫术,witchcraft,巫术,NOUN,B2
差异,discrepancy,差异,NOUN,B2
差异,disparity,差异,NOUN,B2
差异,variance,方差,NOUN,B2
已婚的,married,已婚的,ADJ,B2
已故的,deceased,已故的,ADJ,B2
已知的,known,已知的,ADJ,B2
巴勒斯坦的,palestinian,巴勒斯坦的,ADJ,B2
巴尔干化,balkanization,巴尔干化,NOUN,B2
巴西的,brazilian,巴西的,ADJ,B2
市中心,city centre,市中心,NOUN,B2
市场监督,market inspection,市场监督,NOUN,B2
市政,municipality,市镇,NOUN,B2
市政厅,city hall,市政厅,NOUN,B2
市政厅,town hall,市政厅,NOUN,B2
市政的,municipal,市政的,ADJ,B2
市议会,city council,市议会,NOUN,B2
市议员,councilor,市议员,NOUN,B2
市长的,mayoral,市长的,ADJ,B2
布景,decor,布景,NOUN,B2
布道,homily,布道,NOUN,B2
布道,preaching,劝诫,NOUN,B2
布道,sermon,布道,NOUN,B2
布道,to preach,布道,VERB,B2
帅哥/美女,good-looking person,帅哥/美女,NOUN,B2
帆,sail,帆,NOUN,B2
帆布,canvas,帆布,NOUN,B2
希望,to hope,希望,VERB,B2
希腊的,greek,希腊的,ADJ,B2
希腊语,greek,希腊语,NOUN,B2
帝国主义,imperialism,帝国主义,NOUN,B2
帝国的,imperial,帝国的,ADJ,B2
带子,band tape,带子,NOUN,B2
带子,strap,带子,NOUN,B2
带来/引导,to bring lead,带来/引导,VERB,B2
帮派,gang,帮派,NOUN,B2
常去,frequent,频繁的,ADJ,B2
常去,to frequent,常去,VERB,B2
常规,routine,常规,NOUN,B2
帽子,cap,帽子,NOUN,B2
干净地,cleanly,干净地,ADV,B2
干旱的,arid,干旱的,ADJ,B2
干杯,cheers,干杯,INTJ,B2
干涉,interference,干扰,NOUN,B2
干涸,drying up,干涸,NOUN,B2
干草,hay,干草,NOUN,B2
干邑,cognac,干邑,NOUN,B2
干预,intervention,干预,NOUN,B2
平分,to bisect,平分,VERB,B2
平均数,average,平均数,NOUN,B2
平局,draw,平局,NOUN,B2
平底锅,frying pan,平底锅,NOUN,B2
平底锅,pan,平底锅,NOUN,B2
平息,appeasement,平息,NOUN,B2
平息,to subside,平息,VERB,B2
平板电脑,tablet,平板电脑,NOUN,B2
平民的,civilian,平民的,ADJ,B2
平淡,prosaic,平淡无奇的,ADJ,B2
平等待遇,equal treatment,平等待遇,NOUN,B2
平行地,in parallel with,平行地,ADV,B2
平衡的,balancing,平衡的,ADJ,B2
平静,calmness,平静,NOUN,B2
平静,to calm,使平静,VERB,B2
平静地,calmly,平静地,ADV,B2
年度的,annual,年度的,ADJ,B2
年老,elderly,年长的,ADJ,B2
年老的,aged,年老的,ADJ,B2
年薪,annual wage,年薪,NOUN,B2
年表,chronology,年表,NOUN,B2
年轻人,youngster,年少者,NOUN,B2
年长的,older,年长的,ADJ,B2
幸运的,lucky,幸运的,ADJ,B2
幻想,fantasy,幻想,NOUN,B2
幻想,to daydream,幻想,VERB,B2
幼儿园,preschool,幼儿园,NOUN,B2
幼兽,cub,幼兽,NOUN,B2
幼崽,offspring,幼崽,NOUN,B2
幼虫,larva,幼虫,NOUN,B2
幽默的,humorous,幽默的,ADJ,B2
广传的,mass-transmitted,广传的,ADJ,B2
广口瓶,jar,广口瓶,NOUN,B2
广告,advertising,广告业,NOUN,B2
广告的,advertising,广告的,ADJ,B2
广播,broadcasting,广播,NOUN,B2
广播,to broadcast,播出,VERB,B2
广播公司,broadcaster,广播公司,NOUN,B2
广播的,broadcast,广播的,ADJ,B2
广泛的,extended,广泛的,ADJ,B2
广阔,expansive,扩张的,ADJ,B2
庇护,asylum,庇护,NOUN,B2
庇护,to shelter,庇护,VERB,B2
床单,sheet,床单,NOUN,B2
床垫,mattress,床垫,NOUN,B2
序言,preamble,序言,NOUN,B2
库法体,kufic,库法体,ADJ,B2
应付,to cope,应付,VERB,B2
应受谴责的,reprehensible,应受谴责的,ADJ,B2
应受责备的,reproachable,应受责备的,ADJ,B2
应当,ought to,应当,AUX,B2
应当,should must,应当,AUX,B2
应收账款,receivables,应收账款,NOUN,B2
应纳税的,taxable,应纳税的,ADJ,B2
应该,ought,应该,AUX,B2
应该,should ought to,应该,AUX,B2
底层,underclass,底层,NOUN,B2
庞大的,enormous,巨大的,ADJ,B2
庞大的,gigantic,巨大的,ADJ,B2
废弃,disuse,废弃,NOUN,B2
废料,scrap,碎屑,NOUN,B2
废除,abolition,废除,NOUN,B2
废除,to annul,废除,VERB,B2
废除,to repeal,废除,VERB,B2
废黜,to dethrone,废黜,VERB,B2
度假胜地,resort,度假胜地,NOUN,B2
康复,rehabilitation,康复,NOUN,B2
康复的,rehabilitative,康复的,ADJ,B2
廉价,cheapness,廉价,NOUN,B2
延展性,malleability,延展性,NOUN,B2
延期,postponement,延期,NOUN,B2
延续,continuation,延续,NOUN,B2
延误的,delayed,延误的,ADJ,B2
延迟,delay,延迟,NOUN,B2
延长,to lengthen,延长,VERB,B2
建构主义,constructivism,建构主义,NOUN,B2
建模,modeling,造型,NOUN,B2
建筑群,complex,建筑群,NOUN,B2
建议,advice,建议,NOUN,B2
建议,proposal suggestion,建议,NOUN,B2
建议,suggestion,建议,NOUN,B2
建设,construction,建造,NOUN,B2
开发者,developer,开发商,NOUN,B2
开口,opening,开口,NOUN,B2
开启,on,在...上,ADP,B2
开启,to switch on,开启,VERB,B2
开处方,to prescribe,开处方,VERB,B2
开始,commencement,开始,NOUN,B2
开始,to begin,开始,VERB,B2
开放,openness,开放,NOUN,B2
开放地,open,开放地,ADV,B2
开火,to fire,开火,VERB,B2
开玩笑,to joke,开玩笑,VERB,B2
开票,to invoice,开票,VERB,B2
开脱,to exculpate,开脱,VERB,B2
开花,to bloom,开花,VERB,B2
开花,to blossom,开花,VERB,B2
开释,to exonerate,使无罪,VERB,B2
开除教籍,excommunication,绝罚,NOUN,B2
开除教籍,to excommunicate,开除教籍,VERB,B2
异化,alienation,异化,NOUN,B2
异国情调的,exotic,异国情调的,ADJ,B2
异常,anomaly,异常,NOUN,B2
异步,asynchronous,异步的,ADJ,B2
异端,heresy,异端,NOUN,B2
异端,heretic,异端,NOUN,B2
异见者,dissident,异见者,NOUN,B2
异质,heterogeneous,异质的,ADJ,B2
异质性,heterogeneity,异质性,NOUN,B2
弃儿,foundling,弃婴,NOUN,B2
弃儿,outcast,被遗弃者,NOUN,B2
弃权,to abstain,克制,VERB,B2
弄乱,to disarrange,弄乱,VERB,B2
弄乱,to dishevel,弄乱,VERB,B2
弄皱,to crumple,弄皱,VERB,B2
弄直,to straighten,弄直,VERB,B2
弄脏,to dirty to tarnish,弄脏,VERB,B2
弄错,to mistake,弄错,VERB,B2
引力,gravitation,引力,NOUN,B2
引力的,gravitational,引力的,ADJ,B2
引导,to channel,疏导,VERB,B2
引渡,extradite,引渡,VERB,B2
引用,citation,引用,NOUN,B2
引证,to adduce,引证,VERB,B2
引诱,to entice,引诱,VERB,B2
引起,to beget,引起,VERB,B2
引起回忆的,evocative,引起回忆的,ADJ,B2
张贴,to post,张贴,VERB,B2
弦,chord,弦,NOUN,B2
弯曲,bending,弯曲,NOUN,B2
弯曲,to bend,弯曲,VERB,B2
弯曲,to warp,弯曲,VERB,B2
弯的,bent,弯的,ADJ,B2
弱智的,feeble-minded,弱智的,ADJ,B2
弹出,to eject,弹出,VERB,B2
弹性,elasticity,弹性,NOUN,B2
弹药,ammunition,弹药,NOUN,B2
强制,forced,强迫的,ADJ,B2
强制的,mandatory,强制的,ADJ,B2
强加,to foist,强加,VERB,B2
强加,to impose,强加,VERB,B2
强化的,intensive,强化的,ADJ,B2
强奸,rape,强奸,NOUN,B2
强行,forcibly,强制地,ADV,B2
强调,to accentuate,强调,VERB,B2
强调,to underline,强调,VERB,B2
强迫,to coerce,强迫,VERB,B2
强迫,to force,强迫,VERB,B2
强迫,to oblige,强迫,VERB,B2
强迫性,compulsiveness,强迫性,NOUN,B2
强迫性的,compulsive,强迫性的,ADJ,B2
归咎,to impute,归咎,VERB,B2
归因,attribution,归因,NOUN,B2
归因于,to ascribe,归因于,VERB,B2
归因于,to attribute,归因于,VERB,B2
归档的,archived,归档的,ADJ,B2
归罪,to incriminate,归罪,VERB,B2
归还,to give back,归还,VERB,B2
当,when,当...时,SCONJ,B2
当,while,当...时,SCONJ,B2
当地人,natives inhabitants,当地人,NOUN,B2
当然,of course,理所当然的,ADJ,B2
当然,clear,当然,ADV,B2
当然,sure,当然,ADV,B2
当然,certainly,当然,INTJ,B2
彗星,comet,彗星,NOUN,B2
形式,formality,礼节,NOUN,B2
形式主义,formalism,形式主义,NOUN,B2
形式化,to formalize,使正式化,VERB,B2
形态学,morphology,形态学,NOUN,B2
形态学的,morphological,形态的,ADJ,B2
形成,formation,组建,NOUN,B2
形而上学,metaphysics,形而上学,NOUN,B2
彩票,lottery,彩票,NOUN,B2
影响,impact,影响,NOUN,B2
影响者,influencer,网红,NOUN,B2
征募,to enlist,征募,VERB,B2
征服,conquest,征服,NOUN,B2
征服,conquests,征服,NOUN,B2
征服,to subjugate,征服,VERB,B2
征服者,conqueror,征服者,NOUN,B2
征用,expropriation,征用,NOUN,B2
征用,to expropriate,征用,VERB,B2
征税,to tax,征税,VERB,B2
征税,to tax to burden,征税,VERB,B2
待售,for sale,待售,ADJ,B2
很多,a lot,很多,ADV,B2
很少,seldom,很少,ADV,B2
律师,attorney,律师,NOUN,B2
律师事务所,law firm,律师事务所,NOUN,B2
徒劳地,in vain,徒劳,ADV,B2
徒劳的,vain,徒劳的,ADJ,B2
徒步旅行,hike,徒步旅行,NOUN,B2
得体的,tactful,圆滑的,ADJ,B2
徘徊,to linger,徘徊,VERB,B2
循环,circulation,循环,NOUN,B2
循环,loop,循环,NOUN,B2
微不足道的,trifling,微不足道的,ADJ,B2
微妙,subtlety,微妙,NOUN,B2
微妙的,subtle,微妙的,ADJ,B2
微小的,minimal,微小的,ADJ,B2
微小的,tiny,微小的,ADJ,B2
微弱的,faint,微弱的,ADJ,B2
微波炉,microwave,微波炉,NOUN,B2
微温的,lukewarm,微温的,ADJ,B2
微粒,corpuscle,微粒,NOUN,B2
微观的,microscopic,微观的,ADJ,B2
微风,breeze,微风,NOUN,B2
德国人,german,德国的,ADJ,B2
德语课,german class,德语课,NOUN,B2
徽章,badge,徽章,NOUN,B2
徽章,emblem,徽章,NOUN,B2
心,heart,心,ADV,B2
心,hearts,心,NOUN,B2
心不在焉,absent-mindedness,心不在焉,NOUN,B2
心态,mentality,心态,NOUN,B2
心烦的,upset,心烦的,ADJ,B2
心照不宣地,tacitly,默不作声地,ADV,B2
心照不宣的,tacit,心照不宣的,ADJ,B2
心爱的,beloved,心爱的,ADJ,B2
心爱的人,sweetheart,爱人,NOUN,B2
心理学家,psychologist,心理学家,NOUN,B2
心理的,psychological,心理的,ADJ,B2
心脏病发作,heart attack,心脏病发作,NOUN,B2
必然,necessarily,必然地,ADV,B2
必要的,imperative,必要的,ADJ,B2
必需的,required,必需的,ADJ,B2
必须,have to,必须,AUX,B2
必须,be necessary must,必须,VERB,B2
必须,to have to,必须,VERB,B2
忍受艰辛,enduring hardship,忍受艰辛,NOUN,B2
忏悔,penance,忏悔,NOUN,B2
忏悔,to repent,悔改,VERB,B2
志同道合者,kindred spirit,志同道合者,NOUN,B2
志愿工作,volunteer work,志愿工作,NOUN,B2
志愿服务,volunteering,志愿服务,NOUN,B2
忘恩负义的,ungrateful,忘恩负义的,ADJ,B2
忙乱,hectic,忙乱,NOUN,B2
忙碌,bustle,喧闹,NOUN,B2
忙碌的,engaged,订婚的,ADJ,B2
忠于事实的,truthful,忠于事实的,ADJ,B2
忠诚,fidelity,忠诚,NOUN,B2
忠诚,loyalty fidelity,忠诚,NOUN,B2
忠诚的,devoted,忠诚的,ADJ,B2
忠诚的,faithful loyal,忠诚的,ADJ,B2
忧思,brooding,忧思,NOUN,B2
忧虑的,apprehensive,忧虑的,ADJ,B2
忧郁,melancholy,忧郁,NOUN,B2
忧郁,the blues,忧郁,NOUN,B2
忧郁的,melancholic,忧郁的,ADJ,B2
快乐地,happily,快乐地,ADV,B2
快乐的,gay,快乐的,ADJ,B2
快乐的,joyful,快乐的,ADJ,B2
快地,fast,快地,ADV,B2
快的,quick,快的,ADJ,B2
忽视,to disregard,忽视,VERB,B2
忽视,to overlook,忽视,VERB,B2
怀孕,pregnancy,怀孕,NOUN,B2
怀孕的,pregnant,怀孕的,ADJ,B2
怀旧,nostalgia,怀旧,NOUN,B2
怀有,to harbor,怀有,VERB,B2
怀疑,doubt,怀疑,NOUN,B2
怀疑,skepticism,怀疑主义,NOUN,B2
怀疑,to be skeptical,怀疑,VERB,B2
怀疑,to suspect,怀疑,VERB,B2
怀疑的,skeptical,怀疑的,ADJ,B2
怎么会,how come,怎么会,INTJ,B2
怜悯,pity,可惜,ADJ,B2
怜悯,to pity,同情,VERB,B2
思想开明的,open-minded,思想开明的,ADJ,B2
急性子的人,hothead,急性子的人,NOUN,B2
急诊医生,emergency doctor,急诊医生,NOUN,B2
急诊室,emergency room,急诊室,NOUN,B2
性别平等,gender equality,性别平等,NOUN,B2
性别歧视,sexism,性别歧视,NOUN,B2
性情,disposition,性情,NOUN,B2
性感地,sexily,性感地,ADV,B2
性感的,sexy,性感的,ADJ,B2
性欲的,horny,性欲的,ADJ,B2
性病,venereal disease,性病,NOUN,B2
性的,sexual,性的,ADJ,B2
怨恨,rancor,怨恨,NOUN,B2
怪人,oddball,怪人,NOUN,B2
怪异的,monstrous,怪异的,ADJ,B2
怪诞的,bizarre,奇异的,ADJ,B2
怯场,stage fright,怯场,NOUN,B2
怯懦的,pusillanimous,怯懦的,ADJ,B2
总,gross,总的,ADJ,B2
总之,in conclusion,总之,ADV,B2
总的来说,overall,总体上,ADV,B2
总统,president,总统,NOUN,B2
总统的,presidential,总统的,ADJ,B2
总统职位,presidency,总统任期,NOUN,B2
总统选举,presidential election,总统选举,NOUN,B2
总计,to amount to,总计,VERB,B2
恋爱的,in love,恋爱中的,ADJ,B2
恋物,fetish,恋物,NOUN,B2
恐吓,intimidation,恐吓,NOUN,B2
恐吓,to intimidate,恐吓,VERB,B2
恐怖,horror,恐怖,NOUN,B2
恐怖,terror,恐怖,NOUN,B2
恐怖主义,terrorism,恐怖主义,NOUN,B2
恐怖分子们,terrorists,恐怖分子们,NOUN,B2
恐惧,shit,恐惧,NOUN,B2
恐惧症,phobia,恐惧症,NOUN,B2
恐龙,dinosaur,恐龙,NOUN,B2
恒定,constancy,恒定,NOUN,B2
恒定的,constant,持续的,ADJ,B2
恒星的,stellar,杰出的,ADJ,B2
恢复,resumption,恢复,NOUN,B2
恢复,to regain,恢复,VERB,B2
恩人,benefactor,恩人,NOUN,B2
恭喜,congratulations,恭喜,INTJ,B2
恭敬的,respectful,恭敬的,ADJ,B2
恰好,just precis,恰好,ADV,B2
恳求,supplication,恳求,NOUN,B2
恳求,to supplicate,恳求,VERB,B2
恶习,vice,恶习,NOUN,B2
恶作剧,prank,恶作剧,NOUN,B2
恶化,deterioration,恶化,NOUN,B2
恶化,to worsen,恶化,VERB,B2
恶名,infamy,恶名,NOUN,B2
恶心,nausea,恶心,NOUN,B2
恶心的,nauseous,恶心的,ADJ,B2
恶心的,sick nauseous,恶心的,ADJ,B2
恶性的,malignant,恶性的,ADJ,B2
恶性的,virulent,恶性的,ADJ,B2
恶意,malevolence,恶意,NOUN,B2
恶意,malice,恶意,NOUN,B2
恶意,spite,恶意,NOUN,B2
恶意的,malicious,恶意的,ADJ,B2
恶意的,spiteful,怀恨的,ADJ,B2
恶棍,scoundrel,恶棍,NOUN,B2
恶棍,thug,暴徒,NOUN,B2
恶棍的,villainous,恶棍的,ADJ,B2
恶臭,stench,恶臭,NOUN,B2
恶魔般的,devilish,恶魔般的,ADJ,B2
恶魔般的,diabolical,恶魔般的,ADJ,B2
悔恨的,remorseful,悔恨的,ADJ,B2
悔罪,contrition,悔罪,NOUN,B2
悦耳,mellifluousness,悦耳,NOUN,B2
您,you formal,您,PRON,B2
悬挂,to drape,悬挂,VERB,B2
悬浮的,suspended,悬浮的,ADJ,B2
悲伤,grief,悲伤,NOUN,B2
悲伤,sadness,悲伤,NOUN,B2
悲伤,sorrow,悲伤,NOUN,B2
悲剧性,tragicness,悲剧性,NOUN,B2
悲剧的,tragic,悲剧的,ADJ,B2
悲惨,wretchedness,悲惨,NOUN,B2
悲惨的,abject,悲惨的,ADJ,B2
悲痛,distress,痛苦,NOUN,B2
悲痛欲绝的,disconsolate,悲痛欲绝的,ADJ,B2
悲观主义,pessimism,悲观主义,NOUN,B2
悼词,eulogy,赞辞,NOUN,B2
情人,lover,爱人,NOUN,B2
情况,circumstance,情况,NOUN,B2
情妇,mistress,情妇,NOUN,B2
情感,emotional,情绪的,ADJ,B2
情感上,emotionally,情感上,ADV,B2
情感体验,emotional experience,情感体验,NOUN,B2
情报机构,intelligence service,情报机构,NOUN,B2
情绪,emotion,情感,NOUN,B2
情绪性,emotionality,感性/情绪化,NOUN,B2
惊人,astonishing,令人惊讶的,ADJ,B2
惊叹,to marvel,使惊奇,VERB,B2
惊讶,amazement,惊愕,NOUN,B2
惊讶的,astonished,惊讶的,ADJ,B2
惊讶的,surprised,惊讶的,ADJ,B2
惊骇的,aghast,惊骇的,ADJ,B2
惧怕,to dread,畏惧,VERB,B2
惩罚,penalty,惩罚,NOUN,B2
惩罚性的,punitive,惩罚性的,ADJ,B2
惯例,usual thing,惯例,NOUN,B2
惯性,inertia,惯性,NOUN,B2
惰性的,inert,惰性的,ADJ,B2
想出,to think up,构思,VERB,B2
想知道,to wonder,觉得奇怪,VERB,B2
想象的,imaginary,虚构的,ADJ,B2
想象的,imagined,想象的,ADJ,B2
意合,parataxis,意合,NOUN,B2
意味着,to mean entail,意味着,VERB,B2
意外,unexpected,意想不到的,ADJ,B2
意外之财,windfall,意外之财,NOUN,B2
意外的,unforeseen,意外的,ADJ,B2
意大利人,italian,意大利人,NOUN,B2
意大利的,italian,意大利的,ADJ,B2
意思是,to meant,意思是,VERB,B2
意见自由,freedom of opinion,意见自由,NOUN,B2
意识,awareness,意识,NOUN,B2
意识到,aware,意识到的,ADJ,B2
意识形态,ideology,意识形态,NOUN,B2
意象,imagery,意象,NOUN,B2
愚妄,folly,愚妄,NOUN,B2
愚昧,fatuity,愚昧,NOUN,B2
愚蠢,stupidity,愚蠢,NOUN,B2
愚蠢的,idiotic,愚蠢的,ADJ,B2
感人的,moving,感人的,ADJ,B2
感动,to be moved,感动,VERB,B2
感化院,reformatory,感化院,NOUN,B2
感官的,sensual,感官的,ADJ,B2
感激,grateful,感激的,ADJ,B2
感觉,sensation,感觉,NOUN,B2
感觉到,sense,感觉,NOUN,B2
感觉到,to sense,隐约感到,VERB,B2
愤世嫉俗的,cynical,愤世嫉俗的,ADJ,B2
愤怒,outrage,愤怒,NOUN,B2
愤怒,wrath,愤怒,NOUN,B2
愤慨,indignation,愤慨,NOUN,B2
慈善,philanthropy,慈善,NOUN,B2
慈善家,philanthropist,慈善家,NOUN,B2
慷慨,generosity,慷慨,NOUN,B2
慷慨,munificence,慷慨,NOUN,B2
慷慨地,generously,慷慨地,ADV,B2
慷慨陈词,to declaim,慷慨陈词,VERB,B2
懊悔,remorse,悔恨,NOUN,B2
懒惰,laziness,懒惰,NOUN,B2
懒惰的,slothful,懒惰的,ADJ,B2
懦夫,wimp,懦夫,NOUN,B2
懦弱的,cowardly,懦弱的,ADJ,B2
戏剧作法,dramaturgy,戏剧艺术,NOUN,B2
戏剧化,to dramatize,戏剧化,VERB,B2
戏剧化,to theatricalize,戏剧化,VERB,B2
戏剧性的,dramatic,戏剧性的,ADJ,B2
戏剧的,theatrical,戏剧的,ADJ,B2
戏谑,banter,戏谑,NOUN,B2
成两半,in two,成两半,ADV,B2
成为,become,成为,AUX,B2
成分,constituent,成分,NOUN,B2
成功,to succeed,成功,VERB,B2
成功的,successful,成功的,ADJ,B2
成功通过,succeed to pass,成功通过,VERB,B2
成员国,member state,成员国,NOUN,B2
成对的 / 伴随的,paired accompanied,成对的 / 伴随的,ADJ,B2
成年,adult,成年的,ADJ,B2
成本加成销售,murabaha,成本加成销售,NOUN,B2
成比例的,proportional,成比例的,ADJ,B2
成熟,maturity,成熟,NOUN,B2
成熟的,ripe,成熟的,ADJ,B2
成瘾,addiction,上瘾,NOUN,B2
成立,founding,成立,NOUN,B2
成绩单,report card,成绩单,NOUN,B2
我们,us,我们,PRON,B2
我们的,our,我们的,DET,B2
我们自己,ourselves,我们自己,PRON,B2
我的,my,我的,DET,B2
我自己,myself,我自己,PRON,B2
戒指,rings,戒指,NOUN,B2
或者,or rather,或者,ADV,B2
战利品,loot,战利品,NOUN,B2
战地医生,field medic,战地医生,NOUN,B2
战壕,trench,沟渠,NOUN,B2
战士,fighter,战士,NOUN,B2
战斗,combating,打击,NOUN,B2
战斗,to combat,对抗,VERB,B2
战术,tactic,策略,NOUN,B2
战栗,shudder,战栗,NOUN,B2
截然不同的,disparate,截然不同的,ADJ,B2
截肢,amputation,截肢,NOUN,B2
截肢,to amputate,截肢,VERB,B2
户外,outdoors,户外,ADV,B2
房主,property owner,房主,NOUN,B2
房地产,real estate,房地产,ADJ,B2
所以/如此,so thus,所以/如此,ADV,B2
所得税,income tax,所得税,NOUN,B2
所指,signified,所指,NOUN,B2
所有/大家,all everyone,所有/大家,PRON,B2
所有权,ownership,,NOUN,B2
所有权,property right,所有权,NOUN,B2
所有者,owner,所有者,NOUN,B2
手动地,manually,手动地,ADV,B2
手工的,manual,手工的,ADJ,B2
手指/脚趾,finger toe,手指/脚趾,NOUN,B2
手提包,handbag,手提包,NOUN,B2
手无寸铁的,unarmed,手无寸铁的,ADJ,B2
手术,surgery,手术,NOUN,B2
手术刀,scalpel,手术刀,NOUN,B2
手机,mobile phone,手机,NOUN,B2
手榴弹,grenade,手榴弹,NOUN,B2
手稿,manuscript,手稿,NOUN,B2
手铐,handcuff,手铐,NOUN,B2
扎根,grounding,扎根,NOUN,B2
扑通,splash,扑通,NOUN,B2
打,to beat,打败,VERB,B2
打喷嚏,sneezing,打喷嚏,NOUN,B2
打字,to type,打字,VERB,B2
打开,to turn on,打开,VERB,B2
打手势,to gesticulate,做手势,VERB,B2
打断,to interrupt,打断,VERB,B2
打水,to draw water,打水,VERB,B2
打火机,lighter,打火机,NOUN,B2
打电话,phone,电话,NOUN,B2
打电话,to call ring,打电话,VERB,B2
打电话,to phone,打电话,VERB,B2
打碎,to shatter,粉碎,VERB,B2
打算,to intend,打算,VERB,B2
打翻,to upset,使生气,VERB,B2
打蛋器,whisk,打蛋器,NOUN,B2
打鼾,to snore,打鼾,VERB,B2
托儿所,daycare,托儿所,NOUN,B2
托盘,tray,托盘,NOUN,B2
托管,hosting,托管,NOUN,B2
扣留,to withhold,扣留,VERB,B2
扣除,to deduct,扣除,VERB,B2
执法政策,enforcement policy,执法政策,NOUN,B2
扩张,dilation,扩张,NOUN,B2
扩张,expansion,扩张,NOUN,B2
扩张,to dilate,膨胀,VERB,B2
扩张主义,expansionism,扩张主义,NOUN,B2
扩散,proliferate,扩散,! VERB,B2
扫,to sweep,打扫,VERB,B2
扫帚,broom,扫帚,NOUN,B2
扫描,to scan,扫描,VERB,B2
扬声器,loudspeaker,扬声器,NOUN,B2
扭曲,twisted,扭曲的,ADJ,B2
扭曲,distortion,扭曲,NOUN,B2
扭曲,to distort,扭曲,VERB,B2
扭曲的形象,distorted image,扭曲的形象,NOUN,B2
扭转,torsion,扭转,NOUN,B2
扭转,to twist,扭曲,VERB,B2
扰乱,to disrupt,扰乱,VERB,B2
扳机,trigger,触发器,NOUN,B2
扶壁,buttress,扶壁,NOUN,B2
批准,to ratify,批准,VERB,B2
批评,criticism,批评,NOUN,B2
扼住,to strangle,扼杀,VERB,B2
承认,to acknowledge,承认,VERB,B2
承认,to concede,承认,VERB,B2
承诺,promise,承诺,NOUN,B2
技工,mechanic,技工,NOUN,B2
技术上地,technically,技术上地,ADV,B2
技术化,to technologize,技术化,VERB,B2
技术员,technician,技术员,NOUN,B2
技术官僚制,technocracy,技术官僚主义,NOUN,B2
技术官僚的,technocratic,技术官僚的,ADJ,B2
技术的,technical,技术的,ADJ,B2
技术的,technological,技术的,ADJ,B2
抄写员,copyist,抄写员,NOUN,B2
把手,handle,把手,NOUN,B2
抑制,inhibition,抑制,NOUN,B2
抑郁的，压抑的,depressive,抑郁的，压抑的,ADJ,B2
抒情的,lyrical,抒情的,ADJ,B2
抓,to scratch,抓,VERB,B2
抓住,to seize,抓住,VERB,B2
抓痕,scratch,抓痕,NOUN,B2
投射,to project,投射,VERB,B2
投掷,throw,投掷,NOUN,B2
投机者,speculator,投机者,NOUN,B2
投石机,catapult,投石机,NOUN,B2
投票,vote,投票,NOUN,B2
投票,voting,投票,NOUN,B2
投票箱,ballot boxes,投票箱,NOUN,B2
投资,investment,投资,NOUN,B2
投降,to capitulate,投降,VERB,B2
抗生素,antibiotic,抗生素,NOUN,B2
抗生素,antibiotics,抗生素,NOUN,B2
抗议,protest,抗议,NOUN,B2
抗议者,protester,示威者,NOUN,B2
折叠,to fold,折叠,VERB,B2
折扣,discounts,折扣,NOUN,B2
折痕,fold,折痕,NOUN,B2
折磨,to torment,折磨,VERB,B2
折衷主义,eclecticism,折衷主义,NOUN,B2
抚养,to raise bring up,抚养,VERB,B2
抚养孩子,to raise a child,抚养孩子,VERB,B2
抚平,to smooth,使光滑,VERB,B2
抛弃,to dump,抛弃,VERB,B2
抢劫,robbery,抢劫案,NOUN,B2
护卫舰,frigate,护卫舰,NOUN,B2
护身符,amulet,护身符,NOUN,B2
报价单,quote,报价单,NOUN,B2
报警中心,alarm center,报警中心,NOUN,B2
报道,reporting,报道,NOUN,B2
抱怨,grumbling,抱怨,NOUN,B2
抱怨,to grumble,抱怨,VERB,B2
抱怨,to whine,哀叹,VERB,B2
抱歉,sorry,抱歉,ADJ,B2
抱负,aspiration,抱负,NOUN,B2
抵抗运动,resistance movement,抵抗运动,NOUN,B2
押韵,rhyme,韵脚,NOUN,B2
抽搐的,twitching,抽搐的,ADJ,B2
抽泣,sobbing,抽泣,NOUN,B2
抽泣,to sob,啜泣,VERB,B2
抽筋,cramp,抽筋,NOUN,B2
抽象,abstraction,抽象,NOUN,B2
抽象,to abstract,抽象,VERB,B2
担保,warranty,保修单,NOUN,B2
担忧的,concerned,担忧的,ADJ,B2
担架,stretcher,担架,NOUN,B2
拆包,to unpack,拆包,VERB,B2
拆卸,disassembly,拆卸,NOUN,B2
拆卸,to disassemble,拆卸,VERB,B2
拆毁,demolition,拆除,NOUN,B2
拆除,to demolish,拆除,VERB,B2
拆除,to tear down,拆除,VERB,B2
拇指,thumb,拇指,NOUN,B2
拉丁的,latin,拉丁的,ADJ,B2
拉比,rabbi,拉比,NOUN,B2
拉紧,strain,压力,NOUN,B2
拉紧,to strain,努力,VERB,B2
拍打,to flap,拍打,VERB,B2
拍摄,filming,拍摄,NOUN,B2
拍摄,to film,拍摄,VERB,B2
拍照,to photograph,拍照,VERB,B2
拐杖,crutch,拐杖,NOUN,B2
拒绝,rejection,拒绝,NOUN,B2
拒绝宣誓,refusal to take oath,拒绝宣誓,NOUN,B2
拓宽,broadening,拓宽,NOUN,B2
拔出,to tear out,拔出,VERB,B2
拖,to drag,拖,VERB,B2
拖延,procrastination,拖延,NOUN,B2
拖延,stalling,拖延,NOUN,B2
拖延,to procrastinate,拖延,VERB,B2
拖延,to temporize,拖延,VERB,B2
拖延的,dilatory,拖延的,ADJ,B2
拖拉机,tractor,拖拉机,NOUN,B2
拖曳,drag,拖曳,NOUN,B2
拖车,trailer,预告片,NOUN,B2
拖鞋,slipper,拖鞋,NOUN,B2
拘留所,detention center,拘留所,NOUN,B2
招聘人员,recruiter,招聘人员,NOUN,B2
招聘相关的,recruitment-related,招聘相关的,ADJ,B2
招致,to incur,招致,VERB,B2
拟人化,anthropomorphism,拟人化,NOUN,B2
拟声词,onomatopoeia,拟声词,NOUN,B2
拥堵,congestion,拥堵,NOUN,B2
拥抱,hug,拥抱,NOUN,B2
拥抱,to cuddle,拥抱,VERB,B2
拥抱,to hug,拥抱,VERB,B2
拥挤的,packed,打包,ADJ,B2
拥有,own,自己的,ADJ,B2
拥有,to own,拥有,VERB,B2
拥有/处置,to have at one's disposal,拥有/处置,VERB,B2
拦截,to intercept,拦截,VERB,B2
拧,to screw,拧,VERB,B2
拧干,to wring,拧干,VERB,B2
括号,bracket,括号,NOUN,B2
拯救,salvation,拯救,NOUN,B2
拳击手,boxer,拳击手,NOUN,B2
拳头,fist,拳头,NOUN,B2
拼写,spelling,拼写,NOUN,B2
拼写,to spell,拼写,VERB,B2
拾音器,pickup,拾音器,NOUN,B2
拿出,to take out,拿出,VERB,B2
持久的,long-lasting,持久的,ADJ,B2
持久的,standing,站立的,ADJ,B2
持有者,holder,持有者,NOUN,B2
持续的,continual,持续的,ADJ,B2
持续的,continued,持续的,ADJ,B2
持续的,incessant,持续的,ADJ,B2
挂号信,registered mail,挂号信,NOUN,B2
挂断,to hang up,挂断,VERB,B2
指南针,compass,指南针,NOUN,B2
指定,to specify,具体说明,VERB,B2
指导,guidance,指导,NOUN,B2
指导,tutelage,监护,NOUN,B2
指导方针,guideline,指导方针,NOUN,B2
指小词,diminutive,指小词,NOUN,B2
指挥,to direct,对准,VERB,B2
指控,accusation,指控,NOUN,B2
指数,exponent,指数,NOUN,B2
指数化,indexing,指数化,NOUN,B2
指数的,exponential,指数的,ADJ,B2
指标,indicator,指标,NOUN,B2
指示,indication,指示,NOUN,B2
指纹,fingerprint,指纹,NOUN,B2
指责,rebuke,责备,NOUN,B2
挑剔的,fussy,挑剔的,ADJ,B2
挑衅的,provocative,挑衅的,ADJ,B2
挑选,to pick out,挑选,VERB,B2
挖掘,dig up,挖掘,VERB,B2
挖掘,to excavate,挖掘,VERB,B2
挤奶,milking,挤奶,NOUN,B2
挥舞,to brandish,挥舞,VERB,B2
挥霍,prodigality,挥霍,NOUN,B2
挨饿,to starve,挨饿,VERB,B2
挪威的,norwegian,挪威的,ADJ,B2
挪用,misappropriation,挪用,NOUN,B2
挫伤 / 外伤,contusion trauma,挫伤 / 外伤,NOUN,B2
挫折,setback,挫折,NOUN,B2
挫败,to frustrate,挫败,VERB,B2
振动,to vibrate,振动,VERB,B2
振荡,oscillation,振荡,NOUN,B2
振荡,to oscillate,振荡,VERB,B2
振荡器,oscillator,振荡器,NOUN,B2
挽歌,elegy,挽歌,NOUN,B2
捆,sheaf,捆,NOUN,B2
捆绑,to tie up,绑,VERB,B2
捏,pinch,捏,NOUN,B2
捏,to pinch,捏,VERB,B2
捐赠者,donor,捐赠者,NOUN,B2
捕食者,predator,捕食者,NOUN,B2
损坏,to damage,损坏,VERB,B2
损害,detriment,损害,NOUN,B2
损害赔偿,damages,损害赔偿,NOUN,B2
据推测,presumably,据推测,ADV,B2
据称,allegedly,据称,ADV,B2
捷径,shortcut,捷径,NOUN,B2
授予,award,奖项,NOUN,B2
授予,to award,分配,VERB,B2
授予,to confer,授予,VERB,B2
授予,to grant,授予,VERB,B2
授权,authorization,授权,NOUN,B2
授权,to empower,授权,VERB,B2
授权书,power of attorney,委托书,NOUN,B2
掉落,to drop,掉落,VERB,B2
掌声,applause,掌声,NOUN,B2
掌舵的,steering,掌舵的,ADJ,B2
掏空的,hollowed,掏空的,ADJ,B2
排他地,exclusively,专门地,ADV,B2
排他性,exclusivity,排他性,NOUN,B2
排他性的,exclusionary,排他性的,ADJ,B2
排他的,exclusive,独有的,ADJ,B2
排列,array,排列,NOUN,B2
排外心理,xenophobia,排外心理,NOUN,B2
排放,emission,排放,NOUN,B2
排斥,to ostracize,排斥,VERB,B2
排泄物,excrement,排泄物,NOUN,B2
排练,rehearsal,排练,NOUN,B2
排练,to rehearse,排练,VERB,B2
排队,to queue,排队,VERB,B2
排除,exclusion,排除,NOUN,B2
掘出,to exhume,掘出,VERB,B2
掠夺,looting,掠夺,NOUN,B2
掠夺,plundering,掠夺,NOUN,B2
掠夺,to despoil,掠夺,VERB,B2
掠夺性的,predatory,掠夺的,ADJ,B2
探测器,probe,探测器,NOUN,B2
探索,exploration,探索,NOUN,B2
接受者,recipient,接受者,NOUN,B2
接受评估,be evaluated,接受评估,VERB,B2
接吻,to make out,接吻,VERB,B2
接壤,to border,接壤,VERB,B2
接种,to vaccinate,接种疫苗,VERB,B2
接管,to take over,接管,VERB,B2
接触,contact,联系,NOUN,B2
控制,hold,控制,NOUN,B2
控制,to steer control,控制,VERB,B2
控告,to indict,控告,VERB,B2
推/生长,to push to grow,推/生长,VERB,B2
推/碰撞,to bump push,推/碰撞,VERB,B2
推力,thrust,猛推,NOUN,B2
推动,to push through,推动,VERB,B2
推广者,promoter,推动者,NOUN,B2
推测,conjecture,推测,NOUN,B2
推测,speculation,推测,NOUN,B2
推测,to speculate,推测,VERB,B2
推理,to reason,推理,VERB,B2
推翻,overthrow projection,推翻,NOUN,B2
推翻,to oust,推翻,VERB,B2
推翻,to overthrow,推翻,VERB,B2
推翻,to overturn,打翻,VERB,B2
推荐,recommendation,推荐,NOUN,B2
推论,corollary,推论,NOUN,B2
措辞,diction,措辞,NOUN,B2
措辞,phrasing,措辞,NOUN,B2
措辞,word choice,措辞,NOUN,B2
措辞,wording,措辞,NOUN,B2
掴,slap,拍击,NOUN,B2
掴,to slap,打耳光,VERB,B2
描绘,to delineate,描绘,VERB,B2
描绘的,depicted,描绘的,ADJ,B2
描绘的,depicting,描绘的,ADJ,B2
描绘；标出,to trace,描绘；标出,VERB,B2
描述,description,描述,NOUN,B2
描述性的,descriptive,描述性的,ADJ,B2
提供,to provide,提供,VERB,B2
提供者,provider,提供者,NOUN,B2
提出上诉,to lodge an appeal,提出上诉,VERB,B2
提名,nomination,提名,NOUN,B2
提名,to nominate,提名,VERB,B2
提炼,to refine,提炼,VERB,B2
提议,offer,报价,NOUN,B2
提醒物,reminder,提醒物,NOUN,B2
提高意识,awareness raising,提高意识,NOUN,B2
提高意识,to raise awareness,提高意识,VERB,B2
提高意识,to sensitize,提高意识,VERB,B2
插入,to plug in,插入,VERB,B2
插图,illustration,插图,NOUN,B2
插座,power outlet,插座,NOUN,B2
揭穿,to unmask,揭穿,VERB,B2
揭露,uncover to reveal,揭露,VERB,B2
援引,to invoke,援引,VERB,B2
搅拌,to stir,搅拌,VERB,B2
搜寻,to ferret,搜寻,VERB,B2
搜捕,manhunt,搜捕,NOUN,B2
搜索引擎,search engine,搜索引擎,NOUN,B2
搜集,to glean,搜集,VERB,B2
搞砸,to botch,搞砸,VERB,B2
搞砸,to bungle,搞砸,VERB,B2
搬入,to move in,搬入,VERB,B2
搬出,to move out,搬出,VERB,B2
搬家,relocation,搬家,NOUN,B2
搬家,to move house,搬家,VERB,B2
搬运,to lug,搬运,VERB,B2
搭车,ride lift,搭车,NOUN,B2
携带,to take along,带走,VERB,B2
摄入,to ingest,服用,VERB,B2
摄影师,photographer,摄影师,NOUN,B2
摆架子,airs,摆架子,NOUN,B2
摆脱,to get rid of,摆脱,VERB,B2
摇摆,to sway,摇摆,VERB,B2
摇晃,to stagger,蹒跚,VERB,B2
摇晃,to wobble,摇晃,VERB,B2
摇篮,cradle,摇篮,NOUN,B2
摊位,stand,摊位,NOUN,B2
摊销,to amortize,摊销,VERB,B2
摘录,excerpt,摘录,NOUN,B2
摘录,extract,摘录,NOUN,B2
摘要,summary,摘要,NOUN,B2
摩擦,to rub,摩擦,VERB,B2
摸清,to map out,摸清,VERB,B2
撒酒疯,rowdiness,撒酒疯,NOUN,B2
撞击,to crash into,撞击,VERB,B2
撞击 / 冒犯,to strike to offend,撞击 / 冒犯,VERB,B2
撤回,to retract,撤回,VERB,B2
撤销,quashing,撤销,NOUN,B2
撬开,to break into,撬开,VERB,B2
播出,be broadcast,播出,VERB,B2
播种,sowing,播种,NOUN,B2
擅离职守,to desert,擅离职守,VERB,B2
擅长,to excel,擅长,VERB,B2
操作员,operator,经营者,NOUN,B2
擦亮,to burnish,擦亮,VERB,B2
擦洗,to scrub,擦洗,VERB,B2
支付,to defray,支付,VERB,B2
支出,expenditures,支出,NOUN,B2
支撑,to prop up,支撑,VERB,B2
支流,tributary,支流,NOUN,B2
支票簿,checkbook,支票簿,NOUN,B2
支配,to dominate,支配,VERB,B2
收入,revenue,收入,NOUN,B2
收回,to reclaim,收回,VERB,B2
收缩,contraction,收缩,NOUN,B2
收藏癖,collectomania,收藏癖,NOUN,B2
收音机,radio,收音机,NOUN,B2
改变,to alter,改变,VERB,B2
改变,to vary,改变,VERB,B2
改变/交换,change exchange,改变/交换,NOUN,B2
攻击者,attacker,攻击者,NOUN,B2
放,to lay put,放,VERB,B2
放下,to drop off,放下,VERB,B2
放下,to lay down,放下,VERB,B2
放回,to put back,放回,VERB,B2
放回 / 重新定位,to put back to reposition,放回 / 重新定位,VERB,B2
放大,amplification,放大,NOUN,B2
放大,to amplify,放大,VERB,B2
放射性的,radioactive,放射性的,ADJ,B2
放弃,renunciation,放弃,NOUN,B2
放心的,rest assured,放心的,ADJ,B2
放松,chill,放松,ADJ,B2
放松,relaxation,缓和,NOUN,B2
放牧,grazing,放牧,NOUN,B2
放纵,binge,放纵,NOUN,B2
放置,to lay,放置,VERB,B2
放置,to place put,放置,VERB,B2
放置,to put set,放置,VERB,B2
放荡,debauchery,放荡,NOUN,B2
放荡,libertinism,放荡,NOUN,B2
放荡,licentiousness,放荡,NOUN,B2
放荡不羁的,bohemian,放荡不羁的,ADJ,B2
放荡的,licentious,放荡的,ADJ,B2
放逐,banish,放逐,VERB,B2
政党,political party,政党,NOUN,B2
政府的,governmental,政府的,ADJ,B2
政治的,political,政治的,ADJ,B2
故事片,feature film,故事片,NOUN,B2
故意地,intentionally,故意地,ADV,B2
故意地,on purpose,故意地,ADV,B2
故意的,deliberate,深思熟虑的,ADJ,B2
故意的/恶意的,deliberate malicious,故意的/恶意的,ADJ,B2
故障,glitch,故障,NOUN,B2
故障,malfunction,故障,NOUN,B2
效忠誓言,oath of allegiance,效忠誓言,NOUN,B2
效用,usefulness avail,效用,NOUN,B2
效用,utility,效用,NOUN,B2
敌意,animosity,敌意,NOUN,B2
敏感性,sensitivity,敏感性,NOUN,B2
敏感的,sensitive,敏感的,ADJ,B2
敏捷的,nimble,敏捷的,ADJ,B2
敏锐,acuteness sharpness,敏锐,NOUN,B2
敏锐,keenness,敏锐,NOUN,B2
敏锐的,perceptive,敏锐的,ADJ,B2
救世主,savior,救星,NOUN,B2
救赎,redemption,救赎,NOUN,B2
教会,church community,教会,NOUN,B2
教会的,ecclesiastical,教会的,ADJ,B2
教养,upbringing,教养,NOUN,B2
教唆,to suborn,教唆,VERB,B2
教堂,church,教堂,NOUN,B2
教学,teaching,教学,NOUN,B2
教学大纲,syllabus,教学大纲,NOUN,B2
教学的,didactic,教学的,ADJ,B2
教学的,teaching,教学的,ADJ,B2
教条主义,dogmatism,教条主义,NOUN,B2
教条的,dogmatic,教条的,ADJ,B2
教科书,textbook,教科书,NOUN,B2
教育,to educate,教育,VERB,B2
教育学,pedagogy,教育学,NOUN,B2
教育学的,pedagogical,教学的,ADJ,B2
教育的,educational,教育的,ADJ,B2
散发,emanation,散发物,NOUN,B2
散发,to emanate,散发,VERB,B2
散发,to exude,散发,VERB,B2
散热器,radiator,暖气片,NOUN,B2
敬意,deference,敬意,NOUN,B2
数万,tens of thousands,数万,NUM,B2
数十个,dozens,数十个,NOUN,B2
数千,thousands,数千,NOUN,B2
数字,digit,数字,NOUN,B2
数字化,digitization,数字化,NOUN,B2
数字化,to digitize,数字化,VERB,B2
数学,math,数学,NOUN,B2
数学的,mathematical,数学的,ADJ,B2
数据处理,data processing,数据处理,NOUN,B2
数据库,databas,数据库,NOUN,B2
数百万的,millions of,数百万的,NUM,B2
敲击,knock,敲击,NOUN,B2
整个的,entire,整个的,ADJ,B2
整体的,holistic,整体的,ADJ,B2
整体论,holism,整体论,NOUN,B2
整洁的,dapper,整洁的,ADJ,B2
整洁的,neat,整洁的,ADJ,B2
整洁的,well-groomed,整洁的,ADJ,B2
整理,to tidy,整理,VERB,B2
整理,to tidy up,整理,VERB,B2
文件夹,folder,文件夹,NOUN,B2
文凭,diploma,文凭,NOUN,B2
文化交汇,cultural encounter,文化交汇,NOUN,B2
文化涵化,acculturation,文化涵化,NOUN,B2
文化的,cultural,文化的,ADJ,B2
文化遗产,cultural heritage,文化遗产,NOUN,B2
文学的,literary,文学的,ADJ,B2
文明,civilisation,文明,NOUN,B2
文明的,civilized,文明的,ADJ,B2
文本,text,文本,NOUN,B2
文本的,textual,文本的,ADJ,B2
文献,documentation,文献,NOUN,B2
文艺复兴,renaissance,复兴,NOUN,B2
斗殴,brawl,斗殴,NOUN,B2
斗牛犬,bulldog,斗牛犬,NOUN,B2
斜的,oblique,斜的,ADJ,B2
斜视,strabismus,斜视,NOUN,B2
斥责,to rebuke,斥责,VERB,B2
斧头,axe,斧头,NOUN,B2
斩首,to behead,斩首,VERB,B2
断头台,guillotine,断头台,NOUN,B2
断奶,weaning,断奶,NOUN,B2
断言,assertion,断言,NOUN,B2
斯多葛主义,stoicism,斯多葛主义,NOUN,B2
斯德哥尔摩,stockholm,斯德哥尔摩,PROPN,B2
新奇事物,novelty,新奇事物,NOUN,B2
新娘,bride,新娘,NOUN,B2
新建建筑,new construction,新建建筑,NOUN,B2
新手；初学者,neophyte,新手；初学者,NOUN,B2
新月,new moon,新月,NOUN,B2
新来者,newcomer,新来者,NOUN,B2
新生儿的,neonatal,新生儿的,ADJ,B2
新郎,groom,新郎,NOUN,B2
新闻业,journalism,新闻业,NOUN,B2
新闻报道,news reporting,新闻报道,NOUN,B2
新闻界,press,新闻界,NOUN,B2
新闻自由,press freedom,新闻自由,NOUN,B2
新鲜,freshness,新鲜,NOUN,B2
新鲜地,freshly,新鲜地,ADV,B2
方向,orientation,取向,NOUN,B2
方法论,methodology,方法论,NOUN,B2
方法论的,methodological,方法论的,ADJ,B2
方言,dialect,方言,NOUN,B2
施肥,to fertilize,施肥,VERB,B2
施虐的,sadistic,施虐的,ADJ,B2
施魔法,to enchant,使着迷,VERB,B2
旁边,next to,在...旁边,ADP,B2
旅游,tourism,旅游业,NOUN,B2
旅游的,tourist,旅游的,ADJ,B2
旅游的,touristic,旅游的,ADJ,B2
旅行,tour,旅行,NOUN,B2
旅行,travel,出行,NOUN,B2
旅行,trip,旅行,NOUN,B2
旅行,to travel,旅行,VERB,B2
旅行者,traveler,旅行家,NOUN,B2
旅馆老板,hotelier,旅馆老板,NOUN,B2
旋律,melody,旋律,NOUN,B2
旋转,to spin,旋转,VERB,B2
旋风,whirlwind,旋风；漩涡,NOUN,B2
旗帜,flag,旗帜,NOUN,B2
无,without,没有,ADP,B2
无习惯,habitlessness,无习惯,NOUN,B2
无产阶级,proletariat,无产阶级,NOUN,B2
无人机,drone,无人机,NOUN,B2
无价值的,worthless,无价值的,ADJ,B2
无例外的,without exception,无例外的,ADV,B2
无偿还能力的,insolvent,无偿还能力的,ADJ,B2
无关,irrelevance,无关,NOUN,B2
无力,impotence,无力,NOUN,B2
无可指责的,irreproachable,无可指责的,ADJ,B2
无味的,tasteless,无味的,ADJ,B2
无处,nowhere,无处,ADV,B2
无定形的,amorphous,无定形的,ADJ,B2
无害的,innocuous,无害的,ADJ,B2
无家可归,homelessness,无家可归,NOUN,B2
无家可归的,homeless,无家可归的,ADJ,B2
无形的,intangible,无形的,ADJ,B2
无忧无虑的,carefree,无忧无虑的,ADJ,B2
无性,asexual,无性的,ADJ,B2
无情的,relentless,无情的,ADJ,B2
无情的,ruthless,无情的,ADJ,B2
无意义的,senseless,无意义的,ADJ,B2
无意识,unconscious,无意识的,ADJ,B2
无所不在的,omnipresent,无所不在的,ADJ,B2
无摩擦的,frictionless,无摩擦的,ADJ,B2
无政府主义者,anarchist,无政府主义者,NOUN,B2
无政府状态,anarchy,无政府状态,NOUN,B2
无效,nullity,无效；无能,NOUN,B2
无效的,null and void,无效的,ADJ,B2
无敌的,invincible,无敌的,ADJ,B2
无望的,bleak,无望的,ADJ,B2
无机的,inorganic,无机的,ADJ,B2
无条件的,unconditional,无条件的,ADJ,B2
无法抗拒的,irresistible,不可抗拒的,ADJ,B2
无瑕疵的,impeccable,无瑕疵的,ADJ,B2
无生命的,lifeless,无生命的,ADJ,B2
无用的,useless,无用的,ADJ,B2
无畏的,intrepid,无畏的,ADJ,B2
无疑地,undoubtedly,无疑地,ADV,B2
无礼的,disrespectful,无礼的,ADJ,B2
无神论,atheism,无神论,NOUN,B2
无神论的,atheistic,无神论的,ADJ,B2
无神论者,atheist,无神论者,NOUN,B2
无私的,disinterested,公正的,ADJ,B2
无系统的,systemless,无系统的,ADJ,B2
无线,wireless,无线的,ADJ,B2
无经验的,inexperienced,生疏的,ADJ,B2
无缝的,seamless,无缝的,ADJ,B2
无罪释放,acquittal,无罪释放,NOUN,B2
无耻,shamelessness,无耻,NOUN,B2
无耻的,shameless,无耻的,ADJ,B2
无聊的,boring,无聊的,ADJ,B2
无能的,incompetent,无能的,ADJ,B2
无菌的,sterile,无菌的,ADJ,B2
无辜地,innocent,无辜地,ADV,B2
无限的,endless,无尽的,ADJ,B2
无限的,infinite,无限的,ADJ,B2
无限的,unlimited,无限的,ADJ,B2
无风的,windless,无风的,ADJ,B2
无齿的,toothless,无齿的,ADJ,B2
日光,daylight,日光,NOUN,B2
日工,day laborer,日工,NOUN,B2
日常生活,everyday life,日常生活,NOUN,B2
日期,datum,日期,NOUN,B2
日本人,japanese,日本人,NOUN,B2
日本的,japanese,日本的,ADJ,B2
日食,eclipse,日食,NOUN,B2
早上好,good morning,早上好,INTJ,B2
早产儿,premature baby,早产儿,NOUN,B2
早熟的,precocious,早熟的,ADJ,B2
早的,early,早的,ADJ,B2
早餐,breakfast,早餐,NOUN,B2
旱地,dry land,旱地,NOUN,B2
时代,epoch,时代,NOUN,B2
时代错误,anachronism,时代错误,NOUN,B2
时代错误的,anachronistic,时代错误的,ADJ,B2
时刻表,timetable,时刻表,NOUN,B2
时间性,temporality,时间性,NOUN,B2
时间点,point in time,时间点,NOUN,B2
时间的,temporal,时间的,ADJ,B2
时间线,timeline,时间线,NOUN,B2
时间问题,matter of time,时间问题,NOUN,B2
时髦的,snazzy,时髦的,ADJ,B2
时髦的,stylish,雅致的,ADJ,B2
昂贵的,costly,昂贵的,ADJ,B2
明喻,simile,明喻,NOUN,B2
明天,tomorrow,明天,ADV,B2
明显地,manifestly,明显地,ADV,B2
明显地,perceptibly,明显地,ADV,B2
明显的,evident,明显的,ADJ,B2
明智,wise,明智的,ADJ,B2
明智地,wisely,明智地,ADV,B2
明智的,sensible,明智的,ADJ,B2
明确,explicit,明确的,ADJ,B2
明确地,explicitly,明确地,ADV,B2
明确地,expressly,明确地,ADV,B2
明确的,definite,明确的,ADJ,B2
明确的,express,明确的,ADJ,B2
明确的,unambiguous,明确的,ADJ,B2
昏睡的,lethargic,昏睡的,ADJ,B2
昏迷,coma,昏迷,NOUN,B2
昏迷,stupor,昏迷,NOUN,B2
易受伤害的,vulnerable,易受伤害的,ADJ,B2
易变,volatile,易变的,ADJ,B2
易怒,irascibility,易怒,NOUN,B2
易怒的,bilious,易怒的,ADJ,B2
易怒的,choleric,易怒的,ADJ,B2
易怒的,irascible,易怒的,ADJ,B2
易怒的,touchy,易怒的,ADJ,B2
易损的,damageable,易损的,ADJ,B2
易接近的,accessible,易接近的,ADJ,B2
易燃的,flammable,易燃的,ADJ,B2
易燃的,inflammable,易燃的,ADJ,B2
易碎的,brittle,易碎的,ADJ,B2
易错性,fallibility,易错性,NOUN,B2
星云,nebula,星云,NOUN,B2
星期三,wednesday,星期三,NOUN,B2
星期二,tuesday,星期二,NOUN,B2
星期四,thursday,星期四,NOUN,B2
星系,galaxy,星系,NOUN,B2
春,vernal,春季的,ADJ,B2
昨天,yesterday,昨天,ADV,B2
昨晚,last night,昨晚,ADV,B2
是,be,是,AUX,B2
是,yes,是的,INTJ,B2
是,to was,是,VERB,B2
是否,whether,是否,SCONJ,B2
是是是,yeah yeah,是是是,INTJ,B2
是的,yes,是的,PART,B2
昵称,nickname,绰号,NOUN,B2
显微镜,microscope,显微镜,NOUN,B2
显著地,notably,显著地,ADV,B2
显著地,remarkably,显著地,ADV,B2
显著的,pronounced,显著的,ADJ,B2
晋升,advancement,晋升,NOUN,B2
晌午,mid-morning,晌午,NOUN,B2
晒黑,to tan,晒黑,VERB,B2
晚安,good night,晚安,INTJ,B2
晚间闲谈,evening chat,晚间闲谈,NOUN,B2
普遍性,generality,普遍性,NOUN,B2
普遍的,universal,普遍的,ADJ,B2
晴朗的,sunny,晴朗的,ADJ,B2
智力,intellect,智力,NOUN,B2
暂停,moratorium,暂停,NOUN,B2
暂停,suspension,暂停,NOUN,B2
暂时,for now,暂时,ADV,B2
暂缓执行,reprieve,暂缓执行,NOUN,B2
暑期游客,summer visitor,暑期游客,NOUN,B2
暗指,to allude,暗指,VERB,B2
暗示,hint,暗示,NOUN,B2
暗示,to connote,暗示,VERB,B2
暗示,to imply,暗示,VERB,B2
暗示,to insinuate,暗示,VERB,B2
暗示的,allusive,暗指的,ADJ,B2
暴力,violence,暴力,NOUN,B2
暴力地,violently,暴力地,ADV,B2
暴发户,upstart,暴发户,NOUN,B2
暴君,despot,暴君,NOUN,B2
暴君,tyrant,暴君,NOUN,B2
暴政,tyranny,暴政,NOUN,B2
暴行,atrocity,暴行,NOUN,B2
暴露,to bare,暴露,VERB,B2
暴风雨的,stormy,有暴风雨的,ADJ,B2
暴食,gluttony,暴食,NOUN,B2
曲线,curve,曲线,NOUN,B2
更便宜的,cheaper,更便宜的,ADJ,B2
更冷的,colder,更冷的,ADJ,B2
更厚的,thicker,更厚的,ADJ,B2
更可取的,preferable,更可取的,ADJ,B2
更喜欢,to prefer,更喜欢,VERB,B2
更多,more pl,更多,ADJ,B2
更大的,bigger,更大的,ADJ,B2
更快的,faster,更快的,ADJ,B2
更慢,slower,更慢,ADJ,B2
更新,renewal,更新,NOUN,B2
更新,to renew,更新,VERB,B2
更早,earlier,刚才,ADV,B2
更早的,earlier,更早的,ADJ,B2
更有趣的,more fun,更有趣的,ADJ,B2
更穷的,poorer,更穷的,ADJ,B2
更经常,more often,更频繁,ADV,B2
更美的,more beautiful,更美的,ADJ,B2
更近的,closer,更近的,ADJ,B2
更远处,further on,更远处,ADV,B2
更重要的,more important,更重要的,ADJ,B2
更长的,longer,更长的,ADJ,B2
更高,higher,更高的,ADJ,B2
替代,alternative,替代方案,NOUN,B2
替代的,alternative,替代的,ADJ,B2
最低点,nadir,最低点,NOUN,B2
最低的,lowest,最低的,ADJ,B2
最佳的,optimal,最佳的,ADJ,B2
最后,last,最后的,ADJ,B2
最喜欢的,favorite,最喜欢的,ADJ,B2
最坏的,worst,最坏的,ADJ,B2
最坏的事,worst thing,最坏的事,NOUN,B2
最大,greatest,最大,NOUN,B2
最大的,biggest,最大,ADJ,B2
最大的,maximal,最大的,ADJ,B2
最大的,maximum,最大,ADJ,B2
最好,preferably,更愿意,ADV,B2
最好的,best,最好的,ADJ,B2
最好的朋友,best friend,最好的朋友,NOUN,B2
最小化,to minimize,最小化,VERB,B2
最小的,smallest,最小的,ADJ,B2
最少,least,最少,ADV,B2
最新的,latest,最新的,ADJ,B2
最爱,favorite,最爱,NOUN,B2
最终,ultimately,最终,ADV,B2
最终比分,final score,最终比分,NOUN,B2
最终的,ultimate,最终的,ADJ,B2
最近的,nearest,最近的,ADJ,B2
最远,furthest,最远,ADV,B2
最迟/最近,latest,最迟/最近,ADV,B2
最里面的,innermost,最里面的,ADV,B2
最重要的事,most important thing,最重要的事,NOUN,B2
最高的,highest,最高的,ADJ,B2
最高的,supreme,最高的,ADJ,B2
有,have,有,AUX,B2
有争议的,contentious,有争议的,ADJ,B2
有争议的,contested,有争议的,ADJ,B2
有争议的,controversial,有争议的,ADJ,B2
有争议的,disputed,有争议的,ADJ,B2
有伤风化的,risque,有伤风化的,ADJ,B2
有倾向性的,tendentious,有偏见的,ADJ,B2
有利可图的,lucrative,有利可图的,ADJ,B2
有前途的,promising,有前途的,ADJ,B2
有力气,to have strength,有力气,VERB,B2
有压力的,stressed,焦虑的,ADJ,B2
有压力的,stressful,有压力的,ADJ,B2
有同情心的,compassionate,有同情心的,ADJ,B2
有吸引力,attractive,有吸引力的,ADJ,B2
有声望的,prestigious,有声望的,ADJ,B2
有天赋的,endowed,有天赋的,ADJ,B2
有天赋的,gifted,有天赋的,ADJ,B2
有害的,damaging,有害的,ADJ,B2
有害的,detrimental,有害的,ADJ,B2
有害的,harmful,有害的,ADJ,B2
有害的,pernicious,有害的,ADJ,B2
有序性,orderliness,有序性,NOUN,B2
有形的,tangible,有形的,ADJ,B2
有德行的,virtuous,有德行的,ADJ,B2
有意义的,meaningful,有意义的,ADJ,B2
有才华的,talented,有才华的,ADJ,B2
有效地,effectively,有效地,ADV,B2
有效性,validity,有效期,NOUN,B2
有效的,effective,有效的,ADJ,B2
有效的,valid,有效的,ADJ,B2
有教育意义的,instructive,有教育意义的,ADJ,B2
有机地,organically,有机地,ADV,B2
有机的,organic,有机的,ADJ,B2
有条理的,methodical,有条理的,ADJ,B2
有毒的,toxic,有毒的,ADJ,B2
有浮力的,buoyant,有浮力的,ADJ,B2
有用,helpful,有帮助的,ADJ,B2
有用的,useful,有用的,ADJ,B2
有疗效的,curative,有疗效的,ADJ,B2
有症状的,symptomatic,症状的,ADJ,B2
有礼貌的,courteous,有礼貌的,ADJ,B2
有礼貌的,mannerly,有礼貌的,ADJ,B2
有组织的,organized,有组织的,ADJ,B2
有经验,experienced,老练的,ADJ,B2
有缺陷的,defective,有缺陷的,ADJ,B2
有罪的/欠钱的,guilty owes,有罪的/欠钱的,ADJ,B2
有能力的,competent,胜任的,ADJ,B2
有色性,coloredness,有色性,NOUN,B2
有色的,colored,有色的,ADJ,B2
有节制的,abstemious,有节制的,ADJ,B2
有角的,angular,有角的,ADJ,B2
有责任的,liable,有责任的,ADJ,B2
有趣的,amusing,有趣的,ADJ,B2
有趣的,entertaining,有趣的,ADJ,B2
有轨电车,tram,有轨电车,NOUN,B2
有针对性的,targeted,有针对性的,ADJ,B2
有限的,finite,有限的,ADJ,B2
有限的,limited,有限的,ADJ,B2
有雄心的,ambitious,有雄心的,ADJ,B2
有风的,windy,有风的,ADJ,B2
有魅力的,charismatic,有魅力的,ADJ,B2
服从权威,loyalty to authority,服从权威,NOUN,B2
服务使用者,service user,服务使用者,NOUN,B2
服装,garment,服装,NOUN,B2
服装,outfit,服装,NOUN,B2
望远镜,telescope,望远镜,NOUN,B2
朝圣,pilgrimage,朝圣,NOUN,B2
朝圣者,pilgrim,朝圣者,NOUN,B2
期待,anticipation,预期,NOUN,B2
期望的目标,desired aim,期望的目标,NOUN,B2
木偶,puppet,木偶,NOUN,B2
木制的,wooden,木制的,ADJ,B2
木炭,charcoal,木炭,NOUN,B2
未受伤害的,unscathed,未受伤害的,ADJ,B2
未受伤的,unharmed,未受伤的,ADJ,B2
未婚夫,fiance,未婚夫,NOUN,B2
未婚妻,fiancee,未婚妻,NOUN,B2
未成年人,minor,未成年人,NOUN,B2
未来主义,futurism,未来主义,NOUN,B2
未来的,future,未来的,ADJ,B2
未知数,unknown,未知数,NOUN,B2
未知的,unknown,未知的,ADJ,B2
未确定的,indeterminate unspecified,未确定的,ADJ,B2
末日集合,final gathering,末日集合,NOUN,B2
本体,noumenon,本体,NOUN,B2
本土的,indigenous,本土的,ADJ,B2
本地化,to localize,本地化,VERB,B2
本地的,native,本地的,ADJ,B2
本堂神父,parish priest,本堂神父,NOUN,B2
本质,quiddity,本质,NOUN,B2
术语,term,学期,NOUN,B2
术语,terminology,术语,NOUN,B2
术语的,terminological,术语的,ADJ,B2
机会,chance,机会,NOUN,B2
机会,chance opportunity,机会,NOUN,B2
机器人,robot,机器人,NOUN,B2
机密的,confidential,机密的,ADJ,B2
机敏,alertness,机敏,NOUN,B2
机智,witty,机智的,ADJ,B2
机智,quick wit,机智,NOUN,B2
机械的,mechanical,机械的,ADJ,B2
机灵的,resourceful,机灵的,ADJ,B2
机身,fuselage,机身,NOUN,B2
杀兄弟,fratricide,杀兄弟,NOUN,B2
杂技演员,acrobat,杂技演员,NOUN,B2
杂草,weed,杂草,NOUN,B2
杂草,weeds,杂草,NOUN,B2
权利,entitlement,权利,NOUN,B2
权利,rights,权利,NOUN,B2
权威的,authoritative,权威的,ADJ,B2
村庄,village,村庄,NOUN,B2
杜撰的,apocryphal,杜撰的,ADJ,B2
条例,ordinance,条例,NOUN,B2
条款,clauses,条款,NOUN,B2
条纹,stripe,条纹,NOUN,B2
杰作,masterpiece,杰作,NOUN,B2
杰出的,eminent,杰出的,ADJ,B2
松口气,to breathe again,松口气,VERB,B2
松开,to loosen,放松,VERB,B2
松弛,laxity,松弛,NOUN,B2
松弛的,flabby,松弛的,ADJ,B2
松懈的,lax,松懈的,ADJ,B2
松散的,loose,松的,ADJ,B2
松树,pine,松树,NOUN,B2
松脱,to come loose,松脱,VERB,B2
松鼠,squirrel,松鼠,NOUN,B2
板条箱,crate,板条箱,NOUN,B2
板球,cricket,板球,NOUN,B2
极乐,bliss,极乐,NOUN,B2
极冷的,freezing,极冷的,ADJ,B2
极地的,polar,极地的,ADJ,B2
极好的,fabulous,极好的,ADJ,B2
极好的,marvelous,极好的,ADJ,B2
极好的,superb,极好的,ADJ,B2
极小的,minuscule,极小的,ADJ,B2
极度恐惧,mortal fear,极度恐惧,NOUN,B2
极度恐惧的,terrified,极度恐惧的,ADJ,B2
极度渴望,burning eagerness,极度渴望,NOUN,B2
极性,polarity,极性,NOUN,B2
极权主义的,totalitarian,极权主义的,ADJ,B2
极硬的,very hard,极硬的,ADJ,B2
极端主义者,extremist,极端主义者,NOUN,B2
极简主义,minimalism,极简主义,NOUN,B2
构建,to build up,构建,VERB,B2
构建,to structure,构建,VERB,B2
构成的,constitutive,构成的,ADJ,B2
果断,assertiveness,果断,NOUN,B2
果汁,juice,果汁,NOUN,B2
果皮,peel,果皮,NOUN,B2
果酱,jam,果酱,NOUN,B2
枢机主教,cardinal,枢机主教,NOUN,B2
枪声,gunshot,枪声,NOUN,B2
枪战,shootout,枪战,NOUN,B2
枪支,firearms,枪支,NOUN,B2
枯萎,to wilt,枯萎,VERB,B2
架子,shelf,架子,NOUN,B2
枷锁,yoke,枷锁,NOUN,B2
柏林的,berlijns,柏林的,ADJ,B2
某些,some,某些,ADJ,B2
某人,someone,某人,PRON,B2
某人的,someone's,某人的,PRON,B2
某处,somewhere,某处,ADV,B2
某时,sometime,在某个时候,ADV,B2
某物,something,某事,PRON,B2
柑橘,citrus,柑橘,NOUN,B2
染色,to dye,染色,VERB,B2
柱子,pillar,柱子,NOUN,B2
柳叶刀 / 刺血针,lancet,柳叶刀 / 刺血针,NOUN,B2
柴火,firewood,木柴,NOUN,B2
标准,criterion,标准,NOUN,B2
标准化,standardization,标准化,NOUN,B2
标准化,to standardize,标准化,VERB,B2
标准的,standard,标准的,ADJ,B2
标准阿拉伯语,standard arabic,标准阿拉伯语,NOUN,B2
标本,specimen,标本,NOUN,B2
标记,to mark,标记,VERB,B2
标记 / 参考点,landmark reference point,标记 / 参考点,NOUN,B2
标题,heading,标题,NOUN,B2
标题,headline,标题,NOUN,B2
栏杆,balustrade,栏杆,NOUN,B2
栏杆,railing,栏杆,NOUN,B2
树干,trunk,树干,NOUN,B2
树木茂盛的,wooded,树木茂盛的,ADJ,B2
树篱,hedge,树篱,NOUN,B2
栓塞,embolism,栓塞,NOUN,B2
校准,calibration,校准,NOUN,B2
校准,to calibrate,校准,VERB,B2
校对,proofreading,校对,NOUN,B2
样品,sample,样本,NOUN,B2
样品 / 排练,sample rehearsal,样品 / 排练,NOUN,B2
核对,to collate,核对,VERB,B2
核战争,nuclear war,核战争,NOUN,B2
核武器,nuclear weapon,核武器,NOUN,B2
核的,nuclear,核的,ADJ,B2
根本,at all,根本,ADV,B2
根本/绝对,at all absolutely,根本/绝对,ADV,B2
根除,to extirpate,根除,VERB,B2
根除,to uproot,根除,VERB,B2
格式,format,格式,NOUN,B2
格栅,grille,格栅,NOUN,B2
框架,frame,框架,NOUN,B2
档案,dossier,档案,NOUN,B2
桤木,alder,桤木,NOUN,B2
桨,oar,桨,NOUN,B2
桶,barrel,桶,NOUN,B2
梳理,mapping,梳理,NOUN,B2
检察院,prosecution service,检察院,NOUN,B2
检测,detection,检测,NOUN,B2
检索,retrieval,检索,NOUN,B2
检索,to retrieve,取回,VERB,B2
棍棒,cudgel,棍棒,NOUN,B2
棕榈树,palm tree,棕榈树,NOUN,B2
棕色的,brown,棕色,ADJ,B2
棘手的,intractable,难处理的,ADJ,B2
棚屋,shack,棚屋,NOUN,B2
棚屋,shed,棚屋,NOUN,B2
棱镜,prism,棱镜,NOUN,B2
植入,to implant,植入,VERB,B2
植物群,flora,植物群,NOUN,B2
椎骨,vertebra,椎骨,NOUN,B2
椰枣,date fruit,椰枣,NOUN,B2
楼上,upper floor,楼上,NOUN,B2
概念,conception,概念,NOUN,B2
概念的,conceptual,概念的,ADJ,B2
概括,generalization,概括,NOUN,B2
概括,to generalize,概括,VERB,B2
概率,probability,概率,NOUN,B2
概率的,probabilistic,概率的,ADJ,B2
概要的,schematic,概要的,ADJ,B2
概要的,synoptic,概要的,ADJ,B2
概览,overview,概览,NOUN,B2
榜样,role model,榜样,NOUN,B2
榨油机,oil press,榨油机,NOUN,B2
模仿,imitation,模仿,NOUN,B2
模具,mold,鞋楦,NOUN,B2
模块化的,modular,模块化的,ADJ,B2
模式,mode,方式,NOUN,B2
模拟,simulation,模拟,NOUN,B2
模拟,to simulate,模拟,VERB,B2
模拟的,analog,模拟的,ADJ,B2
模棱两可的,ambiguous,模棱两可的,ADJ,B2
模糊,vagueness,模糊,NOUN,B2
模糊的,diffuse,模糊的,ADJ,B2
模糊的,fuzzy,模糊的,ADJ,B2
模范国家,exemplary country,模范国家,NOUN,B2
横梁,beam,光束,NOUN,B2
横渡,crossing,交叉口,NOUN,B2
横膈膜,diaphragm,横膈膜,NOUN,B2
橙汁,orange juice,橙汁,NOUN,B2
橙色的,orange,橙色的,ADJ,B2
橡胶,rubber,橡胶,NOUN,B2
橱柜,cupboard,橱柜,NOUN,B2
檐口,cornice,檐口,NOUN,B2
檐壁,frieze,檐壁,NOUN,B2
欠下的,owed,欠下的,ADJ,B2
次,time occasion,次,NOUN,B2
欢呼,cheering,欢呼,NOUN,B2
欢呼,cheers,欢呼,NOUN,B2
欢呼,to cheer,欢呼,VERB,B2
欢呼声,ululations,欢呼声,NOUN,B2
欢喜,gladness,欢喜,NOUN,B2
欢欣,jubilation,欢欣,NOUN,B2
欢迎,welcome,受欢迎的,ADJ,B2
欣快感,euphoria,欣快感,NOUN,B2
欧洲的,european,欧洲的,ADJ,B2
欲望,lust,欲望,NOUN,B2
欺凌,to bully,欺凌,VERB,B2
欺诈,to defraud,诈骗,VERB,B2
欺诈性隐瞒,fraudulent concealment,欺诈性隐瞒,NOUN,B2
欺骗,deceit,欺骗,NOUN,B2
欺骗,to dupe,欺骗,VERB,B2
欺骗,to trick,欺骗,VERB,B2
欺骗性的,deceptive,欺骗性的,ADJ,B2
止痛药,painkiller,止痛药,NOUN,B2
正义,justice,正义,NOUN,B2
正交性,orthogonality,正交性,NOUN,B2
正式地,formally,正式地,ADV,B2
正式地,officially,正式地,ADV,B2
正方形,square,广场,NOUN,B2
正是,the very,正是,ADV,B2
正是,yes indeed,正是,INTJ,B2
正直,probity,正直,NOUN,B2
正确,to be correct,正确,VERB,B2
正确性,correctness,正确性,NOUN,B2
正确的,right,正确的,ADJ,B2
正统的,orthodox,正统的,ADJ,B2
正题的,thetic,正题的,ADJ,B2
此后,thereafter,此后,ADV,B2
此时,by now,此时,ADV,B2
步伐,pace,速度,NOUN,B2
步兵,infantry,步兵,NOUN,B2
步枪,rifle,步枪,NOUN,B2
步行,walking,步行,NOUN,B2
武装,to arm,武装,VERB,B2
歧义,ambiguity,歧义,NOUN,B2
歧视,discrimination,歧视,NOUN,B2
歧视,to discriminate,歧视,VERB,B2
歪曲的,distorted,歪曲的,ADJ,B2
歹徒,outlaw,歹徒,NOUN,B2
死,dead,死的,ADJ,B2
死亡率,mortality,死亡率,NOUN,B2
死后的,posthumous,死后的,ADJ,B2
歼灭,to annihilate,消灭,VERB,B2
残奥会的,paralympic,残奥会的,ADJ,B2
残忍的,cruel,残忍的,ADJ,B2
残暴,brutality,残暴,NOUN,B2
残留物 / 废弃物,residues waste,残留物 / 废弃物,NOUN,B2
残留的,residual,残留的,ADJ,B2
残疾的,disabled,残疾的,ADJ,B2
残缺的,lacunary,残缺的,ADJ,B2
残骸,wreck,残骸,NOUN,B2
殖民主义,colonialism,殖民主义,NOUN,B2
殖民化,colonization,殖民化,NOUN,B2
殖民地,colony,殖民地,NOUN,B2
毁坏,devastation,破坏,NOUN,B2
毁坏,to devastate,摧毁,VERB,B2
毁坏财物,destruction of property,毁坏财物,NOUN,B2
毁容,to disfigure,毁容,VERB,B2
毁灭,downfall,毁灭,NOUN,B2
毁灭,ruin,废墟,NOUN,B2
毁灭,to perish,死亡,VERB,B2
毁灭,to ruin,毁灭,VERB,B2
毁灭性的,devastating,毁灭性的,ADJ,B2
毅力,perseverance,毅力,NOUN,B2
毅力,strong will,毅力,NOUN,B2
母狗,bitch,母狗,NOUN,B2
母猪,sow,母猪,NOUN,B2
母马,mare,母马,NOUN,B2
母鸡,hen,母鸡,NOUN,B2
每,per,每,ADP,B2
每个,every,每个,PRON,B2
每周的,weekly,每周的,ADJ,B2
每月的,monthly,每月的,ADJ,B2
每隔一个,every other,每隔一个,DET,B2
毒品,drugs,毒品,NOUN,B2
毒气,poison gas,毒气,NOUN,B2
毒贩,drug dealer,毒贩,NOUN,B2
比,than,比,ADP,B2
比利时人,belgian,比利时人,NOUN,B2
比利时的,belgian,比利时的,ADJ,B2
比喻的,figurative,比喻的,ADJ,B2
比率,rate,比率,NOUN,B2
比率,ratio,比率,NOUN,B2
比赛,race,比赛,NOUN,B2
比较的,comparative,比较的,ADJ,B2
毕业,graduation,毕业,NOUN,B2
毕生事业,life's work,毕生事业,NOUN,B2
毛毛虫,caterpillar,毛毛虫,NOUN,B2
毛皮,fur,毛皮,NOUN,B2
毛衣,sweater,毛衣,NOUN,B2
毫不留情地,implacably,毫不留情地,ADV,B2
毫无,no,毫无,DET,B2
毫无,none,没有一个,DET,B2
毫无意义的,meaningless,毫无意义的,ADJ,B2
毫无良知,unscrupulousness,毫无良知,NOUN,B2
毯子,blanket,毯子,NOUN,B2
民主主义者,democrat,民主主义者,NOUN,B2
民主化,democratization,民主化,NOUN,B2
民主化,to democratize,民主化,VERB,B2
民主的,democratic,民主的,ADJ,B2
民俗,folklore,民俗,NOUN,B2
民族,ethnicity,种族,NOUN,B2
民族主义,nationalism,民族主义,NOUN,B2
民族主义者,nationalist,民族主义者,NOUN,B2
民族学,ethnology,民族学,NOUN,B2
民族志,ethnography,人种学,NOUN,B2
民族的,ethnic,种族的,ADJ,B2
民歌手,folk singer,民歌手,NOUN,B2
民粹主义,populism,民粹主义,NOUN,B2
民粹主义者,populist,民粹主义者,NOUN,B2
民选官员,elected officials,民选官员,NOUN,B2
气体,gas,气体,NOUN,B2
气候否认,climate denial,气候否认,NOUN,B2
气态的,gaseous,气态的,ADJ,B2
气泡,bubble,气泡,NOUN,B2
气球,balloon,气球,NOUN,B2
气象的,meteorological,气象的,ADJ,B2
氧化物,oxide,氧化物,NOUN,B2
氧气,oxygen,氧气,NOUN,B2
水力发电的,hydroelectric,水力发电的,ADJ,B2
水坑,puddle,水坑,NOUN,B2
水壶,kettle,水壶,NOUN,B2
水手,sailor,水手,NOUN,B2
水晶玻璃,crystal glass,水晶玻璃,NOUN,B2
水晶般的,crystalline,水晶般的,ADJ,B2
水杯,drinking glass,水杯,NOUN,B2
水桶,bucket,桶,NOUN,B2
水槽,sink,水槽,NOUN,B2
水龙头,tap,水龙头,NOUN,B2
永久的,permanent,永久的,ADJ,B2
永久的,perpetual,永久的,ADJ,B2
永恒的,eternal,永恒的,ADJ,B2
永远,ever,曾经,ADV,B2
汇总的,pooled,汇总的,ADJ,B2
汇款,money transfer,汇款,NOUN,B2
汇编,compilation,汇编,NOUN,B2
汇聚,convergence,汇聚,NOUN,B2
汉堡包,hamburger,汉堡包,NOUN,B2
江湖骗子,charlatan,江湖骗子,NOUN,B2
污名化,to stigmatize,污名化,VERB,B2
污垢,grime,污垢,NOUN,B2
污染,to contaminate,污染,VERB,B2
污染物,pollutant,污染物,NOUN,B2
污染的,contaminating,污染的,ADJ,B2
汽油,petrol,汽油,NOUN,B2
汽车,car,汽车,NOUN,B2
汽车旅馆,motel,汽车旅馆,NOUN,B2
沉思,contemplation,沉思,NOUN,B2
沉思,to brood,沉思,VERB,B2
沉思,to contemplate,沉思,VERB,B2
沉思,to meditate,沉思,VERB,B2
沉思的,contemplative,沉思的,ADJ,B2
沉思的,pensive,沉思的,ADJ,B2
沉积的,sedimentary,沉积的,ADJ,B2
沉重地,heavily,沉重地,ADV,B2
沉默,to be silent,沉默,VERB,B2
沉默,to fall silent,沉默,VERB,B2
沉默寡言的,reticent,沉默寡言的,ADJ,B2
沉默寡言的,taciturn,沉默寡言的,ADJ,B2
沙丘,dune,沙丘,NOUN,B2
沙拉,salad,沙拉,NOUN,B2
沙拉/生菜,salad lettuce,沙拉/生菜,NOUN,B2
沙文主义的,chauvinistic,沙文主义的,ADJ,B2
沙滩,sands,沙滩,NOUN,B2
沙龙,salon,沙龙,NOUN,B2
沟渠,ditch,沟渠,NOUN,B2
没有,no not any,没有,DET,B2
没有一个,none,没有一个,PRON,B2
没有东西,nothing,没有什么,PRON,B2
没有人,nobody,没有人,PRON,B2
沥青,asphalt,沥青,NOUN,B2
沮丧,dejection,沮丧,NOUN,B2
沮丧,frustration,挫折,NOUN,B2
沮丧的,depressed,沮丧的,ADJ,B2
沮丧的,dispirited,沮丧的,ADJ,B2
沮丧的,frustrated,沮丧的,ADJ,B2
河道,watercourse,河道,NOUN,B2
油,oil,油,NOUN,B2
油腻,greasy,油腻的,ADJ,B2
治理,governance,治理,NOUN,B2
治疗师,therapist,治疗师,NOUN,B2
治疗的,therapeutic,治疗的,ADJ,B2
沼泽,bog,沼泽,NOUN,B2
沿海的,coastal,沿海的,ADJ,B2
沿着,along,沿着,ADP,B2
泄漏,leak,泄漏,NOUN,B2
泄露,disclosure,泄露,NOUN,B2
泄露,to divulge,泄露,VERB,B2
泉,spring eye,泉,NOUN,B2
法典化,codification,法典化,NOUN,B2
法典化的,codified,法典化的,ADJ,B2
法医的,forensic,法医的,ADJ,B2
法团主义,corporatism,法团主义,NOUN,B2
法国人,frenchman,法国人,NOUN,B2
法学专家,jurisconsult,法学专家,NOUN,B2
法学家,jurist,法学家,NOUN,B2
法官,magistrate,法官,NOUN,B2
法律/团队,law team,法律/团队,NOUN,B2
法律职业,legal profession,律师业,NOUN,B2
法理学,jurisprudence,法理学,NOUN,B2
法老,pharaoh,法老,NOUN,B2
法西斯主义,fascism,法西斯主义,NOUN,B2
法警,bailiff,法警,NOUN,B2
法语,french,法国的,ADJ,B2
泡制,to infuse,泡制,VERB,B2
泡沫,foam,泡沫,NOUN,B2
泡沫,froth,泡沫,NOUN,B2
泡沫的,foamy,多泡沫的,ADJ,B2
波兰的,polish,波兰的,ADJ,B2
波动的,fluctuating,波动的,ADJ,B2
波浪,wave,波浪,NOUN,B2
泥,mud,泥,NOUN,B2
泥土,dirt,污垢,NOUN,B2
泥炭,peat,泥炭,NOUN,B2
泥状食物,mash,泥状食物,NOUN,B2
注册,registration,注册,NOUN,B2
注册,to enrol,注册,VERB,B2
注册的,registered,注册的,ADJ,B2
注射器,syringe,注射器,NOUN,B2
注意,to note,记录,VERB,B2
注意到,to notice,注意到,VERB,B2
注视,to behold,注视,VERB,B2
注释,to annotate,注释,VERB,B2
注释,to gloss,注释,VERB,B2
注释家,exegete,注释家,NOUN,B2
注销,to deregister,注销,VERB,B2
泵,pump,泵,NOUN,B2
洋葱,onion,洋葱,NOUN,B2
洗劫,to strip bare,洗劫,VERB,B2
洗发水,shampoo,洗发水,NOUN,B2
洗涤剂,detergent,洗涤剂,NOUN,B2
洗澡,to bathe,洗澡,VERB,B2
洗碗机,dishwasher,洗碗机,NOUN,B2
洗脑者,brainwasher,洗脑者,NOUN,B2
洗衣店,laundry,洗衣,NOUN,B2
洗衣房,laundry room,洗衣房,NOUN,B2
洗钱,money laundering,洗钱,NOUN,B2
洗钱,to launder,洗钱,VERB,B2
洞,hollow,洼地,NOUN,B2
洞察,insightfulness,洞察,NOUN,B2
洞察力,discernment,洞察力,NOUN,B2
洞穴,grotto,洞穴,NOUN,B2
津贴,stipend,津贴,NOUN,B2
洪水,deluge,洪水,NOUN,B2
活板门,trapdoor,活板门,NOUN,B2
活的,live,活的,ADJ,B2
活着的,alive living,活着的,ADJ,B2
派,pie,派,NOUN,B2
派生物,derivative,衍生物,NOUN,B2
派系主义,factionalism,派系主义,NOUN,B2
派遣,to dispatch,派遣,VERB,B2
流产,to abort,流产,VERB,B2
流利,fluency,流利,NOUN,B2
流动,flow,流动,NOUN,B2
流动,to flow,流动,VERB,B2
流动性,liquidity,流动性,NOUN,B2
流动性,mobility,流动性,NOUN,B2
流感,flu,流感,NOUN,B2
流放,exile,流亡,NOUN,B2
流放,to exile,流放,VERB,B2
流氓,rascal,无赖,NOUN,B2
流浪儿,street kid,流浪儿,NOUN,B2
流浪汉,bum,流浪汉,NOUN,B2
流血的,bleeding,流血的,ADJ,B2
流行,vogue,流行,NOUN,B2
流行音乐,pop music,流行音乐,NOUN,B2
流通,to circulate,循环,VERB,B2
流逝,to elapse,流逝,VERB,B2
流量,flow rate,流量,NOUN,B2
浅棕色的,light brown,浅棕色的,ADJ,B2
测量,to gauge,测量,VERB,B2
测量员,surveyor,测量员,NOUN,B2
浩劫,holocaust,浩劫,NOUN,B2
浪漫,romance,浪漫,NOUN,B2
浪费,squandering,挥霍,NOUN,B2
浪费的,wasteful,浪费的,ADJ,B2
浮标,float,浮标,NOUN,B2
浴缸,bathtub,浴缸,NOUN,B2
海上的,maritime,海事的,ADJ,B2
海关官员,customs officer,海关官员,NOUN,B2
海军,navy,海军,NOUN,B2
海军陆战队,marine corps,海军陆战队,NOUN,B2
海军陆战队员,marine,海军陆战队员,NOUN,B2
海报,poster,海报,NOUN,B2
海拔,altitude,海拔,NOUN,B2
海洋的,marine,海洋的,ADJ,B2
海湾,bay,海湾,NOUN,B2
海盗,buccaneer,海盗,NOUN,B2
海盗,pirate,海盗,NOUN,B2
海豚,dolphin,海豚,NOUN,B2
海豹,seal,海豹,NOUN,B2
海鸥,seagull,海鸥,NOUN,B2
浸,to dip,蘸,VERB,B2
浸泡,to soak,浸透,VERB,B2
涂油,to grease,涂油,VERB,B2
涂鸦,graffiti,涂鸦,NOUN,B2
消亡,cessation passing,消亡,NOUN,B2
消化,digestion,消化,NOUN,B2
消化不良,indigestion,消化不良,NOUN,B2
消化的,digestive,消化的,ADJ,B2
消失,disappearance,消失,NOUN,B2
消散,to dissipate,消散,VERB,B2
消极,negativity,消极,NOUN,B2
消毒剂,antiseptic,防腐剂,NOUN,B2
消灭,to wipe out,消灭,VERB,B2
消耗的,emaciating,消耗的,ADJ,B2
消费,consumption,消费,NOUN,B2
消防员,firefighter,消防员,NOUN,B2
消防队,fire brigade,消防队,NOUN,B2
消除,to dispel,消除,VERB,B2
涌入,influx,涌入,NOUN,B2
液体,fluid,液体,NOUN,B2
液压的,hydraulic,液压的,ADJ,B2
液态的,liquid,液态的,ADJ,B2
淋巴的,lymphatic,淋巴的,ADJ,B2
淋巴结,lymph node,淋巴结,NOUN,B2
淋浴,to shower,淋浴,VERB,B2
淡化,to play down,淡化,VERB,B2
淫秽的,obscene,淫秽的,ADJ,B2
深入探索,probing the depths,深入探索,NOUN,B2
深刻的,incisive,深刻的,ADJ,B2
深厚友谊,intimate friendship,深厚友谊,NOUN,B2
深奥,abstruse,深奥的,ADJ,B2
深思熟虑,well-considered,深思熟虑的,ADJ,B2
深恶痛绝之物,anathema,深恶痛绝之物,NOUN,B2
深深地,deeply,深深地,ADV,B2
深渊,abyss,深渊,NOUN,B2
混乱,disorder,混乱,NOUN,B2
混乱,tangle,混乱,NOUN,B2
混合物,mixture,混合物,NOUN,B2
混合的,mixed,混合的,ADJ,B2
混淆,to confuse,混淆,VERB,B2
混蛋,devil bastard,混蛋,NOUN,B2
混蛋,motherfucker,混蛋,NOUN,B2
混蛋,the devil bastard,混蛋,NOUN,B2
淹没,to submerge,淹没,VERB,B2
添燃料,to stoke,添燃料,VERB,B2
清新/鲜艳,freshness bloom,清新/鲜艳,NOUN,B2
清晰,clarity,清晰,NOUN,B2
清晰表达,articulation,清晰表达,NOUN,B2
清洁,cleaning,清洁,NOUN,B2
清澈的,crystal clear,清澈的,ADJ,B2
清点,inventorying,清点,NOUN,B2
清理,to clean up,清理,VERB,B2
清真寺,mosque,清真寺,NOUN,B2
清算,liquidation,清算,NOUN,B2
清蒸的,steamed,清蒸的,ADJ,B2
清醒,sober,清醒的,ADJ,B2
清醒,sobriety,清醒,NOUN,B2
清醒 / 明晰,lucidity,清醒 / 明晰,NOUN,B2
清除,to purge,清除,VERB,B2
清零,to zero out,清零,VERB,B2
渎职,malfeasance,渎职,NOUN,B2
渐变,gradation,渐变,NOUN,B2
渗出,exudation,渗出,NOUN,B2
渗透,to infiltrate,渗透,VERB,B2
渗透性,permeability,渗透性,NOUN,B2
渡轮,ferry,渡轮,NOUN,B2
渡鸦,raven,乌鸦,NOUN,B2
温和的,mild,温和的,ADJ,B2
温暖,warmth,温暖,NOUN,B2
温柔,gentleness,温柔,NOUN,B2
温柔,tenderness,柔情,NOUN,B2
温顺的,docile,温顺的,ADJ,B2
温顺的,meek,温顺的,ADJ,B2
港口,harbor,港口,NOUN,B2
渴望,yearning,向往,NOUN,B2
渴望,to desire,渴望,VERB,B2
渴望,to long for,渴望,VERB,B2
渴望,to yearn,渴望,VERB,B2
渴望的,keen eager,渴望的,ADJ,B2
渴求,craving,渴求,NOUN,B2
游客,tourist,游客,NOUN,B2
游戏/玩耍,play game,游戏/玩耍,NOUN,B2
游戏规则,game rule,游戏规则,NOUN,B2
游泳,swimming,游泳,NOUN,B2
游牧,nomadism,游牧生活,NOUN,B2
游牧者,nomad,游牧者,NOUN,B2
游行,to parade,游行,VERB,B2
湿,wet,湿的,ADJ,B2
湿疹,eczema,湿疹,NOUN,B2
溃疡,ulcer,溃疡,NOUN,B2
溃败,rout,溃败,NOUN,B2
溅,to splash,溅,VERB,B2
溜,to sneak,潜行,VERB,B2
溜走,to sneak away,溜走,VERB,B2
溢价,premium,溢价,NOUN,B2
溢出,overflow,溢出,NOUN,B2
溢出,to overflow,溢出,VERB,B2
溢出,to spill,溢出,VERB,B2
溶剂,solvent,溶剂,NOUN,B2
溶解,to dissolve,溶解,VERB,B2
溺水,to drown,溺死,VERB,B2
滋生,to infest,滋生,VERB,B2
滑倒,to slip,滑倒,VERB,B2
滑动,to slide,滑动,VERB,B2
滑动的,sliding,滑动的,ADJ,B2
滑梯,slide,滑动,NOUN,B2
滑的,slippery,滑的,ADJ,B2
滑稽,hilarious,滑稽的,ADJ,B2
滑行,to glide,滑行,VERB,B2
滑雪,to ski,滑雪,VERB,B2
滚动,to roll,滚动,VERB,B2
满意,satisfaction,满意,NOUN,B2
满意的,content,满意的,ADJ,B2
满月,full moon,满月,NOUN,B2
满的/醉的,full drunk,满的/醉的,ADJ,B2
满足,fulfillment,满足,NOUN,B2
满足的,fulfilled,满足的,ADJ,B2
滥交的,promiscuous,滥交的,ADJ,B2
滥用,abuse,滥用,NOUN,B2
滥用,to abuse,滥用,VERB,B2
滥用权力,abuse of power,滥用权力,NOUN,B2
滥用的,abusive,滥用的,ADJ,B2
滴,to drip,滴,VERB,B2
滴剂,drops,滴剂,NOUN,B2
滴水嘴兽,gargoyle,滴水嘴兽,NOUN,B2
滴答声,tick,滴答声,NOUN,B2
漂流,drift,漂移,NOUN,B2
漂浮的,floating,漂浮的,ADJ,B2
漂白剂,bleach,漂白剂,NOUN,B2
漆黑,deep darkness,漆黑,NOUN,B2
漆黑,pitch darkness,漆黑,NOUN,B2
漏斗,funnel,漏斗,NOUN,B2
漏洞,loophole,漏洞,NOUN,B2
漏洞,vulnerability,漏洞,NOUN,B2
演员,actor,男演员,NOUN,B2
演员阵容,cast,演员阵容,NOUN,B2
演示,presentation,展示,NOUN,B2
演示的,demonstrative,演示的,ADJ,B2
演讲,speech,演讲,NOUN,B2
演讲术,elocution,演讲术,NOUN,B2
漩涡,vortex,漩涡,NOUN,B2
漫步,to wander,漫步,VERB,B2
漫游,to roam,漫游,VERB,B2
潜在地,potentially,潜在地,ADV,B2
潜在的,latent,潜在的,ADJ,B2
潜在的,potential,潜在的,ADJ,B2
潜意识,subconscious,潜意识,NOUN,B2
潜水,dive,跳水,NOUN,B2
潜水,to dive,潜水,VERB,B2
潜水员,diver,潜水员,NOUN,B2
潜艇,submarine,潜水艇,NOUN,B2
潮汐,tide,潮汐,NOUN,B2
潮汐运动,tidal movement,潮汐运动,NOUN,B2
潮湿,damp,潮湿,ADJ,B2
潮湿的,humid,潮湿的,ADJ,B2
潮红,flushing,潮红,NOUN,B2
澳大利亚的,australian,澳大利亚的,ADJ,B2
激励,incentive,激励,NOUN,B2
激励,to galvanize,激励,VERB,B2
激励,to motivate,激励,VERB,B2
激增,surge,激增,NOUN,B2
激怒,to enrage,激怒,VERB,B2
激怒,to exasperate,激怒,VERB,B2
激怒,to irritate,激怒,VERB,B2
激昂的,heated,激昂的,ADJ,B2
激活,to activate,激活,VERB,B2
激流,torrent,激流,NOUN,B2
激烈的,vehement,激烈的,ADJ,B2
激起兴趣,to intrigue,激起兴趣,VERB,B2
灌木,bush,灌木,NOUN,B2
灌木丛,thicket,灌木丛,NOUN,B2
灌溉,to irrigate,灌溉,VERB,B2
灌输,indoctrination,灌输,NOUN,B2
灌输,to indoctrinate,灌输,VERB,B2
灌输,to instill,灌输,VERB,B2
火山口,crater,火山口,NOUN,B2
火成的,igneous,火成的,ADJ,B2
火炬,torch,手电筒,NOUN,B2
火焰,blaze,火焰,NOUN,B2
火焰,flame,火焰,NOUN,B2
火箭,rocket,火箭,NOUN,B2
火腿,ham,火腿,NOUN,B2
火花,spark,火花,NOUN,B2
火鸡,turkey,火鸡,NOUN,B2
灭绝的,extinct,灭绝的,ADJ,B2
灯笼,lantern,灯笼,NOUN,B2
灰白的,ashen,灰白的,ADJ,B2
灰色,gray,灰色的,ADJ,B2
灰色,grey,灰色的,ADJ,B2
灵巧,dexterity,灵巧,NOUN,B2
灵性,spirituality,灵性,NOUN,B2
灵知,gnosis,灵知,NOUN,B2
灵知主义,gnosticism,灵知主义,NOUN,B2
灼热的,scorching,灼热的,ADJ,B2
灾难,affliction,灾难,NOUN,B2
灾难,calamity,灾难,NOUN,B2
灾难性的,calamitous,灾难性的,ADJ,B2
灾难性的,catastrophic,灾难性的,ADJ,B2
灾难性的,disastrous,灾难性的,ADJ,B2
炉子,stove,炉灶,NOUN,B2
炎症,inflammation,炎症,NOUN,B2
炖菜,stew,炖菜,NOUN,B2
炮兵,artillery,炮兵,NOUN,B2
炸毁,to blow up,炸毁,VERB,B2
炸药,explosive,爆炸性的,ADJ,B2
炸药,dynamite,炸药,NOUN,B2
炸药,explosives,炸药,NOUN,B2
点,dot,点,NOUN,B2
点击,click,点击,VERB,B2
点缀,to garnish,装饰,VERB,B2
点赞,like,点赞,NOUN,B2
烈酒,liquor,烈酒,NOUN,B2
烟,smoke,烟,NOUN,B2
烟囱,chimney,烟囱,NOUN,B2
烟头,cigarette butt,烟头,NOUN,B2
烟灰,soot,烟灰,NOUN,B2
烟灰缸,ashtray,烟灰缸,NOUN,B2
烟花,fireworks,烟花,NOUN,B2
烟草,tobacco,烟草,NOUN,B2
烤成焦皮,to gratinate,烤成焦皮,VERB,B2
烤箱,oven,烤箱,NOUN,B2
烦扰,to annoy,使恼怒,VERB,B2
烧伤,burns,烧伤,NOUN,B2
烧灼,searing,烧灼,NOUN,B2
烧灼,to cauterize,烧灼,VERB,B2
烧烤,grilling,烧烤,NOUN,B2
烧焦,to scorch,烧焦,VERB,B2
烧焦的,burnt,烧焦的,ADJ,B2
烧瓶,flask,小瓶,NOUN,B2
热,heat,热,NOUN,B2
热切的,avid,热切的,ADJ,B2
热带的,tropical,热带的,ADJ,B2
热情,ardor,热情,NOUN,B2
热情,zeal,热情,NOUN,B2
热情地,warmly,热情地,ADV,B2
热情的,ardent,热情的,ADJ,B2
热情的,passionate,热情的,ADJ,B2
热水器,water heater,热水器,NOUN,B2
热浪,heatwave,热浪,NOUN,B2
热烈的,fiery,热烈的,ADJ,B2
热的,thermal,热的,ADJ,B2
热身,warm-up,热身,NOUN,B2
烹饪,cooking,烹饪,NOUN,B2
焊接,welding,焊接,NOUN,B2
焊接,to solder,焊接,VERB,B2
焦躁的,agitated,焦躁的,ADJ,B2
煎,to fry,油炸,VERB,B2
煎蛋卷,omelet,欧姆蛋,NOUN,B2
煎蛋卷,omelette,煎蛋卷,NOUN,B2
煎饼,pancake,煎饼,NOUN,B2
照亮,to light,照亮,VERB,B2
照明,illumination,照明,NOUN,B2
照明主义,illuminationism,照明主义,NOUN,B2
照片,photo,照片,NOUN,B2
照耀,shine,光泽,NOUN,B2
照耀,to shine,照耀,VERB,B2
煽动,incitement,煽动,NOUN,B2
煽动,to incite,煽动,VERB,B2
煽动叛乱,sedition,煽动叛乱,NOUN,B2
煽动性,demagoguery,煽动性,NOUN,B2
熄灭,extinguish,熄灭,VERB,B2
熄灭的/无精打采的,extinguished listless,熄灭的/无精打采的,ADJ,B2
熊,bear,熊,NOUN,B2
熏蒸,to fumigate,熏蒸,VERB,B2
熔岩,lava,熔岩,NOUN,B2
熟悉的,familiar,熟悉的,ADJ,B2
熟的,cooked,熟的,ADJ,B2
熟练的,proficient,熟练的,ADJ,B2
熟练的,skilful,熟练的,ADJ,B2
熟练的,skillful,熟练的,ADJ,B2
熵,entropy,熵,NOUN,B2
燃料,fuel,燃料,NOUN,B2
燃烧器,burner,燃烧器,NOUN,B2
燃烧的,burning,灼热的,ADJ,B2
燃烧的/敏锐的,ablaze keen,燃烧的/敏锐的,ADJ,B2
燧石,flint,燧石,NOUN,B2
爆发,outbreak,爆发,NOUN,B2
爆发,to break out,爆发,VERB,B2
爆炸,detonation,爆炸,NOUN,B2
爆炸,to explode,爆炸,VERB,B2
爆裂,to burst,爆发,VERB,B2
爬行,to crawl,爬行,VERB,B2
爱做梦的/空想家,dreamy dreamer,爱做梦的/空想家,ADJ,B2
爱好,pastime,爱好,NOUN,B2
爱好者,enthusiast,爱好者,NOUN,B2
爱尔兰人,irish person,爱尔兰人,NOUN,B2
爱尔兰的,irish,爱尔兰的,ADJ,B2
爱慕,to adore,爱慕,VERB,B2
爱打听的,nosy,爱打听的,ADJ,B2
爱抱怨的人,grumbler,爱抱怨的人,NOUN,B2
爱社交的,gregarious,爱社交的,ADJ,B2
父亲的,paternal,父亲的,ADJ,B2
爷爷,grandpa,爷爷,NOUN,B2
爸爸,dad,爸爸,NOUN,B2
爸爸,daddy,爸爸,NOUN,B2
片刻,for a moment,片刻,ADV,B2
版本,edition,版本,NOUN,B2
版本,version,版本,NOUN,B2
版权,copyright,版权,NOUN,B2
版画,engraving,版画,NOUN,B2
牙刷,toothbrush,牙刷,NOUN,B2
牙医,dentist,牙医,NOUN,B2
牙齿,dentition,牙齿,NOUN,B2
牙齿,teeth,牙齿,NOUN,B2
牙齿,tooth,牙齿,NOUN,B2
牛,cow,奶牛,NOUN,B2
牛排,steak,牛排,NOUN,B2
牡蛎,oyster,牡蛎,NOUN,B2
牧师,pastor,牧师,NOUN,B2
牧师,priest,牧师,NOUN,B2
牧羊人,shepherd,牧羊人,NOUN,B2
物物交换,barter,物物交换,NOUN,B2
物理治疗,physiotherapy,物理治疗,NOUN,B2
物理的,physical,身体的,ADJ,B2
牲畜,livestock,家畜,NOUN,B2
牵涉,to entail,牵涉,VERB,B2
牵连的,implicated,牵连的,ADJ,B2
特价,special offer,特价,NOUN,B2
特别地,particularly,特别地,ADV,B2
特工,special agent,特工,NOUN,B2
特有的,peculiar,奇怪的,ADJ,B2
特权,prerogative,特权,NOUN,B2
特权,privilege,特权,NOUN,B2
特此,hereby,特此,ADV,B2
特殊性,exceptionality,特殊性,NOUN,B2
特派记者,correspondents,特派记者,NOUN,B2
特许,to charter,租船,VERB,B2
特许经营,franchise,特许经营权,NOUN,B2
特质,idiosyncrasy,特质,NOUN,B2
牺牲,sacrificed,牺牲,ADJ,B2
牺牲,sacrifice,牺牲,NOUN,B2
犁沟,furrow,犁沟,NOUN,B2
犬儒主义,cynicism,犬儒主义,NOUN,B2
犬齿,fang,犬齿,NOUN,B2
犯大错,to blunder,犯大错,VERB,B2
犯罪,crime,犯罪,NOUN,B2
犯罪,criminality,犯罪,NOUN,B2
犯罪未遂,attempt at crime,犯罪未遂,NOUN,B2
犯罪现场,crime scene,犯罪现场,NOUN,B2
犯罪者,perpetrator,肇事者,NOUN,B2
犯罪记录,criminal record,犯罪记录,NOUN,B2
犯错,to make a mistake,弄错,VERB,B2
状语宾格,circumstantial accusative,状语宾格,NOUN,B2
犹太人,jew,犹太人,NOUN,B2
犹太人,jews,犹太人,NOUN,B2
犹太的,jewish,犹太的,ADJ,B2
犹豫,hesitation,犹豫,NOUN,B2
犹豫不决,to dither,犹豫不决,VERB,B2
犹豫不决的,undecided indecisive,犹豫不决的,ADJ,B2
犹豫的,hesitant,犹豫的,ADJ,B2
狂乱的,frantic,狂乱的,ADJ,B2
狂喜,ecstasy,狂喜,NOUN,B2
狂喜,rapture,狂喜,NOUN,B2
狂妄自大的,megalomanic,狂妄自大的,ADJ,B2
狂怒,fury,狂怒,NOUN,B2
狂怒,rage,愤怒,NOUN,B2
狂怒的,furious,愤怒的,ADJ,B2
狂欢,bacchanal,狂欢,NOUN,B2
狂欢,to party,狂欢,VERB,B2
狂欢节,carnival,狂欢节,NOUN,B2
狂欢节式的,carnivalesque,狂欢节式的,ADJ,B2
狂热,craze,狂热,NOUN,B2
狂热,fanaticism,狂热,NOUN,B2
狂热,frenzy,疯狂,NOUN,B2
狂躁症,mania,狂躁症,NOUN,B2
狂饮,to drink binge,狂饮,VERB,B2
狙击手,sniper,狙击手,NOUN,B2
狡猾,cunning,狡猾的,ADJ,B2
狡猾,slyness,狡猾,NOUN,B2
狡猾的,sly,狡猾的,ADJ,B2
狡诈,deceitful,欺诈的,ADJ,B2
狩猎,hunt,狩猎,NOUN,B2
独一无二者,unique,独一无二者,NOUN,B2
独奏者,soloist,独奏者,NOUN,B2
独栋房屋,detached house,独栋房屋,NOUN,B2
独白,soliloquy,独白,NOUN,B2
独立,independence,独立,NOUN,B2
独立地,independently,独立地,ADV,B2
独裁,dictatorship,独裁统治,NOUN,B2
独裁者,dictator,独裁者,NOUN,B2
狭窄,stenosis,狭窄,NOUN,B2
狭隘的,narrow-minded,狭隘的,ADJ,B2
狼人,werewolf,狼人,NOUN,B2
猎枪,shotgun,猎枪,NOUN,B2
猎物,prey,猎物,NOUN,B2
猛喝,to gulp,吞咽,VERB,B2
猛扑,to pounce,猛扑,VERB,B2
猛烈的抨击,philippic,猛烈的抨击,NOUN,B2
猛砍,to slash,猛砍,VERB,B2
猜测,to conjecture,猜测,VERB,B2
猪,swine,猪,NOUN,B2
猫,cats,猫,NOUN,B2
猫头鹰,owl,猫头鹰,NOUN,B2
猿/猴,monkey ape,猿/猴,NOUN,B2
率领 / 提出,to lead to put forward,率领 / 提出,VERB,B2
王室,royalty,王室,NOUN,B2
王牌,ace,王牌,NOUN,B2
王牌/尸体,ace carcass,王牌/尸体,NOUN,B2
玛瑙,agate,玛瑙,NOUN,B2
玩具,toys,玩具,NOUN,B2
玩家,player,运动员,NOUN,B2
环绕,to encircle,环绕,VERB,B2
现代化,modernization,现代化,NOUN,B2
现代性,modernity,现代性,NOUN,B2
现代的,modern,现代的,ADJ,B2
现在,present time,现在,NOUN,B2
现实的,realistic,现实的,ADJ,B2
现有的,existing,现有的,ADJ,B2
现行,flagrancy,现行,NOUN,B2
现象学,phenomenology,现象学,NOUN,B2
玷污,to taint,玷污,VERB,B2
珐琅,enamel,珐琅,NOUN,B2
珠宝,jewelry,珠宝,NOUN,B2
珠宝店,jewelry store,珠宝店,NOUN,B2
球体,sphere,领域,NOUN,B2
球拍,racket,球拍,NOUN,B2
理事会,council,委员会,NOUN,B2
理发师,barber,理发师,NOUN,B2
理发师,hairdresser,理发师,NOUN,B2
理性主义,rationalism,理性主义,NOUN,B2
理想主义者,idealist,理想主义者,NOUN,B2
理想化,to idealize,理想化,VERB,B2
理想地,ideally,理想地,ADV,B2
理智,sanity,理智,NOUN,B2
理解,understanding,理解,NOUN,B2
理论的,theoretical,理论的,ADJ,B2
琐碎化,trivialization,浅薄化,NOUN,B2
琐碎的,trivial,琐碎的,ADJ,B2
瑕疵,blemish,瑕疵,NOUN,B2
瑞典的,swedish,瑞典的,ADJ,B2
瑞典语,swedish,瑞典语,NOUN,B2
瑞士的,swiss,瑞士的,ADJ,B2
瓦砾,rubble,瓦砾,NOUN,B2
瓦解,to disintegrate,瓦解,VERB,B2
瓷砖,tile,瓦片,NOUN,B2
甜心,sweetie,亲爱的,NOUN,B2
甜点,dessert,甜点,NOUN,B2
生产,production,生产,NOUN,B2
生产力,productivity,生产力,NOUN,B2
生产至上主义的,productivist,生产至上主义的,ADJ,B2
生姜,ginger,姜,NOUN,B2
生态学,ecology,生态学,NOUN,B2
生态的,ecological,生态的,ADJ,B2
生成语法,generative grammar,生成语法,NOUN,B2
生殖器,genital,生殖器,NOUN,B2
生活方式,lifestyle,生活方式,NOUN,B2
生火,to light a fire,生火,VERB,B2
生物,creature,生物,NOUN,B2
生物学,biology,生物学,NOUN,B2
生物的,biological,生物的,ADJ,B2
生理学,physiology,生理学,NOUN,B2
生理的,physiological,生理的,ADJ,B2
生病的,sick,生病的,ADJ,B2
生的,raw,生的,ADJ,B2
生育力,fertility,肥沃,NOUN,B2
生计,subsistence,生计,NOUN,B2
生闷气,to sulk,生闷气,VERB,B2
用什么,with what,用什么,ADV,B2
用完,to use up,用完,VERB,B2
用户,user,用户,NOUN,B2
用益权,usufruct,用益权,NOUN,B2
用链条锁住；连贯,to chain to link together,用链条锁住；连贯,VERB,B2
田园诗,idyll,田园诗,NOUN,B2
甲壳类动物,crustacean,甲壳类动物,NOUN,B2
甲板/轮胎,deck tire,甲板/轮胎,NOUN,B2
甲虫,beetle,甲虫,NOUN,B2
申请,application,申请,NOUN,B2
申请人,applicant,申请人,NOUN,B2
电,electric,电动的,ADJ,B2
电,electricity,电,NOUN,B2
电力,electric power,电力,NOUN,B2
电动机,electric motor,电动机,NOUN,B2
电子,electron,电子,NOUN,B2
电子学,electronics,电子学,NOUN,B2
电子邮件,email,电子邮件,NOUN,B2
电子邮件地址,email address,电子邮件地址,NOUN,B2
电子阅读器,e-reader,电子阅读器,NOUN,B2
电工,electrician,电工,NOUN,B2
电影,film movie,电影,NOUN,B2
电影院,cinema,电影院,NOUN,B2
电报,telegram,电报,NOUN,B2
电流,current,电流,NOUN,B2
电线,wire,电线,NOUN,B2
电缆,cable,电缆,NOUN,B2
电网,power grid,电网,NOUN,B2
电脑,dator,电脑,NOUN,B2
电脑程序,computer program,电脑程序,NOUN,B2
电视,tv,电视,NOUN,B2
电视播出的,televised,电视播出的,ADJ,B2
电视电影,tv movie,电视电影,NOUN,B2
电视观众,tv viewer,电视观众,NOUN,B2
电话,phone call,通话,NOUN,B2
电话,telephone,电话,NOUN,B2
电话号码,phone number,电话号码,NOUN,B2
电话号码,telephone number,电话号码,NOUN,B2
电话学,telephony,电话学,NOUN,B2
电话总机,switchboard,总机,NOUN,B2
电路,circuit,电路,NOUN,B2
男同性恋者,gay man,男同性恋者,NOUN,B2
男性,male,男性,NOUN,B2
男性化,masculinization,男性化,NOUN,B2
男性的,male,男性的,ADJ,B2
男高音,tenor,男高音,NOUN,B2
画家,painter,画家,NOUN,B2
画廊,gallery,画廊,NOUN,B2
界限,limit border,界限,NOUN,B2
界面,interface,接口,NOUN,B2
留在这里,to stay here,留在这里,VERB,B2
畸形,deformity,畸形,NOUN,B2
畸形的,deformed,畸形的,ADJ,B2
疏忽,lapse,疏忽,NOUN,B2
疏忽,oversight,疏忽,NOUN,B2
疏忽的,negligent,疏忽的,ADJ,B2
疏散,evacuation,疏散,NOUN,B2
疗效,healing power,疗效,NOUN,B2
疗法,therapy,治疗,NOUN,B2
疫苗,vaccination,疫苗接种,NOUN,B2
疫苗的,vaccine-related,疫苗的,ADJ,B2
疯子,lunatic,疯子,NOUN,B2
疯子,madman,疯子,NOUN,B2
疯狂地,insanely,疯狂地,ADV,B2
疯狂的,insane,疯狂的,ADJ,B2
疯狂的,nuts,疯狂的,ADJ,B2
疲倦,tiredness,疲劳,NOUN,B2
疲倦,weariness,疲倦,NOUN,B2
疲倦的,weary,疲倦的,ADJ,B2
疲劳,to get tired,疲劳,VERB,B2
疼痛的,sore,疼痛的,ADJ,B2
疾病,disease,疾病,NOUN,B2
疾驰,gallop,疾驰,NOUN,B2
病人,the sick,病人,NOUN,B2
病变,lesion,病变,NOUN,B2
病毒性的,viral,病毒性的,ADJ,B2
病理学,pathology,病理学,NOUN,B2
症状,symptom,症状,NOUN,B2
症状学,symptomatology,症状学,NOUN,B2
痉挛,spasm convulsion,痉挛,NOUN,B2
痒,itch,痒,NOUN,B2
痒痒粉,itching powder,痒痒粉,NOUN,B2
痕迹/轨道,track trace,痕迹/轨道,NOUN,B2
痛恨,to execrate,痛恨,VERB,B2
痛苦,anguish,痛苦,NOUN,B2
痛苦,misery,痛苦,NOUN,B2
痛苦的,pained,痛苦的,ADJ,B2
痛苦的,painful,疼痛的,ADJ,B2
痰,phlegm,痰,NOUN,B2
痰液,sputum,痰液,NOUN,B2
痴呆,dementia,痴呆,NOUN,B2
痴呆，疯狂,dementia madness,痴呆，疯狂,NOUN,B2
痴迷的,entranced,痴迷的,ADJ,B2
瘀伤,bruises,瘀伤,NOUN,B2
瘙痒,itching,瘙痒,NOUN,B2
瘦骨嶙峋的,cadaverous,瘦骨嶙峋的,ADJ,B2
瘫痪的,paralysed,瘫痪的,ADJ,B2
瘫痪的,paralyzed,瘫痪的,ADJ,B2
瘾君子,addict,上瘾者,NOUN,B2
癌症,cancer,癌症,NOUN,B2
癫痫,seizure,没收,NOUN,B2
登岸,to disembark,下船,VERB,B2
登录,to log in,登录,VERB,B2
登记,enrollment,注册,NOUN,B2
白天,during the day,在白天,ADV,B2
白炽的,incandescent,白炽的,ADJ,B2
百万,million,百万,NOUN,B2
百分比,percent,百分比,NOUN,B2
百分率,percentage,百分比,NOUN,B2
百科全书,encyclopedia,百科全书,NOUN,B2
百科全书式的,encyclopedic,百科全书式的,ADJ,B2
的,of,的,ADP,B2
的,the,这,DET,B2
的/被,of by,的/被,ADP,B2
皇家的,royal,皇家的,ADJ,B2
皮层的,cortical,皮层的,ADJ,B2
皮疹,rash,轻率的,ADJ,B2
皮革制品,leather goods,皮革制品,NOUN,B2
皱纹,wrinkle,皱纹,NOUN,B2
皱纹,wrinkles,皱纹,NOUN,B2
盈利能力,profitability,盈利能力,NOUN,B2
监护,guardianship,监护,NOUN,B2
监护人,guardian,守卫,NOUN,B2
监护权,custody,监护,NOUN,B2
监控,monitoring,监控,NOUN,B2
监狱,jail,监狱,NOUN,B2
监狱,prison,监狱,NOUN,B2
监督,supervision,监督,NOUN,B2
监禁,imprisonment,监禁,NOUN,B2
监禁,to lock up,关押,VERB,B2
监管的,regulatory,监管的,ADJ,B2
监视,surveillance,监视,NOUN,B2
监视,to spy,监视,VERB,B2
盒子 / 罐,box can,盒子 / 罐,NOUN,B2
盔甲,armor,盔甲,NOUN,B2
盘旋,to hover,盘旋,VERB,B2
盘查,to hail inspect,盘查,VERB,B2
盛宴,feast,盛宴,NOUN,B2
盛宴,treat,盛宴,NOUN,B2
盛行,to prevail,盛行,VERB,B2
盟友,allies,盟友,NOUN,B2
盟友,ally,盟友,NOUN,B2
目击,to witness,目击,VERB,B2
目前,currently,目前,ADV,B2
目录,catalogue,目录,NOUN,B2
目标,aims,目标,NOUN,B2
目标,goal,目标,NOUN,B2
目的/目的地,aim destination,目的/目的地,NOUN,B2
目的论,teleology,目的论,NOUN,B2
目瞪口呆,to gape,目瞪口呆,VERB,B2
盲人,blind,百叶窗,NOUN,B2
盲人,blind person,盲人,NOUN,B2
直到,until,直到,SCONJ,B2
直升机,helicopter,直升机,NOUN,B2
直径,diameter,直径,NOUN,B2
直接地,directly,直接地,ADV,B2
直接地,straight,径直地,ADV,B2
直的,straight,直的,NOUN,B2
直立地,upright,直立地,ADV,B2
直立的,upright,正直的,ADJ,B2
相互理解,mutual understanding,相互理解,NOUN,B2
相互的,reciprocal,互惠的,ADJ,B2
相似的,akin,相似的,ADJ,B2
相似的,similar,相似的,ADJ,B2
相关性,correlation,相关性,NOUN,B2
相关的,associated,相关的,ADJ,B2
相关的,related,相关的,ADJ,B2
相关的,relevant,相关的,ADJ,B2
相反,on the contrary,相反,ADV,B2
相反地,conversely,相反地,ADV,B2
相同的,the same,相同的,ADJ,B2
相对主义,relativism,相对主义,NOUN,B2
相对的,relative,相对的,ADJ,B2
相异性,otherness,相异性,NOUN,B2
相当地,considerably,相当地,ADV,B2
相思病,lovesickness,相思病,NOUN,B2
相等的,equivalent,相等的,ADJ,B2
相邻,adjacent,邻近的,ADJ,B2
盾,guilder,盾,NOUN,B2
盾牌,shield,盾牌,NOUN,B2
省,province,省,NOUN,B2
省份,provinces,省份,NOUN,B2
省略,ellipsis,省略,NOUN,B2
省略,to elide,省略,VERB,B2
省略,to omit,省略,VERB,B2
眉毛,brow,眉毛,NOUN,B2
看,look,看,NOUN,B2
看不见的,invisible,看不见的,ADJ,B2
看守人,warden,看守人,NOUN,B2
看电视,to watch tv,看电视,VERB,B2
看见,to spot,看见,VERB,B2
真人大小的,life-size,真人大小的,ADJ,B2
真实性,authenticity,真实性,NOUN,B2
真实的,real,真实的,ADJ,B2
真的吗,oh really,真的吗,INTJ,B2
真空的,vacuum,真空的,ADJ,B2
真诚地,sincerely,真诚地,ADV,B2
眨眼,to blink,眨眼,VERB,B2
眨眼,to wink,眨眼,VERB,B2
眩目,to dazzle,使眼花,VERB,B2
眼影粉,kohl,眼影粉,NOUN,B2
眼泪,tear,眼泪,NOUN,B2
眼镜,glasses,眼镜,NOUN,B2
着色,to color,着色,VERB,B2
着迷的,fascinated,着迷的,ADJ,B2
着迷的,obsessed,着迷的,ADJ,B2
着陆,landing,着陆,NOUN,B2
睡衣,pajamas,睡衣,NOUN,B2
睡过头,to oversleep,睡过头,VERB,B2
睾丸,testicle,睾丸,NOUN,B2
睿智的,sagacious,睿智的,ADJ,B2
瞄准,targeting,定位,NOUN,B2
瞥,to glance,瞥,VERB,B2
瞥见,to glimpse,瞥见,VERB,B2
瞬间地,instantaneously,瞬间地,ADV,B2
瞬间的,instantaneous,瞬间的,ADJ,B2
矛,spear,长矛,NOUN,B2
矛盾修辞法,oxymoron,矛盾修辞法,NOUN,B2
矛盾的,ambivalent,矛盾的,ADJ,B2
矛盾的,contradictory,矛盾的,ADJ,B2
矛盾的,paradoxical,矛盾的,ADJ,B2
知情度,informedness,知情度,NOUN,B2
知识交流,knowledge exchange,知识交流,NOUN,B2
知识传授,knowledge transfer,知识传授,NOUN,B2
知识的,intellectual,知识的,ADJ,B2
矩阵,matrix,矩阵,NOUN,B2
短暂的,ephemeral,短暂的,ADJ,B2
短暂的,fleeting,短暂的,ADJ,B2
短片,short film,短片,NOUN,B2
短语,phrase,短语,NOUN,B2
矮人,dwarf,侏儒,NOUN,B2
石刑,stoning,石刑,NOUN,B2
石化,to fossilize,石化,VERB,B2
石楠荒原,heath,石楠荒原,NOUN,B2
石膏,plaster,石膏,NOUN,B2
矿,mine,矿井,NOUN,B2
码头,pier,码头,NOUN,B2
码头,quay,码头,NOUN,B2
砌体,masonry,砌体,NOUN,B2
砍倒,to fell,砍倒,VERB,B2
研磨,to grind,磨碎,VERB,B2
研磨机,grinder,研磨机,NOUN,B2
研究,research,研究,NOUN,B2
研究,studies,学业,NOUN,B2
研究所,institute,研究所,NOUN,B2
砖,brick,砖,NOUN,B2
砖块,bricks,砖块,NOUN,B2
砰,bang,砰,INTJ,B2
破产的,broke,破产的,ADJ,B2
破坏,to ravage,破坏,VERB,B2
破坏,to sabotage,破坏,VERB,B2
破坏,to spoil,损坏,VERB,B2
破坏,to undermine,破坏,VERB,B2
破坏稳定,destabilization,动摇,NOUN,B2
破布,rag,破布,NOUN,B2
破布,rags,破布,NOUN,B2
破晓,dawning,破晓,NOUN,B2
破烂的,ragged,破烂的,ADJ,B2
破烂货,junk,破烂货,NOUN,B2
破碎的,broken,破碎的,ADV,B2
破裂,crack,裂缝,NOUN,B2
破裂,to crack,破裂,VERB,B2
破译,to decipher,破译,VERB,B2
砾石,gravel,砾石,NOUN,B2
硫,sulfur,硫,NOUN,B2
硬件的,hardware,硬件的,ADJ,B2
硬度,hardness,硬度,NOUN,B2
硬汉,tough guy,硬汉,NOUN,B2
硬纸板,cardboard,硬纸板,NOUN,B2
确保,to make sure,确保,VERB,B2
确信的,convinced,确信的,ADJ,B2
确切地; 正好,precisely,确切地; 正好,ADV,B2
确定,determine,确定,VER! B,B2
确定地,definitely,肯定地,ADV,B2
确定的,determined definite,确定的,ADJ,B2
确定的,sure,确定的,ADJ,B2
确定的,sure safe,确定的,ADJ,B2
确证的,apodictic,确证的,ADJ,B2
碎片,fragment,碎片,NOUN,B2
碎片化,fragmentation,碎片化,NOUN,B2
碎裂,to crumble,粉碎,VERB,B2
碰撞,crash,碰撞,NOUN,B2
碰撞,to bump,碰撞,VERB,B2
碰撞,to crash,碰撞,VERB,B2
碰撞/震惊,bump shock,碰撞/震惊,NOUN,B2
碳,carbon,碳,NOUN,B2
碳氢化合物,hydrocarbon,碳氢化合物,NOUN,B2
碳水化合物,carbohydrate,碳水化合物,NOUN,B2
碾过,to run over,碾过,VERB,B2
磁盘,disk,唱片,NOUN,B2
磁铁,magnet,磁铁,NOUN,B2
磋商,consultations,磋商,NOUN,B2
磨坊,mill,磨坊,NOUN,B2
磨快,to sharpen,磨快,VERB,B2
磨损,wear,磨损,NOUN,B2
磨损,to wear out,磨损,VERB,B2
磨损的,worn,磨损的,ADJ,B2
磨碎的,ground,磨碎的,ADJ,B2
示威,demonstration,演示,NOUN,B2
礼仪,decorum,礼仪,NOUN,B2
礼貌,civility,礼貌,NOUN,B2
礼貌地,politely,礼貌地,ADV,B2
社会,social,社会的,ADJ,B2
社会主义的,socialist,社会主义的,ADJ,B2
社会主义者,socialist,社会主义者,NOUN,B2
社会化,socialization,社会化,NOUN,B2
社会声望,social prestige,社会声望,NOUN,B2
社会学,sociology,社会学,NOUN,B2
社会问题,social problem,社会问题,NOUN,B2
社群主义,communitarianism,社群主义,NOUN,B2
社群化,communautarization,社群化,NOUN,B2
祈祷,invocations,祈祷,NOUN,B2
祈祷,prayer,祈祷,NOUN,B2
祈祷,to pray,祈祷,VERB,B2
祈祷室,prayer room,祈祷室,NOUN,B2
祈福,seeking blessing,祈福,NOUN,B2
祖先,ancestry,血统,NOUN,B2
祖母,grandmother,祖母,NOUN,B2
祖母,paternal grandmother,祖母,NOUN,B2
祖母绿,emerald,祖母绿,NOUN,B2
祖父母,grandparents,祖父母,NOUN,B2
祖父母身份,grandparenthood,祖父母身份,NOUN,B2
祝圣,to consecrate,奉献,VERB,B2
祝贺,congratulations,祝贺,NOUN,B2
神化,to deify,神化,VERB,B2
神化的,apotheotic,神化的,ADJ,B2
神圣,holiness,神圣,NOUN,B2
神圣的,divine,神圣的,ADJ,B2
神圣的,holy,神圣的,ADJ,B2
神圣的,sacred,神圣的,ADJ,B2
神学,theology,神学,NOUN,B2
神学家,theologian,神学家,NOUN,B2
神学的,theological,神学的,ADJ,B2
神志正常的,sane,神志正常的,ADJ,B2
神性,divinity,神性,NOUN,B2
神权政治,theocracy,神权政治,NOUN,B2
神殿,shrine,مشعر,NOUN,B2
神秘主义,mysticism,神秘主义,NOUN,B2
神秘化,to mystify,神秘化,VERB,B2
神秘的,arcane,神秘的,ADJ,B2
神秘的,enigmatic,神秘的,ADJ,B2
神秘的,occult,神秘的,ADJ,B2
神童,prodigy,神童,NOUN,B2
神经症,neurosis,神经症,NOUN,B2
神话,mythology,神话学,NOUN,B2
神话化,mythologization,神话化,NOUN,B2
神话性,mythicality,神话性,NOUN,B2
神话般的,mythical,神话般的,ADJ,B2
神谕,oracle,神谕,NOUN,B2
祸害,scourge,灾祸,NOUN,B2
禁令,injunction,禁令,NOUN,B2
禁止,to forbid,禁止,VERB,B2
禁止的,forbidden,被禁止的,ADJ,B2
禁止的,prohibited,禁止的,ADJ,B2
禁运,embargo,禁运,NOUN,B2
禁食,fasting,禁食,NOUN,B2
禁食,to fast,禁食,VERB,B2
离婚,divorce,离婚,NOUN,B2
离子,ion,离子,NOUN,B2
离开,away,离开,ADV,B2
离开,exit,离开,VERB,B2
离开/刺,to leave stick,离开/刺,VERB,B2
离异的,divorced,离异的,ADJ,B2
离心机,centrifuge,离心机,NOUN,B2
离题,to digress,离题,VERB,B2
私事,personal,私事,NOUN,B2
私有化,to privatize,私有化,VERB,B2
私生子,bastard,混蛋,NOUN,B2
私生活,private life,私生活,NOUN,B2
秋千,swing,秋千,NOUN,B2
种子,seed,种子,NOUN,B2
种子,seeds,种子,NOUN,B2
种族主义,racism,种族主义,NOUN,B2
种族主义的,racist,种族主义的,ADJ,B2
种族主义者,racist,种族主义者,NOUN,B2
种植,planting,种植,NOUN,B2
种类,kind sort,种类,NOUN,B2
种类,sort,种类,NOUN,B2
种类/物种,kind species,种类/物种,NOUN,B2
科学地,scientifically,科学地,ADV,B2
科学家,scientists,科学家,NOUN,B2
科学的,scientific,科学的,ADJ,B2
秒,second,第二,ADJ,B2
秘书处,secretariat,秘书处,NOUN,B2
秘密的,clandestine,秘密的,ADJ,B2
秘密的,secret,秘密的,ADJ,B2
秘密的,surreptitious,秘密的,ADJ,B2
秘密行动,stealth,秘密行动,NOUN,B2
积极主动的,proactive,积极主动的,ADJ,B2
积极性,positivity,积极性,NOUN,B2
积累,accumulation,积累,NOUN,B2
积聚,to amass,积聚,VERB,B2
称赞,to acclaim,称赞,VERB,B2
移交,to consign,移交,VERB,B2
移居国外,to emigrate,移居国外,VERB,B2
移居国外者,expatriate,移居国外者,NOUN,B2
移开,to move away,移开,VERB,B2
移开,to set aside,移开,VERB,B2
移民,emigration,移民,NOUN,B2
移民,immigrant,移民,NOUN,B2
移民,immigration,移民,NOUN,B2
移除,to remove,移除,VERB,B2
稀缺的,scarce,稀少的,ADJ,B2
稀释,to dilute,稀释,VERB,B2
程序的,procedural,程序的,ADJ,B2
稍微超过,just over,稍微超过,ADV,B2
税务机关,tax authorities,税务机关,NOUN,B2
税收,taxation,征税,NOUN,B2
稳定,to stabilize,使稳定,VERB,B2
稳定化,stabilization,稳定化,NOUN,B2
稳定地,stably,稳定地,ADV,B2
稻草,straw,稻草,NOUN,B2
穹顶,dome,圆顶,NOUN,B2
空,empty,空的,ADJ,B2
空中,aerial,航空的,ADJ,B2
空军,air force,空军,NOUN,B2
空地,clearing,空地,NOUN,B2
空缺,vacancy,空缺,NOUN,B2
空缺的,vacant,空缺的,ADJ,B2
空虚,emptiness,空虚,NOUN,B2
空调,conditioning adaptation air conditioning,空调,NOUN,B2
空闲的/休假,free off,空闲的/休假,ADJ,B2
空间的,spatial,空间的,ADJ,B2
穿上,to put on,穿上,VERB,B2
穿梭巴士,shuttle,穿梭巴士,NOUN,B2
穿着的,dressed,穿着的,ADJ,B2
穿衣,dress,连衣裙,NOUN,B2
穿衣,to dress,给...穿衣,VERB,B2
穿过,across,穿过,ADP,B2
穿透,to penetrate,穿透,VERB,B2
突出,to highlight,强调,VERB,B2
突出的,prominent,突出的,ADJ,B2
突然,abrupt,突然的,ADJ,B2
窃贼,burglar,窃贼,NOUN,B2
窒息,asphyxia,窒息,NOUN,B2
窒息,to suffocate,窒息,VERB,B2
窥探,to snoop,窥探,VERB,B2
立为王,to enthrone,立为王,VERB,B2
立体主义,cubism,立体主义,NOUN,B2
立刻,at once,立刻,ADV,B2
立即的,immediate,立即的,ADJ,B2
立法的,legislative,立法的,ADJ,B2
竖琴,harp,竖琴,NOUN,B2
竖立,erect,竖立,VERB,B2
站立,to stand,站立,VERB,B2
竞争的,competitive,竞争的,ADJ,B2
章,chapter,章节,NOUN,B2
童年创伤,youth trauma,童年创伤,NOUN,B2
笃信宗教,religiosity,笃信宗教,NOUN,B2
笑声,laughter,笑声,NOUN,B2
笔记本电脑,laptop,笔记本电脑,NOUN,B2
笔迹学,graphology,笔迹学,NOUN,B2
符号,symbol,象征,NOUN,B2
符号学,semiology,符号学，症状学,NOUN,B2
符号学,semiotics,符号学,NOUN,B2
符合,to conform,符合,VERB,B2
笨拙,clumsiness,笨拙,NOUN,B2
笨拙的,ungainly,笨拙的,ADJ,B2
笨重的,cumbersome,笨重的,ADJ,B2
第一名,number one,第一名,NOUN,B2
第七,seventh,第七,ADJ,B2
第三,third,第三,ADJ,B2
第三的,tertiary,第三的,ADJ,B2
第九,ninth,第九,ADJ,B2
第五,fifth,خامس,ADJ,B2
第八,eighth,第八,ADJ,B2
第六,sixth,第六,ADJ,B2
第十,tenth,第十,ADJ,B2
第四,fourth,第四,ADJ,B2
笼子,cage,笼子,NOUN,B2
等同,to equate,等同,VERB,B2
等待,to bide,等待,VERB,B2
等待观望,to wait and see,等待观望,VERB,B2
等等,and so forth,依此类推,ADV,B2
等级,rank,等级,NOUN,B2
等级制度,hierarchy,等级制度,NOUN,B2
答录机,answering machine,邮箱,NOUN,B2
策略,maneuver,策略,NOUN,B2
策略,stratagem,策略,NOUN,B2
筛,to sift,筛选,VERB,B2
筛子,sieve,筛子,NOUN,B2
签,lot,许多,NOUN,B2
签名,signature,签名,NOUN,B2
签约,conclude an agreement,签约,VERB,B2
简介,profile,简介,NOUN,B2
简化,simplification,简化,NOUN,B2
简化,to simplify,简化,VERB,B2
简单化,simplism,简单化,NOUN,B2
简报,newsletter,简报,NOUN,B2
简明的,succinct,简明的,ADJ,B2
简朴,austere,严厉的,ADJ,B2
简洁,conciseness,简洁,NOUN,B2
简洁,concision,简洁,NOUN,B2
简洁的,laconic,简洁的,ADJ,B2
简短的,brief,简短的,ADJ,B2
简练的,terse,简练的,ADJ,B2
算了,oh well,算了,INTJ,B2
管子,pipe,管子,NOUN,B2
管弦乐队,orchestra,管弦乐队,NOUN,B2
管理,administration,管理,NOUN,B2
管理,to administer,管理,VERB,B2
管理员,administrator,管理员,NOUN,B2
管辖权,jurisdiction,管辖权,NOUN,B2
篝火,bonfire,篝火,NOUN,B2
篡夺,to usurp,篡夺,VERB,B2
篮子,basket,篮子,NOUN,B2
簸,to winnow,筛选,VERB,B2
米,meter,米,NOUN,B2
类似的,analogous,类似的,ADJ,B2
类型学,typology,类型学,NOUN,B2
类比,analogy,类比,NOUN,B2
粉末,powder,粉末,NOUN,B2
粉笔,chalk,粉笔,NOUN,B2
粉红色的,pink,粉色的,ADJ,B2
粗俗,vulgarity,粗俗,NOUN,B2
粗俗的,uncouth,粗俗的,ADJ,B2
粗加工,to rough-hew,粗加工,VERB,B2
粗糙,roughness,粗糙,NOUN,B2
粗面粉,semolina,粗面粉,NOUN,B2
粗鲁的,rude,粗鲁的,ADJ,B2
粘液,mucus,黏液,NOUN,B2
粘稠,viscous,黏稠的,ADJ,B2
精修,to perfect,精修,VERB,B2
精力充沛的,energetic,精力充沛的,ADJ,B2
精子,sperm,精子,NOUN,B2
精明,astute,精明的,ADJ,B2
精明的,shrewd,精明的,ADJ,B2
精灵,jinn,精灵,NOUN,B2
精炼,polish,精炼,NOUN,B2
精炼,refinement,修养,NOUN,B2
精炼的,refined,精炼的,ADJ,B2
精确,exactness,精确,NOUN,B2
精确,precision,精确,NOUN,B2
精神上地,mentally,精神上地,ADV,B2
精神分析,psychoanalysis,精神分析,NOUN,B2
精神分裂症,schizophrenia,精神分裂症,NOUN,B2
精神变态者,psychopath,精神变态者,NOUN,B2
精神奋斗,spiritual striving,精神奋斗,NOUN,B2
精神导师,guru,精神导师,NOUN,B2
精神状态,state of mind,精神状态,NOUN,B2
精神病,psychosis,精神病,NOUN,B2
精神病的,psychiatric,精神病的,ADJ,B2
精神病院,mental hospital,精神病院,NOUN,B2
精神的,mental,精神的,ADJ,B2
精神的,spiritual,精神的,ADJ,B2
精神科医生,psychiatrist,精神科医生,NOUN,B2
精英,elite,精英,NOUN,B2
精英主义,elitism,精英主义,NOUN,B2
精英政治,meritocracy,精英管理,NOUN,B2
精选的,chosen,精选的,ADJ,B2
精通,versed,精通的,ADJ,B2
糖尿病,diabetes,糖尿病,NOUN,B2
糖果,candy,糖果,NOUN,B2
糖果,sweet,糖果,NOUN,B2
糖果,sweets,甜食,NOUN,B2
糖浆,syrup,糖浆,NOUN,B2
糟糕的,awful,糟糕的,ADJ,B2
系列,series,系列,NOUN,B2
系紧,to fasten,系紧,VERB,B2
系统的,systemic,全身性的,ADJ,B2
素食者,vegetarian,素食者,NOUN,B2
索引的,indexed,索引的,ADJ,B2
紧凑的,compact,紧凑的,ADJ,B2
紧张,nervousness,紧张,NOUN,B2
紧张,tension,紧张,NOUN,B2
紧张的,tense,紧张的,ADJ,B2
紧急呼叫,emergency call,紧急呼叫,NOUN,B2
紧缩,austerity,紧缩,NOUN,B2
紧缺商品,scarce commodity,紧缺商品,NOUN,B2
紧迫,urgency,紧急,NOUN,B2
紧迫的,pressing,紧迫的,ADJ,B2
累人的,tiresome,累人的,ADJ,B2
累积,to accrue,积累,VERB,B2
繁殖,to reproduce,繁殖,VERB,B2
繁茂的,exuberant,繁茂的,ADJ,B2
繁荣,prosperity,繁荣,NOUN,B2
繁荣,to flourish,繁荣,VERB,B2
繁荣,to prosper,繁荣,VERB,B2
繁荣的,flourishing,繁荣的,ADJ,B2
繁重的,burdensome,繁重的,ADJ,B2
纠正错误想法,to disabuse,纠正错误想法,VERB,B2
纤维,fiber,纤维,NOUN,B2
纤维化,fibrosis,纤维化,NOUN,B2
纤维素,cellulose,纤维素,NOUN,B2
约会,dating,年代测定,NOUN,B2
约会,dejt,约会,NOUN,B2
约会,to date,注明日期,VERB,B2
约束,constraint,约束,NOUN,B2
约束,to constrain,限制,VERB,B2
纪录片,documentary,纪录片,NOUN,B2
纪录的,documentary,纪录片的,ADJ,B2
纪律的,disciplinary,纪律的,ADJ,B2
纪念,commemoration,纪念,NOUN,B2
纪念,remembrance,纪念,NOUN,B2
纪念品,souvenir,纪念品,NOUN,B2
纪念碑,monument,纪念碑,NOUN,B2
纯,pure,纯净的,ADJ,B2
纯净,purity,纯洁,NOUN,B2
纯净的,clean pure,纯净的,ADJ,B2
纯粹地,purely,纯粹地,ADV,B2
纱线,yarn,纱线,NOUN,B2
纳入,incorporation,纳入,NOUN,B2
纳税人,taxpayer,纳税人,NOUN,B2
纳粹,nazi,纳粹分子,NOUN,B2
纵容,to pamper,纵容,VERB,B2
纵火,arson,纵火,NOUN,B2
纹章,coat of arms,纹章,NOUN,B2
纹身,tattoo,纹身,NOUN,B2
纺纱,spinning,纺纱,NOUN,B2
纺纱厂,spinning mill,纺纱厂,NOUN,B2
纽带,link connector,纽带,NOUN,B2
纽扣,button,按钮,NOUN,B2
线,line,线,NOUN,B2
线,thread,线,NOUN,B2
线性的,linear,线性的,ADJ,B2
组合,combination,结合,NOUN,B2
组成,composition,组成,NOUN,B2
组成,to consist,组成,VERB,B2
组成的,compositional,组成的,ADJ,B2
组织的,tissue,组织的,ADJ,B2
细分,subdivision,细分,NOUN,B2
细微差别,nuance,细微差别,NOUN,B2
细微差别的,nuanced,细微差别的,ADJ,B2
细木工匠,cabinetmaker,细木工匠,NOUN,B2
细胞,cell,细胞,NOUN,B2
细胞的,cellular,细胞的,ADJ,B2
细致地,painstakingly,细致地,ADV,B2
细菌,germ,病菌,NOUN,B2
终末的,terminal,终末的,ADJ,B2
终止,termination,解除,NOUN,B2
终端,terminal,终点站,NOUN,B2
绊倒,to stumble,绊倒,VERB,B2
经公证的,notarized,经公证的,ADJ,B2
经典的,classic,经典的,ADJ,B2
经历,to go through,经历,VERB,B2
经历,to undergo,经历,VERB,B2
经常,frequently,经常,ADV,B2
经济的,economic,经济的,ADJ,B2
经过,past,经过,ADV,B2
经销商,dealer,经销商,NOUN,B2
经验,experiences,经验,NOUN,B2
经验主义,empiricism,经验主义,NOUN,B2
经验交流,experience exchange,经验交流,NOUN,B2
经验的,empirical,经验的,ADJ,B2
绑架,kidnapping,绑架,NOUN,B2
绑架,to kidnap,绑架,VERB,B2
绑架,to kidnapped,绑架,VERB,B2
绑架者,kidnapper,绑架者,NOUN,B2
结,knot,结,NOUN,B2
结婚纪念日,wedding anniversary,结婚纪念日,NOUN,B2
结局，解决,outcome ending,结局，解决,NOUN,B2
结巴,to stammer,结巴,VERB,B2
结构主义的,structuralist,结构主义的,ADJ,B2
结构性,structuredness,结构性,NOUN,B2
结果,to turn out,结果是,VERB,B2
结盟,to ally,结盟,VERB,B2
结识,to get acquainted,相互认识,VERB,B2
结语,peroration,结语,NOUN,B2
结账,checkout,收银台,NOUN,B2
结账,to settle up,结账,VERB,B2
绕道,detour,绕道,NOUN,B2
绘图员,draftsman,绘图员,NOUN,B2
绘画,paint,油漆,NOUN,B2
绘画,to paint,粉刷,VERB,B2
绘画的,pictorial,绘画的,ADJ,B2
给...留下印象,to impress,使印象深刻,VERB,B2
给...起绰号,to nickname,给...起绰号,VERB,B2
给定的,given,给定的,ADJ,B2
绝对的,categorical,绝对的,ADJ,B2
绝望的,desperate,绝望的,ADJ,B2
绝望的,hopeless,绝望的,ADJ,B2
绞刑,hanging,绞刑,NOUN,B2
绞刑架幽默,gallows humor,绞刑架幽默,NOUN,B2
统治,reign,统治,NOUN,B2
统计学,statistics,统计学,NOUN,B2
统计数据,statistic,统计数据,NOUN,B2
统计的,statistical,统计的,ADJ,B2
继承,succession,连续,NOUN,B2
继承人,heir,继承人,NOUN,B2
继承法,inheritance law,继承法,NOUN,B2
继续,to proceed,继续进行,VERB,B2
维护,maintenance,维护,NOUN,B2
维权,upholding of rights,维权,NOUN,B2
绷紧的,taut,绷紧的,ADJ,B2
综合征,syndrome,综合征,NOUN,B2
缄默的,reserved,保留的,ADJ,B2
缆车,cable car,缆车,NOUN,B2
缓刑,probation,缓刑,NOUN,B2
缓和,detente,缓和,NOUN,B2
缓和,to defuse,缓和,VERB,B2
缓和的,palliative,缓和的,ADJ,B2
缓解,to alleviate,缓解,VERB,B2
编剧,screenwriter,编剧,NOUN,B2
编号,numbering,编号,NOUN,B2
编年史,annals,编年史,NOUN,B2
编年史,chronicle,编年史,NOUN,B2
编码,encoding,编码,NOUN,B2
编程,programming,编程,NOUN,B2
编程,to program,编程,VERB,B2
编织,to knit,编织,VERB,B2
编织,to weave,编织,VERB,B2
编舞者,choreographer,编舞者,NOUN,B2
编译,to compile,编译,VERB,B2
编辑,editor,编辑,NOUN,B2
编造,to concoct,编造,VERB,B2
缝,to sew,缝纫,VERB,B2
缝,to stitch,缝,VERB,B2
缝合,stitching,缝合,NOUN,B2
缠住,to entangle,使纠缠,VERB,B2
缺席,absent,缺席的,ADJ,B2
缺点,drawback,缺点,NOUN,B2
缺陷,flaw,缺陷,NOUN,B2
网格,grid,网格,NOUN,B2
网络,network,网络,NOUN,B2
网络安全,cybersecurity,网络安全,NOUN,B2
网络的,cyber,网络的,ADJ,B2
罗马人,roman,罗马人,NOUN,B2
罗马尼亚人,romanian,罗马尼亚人,NOUN,B2
罗马的,roman,罗马的,ADJ,B2
罚款,fine,罚款,NOUN,B2
罢工者,striker,罢工者,NOUN,B2
罪人,sinner,罪人,NOUN,B2
罪犯,wrongdoer,罪犯,NOUN,B2
置于语境,to contextualize,置于语境,VERB,B2
羊羔,lamb,羔羊,NOUN,B2
美丽地,beautifully,美丽地,ADV,B2
美丽的,fine pretty,美丽的,ADJ,B2
美化,to beautify,美化,VERB,B2
美味的,tasty,美味的,ADJ,B2
美国人,american,美国的,ADJ,B2
美好地,nicely nice,美好地,ADV,B2
美好的,nice,好的,ADJ,B2
美食学,gastronomy,美食学,NOUN,B2
美食家,gourmet,美食家,NOUN,B2
美食的,gastronomic,美食的,ADJ,B2
羞怯,shyness,羞怯,NOUN,B2
羞愧,to be ashamed,感到羞愧,VERB,B2
羞辱,to shame,使羞愧,VERB,B2
群,flock,兽群,NOUN,B2
群众演员,extra,群众演员,NOUN,B2
群体个体,group individual,群体个体,NOUN,B2
群体团结,group solidarity,群体团结,NOUN,B2
群体心态,group mentality,群体心态,NOUN,B2
群体成员,group member,群体成员,NOUN,B2
群体文化,group culture,群体文化,NOUN,B2
群体规范,group norm,群体规范,NOUN,B2
群岛,archipelago,群岛,NOUN,B2
群集,to flock,群集,VERB,B2
羽扇豆,lupini beans,羽扇豆,NOUN,B2
羽毛,feather,羽毛,NOUN,B2
羽绒被,duvet,羽绒被,NOUN,B2
翻新,renovation,翻新,NOUN,B2
翻新,to renovate,翻新,VERB,B2
翻译,translation,翻译,NOUN,B2
翻译者,translator,译者,NOUN,B2
翻阅,to leaf through,翻阅,VERB,B2
耀眼,dazzling,耀眼的,ADJ,B2
老人,old person,老人,NOUN,B2
老人政治,gerontocracy,老人政治,NOUN,B2
老化,aging,老化,NOUN,B2
老妇,hag,老妇,NOUN,B2
老妇人,older woman,老妇人,NOUN,B2
老式的,old-fashioned,老式的,ADJ,B2
老板主义,bossism,老板主义,NOUN,B2
考虑/思考,to consider think,考虑/思考,VERB,B2
考试,exam,考试,NOUN,B2
考试,examination,考试,NOUN,B2
考验,ordeal,苦难,NOUN,B2
而是,but rather,而是,CCONJ,B2
而是,rather but,而是,CCONJ,B2
耐久性,durability,耐用性,NOUN,B2
耙子,rake,耙子,NOUN,B2
耳朵,ears,耳朵,NOUN,B2
耻辱,disgrace,耻辱,NOUN,B2
耻辱,dishonor,耻辱,NOUN,B2
耻辱,stigma,耻辱,NOUN,B2
聋,deaf,聋的,ADJ,B2
职业,calling,使命,NOUN,B2
职业,profession,职业,NOUN,B2
职业养老金,occupational pension,职业养老金,NOUN,B2
职业生涯,the career,职业生涯,NOUN,B2
联合,united,联合的,ADJ,B2
联合制作,coproduction,联合制作,NOUN,B2
联系,contact,联系,NOUN,B2
联系,to relate,联系,VERB,B2
联系人,contact person,联系人,NOUN,B2
联网的,networked,联网的,ADJ,B2
联邦制,federalism,联邦主义,NOUN,B2
联邦化,federalization,联邦化,NOUN,B2
联邦的,federal,联邦的,ADJ,B2
联锁的,interlocked,联锁的,ADJ,B2
聚焦,to focus,聚焦,VERB,B2
聪明的,intelligent,聪明的,ADJ,B2
聪明的,smart clever,聪明的,ADJ,B2
肆无忌惮的,unscrupulous,肆无忌惮的,ADJ,B2
肉,flesh,肉,NOUN,B2
肉,meat,肉,NOUN,B2
肉丸,meatballs,肉丸,NOUN,B2
肉汤,broth,肉汤,NOUN,B2
肋骨,ribs,肋骨,NOUN,B2
肌肉酸痛,muscle ache,肌肉酸痛,NOUN,B2
肘,elbow,手肘,NOUN,B2
肚脐,navel,肚脐,NOUN,B2
肝脏,liver,肝脏,NOUN,B2
肝脏的,hepatic,肝脏的,ADJ,B2
肠道,intestines,肠道,NOUN,B2
股份,shares,股份,NOUN,B2
肢体,limb,肢体,NOUN,B2
肤色,complexion,肤色,NOUN,B2
肥大,hypertrophy,肥大,NOUN,B2
肥沃的,fertile,肥沃的,ADJ,B2
肥胖,obesity,肥胖,NOUN,B2
肮脏的,filthy,肮脏的,ADJ,B2
肮脏的,sordid,肮脏的,ADJ,B2
肯定地,surely safe,肯定地,ADV,B2
肺,pulmonary,肺的,ADJ,B2
肾的,renal,肾脏的,ADJ,B2
肾脏,kidney,肾脏,NOUN,B2
肿块,bump,肿块,NOUN,B2
肿块,lump,块,NOUN,B2
肿瘤,tumor,肿瘤,NOUN,B2
肿胀的,swollen,肿胀的,ADJ,B2
胆汁,bile,胆汁,NOUN,B2
背信弃义,perfidy,背信弃义,NOUN,B2
背包,backpack,背包,NOUN,B2
背心,vest,背心,NOUN,B2
背景,backdrop,背景,NOUN,B2
背面,back side,背面,NOUN,B2
胎儿,fetus,胎儿,NOUN,B2
胖子,chubby,胖子,NOUN,B2
胚胎,embryo,胚胎,NOUN,B2
胚胎的,embryonic,胚胎的,ADJ,B2
胜利,triumph,胜利,NOUN,B2
胜利,win,胜利,NOUN,B2
胡子,mustache,胡子,NOUN,B2
胡扯,to bullshit,胡扯,VERB,B2
胡搞,to mess about,胡搞,VERB,B2
胡椒,pepper,胡椒,NOUN,B2
胡闹,to mess around,胡闹,VERB,B2
胰岛素,insulin,胰岛素,NOUN,B2
胶体的,colloidal,胶体的,ADJ,B2
胶状的,gelatinous,胶状的,ADJ,B2
胸膜,pleura,胸膜,NOUN,B2
能,able,能够的,ADJ,B2
能,can,能够,AUX,B2
能力,competence,能力,NOUN,B2
能够,be able to,能,AUX,B2
能够,to be able,能,VERB,B2
能够,to be able to,能够,VERB,B2
能干的/优秀的,capable good,能干的/优秀的,ADJ,B2
能源危机,energy crisis,能源危机,NOUN,B2
脂肪,fat,脂肪,NOUN,B2
脂肪的,fatty,脂肪的,ADJ,B2
脆弱,fragility,脆弱,NOUN,B2
脆弱的,flimsy,脆弱的,ADJ,B2
脆的,crunchy,脆的,ADJ,B2
脊柱,backbone,脊梁,NOUN,B2
脊柱,spine,脊柱,NOUN,B2
脊髓,spinal cord,脊髓,NOUN,B2
脑震荡,concussion,脑震荡,NOUN,B2
脓肿,abscess,脓肿,NOUN,B2
脚手架,scaffold,脚手架,NOUN,B2
脚踝,ankle,脚踝,NOUN,B2
脱毛,to depilate,脱毛,VERB,B2
脱水,dehydration dryness,脱水,NOUN,B2
脱离,break away,脱离,VERB,B2
脱离,to disengage,脱离,VERB,B2
脱离,to secede,脱离,VERB,B2
脱臼,to dislocate,使脱臼,VERB,B2
脱衣,to undress,脱衣,VERB,B2
脱轨,to derail,使脱轨,VERB,B2
脸红,to blush,脸红,VERB,B2
脸颊,cheek,脸颊,NOUN,B2
脾气坏的,grumpy,脾气坏的,ADJ,B2
脾脏,spleen,脾脏,NOUN,B2
腌制,to marinate,腌制,VERB,B2
腌制的,salted,腌制的,ADJ,B2
腐烂,to rot,腐烂,VERB,B2
腐蚀,corrupt,腐败的,ADJ,B2
腐蚀,corrosion,腐蚀,NOUN,B2
腐蚀,to corrode,腐蚀,VERB,B2
腐蚀,to corrupt,腐败,VERB,B2
腐蚀性的,corrosive,腐蚀性的,ADJ,B2
腔,cavity,腔,NOUN,B2
腹膜,peritoneum,腹膜,NOUN,B2
腺,gland,腺体,NOUN,B2
膀胱,bladder,膀胱,NOUN,B2
膝盖,knee,膝盖,NOUN,B2
膝部,lap,大腿部,NOUN,B2
膨胀的,inflated,膨胀的,ADJ,B2
臀部,butt,臀部,NOUN,B2
臀部,hip,臀部,NOUN,B2
自信,self-confidence,自信,NOUN,B2
自动,automated,自动化的,ADJ,B2
自动化,automation,自动化,NOUN,B2
自动化,to automate,使自动化,VERB,B2
自动取款机,atm,自动取款机,NOUN,B2
自动售货机,vending machine,自动售货机,NOUN,B2
自动地,automatically,自动地,ADV,B2
自发的,spontaneous,自发的,ADJ,B2
自命不凡的,pretentious,自命不凡的,ADJ,B2
自夸的,boastful,自夸的,ADJ,B2
自学的,self-taught,自学的,ADJ,B2
自尊,self-esteem,自尊,NOUN,B2
自尊,self-respect,自尊,NOUN,B2
自己,self,自己,PRON,B2
自己的,own,自己的,DET,B2
自恋,narcissism,自恋,NOUN,B2
自恋的,narcissistic,自恋的,ADJ,B2
自愿,voluntarily,自愿地,ADV,B2
自我中心,egocentrism,自我中心,NOUN,B2
自我形象,self-image,自我形象,NOUN,B2
自我护理,self-care,自我护理,NOUN,B2
自我牺牲,self-denial,自我牺牲,NOUN,B2
自我贬低,self-diminishment,自我贬低,NOUN,B2
自明之理,truism,自明之理,NOUN,B2
自治,autonomy,自治,NOUN,B2
自治的,autonomous,自治的,ADJ,B2
自然保护区,nature reserve,自然保护区,NOUN,B2
自然地,naturally,自然地,ADV,B2
自然法则,natural law,自然法则,NOUN,B2
自然的,natural,自然的,ADJ,B2
自然神论,deism,自然神论,NOUN,B2
自由主义,liberalism,自由主义,NOUN,B2
自由化,liberalize,自由化,! VERB,B2
自由化,liberalization,自由化,NOUN,B2
自由地,freely,自由地,ADV,B2
自由的,liberal,自由的,ADJ,B2
自私,selfishness,自私,NOUN,B2
自行车头盔,bike helmet,自行车头盔,NOUN,B2
自行车道,cycle path,自行车道,NOUN,B2
自闭症,autism,自闭症,NOUN,B2
臭名昭著的,notorious,臭名昭著的,ADJ,B2
臭的,stinking,发臭的,ADJ,B2
致命,deadly,致命的,ADJ,B2
致命地,deadly,致命地,ADV,B2
致命性,fatality,致命性,NOUN,B2
致命的,fatal,致命的,ADJ,B2
致命的,lethal,致命的,ADJ,B2
致死,death,致死,ADV,B2
致病的,pathogenic,致病的,ADJ,B2
舒适,comfort,安慰,NOUN,B2
舒适的,cozy,舒适的,ADJ,B2
舒适的,welcoming,舒适的,ADJ,B2
舔,to lick,舔,VERB,B2
舞者,dancer,舞者,NOUN,B2
舞蹈,dance,舞蹈,NOUN,B2
舞蹈,dans,舞蹈,NOUN,B2
航行,to sail,航行,VERB,B2
舰队,fleet,舰队,NOUN,B2
舱口,hatch,舱口,NOUN,B2
船内的,inboard,船内的,ADV,B2
良心问题,matter of conscience,良心问题,NOUN,B2
良性,benignity,良性,NOUN,B2
良性的,benign,良性的,ADJ,B2
艰难,hardship,艰难,NOUN,B2
色情,eroticism,色情,NOUN,B2
色情,pornography,色情,NOUN,B2
色情的,erotic,色情的,ADJ,B2
艺术的,artistic,艺术的,ADJ,B2
节俭,frugality,节俭,NOUN,B2
节制,abstinence,节制,NOUN,B2
节奏,rhythm,节奏,NOUN,B2
节奏性,rhythmicity,节奏性,NOUN,B2
节日,festivals,节日,NOUN,B2
节日的,festive,节日的,ADJ,B2
芜菁,turnip,芜菁,NOUN,B2
芦笋,asparagus,芦笋,NOUN,B2
芬兰的,finnish,芬兰的,ADJ,B2
花岗岩,granite,花岗岩,NOUN,B2
花环,garland,花环,NOUN,B2
花瓶,vase,花瓶,NOUN,B2
花费,to expend,花费,VERB,B2
花费,to spend,花费,VERB,B2
芽,bud,芽,NOUN,B2
苍白,pallor,苍白,NOUN,B2
苍白的,pale,苍白的,ADJ,B2
苍蝇,fly,苍蝇,NOUN,B2
苏丹,sultan,苏丹,NOUN,B2
苏丹国,sultanate,苏丹国,NOUN,B2
苏打,soda,苏打,NOUN,B2
苏菲,sufi,苏菲,NOUN,B2
苏菲主义,sufism,苏菲主义,NOUN,B2
苔藓,moss,苔藓,NOUN,B2
苟活,to vegetate,苟活,VERB,B2
苦涩,bitterness,苦涩,NOUN,B2
苦行,asceticism,苦行主义,NOUN,B2
苦行的,ascetic,苦行的,ADJ,B2
英勇,valiant,英勇的,ADJ,B2
英勇,gallantry,英勇,NOUN,B2
英勇地,heroically,英勇地,ADV,B2
英勇的,gallant,英勇的,ADJ,B2
英国人,briton,英国人,NOUN,B2
英国人,englishman,英国人,NOUN,B2
英国的,british,英国的,ADJ,B2
英语,english,英国的,ADJ,B2
英里,mile,英里,NOUN,B2
英镑,pound,磅,NOUN,B2
茁壮成长,to thrive,茁壮成长,VERB,B2
范围,reach,范围,NOUN,B2
范围,scope,范围,NOUN,B2
茎,stem,茎,NOUN,B2
茴香,anise,茴香,NOUN,B2
草原,steppes,草原,NOUN,B2
草地,meadow,草地,NOUN,B2
草率地,summarily,草率地,ADV,B2
草药师,herbalist,草药师,NOUN,B2
荒凉,desolation,荒凉,NOUN,B2
荒谬,absurd,荒谬的,ADJ,B2
荒野,moor,荒野,NOUN,B2
荒野,wilderness,荒野,NOUN,B2
荡妇,slut,荡妇,NOUN,B2
荡秋千,to swing,荡秋千,VERB,B2
药剂师,pharmacist,药剂师,NOUN,B2
药物,drug,药物,NOUN,B2
药物的,pharmaceutical,制药的,ADJ,B2
药膏,ointment,药膏,NOUN,B2
荷兰人,dutchman,荷兰人,NOUN,B2
荷兰的,dutch,荷兰的,ADJ,B2
荷兰语,dutch,荷兰语,NOUN,B2
获得,obtaining,获得,NOUN,B2
获得,to acquire,获得,VERB,B2
获得,to gain,获得,VERB,B2
获得,to secure,保护,VERB,B2
获得/弄到,to get acquire,获得/弄到,VERB,B2
获授权,authorized,有资格的,ADJ,B2
获救,to be saved,获救,VERB,B2
获胜者,winner,获胜者,NOUN,B2
菲律宾的,filipino,菲律宾的,ADJ,B2
萎缩,atrophy,萎缩,NOUN,B2
萝卜,radish,小萝卜,NOUN,B2
营,battalion,营,NOUN,B2
营养,nourishment,营养,NOUN,B2
营养,sustenance,食物,NOUN,B2
营养不良,malnutrition,营养不良,NOUN,B2
营养的,nutritional,营养的,ADJ,B2
营救,to rescue,拯救,VERB,B2
营销,marketing,营销,NOUN,B2
萨玛,sama,萨玛,NOUN,B2
落到...身上,to fall to,落到...身上,VERB,B2
著名,well-known,众所周知的,ADJ,B2
著名的,illustrious,著名的,ADJ,B2
著名的,renowned,著名的,ADJ,B2
著名的/熟悉的,known famous,著名的/熟悉的,ADJ,B2
葡萄,grapes,葡萄,NOUN,B2
葡萄牙语,portuguese,葡萄牙语,NOUN,B2
董事职位,directorship,董事职位,NOUN,B2
蒙昧主义,obscurantism,蒙昧主义,NOUN,B2
蒸发,evaporation,蒸发,NOUN,B2
蒸发,to evaporate,蒸发,VERB,B2
蒸发器,vaporizer,蒸发器,NOUN,B2
蒸汽,steam,蒸汽,NOUN,B2
蒸馏,to distill,蒸馏,VERB,B2
蓄水池,cistern,蓄水池,NOUN,B2
蓄电池,accumulator,蓄电池,NOUN,B2
蔑视,contempt,轻视,NOUN,B2
蔑视,to flout,蔑视,VERB,B2
蔓延,proliferation of evil,蔓延,NOUN,B2
蕨类植物,fern,蕨类植物,NOUN,B2
薄,thinness,瘦,NOUN,B2
薯条,fries,炸薯条,NOUN,B2
薯片,chips,薯片,NOUN,B2
藏书票,bookplate,藏书票,NOUN,B2
藏身处,hideout,藏身处,NOUN,B2
藏身处,hiding place,藏身处,NOUN,B2
虐待,mistreatment,虐待,NOUN,B2
虐待,to maltreat,虐待,VERB,B2
虐待,to mistreat,أساء,VERB,B2
虔诚,godliness,虔诚,NOUN,B2
虔诚,piety,虔诚,NOUN,B2
虔诚,religiousness,虔诚,NOUN,B2
虔诚的,pious,虔诚的,ADJ,B2
虔诚的,reverent,虔诚的,ADJ,B2
虚假信息,disinformation,虚假信息,NOUN,B2
虚假的,spurious,虚假的,ADJ,B2
虚幻,unreality,虚幻,NOUN,B2
虚张声势,to bluff,虚张声势,VERB,B2
虚弱,debility,虚弱,NOUN,B2
虚弱的,feeble,虚弱的,ADJ,B2
虚拟,virtual,虚拟的,ADJ,B2
虚无主义,nihilism,虚无主义,NOUN,B2
虚有权,bare ownership,虚有权,NOUN,B2
虚构化,fictionalization,虚构化,NOUN,B2
虚构的,fictional,虚构的,ADJ,B2
虚构的,fictitious,虚构的,ADJ,B2
虚构角色,fictional character,虚构角色,NOUN,B2
虫,worm,虫,NOUN,B2
虫子,bug,虫子,NOUN,B2
虾,shrimp,虾,NOUN,B2
蚂蚁,ant,蚂蚁,NOUN,B2
蚊子,mosquito,蚊子,NOUN,B2
蚊帐,mosquito net,蚊帐,NOUN,B2
蛊惑,demagogy,蛊惑,NOUN,B2
蛾,moth,蛾,NOUN,B2
蜂蜜,honey,蜂蜜,NOUN,B2
蜇,to sting,刺,VERB,B2
蜗牛,snail,蜗牛,NOUN,B2
蜜月,honeymoon,蜜月,NOUN,B2
蜡,wax,蜡,NOUN,B2
蜥蜴,lizard,蜥蜴,NOUN,B2
蝙蝠,bat,蝙蝠,NOUN,B2
螃蟹,crab,螃蟹,NOUN,B2
融合,fusion,融合,NOUN,B2
融资,financing funding,融资,NOUN,B2
融资,to finance,资助,VERB,B2
螺丝刀,screwdriver,螺丝刀,NOUN,B2
螺旋桨,propeller,螺旋桨,NOUN,B2
蟾蜍,toad,蟾蜍,NOUN,B2
蠢事,stupid things,蠢事,NOUN,B2
血型,blood type,血型,NOUN,B2
血统,lineage,血统,NOUN,B2
血缘,consanguinity,血缘,NOUN,B2
行为主义者,behaviorist,行为主义者,NOUN,B2
行为方针,line of conduct,行为方针,NOUN,B2
行会,guild,行会,NOUN,B2
行内韵,internal rhyme,行内韵,NOUN,B2
行动,to act,行动,VERB,B2
行动方案,action plan,行动方案,NOUN,B2
行政,administrative,行政的,ADJ,B2
行星,planet,行星,NOUN,B2
行李,baggage,行李,NOUN,B2
行李,luggage,行李,NOUN,B2
行程,itinerary,行程,NOUN,B2
行话,jargon,行话,NOUN,B2
街头采访,street interview,街头采访,NOUN,B2
衣柜,wardrobe,衣柜,NOUN,B2
补充,to complement,补充,VERB,B2
补充物,complement,补充物,NOUN,B2
补遗,addendum,补遗,NOUN,B2
表征,to characterize,描绘,VERB,B2
表明,to manifest,表明,VERB,B2
表演,acting,行为,NOUN,B2
表演,show,表演,NOUN,B2
表演性的,performative,表演性的,ADJ,B2
表现,showing,表现,NOUN,B2
表现力,expressiveness,表现力,NOUN,B2
表示,to denote,表示,VERB,B2
表面的,superficial,表面的,ADJ,B2
衰减,attenuation,衰减,NOUN,B2
衰退/退潮,receding ebbing,衰退/退潮,NOUN,B2
衷心的,heartfelt,衷心的,ADJ,B2
袖子,sleeve,袖子,NOUN,B2
被上诉人,respondent,被上诉人,NOUN,B2
被估计,be estimated,被估计,VERB,B2
被偷的,stolen,被偷的,ADJ,B2
被关在里面的,locked in,被关在里面的,ADJ,B2
被创造,to be created,被创造,VERB,B2
被判刑的,sentenced,被判刑的,ADJ,B2
被剥夺的,dispossessed,被剥夺的,ADJ,B2
被占用的,occupied,被占用的,ADJ,B2
被呈现,be presented,被呈现,VERB,B2
被告,defendant,被告,NOUN,B2
被告知的,told instructed,被告知的,ADJ,B2
被命名,be named,被命名,VERB,B2
被声称,to be alleged,被声称,VERB,B2
被愚弄的,bullshitted,被愚弄的,ADJ,B2
被感染的,infected,被感染的,ADJ,B2
被拘留者,detainee,被拘留者,NOUN,B2
被拥有的,owned,被拥有的,ADJ,B2
被拿走,to be taken,被拿走,VERB,B2
被捕获的,caught,被捕获的,ADJ,B2
被排除的,excluded,排除在外的,ADJ,B2
被攻击的,attacked,被攻击的,ADJ,B2
被欺骗,to be tricked,被欺骗,VERB,B2
被淘汰的,knocked out,被淘汰的,ADJ,B2
被爱的,loved,被爱的,ADJ,B2
被看见,seen,被看见,ADJ,B2
被砍倒,to be felled,被砍倒,VERB,B2
被禁止,be banned,被禁止,VERB,B2
被禁止,be forbidden,被禁止,VERB,B2
被算作,to be counted,被算作,VERB,B2
被绑架的,kidnapped,被绑架的,ADJ,B2
被绞死的,hanged,被绞死的,ADJ,B2
被要求,be requested,被要求,VERB,B2
被解雇的,fired,被解雇的,ADJ,B2
被证实,to be confirmed,被证实,VERB,B2
被证明,to be proven,被证明,VERB,B2
被诅咒的,cursed,被诅咒的,ADJ,B2
被调查的,investigated,被调查的,ADJ,B2
被迫,to be forced,被迫,VERB,B2
被迫的,obliged,被迫的,ADJ,B2
被通缉的,wanted,故意的,ADJ,B2
被逮捕的,arrested,被逮捕的,ADJ,B2
被采纳,be adopted,被采纳,VERB,B2
被需要,to be needed,被需要,VERB,B2
被驱动,to be driven,被驱动,VERB,B2
被驾驶的,driven,被驾驶的,ADJ,B2
袭击,to assault,袭击,VERB,B2
裁军,disarmament,裁军,NOUN,B2
裁决,spend time to judge to fulfill,裁决,VERB,B2
裁员,layoff,解雇,NOUN,B2
裂变,fission,裂变,NOUN,B2
裂痕,rift,裂痕,NOUN,B2
裂缝,fissure,裂缝,NOUN,B2
装备,equip,装备,VERB,B2
装嫩,to feigning youthfulness,装嫩,VERB,B2
装满,to fill pack,装满,VERB,B2
装糊涂,feigning ignorance,装糊涂,VERB,B2
装置,apparatus,仪器,NOUN,B2
装载,load,负载,NOUN,B2
装载,to load,装载,VERB,B2
装载,to load charge,装载,VERB,B2
装饰,adornment,装饰品,NOUN,B2
装饰,ornament,装饰,NOUN,B2
装饰,ornamentation,装饰,NOUN,B2
装饰,to adorn,装饰,VERB,B2
装饰,to decorate,装饰,VERB,B2
装饰,to embellish,装饰,VERB,B2
装饰性的,decorative,装饰性的,ADJ,B2
装饰的,decorated,装饰的,ADJ,B2
裤子,pants,裤子,NOUN,B2
裸体的,naked,裸体的,ADJ,B2
裸露,to strip,裸露,VERB,B2
西南的,southwest,西南的,ADJ,B2
西方的,western,西方的,ADJ,B2
西班牙语,spanish,西班牙的,ADJ,B2
西葫芦,zucchini,西葫芦,NOUN,B2
要么,either,或者,CCONJ,B2
要求,requirement,要求,NOUN,B2
要求,to demand,要求,VERB,B2
要求高的,demanding,要求高的,ADJ,B2
要紧,to matter,重要,VERB,B2
覆盖,to shroud,覆盖,VERB,B2
覆盖物,cover blanket,覆盖物,NOUN,B2
覆盖范围,coverage,报道,NOUN,B2
见多识广的,informed,见多识广的,ADJ,B2
观众,spectator,观众,NOUN,B2
观众,viewer,观众,NOUN,B2
观察,to observe,观察,VERB,B2
观望的,wait-and-see,观望的,ADJ,B2
观看,viewing,观看,NOUN,B2
观看,to watch,观看,VERB,B2
观看次数,views,观看次数,NOUN,B2
规划,planning,规划,NOUN,B2
规定,to stipulate,规定,VERB,B2
规律性,regularity,规律性,NOUN,B2
规格,specification,规格,NOUN,B2
规章,regulations,法规,NOUN,B2
规范的,canonical,规范的,ADJ,B2
视力,eyesight,视力,NOUN,B2
视听,audiovisual,视听的,ADJ,B2
视觉,visual,视觉的,ADJ,B2
视觉,vision,远见,NOUN,B2
觊觎,to covet,觊觎,VERB,B2
角膜,cornea,角膜,NOUN,B2
角落,corner,角落,NOUN,B2
角蝰,asp,角蝰,NOUN,B2
解决,to resolve,解决,VERB,B2
解剖学,anatomy,解剖学,NOUN,B2
解压,to decompress,解压,VERB,B2
解密,decryption,解密,NOUN,B2
解密,to declassify,解密,VERB,B2
解开,to unbridle,解开,VERB,B2
解开,to undo,解开,VERB,B2
解开,to unravel,解开,VERB,B2
解放,emancipation,解放,NOUN,B2
解放,to emancipate,解放,VERB,B2
解放,to liberate,解放,VERB,B2
解放的,liberating,解放的,ADJ,B2
解散,dissolution,溶解,NOUN,B2
解构主义的,deconstructionist,解构主义的,ADJ,B2
解毒剂,antidote,解毒剂,NOUN,B2
解码,to decode,解码,VERB,B2
解离,dissociation,解离,NOUN,B2
解释,explanation,解释,NOUN,B2
解释,interpretation,解释,NOUN,B2
解释,to interpret,解释,VERB,B2
解释的,explanatory,解释的,ADJ,B2
解除扣押,release of lien,解除扣押,NOUN,B2
解雇,dismissal,解雇,NOUN,B2
解雇,to dismiss fire,解雇,VERB,B2
触发,triggering,触发,NOUN,B2
言论自由,freedom of speech,言论自由,NOUN,B2
誓言,oath,誓言,NOUN,B2
誓言,pledge,誓言,NOUN,B2
警卫,guards,警卫,NOUN,B2
警告,warning,警告,NOUN,B2
警告,to alert,警告,VERB,B2
警察,cop,警察,NOUN,B2
警察,police officer,警察,NOUN,B2
警察局长,police chief,警察局长,NOUN,B2
警惕,vigilance,警惕,NOUN,B2
警惕的,vigilant,警惕的,ADJ,B2
警报,alert,警报,NOUN,B2
警报器,siren,汽笛,NOUN,B2
警棍,baton,警棍,NOUN,B2
计算,computing,计算,NOUN,B2
计算,compute,计算,VERB,B2
计算,to calculate,计算,VERB,B2
计算,to count,重要,VERB,B2
计算器,calculator,计算器,NOUN,B2
计量的,metering,计量的,ADJ,B2
订婚,betrothal,订婚,NOUN,B2
订阅,subscription,订阅,NOUN,B2
订阅,to subscribe,订阅,VERB,B2
订阅者,subscriber,订阅者,NOUN,B2
认可,endorsement,背书,NOUN,B2
认可,to sanction,认可,VERB,B2
认可的,accredited,认可的,ADJ,B2
认真地,seriously,认真地,ADV,B2
认知,cognition,认知,NOUN,B2
认知的,cognitive,认知的,ADJ,B2
认证,authentication,认证,NOUN,B2
认证,certification,认证,NOUN,B2
认证,to accredit,认可,VERB,B2
认识/感觉,to know feel,认识/感觉,VERB,B2
讨价还价,to haggle,讨价还价,VERB,B2
让,to let,让,VERB,B2
让步的,concessionary,让步的,ADJ,B2
训斥,reprimand,训斥,NOUN,B2
训练/锻炼,to train exercise,训练/锻炼,VERB,B2
议会制,parliamentarism,议会制,NOUN,B2
议会的/议员,parliamentary,议会的/议员,ADJ,B2
议会选举,parliamentary elections,议会选举,NOUN,B2
议员,member of parliament,议员,NOUN,B2
记录,recording,录音,NOUN,B2
记录,to document,记录,VERB,B2
记忆,memorization,记忆,NOUN,B2
记忆者,memorizer,记忆者,NOUN,B2
记者,correspondent,记者,NOUN,B2
记者,journalist,记者,NOUN,B2
记者招待会,press conference,新闻发布会,NOUN,B2
记述的,constative,记述的,ADJ,B2
讲坛,pulpit,讲坛,NOUN,B2
讲师,instructor,讲师,NOUN,B2
讲得通,to make sense,讲得通,VERB,B2
讲法语的,french-speaking,讲法语的,ADJ,B2
讲英语的,english-speaking,讲英语的,ADJ,B2
许可,permission,许可,NOUN,B2
许可信号,all-clear,许可信号,NOUN,B2
许多,much many,许多,ADJ,B2
许多,many,许多,DET,B2
许多,much,多,DET,B2
许多事物,many things,许多事物,PRON,B2
论坛,forum,论坛,NOUN,B2
论战,polemic,论战,NOUN,B2
讽刺,irony,讽刺,NOUN,B2
讽刺,to ironize,讽刺,VERB,B2
讽刺的,ironic,讽刺的,ADJ,B2
讽刺的,satirical,讽刺的,ADJ,B2
设备,devices,设备,NOUN,B2
设置,settings,设置,NOUN,B2
设计,to design,设计,VERB,B2
设计,to devise,设计,VERB,B2
访问,access,进入权,NOUN,B2
诀窍,know-how,诀窍,NOUN,B2
证人询问,witness examination,证人询问,NOUN,B2
证券交易所,stock exchange,证券交易所,NOUN,B2
证券化,securitization,证券化,NOUN,B2
证实,corroboration,证实,NOUN,B2
证实,to corroborate,证实,VERB,B2
证实,to substantiate,证实,VERB,B2
证明,to attest,证明,VERB,B2
证明文件,supporting document,证明文件,NOUN,B2
证明无效,to invalidate,证明无效,VERB,B2
证词,deposition,证词,NOUN,B2
评估,judgement,评估,NOUN,B2
评分,grading,评分；记号,NOUN,B2
评论,to commentate,评论,VERB,B2
评论家,critic,评论家,NOUN,B2
诅咒,damn,该死的,ADJ,B2
诅咒,curse,诅咒,NOUN,B2
诅咒,to curse,诅咒,VERB,B2
诅咒,to damn,诅咒,VERB,B2
诈骗,to swindle,诈骗,VERB,B2
诉讼,court case,诉讼,NOUN,B2
诉讼,lawsuit,诉讼,NOUN,B2
诉讼当事人,litigant,诉讼当事人,NOUN,B2
诉讼费,court fee,诉讼费,NOUN,B2
诊断,to diagnose,诊断,VERB,B2
诋毁,to denigrate,诋毁,VERB,B2
词汇学,lexicology,词汇学,NOUN,B2
词汇表,glossary,词汇表,NOUN,B2
词源学,etymology,词源学,NOUN,B2
词语误用,catachresis,词语误用,NOUN,B2
诗意,poetic quality,诗意,NOUN,B2
诚实,honesty,诚实,NOUN,B2
诚实,to be honest,诚实,VERB,B2
诚实/正直,integrity trustworthiness,诚实/正直,NOUN,B2
诚实地,honestly,诚实地,ADV,B2
诠释学,hermeneutic,诠释学的,ADJ,B2
诡计,cunning,诡计,NOUN,B2
诡辩,sophism,诡辩,NOUN,B2
该死,damn,该死,INTJ,B2
该死的,confounded,该死的,ADJ,B2
该死的,shit,该死的,ADJ,B2
该死的,damn,该死的,ADV,B2
详尽,exhaustive,详尽的,ADJ,B2
详尽的,elaborate,详尽的,ADJ,B2
详细地,in detail,详细地,ADV,B2
详述,to detail,详述,VERB,B2
语义内容,meaning content,语义内容,NOUN,B2
语义学,semantics,语义学,NOUN,B2
语境,context,上下文,NOUN,B2
语境性,contextuality,语境性,NOUN,B2
语境的,contextual,语境的,ADJ,B2
语法错误,solecism,语法错误,NOUN,B2
语素,morpheme,语素,NOUN,B2
语言使用,language use,语言使用,NOUN,B2
语言学,linguistics,语言学,NOUN,B2
语言学家,philologist,语言学家,NOUN,B2
语言的,linguistic,语言的,ADJ,B2
语调,intonation,语调,NOUN,B2
语音学,phonetics,语音学,NOUN,B2
误导的,misleading,诡辩的,ADJ,B2
诱人的,alluring,诱人的,ADJ,B2
诱惑,to seduce,引诱,VERB,B2
诱捕,trapping,诱捕,NOUN,B2
诱捕,to ensnare,诱捕,VERB,B2
说唱歌手,rapper,说唱歌手,NOUN,B2
说教的,moralizing,说教的,ADJ,B2
说明,to account for,说明,VERB,B2
说明,to illustrate,说明,VERB,B2
说服,persuasion,说服,NOUN,B2
说服,to convince,说服,VERB,B2
说谎者,liar,骗子,NOUN,B2
诵经,religious chanting,诵经,NOUN,B2
请,please,请,INTJ,B2
读者,reader,读者,NOUN,B2
诽谤,defamation,诽谤,NOUN,B2
诽谤,slander,诽谤,NOUN,B2
诽谤,to defame,诽谤,VERB,B2
诽谤,to slander,诽谤,VERB,B2
诽谤,to vilify,诽谤,VERB,B2
课程,curriculum,课程,NOUN,B2
谁,whom,谁,PRON,B2
谁的,whose,谁的,PRON,B2
调停,to intercede,调停,VERB,B2
调和的,conciliatory,调和的,ADJ,B2
调度；排序,scheduling,调度；排序,NOUN,B2
调查,survey,调查,NOUN,B2
调查员,investigator,调查员,NOUN,B2
调节,adjustment,调节,NOUN,B2
调节,to modulate,调节,VERB,B2
调解,mediation,调解,NOUN,B2
调谐,to tune,调谐,VERB,B2
调音,tuning,调音,NOUN,B2
谄媚,obsequiousness,谄媚,NOUN,B2
谄媚,servility,奴性,NOUN,B2
谄媚,sycophancy,阿谀奉承,NOUN,B2
谄媚地,obsequiously,谄媚地,ADV,B2
谄媚的,unctuous,谄媚的,ADJ,B2
谈判,negotiation,谈判；协商,NOUN,B2
谈判,negotiations,谈判,NOUN,B2
谋杀,to murder,谋杀,VERB,B2
谋杀未遂,attempted murder,谋杀未遂,NOUN,B2
谎言,falsehood,谎言,NOUN,B2
谢天谢地,thank god,谢天谢地,INTJ,B2
谢谢,thanks,谢谢,INTJ,B2
谣言,rumor,谣言,NOUN,B2
谦虚,modesty,谦虚,NOUN,B2
谦逊的,humble,谦逊的,ADJ,B2
谨慎,discretion,谨慎,NOUN,B2
谨慎,prudence,谨慎,NOUN,B2
谨慎的,circumspect,谨慎的,ADJ,B2
谨慎的,discreet,谨慎的,ADJ,B2
谨慎的,prudent,谨慎的,ADJ,B2
谨慎的,wary,谨慎的,ADJ,B2
谴责,to decry,谴责,VERB,B2
谴责,to denounce,谴责,VERB,B2
谴责,to deplore,谴责,VERB,B2
谵妄,delirium,精神错乱,NOUN,B2
豁免,exemption,豁免,NOUN,B2
豆,bean,豆子,NOUN,B2
豆类,beans,豆类,NOUN,B2
象征主义,symbolism,象征主义,NOUN,B2
象征化,symbolization,象征化,NOUN,B2
象征性的,emblematic,象征性的,ADJ,B2
象征的,symbolic,象征的,ADJ,B2
豪华的,opulent,豪华的,ADJ,B2
豹,panther,豹,NOUN,B2
贞洁,chastity,贞洁,NOUN,B2
负担重的,burdened,负担重的,ADJ,B2
负责任的,accountable,负责任的,ADJ,B2
负责任的,responsible,负责的,ADJ,B2
贡献,contributions,贡献,NOUN,B2
财务,finances,财政,NOUN,B2
财富,wealth,财富,NOUN,B2
责任,liability,责任,NOUN,B2
责备,reproach,责备,NOUN,B2
责备,to reproach,责备,VERB,B2
败坏名誉,to discredit,败坏名声,VERB,B2
货币兑换,currency exchange,货币兑换,NOUN,B2
货币的,monetary,金钱的,ADJ,B2
货物,freight,货物,NOUN,B2
货物,goods,商品,NOUN,B2
货物,shipment,货物,NOUN,B2
货物/负荷,load cargo,货物/负荷,NOUN,B2
质询,question officially,质询,VERB,B2
质量,mass,大量,NOUN,B2
贪婪,greedy,贪婪的,ADJ,B2
贪婪,covetousness,贪欲,NOUN,B2
贪得无厌文化,culture of greed,贪得无厌文化,NOUN,B2
贪欲,greedy ambition,贪欲,NOUN,B2
贪污,embezzlement,贪污,NOUN,B2
贫困,destitution,贫困,NOUN,B2
贫困,poverty,贫困,NOUN,B2
贫民窟,slum,贫民窟,NOUN,B2
贬低,to belittle,轻视,VERB,B2
贬低,to debase,贬低,VERB,B2
贬低,to derogate,贬损,VERB,B2
贬低,to detract,贬低,VERB,B2
贬值,depreciation,贬值,NOUN,B2
贬值,devaluation,贬值,NOUN,B2
贬值,to depreciate,贬值,VERB,B2
贬值,to devalue,贬值,VERB,B2
贬谪,to relegate,降级,VERB,B2
购买,purchase,购买,NOUN,B2
购物,to shop,购物,VERB,B2
购物,to shop be about,购物,VERB,B2
贴花,decal,贴花,NOUN,B2
贵族,nobleman,贵族,NOUN,B2
贸易壁垒,trade barrier,贸易壁垒,NOUN,B2
费力的,strenuous,费力的,ADJ,B2
费用,charge,收费,NOUN,B2
费用,costs,费用,NOUN,B2
费用,expense,费用,NOUN,B2
费用,expenses,费用,NOUN,B2
费用,fee,费用,NOUN,B2
费用,fees,酬金,NOUN,B2
贿赂,bribe,贿赂,NOUN,B2
贿赂,bribery,贿赂,NOUN,B2
资产,assets,资产,NOUN,B2
资产负债表,balance sheet,资产负债表,NOUN,B2
资产阶级的,bourgeois,资产阶级的,ADJ,B2
资助,to subsidize,资助,VERB,B2
资助者,financier,资助者,NOUN,B2
资历,seniority,资历,NOUN,B2
资本主义,capitalism,资本主义,NOUN,B2
资源短缺,resource shortage,资源短缺,NOUN,B2
赋予,to endow,赋予,VERB,B2
赌博,to gamble,赌博,VERB,B2
赌场,the casinos,赌场,NOUN,B2
赌注,bet,打赌,NOUN,B2
赌注,wager,赌注,NOUN,B2
赎回,to buy back,赎回,VERB,B2
赎回,to redeem,赎回,VERB,B2
赎罪,atonement,赎罪,NOUN,B2
赎罪,to atone,赎罪,VERB,B2
赎金,ransom,赎金,NOUN,B2
赔率,odds,赔率,NOUN,B2
赞助,auspice,赞助,NOUN,B2
赞助,to sponsor,赞助,VERB,B2
赞助人,patron,赞助人,NOUN,B2
赞歌,song of praise,赞歌,NOUN,B2
赞美,to extol,赞美,VERB,B2
赞美,to glorify,赞美,VERB,B2
赞美诗,hymn,赞美诗,NOUN,B2
赠送,to give as a gift,赠送,VERB,B2
赤裸的,bare,赤裸的,ADJ,B2
赦免,to absolve,赦免,VERB,B2
走廊,hallway,走廊,NOUN,B2
走私,smuggling,走私,NOUN,B2
走私犯,smuggler,走私者,NOUN,B2
起作用,to function,运作,VERB,B2
起源,genesis,起源,NOUN,B2
起源于,to stem,起源于,VERB,B2
起皱,wrinkling,起皱,NOUN,B2
起草,to draw up,起草,VERB,B2
起诉,indictment,起诉,NOUN,B2
起诉,prosecution,起诉,NOUN,B2
起诉,to prosecute,起诉,VERB,B2
起飞,takeoff,起飞,NOUN,B2
超然,rising above pettiness,超然,NOUN,B2
超现实主义,surrealism,超现实主义,NOUN,B2
超自然的,supernatural,超自然的,ADJ,B2
超越的,transcendent,卓越的,ADJ,B2
超过,to overtake,超过,VERB,B2
越,the more,越,ADV,B2
越权,to overstep,越权,VERB,B2
越轨,deviance,越轨,NOUN,B2
越轨,transgression,违犯,NOUN,B2
越过,over,在...上方,ADP,B2
越过,across,越过,ADV,B2
足够,enough,足够的,ADJ,B2
足够地,enough,足够地,ADV,B2
足够的,enough okay,足够的,ADJ,B2
足球,soccer,足球,NOUN,B2
足迹,footprint,足迹,NOUN,B2
跌倒,to tumble,跌倒,VERB,B2
跑,ran,跑,ADJ,B2
跑步,running,进行中的,NOUN,B2
跑步者,runner,跑步者,NOUN,B2
跛子,lame person,跛子,NOUN,B2
跛的,lame,跛的,ADJ,B2
跛行,to limp,跛行,VERB,B2
跟踪,to stalk,跟踪,VERB,B2
跨国公司,multinational,跨国公司,NOUN,B2
跨文化交流,cross-cultural exchange,跨文化交流,NOUN,B2
路沟,gutter,路沟,NOUN,B2
路障,barricade,路障,NOUN,B2
路面,roadway,路面,NOUN,B2
跳跃,jump,跳跃,NOUN,B2
跳跃,to caper,跳跃,VERB,B2
踏,to tread,踏上,VERB,B2
踏板摩托车,scooter,踏板摩托车,NOUN,B2
踢,kick,踢,NOUN,B2
踢足球,to play football,踢足球,VERB,B2
蹲,to squat,蹲,VERB,B2
身体上地,physically,身体上地,ADV,B2
躯干,torso,躯干,NOUN,B2
躲避,to dodge,躲避,VERB,B2
躺,to lie,撒谎,VERB,B2
车祸,car accident,车祸,NOUN,B2
车筐,bike basket,车筐,NOUN,B2
车费,fare,车费,NOUN,B2
车身,bodywork,车身,NOUN,B2
车辆,vehicle,车辆,NOUN,B2
车道,driveway,车道,NOUN,B2
车间,workshop,研讨会,NOUN,B2
轨迹,trajectory,轨迹,NOUN,B2
轨道,orbit,轨道,NOUN,B2
转会,transfers,转会,NOUN,B2
转售,to resell,转售,VERB,B2
转开,to turn away,转开,VERB,B2
转录,to transcribe,转录,VERB,B2
转折点,turning point,转折点,NOUN,B2
转换,conversion,转换,NOUN,B2
转换的,conversional,转换的,ADJ,B2
转移,to divert,转移,VERB,B2
转诊,referral,转诊,NOUN,B2
转达,to relay,转达,VERB,B2
轮子,wheel,轮子,NOUN,B2
轮椅,wheelchair,轮椅,NOUN,B2
轮班,shift,轮班,NOUN,B2
软木塞,cork,软木塞,NOUN,B2
软管,hose,软管,NOUN,B2
轰炸,bombardment,轰炸,NOUN,B2
轴,axis,轴,NOUN,B2
轶事,anecdote,轶事,NOUN,B2
轻信,gullible,易受骗的,ADJ,B2
轻信,credulity,轻信,NOUN,B2
轻快的,upbeat,轻快的,ADJ,B2
轻浮的,frivolous,轻浮的,ADJ,B2
轻率,indiscretion,轻率,NOUN,B2
轻蔑,scorn,轻蔑,NOUN,B2
轻蔑地,disdainfully,轻蔑地,ADV,B2
轻触,to skim,轻触,VERB,B2
轻轻地,gently,轻轻地,ADV,B2
载体,carrier,载体,NOUN,B2
载送一程,to give a ride,载送一程,VERB,B2
较低的,lower,较低的,ADJ,B2
较小的,minor,较小的,ADJ,B2
较少,less,更少,ADV,B2
较少的,fewer,较少的,ADJ,B2
较少的,less,较少的,ADJ,B2
较年轻的,younger,较年轻的,ADJ,B2
辅助的,ancillary,辅助的,ADJ,B2
辉煌,brilliance,辉煌,NOUN,B2
辉煌,splendor,辉煌,NOUN,B2
辉煌的,splendid,极好的,ADJ,B2
辐射,radiation,辐射,NOUN,B2
辐射,to radiate,辐射,VERB,B2
输出,output,输出,NOUN,B2
辖区,precinct,辖区,NOUN,B2
辛苦,toil,苦工,NOUN,B2
辞职,to step down,辞职,VERB,B2
辞藻华丽的,florid,辞藻华丽的,ADJ,B2
辣椒,chili,辣椒,NOUN,B2
辨别,to discern,辨别,VERB,B2
辩护,justification,理由,NOUN,B2
辩护人,defender,防守者,NOUN,B2
辩护人,pleader,辩护人,NOUN,B2
辩护者,apologist,辩护者,NOUN,B2
辩护词,closing argument,辩护词,NOUN,B2
辩证法,dialectic,辩证法,NOUN,B2
辫子,braid,辫子,NOUN,B2
边境安排,border arrangement,边境安排,NOUN,B2
边境社区,border community,边境社区,NOUN,B2
边界,borders,边界,NOUN,B2
边缘,margin,边缘,NOUN,B2
边缘,periphery,边缘,NOUN,B2
边缘化,marginalization,边缘化,NOUN,B2
边缘的,marginal,边缘的,ADJ,B2
边防哨所,border post,边防哨所,NOUN,B2
达到,to attain,达到,VERB,B2
达到顶点,to culminate,达到顶点,VERB,B2
达达主义,dadaism,达达主义,NOUN,B2
迁移,migration,移民,NOUN,B2
迂回说法,circumlocution,迂回说法,NOUN,B2
迂腐,pedantry,迂腐,NOUN,B2
过去,past,过去,ADP,B2
过去,over,过去,ADV,B2
过去的,bygone,过去的,ADJ,B2
过失,delinquency,违法行为,NOUN,B2
过度,excessiveness,过度,NOUN,B2
过得去,to get by,过得去,VERB,B2
过敏,allergy,过敏,NOUN,B2
过时的,antiquated,过时的,ADJ,B2
过时的,obsolete,过时的,ADJ,B2
过来,to come here,来到这里,VERB,B2
过渡,transition,过渡,NOUN,B2
过渡的,transitional,过渡的,ADJ,B2
过滤,filter,过滤器,NOUN,B2
过滤,to filter,过滤,VERB,B2
过生日的,having a birthday,过生日的,ADJ,B2
过量,overdose,过量,NOUN,B2
迎向,towards,迎向,ADV,B2
运作/起作用,to function work,运作/起作用,VERB,B2
运动,crusade,运动,NOUN,B2
运动,sport,运动,NOUN,B2
运动,to do sports,运动,VERB,B2
运动的,athletic,运动的,ADJ,B2
运动的,motor,运动的,ADJ,B2
运动的,sporty,运动的,ADJ,B2
运输,transit,运输,NOUN,B2
运输,transport,运输,NOUN,B2
近,near,靠近,ADV,B2
近似的,approximate,近似的,ADJ,B2
还,yet,还,ADV,B2
这么,so much,这么多,ADV,B2
这些,these,这些,PRON,B2
这样的,such,如此,DET,B2
这样的,such a,这样的,DET,B2
这边,this way,这边,ADV,B2
这里/到这里,here hither,这里/到这里,ADV,B2
这里外面,out here,这里外面,ADV,B2
进一步,further,进一步的,ADJ,B2
进入,to access,进入,VERB,B2
进入,to enter,进入,VERB,B2
进口,import,进口,NOUN,B2
进口,importation,进口,NOUN,B2
进来,in,进来,ADV,B2
进步人士,progressive,进步人士,NOUN,B2
进行中,on,进行中,ADV,B2
进行中的,ongoing,进行中的,ADJ,B2
远,far,远,ADV,B2
远征,expedition,探险,NOUN,B2
远程办公,remote work,远程办公,NOUN,B2
远程办公,to telework,远程办公,VERB,B2
远足,to hike,徒步旅行,VERB,B2
违反,to contravene,违反,VERB,B2
违抗,to defy,违抗,VERB,B2
违法者，不良分子,delinquent offender,违法者，不良分子,NOUN,B2
违禁品,contraband,违禁品,NOUN,B2
违禁的,illicit,违禁的,ADJ,B2
违约,breach of contract,违约,NOUN,B2
违约,default,违约,NOUN,B2
违背,breach,违背,VERB,B2
违背,to transgress,违背,VERB,B2
连带责任,joint liability,连带责任,NOUN,B2
连指手套,mitten,连指手套,NOUN,B2
连接,link,链接,NOUN,B2
连接,to link,连接,VERB,B2
连接的,connected,连接的,ADJ,B2
连接的,connecting,连接的,ADJ,B2
连接的,connective,连接的,ADJ,B2
连根拔起,uprooting,背井离乡,NOUN,B2
连环杀手,serial killer,连环杀手,NOUN,B2
连环画,comic strip,连环画,NOUN,B2
连祷文,litanies,连祷文,NOUN,B2
连续地,consecutively,连续地,ADV,B2
连续的,consecutive,连续的,ADJ,B2
连续的,continuous,连续的,ADJ,B2
迟到,to be delayed,迟到,VERB,B2
迪厅,disco,迪厅,NOUN,B2
迫害,persecution,迫害,NOUN,B2
迫害,to persecute,迫害,VERB,B2
迫近的,imminent,即将来临的,ADJ,B2
迷人的,captivating,迷人的,ADJ,B2
迷人的,charming,迷人的,ADJ,B2
迷人的,enchanting,迷人的,ADJ,B2
迷人的,fascinating,迷人的,ADJ,B2
迷住,to bewitch,迷住,VERB,B2
迷住,to captivate,迷住,VERB,B2
迷住,to enthrall,迷住,VERB,B2
迷住,to fascinate,使着迷,VERB,B2
迷信的,superstitious,迷信的,ADJ,B2
迷失方向,disorientation,迷失方向,NOUN,B2
迷恋,infatuation,迷恋,NOUN,B2
迷惑,to puzzle,使困惑,VERB,B2
迷路,astray,迷路,ADJ,B2
迷路,to get lost,迷路,VERB,B2
追求,to aspire,渴望,VERB,B2
追求/诉讼,pursuit lawsuit,追求/诉讼,NOUN,B2
追溯,to retrace,追溯,VERB,B2
追踪,to track,追踪,VERB,B2
退休,retirement,退休,NOUN,B2
退休人员,retiree,退休人员,NOUN,B2
退休的,retired,退休的,ADJ,B2
退位,to abdicate,退位,VERB,B2
退化,degeneration,退化,NOUN,B2
适合,to fit suit,适合,VERB,B2
适合的,fit,适合的,ADJ,B2
适应,adaptation,适应,NOUN,B2
适应环境,acclimatization,适应环境,NOUN,B2
适度,moderation,克制,NOUN,B2
适度的,moderate,适度的,ADJ,B2
适得其反,counterproductivity,适得其反,NOUN,B2
适得其反的,counterproductive,适得其反的,ADJ,B2
逃亡,desertion,逃亡,NOUN,B2
逃跑,to flee escape,逃跑,VERB,B2
逃跑,to run away,逃跑,VERB,B2
逃避,evasion,逃避,NOUN,B2
逃避,to elude,逃避,VERB,B2
选中的,selected,选中的,ADJ,B2
选举,election,选举,NOUN,B2
选举主义的,electoralist,选举主义的,ADJ,B2
选区,constituency,选区,NOUN,B2
选择性的,selective,选择的，挑选的,ADJ,B2
选民,electorate,选民,NOUN,B2
选民,voter,选民,NOUN,B2
选票,ballot,选票,NOUN,B2
选角,casting,选角,NOUN,B2
选项,option,选择,NOUN,B2
逍遥法外,impunity,逍遥法外,NOUN,B2
透支,overdraft,透支,NOUN,B2
逐出,to dislodge,逐出,VERB,B2
逐点的,pointwise,逐点的,ADJ,B2
逗号,comma,逗号,PUNCT,B2
通信,correspondence,通信,NOUN,B2
通勤,to commute,通勤,VERB,B2
通常,normally,通常地,ADV,B2
通常/习惯于,to use to usually,通常/习惯于,VERB,B2
通常的,usual,通常的,ADJ,B2
通用的,generic,通用的,ADJ,B2
通知,notification,通知,NOUN,B2
通行费,toll,通行费,NOUN,B2
通过,through,通过,ADP,B2
通量,flux,变迁,NOUN,B2
通风,ventilation,通风,NOUN,B2
造林,to afforest,造林,VERB,B2
逻辑的,logical,合乎逻辑的,ADJ,B2
逼迫,to pressurize,逼迫,VERB,B2
遏制,curbing,遏制,NOUN,B2
道堂,lodges,道堂,NOUN,B2
道德,moral,道德,NOUN,B2
道德,morals,道德,NOUN,B2
道德主义,moralism,道德主义,NOUN,B2
道德寓言,moral fable,道德寓言,NOUN,B2
道德的,moral,道德的,ADJ,B2
道歉,apology,道歉,NOUN,B2
道歉的,apologetic,道歉的,ADJ,B2
遗传,hereditary,遗传的,ADJ,B2
遗传学,genetics,遗传学,NOUN,B2
遗赠,to bequeath,遗赠,VERB,B2
遥控器,remote control,遥控器,NOUN,B2
遭遇,to encounter,遭遇,VERB,B2
避孕套,condom,避孕套,NOUN,B2
避开,away,避开,ADP,B2
避难所,sanctuary,避难所,NOUN,B2
那,the it,那,DET,B2
那,that,（引导从句）,SCONJ,B2
那/去,that to,那/去,PART,B2
那个,that,那个,DET,B2
那个,that yonder,那个,DET,B2
那个,that one,那个,PRON,B2
那个人,the one,那个人,PRON,B2
那个男人,the guy,那个男人,NOUN,B2
那个男人的,the guy's,那个男人的,NOUN,B2
那么多,so much,那么多,DET,B2
那些,those,那些,PRON,B2
那里,there,那里,ADV,B2
邪恶,villainy,邪恶,NOUN,B2
邪恶的,wicked,邪恶的,ADJ,B2
邪教,cult,邪教,NOUN,B2
邮件,mail,邮件,NOUN,B2
邮政编码,postal code,邮政编码,NOUN,B2
邮票,stamp,邮票,NOUN,B2
邮资,postage,邮资,NOUN,B2
邻居,neighbour,邻居,NOUN,B2
邻近的,neighboring,邻近的,ADJ,B2
邻里,neighborhood,社区,NOUN,B2
郊游,excursion,郊游,NOUN,B2
部,ministry,部,NOUN,B2
部分地,partially,部分地,ADV,B2
部分的,partial,部分的,ADJ,B2
部署,deployment,部署,NOUN,B2
部落,tribe,部落,NOUN,B2
部长的,ministerial,部长的,ADJ,B2
部门,sector,部门,NOUN,B2
都市化,urbanity,都市风度,NOUN,B2
酋长,chieftain,酋长,NOUN,B2
配偶,spouse,配偶,NOUN,B2
配合,to play along,配合,VERB,B2
配备,endowment,配备,NOUN,B2
配方,formulation,配方,NOUN,B2
配方,recipe,食谱,NOUN,B2
配音,dubbing,配音,NOUN,B2
配额分享,quota sharing,配额分享,NOUN,B2
酒吧,pub,酒吧,NOUN,B2
酒精的,alcoholic,酒精的,ADJ,B2
酥油,clarified butter,酥油,NOUN,B2
酪乳,buttermilk,酪乳,NOUN,B2
酬金,gratuity,酬金,NOUN,B2
酱汁,sauce,酱汁,NOUN,B2
酵母,yeast,酵母,NOUN,B2
酸,acid,酸,NOUN,B2
酸奶,yogurt,酸奶,NOUN,B2
酸性,acidity,酸度,NOUN,B2
酿酒厂,brewery,啤酒厂,NOUN,B2
醉酒,drunkenness,醉酒,NOUN,B2
醋栗,currant,醋栗,NOUN,B2
醒,awake,醒着的,ADJ,B2
醒来,to wake,唤醒,VERB,B2
采摘,picking,采摘,NOUN,B2
采购,to procure,获取,VERB,B2
释放,free,免费的,ADJ,B2
释放,to free,释放,VERB,B2
释放,to unleash,释放,VERB,B2
释经,exegesis,注释,NOUN,B2
里程碑,milestone,里程碑,NOUN,B2
里面,inside,里面,ADP,B2
重力,gravity,重力,NOUN,B2
重叠的,overlapping,重叠的,ADJ,B2
重启,to relaunch,重启,VERB,B2
重复的,repeated,反复的,ADJ,B2
重建,to recreate,重建,VERB,B2
重新估值,to revalue,重新估值,VERB,B2
重新安置,resettlement,重新安置,NOUN,B2
重新开始,to start again,重新开始,VERB,B2
重新开放,to reopen,重新开放,VERB,B2
重新粉刷,to paint over,重新粉刷,VERB,B2
重新绘制,redrawing,重新绘制,NOUN,B2
重新统一,reunification,重新统一,NOUN,B2
重新考虑,to reconsider,重新考虑,VERB,B2
重新表述,reformulation,重新表述,NOUN,B2
重新造林,reforestation,重新造林,NOUN,B2
重罪,felony,重罪,NOUN,B2
重要性,importance,重要性,NOUN,B2
重要的,significant,重要的,ADJ,B2
重见,to see again,再见,VERB,B2
重译,retranslation,重译,NOUN,B2
野兔,hare,野兔,NOUN,B2
野兽,beast,野兽,NOUN,B2
野兽派,fauvism,野兽派,NOUN,B2
野生,wild,野生的,ADJ,B2
量角器,protractor,量角器,NOUN,B2
金发的,fair-haired,金发的,ADJ,B2
金字塔,pyramid,金字塔,NOUN,B2
金属的,metallic,金属的,ADJ,B2
金库,vault,金库,NOUN,B2
金枪鱼,tuna,金枪鱼,NOUN,B2
金色的,golden,金色的,ADJ,B2
金融,finance,金融,NOUN,B2
金融的,financial,财务的,ADJ,B2
金酒,gin,金酒,NOUN,B2
鉴于,in view of,鉴于,ADP,B2
鉴赏家,connoisseur,行家,NOUN,B2
针叶,pine needle,针叶,NOUN,B2
针叶树,conifer,针叶树,NOUN,B2
钉,to nail,钉,VERB,B2
钉住,to pin,别住,VERB,B2
钉子,nail,指甲,NOUN,B2
钓竿,fishing rod,钓竿,NOUN,B2
钝的,dull,枯燥的,ADJ,B2
钟表,clock watch,钟表,NOUN,B2
钢笔,pen,钢笔,NOUN,B2
钱包,wallet,钱包,NOUN,B2
钱币学的,numismatic,钱币学的,ADJ,B2
铁匠,blacksmith,铁匠,NOUN,B2
铁的,iron,铁的,ADJ,B2
铁路的,railway,铁路的,ADJ,B2
铃声,ringing,铃声,NOUN,B2
铲子,shovel,铲子,NOUN,B2
铲子,spade,铲子,NOUN,B2
银河的,galactic,银河的,ADJ,B2
银色的,silver,银色,ADJ,B2
银行卡,bank card,银行卡,NOUN,B2
铸造厂,foundry,铸造厂,NOUN,B2
铸造的,cast,铸造的,ADJ,B2
铺沥青,to asphalt,铺沥青,VERB,B2
铺砖,tiling,铺瓷砖,NOUN,B2
链条,chain,链条,NOUN,B2
锁,to lock,锁上,VERB,B2
锁子甲,chain mail,锁子甲,NOUN,B2
锁定的,locked,锁定的,ADJ,B2
锅,cooking pot,炖锅,NOUN,B2
锈,rust,铁锈,NOUN,B2
锉屑,filings,锉屑,NOUN,B2
错综复杂的,byzantine,错综复杂的,ADJ,B2
错综复杂的,intricate,错综复杂的,ADJ,B2
错误,wrong,错误的,ADJ,B2
错误,error,错误,NOUN,B2
错误的,mistaken,错误的,ADJ,B2
错误的事,wrong,错误的事,NOUN,B2
错过,to missed,错过,VERB,B2
锚,anchor,锚,NOUN,B2
锤子,hammer,锤子,NOUN,B2
锦标赛,championship,锦标赛,NOUN,B2
锯,saw,锯子,NOUN,B2
镀的,plated,镀层的,ADJ,B2
镀金,to gild,镀金,VERB,B2
镁,magnesium,镁,NOUN,B2
镇压,repression,镇压,NOUN,B2
镇静剂,sedative,镇静剂,NOUN,B2
镐；锄,pickaxe,镐；锄,NOUN,B2
镣铐,shackle,镣铐,NOUN,B2
镶满宝石的,bejeweled,镶满宝石的,ADJ,B2
镶边,edging,镶边,NOUN,B2
长凳,bench,长凳,NOUN,B2
长大的,grown,长大的,ADJ,B2
长期的,perennial,长期的,ADJ,B2
长篇抨击,tirade,长篇抨击,NOUN,B2
长袍,robe,长袍,NOUN,B2
长袍,tunic,束腰外衣,NOUN,B2
长颈鹿,giraffe,长颈鹿,NOUN,B2
门槛,threshold,门槛,NOUN,B2
门票,entrance ticket,门票,NOUN,B2
闪烁,to flash,闪烁,VERB,B2
闪耀,to sparkle,闪耀,VERB,B2
闭眼,to close eyes,闭眼,VERB,B2
问责,accountability,问责制,NOUN,B2
问责,to hold accountable,问责,VERB,B2
问题,issue,问题,NOUN,B2
问题,problem,问题,NOUN,B2
闯入者,intruder,入侵者,NOUN,B2
闲聊,to chatter,喋喋不休,VERB,B2
闲聊,to gossip,闲聊,VERB,B2
闲话,gossip,八卦,NOUN,B2
闲逛,to dawdle,闲逛,VERB,B2
间接地,indirectly,间接地,ADV,B2
间歇的,intermittent,间歇的,ADJ,B2
闹剧,farce,闹剧,NOUN,B2
阐明,to elucidate,阐明,VERB,B2
阐明,to enunciate,阐明,VERB,B2
队伍,procession,行列,NOUN,B2
队列,cohort,队列,NOUN,B2
队列,queue,队列,NOUN,B2
队列的,cohort-based,队列的,ADJ,B2
防御的,defensive,防御的,ADJ,B2
阴凉的,shady,阴凉的,ADJ,B2
阴影,shading,阴影,NOUN,B2
阴影,shadows,阴影,NOUN,B2
阴暗,gloominess,忧郁,NOUN,B2
阴暗的,gloomy,阴郁的,ADJ,B2
阴沉的,gruff,阴沉的,ADJ,B2
阴谋,conspiracy,阴谋,NOUN,B2
阴谋的,conspiratorial,阴谋的,ADJ,B2
阴险的,treacherous,背叛的,ADJ,B2
阵容,line-up,阵容,NOUN,B2
阵雨,rain shower,阵雨,NOUN,B2
阵风,gust,阵风,NOUN,B2
阶层,stratum,阶层,NOUN,B2
阶段,phase,阶段,NOUN,B2
阶级斗争,class struggle,阶级斗争,NOUN,B2
阻挠,to thwart,阻挠,VERB,B2
阿尔法,alpha,阿尔法,NOUN,B2
阿尔茨海默病,alzheimer's disease,阿尔茨海默病,NOUN,B2
阿拉伯化,arabization,阿拉伯化,NOUN,B2
阿拉伯的,arabic,阿拉伯的,ADJ,B2
阿谀奉承,fawning flattery,阿谀奉承,NOUN,B2
阿马齐格人,amazigh,阿马齐格人,NOUN,B2
附上,to attach,附加,VERB,B2
附加费,surcharge,附加费,NOUN,B2
附属建筑,annex,附属建筑,NOUN,B2
附录,appendix,附录,NOUN,B2
附近,vicinity,附近,NOUN,B2
附近的,nearby,附近的,ADJ,B2
陆地的,land,陆地的,ADJ,B2
陆地的,terrestrial,地球的,ADJ,B2
陈腐的,trite,陈腐的,ADJ,B2
陌生人,stranger,陌生人,NOUN,B2
降价,get cheaper,降价,VERB,B2
降低,to lower,降低,VERB,B2
降级,degradation,降级,NOUN,B2
降职,demotion,降职,NOUN,B2
限制,restriction,限制,NOUN,B2
限制,to confine,限制,VERB,B2
陡峭的,steep,陡峭的,ADJ,B2
院子,yard,院子,NOUN,B2
院长,dean,院长,NOUN,B2
除了,apart from,除了,ADP,B2
除了,except for,除了,ADP,B2
除霜,to defrost,除霜,VERB,B2
陪审员,juror,陪审员,NOUN,B2
陪审团,jury,陪审团,NOUN,B2
陶瓷,ceramics,陶瓷,NOUN,B2
陷入,to get into,陷入,VERB,B2
随即,thereupon,随后,ADV,B2
随后的,subsequent,随后的,ADJ,B2
随机的,random,随机的,ADJ,B2
隐喻的,metaphorical,隐喻的,ADJ,B2
隐士,hermit,隐士,NOUN,B2
隐晦的,veiled,隐晦的,ADJ,B2
隐瞒,to keep secret,隐瞒,VERB,B2
隐秘意图,hidden intentions,隐秘意图,NOUN,B2
隐藏,hidden,隐藏的,ADJ,B2
隔离,isolation,隔绝,NOUN,B2
隔离,to segregate,隔离,VERB,B2
隔离,to sequester,隔离,VERB,B2
隔离，分离,segregation,隔离，分离,NOUN,B2
隔间,compartment,隔间,NOUN,B2
隔音差的,thin-walled,隔音差的,ADJ,B2
障碍,impediment,障碍,NOUN,B2
难以捉摸的,elusive,难以捉摸的,ADJ,B2
难以置信的,incredible,难以置信的,ADJ,B2
难忘的,memorable,难忘的,ADJ,B2
难民,refugee,难民,NOUN,B2
雄辩,eloquent,雄辩的,ADJ,B2
雄辩,eloquence,口才,NOUN,B2
雄鹿,buck,美元,NOUN,B2
集中,to centralize,集中,VERB,B2
集中化,centralization,集中化,NOUN,B2
集会,assembly,集会,NOUN,B2
集会自由,freedom of assembly,集会自由,NOUN,B2
集体劳动协议,collective labor agreement,集体劳动协议,NOUN,B2
集合,set,一套,NOUN,B2
集合,to assemble,集合,VERB,B2
集团,bloc,阵营,NOUN,B2
集市,bazaar,集市,NOUN,B2
雇佣兵,mercenary,雇佣兵,NOUN,B2
雇佣劳动,wage labor,雇佣劳动,NOUN,B2
雇用,hiring,招聘,NOUN,B2
雇用,to hire,雇佣,VERB,B2
雌鹿,doe,雌鹿,NOUN,B2
雕像,statue,雕像,NOUN,B2
雕刻,to carve,雕刻,VERB,B2
雕刻,to engrave,雕刻,VERB,B2
雕塑家,sculptor,雕塑家,NOUN,B2
雨,rain,雨,NOUN,B2
雨云,rain clouds,雨云,NOUN,B2
雨衣,raincoat,雨衣,NOUN,B2
雪茄,cigar,雪茄,NOUN,B2
零,zero,零,NOUN,B2
零售商,retailer,零售商,NOUN,B2
零碎的,fragmentary,零碎的,ADJ,B2
雷阵雨,thunderstorm,雷阵雨,NOUN,B2
需要,to be required,被要求,VERB,B2
震惊,astonishment,惊讶,NOUN,B2
震惊,shock,震惊,NOUN,B2
震惊,to astonish,使惊讶,VERB,B2
震惊的,shocked,震惊的,ADJ,B2
霜,frost,霜,NOUN,B2
露台,terrace,露台,NOUN,B2
露营,to camp,露营,VERB,B2
露营地,campsite,露营地,NOUN,B2
霸权,hegemony,霸权,NOUN,B2
霸权,supremacy,霸权,NOUN,B2
青少年的,juvenile,青少年的,ADJ,B2
青春期,puberty,青春期,NOUN,B2
青蛙,frog,青蛙,NOUN,B2
青铜,bronze,青铜,NOUN,B2
静止的,motionless,静止的,ADJ,B2
非军事化,to demilitarize,非军事化,VERB,B2
非凡的,phenomenal,非凡的,ADJ,B2
非凡的,remarkable,非凡的,ADJ,B2
非常,mighty very,非常,ADJ,B2
非正式地,unofficially,非正式地,ADV,B2
非法侵入,break-in,非法侵入,NOUN,B2
非法的,unlawful,非法的,ADJ,B2
非理性的,irrational,非理性的,ADJ,B2
非营利的,nonprofit,非营利的,ADJ,B2
靠近,to bring closer,靠近,VERB,B2
面具,mask,面具,NOUN,B2
面包,loaf,一条面包,NOUN,B2
面包师,baker,面包师,NOUN,B2
面团,dough,面团,NOUN,B2
面条,noodle,面条,NOUN,B2
面粉,flour,面粉,NOUN,B2
面纱,veil,面纱,NOUN,B2
面试,interview,面试,NOUN,B2
面貌,facies,面貌,NOUN,B2
革命化,to revolutionize,革命化,VERB,B2
革新主义,renewalism,革新主义,NOUN,B2
鞋,shoes,鞋子,NOUN,B2
鞣制,tanning,晒黑,NOUN,B2
鞣革工,tanner,制革工,NOUN,B2
鞭打,to flog,鞭打,VERB,B2
鞭打,to whip,鞭打,VERB,B2
鞭笞,to excoriate,严厉批评,VERB,B2
音乐学院,conservatory,音乐学院,NOUN,B2
音乐家,musician,音乐家,NOUN,B2
音乐的,musical,موسيقي,ADJ,B2
音系学,phonology,音系学,NOUN,B2
音节,syllable,音节,NOUN,B2
韵律学,prosody,韵律学,NOUN,B2
顶点,apex,顶点,NOUN,B2
顶点,zenith,顶点,NOUN,B2
顶部/极好,top great,顶部/极好,NOUN,B2
顶部的,top,顶部的,ADJ,B2
顶针,thimble,顶针,NOUN,B2
顺便,by the way,顺便说一下,ADV,B2
顺便,incidentally,顺便地,ADV,B2
顺序的,sequential,顺序的,ADJ,B2
顽固,obstinacy,顽固,NOUN,B2
顽皮,playfulness,顽皮,NOUN,B2
顾忌,scruple,顾虑,NOUN,B2
颁布教令,issue a fatwa,颁布教令,VERB,B2
颂扬,glorification,赞美,NOUN,B2
颂扬,to exalt,颂扬,VERB,B2
颂歌,anthem song,颂歌,NOUN,B2
预付款,advance payment,预付款,NOUN,B2
预兆,to forebode,预兆,VERB,B2
预后,prognosis,预后,NOUN,B2
预定的,intended,预定的,ADJ,B2
预感,inkling,预感,NOUN,B2
预感,premonition,预感,NOUN,B2
预留,to reserve,预订,VERB,B2
预科,preparatory,预科,NOUN,B2
预算的,budgetary,预算的,ADJ,B2
预约,appointment,预约,NOUN,B2
预言,prophecy,预言,NOUN,B2
预言,to augur,预言,VERB,B2
预订,reservation,预订,NOUN,B2
预谋,premeditation,预谋,NOUN,B2
预防,prevention,预防,NOUN,B2
预防,prophylaxis,预防,NOUN,B2
领事,consul,领事,NOUN,B2
领事的,consular,领事的,ADJ,B2
领事馆,consulate,领事馆,NOUN,B2
领先的,leading,领先的,ADJ,B2
领土的,territorial,领土的,ADJ,B2
领域,domain,领域,NOUN,B2
领带,tie,领带,NOUN,B2
频率,frequency,频率,NOUN,B2
频率的,frequency,频率的,ADJ,B2
题词,epigraph,题词,NOUN,B2
颜色,colour,颜色,NOUN,B2
额外,additional,额外的,ADJ,B2
额外的,extra,额外的,ADJ,B2
额头,forehead,前额,NOUN,B2
颤抖,to quiver,颤抖,VERB,B2
颤抖的,quivering,颤抖的,ADJ,B2
颤抖的,trembling,颤抖的,ADJ,B2
颤抖的,tremulous,颤抖的,ADJ,B2
风,wind,风,NOUN,B2
风景,landscape,风景,NOUN,B2
风笛手,bagpiper,风笛手,NOUN,B2
风筝,kite,风筝,NOUN,B2
风趣,wittiness,风趣,NOUN,B2
飘动,to flutter,飘动,VERB,B2
飘渺的,ethereal,飘渺的,ADJ,B2
飞机场,airfield,飞机场,NOUN,B2
飞船,spaceship,宇宙飞船,NOUN,B2
飞行员,pilot,飞行员,NOUN,B2
食品加工的,food-processing,食品加工的,ADJ,B2
食品的,food,食品的,ADJ,B2
食堂,canteen,食堂,NOUN,B2
食欲,appetite,食欲,NOUN,B2
食物/生育,to food give birth,食物/生育,VERB,B2
食言,to renege,食言,VERB,B2
饥荒,famine,饥荒,NOUN,B2
饥饿的,starved,饥饿的,ADJ,B2
饮用水,drinking water,饮用水,NOUN,B2
饮食,diet,饮食,NOUN,B2
饲料,fodder,饲料,NOUN,B2
饼干,cookie,饼干,NOUN,B2
首先,firstly,首先,ADV,B2
首席执行官,ceo,首席执行官,NOUN,B2
首映,premiere,首演,NOUN,B2
首次亮相,to debut,首次亮相,VERB,B2
首相,prime minister,总理,NOUN,B2
首要的,prime,首要的,ADJ,B2
首语重复修辞,anaphora,首语重复修辞,NOUN,B2
香味,fragrance,香味,NOUN,B2
香料,spice,香料,NOUN,B2
香槟,champagne,香槟,NOUN,B2
香水,perfume,香水,NOUN,B2
香烟,cigarette,香烟,NOUN,B2
香肠,sausage,香肠,NOUN,B2
香脂,balm,香脂,NOUN,B2
香脂,balsam,香脂,NOUN,B2
马勒,bridle,马勒,NOUN,B2
马厩,stable,畜舍,NOUN,B2
马尔默,malmo,马尔默,PROPN,B2
马赛克,mosaic,马赛克,NOUN,B2
马赫曾,makhzen,马赫曾,NOUN,B2
马驹,foal,马驹,NOUN,B2
驯化,domestication,驯化,NOUN,B2
驯服,to tame,驯服,VERB,B2
驱逐,eviction,驱逐,NOUN,B2
驱逐,expulsion,驱逐,NOUN,B2
驱逐,to evict,驱逐,VERB,B2
驱逐出境,deportation,驱逐出境,NOUN,B2
驱逐出境,to deport,驱逐出境,VERB,B2
驱魔,to exorcise,驱魔,VERB,B2
驳击诗,flyting poems,驳击诗,NOUN,B2
驳船,barge,驳船,NOUN,B2
驴,ass,驴,NOUN,B2
驴,donkey,驴,NOUN,B2
驼鹿,moose,驼鹿,NOUN,B2
驾驶,to steer,引导,VERB,B2
骄傲,pride,骄傲,NOUN,B2
骄傲的,side,骄傲的,ADJ,B2
骆驼,camel,骆驼,NOUN,B2
验血,blood test,验血,NOUN,B2
验证,to authenticate,认证,VERB,B2
验证,to validate,验证,VERB,B2
骑士,knight,骑士,NOUN,B2
骑手,rider,骑手,NOUN,B2
骑自行车的人,cyclist,骑自行车的人,NOUN,B2
骗子,con artist,骗子,NOUN,B2
骗子,crook,骗子,NOUN,B2
骗子,swindler,骗子,NOUN,B2
骗局,scam,骗局,NOUN,B2
骗局,sham,假冒,NOUN,B2
骚动,uproar,骚动,NOUN,B2
骚扰,harassment,骚扰,NOUN,B2
骚扰,to harass,骚扰,VERB,B2
骤雨,squall,骤雨,NOUN,B2
骨架,carcass,骨架,NOUN,B2
骨骼,skeleton,骨架,NOUN,B2
骨髓,marrow,骨髓,NOUN,B2
骰子,dice,骰子,NOUN,B2
骰子,die,骰子,NOUN,B2
髓质的,pulpy,髓质的,ADJ,B2
高,high,高的,ADJ,B2
高中,high school,高中,NOUN,B2
高兴,to rejoice,欢欣,VERB,B2
高兴的,delighted,高兴的,ADJ,B2
高兴的,glad,高兴的,ADJ,B2
高官,dignitary,高官,NOUN,B2
高尚,loftiness,高尚,NOUN,B2
高山的,alpine,高山的,ADJ,B2
高的,high tall,高的,ADJ,B2
高等专业教育,higher professional education,高等专业教育,NOUN,B2
高级的,advanced,高级的,ADJ,B2
高耸的,towering,高耸的,ADJ,B2
高贵,highness,殿下,NOUN,B2
高贵的,noble,高尚的,ADJ,B2
鬣狗,hyena,鬣狗,NOUN,B2
魅力,charisma,个人魅力,NOUN,B2
魅力,fascination,魅力,NOUN,B2
魔术师,magician,魔术师,NOUN,B2
魔法地,magically,魔法地,ADV,B2
魔法的,magical,魔法的,ADJ,B2
魔鬼,devil,魔鬼,NOUN,B2
鲁特琴,lute,鲁特琴,NOUN,B2
鲁莽,temerity,鲁莽,NOUN,B2
鲑鱼,salmon,三文鱼,NOUN,B2
鲨鱼,shark,鲨鱼,NOUN,B2
鲸鱼,whale,鲸鱼,NOUN,B2
鸣笛,to honk,按喇叭,VERB,B2
鸭子,duck,鸭子,NOUN,B2
鹅,goose,鹅,NOUN,B2
鹤,crane,起重机,NOUN,B2
鹦鹉,parrot,鹦鹉,NOUN,B2
鹳,stork,鹳,NOUN,B2
鹿,deer,鹿,NOUN,B2
麻木的,insensitive,麻木的,ADJ,B2
麻木的,numb,麻木的,ADJ,B2
麻烦,hassle,麻烦,NOUN,B2
麻袋,sack,麻袋,NOUN,B2
麻醉,anesthesia,麻醉,NOUN,B2
麻醉,to anesthetize,麻醉,VERB,B2
麻雀,sparrow,麻雀,NOUN,B2
黄昏,twilight,暮光,NOUN,B2
黄油,butter,黄油,NOUN,B2
黄疸,jaundice,黄疸,NOUN,B2
黏土,clay,黏土,NOUN,B2
黑客行为,hacking,黑客行为,NOUN,B2
黑市,black market,黑市,NOUN,B2
黑帮成员,gangster,黑帮成员,NOUN,B2
黑手党,mafia,黑手党,NOUN,B2
黑色,black,黑色,NOUN,B2
默许,to acquiesce,默许,VERB,B2
鼓动,to agitate,鼓动,VERB,B2
鼓掌,to clap,拍手,VERB,B2
鼓舞人心的,inspiring,鼓舞人心的,ADJ,B2
鼠标,computer mouse,鼠标,NOUN,B2
鼻涕,snot,鼻涕,NOUN,B2
齿轮,gear,齿轮,NOUN,B2
龙虾,lobster,龙虾,NOUN,B2
